Chromophore,Solvent,Absorption max (nm),log(e/mol-1 dm3 cm-1)
C[Si](C)(C)c1cccc2ccccc12,C1CCCCC1,298.17315626179584,3.7983479417529744
C[SiH](C)c1cccc2ccccc12,C1CCCCC1,295.13760797222704,3.804180411431035
CC(C)(C)[Si](C)(C)c1cccc2ccccc12,C1CCCCC1,302.90543639533587,3.8701608871417306
CCCCCCCC[Si](C)(C)c1cccc2ccccc12,C1CCCCC1,307.45909789128433,3.8362809512632907
C[Si](C)(C)c1ccc(C#N)c2ccccc12,C1CCCCC1,320.7262329534932,3.8094399857803105
CCC12C(=C3C(=C4c5ccc(-c6ccc(C)s6)cc5S(=O)(=O)C41CC)C(F)(F)C(F)(F)C3(F)F)c1ccc(-c3ccc(C)s3)cc1S2(=O)=O,CCCCCC,475.2613814512703,4.584787949339961
CCC12C(=C3C(=C4c5ccc(-c6ccc(C)s6)cc5S(=O)(=O)C41CC)C(F)(F)C(F)(F)C3(F)F)c1ccc(-c3ccc(C)s3)cc1S2(=O)=O,C1COCCO1,469.1133968419126,4.616502027297664
CCC12C(=C3C(=C4c5ccc(-c6ccc(C)s6)cc5S(=O)(=O)C41CC)C(F)(F)C(F)(F)C3(F)F)c1ccc(-c3ccc(C)s3)cc1S2(=O)=O,CCO,481.2029378082467,4.571874448496859
CCC12C(=C3C(=C4c5ccc(-c6ccc(C)s6)cc5S(=O)(=O)C41CC)C(F)(F)C(F)(F)C3(F)F)c1ccc(-c3ccc(C)s3)cc1S2(=O)=O,CC#N,471.1843664011204,4.585157200690718
ClP1(Cl)=NP(Cl)(Cl)=NP(Cl)(Oc2ccc3ccc4cccc5ccc2c3c45)=N1,ClCCl,354.6946143784652,4.515300498576417
ClP1(Cl)=N[P@](Cl)(Oc2ccc3ccc4cccc5ccc2c3c45)=N[P@@](Cl)(Oc2ccc3ccc4cccc5ccc2c3c45)=N1,ClCCl,353.5751896636321,4.758024237164887
COc1ccccc1-c1nc(-c2ccccc2)c2ccccn12,CC#N,354.1220575597398,4.026904552781234
C(=C/c1nc(-c2ccccc2)c2ccccn12)\c1nc(-c2ccccc2)c2ccccn12,CC#N,385.48893891152323,4.245082612007038
CCCCCCCCCCCCN1C(=O)c2cccc3c(N(Cc4ccccn4)Cc4ccccn4)c4ccccc4c(c23)C1=O,CCO,458.15158766246157,4.021333511566435
CCCCCCCCCCCCN1C(=O)c2cccc3c(N(Cc4ccccn4)Cc4ccccn4)c4ccccc4c(c23)C1=O,CCCCCC,437.22839319598336,3.970829782185917
CCCCCCCCCCCCN1C(=O)c2cccc3c(N(Cc4ccccn4)Cc4ccccn4)c4ccccc4c(c23)C1=O,Cc1ccccc1,457.9298639039786,4.05901559261898
CCCCCCCCCCCCN1C(=O)c2cccc3c(N(Cc4ccccn4)Cc4ccccn4)c4ccccc4c(c23)C1=O,ClCCl,462.9499425777105,4.091045094845053
CCCCCCCCCCCCN1C(=O)c2cccc3c(N(Cc4ccccn4)Cc4ccccn4)c4ccccc4c(c23)C1=O,C1CCOC1,460.7673685284929,4.03570647485385
c1ccc2[nH]ccc2c1,O,275.9838536324332,3.8110905474454455
N#Cc1ccc2cc[nH]c2c1,O,294.4964122193511,3.753059881752159
N#Cc1c[nH]c2ccccc12,C1COCCO1,322.1882422944006,4.027150874184967
N#Cc1ccc2cc[nH]c2c1,C1COCCO1,295.64561170147044,3.991065906139712
N#Cc1c[nH]c2ccccc12,CC#N,322.96710998706055,4.016579467345758
N#Cc1ccc2cc[nH]c2c1,CC#N,295.8742606161858,3.8698148102309817
CCOC(=O)CN1C(=O)C2=C(c3ccc(N4CCCCC4)cc3)N(CC(=O)OCC)C(=O)C2=C1c1ccccc1,CS(C)=O,530.0249538637717,4.578317975868739
CCOC(=O)CN1C(=O)C2=C(c3ccc(N4CCCCC4)cc3)N(CC(=O)OCC)C(=O)C2=C1c1ccccc1,CC#N,513.9301934018364,4.571307300874702
CCOC(=O)CN1C(=O)C2=C(c3ccc(N4CCCCC4)cc3)N(CC(=O)OCC)C(=O)C2=C1c1ccccc1,Cc1ccccc1,519.4845607540232,4.581701445023403
FC(F)(F)C(F)(F)C(F)(F)C(F)(F)C(F)(F)C(F)(F)C(F)(F)C(F)(F)CCOc1nnc(Cl)nn1,ClCCl,512.9471866780507,2.921687217646048
C=CCOc1nnc(OCCC(F)(F)C(F)(F)C(F)(F)C(F)(F)C(F)(F)C(F)(F)F)nn1,ClCCl,513.0293363606639,2.8487996300824348
CCCCCCN1C(=O)c2cccc3c(-c4ccc(C)s4)ccc(c23)C1=O,ClC(Cl)Cl,379.412312384577,4.204860025930831
COc1ccc2cc(-c3cccc(-c4cc5ccc(OC)cc5oc4=O)c3)c(=O)oc2c1,ClC(Cl)Cl,350.2524803981752,4.641010184323631
O=c1oc2ccccc2cc1-c1ccc(-c2cc3ccccc3oc2=O)cc1,ClC(Cl)Cl,348.02975886711124,4.615099512949344
COc1ccc2cc(-c3ccccc3CC#N)c(=O)oc2c1,ClC(Cl)Cl,331.96316750547817,4.414913337882476
COc1cc(OC)c2cc(-c3ccccc3CC#N)c(=O)oc2c1,ClC(Cl)Cl,337.8831982238229,4.389708129371206
CC1(C)c2ccccc2-c2ccc(N3c4ccc(-c5ccc(/C=C6\C(=O)c7ccc(C(=O)O)cc7C6=O)s5)cc4C4CCCC43)cc21,ClC(Cl)Cl,579.7681886351714,4.6536956896246675
c1cc2c3c(cccc3c1)C(N1CCOCCNCCOCCOCC1)=N2,CC#N,412.5827706363915,3.783487746110994
CS(=O)(=O)Nc1ccc(-c2c3nc(c(-c4ccc(NS(C)(=O)=O)cc4)c4ccc([nH]4)c(-c4ccc(NS(C)(=O)=O)cc4)c4nc(c(-c5ccc(NS(C)(=O)=O)cc5)c5ccc2[nH]5)C=C4)C=C3)cc1,CN(C)C=O,655.1936723216264,3.7173531419735077
CCCCCCCCCCCCCCCCN(CCCCCCCCCCCCCCCC)c1ccc(/C=C/c2cc[n+](Cc3cc(C[n+]4ccc(/C=C/c5ccc(N(CCCCCCCCCCCCCCCC)CCCCCCCCCCCCCCCC)cc5)cc4)cc(C[n+]4ccc(/C=C/c5ccc(N(CCCCCCCCCCCCCCCC)CCCCCCCCCCCCCCCC)cc5)cc4)c3)cc2)cc1,CO,450.3186270160589,4.535813676996849
CCCCCCCCCCCCCCCCN(CCCCCCCCCCCCCCCC)c1ccc(/C=C/c2cc[n+](Cc3cc(C[n+]4ccc(/C=C/c5ccc(N(CCCCCCCCCCCCCCCC)CCCCCCCCCCCCCCCC)cc5)cc4)cc(C[n+]4ccc(/C=C/c5ccc(N(CCCCCCCCCCCCCCCC)CCCCCCCCCCCCCCCC)cc5)cc4)c3)cc2)cc1,CCO,458.72705672655366,4.5588288194821684
CCCCCCCCCCCCCCCCN(CCCCCCCCCCCCCCCC)c1ccc(/C=C/c2cc[n+](Cc3cc(C[n+]4ccc(/C=C/c5ccc(N(CCCCCCCCCCCCCCCC)CCCCCCCCCCCCCCCC)cc5)cc4)cc(C[n+]4ccc(/C=C/c5ccc(N(CCCCCCCCCCCCCCCC)CCCCCCCCCCCCCCCC)cc5)cc4)c3)cc2)cc1,CCCO,459.8899103232723,4.616144934536607
CCCCCCCCCCCCCCCCN(CCCCCCCCCCCCCCCC)c1ccc(/C=C/c2cc[n+](Cc3cc(C[n+]4ccc(/C=C/c5ccc(N(CCCCCCCCCCCCCCCC)CCCCCCCCCCCCCCCC)cc5)cc4)cc(C[n+]4ccc(/C=C/c5ccc(N(CCCCCCCCCCCCCCCC)CCCCCCCCCCCCCCCC)cc5)cc4)c3)cc2)cc1,CCCCO,459.2894565929643,4.617442751052065
CCCCCCCCCCCCCCCCN(CCCCCCCCCCCCCCCC)c1ccc(/C=C/c2cc[n+](Cc3cc(C[n+]4ccc(/C=C/c5ccc(N(CCCCCCCCCCCCCCCC)CCCCCCCCCCCCCCCC)cc5)cc4)cc(C[n+]4ccc(/C=C/c5ccc(N(CCCCCCCCCCCCCCCC)CCCCCCCCCCCCCCCC)cc5)cc4)c3)cc2)cc1,CC(C)O,458.33495939966485,4.616124570672353
CCCCCCCCCCCCCCCCN(CCCCCCCCCCCCCCCC)c1ccc(/C=C/c2cc[n+](Cc3cc(C[n+]4ccc(/C=C/c5ccc(N(CCCCCCCCCCCCCCCC)CCCCCCCCCCCCCCCC)cc5)cc4)cc(C[n+]4ccc(/C=C/c5ccc(N(CCCCCCCCCCCCCCCC)CCCCCCCCCCCCCCCC)cc5)cc4)c3)cc2)cc1,CCCCCCCCO,455.819951868035,4.575452900494074
CCCCCCCCCCCCCCCCN(CCCCCCCCCCCCCCCC)c1ccc(/C=C/c2cc[n+](Cc3cc(C[n+]4ccc(/C=C/c5ccc(N(CCCCCCCCCCCCCCCC)CCCCCCCCCCCCCCCC)cc5)cc4)cc(C[n+]4ccc(/C=C/c5ccc(N(CCCCCCCCCCCCCCCC)CCCCCCCCCCCCCCCC)cc5)cc4)c3)cc2)cc1,CS(C)=O,459.46760691125667,4.545160265749634
CCCCCCCCCCCCCCCCN(CCCCCCCCCCCCCCCC)c1ccc(/C=C/c2cc[n+](Cc3cc(C[n+]4ccc(/C=C/c5ccc(N(CCCCCCCCCCCCCCCC)CCCCCCCCCCCCCCCC)cc5)cc4)cc(C[n+]4ccc(/C=C/c5ccc(N(CCCCCCCCCCCCCCCC)CCCCCCCCCCCCCCCC)cc5)cc4)c3)cc2)cc1,ClCCl,459.68317164261754,4.563226529996669
CCCCCCCCCCCCCCCCN(CCCCCCCCCCCCCCCC)c1ccc(/C=C/c2cc[n+](Cc3cc(C[n+]4ccc(/C=C/c5ccc(N(CCCCCCCCCCCCCCCC)CCCCCCCCCCCCCCCC)cc5)cc4)cc(C[n+]4ccc(/C=C/c5ccc(N(CCCCCCCCCCCCCCCC)CCCCCCCCCCCCCCCC)cc5)cc4)c3)cc2)cc1,ClC(Cl)Cl,467.4413561000124,4.787777088506978
CCCCCCCCCCCCCCCCN(CCCCCCCCCCCCCCCC)c1ccc(/C=C/c2cc[n+](Cc3cc(C[n+]4ccc(/C=C/c5ccc(N(CCCCCCCCCCCCCCCC)CCCCCCCCCCCCCCCC)cc5)cc4)cc(C[n+]4ccc(/C=C/c5ccc(N(CCCCCCCCCCCCCCCC)CCCCCCCCCCCCCCCC)cc5)cc4)c3)cc2)cc1,C1COCCO1,460.3779731794618,4.564580699975538
CCCCCCCCCCCCCCCCN(CCCCCCCCCCCCCCCC)c1ccc(/C=C/c2cc[n+](Cc3cc(C[n+]4ccc(/C=C/c5ccc(N(CCCCCCCCCCCCCCCC)CCCCCCCCCCCCCCCC)cc5)cc4)cc(C[n+]4ccc(/C=C/c5ccc(N(CCCCCCCCCCCCCCCC)CCCCCCCCCCCCCCCC)cc5)cc4)c3)cc2)cc1,c1ccccc1,454.58234367969555,4.592853813719743
CCCCCCCCCCCCCCCCN(CCCCCCCCCCCCCCCC)c1ccc(/C=C/c2cc[n+](Cc3cc(C[n+]4ccc(/C=C/c5ccc(N(CCCCCCCCCCCCCCCC)CCCCCCCCCCCCCCCC)cc5)cc4)cc(C[n+]4ccc(/C=C/c5ccc(N(CCCCCCCCCCCCCCCC)CCCCCCCCCCCCCCCC)cc5)cc4)c3)cc2)cc1,Cc1ccccc1,454.1100052964127,4.5951251710950975
CCCCCCCCCCCCCCCCN(CCCCCCCCCCCCCCCC)c1ccc(/C=C/c2cc[n+](Cc3cc(C[n+]4ccc(/C=C/c5ccc(N(CCCCCCCCCCCCCCCC)CCCCCCCCCCCCCCCC)cc5)cc4)cc(C[n+]4ccc(/C=C/c5ccc(N(CCCCCCCCCCCCCCCC)CCCCCCCCCCCCCCCC)cc5)cc4)c3)cc2)cc1,Cc1ccc(C)cc1,453.3552741541718,4.59422364991096
CCCCCCCCCCCCCCCCN(CCCCCCCCCCCCCCCC)c1ccc(/C=C/c2cc[n+](Cc3cc(C[n+]4ccc(/C=C/c5ccc(N(CCCCCCCCCCCCCCCC)CCCCCCCCCCCCCCCC)cc5)cc4)cc(C[n+]4ccc(/C=C/c5ccc(N(CCCCCCCCCCCCCCCC)CCCCCCCCCCCCCCCC)cc5)cc4)c3)cc2)cc1,CCCCCC,443.66530784636717,4.512952717920895
CCCCCCCCCCCCN1C(=O)c2ccc3c4ccc5c6c(ccc(c7ccc(c2c37)C1=O)c64)C(=O)NC5=O,CN(C)C=O,523.592247817495,4.763844229351685
Cc1cc(=O)oc2cc(/[NH+]=C/C=C3/C=C(C(=O)O)NC(C(=O)O)C3)ccc12,O,450.07092185873154,4.2722123716427465
O=C(O)C1=C/C(=C/C=[NH+]/c2ccc3c(C(F)(F)F)cc(=O)oc3c2)CC(C(=O)O)N1,O,516.0897472350682,4.298517363327935
COc1ccc2cc(C#CC3=C4CCc5ccccc5C4=[O+][B-](F)(F)O3)ccc2c1,ClCCl,455.8945971961355,4.61167510393785
O=C1/C(=C2\Sc3ccc(S(=O)(=O)O)cc3C2=O)Sc2ccc(S(=O)(=O)O)cc21,CS(C)=O,560.1022564435455,4.116814056879129
O=C1/C(=C2\Sc3ccc(S(=O)(=O)O)cc3C2=O)Sc2ccc(S(=O)(=O)O)cc21,O,548.8354003055763,4.1522707457075825
O=C1/C(=C2\Sc3ccc(S(=O)(=O)O)cc3C2=O)Sc2ccc(S(=O)(=O)O)cc21,CO,549.6710347886117,4.190929305534075
CCCCn1c(-c2ccc(-c3nnc(-c4ccccc4)o3)cc2)nc(-c2ccccc2)c1-c1ccccc1,ClCCl,346.735841770665,3.6666160005876485
CCCCn1c(-c2ccc(-c3nnc(-c4ccc5ccccc5c4)o3)cc2)nc2c3ccccc3c3ccccc3c21,ClCCl,359.0594812986369,4.012016816733848
COc1c2ccccc2c(OC)c2c1c1ccccc1n2C,C1CCCCC1,400.7092114389754,3.7510538574227064
COc1c2ccccc2c(OC)c2c1c1c(C)ccc(OC)c1n2C,C1CCCCC1,394.4557185090875,3.9515336980562443
COc1c2ccccc2c(OC)c2c1c1ccc(C(F)(F)F)cc1n2C,C1CCCCC1,386.3991604705219,3.7120047751228062
COc1c2ccccc2c(OC)c2c1c1cc(F)ccc1n2C,C1CCCCC1,411.33664569417033,3.6888398214550184
[O-][n+]1c(/C=C/c2ccccc2)nc(Nc2ccccc2)c2c1CCCC2,ClCCl,395.6941707862681,3.441389018564314
COc1ccc(Nc2nc(/C=C/c3ccccc3)[n+]([O-])c3c2CCCC3)cc1,ClCCl,397.1473410675122,3.527597040575369
[O-][n+]1c(-c2ccccc2)cc(N2CCOCC2)nc1/C=C/c1ccccc1,ClCCl,420.10218166791327,3.673894197565759
C(=C/c1nc2c(c(N3CCOCC3)n1)CCCC2)\c1ccccc1,ClCCl,381.1643265014428,3.665890950362902
COc1ccc2cc(C#N)c(=N)oc2c1,ClCCl,364.78048323030384,4.166691182522639
COc1cc(OC)c2cc(C#N)c(=N)oc2c1,ClCCl,368.3340495853748,4.252069174315063
CCOC(=O)/N=c1/oc2c(OC)cccc2cc1C#N,ClCCl,370.37459178075306,3.79194958611778
CCN(CC)c1ccc2cc(C#N)c(=O)oc2c1,ClCCl,439.04044513935344,4.7352605714319065
CCN(CC)c1ccc2ccc(=O)oc2c1,ClCCl,424.59225018115876,4.702274483333234
NCc1ccc2ccc3cccc4ccc1c2c34,C1CCCCC1,352.0224405671718,4.584386139722075
NCc1ccc2ccc3cccc4ccc1c2c34,CO,361.7278056055867,4.291802030177765
NCc1ccc2ccc3cccc4ccc1c2c34,CC#N,354.7352430573036,4.603364148114174
NCc1ccc2ccc3cccc4ccc1c2c34,ClC(Cl)Cl,358.9642202455187,4.507790440469991
CC1(C)CC(NCc2ccc3ccc4cccc5ccc2c3c45)CC(C)(C)N1,C1CCCCC1,343.5482388461175,4.516619659458508
CC1(C)CC(NCc2ccc3ccc4cccc5ccc2c3c45)CC(C)(C)N1,CO,341.1992765338377,4.3781061770552805
CC1(C)CC(NCc2ccc3ccc4cccc5ccc2c3c45)CC(C)(C)N1,CC#N,341.7709622308374,4.551540300237275
CC1(C)CC(NCc2ccc3ccc4cccc5ccc2c3c45)CC(C)(C)N1,ClC(Cl)Cl,344.55637829274394,4.497275419918575
CC1(C)CC(/N=C/c2ccc3ccc4cccc5ccc2c3c45)CC(C)(C)N1[O],C1CCCCC1,357.5025857000471,4.48902559086577
CC1(C)CC(/N=C/c2ccc3ccc4cccc5ccc2c3c45)CC(C)(C)N1[O],CO,357.6253568513985,4.40990221709837
CC1(C)CC(/N=C/c2ccc3ccc4cccc5ccc2c3c45)CC(C)(C)N1[O],CC#N,358.2987322513651,4.548339801927504
CC1(C)CC(/N=C/c2ccc3ccc4cccc5ccc2c3c45)CC(C)(C)N1[O],ClC(Cl)Cl,360.59538143355536,4.491463118337164
C(=C/c1nc2ccccc2[nH]1)\c1ccc(/C=C/c2nc3ccccc3[nH]2)cc1,C1CCOC1,366.6166118562839,4.814264615479312
C(=C/c1nc2ccccc2[nH]1)\c1ccc(/C=C/c2nc3ccccc3[nH]2)cc1,CN(C)C=O,372.29110427196275,4.726566390831549
C(=C/c1nc2ccccc2[nH]1)\c1ccc(/C=C/c2nc3ccccc3[nH]2)cc1,CS(C)=O,372.529741532629,4.73321907166259
C(=C/c1nc2ccccc2[nH]1)\c1ccc(/C=C/c2nc3ccccc3[nH]2)cc1,CO,365.3374483106495,4.6430112019301895
C(=C/c1nc2ccccc2[nH]1)\c1ccc(/C=C/c2nc3ccccc3[nH]2)cc1,CC#N,358.118500842393,4.793384796429841
Clc1ccc(Nc2ccc3ccccc3n2)cc1,Cc1ccccc1,350.4249576611678,3.943713180347225
Clc1ccc(Nc2ccc3ccccc3n2)cc1,CCOC(C)=O,349.27828054748903,4.06044184858698
Clc1ccc(Nc2ccc3ccccc3n2)cc1,CCO,350.5852538460161,3.7614262513982126
COc1cc(/C=C/CO)ccc1O,O,295.53655170644913,4.136375455310781
O=C(O)c1cc(O)c(O)c(O)c1,O,313.87564530079334,3.6439089781178944
[NH3+]C(Cc1ccc(O)c(O)c1)C(=O)[O-],O,299.69434053391075,3.2937745374155973
c1ccc2[nH]ccc2c1,O,275.9838536324332,3.8110905474454455
[NH3+]C(Cc1c[nH]c2ccccc12)C(=O)[O-],O,306.98351770966025,3.5729325020337406
O=c1ccc2ccccc2o1,O,317.4026587022187,3.8499240507266683
COc1ccc(C2=[O+][B-](F)(F)OC(c3ccc4c(c3)Cc3ccccc3-4)=C2)cc1,CC#N,420.82787963796017,4.742145499396601
Fc1ccc(-c2ccc(-c3cc(-c4ccccn4)nc(-c4ccccn4)c3)cc2)c(F)c1,ClCCl,301.50643667428426,4.578973937176569
FC(F)(F)c1ccc(-c2ccc(-c3cc(-c4ccccn4)nc(-c4ccccn4)c3)cc2)cc1,ClCCl,299.3948627538526,4.565437257170738
CCCCCCn1c2ccccc2c2cc(-c3ccc(-c4cc(-c5ccccn5)nc(-c5ccccn5)c4)cc3)ccc21,ClCCl,318.0957062786064,4.663693747037743
Cc1ccc(-c2nc(/C=C/c3ccccc3)c(/C=C/c3ccccc3)[nH]2)cc1,ClCCl,373.16822597086764,4.393792929438025
COc1ccc(/C=C/c2nc(-c3ccc([N+](=O)[O-])cc3)[nH]c2/C=C/c2ccc(OC)cc2)cc1,ClCCl,427.95245228260654,4.595029815742441
Clc1ccc(/C=C/c2nc(-c3ccccc3)[nH]c2/C=C/c2ccc(Cl)cc2)cc1,ClCCl,382.21210959883786,4.891436641528746
CCCCCCCCC1(CCCCCCCC)c2cc(-c3ccccc3)ccc2-c2ccc(-c3ccccc3)cc21,ClC(Cl)Cl,336.45855350120564,4.75363821969193
CCCCCCCCC1(CCCCCCCC)c2cc(-c3ccc(C#N)cc3)ccc2-c2ccc(-c3ccc(C#N)cc3)cc21,ClC(Cl)Cl,347.38301092665233,4.816702218210494
COc1ccc(O)c(-c2nc3ncccc3o2)c1,CO,344.24248054317906,2.188872646737777
CCN(CC)c1ccc(-c2nc3ncccc3o2)c(O)c1,CO,392.19714976590865,3.765718113406252
CCN(CC)c1ccc2cc(-c3cn4cc5ccccc5cc4n3)c(=O)oc2c1,ClC(Cl)Cl,425.7589454076625,4.62917110724028
O=C1c2cccc3c(C#CC#Cc4ccc5c6c(cccc46)C(=O)N(c4ccccc4)C5=O)ccc(c23)C(=O)N1c1ccccc1,ClCCl,386.0060520697174,4.559306852889866
COc1ccc([C@@H]2C[C@](O)(c3ccccn3)C[C@](O)(c3ccccn3)[C@H]2C(=O)c2ccc(N(c3ccccc3)c3ccccc3)cc2)cc1,c1ccccc1,369.78903891664334,4.433823643421187
COc1ccc([C@@H]2C[C@](O)(c3ccccn3)C[C@](O)(c3ccccn3)[C@H]2C(=O)c2ccc(N(c3ccccc3)c3ccccc3)cc2)cc1,ClCCl,370.92435975351754,4.449125107711341
COc1ccc([C@@H]2C[C@](O)(c3ccccn3)C[C@](O)(c3ccccn3)[C@H]2C(=O)c2ccc(N(c3ccccc3)c3ccccc3)cc2)cc1,C1CCOC1,366.7157696700076,4.427520651898867
COc1ccc([C@@H]2C[C@](O)(c3ccccn3)C[C@](O)(c3ccccn3)[C@H]2C(=O)c2ccc(N(c3ccccc3)c3ccccc3)cc2)cc1,CCO,364.558737604927,4.4221926028199245
COc1ccc([C@@H]2C[C@](O)(c3ccccn3)C[C@](O)(c3ccccn3)[C@H]2C(=O)c2ccc(N(c3ccccc3)c3ccccc3)cc2)cc1,CCOC(C)=O,364.51433358837585,4.422204672644047
COc1ccc([C@@H]2C[C@](O)(c3ccccn3)C[C@](O)(c3ccccn3)[C@H]2C(=O)c2ccc(N(c3ccccc3)c3ccccc3)cc2)cc1,CC#N,361.1828479543318,4.428856141713002
COc1ccc([C@@H]2C[C@](O)(c3ccccn3)C[C@](O)(c3ccccn3)[C@H]2C(=O)c2ccc(N(c3ccccc3)c3ccccc3)cc2)cc1,CN(C)C=O,359.74066657254536,4.38979998147446
COc1ccc(/C=C(\C#N)c2nc(-c3ccc(Cl)cc3)cs2)cc1,CC#N,372.6178413042725,4.10664556032218
COc1ccc(-c2csc(/C(C#N)=C/c3ccc(Cl)cc3)n2)cc1,CC#N,375.18708214060155,4.1066492827630325
N#C/C(=C\c1ccc(C#N)cc1)c1nc(-c2ccccc2)cs1,CC#N,378.3101029857777,4.0748530217764936
N#C/C(=C\c1ccc(C#N)cc1)c1nc(-c2ccc(Cl)cc2)cs1,CC#N,369.95105580169,3.976314091482121
N#C/C(=C\c1ccc([N+](=O)[O-])cc1)c1nc(-c2ccccc2)cs1,CC#N,388.20609798282817,4.248344454278279
COc1ccc(-c2csc(/C(C#N)=C/c3ccncc3)n2)cc1,CC#N,377.8383032437907,3.8952842263833922
COc1ccc(-c2csc(/C(C#N)=C/c3ccccc3Cl)n2)cc1,CC#N,379.79999931876864,3.918993602058652
COc1ccc(-c2csc(/C(C#N)=C/c3c(Cl)cccc3Cl)n2)cc1,CC#N,414.8699452075904,3.9400933617771763
COc1ccc(-c2nc(/C(C#N)=C/c3ccc(Cl)cc3)sc2-c2ccc(OC)cc2)cc1,CC#N,388.8327222261122,4.205734779795639
N#C/C(=C\c1ccc(Cl)cc1)c1nc(-c2ccccc2)c(-c2ccccc2)s1,CC#N,372.6292714188972,4.379129241632592
N#C/C(=C\c1ccc(C#N)cc1)c1nc(-c2ccccc2)c(-c2ccccc2)s1,CC#N,384.7750126670087,4.171897409140003
N#C/C(=C\c1ccc(C#N)cc1)c1nc(-c2ccccc2)cs1,Cc1ccccc1,393.2698895648422,4.077900956989302
N#C/C(=C\c1ccc(C#N)cc1)c1nc(-c2ccccc2)cs1,ClCCl,400.27759366235256,4.0054441555780285
N#C/C(=C\c1ccc(C#N)cc1)c1nc(-c2ccccc2)cs1,CCO,388.11440459110736,3.9018561069577347
N#C/C(=C\c1ccc(C#N)cc1)c1nc(-c2ccccc2)cs1,CN(C)C=O,391.61705882415174,4.0547429600338045
COc1ccc(-c2csc(/C(C#N)=C\Nc3ccc(C#N)cc3)n2)cc1,Cc1ccccc1,378.5549732288685,4.4018871083179265
COc1ccc(-c2csc(/C(C#N)=C\Nc3ccc(C#N)cc3)n2)cc1,ClCCl,375.93654983028074,4.371231961483415
COc1ccc(-c2csc(/C(C#N)=C\Nc3ccc(C#N)cc3)n2)cc1,CCO,373.81238084116,4.157111223205012
COc1ccc(-c2csc(/C(C#N)=C\Nc3ccc(C#N)cc3)n2)cc1,CN(C)C=O,386.66698164153314,4.427838523230542
COc1ccc(-c2csc(/C(C#N)=C\Nc3ccc(C#N)cc3)n2)cc1,CC#N,374.7465912678673,4.420843032246857
COc1ccc(-c2csc(/C(C#N)=C/c3ccncc3)n2)cc1,Cc1ccccc1,380.66842088257454,3.9566191278587852
COc1ccc(-c2csc(/C(C#N)=C/c3ccncc3)n2)cc1,ClCCl,399.4448829874046,3.9193711181432405
COc1ccc(-c2csc(/C(C#N)=C/c3ccncc3)n2)cc1,CCO,375.7429734079489,3.8598481690843784
COc1ccc(-c2csc(/C(C#N)=C/c3ccncc3)n2)cc1,CN(C)C=O,374.5872860010982,3.9069942430178166
COc1ccc(-c2csc(/C(C#N)=C/c3ccncc3)n2)cc1,CS(C)=O,375.7241087735787,3.910569274519974
c1ccc(-c2csc(-c3ccncc3)n2)cc1,ClCCl,374.962739697849,3.5310931206086393
c1ccc(-c2csc(-c3ccncc3)n2)cc1,CCO,342.793301418306,3.828176442034409
c1ccc(-c2csc(-c3ccncc3)n2)cc1,CN(C)C=O,349.23167069340445,3.9166629361809933
c1ccc(-c2csc(-c3ccncc3)n2)cc1,CC#N,365.40808613507755,3.9572722637005375
c1ccc(-c2csc(-c3ccncc3)n2)cc1,CS(C)=O,345.9953850381036,3.911883782438232
COc1ccc(-n2nc(C#N)c(N3CCCC3)n2)cc1OC,CC#N,333.3834318982483,4.142021257422154
N#Cc1nn(-c2cc(F)cc(F)c2)nc1N1CCCC1,CC#N,338.0723318632817,3.9960278623891696
N#Cc1nn(-c2ccccc2Cl)nc1N1CCCC1,CC#N,324.9279716604983,3.8073947019957237
CCOC(=O)c1nn(-c2ccc(OC)cc2)nc1N1CCCC1,CC#N,336.075508274905,4.062822179772768
COc1ccc(-n2nc(C#N)c(N3CCOCC3)n2)cc1,CC#N,342.9447719515048,4.12220920340158
COc1ccc(-n2nc(C#N)c(NC3CCCCC3)n2)cc1,CC#N,330.6443832070714,4.182174338354615
COc1ccc(-n2nc(C#N)c(NC3CCCCC3)n2)cc1,CCCCCC,328.6026342192333,4.234266829654618
COc1ccc(-n2nc(C#N)c(NC3CCCCC3)n2)cc1,ClC(Cl)Cl,330.0907394234134,4.2384399910640855
COc1ccc(-n2nc(C#N)c(NC3CCCCC3)n2)cc1,CN(C)C=O,334.48735165401956,4.21147828507862
COc1ccc(-n2nc(C#N)c(NC3CCCCC3)n2)cc1,CCO,329.96024346689967,4.208400217249294
COc1ccccc1-c1nc(-c2ccccc2)c2ccccn12,ClCCl,361.7257398339075,3.872245942792438
c1ccc(-c2nc(-c3cccc4ccccc34)n3ccccc23)cc1,ClCCl,374.98263914798184,3.7190782990188382
Oc1ccc2ccccc2c1-c1nc(-c2ccccc2)c2ccccn12,ClCCl,372.37632678561897,3.8740014538836247
C[Si](C)(C)c1ccc(-c2ccc(-c3ccc(-c4ccc(-c5ccc([Si](C)(C)C)cc5)s4)c4nsnc34)s2)cc1,C1CCOC1,459.77199463566,4.233902120376326
C[Si](C)(C)c1ccc(-c2ccc(-c3ccc(-c4ccc(-c5ccc([Si](C)(C)C)s5)s4)c4nsnc34)s2)s1,C1CCOC1,474.2429835152767,4.373763682978238
C1=C(c2ccc(-c3cccs3)s2)CCC(c2ccccc2)C1,CCCCCC,353.7112585338764,4.4077555245909235
C1=C(c2ccc(-c3cccs3)s2)CCC(c2ccccc2)C1,C1CCOC1,357.5204794550842,4.402869950736801
C1=C(c2ccc(-c3cccs3)s2)CCC(c2ccccc2)C1,CC#N,355.69775989817333,4.404538387315458
C1=C(c2ccc(-c3cccs3)s2)CCC(c2ccccc2)C1,c1ccncc1,363.0212758052745,4.372680838456518
C1=C(c2ccc(-c3cccs3)s2)CCC(c2ccccc2)C1,CCO,356.7828452477712,4.4219405010073976
C1=C(c2ccc(-c3cccs3)s2)CCC(c2ccccc2)C1,OCCOCCO,360.02786907208446,4.327668477848012
N#Cc1ccc(-c2ccc(C3=CCCCC3)s2)s1,CCCCCC,356.12755276439634,4.160919627162004
N#Cc1ccc(-c2ccc(C3=CCCCC3)s2)s1,C1CCOC1,356.5251683165661,4.148551322935737
N#Cc1ccc(-c2ccc(C3=CCCCC3)s2)s1,CC#N,354.26611738923464,4.1504990732051565
N#Cc1ccc(-c2ccc(C3=CCCCC3)s2)s1,c1ccncc1,361.4208861284089,4.198186781252952
N#Cc1ccc(-c2ccc(C3=CCCCC3)s2)s1,OCCOCCO,361.14507324747666,4.171419673040733
N#Cc1ccc(-c2ccc(C3=CCCCC3)s2)s1,CCO,357.7905452499995,4.1928592617217815
CCCCCCN1C(=O)c2cccc3cc(/N=C\c4nc5ccccc5s4)cc(c23)C1=O,ClC(Cl)Cl,370.1349267919973,4.4342223950904165
CCCCCCN1C(=O)c2cccc3cc(/N=C\c4cnc5ccccc5c4)cc(c23)C1=O,ClC(Cl)Cl,338.404180852606,4.466657456115156
CCCCCCN1C(=O)c2cccc3cc(/N=C\c4ccc(N5CCOCC5)cc4)cc(c23)C1=O,ClC(Cl)Cl,372.6438107022334,4.5120691147964225
CCCCCCN1C(=O)c2cccc3cc(/N=C\c4ccc(N(c5ccccc5)c5ccccc5)cc4)cc(c23)C1=O,ClC(Cl)Cl,367.05109968837354,4.397202830006508
Cc1cc(C#Cc2ccccc2)c2ccc3c(C#Cc4ccccc4)cc(C#Cc4ccccc4)c4ccc1c2c43,ClC(Cl)(Cl)Cl,439.6211478584769,4.817142633147478
Cc1cc(C#Cc2ccccc2)c2ccc3c(C#Cc4ccccc4)cc(C#Cc4ccccc4)c4ccc1c2c43,CS(C)=O,443.24569485729774,4.8223779933857385
CN(C)c1ccc2nc(-c3ccc(C(=O)O)cc3)sc2c1,c1ccccc1,391.06726517766026,4.315392947970986
CN(C)c1ccc2nc(-c3ccc(C(=O)O)cc3)sc2c1,ClC(Cl)Cl,388.5701112689033,4.267530809942391
CN(C)c1ccc2nc(-c3ccc(C(=O)O)cc3)sc2c1,CS(C)=O,397.22701751368345,4.285754440171335
CN(C)c1ccc2nc(-c3ccc(C(=O)O)cc3)sc2c1,CC#N,390.6214465066693,4.294714710218061
CN(C)c1ccc2nc(-c3ccc(C(=O)O)cc3)sc2c1,CC(C)O,389.04740869631956,4.292648519264196
CN(C)c1ccc2nc(-c3ccc(C(=O)O)cc3)sc2c1,CO,390.5114875497313,4.274170574203608
C[Si](C)(C)c1ccc2ccc3cccc4ccc1c2c34,CCCCCC,338.2254843184205,4.617530045580021
Cc1ccc2ccc3c(C)ccc4ccc1c2c43,CCCCCC,343.76203918386733,4.636887812721462
C[Si](C)(C)c1ccc2ccc3c([Si](C)(C)C)ccc4ccc1c2c43,CCCCCC,344.04791329405134,4.609281208080386
Cc1ccc(-c2ccc(/C=C/c3ccc(F)cc3)cn2)nc1,CC#N,338.85300404608427,4.666542092624272
Cc1ccc(-c2ccc(/C=C/c3ccc(N(C)C)cc3)cn2)nc1,CC#N,380.04628006580975,4.576873308542942
Cc1ccc(-c2ccc(/C=C/c3ccc(C#N)cc3)cn2)nc1,CC#N,355.4925890731244,4.567537109109789
CCCCCCc1ccc(/C=C/c2ccc(CCCCCC)s2)s1,Cc1ccccc1,411.30852072682393,4.251349758910157
COC(=O)/C(C#N)=c1\s/c(=c2/s/c(=C(/C#N)C(=O)OC)c3cc(-c4ccccc4)sc23)c2sc(-c3ccccc3)cc12,Cc1ccccc1,606.8551443219677,4.837351855614351
CCCCCCCCCCC1(CCCCCCCCCC)c2cc(-c3nc4ccccc4s3)ccc2-c2ccc(N3C(=O)c4ccc5c6ccc7c8c(ccc(c9ccc(c4c59)C3=O)c86)C(=O)N(c3ccc4c(c3)C(CCCCCCCCCC)(CCCCCCCCCC)c3cc(-c5nc6ccccc6s5)ccc3-4)C7=O)cc21,Cc1ccccc1,506.27146979436077,4.918599620566684
CCCCCCCCCCC1(CCCCCCCCCC)c2cc(-c3nc4ccccc4s3)ccc2-c2ccc(N3C(=O)c4ccc5c6ccc7c8c(ccc(c9ccc(c4c59)C3=O)c86)C(=O)N(c3ccc4c(c3)C(CCCCCCCCCC)(CCCCCCCCCC)c3cc(-c5nc6ccccc6s5)ccc3-4)C7=O)cc21,ClCCl,508.38839739193526,4.962449952558493
C(=C/c1nc(/C=C/c2ccc(N(c3ccccc3)c3ccccc3)cc2)cc(/C=C/c2ccc(N(c3ccccc3)c3ccccc3)cc2)n1)\c1ccccc1,ClCCl,421.1938068101857,4.8214097472195165
COc1ccc(/C=C/c2cc(/C=C/c3ccc(OC)cc3)nc(/C=C/c3ccc(N(c4ccccc4)c4ccccc4)cc3)n2)cc1,ClCCl,380.8266211800353,4.845704385277715
COc1ccc(/C=C/c2nc(/C=C/c3ccc(N(C)C)cc3)cc(/C=C/c3ccc(N(c4ccccc4)c4ccccc4)cc3)n2)cc1,ClCCl,417.6505426544638,4.76567242481298
COc1ccc(/C=C/c2cc(/C=C/c3ccc(N(c4ccccc4)c4ccccc4)cc3)nc(/C=C/c3ccc(N(C)C)cc3)n2)cc1,ClCCl,400.1867773910445,4.946773606758642
C1=C(c2ccccc2)[Si](c2ccccc2)(c2ccccc2)c2ccccc21,ClCCl,340.8685235304896,4.142363078182795
c1ccc(C2=C(c3ccccn3)[Si](c3ccccc3)(c3ccccc3)c3ccccc32)cc1,ClCCl,351.2275864582421,4.069602801991648
COc1ccc(N(c2ccccc2)c2ccc(OC)cc2)cc1,Cc1ccccc1,346.1871941671276,4.247890581284411
COc1ccc(N(c2ccc(C=C(c3ccccc3)c3ccccc3)cc2)c2ccc(OC)cc2)cc1,Cc1ccccc1,389.75206026217904,4.492889861638492
COc1ccc(N(c2ccc(/C=C(\C)c3ccccc3)cc2)c2ccc(OC)cc2)cc1,Cc1ccccc1,372.9643958480026,4.365553453636698
O=c1oc2cc3ccccc3cc2nc1-c1ccccc1,CCCCCC,384.3248739405524,4.308643378549012
O=c1oc2cc3ccccc3cc2nc1-c1ccccc1,c1ccccc1,390.35201679910796,4.292337879038442
O=c1oc2cc3ccccc3cc2nc1-c1ccccc1,CC#N,381.8004918259933,4.30150893195151
O=c1oc2cc3ccccc3cc2nc1-c1ccccc1,CO,383.64194874575037,4.308262783066474
O=c1oc2c(ccc3ccccc32)nc1-c1ccccc1,CCCCCC,384.73388546582567,4.241386103562861
O=c1oc2c(ccc3ccccc32)nc1-c1ccccc1,c1ccccc1,391.66585927390963,4.254048177787257
O=c1oc2c(ccc3ccccc32)nc1-c1ccccc1,CC#N,383.391286036788,4.251667019411657
O=c1oc2c(ccc3ccccc32)nc1-c1ccccc1,CO,384.47617676308835,4.277437225848304
CC(C)(C)c1cc(-c2cc3c(cc(-c4cc(C(C)(C)C)cc(C(C)(C)C)c4)n3-c3ccc(C(=C(c4ccccc4)c4ccccc4)c4ccccc4)cc3)n2-c2ccc(C(=C(c3ccccc3)c3ccccc3)c3ccccc3)cc2)cc(C(C)(C)C)c1,ClCCl,382.390740864529,4.62150445801207
CC(C)(C)c1cc2c3cc(C(C)(C)C)c(-c4cc5cc6c7cccc8cccc(c9cc(C(C)(C)C)cc(c5cc4C(C)(C)C)c96)c87)cc3cc3c4cccc5cccc(c(c1)c23)c54,CC1CCCCC1,439.29407676603876,4.440922153593613
CC(C)(C)c1ccc2cc3c4cccc5cccc(c6cc(C(C)(C)C)cc(c2c1)c63)c54,CC1CCCCC1,424.31286909131165,4.375064148126269
B1C=Cc2ccc3ccccc3c2N1,C1CCCCC1,337.8761315307456,3.8470012304413395
C=CB1C=Cc2ccc3ccccc3c2N1,C1CCCCC1,352.7138148063269,3.920312548904157
C1=Cc2ccc3ccccc3c2N(c2ccccc2)B1c1ccccc1,C1CCCCC1,371.36442401193017,3.9153800326349497
C1=C(c2ccccc2)B(c2ccccc2)Nc2c1ccc1ccccc21,C1CCCCC1,382.62404055826926,3.9681450267585334
c1ccc(-p2c3ccccc3c3sc4ccccc4c32)cc1,ClCCl,369.81951577927117,4.037365912285773
O=P1(c2ccccc2)c2ccccc2-c2sc3ccccc3c21,ClCCl,355.2959342703051,3.240493822838837
O=P1(c2ccccc2)C2=C(c3ccccc31)S(=O)(=O)c1ccccc12,ClCCl,387.12751261903855,4.234602365287953
CCCCCC(=O)c1cccc2sc3c(c12)P(=O)(c1ccccc1)c1ccccc1-3,ClCCl,372.5785734705465,3.2660757781683842
O=C(c1ccc2c3c(sc2c1)-c1ccccc1P3(=O)c1ccccc1)c1c(F)c(F)c(F)c(F)c1F,ClCCl,373.2931338456076,3.46743210407569
C#CCN1C(=O)/C(=C/c2cc(OC(C)C)ccc2OC(C)C)N=C1C,CCCCCC,384.9844623283856,4.325669153942199
C#CCN1C(=O)/C(=C/c2cc(OC(C)C)ccc2OC(C)C)N=C1C,CCOC(C)=O,386.8314727864737,4.381601717728081
C#CCN1C(=O)/C(=C/c2cc(OC(C)C)ccc2OC(C)C)N=C1C,C1COCCO1,389.2947769121113,4.380532307236954
C#CCN1C(=O)/C(=C/c2cc(OC(C)C)ccc2OC(C)C)N=C1C,CC(C)=O,389.14708208473337,4.396801421898919
C#CCN1C(=O)/C(=C/c2cc(OC(C)C)ccc2OC(C)C)N=C1C,CC#N,385.915830150863,4.359528664058725
C#CCN1C(=O)/C(=C/c2cc(OC(C)C)ccc2OC(C)C)N=C1C,CN(C)C=O,386.7212874058515,4.340037314594868
C#CCN1C(=O)/C(=C/c2cc(OC(C)C)ccc2OC(C)C)N=C1C,CS(C)=O,395.19036530548436,4.35852228979603
C#CCN1C(=O)/C(=C/c2cc(OC(C)C)ccc2OC(C)C)N=C1C,CCCCO,387.46709921656486,4.310828675786587
C#CCN1C(=O)/C(=C/c2cc(OC(C)C)ccc2OC(C)C)N=C1C,CCCO,387.96945595369965,4.3183429349794595
C#CCN1C(=O)/C(=C/c2cc(OC(C)C)ccc2OC(C)C)N=C1C,CCO,388.14974304255884,4.341901657819484
C#CCN1C(=O)/C(=C/c2cc(OC(C)C)ccc2OC(C)C)N=C1C,CO,385.33992508964536,4.380224780240689
CN(C)CCNCc1c2ccccc2cc2ccccc12,C1CCCCC1,372.42940602720125,4.233461359374255
CN(C)CCNCc1c2ccccc2cc2ccccc12,ClC(Cl)Cl,375.62090219476084,4.326960893645345
CN(C)CCNCc1c2ccccc2cc2ccccc12,C1CCOC1,373.6229121612775,4.303003904280323
CN(C)CCNCc1c2ccccc2cc2ccccc12,CO,363.78532936303816,4.307781379564838
CN(C)CCNCc1c2ccccc2cc2ccccc12,CC(C)=O,377.23095555625355,4.350345274053587
CN(C)CCNCc1c2ccccc2cc2ccccc12,CCO,369.73518616342426,4.318834554748019
CN(C)CCNCc1c2ccccc2cc2ccccc12,CC#N,373.1357399603045,4.25390580719604
CN(C)CCNCc1c2ccccc2cc2ccccc12,CN(C)C=O,381.5425905758141,4.315798574306353
CCCCC(CC)Cn1c2ccc(-n3c4ccccc4c4ccccc43)cc2c2cc(-n3c4ccccc4c4ccccc43)ccc21,C1CCOC1,363.76716397792813,4.271824518204308
CN(C)CCCN1c2ccccc2CCc2ccc(Cl)cc21,O,289.0266318045257,3.6683468233950656
c1ccc2c(c1)CCc1ccccc1N2,CO,298.00522247610917,3.959091854205009
CN1c2ccccc2CCc2ccccc21,CO,288.5342082414142,3.8656735842263927
CN(C)CCCN1c2ccccc2CCc2ccc(Cl)cc21,CO,291.3995965875974,3.723989435082757
CC(C)CCCN1c2ccccc2CCc2ccccc21,CO,280.5534686038478,3.909074409064768
c1ccc2c(c1)CCc1ccccc1N2,CC#N,296.4692998078218,3.8855315992972272
CN1c2ccccc2CCc2ccccc21,CC#N,287.35642357649317,3.8049307923073092
CN(C)CCCN1c2ccccc2CCc2ccc(Cl)cc21,CC#N,291.22372566973297,3.6950078058767324
CC(C)CCCN1c2ccccc2CCc2ccccc21,CC#N,280.05451157425034,3.867071330244296
c1ccc2c(c1)CCc1ccccc1N2,CCCCCC,296.4847904567256,3.8911470788606595
COc1ccccc1-c1c(-c2ccccc2O)nc(-c2ccc(C(F)(F)F)cc2)n1-c1ccc(C)cc1,ClC(Cl)Cl,318.3722107498226,4.2470805348200145
COc1ccccc1-c1c(-c2ccccc2O)nc(-c2ccc(C(F)(F)F)cc2)n1-c1ccc(C)cc1,ClCCl,313.6608986018707,4.253714365375323
COc1ccccc1-c1c(-c2ccccc2O)nc(-c2ccc(C(F)(F)F)cc2)n1-c1ccc(C)cc1,C1CCOC1,314.7618446046978,4.280976479338435
COc1ccccc1-c1c(-c2ccccc2O)nc(-c2ccc(C(F)(F)F)cc2)n1-c1ccc(C)cc1,CS(C)=O,317.3865281765993,4.348191681387076
COc1ccccc1-c1c(-c2ccccc2O)nc(-c2ccc(C(F)(F)F)cc2)n1-c1ccc(C)cc1,CC(C)O,313.2408768779918,4.27171032145619
COc1ccccc1-c1c(-c2ccccc2O)nc(-c2ccc(C(F)(F)F)cc2)n1-c1ccc(C)cc1,CO,311.17025382021023,4.243292876018298
COc1ccccc1-c1nc(-c2ccc(C(F)(F)F)cc2)n(-c2ccc(C)cc2)c1-c1ccccc1OC,CCCCCC,318.0463729517086,4.056607675315875
COc1ccccc1-c1nc(-c2ccc(C(F)(F)F)cc2)n(-c2ccc(C)cc2)c1-c1ccccc1OC,ClCCl,319.90504553903054,4.23026620439555
COc1ccccc1-c1nc(-c2ccc(C(F)(F)F)cc2)n(-c2ccc(C)cc2)c1-c1ccccc1OC,CS(C)=O,324.8027187759943,4.329141255650661
COc1ccccc1-c1nc(-c2ccc(C(F)(F)F)cc2)n(-c2ccc(C)cc2)c1-c1ccccc1OC,CC(C)O,319.6891508668462,4.234566471691537
COc1ccccc1-c1nc(-c2ccc(C(F)(F)F)cc2)n(-c2ccc(C)cc2)c1-c1ccccc1OC,CO,317.0950039045333,4.211583263733232
CCCCCCn1c2cc(/C=C/c3ccccc3)ccc2c2ccc(/C=C/c3ccccc3)cc21,ClC(Cl)Cl,379.0405555117578,4.796337001353026
CCCCCCn1c2cc(/C=C/c3cccs3)ccc2c2ccc(/C=C/c3cccs3)cc21,ClC(Cl)Cl,402.14228843360127,4.7440161245979
Cc1cccc(NC(=O)c2ccc(N(C)C)cc2)c1,C1CCCCC1,311.275415890609,4.450191215445522
Cc1cccc(NC(=O)c2ccc(N(C)C)cc2)c1,CCOCC,312.4530739136006,4.544145476491202
Cc1cccc(NC(=O)c2ccc(N(C)C)cc2)c1,C1CCOC1,315.8568800327887,4.53541457086935
Cc1cccc(NC(=O)c2ccc(N(C)C)cc2)c1,CC#N,317.40358062255734,4.497043098022621
CN(C)c1ccc(C(=O)Nc2ccccc2)cc1,C1CCCCC1,313.1736816772656,4.386737074442247
CN(C)c1ccc(C(=O)Nc2ccccc2)cc1,CCOCC,313.2184270168407,4.519649555907498
CN(C)c1ccc(C(=O)Nc2ccccc2)cc1,C1CCOC1,317.9767481517953,4.500553988824611
CN(C)c1ccc(C(=O)Nc2ccccc2)cc1,CC#N,320.6254694031762,4.4647946998101915
CN(C)c1ccc(C(=O)Nc2cccc(Br)c2)cc1,C1CCCCC1,311.4704659703449,4.472375968644417
CN(C)c1ccc(C(=O)Nc2cccc(Br)c2)cc1,CCOCC,312.6497409493332,4.551385293381759
CN(C)c1ccc(C(=O)Nc2cccc(Br)c2)cc1,C1CCOC1,316.1826562155094,4.545497616853004
CN(C)c1ccc(C(=O)Nc2cccc(Br)c2)cc1,CC#N,318.66670426443056,4.546193820965862
CN(C)c1ccc(C(=O)Nc2ccc([N+](=O)[O-])cc2)cc1,C1CCCCC1,336.2024271111967,4.451959707831425
CN(C)c1ccc(C(=O)Nc2ccc([N+](=O)[O-])cc2)cc1,CCOCC,335.46625876612404,4.572848259030521
CN(C)c1ccc(C(=O)Nc2ccc([N+](=O)[O-])cc2)cc1,C1CCOC1,343.862080780997,4.549764860616349
CN(C)c1ccc(C(=O)Nc2ccc([N+](=O)[O-])cc2)cc1,CC#N,343.96178881456615,4.587147121687989
N#Cc1ccc(N)c2nonc12,CCCCCC,394.38872141321605,3.5960052034986183
N#Cc1ccc(N)c2nonc12,Cc1ccccc1,401.78761646262234,3.5324937996542394
N#Cc1ccc(N)c2nonc12,C1COCCO1,399.87283582276933,3.65399451714359
N#Cc1ccc(N)c2nonc12,ClCCl,399.32008553217713,3.5760854062605985
N#Cc1ccc(N)c2nonc12,CC#N,395.5112765438347,3.678832811570237
N#Cc1ccc(N)c2nonc12,CCO,395.79075596196117,3.5644542754557427
N#Cc1ccc(N)c2nonc12,O,393.6271401904955,3.4921211937750334
c1ccsc1,ClCCl,300.2758581883262,3.8535185463339134
C[Si](C)(C)[Si](c1ccc(-c2ccc([Si]([Si](C)(C)C)([Si](C)(C)C)[Si](C)(C)C)s2)s1)([Si](C)(C)C)[Si](C)(C)C,ClCCl,308.169548503732,4.523163329209245
C[Si](C)(C)[Si](c1ccc(-c2ccc(-c3ccc([Si]([Si](C)(C)C)([Si](C)(C)C)[Si](C)(C)C)s3)s2)s1)([Si](C)(C)C)[Si](C)(C)C,ClCCl,382.44512316840354,4.653330132370777
c1cc2sccc2s1,ClCCl,291.75380321030286,4.138860801737886
CCCCCCCCCCCCCCCCOc1cc(C#Cc2ccc3ccccc3c2)c(OCCCCCCCCCCCCCCCC)cc1C#Cc1ccc(C=C(C#N)C#N)cc1,C1CCCCC1,452.3786909336485,4.474053296879985
CCCCCCCCCCCCCCCCOc1cc(C#Cc2ccc3ccccc3c2)c(OCCCCCCCCCCCCCCCC)cc1C#Cc1ccc(C=C(C#N)C#N)cc1,CCCCCC,438.40627328250685,4.454250833335533
CCCCCCCCCCCCCCCCOc1cc(C#Cc2ccc3ccccc3c2)c(OCCCCCCCCCCCCCCCC)cc1C#Cc1ccc(C=C(C#N)C#N)cc1,ClC(Cl)(Cl)Cl,465.63466225919746,4.5985885540081455
CCCCCCCCCCCCCCCCOc1cc(C#Cc2ccc3ccccc3c2)c(OCCCCCCCCCCCCCCCC)cc1C#Cc1ccc(C=C(C#N)C#N)cc1,CCCCOCCCC,458.3388524389682,4.563456154423322
CCCCCCCCCCCCCCCCOc1cc(C#Cc2ccc3ccccc3c2)c(OCCCCCCCCCCCCCCCC)cc1C#Cc1ccc(C=C(C#N)C#N)cc1,Cc1ccccc1,465.91806991585037,4.536917369730129
CCCCCCCCCCCCCCCCOc1cc(C#Cc2ccc3ccccc3c2)c(OCCCCCCCCCCCCCCCC)cc1C#Cc1ccc(C=C(C#N)C#N)cc1,CCOCC,454.8106219910862,4.529943467306034
CCCCCCCCCCCCCCCCOc1cc(C#Cc2ccc3ccccc3c2)c(OCCCCCCCCCCCCCCCC)cc1C#Cc1ccc(C=C(C#N)C#N)cc1,C1COCCO1,459.4737264502022,4.543103024465302
CCCCCCCCCCCCCCCCOc1cc(C#Cc2ccc3ccccc3c2)c(OCCCCCCCCCCCCCCCC)cc1C#Cc1ccc(C=C(C#N)C#N)cc1,Brc1ccccc1,468.1544096823812,4.548379130308079
CCCCCCCCCCCCCCCCOc1cc(C#Cc2ccc3ccccc3c2)c(OCCCCCCCCCCCCCCCC)cc1C#Cc1ccc(C=C(C#N)C#N)cc1,C1CCOC1,465.27553754899543,4.5091263158720505
CCCCCCCCCCCCCCCCOc1cc(C#Cc2ccc3ccccc3c2)c(OCCCCCCCCCCCCCCCC)cc1C#Cc1ccc(C=C(C#N)C#N)cc1,CCOC(C)=O,456.0341542164162,4.544558464224734
CCCCCCCCCCCCCCCCOc1cc(C#Cc2ccc3ccccc3c2)c(OCCCCCCCCCCCCCCCC)cc1C#Cc1ccc(C=C(C#N)C#N)cc1,ClC(Cl)Cl,472.80049781297004,4.874168970740007
CCCCCCCCCCCCCCCCOc1cc(C#Cc2ccc3ccccc3c2)c(OCCCCCCCCCCCCCCCC)cc1C#Cc1ccc(C=C(C#N)C#N)cc1,ClCCl,465.5580252073012,4.575104223336841
CCCCCCCCCCCCCCCCOc1cc(C#Cc2ccc3ccccc3c2)c(OCCCCCCCCCCCCCCCC)cc1C#Cc1ccc(C=C(C#N)C#N)cc1,CCCCCCCCO,456.5327014456736,4.553235487140744
CCCCCCCCCCCCCCCCOc1cc(C#Cc2ccc3ccccc3c2-c2c(C#Cc3cc(OCCCCCCCCCCCCCCCC)c(C#Cc4ccc(C=C(C#N)C#N)cc4)cc3OCCCCCCCCCCCCCCCC)ccc3ccccc23)c(OCCCCCCCCCCCCCCCC)cc1C#Cc1ccc(C=C(C#N)C#N)cc1,C1CCCCC1,471.8636146394007,4.520183993648546
CCCCCCCCCCCCCCCCOc1cc(C#Cc2ccc3ccccc3c2-c2c(C#Cc3cc(OCCCCCCCCCCCCCCCC)c(C#Cc4ccc(C=C(C#N)C#N)cc4)cc3OCCCCCCCCCCCCCCCC)ccc3ccccc23)c(OCCCCCCCCCCCCCCCC)cc1C#Cc1ccc(C=C(C#N)C#N)cc1,CCCCCC,455.8925960892003,4.492207014195759
CCCCCCCCCCCCCCCCOc1cc(C#Cc2ccc3ccccc3c2-c2c(C#Cc3cc(OCCCCCCCCCCCCCCCC)c(C#Cc4ccc(C=C(C#N)C#N)cc4)cc3OCCCCCCCCCCCCCCCC)ccc3ccccc23)c(OCCCCCCCCCCCCCCCC)cc1C#Cc1ccc(C=C(C#N)C#N)cc1,ClC(Cl)(Cl)Cl,480.2427073256328,4.62256811536666
CCCCCCCCCCCCCCCCOc1cc(C#Cc2ccc3ccccc3c2-c2c(C#Cc3cc(OCCCCCCCCCCCCCCCC)c(C#Cc4ccc(C=C(C#N)C#N)cc4)cc3OCCCCCCCCCCCCCCCC)ccc3ccccc23)c(OCCCCCCCCCCCCCCCC)cc1C#Cc1ccc(C=C(C#N)C#N)cc1,CCCCOCCCC,474.59518899522146,4.5913660030229275
CCCCCCCCCCCCCCCCOc1cc(C#Cc2ccc3ccccc3c2-c2c(C#Cc3cc(OCCCCCCCCCCCCCCCC)c(C#Cc4ccc(C=C(C#N)C#N)cc4)cc3OCCCCCCCCCCCCCCCC)ccc3ccccc23)c(OCCCCCCCCCCCCCCCC)cc1C#Cc1ccc(C=C(C#N)C#N)cc1,Cc1ccccc1,478.78663658352497,4.561967045175727
CCCCCCCCCCCCCCCCOc1cc(C#Cc2ccc3ccccc3c2-c2c(C#Cc3cc(OCCCCCCCCCCCCCCCC)c(C#Cc4ccc(C=C(C#N)C#N)cc4)cc3OCCCCCCCCCCCCCCCC)ccc3ccccc23)c(OCCCCCCCCCCCCCCCC)cc1C#Cc1ccc(C=C(C#N)C#N)cc1,CCOCC,469.55453895462944,4.5536806511728365
CCCCCCCCCCCCCCCCOc1cc(C#Cc2ccc3ccccc3c2-c2c(C#Cc3cc(OCCCCCCCCCCCCCCCC)c(C#Cc4ccc(C=C(C#N)C#N)cc4)cc3OCCCCCCCCCCCCCCCC)ccc3ccccc23)c(OCCCCCCCCCCCCCCCC)cc1C#Cc1ccc(C=C(C#N)C#N)cc1,C1COCCO1,472.19095017672873,4.575808728484069
CCCCCCCCCCCCCCCCOc1cc(C#Cc2ccc3ccccc3c2-c2c(C#Cc3cc(OCCCCCCCCCCCCCCCC)c(C#Cc4ccc(C=C(C#N)C#N)cc4)cc3OCCCCCCCCCCCCCCCC)ccc3ccccc23)c(OCCCCCCCCCCCCCCCC)cc1C#Cc1ccc(C=C(C#N)C#N)cc1,Brc1ccccc1,481.24845738561606,4.572908420499015
CCCCCCCCCCCCCCCCOc1cc(C#Cc2ccc3ccccc3c2-c2c(C#Cc3cc(OCCCCCCCCCCCCCCCC)c(C#Cc4ccc(C=C(C#N)C#N)cc4)cc3OCCCCCCCCCCCCCCCC)ccc3ccccc23)c(OCCCCCCCCCCCCCCCC)cc1C#Cc1ccc(C=C(C#N)C#N)cc1,C1CCOC1,477.5299725666363,4.540055173700881
CCCCCCCCCCCCCCCCOc1cc(C#Cc2ccc3ccccc3c2-c2c(C#Cc3cc(OCCCCCCCCCCCCCCCC)c(C#Cc4ccc(C=C(C#N)C#N)cc4)cc3OCCCCCCCCCCCCCCCC)ccc3ccccc23)c(OCCCCCCCCCCCCCCCC)cc1C#Cc1ccc(C=C(C#N)C#N)cc1,CCOC(C)=O,469.8996289384486,4.563979688227478
CCCCCCCCCCCCCCCCOc1cc(C#Cc2ccc3ccccc3c2-c2c(C#Cc3cc(OCCCCCCCCCCCCCCCC)c(C#Cc4ccc(C=C(C#N)C#N)cc4)cc3OCCCCCCCCCCCCCCCC)ccc3ccccc23)c(OCCCCCCCCCCCCCCCC)cc1C#Cc1ccc(C=C(C#N)C#N)cc1,ClC(Cl)Cl,487.59125553392096,4.888840358213242
CCCCCCCCCCCCCCCCOc1cc(C#Cc2ccc3ccccc3c2-c2c(C#Cc3cc(OCCCCCCCCCCCCCCCC)c(C#Cc4ccc(C=C(C#N)C#N)cc4)cc3OCCCCCCCCCCCCCCCC)ccc3ccccc23)c(OCCCCCCCCCCCCCCCC)cc1C#Cc1ccc(C=C(C#N)C#N)cc1,ClCCl,480.0514879222971,4.592062315050528
CCCCCCCCCCCCCCCCOc1cc(C#Cc2ccc3ccccc3c2-c2c(C#Cc3cc(OCCCCCCCCCCCCCCCC)c(C#Cc4ccc(C=C(C#N)C#N)cc4)cc3OCCCCCCCCCCCCCCCC)ccc3ccccc23)c(OCCCCCCCCCCCCCCCC)cc1C#Cc1ccc(C=C(C#N)C#N)cc1,CCCCCCCCO,473.98722229536224,4.586509981255887
COc1ccc(C2=[N+]3C(=C(c4ccc(I)cc4)c4ccc(-c5ccc(OC)cc5)n4[B-]3(F)F)C=C2)cc1,ClC(Cl)Cl,595.435387099932,4.711652624331952
Cc1cc(C)c(C2=C3C=CC(c4ccc5ccccc5c4)=[N+]3[B-](F)(F)n3c2ccc3-c2ccc3ccccc3c2)c(C)c1,ClC(Cl)Cl,604.4224279333812,4.847664611848384
Cc1cc(C)c(C2=C3C=CC(c4ccc5c(ccc6ccccc65)c4)=[N+]3[B-](F)(F)n3c2ccc3-c2ccc3c(ccc4ccccc43)c2)c(C)c1,ClC(Cl)Cl,597.5936253643829,4.794918504801851
CCCC1=CC2=C(c3c(C)cc(C)cc3C)c3cc(CCC)c(-c4ccc5ccc6cccc7ccc4c5c67)n3[B-](F)(F)[N+]2=C1c1ccc2ccc3cccc4ccc1c2c34,ClC(Cl)Cl,628.8080198280626,4.987523531673352
F[B-]1(F)n2c(ccc2-c2nc3ccccc3s2)C(c2ccccc2)=C2C=CC(c3nc4ccccc4s3)=[N+]21,ClC(Cl)Cl,539.477433064834,4.6951408343833405
F[B-]1(F)n2c(ccc2-c2cccs2)C(c2ccc(Br)cc2)=C2C=CC(c3cccs3)=[N+]21,ClC(Cl)Cl,567.8889898462289,4.755311997676112
F[B-]1(F)n2c(ccc2-c2cccs2)C(C(F)(F)F)=C2C=CC(c3cccs3)=[N+]21,CCCCCC,603.4430706194562,4.569891941408219
F[B-]1(F)n2c(cc(-c3ccccc3)c2-c2ccccc2)C(c2ccccc2)=C2C=C(c3ccccc3)C(c3ccccc3)=[N+]21,ClCCl,597.3336474328763,4.613198425814019
F[B-]1(F)n2c(c(-c3ccccc3)c(-c3ccccc3)c2-c2ccccc2)C=C2C(c3ccccc3)=C(c3ccccc3)C(c3ccccc3)=[N+]21,C1CCOC1,592.9123875652651,4.9136992879751515
COc1ccc(C2=C(c3ccc(OC)cc3)C(c3ccc(OC)cc3)=[N+]3C2=C(c2ccc(OC)cc2)c2c(-c4ccc(OC)cc4)c(-c4ccc(OC)cc4)c(-c4ccc(OC)cc4)n2[B-]3(F)F)cc1,C1CCOC1,602.3056657862465,4.595439114899941
CC1=C(C#Cc2ccc(B(c3c(C)cc(C)cc3C)c3c(C)cc(C)cc3C)cc2)C(C)=[N+]2C1=C(c1ccccc1)c1c(C)c(C#Cc3ccc(B(c4c(C)cc(C)cc4C)c4c(C)cc(C)cc4C)cc3)c(C)n1[B-]2(F)F,ClCCl,581.1049556021782,4.898845651740396
CC1=C(C#Cc2ccc([Si](c3ccccc3)(c3ccccc3)c3ccccc3)cc2)C(C)=[N+]2C1=C(c1ccccc1)c1c(C)c(C#Cc3ccc([Si](c4ccccc4)(c4ccccc4)c4ccccc4)cc3)c(C)n1[B-]2(F)F,ClCCl,560.3804239476245,4.841363539202601
CC1=CC(C)=[N+]2C1=C(c1ccccc1)c1c(C)cc(/C=C/c3ccc(N(C)C)cc3)n1[B-]2(F)F,CCOCC,580.0181067904807,5.021289603058696
CC1=CC(C)=[N+]2C1=C(c1ccc(C)cc1)c1c(C)cc(/C=C/c3ccc4ccc5cccc6ccc3c4c56)n1[B-]2(F)F,CC1CCCO1,588.4236305998616,4.982931626063811
CC1=CC(/C=C/c2c3ccccc3c(C)c3ccccc23)=[N+]2C1=C(c1ccccc1)c1c(C)cc(/C=C/c3c4ccccc4c(C)c4ccccc34)n1[B-]2(F)F,CC1CCCO1,663.5462412435006,5.049156687811731
CCOC(=O)c1ccc(/C=C/C2=[N+]3C(=C(c4ccccc4)c4ccc(/C=C/c5ccc(C(=O)OCC)o5)n4[B-]3(F)F)C=C2)o1,ClC(Cl)Cl,672.3777665035448,5.041354579535307
CCOC(=O)/C=C/C1=[N+]2C(=C(c3c(C)cc(C)cc3C)c3ccc(/C=C/C(=O)OCC)n3[B-]2(F)F)C=C1,ClCCl,612.8557850828207,4.930477428403931
CN1/C(=C\C=C\C=C\C2=C3C=CC(c4ccccc4)=[N+]3[B-](F)(F)n3c2ccc3-c2ccccc2)C(C)(C)c2ccccc21,CC#N,676.8906275702664,5.078473420419657
CN1/C(=C\C=C\C2=C3C=CC(c4ccccc4)=[N+]3[B-](F)(F)n3c2ccc3-c2ccccc2)Sc2ccccc21,CC#N,656.631884528145,4.893993407679221
CCC1=C(C)C2=C(/C=C/c3ccc([N+](=O)[O-])cc3)c3c(C)c(CC)c(/C=C/c4ccc(OC)cc4)n3[B-](F)(F)[N+]2=C1/C=C/c1ccc(OC)cc1,ClCCl,696.5593512807025,4.90942411151057
CC1=C2CCc3ccccc3C2=[N+]2C1=C(c1ccc(I)cc1)c1c(C)c3c(n1[B-]2(F)F)-c1ccccc1CC3,ClC(Cl)Cl,600.5722378457356,5.009535747986964
F[B-]1(F)n2c(cc3oc(-c4ccccc4)cc32)C=C2C=c3oc(-c4ccccc4)cc3=[N+]21,ClC(Cl)Cl,656.7994651491996,5.407065471179957
COc1ccc(-c2cc3c(o2)=CC2=Cc4cc5oc(-c6ccc(OC)cc6)cc5n4[B-](F)(F)[N+]=32)cc1,ClC(Cl)Cl,682.4554151463789,5.394017590913816
F[B-]1(F)n2c(cc3sc4ccccc4c32)C(c2ccc(I)cc2)=C2C=c3sc4ccccc4c3=[N+]21,ClC(Cl)Cl,650.9469740875007,5.07667276817931
COC(=O)c1ccc(C2=C3C=c4sc(-c5cccs5)cc4=[N+]3[B-](F)(F)n3c2cc2sc(-c4cccs4)cc23)cc1,ClCCl,654.3014439892041,5.150977066355047
COc1ccccc1C1=[N+]2C(=Cc3c4c(c(-c5ccccc5OC)n3[B-]2(F)F)C2CCC4CC2)C2=C1C1CCC2CC1,ClCCl,573.6164707893715,4.888009386357123
F[B-]1(F)C2=C(C=c3c4cccc5cccc(c54)n31)c1cccc3ccc[n+]2c13,CS(C)=O,583.1345588683337,4.5780766545271145
CC1=c2c3c4cccc5cccc(c=3c(C)[n+]2[B-](F)(F)n2c(C)c3cc6c(-c7ccccc7)c7c(c(-c8ccccc8)c6cc3c21)-c1cccc2cccc-7c12)c54,ClCCl,709.2318434649148,5.04628293348645
CC1=[N+]2C(=C(C3=CC4OCCOCCOCCOCCOC4C=C3)c3c4ccccc4c(/C=C/c4ccc(N(C)C)cc4)n3[B-]2(F)F)c2ccccc21,CC#N,643.8619792845195,4.9365753936648185
COc1ccc(C#Cc2c3ccccc3c3n2[B-](F)(F)[N+]2=C(C)C=C(C)C2=C3)cc1,ClCCl,617.2085266627803,4.799165059658093
COc1ccccc1C1=[N+]2C(=C(c3ccccc3)c3c4ccccc4c(-c4ccccc4OC)n3[B-]2(F)F)c2ccccc21,ClCCl,635.3288417081478,4.9926133168472315
CCCCCCOc1ccc2c(c1)C1=[N+]3C2=Cc2c4ccc(OCCCCCC)cc4c4n2[B-]3(Oc2ccccc21)Oc1ccccc1-4,C1CCOC1,751.6311732142555,5.0901088784867
F[B-]1(F)n2c(-c3ccccc3)cc(-c3ccccc3)c2N=C2C(c3ccccc3)=CC(c3ccccc3)=[N+]21,ClC(Cl)Cl,662.9160485439949,4.886851361513119
F[B-]1(F)n2c(-c3cccs3)cc(-c3ccccc3)c2N=C2C(c3ccccc3)=CC(c3cccs3)=[N+]21,ClCCl,718.2590583174363,5.023254813218292
F[B-]1(F)n2c(-c3ccccc3)cc(-c3cccs3)c2N=C2C(c3cccs3)=CC(c3ccccc3)=[N+]21,ClCCl,687.4959580971829,4.947301835224097
F[B-]1(F)n2c(c(-c3ccccc3)c(-c3cccs3)c2-c2ccccc2)N=C2C(c3ccccc3)=C(c3cccs3)C(c3ccccc3)=[N+]21,ClCCl,670.8879872050004,4.9234133720849105
COc1ccc(C2=[N+]3C(=Nc4c(-c5ccccc5)c5c(n4[B-]3(F)F)-c3ccc(OC)cc3CC5)C(c3ccccc3)=C2)cc1,ClC(Cl)Cl,708.7066810308627,5.053127734511255
COc1ccc2c(c1)CCc1c(-c3ccccc3)c3n(c1-2)[B-](F)(F)[N+]1=c2ccc4ccccc4c2=C(c2ccccc2)C1=N3,ClC(Cl)Cl,739.7885196684197,5.171959478642192
COc1ccccc1C1=[N+]2C(=Nc3c(-c4ccccc4)cc(-c4ccccc4OC)n3[B-]2(F)F)C(c2ccccc2)=C1,Cc1ccccc1,694.8281154308204,5.0066940859724
Fc1ccc(C2=[N+]3C(=Nc4c5ccccc5c(-c5ccc(F)cc5)n4[B-]3(F)F)c3ccccc32)cc1,ClCCl,690.0185405393302,4.927561403877361
CN(C)c1ccc(C2=[N+]3C(=Nc4c5ccccc5c(-c5ccc(N(C)C)cc5)n4[B-]3(F)F)c3ccccc32)cc1,ClCCl,766.95368873046,4.967428519919107
Cc1ccc(C2=[N+]3C(=Nc4c5ccccc5c(-c5ccc(C)s5)n4[B-]3(F)F)c3ccccc32)s1,ClCCl,699.0788023694538,4.927154398016775
F[B-]1(F)n2c(-c3ccccc3)c3ccc4ccccc4c3c2N=C2c3c(ccc4ccccc34)C(c3ccccc3)=[N+]21,ClCCl,710.7387069037808,4.979146226315938
CC1=CC(C)=[N+]2C1=Cc1c(C)c(C3=C(C)C4=Cc5c(C)cc(C)n5[B-](F)(F)[N+]4=C3C)c(C)n1[B-]2(F)F,ClCCl,552.2585312813188,4.884207720732827
CCCCCCCCOc1ccc(-c2c3c4n(c(-c5ccc(OCCCCCCCC)cc5)c3c3n2[B-](F)(F)[n+]2c(ccc5cc(C(C)(C)C)ccc52)C=3C#N)[B-](F)(F)[n+]2c(ccc3cc(C(C)(C)C)ccc32)C=4C#N)cc1,ClC(Cl)Cl,665.5260992542578,4.96821911639774
O=C1C2=C(O[B-](F)(F)[n+]3c2ccc2ccccc23)c2cccc3c(N4CCOCC4)ccc1c23,ClCCl,469.8153822820318,4.196867155412119
O=C1c2ccccc2C2=Nc3cccc[n+]3[B-](F)(F)N12,ClCCl,387.99565197843873,4.3796751852202425
O=C1c2cc3ccccc3cc2C2=Nc3cccc[n+]3[B-](F)(F)N12,ClCCl,420.36839457559006,4.557659725555162
F[B-]1(F)N(c2ccccc2)c2cccc3ccc4ccc[n+]1c4c23,ClCCl,424.4555686830746,4.259533707993507
Cc1ccc([N+]2=c3c4n(c5ccccc35)[B-](F)(F)[N+](c3ccc(C)cc3)=c3c=4n(c4ccccc34)[B-]2(F)F)cc1,ClCCl,618.1923062948032,4.835645881937691
Cc1ccc(-c2ccc3ccc4cc(C(C)(C)C)cc5ccc2c3c45)cc1,C1CCOC1,381.7414013447382,4.30025119876157
COc1ccc(C2C3=C(CCCC3=O)Nc3c2c(=O)oc2ccccc32)cc1,CS(C)=O,369.4653985388263,4.194859637607834
CCCCC(CC)COC(=O)/C=C/c1c(OC)ccc(OC)c1OC,CO,337.0527560321592,4.237708871128952
CCCCC(CC)COC(=O)/C=C/c1c(OC)ccc(OC)c1OC,CCCCCC,335.39432732067945,4.122929187145155
CCCCC(CC)COC(=O)/C=C\c1c(OC)ccc(OC)c1OC,CO,321.1053420746804,4.113695259642685
CCCCC(CC)COC(=O)/C=C\c1c(OC)ccc(OC)c1OC,CCCCCC,320.7010983868321,3.9931188931697137
CCCCC(CC)COC(=O)/C=C/c1ccccc1OC,CO,319.24105163547813,4.170085321446548
CCCCC(CC)COC(=O)/C=C/c1ccccc1OC,CCCCCC,315.8976063692738,4.073614381670266
Nc1cc[nH]c(=S)n1,CCOC(C)=O,358.08986800175944,3.774097497542911
Nc1cc[nH]c(=S)n1,CC#N,354.2406677098952,3.834246250395142
Nc1cc[nH]c(=S)n1,CS(C)=O,360.56064350905615,3.918429736152418
Nc1cc[nH]c(=S)n1,CCO,357.69347687456013,3.7722042841904924
Nc1cc[nH]c(=S)n1,CO,356.36931741080537,3.843122853322277
Nc1cc[nH]c(=S)n1,O,350.93398239134865,3.7111396878435494
CCOC(=O)C1=C(C)NC2=C(C(=O)c3ccccc32)C1c1ccc(N(C)C)cc1,CCO,398.8034820678739,3.8518670020610144
CCOC(=O)C1=C(C)NC2=C(C(=O)c3ccccc32)C1c1ccc(N(C)C)cc1,CS(C)=O,403.4514227645036,4.028051722414344
CCOC(=O)C1=C(C)NC2=C(C(=O)c3ccccc32)C1c1ccc(N(C)C)cc1,CO,398.0416257235352,3.7934954658663345
CCOC(=O)C1=C(C)NC2=C(C(=O)c3ccccc32)C1c1ccc(N(C)C)cc1,CN(C)C=O,400.94230360957914,3.9421790458032633
CCOC(=O)C1=C(C)NC2=C(C(=O)c3ccccc32)C1c1ccc(N(C)C)cc1,ClC(Cl)Cl,391.4526908280913,4.035221782252817
CCOC(=O)C1=C(C)NC2=C(C(=O)c3ccccc32)C1c1ccc(N(C)C)cc1,ClCCl,394.6150381196278,3.994117545347563
CCOC(=O)C1=C(C)NC2=C(C(=O)c3ccccc32)C1c1ccc(N(C)C)cc1,CC#N,396.6051680055998,3.989430466391673
CCOC(=O)C1=C(C)NC2=C(C(=O)c3ccccc32)C1c1ccc(N(C)C)cc1,C1COCCO1,388.54787089659277,4.044931284105756
CCOC(=O)C1=C(C)NC2=C(C(=O)c3ccccc32)C1c1ccc(N(C)C)cc1,C1CCOC1,391.9031412939069,4.014611080617575
CCOC(=O)C1=C(C)NC2=C(C(=O)c3ccccc32)C1c1ccc(N(C)C)cc1,ClC(Cl)(Cl)Cl,394.2472612299209,4.0114073152742735
CCC(C)(C)c1ccc(-c2ccc(-c3ccccc3)cc2)cc1,C1COCCO1,288.7043846612531,4.553786618237239
CCCC1(CCC)c2cc(-c3cccc(C)c3)ccc2-c2ccc(-c3cccc(C)c3)cc21,C1CCCCC1,337.88617877732304,4.821830723017599
CCC(C)(C)c1ccc2c(c1)C(CC)(CC)c1cc(-c3ccc4c(c3)C(CC)(CC)c3cc(C(C)(C)CC)ccc3-4)ccc1-2,C1CCCCC1,338.34596131107185,4.802400619453648
CCCC1(CCC)c2cc(-c3ccc(OC)cc3)ccc2-c2ccc(-c3ccc4c(c3)C(CCC)(CCC)c3cc(-c5ccc(OC)cc5)ccc3-4)cc21,C1CCCCC1,346.7704537413686,4.979940150498041
CCCC1(CCC)c2ccccc2-c2ccc(-c3ccc4c(c3)C(CCC)(CCC)c3cc(-c5ccc6c(c5)C(CCC)(CCC)c5cc(-c7ccc8c(c7)C(CCC)(CCC)c7ccccc7-8)ccc5-6)ccc3-4)cc21,C1CCCCC1,358.1715863736337,5.072682110152361
CCCC1(CCC)c2cc(-c3ccc(-c4ccc(OC)cc4)o3)ccc2-c2ccc(-c3ccc(-c4ccc(OC)cc4)o3)cc21,C1CCCCC1,362.7730617358909,4.722438814728533
CCn1nc(-c2ccc(C)cc2)c2ccc3[o+]c(-c4ccc(C)cc4)c4ccc1c2c34.[O-][Cl+3]([O-])([O-])[O-],ClCCl,498.3221648813157,4.682079273385641
CCn1nc(-c2ccc(C)cc2)c2ccc3[o+]c(-c4ccc(C)cc4)c4ccc1c2c34.[O-][Cl+3]([O-])([O-])[O-],ClC(Cl)Cl,490.4510947528788,4.685104407203047
CCn1nc(-c2ccc(C)cc2)c2ccc3[o+]c(-c4ccc(C)cc4)c4ccc1c2c34.[O-][Cl+3]([O-])([O-])[O-],CC#N,484.67708070544825,4.679467829657971
CCn1nc(-c2ccc(C)cc2)c2ccc3[o+]c(-c4ccc(C)cc4)c4ccc1c2c34.[O-][Cl+3]([O-])([O-])[O-],CC(C)=O,486.091476129036,4.6661038074864
CCn1nc(-c2ccc(C)cc2)c2ccc3[o+]c(-c4ccc(C)cc4)c4ccc1c2c34.[O-][Cl+3]([O-])([O-])[O-],C1CCOC1,487.58560357306396,4.64612058781942
CCn1nc(-c2ccc(C)cc2)c2ccc3[o+]c(-c4ccc(C)cc4)c4ccc1c2c34.[O-][Cl+3]([O-])([O-])[O-],CS(C)=O,488.77186415231665,4.581198411102045
CC(C)(C)c1ccc(/C=C/c2ccc(N(c3ccc(/C=C/c4ccc(C(C)(C)C)cc4)cc3)c3ccc(-c4nc5ccccc5nc4-c4ccc(N(c5ccc(/C=C/c6ccc(C(C)(C)C)cc6)cc5)c5ccc(/C=C/c6ccc(C(C)(C)C)cc6)cc5)cc4)cc3)cc2)cc1,Cc1ccccc1,392.45199733626384,4.970749620541338
C(=C/c1ccccn1)\c1ccc(N(c2ccc(/C=C/c3ccccn3)cc2)c2ccc(-c3nc4ccccc4nc3-c3ccc(N(c4ccc(/C=C/c5ccccn5)cc4)c4ccc(/C=C/c5ccccn5)cc4)cc3)cc2)cc1,Cc1ccccc1,410.2936759724166,4.6893297625172625
CC(C)(C)c1ccc(/C=C/c2ccc(N(c3ccc(/C=C/c4ccc(C(C)(C)C)cc4)cc3)c3ccc(-c4nc5ccccc5nc4-c4ccc(N(c5ccc(/C=C/c6ccc(C(C)(C)C)cc6)cc5)c5ccc(/C=C/c6ccc(C(C)(C)C)cc6)cc5)cc4)cc3)cc2)cc1,C1CCOC1,391.2307654476648,4.842977184242101
C(=C/c1ccccn1)\c1ccc(N(c2ccc(/C=C/c3ccccn3)cc2)c2ccc(-c3nc4ccccc4nc3-c3ccc(N(c4ccc(/C=C/c5ccccn5)cc4)c4ccc(/C=C/c5ccccn5)cc4)cc3)cc2)cc1,C1CCOC1,409.1461767036509,4.64189405261943
CCNc1ccc2c(c1)C(C)(C)C(=O)C=C2,O,389.7168783998948,4.042563070363373
CN(C)c1ccc2c(c1)C(C)(C)C(=O)C=C2,O,394.16841669861833,4.109576266734419
CC1(C)C(=O)C=Cc2ccc(N3CCC3)cc21,O,428.30352471655516,4.329048892154008
COc1ccc(/C=C/c2nc3c4ccccc4c4ccccc4c3o2)cc1,CC#N,373.9892322327305,4.644663163093531
N#Cc1nc(N(Cc2ccc(Cl)cc2)Cc2ccc(Cl)cc2)c(C#N)nc1N(Cc1ccc(Cl)cc1)Cc1ccc(Cl)cc1,ClC(Cl)Cl,487.6203131237924,3.5803378744071788
Cc1ccccc1CN(Cc1ccccc1C)c1nc(C#N)c(N(Cc2ccccc2C)Cc2ccccc2C)nc1C#N,ClC(Cl)Cl,481.1714749749096,3.6682855260585834
CCCCCCCCCCCCN1C(=O)c2cccc3c(N(Cc4ccccn4)Cc4ccccn4)c4ccccc4c(c23)C1=O,CCO,458.15158766246157,4.021333511566435
Cc1ccc2nc3c(nc2c1)c(-c1ccccc1)nn3C,C1CCCCC1,423.60715280864287,3.8095008595897006
Cc1ccc2nc3c(nc2c1)c(-c1ccccc1)nn3C,C1CCOC1,423.61242834159094,3.842309524794687
Cc1ccc2nc3c(nc2c1)c(-c1ccccc1)nn3C,CC#N,423.07459937946885,3.7992520283383024
CN(C)c1ccc(C2=Cc3ccc4ccccc4[n+]3[B-](F)(F)O2)cc1,ClC(Cl)Cl,451.64048030133745,4.570081200226849
F[B-]1(F)OC(c2ccccc2)=Cc2ccc3ccccc3[n+]21,ClC(Cl)Cl,427.0956207737293,4.50226018462782
F[B-]1(F)OC(c2ccc(Br)cc2)=Cc2ccc3ccccc3[n+]21,ClC(Cl)Cl,428.20617433031583,4.535770304962168
CCCCCCCCCCCCN1C(=O)c2c(c3ccc4cc(-c5ccc(C=O)cc5)c(OC)cc4c3c3c2ccc2cc(-c4ccc(C=O)cc4)c(OC)cc23)C1=O,ClCCl,436.2852800098582,4.360009201201814
CCCCCCCCCCCCN1C(=O)c2c(c3ccc4cc(-c5ccc(OC)cc5)c(OC)cc4c3c3c2ccc2cc(-c4ccc(OC)cc4)c(OC)cc23)C1=O,ClCCl,434.67133871175486,4.328164007441419
CCCCCCCCCCCCN1C(=O)c2c(c3ccc4cc(-c5cccs5)c(OC)cc4c3c3c2ccc2cc(-c4cccs4)c(OC)cc23)C1=O,ClCCl,458.5817805558622,4.326085393294972
O=C1CCCC2=C1CC1=C(CCCC1=O)N2NC(=O)c1ccc(O)cc1,CO,371.02990142014585,3.887045059339912
O=C1CCCC2=C1CC1=C(CCCC1=O)N2NC(=O)c1ccc(O)cc1,CCCCCO,373.76677495323116,3.899964403995446
O=C1CCCC2=C1CC1=C(CCCC1=O)N2NC(=O)c1ccc(O)cc1,CC#N,367.6531543861945,3.8283402119200494
O=C1CCCC2=C1CC1=C(CCCC1=O)N2NC(=O)c1ccc(O)cc1,ClCCl,366.0675584721415,3.795229531842206
O=C1CCCC2=C1CC1=C(CCCC1=O)N2NC(=O)c1ccc(O)cc1,ClC(Cl)Cl,366.8944140448458,3.8671878411685823
O=C1CCCC2=C1CC1=C(CCCC1=O)N2NC(=O)c1ccc(O)cc1,CC(C)=O,365.8133365655873,3.9178286127345827
COc1ccc(C2=C(c3ccc(F)cc3)C(c3ccccc3)=[N+]3C2=Nc2c(-c4ccc(OC)cc4)c(-c4ccc(F)cc4)c(-c4ccccc4)n2[B-]3(F)F)cc1,Cc1ccccc1,653.7829671074278,4.765498219933705
CCOC(=O)C1=CN(c2ccccc2)C=CC1c1ccccc1,CO,341.95424300255195,3.6684439645196862
CCOC(=O)C1=CN(c2ccccc2)C=C(C(=O)OCC)C1c1ccccc1,CO,359.386969916844,3.539256813589811
CCOC(=O)C1=CN(c2ccccc2)C=CC1c1ccccc1,C1CCOC1,339.9928767810531,3.8376260059275205
CCOC(=O)C1=CN(c2ccccc2)C=C(C(=O)OCC)C1c1ccccc1,C1CCOC1,357.49148653785767,3.8410752277359754
Cc1ccc(N(c2ccc(C)cc2)c2c([O-])c(=[N+](c3ccc(C)cc3)c3ccc(C)cc3)c2=O)cc1,CN(C)C=O,416.9973738078722,4.6119693628716725
COc1ccc(N(c2ccc(C)cc2)c2c([O-])/c(=[N+](\c3ccc(C)cc3)c3ccc(OC)cc3)c2=O)cc1,CN(C)C=O,419.9575678097334,4.6120682954536125
Cn1c(-c2ccc(-c3nc(-c4ccccc4)c(-c4ccccc4)n3C)s2)nc(-c2ccccc2)c1-c1ccccc1,CC#N,359.4142637606511,4.385561099358195
c1ccc(-c2nc(-c3ccc(-c4nc(-c5ccccc5)c(-c5ccccc5)[nH]4)cc3)[nH]c2-c2ccccc2)cc1,CC#N,357.8980336902754,4.551074650858423
COc1ccc(-c2nc(-c3ccc(-c4nc(-c5ccc(OC)cc5)c(-c5ccc(OC)cc5)[nH]4)s3)[nH]c2-c2ccc(OC)cc2)cc1,CC#N,380.7605607404388,4.395260619531401
COc1ccc(-c2nc(-c3ccc(-c4nc(-c5ccc(OC)cc5)c(-c5ccc(OC)cc5)[nH]4)cc3)[nH]c2-c2ccc(OC)cc2)cc1,CC#N,340.35862195443946,4.440159924646389
c1ccc(-c2nc(-c3ccccc3)c(-c3ccccc3)[nH]2)cc1,CC#N,336.98238825374875,4.468072740812781
c1ccc(-c2ccc3c4ccc(-c5ccccc5)c5c(-c6ccccc6)ccc(c6ccc(-c7ccccc7)c2c36)c54)cc1,ClCCl,469.89726785717573,4.584901696980446
Cc1ccc(-c2cc(-c3ccc(N(C)C)cc3)c3c(N)nc(N4CCCC4)c(C#N)c3n2)cc1,c1ccccc1,428.7773781873151,3.767148802677016
Cc1ccc(-c2cc(-c3ccc(N(C)C)cc3)c3c(N)nc(N4CCCC4)c(C#N)c3n2)cc1,ClC(Cl)Cl,423.2935374968586,4.042786451693943
Cc1ccc(-c2cc(-c3ccc(N(C)C)cc3)c3c(N)nc(N4CCCC4)c(C#N)c3n2)cc1,ClCCl,425.8363210656298,4.314263801078481
Cc1ccc(-c2cc(-c3ccc(N(C)C)cc3)c3c(N)nc(N4CCCC4)c(C#N)c3n2)cc1,CC(C)=O,423.2072431155442,4.117047667535056
Cc1ccc(-c2cc(-c3ccc(N(C)C)cc3)c3c(N)nc(N4CCCC4)c(C#N)c3n2)cc1,CC(C)O,419.1480332154735,4.0357425203838115
Cc1ccc(-c2cc(-c3ccc(N(C)C)cc3)c3c(N)nc(N4CCCC4)c(C#N)c3n2)cc1,CO,420.67638478154333,4.027914545679898
Cc1ccc(-c2cc(-c3ccc(N(C)C)cc3)c3c(N)nc(N4CCCC4)c(C#N)c3n2)cc1,CC#N,421.8640102106522,4.407953014080249
Nc1ccc2c(c1)Cc1ccccc1-2,C1COCCO1,335.99451366651596,4.2151326217014145
Nc1ccc2c(c1)Cc1ccccc1-2,CCOCC,338.09112476214693,4.159635527647852
Nc1ccc2c(c1)Cc1ccccc1-2,ClCCl,340.67621666143646,4.152504763195484
Nc1ccc2c(c1)Cc1ccccc1-2,CCOC(C)=O,343.53203612694244,4.190737211668219
Nc1ccc2c(c1)Cc1ccccc1-2,CC#N,339.2396631686568,4.02658590358128
Nc1ccc2c(c1)Cc1ccccc1-2,CO,343.6030277853416,4.117973809187599
Nc1ccc2c(c1)Cc1ccccc1-2,CCO,344.4995526948376,4.1433807346386775
Nc1ccc2c(c1)Cc1ccccc1-2,CC(C)O,344.2005351670812,4.09283075111192
Nc1ccc2c(c1)Cc1ccccc1-2,O,337.926684766545,3.9837974095035413
COC(=O)c1nc(Br)c(-c2ccccc2)o1,C1CCCCC1,305.1354932840289,4.313265425601258
COOCc1noc(-c2ccccc2)c1Cl,C1CCCCC1,283.6698788680597,4.061210051281147
COC(=O)C(NC(=O)OC(C)(C)C)c1ccc2oc(-c3ccc(O)cc3O)nc2c1,CO,322.210731678685,4.45450712194236
COC(=O)C(NC(=O)OC(C)(C)C)c1ccc2oc(-c3ccc(N(C)C)cc3OC)nc2c1,CO,337.8786467711783,4.461080106066453
COC(=O)C(NC(=O)OC(C)(C)C)c1ccc2oc(-c3ccc(OC(=O)c4ccccc4)cc3OC(=O)c3ccccc3)nc2c1,CO,332.5592102626163,4.5107679200306405
COC(=O)C(NC(=O)OC(C)(C)C)c1ccc2oc(-c3ccc(O)cc3O)nc2c1,CC#N,323.74289995480484,4.451050880170386
COC(=O)C(NC(=O)OC(C)(C)C)c1ccc2oc(-c3ccc(N(C)C)cc3OC)nc2c1,CC#N,336.91404054903535,4.463838521441561
COC(=O)C(NC(=O)OC(C)(C)C)c1ccc2oc(-c3ccc(OC(=O)c4ccccc4)cc3OC(=O)c3ccccc3)nc2c1,CC#N,333.869563497729,4.488696679030658
COC(=O)C(NC(=O)OC(C)(C)C)c1ccc2oc(-c3ccc(N(C)C)cc3OC)nc2c1,CC1CCCCC1,339.5946815062675,4.476861207866879
COC(=O)C(NC(=O)OC(C)(C)C)c1ccc2oc(-c3ccc(OC(=O)c4ccccc4)cc3OC(=O)c3ccccc3)nc2c1,CC1CCCCC1,339.1172479554196,4.492015419963497
CC1=C(I)C(C)=[N+]2C1=C(c1c(-c3ccccn3)nc3ccccn13)c1c(C)cc(C)n1[B-]2(F)F,ClCCl,524.5852297801027,4.917902833740218
CC1=C(I)C(C)=[N+]2C1=C(c1c(-c3ccccn3)nc3ccccn13)c1c(C)c(I)c(C)n1[B-]2(F)F,ClCCl,531.9909205927922,4.570855864665372
CC1=C(c2ccccc2)C(C)=[N+]2C1=C(c1c(-c3ccccn3)nc3ccccn13)c1c(C)c(-c3ccccc3)c(C)n1[B-]2(F)F,ClCCl,545.2279965937421,4.839191168574515
COc1ccc(C2=C(C)C3=C(c4c(-c5ccccn5)nc5ccccn45)c4c(C)cc(C)n4[B-](F)(F)[N+]3=C2C)cc1,ClCCl,534.5601020893978,4.965172243432507
COc1ccc(C2=C(C)C3=C(c4c(-c5ccccn5)nc5ccccn45)c4c(C)c(-c5ccc(OC)cc5)c(C)n4[B-](F)(F)[N+]3=C2C)cc1,ClCCl,558.4095932472771,4.758667765693354
CC1=C(c2ccc(N(c3ccccc3)c3ccccc3)cc2)C(C)=[N+]2C1=C(c1c(-c3ccccn3)nc3ccccn13)c1c(C)c(-c3ccc(N(c4ccccc4)c4ccccc4)cc3)c(C)n1[B-]2(F)F,ClCCl,541.8886242248375,4.562673011432018
N#Cc1c(-n2nnc3c2-c2ccccc2CN(C(=O)CCN)c2ccccc2-3)n([C@H]2C[C@H](O)[C@@H](CO)O2)c2ncnc(N)c12,CO,306.1922413752135,4.222556269026697
N#Cc1c(-n2nnc3ccccc32)n([C@H]2C[C@H](O)[C@@H](CO)O2)c2ncnc(N)c12,CO,279.7223747438173,4.2099523440231055
Cc1ccc2nnn(-c3c(C#N)c4c(N)ncnc4n3[C@H]3C[C@H](O)[C@@H](CO)O3)c2c1,CO,279.4580586735403,4.23456375500086
Cc1nc2c(c[n+]1C)CN1C(=O)N([C@H]3O[C@@H](CO)[C@H](O)[C@@H]3O)C=CC1=N2,CC#N,376.65945131304574,4.427224336654018
Cc1nc2c(c[n+]1C)CN1C(=O)N([C@H]3O[C@@H](CO)[C@H](O)[C@@H]3O)C=CC1=N2,CC(C)=O,373.3803287610977,4.454273569969607
Cc1nc2c(c[n+]1C)CN1C(=O)N([C@H]3O[C@@H](CO)[C@H](O)[C@@H]3O)C=CC1=N2,CO,369.14108237583525,4.51234680088698
Cc1nc2c(c[n+]1C)CN1C(=O)N([C@H]3O[C@@H](CO)[C@H](O)[C@@H]3O)C=CC1=N2,CCO,373.78892868860896,4.449030416955324
Cc1nc2c(c[n+]1C)CN1C(=O)N([C@H]3O[C@@H](CO)[C@H](O)[C@@H]3O)C=CC1=N2,O,364.5552669175908,4.424351606430539
Cc1nc2c(c[n+]1C)CN1C(=O)N([C@H]3O[C@@H](CO)[C@H](O)[C@@H]3O)C=CC1=N2,[2H]O[2H],376.1554217082033,4.45638910626914
Cn1ccc(-n2cncn2)nc1=O,O,320.5232397959056,3.9209382009806526
Cc1cn(C)c(=O)nc1-n1cncn1,O,316.00993050909693,3.9463687600289026
C[N+]1=C(/C=C/C=C2/N(CCC[N+](C)(C)C)c3ccccc3C2(C)C)C(C)(C)c2ccccc21,CS(C)=O,548.9309745800754,5.063670273459873
CCCCN1/C(=C/C=C/C2=[N+](C)c3ccccc3C2(C)C)C(C)(C)c2cc(OC)ccc21,CS(C)=O,556.3631707974794,5.086447176294615
CCCCn1/c(=C/C=C/C2=[N+](C)c3ccccc3C2(C)C)c2cccc3cccc1c32,CS(C)=O,550.1276664201674,4.977033740950668
O=C(O)c1ccc(C2CC(c3cccc4ccccc34)=NN2c2ccccc2)cc1,O,366.58285070351315,4.824906213425936
O=C(O)c1ccc(C2CC(c3cccc4ccccc34)=NN2c2ccccc2)cc1,CO,369.3761563962618,5.102343607626539
O=C(O)c1ccc(C2CC(c3cccc4ccccc34)=NN2c2ccccc2)cc1,CC#N,367.3958089261324,4.941173242478471
O=C(O)c1ccc(C2CC(c3cccc4ccccc34)=NN2c2ccccc2)cc1,C1CCOC1,371.6909566047665,4.989771150396378
O=C(O)c1ccc(C2CC(c3cccc4ccccc34)=NN2c2ccccc2)cc1,C1COCCO1,368.0204249135797,5.0320672500049595
O=C(O)c1ccc(C2CC(c3cccc4ccccc34)=NN2c2ccccc2)cc1,CCCCCCC,358.6628060791948,4.827473456176554
O=C(O)c1ccc(C2CC(c3cccc4ccccc34)=NN2c2ccccc2)cc1,C1CCCCC1,360.56356785483223,4.8403897034557355
O=C(O)c1cc2c(ccc3ccccc32)oc1=O,C1COCCO1,371.29974545016677,4.181861370544912
O=C(O)c1cc2c(ccc3ccccc32)oc1=O,CCCCO,376.12774967802727,4.045551473671828
O=C(O)c1cc2c(ccc3ccccc32)oc1=O,CC#N,373.3565030437412,4.184872458067249
O=C(O)c1cc2c(ccc3ccccc32)oc1=O,CCO,375.22566708301656,4.114560016357355
O=C(O)c1cc2c(ccc3ccccc32)oc1=O,CO,371.66457343107305,4.196590140425751
O=C([O-])c1cc2c(ccc3ccccc32)oc1=O,O,375.67590943300496,3.8491608148288776
COC(=O)c1ccc2c3ccc(C(=O)OC)c4c(C(=O)OC)ccc(c5ccc(C(=O)OC)c1c25)c43,CCCCO,420.42980521657074,4.272397922123212
COC(=O)c1ccc2c3ccc(C(=O)OC)c4c(C(=O)OC)ccc(c5ccc(C(=O)OC)c1c25)c43,CC(C)O,421.72230809812055,4.307132815934208
COC(=O)c1ccc2c3ccc(C(=O)OC)c4c(C(=O)OC)ccc(c5ccc(C(=O)OC)c1c25)c43,CO,417.9744255363888,4.2986769374049665
COC(=O)c1ccc2c3ccc(C(=O)OC)c4c(C(=O)OC)ccc(c5ccc(C(=O)OC)c1c25)c43,CC(C)=O,417.43762478749767,4.369461936898871
COC(=O)c1ccc2c3ccc(C(=O)OC)c4c(C(=O)OC)ccc(c5ccc(C(=O)OC)c1c25)c43,CC#N,419.5000641658156,4.294406277153294
COC(=O)c1ccc2c3ccc(C(=O)OC)c4c(C(=O)OC)ccc(c5ccc(C(=O)OC)c1c25)c43,C1COCCO1,422.3526825545162,4.334810735374455
COC(=O)c1ccc2c3ccc(C(=O)OC)c4c(C(=O)OC)ccc(c5ccc(C(=O)OC)c1c25)c43,CN(C)C=O,428.11477246219135,4.366961659906722
COC(=O)c1ccc2c3ccc(C(=O)OC)c4c(C(=O)OC)ccc(c5ccc(C(=O)OC)c1c25)c43,ClC(Cl)Cl,424.36105262451053,4.295052408657473
CN(C)c1ccc(C2=Cc3ccc4ccccc4[n+]3[B-](F)(F)O2)cc1,CCOC(C)=O,448.0521033743633,4.585219784998707
CN(C)c1ccc(C2=Cc3ccc4ccccc4[n+]3[B-](F)(F)O2)cc1,C1CCOC1,449.13997704505493,4.595562087191431
CN(C)c1ccc(C2=Cc3ccc4ccccc4[n+]3[B-](F)(F)O2)cc1,COC(C)=O,449.5287445407636,4.603056748324748
CN(C)c1ccc(C2=Cc3ccc4ccccc4[n+]3[B-](F)(F)O2)cc1,CC#N,448.4070142588991,4.580047948400775
CN(C)c1ccc(C2=Cc3ccc4ccccc4[n+]3[B-](F)(F)O2)cc1,CN(C)C=O,453.73418109014335,4.577023507363793
CN(C)c1ccc(C2=Cc3ccc4ccccc4[n+]3[B-](F)(F)O2)cc1,ClC(Cl)Cl,451.64048034039115,4.570081196663575
CN(C)c1ccc(C2=Cc3ccc4ccccc4[n+]3[B-](F)(F)O2)cc1,CO,448.60882146588193,4.566789033175061
Cc1cc(C)c(C2=C3C=CC=[N+]3[B-]3(c4cccc5ccccc45)Oc4cc(O)cc5c6ccc(C)cc6c6cc2n3c6c45)c(C)c1,ClC(Cl)Cl,651.617066091846,4.827060939125765
CCCCC1(CCCC)c2cc(-c3ccc(C=C4C(=O)c5ccccc5C4=O)cc3)ccc2-c2ccc(-c3ccc(C=C4C(=O)c5ccccc5C4=O)cc3)cc21,CCCCCC,420.0966115095565,4.700992519396605
CCCCC1(CCCC)c2cc(-c3ccc(C=C4C(=O)c5ccccc5C4=O)cc3)ccc2-c2ccc(-c3ccc(C=C4C(=O)c5ccccc5C4=O)cc3)cc21,Cc1ccccc1,430.18164648281953,4.6486239754728995
CCCCC1(CCCC)c2cc(-c3ccc(C=C4C(=O)c5ccccc5C4=O)cc3)ccc2-c2ccc(-c3ccc(C=C4C(=O)c5ccccc5C4=O)cc3)cc21,ClC(Cl)Cl,437.88807515254337,4.678661802424935
CCCCC1(CCCC)c2cc(-c3ccc(C=C4C(=O)c5ccccc5C4=O)cc3)ccc2-c2ccc(-c3ccc(C=C4C(=O)c5ccccc5C4=O)cc3)cc21,C1CCOC1,432.77537958027926,4.68013889321149
CCCCC1(CCCC)c2cc(-c3ccc(C=C4C(=O)c5ccccc5C4=O)cc3)ccc2-c2ccc(-c3ccc(C=C4C(=O)c5ccccc5C4=O)cc3)cc21,CC(C)=O,430.5841491526736,4.6033972097656015
CCCCC1(CCCC)c2cc(-c3ccc(C=C4C(=O)c5ccccc5C4=O)cc3)ccc2-c2ccc(-c3ccc(C=C4C(=O)c5ccccc5C4=O)cc3)cc21,CS(C)=O,438.0768983928375,4.55291584292751
c1ccc(-c2nn(-c3ccccc3)c3nc4ccc(-n5c6ccccc6c6ccccc65)cc4cc23)cc1,C1CCCCC1,419.1429975369045,3.8818860606186165
c1ccc(-c2nn(-c3ccccc3)c3nc4ccc(-n5c6ccccc6c6ccccc65)cc4cc23)cc1,CCCCOCCCC,418.8251473500697,3.8960607921623605
c1ccc(-c2nn(-c3ccccc3)c3nc4ccc(-n5c6ccccc6c6ccccc65)cc4cc23)cc1,CCCCCl,420.39822379813404,3.923024642871053
c1ccc(-c2nn(-c3ccccc3)c3nc4ccc(-n5c6ccccc6c6ccccc65)cc4cc23)cc1,C1CCOC1,418.69837565304186,3.9064389057364695
c1ccc(-c2nn(-c3ccccc3)c3nc4ccc(-n5c6ccccc6c6ccccc65)cc4cc23)cc1,CC(C)=O,418.7892362320208,3.9253571233618283
c1ccc(-c2nn(-c3ccccc3)c3nc4ccc(-n5c6ccccc6c6ccccc65)cc4cc23)cc1,CC#N,415.7742315170446,3.8821428268208074
c1ccc(-c2nn(-c3ccccc3)c3nc4ccc(-n5c6ccccc6c6ccccc65)cc4cc23)cc1,CN(C)C=O,418.16903832872015,3.921377738812198
c1csc(-c2ccc(-c3cccs3)c3nsnc23)c1,ClC(Cl)Cl,431.40232430440847,3.928218393718736
COc1ccc(N(c2ccc(OC)cc2)c2ccc(-c3ccc(-c4ccc(-c5cccs5)c5nsnc45)s3)cc2)cc1,ClC(Cl)Cl,525.3583113094573,4.131636629487078
COc1cc(OC)c2c3c([nH]c2c1)C(=O)CCC3,C1COCCO1,386.2993057625111,4.165423183862603
COc1cc(OC)c2c3c([nH]c2c1)C(=O)CCC3,CCOC(C)=O,392.3600168889993,4.208630911120199
COc1cc(OC)c2c3c([nH]c2c1)C(=O)CCC3,CC#N,384.76082947059,4.093550516521294
COc1cc(OC)c2c3c([nH]c2c1)C(=O)CCC3,CN(C)C=O,394.6707230158657,4.1656100528691615
COc1cc(OC)c2c3c([nH]c2c1)C(=O)CCC3,CS(C)=O,400.23756087101185,4.170947281897712
COc1cc(OC)c2c3c([nH]c2c1)C(=O)CCC3,CO,388.69334537669096,4.126245793138601
COc1cc(OC)c2c3c([nH]c2c1)C(=O)CCC3,CCCCCCCCCCO,386.6278068917156,4.089930309069979
COc1cc(OC)c2c3c([nH]c2c1)C(=O)CCC3,CCCCCCO,388.5879626805305,4.116168737854048
COc1cc(OC)c2c3c([nH]c2c1)C(=O)CCC3,CCCCCCCCCCCCO,385.9654810925501,4.083547532087608
COc1cc(OC)c2c3c([nH]c2c1)C(=O)CCC3,CCCCCCCCO,387.65927633273134,4.095974979501681
COc1cc(OC)c2c3c([nH]c2c1)C(=O)CCC3,O,388.14969179006687,4.004985537863399
CCN(CC)c1ccc(-n2cccc2)cc1,CCCCCC,353.9464270081212,4.029541901904052
CCN(CC)c1ccc(-n2cccc2)cc1,CC#N,350.9269567320518,4.109527030342861
Cc1ccc(C)n1-c1ccc(N(C)C)cc1,CCCCCC,276.0224034294391,3.6707806486573404
Cc1ccc(C)n1-c1ccc(N(C)C)cc1,CC#N,280.2763164336587,3.620403443762222
CCN(CC)c1ccc2cc(C#N)/c(=N\C(=O)C(C)C)oc2c1,ClCCl,445.3235750330794,4.5757667534136415
Nc1cc([NH3+])cc(-c2nc3ccccc3s2)c1,O,335.7279425463966,3.849445034358196
[NH3+]c1cc([NH3+])cc(-c2[nH+]c3ccccc3s2)c1,O,331.0761965971655,4.20812165234066
COCCOCCOCCOc1ccc(/C=C/C2=[N+]3C(=C(c4cc(OC)cc(OC)c4)c4c(C)c(I)c(/C=C/c5ccc(OCCOCCOCCOC)cc5)n4[B-]3(F)F)C(C)=C2I)cc1,ClCCl,666.4472294108493,4.861397036289516
COCCOCCOCCOc1ccc(/C=C/C2=[N+]3C(=C(c4cc(OC)cc(OC)c4)c4c(C)c(I)c(/C=C/c5ccc(OCCOCCOCCOC)cc5)n4[B-]3(F)F)C(C)=C2I)cc1,C1CCOC1,666.9184771223447,4.875596133449447
COCCOCCOCCOc1ccc(/C=C/C2=[N+]3C(=C(c4cc(OC)cc(OC)c4)c4c(C)c(I)c(/C=C/c5ccc(OCCOCCOCCOC)cc5)n4[B-]3(F)F)C(C)=C2I)cc1,CS(C)=O,672.0999697878403,4.650040330260753
CN(C)c1ccc(C=C2Cc3ccccc3C2=O)cc1,Cc1ccccc1,401.1547559663537,4.347782456172726
CN(C)c1ccc(C=C2Cc3ccccc3C2=O)cc1,CCOC(C)=O,399.39779115685315,4.374026293080712
CN(C)c1ccc(C=C2Cc3ccccc3C2=O)cc1,CC#N,409.34535455380615,4.366915768581198
CC1=[N+]2C(=C(c3c4ccccc4cc4ccccc34)c3ccc(/C=C/C(C)(C)C)n3[B-]2(F)F)C=C1,ClC(Cl)Cl,565.0158871184324,4.950041306619367
CC1=CC(C)=[N+]2C1=C(c1ccc(I)cc1)c1c(C)cc(C)n1[B-]2(F)F,ClC(Cl)Cl,508.44713568107846,4.922812929153095
CO[B-]1(OC)n2c(C)cc(C)c2C(c2ccc(I)cc2)=C2C(C)=CC(C)=[N+]21,ClC(Cl)Cl,509.80026251505643,4.863929821856087
CC1=CC(C)=[N+]2C1=C(c1ccc(I)cc1)c1c(C)cc(C)n1[B-]2(OCc1ccccc1)OCc1ccccc1,ClC(Cl)Cl,495.0255142821002,4.768741486766513
CC1=CC(C)=[N+]2C1=C(c1ccc(I)cc1)c1c(C)cc(C)n1[B-]2(Oc1ccc([N+](=O)[O-])cc1)Oc1ccc([N+](=O)[O-])cc1,ClC(Cl)Cl,501.8086034246379,4.835002334820072
CC1=CC(C)=[N+]2C1=C(c1ccc(I)cc1)c1c(C)cc(C)n1[B-]21Oc2ccc3ccccc3c2-c2c(ccc3ccccc23)O1,ClC(Cl)Cl,517.6702212579011,4.835200546261778
CC1=CS[C@]2(C)C1=C1C(=C3C(C)=C(c4ccc(-c5nc(-c6ccccc6)c(-c6ccccc6)[nH]5)cc4)S[C@]32C)C(F)(F)C(F)(F)C1(F)F,C1CCOC1,526.1959793456797,3.838186419328653
CC1=C(c2ccc(-c3nc(-c4ccccc4)c(-c4ccccc4)[nH]3)cc2)S[C@]2(C)C1=C1C(=C3c4ccccc4C(C)[C@]32C)C(F)(F)C(F)(F)C1(F)F,C1CCOC1,490.27534133818983,3.927824370944184
CC1(C)C(/C=C/C2=C(Oc3ccc(CCN=C=S)cc3I)/C(=C/C=C3/N(CCCS(=O)(=O)[O-])c4ccccc4C3(C)C)CCC2)=[N+](CCCS(=O)(=O)[O-])c2ccccc21,CO,758.6084463260992,5.294699121662375
CC1(C)C(/C=C/C2=C(Oc3ccc(CCN=C=S)cc3Br)/C(=C/C=C3/N(CCCS(=O)(=O)[O-])c4ccccc4C3(C)C)CCC2)=[N+](CCCS(=O)(=O)[O-])c2ccccc21,CO,764.7957998796271,5.340562594048344
CC1(C)C(/C=C/C2=C(Oc3ccc(CCN=C=S)cc3Cl)/C(=C/C=C3/N(CCCS(=O)(=O)[O-])c4ccccc4C3(C)C)CCC2)=[N+](CCCS(=O)(=O)[O-])c2ccccc21,CO,762.9517697756444,5.3225138852582
CC(C)(C)c1ccc2c(c1)c1cc(C(C)(C)C)ccc1n2-c1ccc(C#Cc2ccc3c4ccc(C#Cc5ccc(C=C(C#N)C#N)cc5)cc4n(-c4ccc(C(F)(F)F)cc4)c3c2)cc1,ClCCl,411.80568686692004,4.6740914730881595
CC1(C)c2ccccc2N(c2ccc3c(c2)S(=O)(=O)c2cc(N4c5ccccc5C(C)(C)c5ccccc54)ccc2C3(C)C)c2ccccc21,ClCCl,370.54007203807316,4.025218733682732
Cc1cc2c(cc1N1c3ccccc3C(C)(C)c3ccccc31)C(C)(C)c1cc(N3c4ccccc4C(C)(C)c4ccccc43)c(C)cc1S2(=O)=O,ClCCl,356.84900514735125,4.2954797706923555
O=P1(c2ccccc2)c2ccc(N3c4ccccc4Oc4ccccc43)cc2-c2cc(N3c4ccccc4Oc4ccccc43)ccc21,Cc1ccccc1,406.2922719694848,3.0658527711305177
O=P1(c2ccccc2)c2cc(N3c4ccccc4Oc4ccccc43)ccc2-c2ccc(N3c4ccccc4Oc4ccccc43)cc21,Cc1ccccc1,405.1712626662254,3.442805801962373
N#Cc1nc2c(nc1C#N)C1c3ccc(N(c4ccccc4)c4ccccc4)cc3C2c2ccc(N(c3ccccc3)c3ccccc3)cc21,C1CCCCC1,422.3530602184601,4.00373996178843
N#Cc1nc2c(nc1C#N)C1c3ccc(N(c4ccccc4)c4ccccc4)cc3C2c2ccc(N(c3ccccc3)c3ccccc3)cc21,ClCCl,417.57616991681124,3.863180451949763
N#Cc1nc2c(nc1C#N)C1c3ccc(N(c4ccccc4)c4ccccc4)cc3C2c2ccc(N(c3ccccc3)c3ccccc3)cc21,CC#N,406.1526587895418,3.9442229916832736
N#Cc1nc2c(nc1C#N)C1c3ccc(N(c4ccccc4)c4ccccc4)cc3C2c2ccc(N(c3ccccc3)c3ccccc3)cc21,Cc1ccccc1,416.4788256752248,3.914362321518108
CC(C)(C)c1ccc2c(c1)c1cc(C(C)(C)C)ccc1n2-c1ccc(-c2ccc3c(c2)C(=O)c2ccc(-c4ccc(-n5c6ccc(C(C)(C)C)cc6c6cc(C(C)(C)C)ccc65)cc4)cc2C3=O)cc1,Cc1ccccc1,439.0483870874947,4.1924916716289
Cc1nnc(-c2cc(-n3c4ccccc4c4ccccc43)c(-n3c4ccccc4c4ccccc43)cc2-c2nnc(C)o2)o1,ClCCl,365.8906568856295,4.129243538351449
COc1ccc(-c2nnc(-c3cc(-n4c5ccccc5c5ccccc54)c(-n4c5ccccc5c5ccccc54)cc3-c3nnc(-c4ccc(OC)cc4)o3)o2)cc1,ClCCl,362.5435587758228,4.3454478101555605
S=P1(c2ccccc2)c2cccc3ccc4ccc1n4c23,ClCCl,402.97730125494934,3.5696174400976814
COc1ccc(C2=CC(c3cc(OC)cc(OC)c3)=[O+][B-](F)(F)O2)cc1,ClCCl,396.40767539345313,4.654440747657366
c1ccc2c(c1)c1ccccc1n2-c1ccc(-c2ccc(-n3c4ccccc4c4ccccc43)nc2-n2c3ccccc3c3ccccc32)nn1,ClCCl,359.74495912928825,4.124924164931482
c1ccc2c(c1)c1ccccc1n2-c1ccc(-c2ccc(-c3ccc(-n4c5ccccc5c5ccccc54)nc3-n3c4ccccc4c4ccccc43)nn2)c(-n2c3ccccc3c3ccccc32)n1,ClCCl,359.8053493956596,4.131783998540989
Cc1cccc(-c2c3ccccc3c(-c3cccc(C)n3)c3ccccc23)n1,ClCCl,374.9273772102397,3.906694504872037
Cc1cccc2[n+]1[B-](c1ccccc1)(c1ccccc1)c1cccc3c4c5c(cccc5c-2c13)[B-](c1ccccc1)(c1ccccc1)[n+]1c(C)cccc1-4,ClCCl,508.1877509046852,4.15168023180969
CC[B-]1(CC)c2cccc3c4c5c(cccc5c(c23)-c2cccc(C)[n+]21)[B-](CC)(CC)[n+]1c(C)cccc1-4,ClCCl,422.74086498624746,4.1263961346449545
CC[B-]1(CC)c2cccc3cc4ccccc4c(c23)-c2cccc(C)[n+]21,ClCCl,403.39351756233395,4.086459875050084
CCCCC(CC)Cn1c2cc(C#N)c(-c3ccc(N(c4ccccc4)c4ccccc4)cc3)cc2c2cc(-c3ccc(N(c4ccccc4)c4ccccc4)cc3)c(C#N)cc21,ClCCl,403.37366936213834,4.143930874563916
C(=C/c1cc(/C=C/c2ccc(-n3c4ccccc4c4ccccc43)cc2)cc(/C=C/c2ccc(-n3c4ccccc4c4ccccc43)cc2)c1)\c1ccc(-n2c3ccccc3c3ccccc32)cc1,Cc1ccccc1,390.82858533047204,4.843163481945628
C(=C/c1cc(/C=C/c2ccc(-n3c4ccccc4c4ccccc43)cc2)cc(/C=C/c2ccc(-n3c4ccccc4c4ccccc43)cc2)c1)\c1ccc(-n2c3ccccc3c3ccccc32)cc1,C1CCOC1,383.5948514654372,4.887121332300575
C(=C/c1cc(/C=C/c2ccc(-n3c4ccccc4c4ccccc43)cc2)cc(/C=C/c2ccc(-n3c4ccccc4c4ccccc43)cc2)c1)\c1ccc(-n2c3ccccc3c3ccccc32)cc1,ClCCl,382.43329260747254,4.875388521766277
C(=C/c1cc(/C=C/c2ccc(-n3c4ccccc4c4ccccc43)cc2)cc(/C=C/c2ccc(-n3c4ccccc4c4ccccc43)cc2)c1)\c1ccc(-n2c3ccccc3c3ccccc32)cc1,CC#N,379.68602909702315,4.946603282328011
C(=C/c1nc(/C=C/c2ccc(-n3c4ccccc4c4ccccc43)cc2)nc(/C=C/c2ccc(-n3c4ccccc4c4ccccc43)cc2)n1)\c1ccc(-n2c3ccccc3c3ccccc32)cc1,Cc1ccccc1,367.54414727543275,4.2500422418891315
C(=C/c1nc(/C=C/c2ccc(-n3c4ccccc4c4ccccc43)cc2)nc(/C=C/c2ccc(-n3c4ccccc4c4ccccc43)cc2)n1)\c1ccc(-n2c3ccccc3c3ccccc32)cc1,C1CCOC1,364.05198089909686,4.319720962133945
C(=C/c1nc(/C=C/c2ccc(-n3c4ccccc4c4ccccc43)cc2)nc(/C=C/c2ccc(-n3c4ccccc4c4ccccc43)cc2)n1)\c1ccc(-n2c3ccccc3c3ccccc32)cc1,ClCCl,360.4669825094725,4.383716430157456
C(=C/c1nc(/C=C/c2ccc(-n3c4ccccc4c4ccccc43)cc2)nc(/C=C/c2ccc(-n3c4ccccc4c4ccccc43)cc2)n1)\c1ccc(-n2c3ccccc3c3ccccc32)cc1,CC#N,360.4699158690138,4.493169752997494
C(=C/c1cc(/C=C/c2ccccc2)cc(/C=C/c2ccccc2)c1)\c1ccccc1,ClCCl,352.8987633941248,4.7346134996185825
c1cc2ccc3cc4cccc5ccc6cc(c1)c2c3c6c54,ClCCl,431.2942801879223,4.284296459045344
O=P1(c2ccccc2)C(c2cc(C(F)(F)F)cc(C(F)(F)F)c2)=Cc2c3ccc4cccc5ccc(c6cc(-c7ccccc7)n1c26)c3c45,C1CCCCC1,428.68829275035375,4.599096948576632
O=P1(c2ccccc2)C(c2cc(C(F)(F)F)cc(C(F)(F)F)c2)=Cc2c3ccc4cccc5ccc(c6cc(-c7ccccc7)n1c26)c3c45,Cc1ccccc1,434.4546350114735,4.621965429353119
O=P1(c2ccccc2)C(c2cc(C(F)(F)F)cc(C(F)(F)F)c2)=Cc2c3ccc4cccc5ccc(c6cc(-c7ccccc7)n1c26)c3c45,C1COCCO1,431.7957497474771,4.649312240412324
O=P1(c2ccccc2)C(c2cc(C(F)(F)F)cc(C(F)(F)F)c2)=Cc2c3ccc4cccc5ccc(c6cc(-c7ccccc7)n1c26)c3c45,ClC(Cl)Cl,434.8651217936388,4.631310525041896
O=P1(c2ccccc2)C(c2cc(C(F)(F)F)cc(C(F)(F)F)c2)=Cc2c3ccc4cccc5ccc(c6cc(-c7ccccc7)n1c26)c3c45,ClCCl,436.33766505442384,4.638349802740582
O=P1(c2ccccc2)C(c2cc(C(F)(F)F)cc(C(F)(F)F)c2)=Cc2c3ccc4cccc5ccc(c6cc(-c7ccccc7)n1c26)c3c45,C1CCOC1,432.76196814205105,4.631277628735875
O=P1(c2ccccc2)C(c2cc(C(F)(F)F)cc(C(F)(F)F)c2)=Cc2c3ccc4cccc5ccc(c6cc(-c7ccccc7)n1c26)c3c45,CC(C)=O,431.1663854610653,4.646655212701132
O=P1(c2ccccc2)C(c2cc(C(F)(F)F)cc(C(F)(F)F)c2)=Cc2c3ccc4cccc5ccc(c6cc(-c7ccccc7)n1c26)c3c45,CC#N,428.30308279218673,4.6459366028244755
O=P1(c2ccccc2)C(c2cc(C(F)(F)F)cc(C(F)(F)F)c2)=Cc2c3ccc4cccc5ccc(c6cc(-c7ccccc7)n1c26)c3c45,CO,432.15625434454705,4.627060948361663
N#CC1=CC(C=O)=CC(C#N)=P1(c1ccccc1)c1ccccc1,ClC(Cl)Cl,483.8380757147941,4.1665338693984815
O=C1NC(=O)c2c1c1c3ccccc3[nH]c1c1[nH]c3ccccc3c21,C1CCOC1,445.8679380671289,3.986114686049178
O=C1NC(=O)c2c1c1c3ccccc3[nH]c1c1[nH]c3ccccc3c21,CCO,455.2092673098115,3.99367658651581
O=C1NC(=O)c2c1c1c3ccccc3[nH]c1c1[nH]c3ccccc3c21,CC#N,443.61424568045584,3.9575463028782045
Cc1cccc(C2=Cc3c4ccccc4cc[n+]3[B-](F)(F)O2)c1,ClC(Cl)Cl,396.4932378372863,4.484525609629802
F[B-]1(F)OC(c2ccccc2)=Cc2c3ccccc3cc[n+]21,ClC(Cl)Cl,397.4791329747421,4.474131753909578
c1cc2ccc1-c1ccc(cc1)-c1ccc([se]1)-c1ccc(cc1)-c1ccc(cc1)-c1ccc([se]1)-c1ccc(cc1)-c1ccc(cc1)-c1ccc-2[se]1,C1CCOC1,366.1923337367604,4.439169753898161
COC(=O)c1cccc2c1C#Cc1c(N)cccc1OCCCO2,ClCCl,345.35384773122087,4.078057231754832
CCC(CC)n1c2ccccc2c2cc3c(cc21)c1ccccc1n3C(CC)CC,ClC(Cl)Cl,366.8904242521768,4.52919713429283
c1ccc(-c2pc3ccccc3s2)cc1,CC#N,325.1523661768309,4.563640912891492
COc1ccc(-c2pc3ccccc3s2)cc1,CC#N,334.9674152418432,4.598333103585281
CC1=[N+]2C(=C(NC(C)c3ccccc3)c3ccc(C)n3[B-]2(F)F)C=C1c1cc2n(c1)[B-](F)(F)[N+]1=CC=CC1=C2c1c(C)cc(C)cc1C,C1CCCCC1,570.4222806933161,4.5957057046114675
CC1=[N+]2C(=C(NC(C)c3ccccc3)c3ccc(C)n3[B-]2(F)F)C=C1c1cc2n(c1)[B-](F)(F)[N+]1=CC=CC1=C2c1c(C)cc(C)cc1C,CCOC(C)=O,568.189977541846,4.5806254918956695
Oc1ccccc1/C=N/CC/N=C/c1ccccc1O,CC#N,302.5810539489983,4.170340575392124
Oc1ccccc1/C=N/C1CCCCC1/N=C/c1ccccc1O,CC#N,341.74124918197856,4.227972448845885
Oc1ccc2ccccc2c1/C=N/c1cc2ccccc2cc1/N=C/c1c(O)ccc2ccccc12,CC#N,430.04658983273396,4.094498310105211
COC(=O)c1cc(=O)n(C)c2cc(-c3cccc(OC)c3)sc12,ClCCl,388.47109053671795,3.939834005747006
COC(=O)c1cc(=O)n(C)c2cc(-c3ccccc3OC)sc12,ClCCl,388.60486134633993,3.9468372080354426
COc1ccc(-c2cc3c(ccc(=O)n3C)s2)cc1,ClCCl,378.88125676129613,4.46419351819379
COc1ccc(-c2cc3c(s2)c(C(C)=O)cc(=O)n3C)cc1,ClCCl,411.18966898837243,4.234379775858704
COC(=O)c1cc(=O)n(C)c2cc(-c3cc(OC)c(OC)c(OC)c3)sc12,ClCCl,397.96141896612926,4.156722654270951
COC(=O)c1cc(=O)n(C)c2cc(-c3ccc(N4CCN(C)CC4)cc3)sc12,ClCCl,427.89266251083666,4.415565093736908
COc1ccc(C#Cc2ccc(C#Cc3ccc(P(=O)(c4ccc(C#Cc5ccc(C#Cc6ccc(OC)cc6)cc5)cc4)c4ccc(C#Cc5ccc(C#Cc6ccc(OC)cc6)cc5)cc4)cc3)cc2)cc1,ClC(Cl)Cl,346.0117477133028,4.929657691153476
COc1ccc(C#Cc2ccc(C#Cc3ccc(P(=O)(c4ccc(C#Cc5ccc(C#Cc6ccc(OC)cc6)cc5)cc4)c4ccc(C#Cc5ccc(C#Cc6ccc(OC)cc6)cc5)cc4)cc3)cc2)cc1,ClCCl,346.9392471048231,4.960762049635133
O=Cc1ccc(C#CC(C#Cc2ccc(C=O)s2)=Cc2ccc(C=C(C#Cc3ccc(C=O)s3)C#Cc3ccc(C=O)s3)s2)s1,ClC(Cl)Cl,496.5316716956111,4.280893897102057
N#Cc1nc2cnc(N)nc2n1Cc1ccccc1,ClCCl,331.7403007132159,4.125641054527817
CNc1ncc2nc(C#N)n(Cc3ccccc3)c2n1,ClCCl,346.7227046736352,4.193419960514686
CN(C)c1ncc2nc(C#N)n(Cc3ccccc3)c2n1,ClCCl,342.04259078608845,4.209969133495995
N#Cc1nc2c(OCc3ccccc3)nc(N)nc2n1Cc1ccccc1,ClCCl,316.35803688220653,4.2698979760379405
CN(C)c1nc(N)nc2c1nc(C#N)n2Cc1ccccc1,ClCCl,332.58960472919523,4.227920486990351
CN(C)c1nc(N(C)C)c2nc(C#N)n(Cc3ccccc3)c2n1,ClCCl,346.3496672889953,4.267346549907922
CNc1ncc2nc(C(=O)OC)n(Cc3ccccc3)c2n1,ClCCl,344.9829183579133,4.19032068114687
COC(=O)c1nc2cnc(N(C)C)nc2n1Cc1ccccc1,ClCCl,340.3423840005924,4.219358454959056
CCCCNC(=O)c1nc2c(N(C)C)nc(N(C)C)nc2n1Cc1ccccc1,ClCCl,352.0252126200911,4.261087581906208
COC(=O)CNC(=O)c1nc2c(N(C)C)nc(N(C)C)nc2n1Cc1ccccc1,ClCCl,354.452509398275,4.256288754882923
N#Cc1nc2cnc(N)nc2n1Cc1ccccc1,C1COCCO1,334.96941962626823,4.2014287925834
CNc1ncc2nc(C#N)n(Cc3ccccc3)c2n1,C1COCCO1,347.20575817360907,4.257318068850049
CN(C)c1ncc2nc(C#N)n(Cc3ccccc3)c2n1,C1COCCO1,341.91777885546117,4.27406128389902
N#Cc1nc2c(OCc3ccccc3)nc(N)nc2n1Cc1ccccc1,C1COCCO1,318.71045297231313,4.28932420238505
CN(C)c1nc(N)nc2c1nc(C#N)n2Cc1ccccc1,C1COCCO1,334.390342847989,4.285022038267851
CN(C)c1nc(N(C)C)c2nc(C#N)n(Cc3ccccc3)c2n1,C1COCCO1,344.50594450481674,4.302797405849596
CNc1ncc2nc(C(=O)OC)n(Cc3ccccc3)c2n1,C1COCCO1,345.2055005222734,4.276931506517414
COC(=O)c1nc2cnc(N(C)C)nc2n1Cc1ccccc1,C1COCCO1,340.34243870241255,4.294709660075239
CCCCNC(=O)c1nc2c(N(C)C)nc(N(C)C)nc2n1Cc1ccccc1,C1COCCO1,350.18851848531756,4.302873956821092
COC(=O)CNC(=O)c1nc2c(N(C)C)nc(N(C)C)nc2n1Cc1ccccc1,C1COCCO1,352.1612448539672,4.305566149271976
N#Cc1nc2cnc(N)nc2n1Cc1ccccc1,CC#N,332.7359189905073,4.3000969195462355
CNc1ncc2nc(C#N)n(Cc3ccccc3)c2n1,CC#N,346.40991402581216,4.318492061485443
CN(C)c1ncc2nc(C#N)n(Cc3ccccc3)c2n1,CC#N,341.7295131811093,4.3157307619718965
N#Cc1nc2c(OCc3ccccc3)nc(N)nc2n1Cc1ccccc1,CC#N,316.7729965207858,4.295737057957873
CN(C)c1nc(N)nc2c1nc(C#N)n2Cc1ccccc1,CC#N,332.7916607905051,4.395615755513974
CN(C)c1nc(N(C)C)c2nc(C#N)n(Cc3ccccc3)c2n1,CC#N,345.6029905478175,4.347820915066959
CNc1ncc2nc(C(=O)OC)n(Cc3ccccc3)c2n1,CC#N,346.1756401063131,4.239832320961442
COC(=O)c1nc2cnc(N(C)C)nc2n1Cc1ccccc1,CC#N,341.6144505660619,4.228029420071491
CCCCNC(=O)c1nc2c(N(C)C)nc(N(C)C)nc2n1Cc1ccccc1,CC#N,351.7425178753277,4.29180896353101
COC(=O)CNC(=O)c1nc2c(N(C)C)nc(N(C)C)nc2n1Cc1ccccc1,CC#N,354.64619346530657,4.291828843760657
N#Cc1nc2cnc(N)nc2n1Cc1ccccc1,CO,333.20972581734094,4.1845743157717035
N#Cc1nc2cnc(N)nc2n1Cc1ccccc1,O,327.74827099592216,4.093287573836129
CNc1ncc2nc(C#N)n(Cc3ccccc3)c2n1,CO,346.91807337192785,4.22883924604451
CN(C)c1ncc2nc(C#N)n(Cc3ccccc3)c2n1,CO,342.6750757539582,4.2106053219552235
N#Cc1nc2c(OCc3ccccc3)nc(N)nc2n1Cc1ccccc1,CO,318.0974031866924,4.285177078386839
CN(C)c1nc(N)nc2c1nc(C#N)n2Cc1ccccc1,CO,331.68376812530175,4.239093400868983
CN(C)c1nc(N(C)C)c2nc(C#N)n(Cc3ccccc3)c2n1,CO,344.7618380634461,4.235101476462058
CNc1ncc2nc(C(=O)OC)n(Cc3ccccc3)c2n1,CO,348.8543957629011,4.170600216437924
COC(=O)c1nc2cnc(N(C)C)nc2n1Cc1ccccc1,CO,343.8855581645727,4.165078836981632
CCCCNC(=O)c1nc2c(N(C)C)nc(N(C)C)nc2n1Cc1ccccc1,CO,351.7627036992814,4.2042937083466585
COC(=O)CNC(=O)c1nc2c(N(C)C)nc(N(C)C)nc2n1Cc1ccccc1,CO,354.5181811776084,4.205060975456023
CC(C)CCCC(C)CCN1C(=O)c2ccc3c(-c4ccccc4)c4c5ccc6c7c(ccc(c(-c8ccccc8)c4c4ccc(c2c34)C1=O)c75)C(=O)N(CCC(C)CCCC(C)C)C6=O,ClCCl,591.6414548605189,4.297064210727213
COCCOCCOCN1C(=O)c2ccc3c(-c4ccccc4)c4c5ccc6c7c(ccc(c(-c8ccccc8)c4c4ccc(c2c34)C1=O)c75)C(=O)N(COCCOCCOC)C6=O,ClCCl,584.1999463763669,4.287302718831627
CC(C)c1cccc(C(C)C)c1N1C(=O)c2ccc3c4c(-c5ccc(C(=O)O)cc5)c5ccc6c7c(cc8c9cc(C(=O)O)ccc9c(c9ccc(c2c39)C1=O)c4c8c57)C(=O)N(c1c(C(C)C)cccc1C(C)C)C6=O,ClCCl,633.4273361171029,4.239053599563166
C(=C/c1ncc2ccccc2n1)\c1ccc(N(c2ccccc2)c2ccccc2)cc1,ClCCl,395.4376444534811,4.420544921654496
C(=C/c1ncc2ccccc2n1)\c1ccc(-c2ccc(N(c3ccccc3)c3ccccc3)cc2)cc1,ClCCl,387.3109860390301,4.5323950160532105
c1ccc(N(c2ccccc2)c2ccc(-c3ncnc4ccccc34)cc2)cc1,ClCCl,389.7874205274296,4.463384187318783
CN(C)c1ccc(-c2nc(-c3ccc(N(C)C)cc3)c3ccccc3n2)cc1,ClCCl,365.8029738130184,4.360525381715174
C(#Cc1ncnc2ccccc12)c1ccc(N(c2ccccc2)c2ccccc2)cc1,ClCCl,393.3556033176424,4.562196529521022
CCCCCCCCCC1(CCCCCCCCC)c2cc(C#Cc3ccc(/C=C/c4ccc(N(CCCCCCCC)CCCCCCCC)cc4)cc3)ccc2-c2ccc(C#Cc3ccc(/C=C/c4ccc(N(CCCCCCCC)CCCCCCCC)cc4)cc3)cc21,Cc1ccccc1,410.52318496036634,5.162859516094698
c1ccc([B-]2(c3ccccc3)Oc3ccc4ccccc4c3-c3c4ccccc4cn[n+]32)cc1,Cc1ccccc1,431.681494518582,3.5681856791504556
COc1ccc(N2c3ccc4ccccc4c3-c3c4ccccc4cc[n+]3[B-]2(c2ccccc2)c2ccccc2)cc1,Cc1ccccc1,514.7458744173316,3.7615096707462983
CC(C)(C)OC(=O)/C=C/C1=CC2=C(c3ccccc3)c3cccn3[B-](F)(F)[N+]2=C1,ClCCl,533.1516586639365,4.574164736106651
COC(=O)/C=C/C1=CC2=C(c3c(C)cc(C)cc3C)c3cc(/C=C/C(=O)OC)cn3[B-](F)(F)[N+]2=C1,ClCCl,576.6410988828532,4.680706867229697
Cc1cc(C)c(C2=C3C=C(/C=C/C(=O)OCc4ccccc4)C=[N+]3[B-](F)(F)n3cc(/C=C/C(=O)OCc4ccccc4)cc32)c(C)c1,ClCCl,570.5107022171387,4.668184142515576
CCOCCOCCOC(=O)/C=C/C1=CC2=C(c3c(C)cc(C)cc3C)c3cc(/C=C/C(=O)OCCOCCOCC)cn3[B-](F)(F)[N+]2=C1,ClCCl,568.5966199364391,4.760547352438895
CCN(CC)c1ccc2n1[B-](F)(F)[N+]1=CC(/C=C/C(=O)OC(C)(C)C)=CC1=C2c1c(C)cc(C)cc1C,ClCCl,514.7469262938645,4.510245663040493
CN(C)c1ccc(C2=Nc3scc(-c4ccc([N+](=O)[O-])cc4)[n+]3[B-](F)(F)O2)cc1,Cc1ccccc1,403.7962651667738,4.701408285737576
CN(C)c1ccc(C2=Nc3scc(-c4ccc([N+](=O)[O-])cc4)[n+]3[B-](F)(F)O2)cc1,ClCCl,408.1751055178289,4.683046826079283
CN(C)c1ccc(C2=Nc3scc(-c4ccc([N+](=O)[O-])cc4)[n+]3[B-](F)(F)O2)cc1,C1CCOC1,404.01688131630675,4.676763512884372
CN(C)c1ccc(C2=Nc3scc(-c4ccc([N+](=O)[O-])cc4)[n+]3[B-](F)(F)O2)cc1,CC#N,404.6761275789259,4.715365619589017
Cc1cc(C)c(C2=C3C=C(c4ccc(C(C)(C)C)cc4)C(c4ccc(C(C)(C)C)cc4)=[N+]3[B-](F)(F)n3c2cc(-c2ccc(C(C)(C)C)cc2)c3-c2ccc(C(C)(C)C)cc2)c(C)c1,C1CCCCC1,604.0497790932444,4.884240648624239
Cc1cc(C)c(C2=C3C=C(c4ccc(C(C)(C)C)cc4)C(c4ccc(C(C)(C)C)cc4)=[N+]3[B-](F)(F)n3c2cc(-c2ccc(C(C)(C)C)cc2)c3-c2ccc(C(C)(C)C)cc2)c(C)c1,Cc1ccccc1,607.9765663048477,4.869461603466222
Cc1cc(C)c(C2=C3C=C(c4ccc(C(C)(C)C)cc4)C(c4ccc(C(C)(C)C)cc4)=[N+]3[B-](F)(F)n3c2cc(-c2ccc(C(C)(C)C)cc2)c3-c2ccc(C(C)(C)C)cc2)c(C)c1,ClCCl,601.0662220713511,4.824853452782522
Cc1cc(C)c(C2=C3C=C(c4ccc(C(C)(C)C)cc4)C(c4ccc(C(C)(C)C)cc4)=[N+]3[B-](F)(F)n3c2cc(-c2ccc(C(C)(C)C)cc2)c3-c2ccc(C(C)(C)C)cc2)c(C)c1,C1CCOC1,604.0580063023477,4.808743167749437
Cc1cc(C)c(C2=C3C=C(c4ccc(C(C)(C)C)cc4)C(c4ccc(C(C)(C)C)cc4)=[N+]3[B-](F)(F)n3c2cc(-c2ccc(C(C)(C)C)cc2)c3-c2ccc(C(C)(C)C)cc2)c(C)c1,CC#N,585.6101623142224,4.789209355028531
COc1ccc2c(c1)c1c(c3cc(OC)ccc32)=[N+]2C(=C(c3c(C)cc(C)cc3C)c3cc4c5cc(OC)ccc5c5ccc(OC)cc5c4n3[B-]2(F)F)C=1,C1CCCCC1,695.4962278884416,5.250287034180003
COc1ccc2c(c1)c1c(c3cc(OC)ccc32)=[N+]2C(=C(c3c(C)cc(C)cc3C)c3cc4c5cc(OC)ccc5c5ccc(OC)cc5c4n3[B-]2(F)F)C=1,Cc1ccccc1,701.6599153499103,5.200038178931037
COc1ccc2c(c1)c1c(c3cc(OC)ccc32)=[N+]2C(=C(c3c(C)cc(C)cc3C)c3cc4c5cc(OC)ccc5c5ccc(OC)cc5c4n3[B-]2(F)F)C=1,ClCCl,694.5839467890227,5.186504031625512
COc1ccc2c(c1)c1c(c3cc(OC)ccc32)=[N+]2C(=C(c3c(C)cc(C)cc3C)c3cc4c5cc(OC)ccc5c5ccc(OC)cc5c4n3[B-]2(F)F)C=1,C1CCOC1,695.0106447688798,5.193849826786264
COc1ccc2c(c1)c1c(c3cc(OC)ccc32)=[N+]2C(=C(c3c(C)cc(C)cc3C)c3cc4c5cc(OC)ccc5c5ccc(OC)cc5c4n3[B-]2(F)F)C=1,CC#N,685.527783593039,5.145739889645303
CC(C)(C)c1ccc(C2=CC3=C(c4ccccc4)c4cc(-c5ccc(C(C)(C)C)cc5)c(-c5ccc(C(C)(C)C)cc5)n4[B-](F)(F)[N+]3=C2c2ccc(C(C)(C)C)cc2)cc1,C1CCCCC1,611.3343924283465,4.727003729857686
CC(C)(C)c1ccc(C2=CC3=C(c4ccccc4)c4cc(-c5ccc(C(C)(C)C)cc5)c(-c5ccc(C(C)(C)C)cc5)n4[B-](F)(F)[N+]3=C2c2ccc(C(C)(C)C)cc2)cc1,Cc1ccccc1,618.0579113575699,4.723506245812809
CC(C)(C)c1ccc(C2=CC3=C(c4ccccc4)c4cc(-c5ccc(C(C)(C)C)cc5)c(-c5ccc(C(C)(C)C)cc5)n4[B-](F)(F)[N+]3=C2c2ccc(C(C)(C)C)cc2)cc1,ClCCl,611.4918683279705,4.6736096696440885
CC(C)(C)c1ccc(C2=CC3=C(c4ccccc4)c4cc(-c5ccc(C(C)(C)C)cc5)c(-c5ccc(C(C)(C)C)cc5)n4[B-](F)(F)[N+]3=C2c2ccc(C(C)(C)C)cc2)cc1,C1CCOC1,611.8033115752738,4.624051171717328
CC(C)(C)c1ccc(C2=CC3=C(c4ccccc4)c4cc(-c5ccc(C(C)(C)C)cc5)c(-c5ccc(C(C)(C)C)cc5)n4[B-](F)(F)[N+]3=C2c2ccc(C(C)(C)C)cc2)cc1,CC#N,595.3096019411311,4.622733162597965
CC(C)(C)c1ccc(C2=c3c(c4ccc(C(C)(C)C)cc4c4cc(C(C)(C)C)ccc34)=[N+]3C2=C(c2ccccc2)c2c(-c4ccc(C(C)(C)C)cc4)c4c5ccc(C(C)(C)C)cc5c5cc(C(C)(C)C)ccc5c4n2[B-]3(F)F)cc1,C1CCCCC1,678.9931316651521,5.079575912700604
CC(C)(C)c1ccc(C2=c3c(c4ccc(C(C)(C)C)cc4c4cc(C(C)(C)C)ccc34)=[N+]3C2=C(c2ccccc2)c2c(-c4ccc(C(C)(C)C)cc4)c4c5ccc(C(C)(C)C)cc5c5cc(C(C)(C)C)ccc5c4n2[B-]3(F)F)cc1,Cc1ccccc1,684.5648648135187,5.025582507850258
CC(C)(C)c1ccc(C2=c3c(c4ccc(C(C)(C)C)cc4c4cc(C(C)(C)C)ccc34)=[N+]3C2=C(c2ccccc2)c2c(-c4ccc(C(C)(C)C)cc4)c4c5ccc(C(C)(C)C)cc5c5cc(C(C)(C)C)ccc5c4n2[B-]3(F)F)cc1,ClCCl,678.4008854148681,4.98517004174851
CC(C)(C)c1ccc(C2=c3c(c4ccc(C(C)(C)C)cc4c4cc(C(C)(C)C)ccc34)=[N+]3C2=C(c2ccccc2)c2c(-c4ccc(C(C)(C)C)cc4)c4c5ccc(C(C)(C)C)cc5c5cc(C(C)(C)C)ccc5c4n2[B-]3(F)F)cc1,C1CCOC1,676.7330126280641,4.975742579692792
CC(C)(C)c1ccc(C2=c3c(c4ccc(C(C)(C)C)cc4c4cc(C(C)(C)C)ccc34)=[N+]3C2=C(c2ccccc2)c2c(-c4ccc(C(C)(C)C)cc4)c4c5ccc(C(C)(C)C)cc5c5cc(C(C)(C)C)ccc5c4n2[B-]3(F)F)cc1,CC#N,665.581932751649,4.940861101164347
COc1cccc(C2=c3c(c4ccc(C(C)(C)C)cc4c4cc(C(C)(C)C)ccc34)=[N+]3C2=C(c2ccccc2)c2c(-c4cccc(OC)c4)c4c5ccc(C(C)(C)C)cc5c5cc(C(C)(C)C)ccc5c4n2[B-]3(F)F)c1,C1CCCCC1,682.0488256669072,5.11295249447419
COc1cccc(C2=c3c(c4ccc(C(C)(C)C)cc4c4cc(C(C)(C)C)ccc34)=[N+]3C2=C(c2ccccc2)c2c(-c4cccc(OC)c4)c4c5ccc(C(C)(C)C)cc5c5cc(C(C)(C)C)ccc5c4n2[B-]3(F)F)c1,Cc1ccccc1,689.1356401206698,5.052267425043739
COc1cccc(C2=c3c(c4ccc(C(C)(C)C)cc4c4cc(C(C)(C)C)ccc34)=[N+]3C2=C(c2ccccc2)c2c(-c4cccc(OC)c4)c4c5ccc(C(C)(C)C)cc5c5cc(C(C)(C)C)ccc5c4n2[B-]3(F)F)c1,ClCCl,683.4531226499158,5.029123479959326
COc1cccc(C2=c3c(c4ccc(C(C)(C)C)cc4c4cc(C(C)(C)C)ccc34)=[N+]3C2=C(c2ccccc2)c2c(-c4cccc(OC)c4)c4c5ccc(C(C)(C)C)cc5c5cc(C(C)(C)C)ccc5c4n2[B-]3(F)F)c1,C1CCOC1,681.3686604211255,5.03091230228158
COc1cccc(C2=c3c(c4ccc(C(C)(C)C)cc4c4cc(C(C)(C)C)ccc34)=[N+]3C2=C(c2ccccc2)c2c(-c4cccc(OC)c4)c4c5ccc(C(C)(C)C)cc5c5cc(C(C)(C)C)ccc5c4n2[B-]3(F)F)c1,CC#N,673.08544818129,4.994407145246007
COc1ccc2c3c(c4ccc(OC)cc4c2c1)=[N+]1C(=C(c2c(C)cc(C)cc2C)c2cc4c5ccc(OC)cc5c5cc(OC)ccc5c4n2[B-]1(F)F)C=3,C1CCCCC1,696.5817799700251,5.235593432567429
COc1ccc2c3c(c4ccc(OC)cc4c2c1)=[N+]1C(=C(c2c(C)cc(C)cc2C)c2cc4c5ccc(OC)cc5c5cc(OC)ccc5c4n2[B-]1(F)F)C=3,Cc1ccccc1,703.0119556067991,5.183547262897546
COc1ccc2c3c(c4ccc(OC)cc4c2c1)=[N+]1C(=C(c2c(C)cc(C)cc2C)c2cc4c5ccc(OC)cc5c5cc(OC)ccc5c4n2[B-]1(F)F)C=3,ClCCl,695.3554341341147,5.172294201124326
COc1ccc2c3c(c4ccc(OC)cc4c2c1)=[N+]1C(=C(c2c(C)cc(C)cc2C)c2cc4c5ccc(OC)cc5c5cc(OC)ccc5c4n2[B-]1(F)F)C=3,C1CCOC1,696.0516086047743,5.179587914562079
COc1ccc2c3c(c4ccc(OC)cc4c2c1)=[N+]1C(=C(c2c(C)cc(C)cc2C)c2cc4c5ccc(OC)cc5c5cc(OC)ccc5c4n2[B-]1(F)F)C=3,CC#N,686.6699720022929,5.133637125718058
CCOC(=O)C1c2ccccc2C(=O)N1c1ccccc1,CCCCCC,291.4848067152332,5.659738985597593
CCOC(=O)C1c2ccccc2C(=O)N1c1ccccc1,ClCCl,302.06132488559285,5.693113128821517
CCOC(=O)C1c2ccccc2C(=O)N1c1ccccc1,CO,300.9226585606689,5.694617902627525
CCOC(=O)C1c2ccccc2C(=O)N1c1ccccc1,CS(C)=O,307.00046978028246,5.30362004687009
CCOC(=O)C1c2ccccc2C(=O)N1c1ccccn1,CCCCCC,309.7484579584971,5.270199630275303
CCOC(=O)C1c2ccccc2C(=O)N1c1ccccn1,ClCCl,321.20665797936897,5.44013590313153
CCOC(=O)C1c2ccccc2C(=O)N1c1ccccn1,CO,319.461902215514,5.417543535022441
CCOC(=O)C1c2ccccc2C(=O)N1c1ccccn1,CS(C)=O,323.1978893785712,5.073860390266394
CCOC(=O)C1c2cc(OC)c(OC)cc2C(=O)N1c1ccc(OC)c(OC)c1,CCCCCC,301.04765275417475,5.249153561777614
CCOC(=O)C1c2cc(OC)c(OC)cc2C(=O)N1c1ccc(OC)c(OC)c1,ClCCl,309.88867352948273,5.700449280011362
CCOC(=O)C1c2cc(OC)c(OC)cc2C(=O)N1c1ccc(OC)c(OC)c1,CO,306.456806177422,5.691707878103992
CCOC(=O)C1c2cc(OC)c(OC)cc2C(=O)N1c1ccc(OC)c(OC)c1,CS(C)=O,312.48922817376746,5.549921102833452
C(=C/c1ccccc1)\c1ccccc1,CC#N,296.00443771019326,4.44131612866836
COc1ccc(/C=C/c2ccccc2)cc1,CC#N,306.01709016184,4.409450568489158
COc1cccc(/C=C/c2ccccc2)c1,CC#N,306.6084468470416,4.349928052459911
COc1ccc(/C=C/c2ccccc2)cc1OC,CC#N,312.3996852372721,4.4808559262917305
C/C=C/c1cccc(OC)c1,CCCCCC,302.6046188129355,3.2470298709104943
C(#Cc1cnc(C#Cc2ccccc2)nc1)c1ccccc1,C1CCCCC1,323.3708361512008,4.6557039087738445
C[Si](C)(C)C#Cc1ccc(C#Cc2cnc(C#Cc3ccccc3)nc2)cc1,C1CCCCC1,334.942583044696,4.732570670092366
COc1ccc(C#Cc2nc3ccccc3nc2-c2csc(OC)c2)cc1,ClCCl,393.3312830741299,4.222501350470614
CC(C)(C)c1cc2ccc3cc(C(C)(C)C)cc4c(N(c5ccccc5)c5ccccc5)cc(c1)c2c34,CCCCCC,398.08953781357934,4.052447313535458
Cc1cc(C)c(B(c2c(C)cc(C)cc2C)c2cc3cccc4c(B(c5c(C)cc(C)cc5C)c5c(C)cc(C)cc5C)cc5cccc2c5c34)c(C)c1,CCCCCC,412.34396127738546,3.229273196179556
CC(C)(C)c1ccc2c(c1)c1cc(C(C)(C)C)ccc1n2-c1ccc(C#Cc2ccc(C#Cc3ccc(-n4c5ccc(C(C)(C)C)cc5c5cc(C(C)(C)C)ccc54)cc3)cc2)cc1,ClCCl,348.9966800559381,4.744233519342487
C(=C1c2ccccc2-c2ccccc21)c1ccc(-c2ccc(C=C3c4ccccc4-c4ccccc43)cc2)cc1,C1CCOC1,367.18252499614925,3.945325887035515
C1=Cc2ccccc2C(=Cc2ccc(C=C3c4ccccc4-c4ccccc43)cc2)c2ccccc21,C1CCOC1,349.32336765349027,4.33818313432943
Cc1cccc2cc(-c3cc4cccc(C)c4oc3=O)oc12,Cc1ccccc1,358.75619018886283,4.395429583158421
Cc1cccc2cc(-c3cc4cccc(C)c4oc3=O)oc12,CCOC(C)=O,353.73518663892867,4.4206846683964525
Cc1cccc2cc(-c3cc4cccc(C)c4oc3=O)oc12,CC#N,350.1680661635236,4.345064055495379
Cc1cccc2cc(-c3cc4cccc(C)c4oc3=O)oc12,CS(C)=O,359.18663398388577,4.393968251564863
Cc1cccc2cc(-c3cc4cccc(C)c4oc3=O)oc12,O,345.88998324353827,4.11300277389958
COc1cccc2cc(-c3cc4cccc(OC)c4oc3=O)oc12,Cc1ccccc1,375.7260171347548,4.249795066757354
COc1cccc2cc(-c3cc4cccc(OC)c4oc3=O)oc12,CCOC(C)=O,370.7473440792915,4.303586706335475
COc1cccc2cc(-c3cc4cccc(OC)c4oc3=O)oc12,CC#N,369.6532233116407,4.284203868656051
COc1cccc2cc(-c3cc4cccc(OC)c4oc3=O)oc12,CS(C)=O,377.06492106540554,4.334973595527536
COc1cccc2cc(-c3cc4cccc(OC)c4oc3=O)oc12,O,367.9090614627965,4.045783472019869
COc1ccc2cc(-c3cc4ccc(OC)cc4oc3=O)oc2c1,Cc1ccccc1,387.23332623251633,4.432486833077063
COc1ccc2cc(-c3cc4ccc(OC)cc4oc3=O)oc2c1,CCOC(C)=O,380.9903406810216,4.440973129155316
COc1ccc2cc(-c3cc4ccc(OC)cc4oc3=O)oc2c1,CC#N,379.17759918109687,4.433154138509742
COc1ccc2cc(-c3cc4ccc(OC)cc4oc3=O)oc2c1,CS(C)=O,385.4767671345895,4.425607079125366
COc1ccc2cc(-c3cc4ccc(OC)cc4oc3=O)oc2c1,O,356.21377665880425,4.001796436561049
O=c1oc2ccc(Br)cc2cc1-c1cc2cc(Br)ccc2o1,Cc1ccccc1,379.65465486660344,4.44557664754269
O=c1oc2ccc(Br)cc2cc1-c1cc2cc(Br)ccc2o1,CCOC(C)=O,373.2164412245992,4.445997276573242
O=c1oc2ccc(Br)cc2cc1-c1cc2cc(Br)ccc2o1,CC#N,371.8136237942325,4.46781056522501
O=c1oc2ccc(Br)cc2cc1-c1cc2cc(Br)ccc2o1,CS(C)=O,378.0832025767081,4.457034121514759
O=c1oc2ccc(Br)cc2cc1-c1cc2cc(Br)ccc2o1,O,359.6870812976089,4.060768058959823
O=C(O)CCCc1cc2ccc3cccc4ccc(c1)c2c34,CO,383.1106111678443,3.4184434555847254
CC1(C)OB(c2cc3ccc4cccc5ccc(c2)c3c45)OC1(C)C,Cc1ccccc1,391.69568143993035,3.626376797801916
COC(=O)c1ccc(-c2cc3ccc4cccc5ccc(c2)c3c45)cc1,Cc1ccccc1,377.7934192423316,3.5783362107213605
C(#Cc1ccc2ccc3cccc4ccc1c2c34)c1ccccc1,Cc1ccccc1,389.54342945526344,4.6691657215480635
COc1cc2c(cc1-c1ccc(C)cc1)Cc1c3c(c4c(c1-2)-c1cc(OC)c(-c2ccc(C)cc2)cc1C4)C(=O)N(CCC(C)C)C3=O,C1CCOC1,411.3823603006032,4.507525107919968
COc1ccc(-c2cc3c(cc2OC)-c2c(c4c(c5c2-c2cc(OC)c(-c6ccc(OC)cc6)cc2C5)C(=O)N(CCC(C)C)C4=O)C3)cc1,C1CCOC1,408.80009862810834,4.451420559864721
COc1cc2c(cc1-c1ccc(N(c3ccccc3)c3ccccc3)cc1)Cc1c3c(c4c(c1-2)-c1cc(OC)c(-c2ccc(N(c5ccccc5)c5ccccc5)cc2)cc1C4)C(=O)N(CCC(C)C)C3=O,C1CCOC1,423.9770533210452,4.53147348908988
COc1cc2c(cc1-c1ccc(N(C)C)cc1)Cc1c3c(c4c(c1-2)-c1cc(OC)c(-c2ccc(N(C)C)cc2)cc1C4)C(=O)N(CCC(C)C)C3=O,C1CCOC1,414.97192593521123,4.463392201060428
Cc1ccsc1-c1ccc(-c2ccc(-c3sccc3C)s2)s1,CCCCCCCCCCCCCC,389.02046434324177,4.465107222546568
Nc1ccc(C#Cc2ccc3ccc4ccc(C#Cc5ccc(N)cc5)c5ccc2c3c45)cc1,CCCCCC,420.7658410673768,4.525862830937037
Nc1ccc(C#Cc2ccc3ccc4ccc(C#Cc5ccc(N)cc5)c5ccc2c3c45)cc1,Cc1ccccc1,426.44919861805636,4.547844000013857
Nc1ccc(C#Cc2ccc3ccc4ccc(C#Cc5ccc(N)cc5)c5ccc2c3c45)cc1,C1COCCO1,421.64648177023446,4.5974911708817885
Nc1ccc(C#Cc2ccc3ccc4ccc(C#Cc5ccc(N)cc5)c5ccc2c3c45)cc1,CCOC(C)=O,418.4397235059695,4.589850655092269
Nc1ccc(C#Cc2ccc3ccc4ccc(C#Cc5ccc(N)cc5)c5ccc2c3c45)cc1,ClCCl,423.93043120073133,4.589465513135901
Nc1ccc(C#Cc2ccc3ccc4ccc(C#Cc5ccc(N)cc5)c5ccc2c3c45)cc1,CC(C)=O,421.9152247054535,4.631765570521657
Nc1ccc(C#Cc2ccc3ccc4ccc(C#Cc5ccc(N)cc5)c5ccc2c3c45)cc1,CCCCCCO,424.46233325784107,4.47373052173491
Nc1ccc(C#Cc2ccc3ccc4ccc(C#Cc5ccc(N)cc5)c5ccc2c3c45)cc1,CCO,422.2491744465102,4.488895828330447
Nc1ccc(C#Cc2ccc3ccc4ccc(C#Cc5ccc(N)cc5)c5ccc2c3c45)cc1,CO,420.3800114985326,4.607705556400915
O=[N+]([O-])c1ccc(S(=O)(=O)Nc2ccc(C#Cc3ccc4ccc5ccc(C#Cc6ccc(NS(=O)(=O)c7ccc([N+](=O)[O-])cc7[N+](=O)[O-])cc6)c6ccc3c4c56)cc2)c([N+](=O)[O-])c1,CO,401.8887116586717,4.516284868745602
Nc1ccc(C#Cc2ccc3ccc4ccc(C#Cc5ccc(NS(=O)(=O)c6ccc([N+](=O)[O-])cc6[N+](=O)[O-])cc5)c5ccc2c3c45)cc1,CO,412.6174378413786,4.573180194010584
c1ccc2c(c1)Nc1ccccc1S2,CC#N,326.93424940931743,3.7638121922264887
c1ccc2c(c1)Nc1ccccc1S2,CO,326.2250829034458,3.64173176822205
CN(C)CCCN1c2ccccc2Sc2ccccc21,CC#N,311.8521924464593,3.668413082013646
CN(C)CCCN1c2ccccc2Sc2ccccc21,CO,308.73506773899743,3.603506355822591
CN(C)CCCN1c2ccccc2Sc2ccccc21,O,306.1753116196876,3.5984395090564454
CN(C)CCCN1c2ccccc2Sc2ccc(Cl)cc21,CC#N,309.57989021742605,3.659485301188055
CN(C)CCCN1c2ccccc2Sc2ccc(Cl)cc21,CO,306.83441798786237,3.571567976615529
CN(C)CCCN1c2ccccc2Sc2ccc(Cl)cc21,O,303.8931960734477,3.5598781746376105
C[Si](C)(C)C#C[Si](c1c2ccccc2cc2ccccc12)(c1c2ccccc2cc2ccccc12)c1c2ccccc2cc2ccccc12,ClC(Cl)Cl,404.8428675981173,4.432354569063557
F[Si](c1ccccc1)(c1ccccc1)c1c2ccccc2cc2ccccc12,ClC(Cl)Cl,354.60454427074734,4.1931191093363225
F[Si](c1ccccc1)(c1c2ccccc2cc2ccccc12)c1c2ccccc2cc2ccccc12,C1CCOC1,398.4771716814318,4.385414283624329
F[Si](c1ccccc1)(c1ccccc1)c1c2ccccc2cc2ccccc12,C1CCOC1,351.02702794053226,4.168802154582354
F[Si-](F)(c1ccccc1)(c1ccccc1)c1c2ccccc2cc2ccccc12,C1CCOC1,347.8965176933924,4.068821532796855
F[Si](c1ccccc1)(c1ccccc1)c1cccc2ccccc12,C1CCOC1,301.54804019255175,3.9452673438109747
F[Si-](F)(c1ccccc1)(c1ccccc1)c1cc2ccccc2c2ccccc12,C1CCOC1,312.2731532210584,3.9027017136078106
N#Cc1ccc(C#Cc2ccc(C#Cc3ccc(C#Cc4ccccc4C#N)cc3C#N)cc2C#N)cc1,ClC(Cl)Cl,357.2602542570391,4.8167439543462205
N#Cc1ccc(C#Cc2ccc(C#Cc3ccc(C#Cc4ccccc4C#N)cc3C#N)cc2C#N)cc1,c1ccccc1,368.20181215879813,4.785234237931255
N#Cc1ccc(C#Cc2ccc(C#Cc3ccc(C#Cc4ccccc4C#N)cc3C#N)cc2C#N)cc1,C1CCOC1,363.08355599295805,4.846752473425371
N#Cc1ccc(C#Cc2ccc(C#Cc3ccc(C#Cc4ccccc4C#N)cc3C#N)cc2C#N)cc1,CC#N,360.1300385792182,4.848682868691605
N#Cc1ccc(C#Cc2ccc(C#Cc3ccc(C#Cc4ccccc4C#N)cc3C#N)cc2C#N)cc1,CN(C)C=O,368.03716096007025,4.81380970533223
COc1ccc(/C=C/C2=CC(/C=C/c3ccc(OC)cc3)=[O+][B-](F)(F)O2)cc1,ClCCl,503.68551586772674,5.0245177827483385
COc1ccc(/C=C/C2=CC(/C=C/c3ccc(OC)c4ccccc34)=[O+][B-](F)(F)O2)c2ccccc12,ClCCl,576.4706556107567,5.04318733844314
COc1ccc2cc(/C=C/C3=[O+][B-](F)(F)OC(/C=C/c4ccc5cc(OC)ccc5c4)=C3c3ccccc3)ccc2c1,ClCCl,542.9021532479782,4.836349000840164
CCCCCCN(CCCCCC)c1ccc(C#Cc2c(F)c(F)c(F)c(F)c2F)cc1,CO,407.483675031607,4.57615339316993
O=[N+]([O-])c1ccc(C#Cc2ccc([N+](=O)[O-])cc2)cc1,CO,378.90110245498124,4.089570206287971
O=[N+]([O-])c1ccc(C#Cc2ccc([N+](=O)[O-])cc2)cc1,ClCCl,383.86797625569636,4.140620249692271
O=c1c2ccccc2[nH]c2ccccc12,CS(C)=O,384.6089867760573,4.141826940537844
O=c1c2cc(S(=O)(=O)Cl)ccc2[nH]c2ccc(S(=O)(=O)Cl)cc12,CS(C)=O,396.1274464841673,3.9245836551748203
COc1cc(-c2nc3c4cccnc4c4ncccc4c3[nH]2)c(OC)cc1/C=C/c1nc2ccccc2[nH]1,C1CCOC1,398.9240451109873,4.865076991465285
COc1cc(-c2nc3c4cccnc4c4ncccc4c3[nH]2)c(OC)cc1/C=C/c1nc2ccccc2[nH]1,ClCCl,396.67023789698703,4.799724185296367
COc1cc(-c2nc3c4cccnc4c4ncccc4c3[nH]2)c(OC)cc1/C=C/c1nc2ccccc2[nH]1,CC#N,396.5440375929669,4.831976247869733
COc1cc(-c2nc3c4cccnc4c4ncccc4c3[nH]2)c(OC)cc1/C=C/c1nc2ccccc2[nH]1,CO,392.0311036391909,4.811282906432113
CCN(CC)c1ccc2cc(-c3ccc(S(C)(=O)=O)cc3)oc(=O)c2c1,CCO,396.65426002855475,4.614851946176365
CCN(CC)c1ccc2cc(-c3nc4cc(C(=O)Nc5ccccc5Cl)ccc4o3)c(=O)oc2c1,ClCCl,443.05650642918056,5.434478301319954
COc1ccc(NC(=O)C(C(=O)Nc2ccc(OC)cc2)C(c2cc(F)ccc2O)c2c[nH]c3ccc(OC)cc23)cc1,CS(C)=O,279.4908167084106,4.454352749410133
N#Cc1ccc(C2=Cc3ccccc3P2(=O)c2ccccc2)cc1,ClCCl,352.37784905017736,4.1988626666835
COc1ccc(C2=Cc3ccccc3P2(=O)c2ccccc2)cc1,ClCCl,355.11170316649543,4.172558118768114
Clc1ccc(/C=C/c2ccncn2)cc1,ClCCl,314.9271354426462,4.075829230431382
CN(C)c1ccc(/C=C/c2ccncn2)cc1,ClCCl,390.77852962673416,4.3496243642304355
Brc1ccc(/C=C/c2cnc3ccccc3n2)cc1,ClCCl,362.8846989611185,4.079464312477266
CSc1ccc(/C=C/c2cnc3ccccc3n2)cc1,ClCCl,384.28589276385634,4.300834071209815
CN(C)c1ccc(-c2ccc(/C=C/c3ccncn3)cc2)cc1,ClCCl,367.404986876527,4.462657818757659
CN(C)c1ccc(-c2ccc(/C=C/c3cnc4ccccc4n3)cc2)cc1,ClCCl,398.31055921913236,4.434523247835574
c1ccc(-p2c3ccccc3c3sc4ccccc4c32)cc1,ClCCl,369.81951672109267,4.037365915882812
O=P1(c2ccccc2)c2ccccc2-c2sc3ccccc3c21,ClCCl,355.2959342703051,3.240493815644758
O=P1(c2ccccc2)C2=C(c3ccccc31)S(=O)(=O)c1ccccc12,ClCCl,387.12751261903855,4.234602365287953
CCCCCC(=O)c1cccc2sc3c(c12)P(=O)(c1ccccc1)c1ccccc1-3,ClCCl,372.5785734705465,3.2660757781683842
O=C(c1ccc2c3c(sc2c1)-c1ccccc1P3(=O)c1ccccc1)c1c(F)c(F)c(F)c(F)c1F,ClCCl,373.29313322052406,3.46743210407569
Cc1ccc2ccc3c(c2n1)N/C(=C\C1=C([O-])/C(=C/C2=[NH+]c4c(ccc5ccc(C)nc45)C2(C)C)C1=O)C3(C)C,C1CCCCC1,626.7151216960714,5.085644410332893
Cc1ccc2ccc3c(c2n1)N/C(=C\C1=C([O-])/C(=C/C2=[NH+]c4c(ccc5ccc(C)nc45)C2(C)C)C1=O)C3(C)C,Cc1ccccc1,630.2048011303035,5.10840864505529
Cc1ccc2ccc3c(c2n1)N/C(=C\C1=C([O-])/C(=C/C2=[NH+]c4c(ccc5ccc(C)nc45)C2(C)C)C1=O)C3(C)C,ClC(Cl)Cl,634.8745994377986,5.085714392134397
Cc1ccc2ccc3c(c2n1)N/C(=C\C1=C([O-])/C(=C/C2=[NH+]c4c(ccc5ccc(C)nc45)C2(C)C)C1=O)C3(C)C,C1CCOC1,627.4624060446076,5.065298045677771
Cc1ccc2ccc3c(c2n1)N/C(=C\C1=C([O-])/C(=C/C2=[NH+]c4c(ccc5ccc(C)nc45)C2(C)C)C1=O)C3(C)C,C1COCCO1,622.7461865471862,5.041834860862119
Cc1ccc2ccc3c(c2n1)N/C(=C\C1=C([O-])/C(=C/C2=[NH+]c4c(ccc5ccc(C)nc45)C2(C)C)C1=O)C3(C)C,CN(C)C=O,626.8638595442703,5.07814581643202
Cc1ccc2ccc3c(c2n1)N/C(=C\C1=C([O-])/C(=C/C2=[NH+]c4c(ccc5ccc(C)nc45)C2(C)C)C1=O)C3(C)C,CS(C)=O,630.4749441185623,5.079034990574838
Cc1ccc2ccc3c(c2n1)N/C(=C\C1=C([O-])/C(=C/C2=[NH+]c4c(ccc5ccc(C)nc45)C2(C)C)C1=O)C3(C)C,CC#N,622.4837035893962,5.034648306032359
Cc1ccc2ccc3c(c2n1)N/C(=C\C1=C([O-])/C(=C/C2=[NH+]c4c(ccc5ccc(C)nc45)C2(C)C)C1=O)C3(C)C,CO,620.5209335247259,5.100471248306994
CCN1/C(=C\C2=C([O-])/C(=C/C3=[N+](CC)c4c(ccc5ccc(C)nc45)C3(C)C)C2=O)C(C)(C)c2ccc3ccc(C)nc3c21,C1CCCCC1,632.3217940708886,5.134866017073319
CCN1/C(=C\C2=C([O-])/C(=C/C3=[N+](CC)c4c(ccc5ccc(C)nc45)C3(C)C)C2=O)C(C)(C)c2ccc3ccc(C)nc3c21,Cc1ccccc1,633.8392294018223,5.130473414567745
CCN1/C(=C\C2=C([O-])/C(=C/C3=[N+](CC)c4c(ccc5ccc(C)nc45)C3(C)C)C2=O)C(C)(C)c2ccc3ccc(C)nc3c21,ClC(Cl)Cl,638.0429902524183,5.117167094861953
CCN1/C(=C\C2=C([O-])/C(=C/C3=[N+](CC)c4c(ccc5ccc(C)nc45)C3(C)C)C2=O)C(C)(C)c2ccc3ccc(C)nc3c21,C1CCOC1,631.6954098829603,5.12188601339918
CCN1/C(=C\C2=C([O-])/C(=C/C3=[N+](CC)c4c(ccc5ccc(C)nc45)C3(C)C)C2=O)C(C)(C)c2ccc3ccc(C)nc3c21,C1COCCO1,629.8407642600941,5.133541977432012
CCN1/C(=C\C2=C([O-])/C(=C/C3=[N+](CC)c4c(ccc5ccc(C)nc45)C3(C)C)C2=O)C(C)(C)c2ccc3ccc(C)nc3c21,CN(C)C=O,630.6601717246133,5.144557675293195
CCN1/C(=C\C2=C([O-])/C(=C/C3=[N+](CC)c4c(ccc5ccc(C)nc45)C3(C)C)C2=O)C(C)(C)c2ccc3ccc(C)nc3c21,CS(C)=O,632.0186255194026,5.11547477112742
CCN1/C(=C\C2=C([O-])/C(=C/C3=[N+](CC)c4c(ccc5ccc(C)nc45)C3(C)C)C2=O)C(C)(C)c2ccc3ccc(C)nc3c21,CC#N,625.7690676535613,5.078042838772921
CCN1/C(=C\C2=C([O-])/C(=C/C3=[N+](CC)c4c(ccc5ccc(C)nc45)C3(C)C)C2=O)C(C)(C)c2ccc3ccc(C)nc3c21,CO,624.8685281602326,5.134308383099181
COc1ccc(-c2ncccn2)cc1,ClCCl,314.2188013467974,4.09411643044917
COc1ccc(/C=C/c2ccncn2)cc1,ClCCl,331.74117728483037,4.2620957383201254
CN(C)c1ccc(-c2ccc(/C=C/c3ccncn3)cc2)cc1,ClCCl,367.404986876527,4.462657817861733
CC(C)(C)C1Nc2ccccc2C(=O)N1c1ccccc1,c1ccccc1,344.152022986513,3.5383431710541116
CC(C)(C)C1Nc2ccccc2C(=O)N1c1ccccc1,ClC(Cl)Cl,344.3667352587441,3.6026561796803973
CC(C)(C)C1Nc2ccccc2C(=O)N1c1ccccc1,CO,354.7731788754106,3.59315193383265
CC(C)(C)C1Nc2ccccc2C(=O)N1c1ccccc1,CC#N,349.1153627751575,3.5353423593547175
CCN(CC)c1ccc2c(c1)oc(=O)c1c(-c3ccccc3C(=O)O)c3ccc(=[N+](CC)CC)cc-3oc12,ClC(Cl)Cl,598.0911211282894,4.924381015756854
CCN(CC)c1ccc2c(c1)oc(=O)c1c(-c3ccccc3C(=O)O)c3ccc(=[N+](CC)CC)cc-3oc12,CCO,593.5398237804798,4.763996883415312
CCN(CC)c1ccc2c(c1)oc(=O)c1c(-c3ccccc3C(=O)O)c3ccc(=[N+](CC)CC)cc-3oc12,O,595.4063122675456,4.693996763822287
Cn1cc(-c2nc3ccccc3nc2/C=C/N2CCCC2)c2ccccc21,CC#N,441.52659986812967,4.230195093735564
COc1ccc(C2=Cc3ccccc3P2(=O)c2ccccc2)cc1,C1CCOC1,354.65646108084024,4.122239717398136
O=P1(c2ccccc2)C(c2ccc(C(F)(F)F)cc2)=Cc2ccccc21,C1CCOC1,346.21082053951875,4.119249037621797
O=P1(c2ccccc2)C(c2cccs2)=Cc2ccccc21,C1CCOC1,350.0695040138,3.96085646838184
CC(C)(C)c1ccc(-c2cc3cc4c(cc(-c5ccc(C(C)(C)C)cc5)p4-c4ccccc4)cc3p2-c2ccccc2)cc1,C1CCOC1,414.77789753708885,4.510952740306074
c1csc(-c2ccc(-c3ccc(-c4ccc(-c5cccs5)s4)s3)s2)c1,CC#N,401.80539839653056,4.458252487288021
C(=C/c1ccc(/C=C/c2cccs2)s1)\c1cccs1,CC#N,408.21979222036026,4.5433913133419725
COc1cc2c(cc1/C=C/C1=CC(=C(C#N)C#N)CC(C)(C)C1)c1ccccc1n2C,Cc1ccccc1,456.3817082590109,4.864947700291899
COc1cc2c(cc1/C=C/C1=CC(=C(C#N)C#N)CC(C)(C)C1)c1ccccc1n2C,C1CCOC1,456.9859968856564,4.804616125283403
COc1cc2c(cc1/C=C/C1=CC(=C(C#N)C#N)CC(C)(C)C1)c1ccccc1n2C,CCOC(C)=O,450.220642035099,4.807927806436673
COc1cc2c(cc1/C=C/C1=CC(=C(C#N)C#N)CC(C)(C)C1)c1ccccc1n2C,ClCCl,458.55976562658634,4.798660984244799
COc1cc2c(cc1/C=C/C1=CC(=C(C#N)C#N)CC(C)(C)C1)c1ccccc1n2C,ClC(Cl)Cl,460.09071109693,4.789948790334565
COc1cc2c(cc1/C=C/C1=CC(=C(C#N)C#N)CC(C)(C)C1)c1ccccc1n2C,CC#N,451.1530163736169,4.833701090501433
COc1cc2c(cc1/C=C/C1=CC(=C(C#N)C#N)CC(C)(C)C1)c1ccccc1n2C,CCO,459.0222603504376,4.849474340698583
COc1cc2c(cc1/C=C/C1=CC(=C(C#N)C#N)CC(C)(C)C1)c1ccccc1n2C,CN(C)C=O,458.5145452631368,4.826879195092421
COc1cc2c(cc1/C=C/C1=CC(=C(C#N)C#N)CC(C)(C)C1)c1ccccc1n2C,CS(C)=O,462.8461001075075,4.741162528678296
CCOC(=O)/C(C#N)=C\c1ccc2c(c1)c1ccccc1n2-c1ccc(C)cc1,Cc1ccccc1,395.1397104503678,4.32841007400982
CCOC(=O)/C(C#N)=C\c1ccc2c(c1)c1ccccc1n2-c1ccc(C)cc1,C1CCOC1,393.3935737480898,4.26920962707266
CCOC(=O)/C(C#N)=C\c1ccc2c(c1)c1ccccc1n2-c1ccc(C)cc1,CCOC(C)=O,390.36002130961276,4.301198522250614
CCOC(=O)/C(C#N)=C\c1ccc2c(c1)c1ccccc1n2-c1ccc(C)cc1,ClC(Cl)Cl,400.5287452271158,4.312154198554595
CCOC(=O)/C(C#N)=C\c1ccc2c(c1)c1ccccc1n2-c1ccc(C)cc1,CC#N,390.1518292705683,4.340421168443181
CCOC(=O)/C(C#N)=C\c1ccc2c(c1)c1ccccc1n2-c1ccc(C)cc1,CC(C)=O,391.8724531024555,4.330578922410366
CCOC(=O)/C(C#N)=C\c1ccc2c(c1)c1ccccc1n2-c1ccc(C)cc1,CO,391.39001061589505,4.305740239989804
CCOC(=O)/C(C#N)=C\c1ccc2c(c1)c1ccccc1n2-c1ccc(C)cc1,CS(C)=O,396.85250549406845,4.298550429658221
CCOC(=O)/C(C#N)=C/c1cc2c3ccccc3n(C)c2cc1OC,Cc1ccccc1,406.7413413477021,4.515216661123617
CCOC(=O)/C(C#N)=C/c1cc2c3ccccc3n(C)c2cc1OC,ClCCl,412.4755950777377,4.563486305860613
CCOC(=O)/C(C#N)=C/c1cc2c3ccccc3n(C)c2cc1OC,C1CCOC1,408.348189204503,4.561817868700345
CCOC(=O)/C(C#N)=C/c1cc2c3ccccc3n(C)c2cc1OC,ClC(Cl)Cl,408.62014316088363,4.499386233773221
CCOC(=O)/C(C#N)=C/c1cc2c3ccccc3n(C)c2cc1OC,CCOC(C)=O,402.35627090488526,4.565629743121617
CCOC(=O)/C(C#N)=C/c1cc2c3ccccc3n(C)c2cc1OC,CO,404.15612891050125,4.549772224544226
CCOC(=O)/C(C#N)=C/c1cc2c3ccccc3n(C)c2cc1OC,CC#N,404.53367985021794,4.49721626809775
CCOC(=O)/C(C#N)=C/c1cc2c3ccccc3n(C)c2cc1OC,CN(C)C=O,401.56086038386263,4.497158528072891
CCOC(=O)/C(C#N)=C/c1cc2c3ccccc3n(C)c2cc1OC,CS(C)=O,409.5884496738767,4.470935749955805
CN(C)c1ccc2c3c(c(=O)oc2c1)C=c1cc2c(cc1O3)=[N+](CCC(=O)O)CCC2,ClCCl,610.2580100864153,4.752035210519236
CN(C)c1ccc2c3c(c(=O)oc2c1)C=c1cc2c(cc1O3)=[N+](CCC(=O)O)CCC2,CC#N,595.2029618198493,4.673680616328772
CN(C)c1ccc2c3c(c(=O)oc2c1)C=c1cc2c(cc1O3)=[N+](CCC(=O)O)CCC2,CO,594.3361745078801,4.639735936511673
CN(C)c1ccc2c3c(c(=O)oc2c1)C=c1cc2c(cc1O3)=[N+](CCC(=O)O)CCC2,O,591.1756740305347,4.567156146808961
CCCCn1c2ccccc2c2c1c1c3ccccc3n(CCCC)c1c1c3ccccc3n(CCCC)c21,C1CCOC1,317.99409430000634,4.633433733534098
CCCCCCc1ccc2c(/C=N/c3cc(/N=C/c4c(O)ccc5cc(CCCCCC)ccc45)cc(/N=C/c4c(O)ccc5cc(CCCCCC)ccc45)c3)c(O)ccc2c1,Cc1ccccc1,475.3192974696195,4.0377977870833694
CCCCCCc1ccc2c(/C=N/c3cc(/N=C/c4c(O)ccc5cc(CCCCCC)ccc45)cc(/N=C/c4c(O)ccc5cc(CCCCCC)ccc45)c3)c(O)ccc2c1,ClCCl,472.9358941578972,4.195041368817039
CCCCCCc1ccc2c(/C=N/c3cc(/N=C/c4c(O)ccc5cc(CCCCCC)ccc45)cc(/N=C/c4c(O)ccc5cc(CCCCCC)ccc45)c3)c(O)ccc2c1,C1CCOC1,472.01324122153085,4.157913961496136
CCCCCCc1ccc2c(/C=N/c3cc(/N=C/c4c(O)ccc5cc(CCCCCC)ccc45)cc(/N=C/c4c(O)ccc5cc(CCCCCC)ccc45)c3)c(O)ccc2c1,CC#N,460.65110621183175,4.262376620149172
Cc1nc2cc(/C=C/c3ccc(N(C)C)cc3)ccc2nc1-c1ccccc1,C1COCCO1,397.721216169825,4.437526284988076
Cc1nc2cc(/C=C/c3ccc(N(C)C)cc3)ccc2nc1-c1ccccc1,ClCCl,401.84844674042193,4.4203030248323545
Cc1nc2cc(/C=C/c3ccc(N(C)C)cc3)ccc2nc1-c1ccccc1,CC#N,397.2058163510183,4.4671979052961515
CSc1sc(C(C)=O)c2nn[nH]c(=O)c12,CS(C)=O,389.46031714139167,3.8630617832573035
CSc1sc(C(C)=O)c2nn[nH]c(=O)c12,CN(C)C=O,390.64294411709596,3.5508309738134756
CSc1sc(C(C)=O)c2nn[nH]c(=O)c12,CC#N,386.29865866041416,3.529252955419288
CSc1sc(C(C)=O)c2nn[nH]c(=O)c12,CO,385.23660271751686,3.776740061673862
CSc1sc(C(C)=O)c2nn[nH]c(=O)c12,CCO,385.48844767986316,3.7883111498237456
CSc1sc(C(C)=O)c2nn[nH]c(=O)c12,C1CCOC1,384.8631235129982,3.7098081196124846
CSc1sc(C(=O)c2ccccc2)c2nn[nH]c(=O)c12,CS(C)=O,394.00934605529045,3.887285604895238
CSc1sc(C(=O)c2ccccc2)c2nn[nH]c(=O)c12,CN(C)C=O,395.4070142082522,3.6079264013325165
CSc1sc(C(=O)c2ccccc2)c2nn[nH]c(=O)c12,CC#N,391.9631490671098,3.591850208493063
CSc1sc(C(=O)c2ccccc2)c2nn[nH]c(=O)c12,CO,389.9280597164209,3.84018768419046
CSc1sc(C(=O)c2ccccc2)c2nn[nH]c(=O)c12,CCO,390.6965368907753,3.83558211107266
CSc1sc(C(=O)c2ccccc2)c2nn[nH]c(=O)c12,C1CCOC1,389.20946295284665,3.750142945142502
c1ccc(-c2c3ccccc3cc3ccccc23)cc1,C1CCOC1,372.28727930064514,4.194697643848853
c1cc(-c2c3ccccc3cc3ccccc23)cc(-c2c3ccccc3cc3ccccc23)c1,C1CCOC1,393.0875515027845,4.192676584610786
c1ccc2c(-c3cc(-c4c5ccccc5cc5ccccc45)cc(-c4c5ccccc5cc5ccccc45)c3)c3ccccc3cc2c1,C1CCOC1,410.87544052756573,4.1740340299762355
CCCCCCCN1C(=CC2=C([O-])C(=Cc3sc4ccccc4[n+]3CCCCCCC)C2=C(C#N)C#N)Sc2ccccc21,C1COCCO1,677.5008286667746,5.1758639945438025
CCCCCCCN1C(=CC2=C([O-])C(=Cc3sc4ccccc4[n+]3CCCCCCC)C2=C(C#N)C#N)Sc2ccccc21,ClC(Cl)Cl,679.4956838544291,5.150047282888346
CCCCCCCN1C(=CC2=C([O-])C(=Cc3sc4ccccc4[n+]3CCCCCCC)C2=C(C#N)C#N)Sc2ccccc21,CCO,665.1040125883784,5.377112407069415
CCCCCCCN1C(=CC2=C([O-])C(=Cc3sc4ccccc4[n+]3CCCCCCC)C2=C(C#N)C#N)Sc2ccccc21,CN(C)C=O,670.5918148219217,5.157314343415402
Cc1cc(-c2ccc(N(c3ccccc3)c3ccccc3)cc2)c2nsnc2c1-c1ccc(N(c2ccccc2)c2ccccc2)cc1,ClCCl,435.97071987744476,3.98700831563261
Cc1cc(-c2ccc(C(C)(C)C)cc2)c2nsnc2c1-c1ccc(N(c2ccccc2)c2ccccc2)cc1,ClCCl,419.46154398924716,3.948448293704768
c1cc2ccc1CCCc1ccc(c3nsnc13)CCC2,C1CCCCC1,401.80229398586505,3.061645118461119
c1cc2ccc1CCCc1ccc(c3nsnc13)CCC2,ClC(Cl)Cl,403.16451416492583,3.0707312441535857
c1cc2ccc1CCCc1ccc(c3nsnc13)CCC2,CC#N,403.58097606128416,3.0534776870376295
CN(C)c1cc(-c2ccccc2)cc2ccccc12,ClCCl,289.28709855800014,4.610660232673768
CN(C)c1ccc(C#Cc2ccc(-c3cc(N(C)C)c4ccccc4c3)cc2)cc1,ClCCl,329.7619455349585,4.831754023549971
CN(C)c1ccc(C#Cc2ccc3c(N(C)C)cc(-c4ccccc4)cc3c2)cc1,ClCCl,334.6034850492059,4.716414308284753
Cc1cccc2cc(C)c3c4ccccc4[nH]c3c12,ClCCl,312.99044163623137,4.252215847400533
Cc1cc2ccccc2c2c1c1ccccc1n2C,ClCCl,324.67286449365866,4.250783981607947
Cc1cc2ccccc2c2c1c1ccccc1n2-c1ccccc1,ClCCl,317.47765212750085,4.2679643007340555
Cc1cc2ccccc2c2c1c1ccccc1n2-c1ccc(N(c2ccccc2)c2ccccc2)cc1,ClCCl,358.1404218971272,4.48442685733324
Cc1c(C)c2c3ccccc3[nH]c2c2ccccc12,ClCCl,304.3819368311728,4.355759229366105
CCCCCc1c(C)c2c3ccccc3[nH]c2c2ccccc12,ClCCl,311.3221994789674,4.325768237063424
Cc1cc2cc(C)c3c4ccccc4[nH]c3c2s1,ClCCl,314.1306588653664,4.257140291790248
Cc1cc2cc(C)c3c4ccccc4[nH]c3c2o1,ClCCl,309.1959767698252,4.242166781494082
Cc1cc2c3ccccc3[nH]c2c2[nH]c3ccccc3c12,ClCCl,331.96146734291625,4.497968486110181
Cc1cc2sccc2c2[nH]c3ccccc3c12,ClCCl,300.3816622959791,4.358342312195018
C(S/C=C/c1ccc(/C=C/SC=C2CCCCC2)cc1)=C1CCCCC1,ClCCl,350.3865126280147,4.682612176378294
C(S/C=C/c1ccc(/C=C/SC=C2CCCCCCC2)cc1)=C1CCCCCCC1,ClCCl,352.68493533724546,4.380303188843036
CC1CCC(=CS/C=C/c2ccc(/C=C/SC=C3CCC(C)CC3)cc2)CC1,ClCCl,355.50317169169955,4.5500199956016845
CC1CCC(=CS/C=C/c2ccc(-c3ccc(/C=C/SC=C4CCC(C)CC4)cc3)cc2)CC1,ClCCl,355.19525300198535,4.649270145708308
CC(C)(C)C1CCC(=CS/C=C/c2ccc(-c3ccc(/C=C/SC=C4CCC(C(C)(C)C)CC4)cc3)cc2)CC1,ClCCl,353.0074163218272,4.565230297013943
O=P12n3c4c5ccccc5c3/N=C3\N=C(/N=c5/c6ccccc6c(n51)=c1c5ccccc5c(n12)=N4)c1ccccc13,CN(C)C=O,655.6709250006923,5.037942646888611
CCN(CC)c1ccc2cc(/C=C(\C#N)c3nc4ccccc4o3)c(=O)oc2c1,CC#N,499.9171848221059,4.478225275230773
CCN(CC)c1ccc2cc(/C=C(\C#N)c3nc4ccccc4o3)c(=O)oc2c1,ClCCl,503.8837902180576,4.604825433349076
CCN(CC)c1ccc2cc(/C=C(\C#N)c3nc4ccccc4o3)c(=O)oc2c1,C1COCCO1,493.9048346469309,4.576285556801173
CCN(CC)c1ccc2cc(/C=C(\C#N)c3nc4ccccc4o3)c(=O)oc2c1,CN(C)C=O,517.9717913323999,4.55742801581454
CCN(CC)c1ccc2cc(/C=C(\C#N)c3nc4ccccc4o3)c(=O)oc2c1,CS(C)=O,519.1993629851792,4.517984735692656
CCN(CC)c1ccc2cc(/C=C(\C#N)c3nc4ccccc4o3)c(=O)oc2c1,CCOC(C)=O,497.41280398026413,4.497499010965263
CCN(CC)c1ccc2cc(/C=C(\C#N)c3nc4ccccc4o3)c(=O)oc2c1,CCO,510.24753680551737,4.492968072071403
CCN(CC)c1ccc2cc(/C=C(\C#N)c3nc4ccccc4o3)c(=O)oc2c1,CO,506.6442546193324,4.56332404596548
CCN(CC)c1ccc2cc(/C=C(\C#N)c3nc4ccccc4o3)c(=O)oc2c1,Cc1ccccc1,497.0745128590781,4.545811977457896
CCN(CC)c1ccc2c(C#N)c(/C=C(\C#N)c3nc4ccccc4o3)c(=O)oc2c1,CC#N,587.4951780914241,4.460288632501583
CCN(CC)c1ccc2c(C#N)c(/C=C(\C#N)c3nc4ccccc4o3)c(=O)oc2c1,ClCCl,597.3714606829839,4.471325158388844
CCN(CC)c1ccc2c(C#N)c(/C=C(\C#N)c3nc4ccccc4o3)c(=O)oc2c1,C1COCCO1,558.1482195173904,4.403983537673765
CCN(CC)c1ccc2c(C#N)c(/C=C(\C#N)c3nc4ccccc4o3)c(=O)oc2c1,CN(C)C=O,534.0762971725736,4.45228802008995
CCN(CC)c1ccc2c(C#N)c(/C=C(\C#N)c3nc4ccccc4o3)c(=O)oc2c1,CS(C)=O,550.6101216317091,4.398061948478299
CCN(CC)c1ccc2c(C#N)c(/C=C(\C#N)c3nc4ccccc4o3)c(=O)oc2c1,CCOC(C)=O,563.3520833805756,4.392673841862419
CCN(CC)c1ccc2c(C#N)c(/C=C(\C#N)c3nc4ccccc4o3)c(=O)oc2c1,CCO,589.3909975747208,4.428531051822972
CCN(CC)c1ccc2c(C#N)c(/C=C(\C#N)c3nc4ccccc4o3)c(=O)oc2c1,CO,584.3345681073167,4.44948694249108
CCN(CC)c1ccc2c(C#N)c(/C=C(\C#N)c3nc4ccccc4o3)c(=O)oc2c1,Cc1ccccc1,562.7438974765681,4.465909598555273
Cc1ccc(C2=C3C=C(I)C=[N+]3[B-](F)(F)n3cccc32)cc1,C1CCCCC1,535.2135560905097,4.666173724870466
Cc1ccc(C2=C3C=C(I)C=[N+]3[B-](F)(F)n3cccc32)cc1,CCOC(C)=O,528.7961700081045,4.583504966017256
Cc1ccc(C2=C3C=C(I)C=[N+]3[B-](F)(F)n3cccc32)cc1,CC#N,522.7818072320556,4.601571112794966
Cc1ccc(C2=C3C=C(I)C=[N+]3[B-](F)(F)n3cccc32)cc1,CCO,527.8966924722738,4.562348609926177
Cc1ccc(C2=C3C=C(I)C=[N+]3[B-](F)(F)n3cccc32)cc1,CO,523.8173024624087,4.595650473038394
Cc1ccc(C2=C3C=C(I)C=[N+]3[B-](F)(F)n3cccc32)cc1,OCC(F)(F)F,520.4070993671064,4.573113179873131
Cc1ccc(C2=C3C=C(I)C=[N+]3[B-](F)(F)n3cc(I)cc32)cc1,C1CCCCC1,555.8983681703019,4.629956900333963
Cc1ccc(C2=C3C=C(I)C=[N+]3[B-](F)(F)n3cc(I)cc32)cc1,CCOC(C)=O,549.7031346751038,4.550045365677542
Cc1ccc(C2=C3C=C(I)C=[N+]3[B-](F)(F)n3cc(I)cc32)cc1,CC#N,545.1341115521462,4.540711904909303
Cc1ccc(C2=C3C=C(I)C=[N+]3[B-](F)(F)n3cc(I)cc32)cc1,CCO,549.6183494034283,4.535057233058815
Cc1ccc(C2=C3C=C(I)C=[N+]3[B-](F)(F)n3cc(I)cc32)cc1,CO,547.7935094204552,4.552922970670827
Cc1ccc(C2=C3C=C(I)C=[N+]3[B-](F)(F)n3cc(I)cc32)cc1,OCC(F)(F)F,541.0331014522934,4.56336334487006
CCC1=C(C)C2=C(C)c3cc(I)c(I)n3[B-](F)(F)[N+]2=C1C,C1CCCCC1,525.8522011488586,4.708200811262754
CCC1=C(C)C2=C(C)c3cc(I)c(I)n3[B-](F)(F)[N+]2=C1C,CCOC(C)=O,514.5507458511217,4.531927562008854
CCC1=C(C)C2=C(C)c3cc(I)c(I)n3[B-](F)(F)[N+]2=C1C,CC(C)=O,509.7189164835105,4.4648581209987785
CCC1=C(C)C2=C(C)c3cc(I)c(I)n3[B-](F)(F)[N+]2=C1C,CCO,514.4724990797565,4.5017753151765785
CCC1=C(C)C2=C(C)c3cc(I)c(I)n3[B-](F)(F)[N+]2=C1C,CO,511.9899108170416,4.516668341376869
CCC1=C(C)C2=C(C)c3cc(I)c(I)n3[B-](F)(F)[N+]2=C1C,OCC(F)(F)F,503.79015198312857,4.397927055459908
CCOC(=O)C1=C(N)n2c(=O)c3ccccc3c(=O)n2C1c1ccc([N+](=O)[O-])cc1,CS(C)=O,363.12966289695004,4.197477661737196
CCC1(CC)c2cc(B(c3c(C)cc(C)cc3C)c3c(C)cc(C)cc3C)ccc2-c2ccc(N(c3ccccc3)c3ccc4c(c3)C(CC)(CC)c3cc(B(c5c(C)cc(C)cc5C)c5c(C)cc(C)cc5C)ccc3-4)cc21,CCCCCC,381.8254460233381,4.701293657409123
CCC1(CC)c2cc(B(c3c(C)cc(C)cc3C)c3c(C)cc(C)cc3C)ccc2-c2ccc(N(c3ccccc3)c3ccc4c(c3)C(CC)(CC)c3cc(B(c5c(C)cc(C)cc5C)c5c(C)cc(C)cc5C)ccc3-4)cc21,Cc1ccccc1,377.20011943107477,4.798306951696728
CCC1(CC)c2cc(B(c3c(C)cc(C)cc3C)c3c(C)cc(C)cc3C)ccc2-c2ccc(N(c3ccccc3)c3ccc4c(c3)C(CC)(CC)c3cc(B(c5c(C)cc(C)cc5C)c5c(C)cc(C)cc5C)ccc3-4)cc21,ClC(Cl)Cl,386.67690854532543,4.709133162776679
CCC1(CC)c2cc(B(c3c(C)cc(C)cc3C)c3c(C)cc(C)cc3C)ccc2-c2ccc(N(c3ccccc3)c3ccc4c(c3)C(CC)(CC)c3cc(B(c5c(C)cc(C)cc5C)c5c(C)cc(C)cc5C)ccc3-4)cc21,C1CCOC1,378.4101409104913,4.8214440366144675
CCC1(CC)c2cc(B(c3c(C)cc(C)cc3C)c3c(C)cc(C)cc3C)ccc2-c2ccc(N(c3ccccc3)c3ccc4c(c3)C(CC)(CC)c3cc(B(c5c(C)cc(C)cc5C)c5c(C)cc(C)cc5C)ccc3-4)cc21,CC(C)=O,383.7115102211483,4.722526215001942
CCC1(CC)c2cc(B(c3c(C)cc(C)cc3C)c3c(C)cc(C)cc3C)ccc2-c2ccc(N(c3ccccc3)c3ccc4c(c3)C(CC)(CC)c3cc(B(c5c(C)cc(C)cc5C)c5c(C)cc(C)cc5C)ccc3-4)cc21,CN(C)C=O,383.5409404092888,4.709294963502763
CCC1(CC)c2cc(B(c3c(C)cc(C)cc3C)c3c(C)cc(C)cc3C)ccc2-c2ccc(N(c3ccccc3)c3ccc4c(c3)C(CC)(CC)c3cc(B(c5c(C)cc(C)cc5C)c5c(C)cc(C)cc5C)ccc3-4)cc21,CC#N,374.3174156180474,4.676316481189511
COc1c(C)c2c(c(C)c1Cl)Oc1c(C=O)c(O)c(Cl)c(C)c1C(=O)O2,ClC(Cl)Cl,351.16672071432856,3.2960663145168505
N#C/C(=C\c1cn(-c2ccccc2)nc1-c1ccc([N+](=O)[O-])cc1)c1nc2ccccc2s1,Cc1ccccc1,380.4019783059481,4.3120378359759695
N#C/C(=C\c1cn(-c2ccccc2)nc1-c1ccc([N+](=O)[O-])cc1)c1nc2ccccc2s1,C1COCCO1,379.05195833335995,4.365355460478591
N#C/C(=C\c1cn(-c2ccccc2)nc1-c1ccc([N+](=O)[O-])cc1)c1nc2ccccc2s1,C1CCOC1,379.6713141113455,4.293428754957577
N#C/C(=C\c1cn(-c2ccccc2)nc1-c1ccc([N+](=O)[O-])cc1)c1nc2ccccc2s1,ClC(Cl)Cl,378.2883352168785,4.324312211658188
N#C/C(=C\c1cn(-c2ccccc2)nc1-c1ccc([N+](=O)[O-])cc1)c1nc2ccccc2s1,CCOC(C)=O,376.75633006921237,4.316711837659133
N#C/C(=C\c1cn(-c2ccccc2)nc1-c1ccc([N+](=O)[O-])cc1)c1nc2ccccc2s1,CN(C)C=O,380.144620880735,4.2820693754335
N#C/C(=C\c1cn(-c2ccccc2)nc1-c1ccc([N+](=O)[O-])cc1)c1nc2ccccc2s1,CS(C)=O,383.0087660916463,4.286885559254099
CC1=NN(c2ccccc2)C(=O)/C1=C\c1cn(-c2ccccc2)nc1-c1ccc([N+](=O)[O-])cc1,Cc1ccccc1,365.4638910881975,4.472111881128794
CC1=NN(c2ccccc2)C(=O)/C1=C\c1cn(-c2ccccc2)nc1-c1ccc([N+](=O)[O-])cc1,C1COCCO1,363.17637211130733,4.477895458012472
CC1=NN(c2ccccc2)C(=O)/C1=C\c1cn(-c2ccccc2)nc1-c1ccc([N+](=O)[O-])cc1,C1CCOC1,363.789343555532,4.449572695077521
CC1=NN(c2ccccc2)C(=O)/C1=C\c1cn(-c2ccccc2)nc1-c1ccc([N+](=O)[O-])cc1,ClC(Cl)Cl,361.62599340652366,4.5053281477696725
CC1=NN(c2ccccc2)C(=O)/C1=C\c1cn(-c2ccccc2)nc1-c1ccc([N+](=O)[O-])cc1,CCOC(C)=O,360.02276847370985,4.516719232052708
CC1=NN(c2ccccc2)C(=O)/C1=C\c1cn(-c2ccccc2)nc1-c1ccc([N+](=O)[O-])cc1,CO,358.19924495703566,4.543433061021879
CC1=NN(c2ccccc2)C(=O)/C1=C\c1cn(-c2ccccc2)nc1-c1ccc([N+](=O)[O-])cc1,CCO,362.87071248595794,4.543537027966473
CC1=NN(c2ccccc2)C(=O)/C1=C\c1cn(-c2ccccc2)nc1-c1ccc([N+](=O)[O-])cc1,CN(C)C=O,356.76614290937675,4.447423182785699
CC1=NN(c2ccccc2)C(=O)/C1=C\c1cn(-c2ccccc2)nc1-c1ccc([N+](=O)[O-])cc1,CS(C)=O,365.654281327194,3.9672433716384807
N#CC(C#N)=C(/C=C/c1cn(-c2ccccc2)nc1-c1ccc([N+](=O)[O-])cc1)c1ccccc1,Cc1ccccc1,400.69368678207945,4.395966769155043
N#CC(C#N)=C(/C=C/c1cn(-c2ccccc2)nc1-c1ccc([N+](=O)[O-])cc1)c1ccccc1,C1COCCO1,398.18013145150934,4.40108485859515
N#CC(C#N)=C(/C=C/c1cn(-c2ccccc2)nc1-c1ccc([N+](=O)[O-])cc1)c1ccccc1,C1CCOC1,399.10744747482784,4.388860335012794
N#CC(C#N)=C(/C=C/c1cn(-c2ccccc2)nc1-c1ccc([N+](=O)[O-])cc1)c1ccccc1,ClC(Cl)Cl,403.3469345144021,4.460464036445575
N#CC(C#N)=C(/C=C/c1cn(-c2ccccc2)nc1-c1ccc([N+](=O)[O-])cc1)c1ccccc1,CCOC(C)=O,396.6840145780166,4.49184297521346
N#CC(C#N)=C(/C=C/c1cn(-c2ccccc2)nc1-c1ccc([N+](=O)[O-])cc1)c1ccccc1,CO,393.08539679321035,4.486446769748975
N#CC(C#N)=C(/C=C/c1cn(-c2ccccc2)nc1-c1ccc([N+](=O)[O-])cc1)c1ccccc1,CCO,398.4699097147103,4.490285337873397
N#CC(C#N)=C(/C=C/c1cn(-c2ccccc2)nc1-c1ccc([N+](=O)[O-])cc1)c1ccccc1,CN(C)C=O,405.7067042295526,4.498556655941885
N#CC(C#N)=C(/C=C/c1cn(-c2ccccc2)nc1-c1ccc([N+](=O)[O-])cc1)c1ccccc1,CS(C)=O,403.4332193541467,4.519976505552894
COc1cc(/C=C/C2=[O+][B-](F)(F)OC(/C=C/c3ccc(OS(=O)(=O)c4ccc(C)cc4)c(OC)c3)=C2)ccc1O,ClCCl,497.54790614930454,5.048386812905469
COc1cc(/C=C/C2=CC(/C=C/c3ccc(OS(=O)(=O)c4ccc(C)cc4)c(OC)c3)=[O+][B-](F)(F)O2)ccc1OS(=O)(=O)c1ccc(C)cc1,ClCCl,505.27948366451017,5.09127083949088
C#Cc1ccc2c(C)cc(=O)oc2c1,CCO,329.62993558632644,4.169986310668432
CCCCCCN1C(=O)c2cccc3c(-c4ccc(-c5cc(-c6ccc(Cl)cc6)nn5-c5ccccc5)s4)ccc(c23)C1=O,ClCCl,384.3924494564906,4.296751195418635
CCCCCCN1C(=O)c2cccc3c(-c4ccc(-c5cc(-c6ccc(Cl)cc6)n(-c6ccccc6)n5)s4)ccc(c23)C1=O,ClCCl,394.80501661686185,4.433425184207109
CCn1c2ccccc2c2cc(/C=C3\C(=O)c4ccccc4S3(=O)=O)ccc21,Cc1ccccc1,388.90707172049787,4.562438839623556
CCn1c2ccccc2c2cc(/C=C3\C(=O)c4ccccc4S3(=O)=O)ccc21,ClC(Cl)Cl,391.1826186308753,4.587192543290287
CCn1c2ccccc2c2cc(/C=C3\C(=O)c4ccccc4S3(=O)=O)ccc21,ClCCl,388.2567356971296,4.650658844875033
CCn1c2ccccc2c2cc(/C=C3\C(=O)c4ccccc4S3(=O)=O)ccc21,C1CCOC1,388.47847677025845,4.601308525648698
CCn1c2ccccc2c2cc(/C=C3\C(=O)c4ccccc4S3(=O)=O)ccc21,CC(C)=O,383.40124530308265,4.600676079546653
CCn1c2ccccc2c2cc(/C=C3\C(=O)c4ccccc4S3(=O)=O)ccc21,C1COCCO1,387.0723237700615,4.602241101111554
CCn1c2ccccc2c2cc(/C=C3\C(=O)c4ccccc4S3(=O)=O)ccc21,CCOC(C)=O,381.8028676136536,4.611578707028231
CCn1c2ccccc2c2cc(/C=C3\C(=O)c4ccccc4S3(=O)=O)ccc21,CN(C)C=O,383.16316268358264,4.4841648522076145
CCn1c2ccccc2c2cc(/C=C3\C(=O)c4ccccc4S3(=O)=O)ccc21,CS(C)=O,388.89488717175556,4.559480553032143
CCn1c2ccccc2c2cc(/C=C3\C(=O)c4ccccc4S3(=O)=O)ccc21,CC#N,383.7527367701434,4.58816198470568
CCn1c2ccccc2c2cc(/C=C3\C(=O)c4ccccc4S3(=O)=O)ccc21,CO,382.90423658584007,4.583602372365786
CN(c1ccccc1)c1ccc(/C=C2\C(=O)c3ccccc3S2(=O)=O)cc1,Cc1ccccc1,386.4689364087577,4.536643921066393
CN(c1ccccc1)c1ccc(/C=C2\C(=O)c3ccccc3S2(=O)=O)cc1,ClC(Cl)Cl,388.96556381450984,4.518649606649358
CN(c1ccccc1)c1ccc(/C=C2\C(=O)c3ccccc3S2(=O)=O)cc1,ClCCl,389.02285467281155,4.533627028608597
CN(c1ccccc1)c1ccc(/C=C2\C(=O)c3ccccc3S2(=O)=O)cc1,C1CCOC1,385.6267866018949,4.5178582191844265
CN(c1ccccc1)c1ccc(/C=C2\C(=O)c3ccccc3S2(=O)=O)cc1,CC(C)=O,383.1854856947857,4.545716479151462
CN(c1ccccc1)c1ccc(/C=C2\C(=O)c3ccccc3S2(=O)=O)cc1,C1COCCO1,385.2443131700199,4.527364295688824
CN(c1ccccc1)c1ccc(/C=C2\C(=O)c3ccccc3S2(=O)=O)cc1,CCOC(C)=O,380.1296312873739,4.518246207147871
CN(c1ccccc1)c1ccc(/C=C2\C(=O)c3ccccc3S2(=O)=O)cc1,CN(C)C=O,383.4665493696547,4.453449849342717
CN(c1ccccc1)c1ccc(/C=C2\C(=O)c3ccccc3S2(=O)=O)cc1,CS(C)=O,388.0200647573166,4.5179005724782595
CN(c1ccccc1)c1ccc(/C=C2\C(=O)c3ccccc3S2(=O)=O)cc1,CC#N,382.83598722848916,4.525343987377596
CN(c1ccccc1)c1ccc(/C=C2\C(=O)c3ccccc3S2(=O)=O)cc1,CO,383.8452690330458,4.547241544141217
O=C1/C(=C\c2ccc(N(c3ccccc3)c3ccccc3)cc2)S(=O)(=O)c2ccccc21,Cc1ccccc1,416.1066268498661,4.6024610466214675
O=C1/C(=C\c2ccc(N(c3ccccc3)c3ccccc3)cc2)S(=O)(=O)c2ccccc21,ClC(Cl)Cl,421.84097011968504,4.553767536571459
O=C1/C(=C\c2ccc(N(c3ccccc3)c3ccccc3)cc2)S(=O)(=O)c2ccccc21,ClCCl,412.15311723719503,4.553533937886331
O=C1/C(=C\c2ccc(N(c3ccccc3)c3ccccc3)cc2)S(=O)(=O)c2ccccc21,C1CCOC1,415.34602966475603,4.574533686825538
O=C1/C(=C\c2ccc(N(c3ccccc3)c3ccccc3)cc2)S(=O)(=O)c2ccccc21,CC(C)=O,415.7621780601995,4.626405078475854
O=C1/C(=C\c2ccc(N(c3ccccc3)c3ccccc3)cc2)S(=O)(=O)c2ccccc21,C1COCCO1,414.4430869653817,4.576772504472675
O=C1/C(=C\c2ccc(N(c3ccccc3)c3ccccc3)cc2)S(=O)(=O)c2ccccc21,CCOC(C)=O,409.9453272839699,4.528760292569138
O=C1/C(=C\c2ccc(N(c3ccccc3)c3ccccc3)cc2)S(=O)(=O)c2ccccc21,CN(C)C=O,411.70327155972734,4.539703451437492
O=C1/C(=C\c2ccc(N(c3ccccc3)c3ccccc3)cc2)S(=O)(=O)c2ccccc21,CS(C)=O,415.2720441804607,4.558868291493107
O=C1/C(=C\c2ccc(N(c3ccccc3)c3ccccc3)cc2)S(=O)(=O)c2ccccc21,CC#N,409.45958530717763,4.575072242652454
O=C1/C(=C\c2ccc(N(c3ccccc3)c3ccccc3)cc2)S(=O)(=O)c2ccccc21,CO,416.00249247843055,4.643518034668278
Cc1cc(-c2ccc(C(C)(C)C)cc2)cc(C)[o+]1,ClCCl,357.685135464002,4.430831845205787
Cc1cc(-c2ccc(C(C)(C)C)cc2)cc(C)[o+]1,CC#N,343.4320411820148,4.396254822004902
CCOC(=O)c1sc2nc(C)c(C)c(C#N)c2c1N,c1ccccc1,410.60179720636836,3.743987420022929
Cc1cc2nc3cc(C)c(N)cc3[n+](-c3ccccc3)c2cc1N,O,401.0288886836455,3.9838559027593363
Cc1cc2nc3cc(C)c(N)cc3[n+](-c3ccccc3)c2cc1N,CCO,410.13343459370014,4.069894519191735
O=C(O)CCCOc1cccc(-c2c3nc(cc4ccc([nH]4)c(-c4cccc(OCCCC(=O)O)c4)c4nc(cc5ccc2[nH]5)C=C4)C=C3)c1,CS(C)=O,620.1914792230298,3.6810565592149858
COc1ccc(-c2c3nc(cc4ccc([nH]4)c(-c4ccc(OC)c(OCCCC(=O)O)c4)c4nc(cc5ccc2[nH]5)CC4)C=C3)cc1OCCCC(=O)O,CS(C)=O,658.9412505517533,4.444441488662956
c1ccc(-c2nc(-c3ccc(-c4nc(-c5ccccc5)c(-c5ccccc5)[nH]4)cc3)[nH]c2-c2ccccc2)cc1,CC#N,357.898033070185,4.551074653550734
COc1ccc(-c2nc(-c3ccc(-c4nc(-c5ccc(OC)cc5)c(-c5ccc(OC)cc5)[nH]4)cc3)[nH]c2-c2ccc(OC)cc2)cc1,CC#N,340.3586207046147,4.440159927345365
c1ccc(-c2nc(-c3ccccc3)c(-c3ccccc3)[nH]2)cc1,CC#N,336.98238825374875,4.468072740588799
Cc1cc(-c2ccc(-c3ccccc3)cc2)cc(C)[o+]1,ClCCl,365.99610620673354,4.532156622147411
Cc1cc(-c2cccc3ccccc23)cc(C)[o+]1,ClCCl,358.9670353107241,4.097556716317465
CC(=O)c1ccc(-c2cc(C)[o+]c(C)c2)cc1,ClCCl,388.66981576223543,4.2913486628683675
O=C(/C=C/c1ccc(O)c(O)c1)O[C@H](Cc1ccc(O)c(O)c1)C(=O)O,O,328.4953601457599,3.704665038022327
O=C(/C=C/c1ccc(O)c(O)c1)O[C@H](Cc1ccc(O)c(O)c1)C(=O)O,CS(C)=O,351.28503972897454,3.8445192425029533
O=C(/C=C/c1ccc(O)c(O)c1)O[C@H](Cc1ccc(O)c(O)c1)C(=O)O,CN(C)C=O,349.7341524214674,3.8485727056626056
O=C(/C=C/c1ccc(O)c(O)c1)O[C@H](Cc1ccc(O)c(O)c1)C(=O)O,CO,343.5936868471234,3.7316710522015244
O=C(/C=C/c1ccc(O)c(O)c1)O[C@H](Cc1ccc(O)c(O)c1)C(=O)O,CCO,346.0566668483487,3.6817977957491856
O=C(/C=C/c1ccc(O)c(O)c1)O[C@H](Cc1ccc(O)c(O)c1)C(=O)O,CC#N,345.2802470169311,3.8537477215400147
O=C(/C=C/c1ccc(O)c(O)c1)O[C@H](Cc1ccc(O)c(O)c1)C(=O)O,CCCC#N,346.0382006468638,3.768235601235864
O=C(/C=C/c1ccc(O)c(O)c1)O[C@H](Cc1ccc(O)c(O)c1)C(=O)O,C1CCOC1,347.07993228422157,3.7281985428351874
O=C(/C=C/c1ccc(O)c(O)c1)O[C@H](Cc1ccc(O)c(O)c1)C(=O)O,ClCCl,349.66198852610927,3.6894371889951194
CN(C)c1ccc2cc(C(/C=C/c3cn(C)c4ccccc34)=C(C#N)C#N)c(=O)oc2c1,ClCCl,451.187111884267,4.661267677155046
CN(C)c1ccc2cc(C(/C=C/c3cn(C)c4ccccc34)=C(C#N)C#N)c(=O)oc2c1,C1COCCO1,444.46120581934974,4.585816952642823
CN(C)c1ccc2cc(C(/C=C/c3cn(C)c4ccccc34)=C(C#N)C#N)c(=O)oc2c1,CN(C)C=O,464.20640280600463,4.587056333314035
CN(C)c1ccc2cc(C(/C=C/c3cn(C)c4ccccc34)=C(C#N)C#N)c(=O)oc2c1,CS(C)=O,468.11865254857196,4.634799787122996
CN(C)c1ccc2cc(C(/C=C/c3cn(C)c4ccccc34)=C(C#N)C#N)c(=O)oc2c1,C1CCOC1,448.3645228028851,4.595070941134697
c1ccc(-c2ccc(-c3ccc(-c4cc(-c5ccc(-c6ccc(-c7ccccc7)cc6)cc5)cc(-c5ccc(-c6ccc(-c7ccccc7)cc6)cc5)c4)cc3)cc2)cc1,C1COCCO1,292.8192985666463,4.928176669985425
c1ccc(-c2ccc(-c3ccc(-c4ccccc4)cc3)cc2)cc1,C1COCCO1,291.4467970677732,4.714078544490098
CCOC(=O)c1c(-c2c(Cl)c3cc(C)ccc3oc2=O)nn(-c2cccc(C)c2)c1C(=O)OCC,ClCCl,331.7006004661065,4.313994609017615
CCOC(=O)c1c(-c2cc3ccccc3oc2=O)nn(-c2ccc(OC)cc2)c1C(=O)OCC,ClCCl,325.386966703737,4.305258076989405
COC(=O)c1c(-c2cc3ccccc3oc2=O)nn(-c2cccc(F)c2)c1C(=O)OC,ClCCl,305.37418039478666,4.321505722745465
CCOC(=O)c1c(C(=O)OC)c(-c2cc3cc(OC)ccc3oc2=O)nn1-c1ccccc1,ClCCl,342.2967186667019,4.3095658589151835
CCOC(=O)c1c(-c2cc3ccc(OC)cc3oc2=O)nn(-c2ccccc2)c1C(=O)OCC,ClCCl,339.25572853268403,4.529485067953216
CCOC(=O)c1c(-c2cc3cc4c(cc3oc2=O)OC(C)(C)CC4)nn(-c2cccc(Cl)c2)c1C(=O)OCC,ClCCl,343.2686408081368,4.493134678994271
Cc1c2ccc3c(C)[n+](C)ccc3c2cc[n+]1C,CC#N,377.02427257396806,3.8766592627940737
Cc1cc2c(ccc3c[n+](C)c(C)cc32)c[n+]1C,CC#N,408.500350110691,3.8809420939838795
O=P(c1c2ccccc2cc2ccccc12)(c1c2ccccc2cc2ccccc12)c1c2ccccc2cc2ccccc12,C1CCOC1,423.7436098600453,4.277137585925056
COc1ccc(N(c2ccc(OC)cc2)c2ccc(-c3ccc(C=C(C#N)C#N)cc3)cc2)cc1,ClC(Cl)Cl,483.7822259901419,4.569592326189198
CN(C)c1ccc(/C=C/C=C/C2=NC3C(=O)NC(N)=NC3N2[C@H]2C[C@H](O)[C@@H](CO)O2)cc1,C1COCCO1,408.6686148593004,4.4488008934719865
CN(C)c1ccc(/C=C/C=C/C2=NC3C(=O)NC(N)=NC3N2[C@H]2C[C@H](O)[C@@H](CO)O2)cc1,CC#N,405.6340552719113,4.407230511348596
CN(C)c1ccc(/C=C/C=C/C2=NC3C(=O)NC(N)=NC3N2[C@H]2C[C@H](O)[C@@H](CO)O2)cc1,CO,404.78229828520006,4.562500755919016
C[N+](C)=c1ccc2c(-c3c(Cl)c(Cl)c(Cl)c(Cl)c3C(=O)O)c3ccc4cc(O)ccc4c3oc-2c1,O,568.2975174286091,4.424801943063529
COc1ccc(-c2cnc(-c3ccccc3)o2)cc1OC,ClCCl,321.8951802727472,4.386073274819171
COc1ccc(-c2cnc(-c3cccnc3)o2)cc1OC,ClCCl,322.60315089830044,4.438818731244355
N#Cc1ccc(/C=C/c2ncc(-c3ccccc3)o2)cc1,ClCCl,368.3857583445693,4.378514014137228
C(=C/c1cccc2ccccc12)\c1ncc(-c2ccccc2)o1,ClCCl,367.0084492269705,4.5256688028052245
CN1CCN(c2cccc(/C=C/c3ncc(-c4ccc(OCc5ccccc5)c(OCc5ccccc5)c4)o3)c2)CC1,ClCCl,359.3205852421175,4.267981633645187
C(=C/c1ncc(-c2ccc(OCc3ccccc3)c(OCc3ccccc3)c2)o1)\c1cccc(N2CCN(c3ccccc3)CC2)c1,ClCCl,364.99640134160285,4.463299277574437
C(#Cc1ncc(-c2ccccc2)o1)c1cccnc1,ClCCl,326.36731227147334,4.478725832136472
CN(C)c1ccc(/C=C/c2cnc(-c3ccncc3)o2)cc1,ClCCl,401.43000251636465,4.479200967626441
CCC1(CC)c2ccccc2-c2c1c1c(c3c2C(CC)(CC)c2cc(/C=C/c4cccs4)ccc2-3)C(CC)(CC)c2cc(/C=C/c3cccs3)ccc2-1,C1CCOC1,383.30133328375734,4.756135264642552
CCN(CC)c1ccc(/N=N/c2cc3c(=O)[nH][nH]c(=O)c3cc2[N+](=O)[O-])cc1,CC(=O)O,513.2529929114938,4.556150285067702
CCN(CC)c1ccc(/N=N/c2cc3c(=O)[nH][nH]c(=O)c3cc2[N+](=O)[O-])cc1,CN(C)C=O,502.8831155227155,4.423135722489341
CCN(CC)c1ccc(/N=N/c2cc3c(=O)[nH][nH]c(=O)c3cc2[N+](=O)[O-])cc1,CS(C)=O,506.0644776056741,4.397074294888867
c1ccc(-c2nc(-c3ccc(-c4nc(-c5ccccc5)c(-c5ccccc5)o4)cc3)oc2-c2ccccc2)cc1,C1COCCO1,355.986258645201,4.760636670906524
CC(C)(C)c1cc2c(c(C(C)(C)C)c1)O[B-](F)(F)[n+]1c-2nc(-c2ccccc2)c2cc(Cl)ccc21,Cc1ccccc1,404.02311460225593,3.682146954337474
COc1ccc2c(c1)-c1nc(-c3ccccc3)c3cc(Cl)ccc3[n+]1[B-](F)(F)O2,Cc1ccccc1,424.619141389588,3.605172723135405
CCn1c2ccccc2c2cc(/C=C/c3cccc(/C=C/c4ccc5c(c4)c4ccccc4n5CC)[n+]3CCCS(=O)(=O)[O-])ccc21,Cc1ccccc1,446.3714719622643,4.540005753025371
CCn1c2ccccc2c2cc(/C=C/c3cccc(/C=C/c4ccc5c(c4)c4ccccc4n5CC)[n+]3CCCS(=O)(=O)[O-])ccc21,C1CCOC1,449.7552766461,4.62672073368795
CCn1c2ccccc2c2cc(/C=C/c3cccc(/C=C/c4ccc5c(c4)c4ccccc4n5CC)[n+]3CCCS(=O)(=O)[O-])ccc21,CC(C)=O,447.61189319700645,4.659565702899817
CCn1c2ccccc2c2cc(/C=C/c3cccc(/C=C/c4ccc5c(c4)c4ccccc4n5CC)[n+]3CCCS(=O)(=O)[O-])ccc21,CC#N,442.472201104171,4.637234900250652
Oc1cccc(C2=[N+]3C(=C(c4ccccc4)c4cccn4[B-]3(F)F)C=C2)c1,ClC(Cl)Cl,540.4916381280918,4.875365102940098
F[B-]1(F)n2cccc2C(c2ccccc2)=C2C=CC(c3cccc(OC4=[N+]5C(=C(c6ccccc6)c6cc(Br)c(-c7ccc[nH]7)n6[B-]5(F)F)C=C4Br)c3)=[N+]21,ClC(Cl)Cl,561.1970957609972,5.182467592050237
c1ccc2[nH]c(-c3ccc(-c4ccc(-c5ccc(-c6nc7ccccc7[nH]6)cc5)cc4)cc3)nc2c1,CN(C)C=O,342.06596821338445,4.624221369806611
Cc1ccc2[nH]c(-c3ccc(-c4ccc(-c5ccc(-c6nc7cc(C)ccc7[nH]6)cc5)cc4)cc3)nc2c1,CN(C)C=O,344.43873872401343,4.699404001301893
CC(=O)OC[C@H]1O[C@@H]([C@@H]2C=C(F)C(=S)NC2=O)[C@H](OC(C)=O)[C@@H]1OC(C)=O,ClC(Cl)(Cl)Cl,431.59804853466824,1.647162293806343
c1ccc2c[n+]3ccccc3cc2c1,O,395.80930245810544,3.7536370984579164
Clc1ccc2cc3cccc[n+]3cc2c1,O,390.9049914267516,3.7395800547572207
COc1c2ccccc2c(-c2ccccc2)c2ccccc12,ClC(Cl)Cl,384.24510751596756,4.148278697569225
COc1c2ccccc2c(-c2ccccc2)c2ccccc12,ClCCl,389.57832314217114,4.158795159007473
COc1c2ccccc2c(-c2ccccc2)c2ccccc12,ClC(Cl)(Cl)Cl,391.416374302605,4.15437696870054
COc1c2ccccc2c(-c2ccccc2)c2ccccc12,C1COCCO1,379.90120338337357,4.192273590350419
COc1c2ccccc2c(-c2ccccc2)c2ccccc12,CN(C)C=O,391.00585122831706,4.19108502708853
COc1c2ccccc2c(-c2ccccc2)c2ccccc12,OCCO,387.4796388555477,4.098034471928122
COc1c2ccccc2c(-c2ccccc2)c2ccccc12,OCC(O)CO,394.8468251741056,4.068255313505632
Nc1ccc2c(c1)-c1ccccc1C2=O,C1CCCCC1,423.457805439748,3.483602334560774
Nc1ccc2c(c1)-c1ccccc1C2=O,c1ccccc1,438.5196553488189,3.524390088343522
Nc1ccc2c(c1)-c1ccccc1C2=O,CC#N,440.03047578284065,3.519952171069959
Nc1ccc2c(c1)-c1ccccc1C2=O,CCO,452.24147288350696,3.628528553481634
Nc1cccc2c1-c1ccccc1C2=O,C1CCCCC1,414.9020959228086,3.2813693036719727
Nc1cccc2c1-c1ccccc1C2=O,c1ccccc1,429.7560129360151,3.3063339489424015
Nc1cccc2c1-c1ccccc1C2=O,CC#N,436.4412651692152,3.322187957720911
Nc1cccc2c1-c1ccccc1C2=O,CCO,443.2090670818362,3.3482354809395565
CNc1ccc2c(c1)-c1ccccc1C2=O,C1CCCCC1,421.6516637383185,3.6793846321737624
CNc1ccc2c(c1)-c1ccccc1C2=O,c1ccccc1,438.7648605573535,3.730567438554496
CNc1ccc2c(c1)-c1ccccc1C2=O,CC#N,442.07630824613125,3.6966849094116143
CNc1ccc2c(c1)-c1ccccc1C2=O,CCO,451.0066440907378,3.736293315655079
CNc1cccc2c1-c1ccccc1C2=O,C1CCCCC1,422.4290949182305,3.1931250312182327
CNc1cccc2c1-c1ccccc1C2=O,c1ccccc1,440.7132896598794,3.2082419718104673
CNc1cccc2c1-c1ccccc1C2=O,CC#N,447.9963854240197,3.231222735371228
CNc1cccc2c1-c1ccccc1C2=O,CCO,452.38052845965683,3.19733645830738
COc1ccc(C#Cc2nc(C#Cc3ccc(OC)cc3)c(C#Cc3ccc(OC)cc3)c(C#Cc3ccc(OC)cc3)c2C#Cc2ccc(OC)cc2)cc1,ClCCl,421.56065808221075,4.6210353518434655
Fc1ccc(C#Cc2nc(C#Cc3ccc(F)cc3)c(C#Cc3ccc(F)cc3)c(C#Cc3ccc(F)cc3)c2C#Cc2ccc(F)cc2)cc1,ClCCl,407.1542099945003,4.502879989435661
COc1ccc(C#Cc2cc(C#Cc3ccc(OC)cc3)c(C#Cc3ccc(OC)cc3)c(C#Cc3ccc(OC)cc3)c2C#Cc2ccc(OC)cc2)cc1,ClCCl,378.6953735856143,4.880755255525243
O=C(NCc1cc(=O)oc2cc([O-])c(Br)cc12)c1cccnc1,O,351.09102841967035,3.933811974489843
Cc1c2ccncc2c(C)c2c1[nH]c1ccccc12,CO,319.7684525463475,4.224608260172106
Cc1c2ccncc2c(C)c2c1[nH]c1ccccc12,CC#N,319.2426306440182,4.2129648576956775
Cc1c2ccncc2c(C)c2c1[nH]c1ccccc12,CCO,322.4935178834718,4.262962488464122
Cc1c2ccncc2c(C)c2c1[nH]c1ccccc12,CC(C)O,324.00260886070544,4.252031114497688
Cc1c2ccncc2c(C)c2c1[nH]c1ccccc12,CN(C)C=O,331.56059255274965,4.249841978779242
Cc1c2ccncc2c(C)c2c1[nH]c1ccccc12,CCCCO,325.595092440458,4.27811471863198
Cc1c2ccncc2c(C)c2c1[nH]c1ccccc12,CS(C)=O,330.55808019815794,4.296208879703868
Cc1c2ccncc2c(C)c2c1[nH]c1ccccc12,CC(C)(C)O,323.90878954864604,4.272523104155348
Cc1c2ccncc2c(C)c2c1[nH]c1ccccc12,C1CCOC1,320.84192330092435,4.316909064168486
Cc1c2ccncc2c(C)c2c1[nH]c1ccccc12,CCOC(C)=O,324.5410112065358,4.320095590264988
Cc1c2ccncc2c(C)c2c1[nH]c1ccccc12,CCC(C)(C)O,322.39870055664886,4.275031049011693
Cc1c2ccncc2c(C)c2c1[nH]c1ccccc12,CCOCC,319.692886534336,4.3309992346307995
Cc1c2ccncc2c(C)c2c1[nH]c1ccccc12,C1COCCO1,319.40547911050334,4.325833672832089
Cc1c2ccncc2c(C)c2c1[nH]c1ccccc12,Cc1ccccc1,327.3675744183008,4.208017387867156
Cc1c2ccncc2c(C)c2c1[nH]c1ccccc12,C1CCCCC1,320.5588465447477,4.341705142909233
Cc1c2ccncc2c(C)c2c1[nH]c1ccccc12,CCCCCC,318.54481011735527,4.290591441038822
C(#Cc1ccncc1)C(C#Cc1ccncc1)=Cc1ccc(C=C(C#Cc2ccncc2)C#Cc2ccncc2)s1,ClC(Cl)Cl,452.8108974257445,4.106075328784262
C(#Cc1ccccc1)C(C#Cc1ccccc1)=Cc1ccc2cc(C=C(C#Cc3ccccc3)C#Cc3ccccc3)ccc2c1,ClC(Cl)Cl,392.8764102027258,4.724485494032604
C(#Cc1ccccc1)C(C#Cc1ccccc1)=Cc1c2ccccc2c(C=C(C#Cc2ccccc2)C#Cc2ccccc2)c2ccccc12,ClC(Cl)Cl,455.71131443901396,4.528993427634132
CCCCCCCCCCCCC(CCCCCCCCCC)Cn1c2cc(/C=C/c3nc4ccccc4s3)c3cccc4c5cccc6c(/C=C/c7nc8ccccc8s7)cc1c(c65)c2c34,ClCCl,489.18510505890924,4.458732685703285
CCCCCCCCCCCCC(CCCCCCCCCC)Cn1c2cc(/C=C/c3nc4ccccc4s3)c3cccc4c5cccc6c(/C=C/c7nc8ccccc8s7)cc1c(c65)c2c34,Cc1ccccc1,490.21646108614334,4.420931872974524
CCCCCCCCCCCCC(CCCCCCCCCC)Cn1c2cc(/C=C/c3nc4ccccc4s3)c3cccc4c5cccc6c(/C=C/c7nc8ccccc8s7)cc1c(c65)c2c34,CC#N,475.45384815939985,4.454827049284661
CCCCCCCCCCCCC(CCCCCCCCCC)Cn1c2cc(/C=C/c3nc4ccccc4s3)c3cccc4c5cccc6c(/C=C/c7nc8ccccc8s7)cc1c(c65)c2c34,C1CCCCC1,480.8064267665798,4.403176463982623
CCCCCCCCCCCCC(CCCCCCCCCC)Cn1c2cc(/C=C/C=C/c3nc4ccccc4s3)c3cccc4c5cccc6c(/C=C/C=C/c7nc8ccccc8s7)cc1c(c65)c2c34,ClCCl,586.3049958501533,4.480735962053506
CCCCCCCCCCCCC(CCCCCCCCCC)Cn1c2cc(/C=C/C=C/c3nc4ccccc4s3)c3cccc4c5cccc6c(/C=C/C=C/c7nc8ccccc8s7)cc1c(c65)c2c34,Cc1ccccc1,580.9161275751607,4.510694701902673
CCCCCCCCCCCCC(CCCCCCCCCC)Cn1c2cc(/C=C/C=C/c3nc4ccccc4s3)c3cccc4c5cccc6c(/C=C/C=C/c7nc8ccccc8s7)cc1c(c65)c2c34,CC#N,560.966795346771,4.516988983684426
CCCCCCCCCCCCC(CCCCCCCCCC)Cn1c2cc(/C=C/C=C/c3nc4ccccc4s3)c3cccc4c5cccc6c(/C=C/C=C/c7nc8ccccc8s7)cc1c(c65)c2c34,C1CCCCC1,579.1140174504719,4.419152023916922
CCCCCCCCCCCCC(CCCCCCCCCC)Cn1c2cc(C=C(C#N)C#N)c3cccc4c5cccc6c(C=C(C#N)C#N)cc1c(c65)c2c34,ClCCl,551.6810878900652,4.666349809869056
CCCCCCCCCCCCC(CCCCCCCCCC)Cn1c2cc(C=C(C#N)C#N)c3cccc4c5cccc6c(C=C(C#N)C#N)cc1c(c65)c2c34,Cc1ccccc1,534.7228483004741,4.693953026020187
CCCCCCCCCCCCC(CCCCCCCCCC)Cn1c2cc(C=C(C#N)C#N)c3cccc4c5cccc6c(C=C(C#N)C#N)cc1c(c65)c2c34,CC#N,532.5536577639953,4.647242543756434
CCCCCCCCCCCCC(CCCCCCCCCC)Cn1c2cc(C=C(C#N)C#N)c3cccc4c5cccc6c(C=C(C#N)C#N)cc1c(c65)c2c34,C1CCCCC1,558.7466831029908,4.644282467495453
F[B-]1(F)OC(c2ccccc2)=C(c2ccccc2)c2oc3ccccc3[n+]21,C1CCOC1,359.35647497737443,3.91631429433824
CN(C)c1ccc(C2=C(c3ccccc3)c3oc4ccccc4[n+]3[B-](F)(F)O2)cc1,C1CCOC1,419.61720423725046,4.379112032134136
F[B-]1(F)OC(c2ccccc2)=C(c2ccccc2)c2sc3ccccc3[n+]21,C1CCOC1,377.1259047849841,4.071064113790433
COC(=O)C[C@H](NC(=O)[C@H](Cc1c[nH]c2ccccc12)NC(=O)OC(C)(C)C)C(=O)OC,CCOC(C)=O,297.64377864167966,4.3413130058768585
COC(=O)C[C@H](NC(=O)[C@H](Cc1c[nH]c2ccccc12)NC(=O)OC(C)(C)C)C(=O)OC,CC#N,297.5211943364539,4.3006745415806265
COC(=O)C[C@H](NC(=O)[C@H](Cc1c[nH]c2ccccc12)NC(=O)OC(C)(C)C)C(=O)OC,CO,296.1245552247424,4.3269366095178485
Oc1ccccc1-c1nc2c(c3c1-c1ccccc1CC3)-c1ccccc1CC2,ClCCl,323.91447747944045,4.059972714200885
CCCCn1c2ccccc2c2cc(C#Cc3ccc4ccc5cccc6ccc3c4c56)ccc21,ClCCl,405.79680536674607,4.811629694112346
CCCCCCCCN1c2ccccc2Sc2cc(/C=C/c3ccc(N(c4ccc(/C=C/c5ccc6c(c5)Sc5ccccc5N6CCCCCCCC)cc4)c4ccc(/C=C/c5ccc(/C=C/c6ccc(N(c7ccc(/C=C/c8ccc9c(c8)Sc8ccccc8N9CCCCCCCC)cc7)c7ccc(/C=C/c8ccc9c(c8)Sc8ccccc8N9CCCCCCCC)cc7)cc6)c6nsnc56)cc4)cc3)ccc21,Cc1ccccc1,536.1087204026335,4.668096791583961
CCCCCCCCN1c2ccccc2Sc2cc(/C=C/c3ccc(N(c4ccc(/C=C/c5ccc6c(c5)Sc5ccccc5N6CCCCCCCC)cc4)c4ccc(/C=C/c5ccc(/C=C/c6ccc(N(c7ccc(/C=C/c8ccc9c(c8)Sc8ccccc8N9CCCCCCCC)cc7)c7ccc(/C=C/c8ccc9c(c8)Sc8ccccc8N9CCCCCCCC)cc7)cc6)c6nsnc56)cc4)cc3)ccc21,CCOC(C)=O,525.4747098781929,4.588796650060654
CCCCCCCCN1c2ccccc2Sc2cc(/C=C/c3ccc(N(c4ccc(/C=C/c5ccc6c(c5)Sc5ccccc5N6CCCCCCCC)cc4)c4ccc(/C=C/c5ccc(/C=C/c6ccc(N(c7ccc(/C=C/c8ccc9c(c8)Sc8ccccc8N9CCCCCCCC)cc7)c7ccc(/C=C/c8ccc9c(c8)Sc8ccccc8N9CCCCCCCC)cc7)cc6)c6nsnc56)cc4)cc3)ccc21,C1CCOC1,536.4970702776293,4.658249637201257
CCCCCCCCN1c2ccccc2Sc2cc(/C=C/c3ccc(N(c4ccc(/C=C/c5ccc6c(c5)Sc5ccccc5N6CCCCCCCC)cc4)c4ccc(/C=C/c5ccc(/C=C/c6ccc(N(c7ccc(/C=C/c8ccc9c(c8)Sc8ccccc8N9CCCCCCCC)cc7)c7ccc(/C=C/c8ccc9c(c8)Sc8ccccc8N9CCCCCCCC)cc7)cc6)c6nsnc56)cc4)cc3)ccc21,ClC(Cl)Cl,542.3175914387791,4.6516937763098385
CCCCCCCCN1c2ccccc2Sc2cc(/C=C/c3ccc(N(c4ccc(/C=C/c5ccc6c(c5)Sc5ccccc5N6CCCCCCCC)cc4)c4ccc(/C=C/c5ccc(/C=C/c6ccc(N(c7ccc(/C=C/c8ccc9c(c8)Sc8ccccc8N9CCCCCCCC)cc7)c7ccc(/C=C/c8ccc9c(c8)Sc8ccccc8N9CCCCCCCC)cc7)cc6)c6nsnc56)cc4)cc3)ccc21,ClCCl,541.0456844233443,4.633725917642047
CCCCCCCCN1c2ccccc2Sc2cc(/C=C/c3ccc(N(c4ccc(/C=C/c5ccc6c(c5)Sc5ccccc5N6CCCCCCCC)cc4)c4ccc(/C=C/c5ccc(/C=C/c6ccc(N(c7ccc(/C=C/c8ccc9c(c8)Sc8ccccc8N9CCCCCCCC)cc7)c7ccc(/C=C/c8ccc9c(c8)Sc8ccccc8N9CCCCCCCC)cc7)cc6)c6nsnc56)cc4)cc3)ccc21,CN(C)C=O,531.4603905873543,4.660192691482353
Oc1c(-c2nc3c4ccccc4c4ccccc4c3[nH]2)cc2c3c1CCCN3CCC2,CCCCCC,398.33899880236464,4.620535283817622
Oc1c(-c2nc3c4ccccc4c4ccccc4c3[nH]2)cc2c3c1CCCN3CCC2,Cc1ccccc1,405.5941785157437,4.619651797258527
Oc1c(-c2nc3c4ccccc4c4ccccc4c3[nH]2)cc2c3c1CCCN3CCC2,C1CCOC1,407.1423356224361,4.6559214916899325
Oc1c(-c2nc3c4ccccc4c4ccccc4c3[nH]2)cc2c3c1CCCN3CCC2,ClCCl,408.75117461777967,4.695969261059875
Oc1c(-c2nc3c4ccccc4c4ccccc4c3[nH]2)cc2c3c1CCCN3CCC2,CO,403.5660676151821,4.654130047798631
Oc1c(-c2nc3c4ccccc4c4ccccc4c3[nH]2)cc2c3c1CCCN3CCC2,CC#N,405.59051517639574,4.655893432937544
Oc1c(-c2nc3c4ccccc4c4ccccc4c3[nH]2)cc2c3c1CCCN3CCC2,CS(C)=O,411.9807920010696,4.6426285920813015
CCN(CC)c1ccc(-c2nc3c4ccc(-c5ccccc5)cc4c4cc(-c5ccccc5)ccc4c3[nH]2)c(O)c1,CCCCCC,398.2893570837631,4.7730979572371615
CCN(CC)c1ccc(-c2nc3c4ccc(-c5ccccc5)cc4c4cc(-c5ccccc5)ccc4c3[nH]2)c(O)c1,Cc1ccccc1,404.3702345360159,4.766095206947299
CCN(CC)c1ccc(-c2nc3c4ccc(-c5ccccc5)cc4c4cc(-c5ccccc5)ccc4c3[nH]2)c(O)c1,C1CCOC1,404.93865495764646,4.8259850630020775
CCN(CC)c1ccc(-c2nc3c4ccc(-c5ccccc5)cc4c4cc(-c5ccccc5)ccc4c3[nH]2)c(O)c1,ClCCl,406.9737626201972,4.857091369831464
CCN(CC)c1ccc(-c2nc3c4ccc(-c5ccccc5)cc4c4cc(-c5ccccc5)ccc4c3[nH]2)c(O)c1,CO,402.58575538505676,4.784688309864925
CCN(CC)c1ccc(-c2nc3c4ccc(-c5ccccc5)cc4c4cc(-c5ccccc5)ccc4c3[nH]2)c(O)c1,CC#N,404.0551378029853,4.818911379260194
CCN(CC)c1ccc(-c2nc3c4ccc(-c5ccccc5)cc4c4cc(-c5ccccc5)ccc4c3[nH]2)c(O)c1,CS(C)=O,408.78387092630913,4.800810991354227
Oc1c(-c2nc3c4ccc(-c5ccccc5)cc4c4cc(-c5ccccc5)ccc4c3[nH]2)cc2c3c1CCCN3CCC2,CCCCCC,400.8319542905086,4.6796613225004595
Oc1c(-c2nc3c4ccc(-c5ccccc5)cc4c4cc(-c5ccccc5)ccc4c3[nH]2)cc2c3c1CCCN3CCC2,Cc1ccccc1,408.5781739915876,4.676355384388681
Oc1c(-c2nc3c4ccc(-c5ccccc5)cc4c4cc(-c5ccccc5)ccc4c3[nH]2)cc2c3c1CCCN3CCC2,C1CCOC1,409.4097518410868,4.736114905864234
Oc1c(-c2nc3c4ccc(-c5ccccc5)cc4c4cc(-c5ccccc5)ccc4c3[nH]2)cc2c3c1CCCN3CCC2,ClCCl,411.8292922565428,4.7617734895634865
Oc1c(-c2nc3c4ccc(-c5ccccc5)cc4c4cc(-c5ccccc5)ccc4c3[nH]2)cc2c3c1CCCN3CCC2,CO,408.26560759900883,4.718682978307133
Oc1c(-c2nc3c4ccc(-c5ccccc5)cc4c4cc(-c5ccccc5)ccc4c3[nH]2)cc2c3c1CCCN3CCC2,CC#N,409.14885542529635,4.74697356068504
Oc1c(-c2nc3c4ccc(-c5ccccc5)cc4c4cc(-c5ccccc5)ccc4c3[nH]2)cc2c3c1CCCN3CCC2,CS(C)=O,414.78780424480965,4.730170641176531
NS(=O)(=O)c1ccc(N2N=C(c3ccc(O)cc3)CC2c2ccc(Cl)cc2)cc1,C1COCCO1,356.9372256248581,5.617432557240414
NS(=O)(=O)c1ccc(N2N=C(c3ccc(O)cc3)CC2c2ccc(Cl)cc2)cc1,C1CCOC1,356.7961588167726,5.581881477274175
NS(=O)(=O)c1ccc(N2N=C(c3ccc(O)cc3)CC2c2ccc(Cl)cc2)cc1,CCOC(C)=O,355.36318165131814,5.57299077851764
NS(=O)(=O)c1ccc(N2N=C(c3ccc(O)cc3)CC2c2ccc(Cl)cc2)cc1,CN(C)C=O,359.4139481750242,5.601422895815136
NS(=O)(=O)c1ccc(N2N=C(c3ccc(O)cc3)CC2c2ccc(Cl)cc2)cc1,CS(C)=O,361.75479562259227,5.576927223700528
NS(=O)(=O)c1ccc(N2N=C(c3ccc(O)cc3)CC2c2ccc(Cl)cc2)cc1,CC#N,355.62403255297045,5.631065488388426
NS(=O)(=O)c1ccc(N2N=C(c3ccc(O)cc3)CC2c2ccc(Cl)cc2)cc1,CC(C)O,355.31698848117423,5.634792238762303
NS(=O)(=O)c1ccc(N2N=C(c3ccc(O)cc3)CC2c2ccc(Cl)cc2)cc1,CCO,355.14681031680595,5.64384926359562
NS(=O)(=O)c1ccc(N2N=C(c3ccc(O)cc3)CC2c2ccc(Cl)cc2)cc1,CO,353.71125024655544,5.640888684617419
NS(=O)(=O)c1ccc(N2N=C(c3ccc(O)cc3)CC2c2ccc(Cl)cc2)cc1,O,357.9690372748282,5.295343695886449
CCCCN1C(=O)c2cccc3c(N(C)C)ccc(c23)C1=O,Cc1ccccc1,378.20991986805245,4.223062363759813
CCCCN1C(=S)c2cccc3c(N(C)C)ccc(c23)C1=S,Cc1ccccc1,481.81665600783947,4.315623097185705
CSc1nccc(/C=C/c2ccc(N(c3ccccc3)c3ccc(/C=C/c4ccnc(SC)n4)cc3)cc2)n1,ClCCl,425.4568464042027,4.596802351863554
CN(C)c1ccc2nc(-c3ccccc3)c(=O)oc2c1,c1ccccc1,415.6802187057444,4.2970386081172105
O=c1oc2ccc3ccc(O)cc3c2nc1-c1ccccc1,c1ccccc1,404.0645939255734,4.153547386190924
O=c1oc2cc3ccccc3cc2nc1-c1ccccc1,c1ccccc1,390.35201679910796,4.292337879038442
O=c1oc2c(ccc3ccccc32)nc1-c1ccccc1,c1ccccc1,391.66585927390963,4.254048177787257
CCCCn1c(-c2ccc(-c3ccc(-c4ccc(-c5n(CCCC)c6ccccc6[n+]5CCCC)cc4)cc3)cc2)[n+](CCCC)c2ccccc21,O,318.2330112883472,4.73222684009937
CCCCn1c(-c2ccc(-c3ccc(-c4ccc(-c5n(CCCC)c6cc(C)ccc6[n+]5CCCC)cc4)cc3)cc2)[n+](CCCC)c2ccc(C)cc21,O,325.2171667995713,4.7392887796275245
COc1ccc2cc(C3=[N+]4C(=Nc5c(-c6ccccc6)cc(-c6ccc7cc(OC)ccc7c6)n5[B-]4(F)F)C(c4ccccc4)=C3)ccc2c1,ClCCl,711.9221742638516,4.957387946809387
COc1ccc(C2=[N+]3C(=Nc4c(-c5ccc6ccccc6c5)c(Br)c(-c5ccc(OC)cc5)n4[B-]3(F)F)C(c3ccc4ccccc4c3)=C2Br)cc1,ClCCl,693.9045170655718,4.902926218087506
Cc1nc2c(ccc3c2sc(/C=C/c2cc4c5c(c2)CCCN5CCC4)[n+]3C)s1,CO,562.3886680868559,4.662268385767712
Cc1nc2c(ccc3c2sc(/C=C/c2cc4c5c(c2)CCCN5CCC4)[n+]3C)s1,ClC(Cl)Cl,574.873030044286,4.664013839152365
CCCCCCC1(CCCCCC)c2cc(-c3nc(-c4ccc5c(c4)C(CCCCCC)(CCCCCC)c4cc(-n6c7ccc(C(C)(C)C)cc7c7cc(C(C)(C)C)ccc76)ccc4-5)nc(-c4ccc5c(c4)C(CCCCCC)(CCCCCC)c4cc(-n6c7ccc(C(C)(C)C)cc7c7cc(C(C)(C)C)ccc76)ccc4-5)n3)ccc2-c2ccc(-n3c4ccc(C(C)(C)C)cc4c4cc(C(C)(C)C)ccc43)cc21,C1CCOC1,366.50431186774205,4.574466703738674
CCCCCCC1(CCCCCC)c2cc(-c3nc(-c4ccc5c(c4)C(CCCCCC)(CCCCCC)c4cc(N6c7ccccc7Oc7ccccc76)ccc4-5)nc(-c4ccc5c(c4)C(CCCCCC)(CCCCCC)c4cc(N6c7ccccc7Oc7ccccc76)ccc4-5)n3)ccc2-c2ccc(N3c4ccccc4Oc4ccccc43)cc21,C1CCOC1,389.85197119328666,4.276893964632306
CC[N+]1(CC)CN2C(C)=CC(C)=C(C(=O)O)C2=N1,O,345.87445194717174,3.556820386786827
CC[N+]1(CC)CN2C(=N1)C(C(=O)O)=Cc1ccccc12,O,376.8967687861628,3.6037414944357855
CC[N+]1(CC)CN2C(=N1)C(C(=O)O)=Cc1cc(F)ccc12,O,384.96688968881034,3.6541655707610388
CC[N+]1(CC)CN2C(=N1)C(C(=O)O)=Cc1ccc(Cl)cc12,O,370.068912432028,3.622348561873271
CC[N+]1(CC)CN2C(=N1)C(C(=O)O)=Cc1ccc(OC)cc12,O,379.8067745865096,3.643384906697585
CC[N+]1(CC)CN2C(=N1)C(C(=O)[O-])=Cc1ccccc12,O,365.9625139074583,3.6572359452046883
CC[N+]1(CC)CN2C(C)=CC(C)=C(C(=O)O)C2=N1,CN(C)C=O,358.92879658368213,3.5282430687144157
CC[N+]1(CC)CN2C(=N1)C(C(=O)O)=Cc1ccccc12,CN(C)C=O,383.99805577800066,3.6205656400116184
CC[N+]1(CC)CN2C(=N1)C(C(=O)[O-])=Cc1ccccc12,CN(C)C=O,378.4958140229179,3.6660764932428442
CN1/C(=C/C=C(/C=C/c2sc3ccccc3[n+]2C)c2ccccc2)Sc2ccccc21,CS(C)=O,658.5574489768574,5.319181830788889
CN1/C(=C/C=C(/C=C/c2sc3ccccc3[n+]2C)c2ccccc2)Sc2ccccc21,CO,647.2190846629649,5.3301721768540355
CN1/C(=C/C=C(/C=C/c2sc3ccccc3[n+]2C)c2ccccc2)Sc2ccccc21,CCO,650.0327088659967,5.275442546586939
CN1/C(=C/C=C(/C=C/c2sc3ccccc3[n+]2C)c2ccccc2)Sc2ccccc21,O,642.5780006587086,4.790944388860311
CN1/C(=C/C=C(/C=C/c2sc3ccccc3[n+]2C)c2ccc(C(F)(F)F)cc2)Sc2ccccc21,CS(C)=O,655.0753627603757,5.161121536135633
CN1/C(=C/C=C(/C=C/c2sc3ccccc3[n+]2C)c2ccc(C(F)(F)F)cc2)Sc2ccccc21,CO,643.2242445781965,5.253987109617413
CN1/C(=C/C=C(/C=C/c2sc3ccccc3[n+]2C)c2ccc(C(F)(F)F)cc2)Sc2ccccc21,CCO,645.3490313348187,5.20413994858908
CN1/C(=C/C=C(/C=C/c2sc3ccccc3[n+]2C)c2ccc(C(F)(F)F)cc2)Sc2ccccc21,O,640.3333810367196,4.761843862762035
N#C/C(=C\c1ccc(Cl)cc1)c1nc2ccccc2s1,CO,354.16507330838505,1.2221764956622054
C(=C/c1nc2ccccc2o1)\c1ccccc1,CO,329.70768335306536,1.5199489653578202
c1cc(N2CCCC2)ccn1,ClC(Cl)Cl,368.8031405424529,4.404007260377738
c1cc(N2CCCC2)ccn1,CCO,359.9613633584785,4.4443714075922305
c1cc(N2CCCC2)ccn1,CC#N,356.3738218949361,4.354350526586888
c1cc(N2CCCC2)ccn1,CN(C)C=O,366.80691301577116,4.403144290743244
c1cc(N2CCCC2)ccn1,O,359.76979917271956,4.310810814069439
O=[N+]([O-])c1ccc(/N=N/c2cc3c4c(c2)CCCN4CCC3)cc1,CCOC(C)=O,496.61189122522063,4.47626479647532
N#Cc1ccc(/N=N/c2cc3c4c(c2)CCCN4CCC3)cc1,CCOC(C)=O,479.00902205166983,4.4128909009857225
FC(F)(F)c1cc(/N=N/c2cc3c4c(c2)CCCN4CCC3)cc(C(F)(F)F)c1,CCOC(C)=O,458.254249649126,4.339752955720977
COC(=O)c1cc(/N=N/c2cc3c4c(c2)CCCN4CCC3)cc(C(=O)OC)c1,CCOC(C)=O,461.37549854795725,4.370269382708298
CCOC(=O)c1c2c3c(ccc(C)c3c3cc4c(cc13)[Si](C)(C)O[Si]4(C)C)N(C)C2=O,CC#N,373.75691557125964,3.8066272001650745
COC(=O)C(N)Cc1ccc(O[Si]2(Oc3ccc(CC(N)C(=O)OC)cc3)n3c4c5ccccc5c3/N=C3\N=C(/N=c5/c6ccccc6/c(n52)=N/C2=N/C(=N\4)c4ccccc42)c2ccccc23)cc1,CN(C)C=O,674.0146681124621,5.260722249426213
CCN(CC)c1ccc2cc(-c3ccc(-c4ccc(-c5cc6ccccc6oc5=O)cc4)cc3)c(=O)oc2c1,ClCCl,390.9909076249516,5.1673789226123095
CC1=CC(c2ccc3cc(N(C)C)ccc3c2)=[O+][B-](F)(F)O1,Cc1ccccc1,494.14911986038186,4.769720111353769
CC1=CC(c2ccc3cc(N(C)C)ccc3c2)=[O+][B-](F)(F)O1,ClCCl,508.7360170194673,4.797935111765388
CC1=CC(c2ccc3cc(N(C)C)ccc3c2)=[O+][B-](F)(F)O1,ClC(Cl)Cl,505.2661101743626,4.839202452919056
CC1=CC(c2ccc3cc(N(C)C)ccc3c2)=[O+][B-](F)(F)O1,C1CCOC1,495.7905394485462,4.794481489007987
CC1=CC(c2ccc3cc(N(C)C)ccc3c2)=[O+][B-](F)(F)O1,CC(C)=O,500.7865189886494,4.797331482494704
CC1=CC(c2ccc3cc(N(C)C)ccc3c2)=[O+][B-](F)(F)O1,CC#N,504.1368286777547,4.737520224633
CC1=CC(c2ccc3cc(N(C)C)ccc3c2)=[O+][B-](F)(F)O1,CS(C)=O,522.0252126578109,4.767634745886991
CCN(CC)c1ccc2cc(/C=C/C(=C(C#N)C#N)c3ccc(N(c4ccccc4)c4ccccc4)cc3)c(=O)oc2c1,Cc1ccccc1,508.08151253196536,4.60027063148639
CCN(CC)c1ccc2cc(/C=C/C(=C(C#N)C#N)c3ccc(N(c4ccccc4)c4ccccc4)cc3)c(=O)oc2c1,ClCCl,523.1448108887463,4.648616310167277
CCN(CC)c1ccc2cc(/C=C/C(=C(C#N)C#N)c3ccc(N(c4ccccc4)c4ccccc4)cc3)c(=O)oc2c1,CCOC(C)=O,501.90986735857376,4.615961925510685
CCN(CC)c1ccc2cc(/C=C/C(=C(C#N)C#N)c3ccc(N(c4ccccc4)c4ccccc4)cc3)c(=O)oc2c1,CC(C)=O,505.26023035108653,4.626506793538261
CCN(CC)c1ccc2cc(/C=C/C(=C(C#N)C#N)c3ccc(N(c4ccccc4)c4ccccc4)cc3)c(=O)oc2c1,CN(C)C=O,524.8849293003832,4.555279029802037
CCN(CC)c1ccc2cc(/C=C/C(=C(C#N)C#N)c3ccc(N(c4ccccc4)c4ccccc4)cc3)c(=O)oc2c1,CS(C)=O,534.7967473845014,4.578008417590969
CC(=O)c1ccc(/N=N/c2ccc(Nc3ccccc3)cc2)cc1,CS(C)=O,453.78756788305043,3.231980015501203
CC(=O)c1ccc(/N=N/c2ccc(Nc3ccccc3)cc2)cc1,CC#N,443.36716094392995,3.5309373480357222
CC(=O)c1ccc(/N=N/c2ccc(Nc3ccccc3)cc2)cc1,CN(C)C=O,458.5249857388495,3.508941120731749
CC(=O)c1ccc(/N=N/c2ccc(Nc3ccccc3)cc2)cc1,CO,445.3879151479613,2.996815663858158
CC(=O)c1ccc(/N=N/c2ccc(Nc3ccccc3)cc2)cc1,ClCCl,455.91772044822574,3.179215246546856
CC(=O)c1ccc(/N=N/c2ccc(Nc3ccccc3)cc2)cc1,C1CCOC1,452.0609350726704,3.1628705035474463
CC(=O)c1ccc(/N=N/c2ccc(Nc3ccccc3)cc2)cc1,CC(=O)O,456.68386735733793,3.2122015778042665
CC(=O)c1ccc(/N=N/c2ccc(Nc3ccccc3)cc2)cc1,ClC(Cl)Cl,449.35293797233896,3.4433968246945996
CC(=O)c1ccc(/N=N/c2ccc(Nc3ccccc3)cc2)cc1,Cc1ccccc1,454.97673481325035,3.057993365723812
C#CCOc1ccc(-c2cc(-c3ccccc3)c3n2[B-](F)(F)[N+]2=C(c4ccc(OCCCS(=O)(=O)[O-])cc4)C=C(c4ccccc4)C2=N3)cc1,O,710.3841631427238,4.85007639345684
O=S(=O)([O-])CCCOc1ccc(C2=[N+]3C(=Nc4c(-c5ccccc5)cc(-c5ccc(OCc6cn([C@@H]7O[C@H](CO)[C@@H](O)[C@@H](O)[C@H]7O)nn6)cc5)n4[B-]3(F)F)C(c3ccccc3)=C2)cc1,O,670.6209687518422,4.864106218402027
COc1ccc(C#Cc2ccc3nc4ccc(C#Cc5ccc(OC)cc5)cn4c(=O)c3c2)cc1,ClCCl,371.1401282795443,5.172382262829014
O=c1c2cc(C#Cc3ccc(Cl)cc3)ccc2nc2ccc(C#Cc3ccc(Cl)cc3)cn12,ClCCl,370.70374654468606,5.1833022708606435
Cc1ccc(C#Cc2ccc3nc4ccc(C#Cc5ccc(C)cc5)cn4c(=O)c3c2)cc1,ClCCl,373.389705508505,5.212060402636832
COc1ccc2cc(C3=[N+]4C(=Nc5c(-c6ccccc6)cc(-c6ccc7cc(OC)ccc7c6)n5[B-]4(F)F)C(c4ccccc4)=C3)ccc2c1,ClC(Cl)Cl,717.2957026129826,4.953985855444726
O=C1O/C(=C\c2cccs2)c2ccccc21,CC#N,346.9384140533263,4.421772020454052
CCCCCCc1ccc(-n2c3[n+](c4c5ccccc5c5ccccc5c42)[B-](C)(C)c2ccc4ccccc4c2-3)cc1,Cc1ccccc1,369.44643513489274,3.9297342779238975
CCCCCCc1ccc(-n2c3[n+](c4c5ccccc5c5ccccc5c42)[B-](C)(C)c2ccc4ccccc4c2-3)cc1,C1CCOC1,366.2199511114203,3.8985836522294006
CCCCCCc1ccc(-n2c3[n+](c4c5ccccc5c5ccccc5c42)[B-](C)(C)c2ccc4ccccc4c2-3)cc1,ClCCl,365.5444267733305,4.011965619202589
CCCCCCc1ccc(-n2c3[n+](c4c5ccccc5c5ccccc5c42)[B-](C)(C)c2ccc4ccccc4c2-3)cc1,CC#N,363.35736257328176,3.9213684432076894
CCCCCCc1ccc(-n2c3[n+](c4c5ccccc5c5ccccc5c42)[B-](C)(C)c2cc(-n4c5ccccc5c5ccccc54)ccc2-3)cc1,Cc1ccccc1,366.86426180319006,4.135395582291206
CCCCCCc1ccc(-n2c3[n+](c4c5ccccc5c5ccccc5c42)[B-](C)(C)c2cc(-n4c5ccccc5c5ccccc54)ccc2-3)cc1,C1CCOC1,363.06469987595887,4.102884793210146
CCCCCCc1ccc(-n2c3[n+](c4c5ccccc5c5ccccc5c42)[B-](C)(C)c2cc(-n4c5ccccc5c5ccccc54)ccc2-3)cc1,ClCCl,362.04606906388574,4.2029520102089455
CCCCCCc1ccc(-n2c3[n+](c4c5ccccc5c5ccccc5c42)[B-](C)(C)c2cc(-n4c5ccccc5c5ccccc54)ccc2-3)cc1,CC#N,361.64473187243277,4.1373675526636955
CCC1(CC)c2cc(/C=C/c3ccc(/C=C/c4ccc5c(c4)C(CC)(CC)c4cc(N6c7ccccc7Sc7ccccc76)ccc4-5)cc3)ccc2-c2ccc(N3c4ccccc4Sc4ccccc43)cc21,ClCCl,411.1794289977089,4.585736862378669
CCC1(CC)c2cc(/C=C/c3cc(C#N)c(/C=C/c4ccc5c(c4)C(CC)(CC)c4cc(N6c7ccccc7Sc7ccccc76)ccc4-5)cc3C#N)ccc2-c2ccc(N3c4ccccc4Sc4ccccc43)cc21,ClCCl,432.8871102022814,4.505657760949122
CCCCCCCCCCCCOc1cc(/C=C/c2ccc3c(c2)C(CC)(CC)c2cc(N4c5ccccc5Sc5ccccc54)ccc2-3)c(OCCCCCCCCCCCC)cc1/C=C/c1ccc2c(c1)C(CC)(CC)c1cc(N3c4ccccc4Sc4ccccc43)ccc1-2,ClCCl,433.12284714861016,4.521911017908832
N#Cc1ccc(N)cc1,O,313.7710056151441,3.7190904809197582
CCOC(=O)c1ccc2nc(N)sc2c1,CC#N,322.79034232972725,3.8844631495504047
CCOC(=O)c1ccc2nc(N)sc2c1,ClCCl,319.96606386267365,3.854990817495511
COc1cnc(-c2cc[n+](C3=C(F)C(F)(F)C(F)(F)[C-]3F)cc2)s1,ClCCl,407.5906767730886,4.081165453660412
COc1cnc(-c2cc[n+](C3=C(F)C(F)(F)C(F)(F)[C-]3F)cc2)s1,ClC(Cl)Cl,410.0724016186724,4.093911789428093
COc1cnc(-c2cc[n+](C3=C(F)C(F)(F)C(F)(F)[C-]3F)cc2)s1,CC#N,394.9032642155294,4.010782898910735
COc1cnc(-c2cc[n+](C3=C(F)C(F)(F)C(F)(F)[C-]3F)cc2)s1,CC(C)=O,402.9672061488203,4.118046935499822
COc1cnc(-c2cc[n+](C3=C(F)C(F)(F)C(F)(F)[C-]3F)cc2)s1,CCO,402.1457700543953,3.8938437402234194
COc1cnc(-c2cc[n+](C3=C(F)C(F)(F)C(F)(F)[C-]3F)cc2)s1,CO,396.5928546536411,3.9978554703776696
COc1cnc(-c2cc[n+](C3=C(F)C(F)(F)C(F)(F)[C-]3F)cc2)s1,CN(C)C=O,406.2028465585672,3.9549128825456634
COc1cnc(-c2cc[n+](C3=C(F)C(F)(F)C(F)(F)[C-]3F)cc2)s1,CS(C)=O,415.3141230737736,4.081385718697549
CCOC(=O)CN(CC(=O)OCC)c1ccc(-c2cc(-c3ccccn3)nc(-c3ccccn3)c2)cc1,c1ccccc1,325.34984253586754,4.4535462966711465
CCOC(=O)CN(CC(=O)OCC)c1ccc(-c2cc(-c3ccccn3)nc(-c3ccccn3)c2)cc1,CCOC(C)=O,323.7700647033113,4.501261467840736
CCOC(=O)CN(CC(=O)OCC)c1ccc(-c2cc(-c3ccccn3)nc(-c3ccccn3)c2)cc1,CC#N,323.78881383685206,4.483796362548518
CCOC(=O)CN(CC(=O)OCC)c1ccc(-c2cc(-c3ccccn3)nc(-c3ccccn3)c2)cc1,CN(C)C=O,329.5923043126854,4.493989136833761
CCOC(=O)CN(CC(=O)OCC)c1ccc(-c2cc(-c3ccccn3)nc(-c3ccccn3)c2)cc1,CS(C)=O,330.3321353283361,4.464527756693812
CCOC(=O)CN(CC(=O)OCC)c1ccc(-c2cc(-c3ccncc3)nc(-c3ccncc3)c2)cc1,c1ccccc1,336.16400699330904,4.477294148082437
CCOC(=O)CN(CC(=O)OCC)c1ccc(-c2cc(-c3ccncc3)nc(-c3ccncc3)c2)cc1,CCOC(C)=O,334.48997602704674,4.525649613574053
CCOC(=O)CN(CC(=O)OCC)c1ccc(-c2cc(-c3ccncc3)nc(-c3ccncc3)c2)cc1,CC#N,334.2835159922359,4.499460005819479
CCOC(=O)CN(CC(=O)OCC)c1ccc(-c2cc(-c3ccncc3)nc(-c3ccncc3)c2)cc1,CN(C)C=O,338.0453859591051,4.481565401443867
CCOC(=O)CN(CC(=O)OCC)c1ccc(-c2cc(-c3ccncc3)nc(-c3ccncc3)c2)cc1,CS(C)=O,341.35223937154154,4.4604355886662015
F[B-]1(F)OC(c2ccccc2)=Cc2ccc3ccccc3[n+]21,ClCCl,429.2181595401008,4.453324239997119
N#CC1=c2c3cccc4cccc(c43)n2[B-](F)(F)[n+]2ccccc21,ClCCl,505.3937717587472,4.491874266033863
CCCCCCCCCCCCNc1cccc2[n+]1[B-](F)(F)n1c(c3cccc4cccc1c43)=N2,ClCCl,464.9073477766542,4.503181576664499
OCCSc1cccc2[n+]1[B-](F)(F)n1c(c3cccc4cccc1c43)=N2,ClCCl,453.16544147148005,4.517004835505453
Cc1oc(-c2ccccc2)nc1C(=O)O,C1CCCCC1,290.50246356186943,4.070770586374676
Cc1oc(-c2ccccc2)nc1C(=O)O,CCOC(C)=O,291.1722126403546,4.050469180443191
Cc1oc(-c2ccccc2)nc1C(=O)O,CC#N,288.5024627827043,4.067496083114991
Cc1oc(-c2ccccc2)nc1C(=O)O,CCO,288.15065183697243,4.053278527206289
Cc1oc(-c2ccccc2)nc1C(=O)O,O,283.25030739105875,4.02104419224474
CSc1cc(-c2cc3cc4c5c(c3oc2=O)CCCN5CCC4)oc(=O)c1C#N,Cc1ccccc1,529.3418072854122,4.677419752088106
CSc1cc(-c2cc3cc4c5c(c3oc2=O)CCCN5CCC4)oc(=O)c1C#N,ClC(Cl)Cl,536.9528655925619,4.768673695006155
CSc1cc(-c2cc3cc4c5c(c3oc2=O)CCCN5CCC4)oc(=O)c1C#N,CCOC(C)=O,522.5256749867425,4.644225248997602
CSc1cc(-c2cc3cc4c5c(c3oc2=O)CCCN5CCC4)oc(=O)c1C#N,ClCCl,542.2811618933163,4.778135574206223
CSc1cc(-c2cc3cc4c5c(c3oc2=O)CCCN5CCC4)oc(=O)c1C#N,CC(C)=O,529.8917646387852,4.7254198785332235
CSc1cc(-c2cc3cc4c5c(c3oc2=O)CCCN5CCC4)oc(=O)c1C#N,C1CCOC1,527.961197956278,4.727709380248558
CSc1cc(-c2cc3cc4c5c(c3oc2=O)CCCN5CCC4)oc(=O)c1C#N,CO,533.5428798013312,4.560723682226065
CSc1cc(-c2cc3cc4c5c(c3oc2=O)CCCN5CCC4)oc(=O)c1C#N,CC#N,530.782662867595,4.688940155319017
CSc1cc(-c2cc3cc4c5c(c3oc2=O)CCCN5CCC4)oc(=O)c1C#N,CN(C)C=O,534.2672747611103,4.712234224617603
CSc1cc(-c2cc3cc4c5c(c3oc2=O)CCCN5CCC4)oc(=O)c1C#N,CS(C)=O,543.9134663706393,4.616949492728058
C=CCNc1ccc2ccc3oc4cc(=[N+]5CCCC5)ccc-4nc3c2c1,ClCCl,570.0552861009186,4.743361019241902
C=CCNc1ccc2ccc3oc4cc(=[N+]5CCCC5)ccc-4nc3c2c1,CC#N,563.5319707851734,4.645956742743705
C=CCNc1ccc2ccc3oc4cc(=[N+]5CCCC5)ccc-4nc3c2c1,CCO,567.0739081177393,4.648201097070905
C=CCNc1ccc2ccc3oc4cc(=[N+]5CCCC5)ccc-4nc3c2c1,O,559.6843328083587,4.436362105658595
C=CCNc1ccc2ccc3oc4cc(=O)ccc-4nc3c2c1,ClCCl,459.37341182724583,4.173177899921154
C=CCNc1ccc2ccc3oc4cc(=O)ccc-4nc3c2c1,CC#N,445.43563783658635,4.095506846629848
C=CCNc1ccc2ccc3oc4cc(=O)ccc-4nc3c2c1,CCO,458.89078152760777,4.107914976047793
C=CCNc1ccc2ccc3oc4cc(=O)ccc-4nc3c2c1,O,436.40983783686215,3.9217214602248114
Clc1ccc(-c2c3nc(c(-c4ccc(Cl)cc4)c4ccc([nH]4)c(-c4ccc(Cl)cc4)c4nc(c(-c5ccc(Cl)cc5)c5ccc2[nH]5)C=C4N2CCOCC2)C=C3)cc1,CS(C)=O,638.0178384060542,3.7181442155406765
Cc1ccc(-c2c3nc(c(-c4ccc(C)cc4)c4ccc([nH]4)c(-c4ccc(C)cc4)c4nc(c(-c5ccc(C)cc5)c5ccc2[nH]5)C=C4N2CCOCC2)C=C3)cc1,CS(C)=O,650.7916952905474,3.7288671115922667
COc1ccc(C2=N/C(=C\c3ccccc3)C(=O)N2)cc1OC,C1COCCO1,390.21305290932054,4.351372992469677
O=C1OC(c2ccccc2)=N/C1=C\c1ccccc1,C1COCCO1,368.15999550480285,4.450990620575941
COC(=O)c1ccc(/C=C2\N=C(c3ccc(OC)c(OC)c3)OC2=O)cc1,C1COCCO1,388.2621634621602,4.614369517681698
CC(C)CN1C(=O)/C(=C/c2ccc(C#N)cc2)C=C1c1ccccc1,C1COCCO1,439.43572155903985,4.074848563791403
COc1ccc(C2=C/C(=C\c3ccccc3)C(=O)N2)cc1OC,C1COCCO1,437.81752525547654,4.19773598350737
COC(=O)c1ccc(/C=C2\C=C(c3ccc(OC)c(OC)c3)NC2=O)cc1,C1COCCO1,443.7993590044277,4.299170902652203
COC(=O)c1ccc(/C=C2\C=C(c3ccc(C#N)cc3)N(CC(C)C)C2=O)cc1,C1COCCO1,438.2942220999554,4.207780477138132
CC(=O)Nc1ccc(C2=C/C(=C\c3ccc(C#N)cc3)C(=O)N2)cc1,C1COCCO1,448.2224416899624,4.225880414140088
CC(C)CN1C(=O)/C(=C/c2ccc([N+](=O)[O-])cc2)C=C1c1ccccc1,C1COCCO1,446.2015744346336,4.028317834090605
N#Cc1ccc(/C=C2\C=C(c3ccccc3)OC2=O)cc1,C1COCCO1,415.501652547299,4.414696939207805
COc1ccc(C2=C/C(=C\c3ccc(C#N)cc3)C(=O)O2)cc1OC,C1COCCO1,423.97765764165376,4.490886483194056
COC(=O)c1ccc(/C=C2\C=C(c3ccc([N+](=O)[O-])cc3)OC2=O)cc1,C1COCCO1,414.4359528263287,4.4191047469234785
O=Cc1ccc(Oc2ccc3c4c(cccc24)C(=O)N(CCO)C3=O)cc1,ClC(Cl)Cl,355.4274397435744,4.3166105932009655
CC(=O)OCCN1C(=O)c2cccc3c(Oc4ccc(C#N)cc4)ccc(c23)C1=O,ClC(Cl)Cl,350.51410740134537,4.290833653181995
CCCCCn1c2cc(/C=C/c3ccc(N(c4ccccc4)c4ccccc4)cc3)ccc2c2ccc(/C=C/c3ccc(N(c4ccccc4)c4ccccc4)cc3)cc21,Cc1ccccc1,406.6321574720743,5.109031531738813
C=C(C)C(CN1C(=O)c2cccc3c2c(cc2oc(C)nc23)C1=O)OO,CCO,357.42203581526906,4.246704813460177
Clc1nnc(Oc2ccc(N(c3ccccc3)c3ccccc3)cc2)nn1,ClCCl,514.9815090855387,2.890437309146578
CCCCCCCCCCCCOc1cc(C(=O)Nc2ccc(-c3ccc4c(c3)C(=O)c3ccccc3-4)cc2)cc(OCCCCCCCCCCCC)c1OCCCCCCCCCCCC,C1CCOC1,437.73824050455244,3.5755978768140046
COc1ccc(N(c2ccc(OC)cc2)c2ccc(-c3ccc4nc5ccccc5c(=O)n4c3)cc2)cc1,ClCCl,373.8539826814785,4.6142142076626085
F[B-]1(F)n2c(-c3ccccc3)cnc2-c2cccc[n+]21,CCCCCC,423.70895784145466,4.247082686353378
F[B-]1(F)n2c(-c3ccccc3)cnc2-c2cccc[n+]21,C1CCCCC1,424.79551529678866,4.323162969800619
F[B-]1(F)n2c(-c3ccccc3)cnc2-c2cccc[n+]21,C1CCOC1,403.9800784736809,4.221056516849723
F[B-]1(F)n2c(-c3ccccc3)cnc2-c2cccc[n+]21,ClC(Cl)Cl,405.2858677088227,4.358171785032038
F[B-]1(F)n2c(-c3ccccc3)cnc2-c2cccc[n+]21,C1COCCO1,392.67434721743837,4.52036316788716
F[B-]1(F)n2c(-c3ccccc3)cnc2-c2cccc[n+]21,CC#N,386.43377525143717,4.247288620042812
F[B-]1(F)n2c(-c3ccccc3)cnc2-c2cccc[n+]21,CO,390.7921305278213,4.233988751141679
CC(C)(C)C#Cc1ccc2c3cccc4cccc(c5cccc1c52)c43,C1CCCCC1,453.09205670506606,4.5457728042446295
C[Si](C)(C)C#CC#Cc1ccc2c3cccc4cccc(c5cccc1c52)c43,C1CCCCC1,437.9677412112516,4.585603519544405
C(/C=C/Nc1ccccc1)=[NH+]c1ccccc1,CS(C)=O,374.60413697059937,4.559448110445639
Cc1ccc(C2=C3C=CC4=[N+]3[P-](=O)(=O)n3c2ccc3-c2ccc([nH]2)/C(c2ccc(C)cc2)=c2/cc/c(o2)=C(\c2ccc(C)cc2)c2ccc4[nH]2)cc1,ClC(Cl)Cl,731.8194155702888,4.84680572424484
CCOC(=O)/C=C/C1=C(c2ccc(C)cc2)C2=Nc3c(-c4ccc(C)cc4)c(Br)c(-c4ccc(C)cc4)n3[B-](F)(F)[N+]2=C1c1ccc(C)cc1,ClC(Cl)Cl,670.764578705525,4.673710933247317
COc1ccc(C(=O)OCc2ccc3c4cccc5cccc(c6cccc2c63)c54)cc1,CCO,440.305295358321,4.344453473546404
CC(C)(C)OC(=O)NC(Cc1ccccc1)C(=O)OCc1ccc2c3cccc4cccc(c5cccc1c52)c43,CCO,431.06242689345845,4.427491449533678
OCc1ccc2c3cccc4cccc(c5cccc1c52)c43,CCO,438.93647252889696,4.352758119521008
CCCCCCCCOc1ccc(C2=C(c3ccc(OCCCCCCCC)cc3)C(C)(C)c3ccccc32)cc1,C1CCCCC1,320.4700390958179,4.1021543834937075
COc1ccc(C2=C(c3ccc(OC)cc3)C(C)(C)c3cc(-c4ccccc4)ccc32)cc1,C1CCCCC1,307.13876163631704,4.166396725925745
COc1ccc2c3c(c4ccc(OC)cc4c2c1)C(C)(C)c1ccccc1-3,C1CCCCC1,379.71675481791766,3.463340826708739
COc1ccc2c3c(c4ccc(OC)cc4c2c1)C(C)(C)c1cc(-c2ccccc2)ccc1-3,C1CCCCC1,388.929938951089,3.653425849091034
COc1ccc2c3c(c4ccc(OC)cc4c2c1)C(C)(C)c1c-3ccc2ccccc12,C1CCCCC1,400.1176371404933,3.660274243770857
COc1ccc2c3c(c4ccc(OC)cc4c2c1)C(C)(C)c1ccc2ccccc2c1-3,C1CCCCC1,371.12061348664474,3.648677454919498
COc1ccc2c3c(c4ccc(OC)cc4c2c1)C(C)(C)c1sccc1-3,C1CCCCC1,380.042540035421,3.5279050811711175
N#C/C(=C\c1cn(-c2ccccc2)nc1-c1ccccc1)c1nc2ccccc2s1,Cc1ccccc1,387.1567068876142,4.2797376241304494
N#C/C(=C\c1cn(-c2ccccc2)nc1-c1ccccc1)c1nc2ccccc2s1,C1CCOC1,384.5500071800965,4.353926587623143
N#C/C(=C\c1cn(-c2ccccc2)nc1-c1ccccc1)c1nc2ccccc2s1,C1COCCO1,383.4479004295132,4.474741611403777
N#C/C(=C\c1cn(-c2ccccc2)nc1-c1ccccc1)c1nc2ccccc2s1,CCOC(C)=O,381.5940823686366,4.389170707291284
N#C/C(=C\c1cn(-c2ccccc2)nc1-c1ccccc1)c1nc2ccccc2s1,ClC(Cl)Cl,385.26785690278996,4.439524293417692
N#C/C(=C\c1cn(-c2ccccc2)nc1-c1ccccc1)c1nc2ccccc2s1,ClCCl,387.40089826641963,4.324272359237912
N#C/C(=C\c1cn(-c2ccccc2)nc1-c1ccccc1)c1nc2ccccc2s1,CCO,381.1230798191176,4.268057734823325
N#C/C(=C\c1cn(-c2ccccc2)nc1-c1ccccc1)c1nc2ccccc2s1,CO,373.60829345836675,4.344132735207777
N#C/C(=C\c1cn(-c2ccccc2)nc1-c1ccccc1)c1nc2ccccc2s1,CN(C)C=O,383.148047829151,4.232576535423774
N#C/C(=C\c1cn(-c2ccccc2)nc1-c1ccccc1)c1nc2ccccc2s1,CS(C)=O,386.4451515996899,4.147827353860665
O=C1CC(c2cccc([N+](=O)[O-])c2)c2c(c3ccccc3c3nc4ccccc4nc23)O1,ClC(Cl)Cl,408.40244128630474,3.7291900361458468
COc1ccc(C2CC(=O)Oc3c2c2nc4ccccc4nc2c2ccccc32)cc1,ClC(Cl)Cl,413.6325854646954,3.959885431468674
Cc1ccccc1C1CC(=O)Oc2c1c1nc3ccccc3nc1c1ccccc21,ClC(Cl)Cl,406.69569172093435,4.020141798130715
Cc1ccc2nc3c4c(c5ccccc5c3nc2c1)OC(=O)CC4c1ccc(F)cc1,ClC(Cl)Cl,411.7406311019032,3.8907191274383743
O=C1CC(c2cccc([N+](=O)[O-])c2)c2c(c3ccccc3c3nc4ccccc4nc23)O1,CCCCCC,406.78253145727615,3.827258561085172
O=C1CC(c2cccc([N+](=O)[O-])c2)c2c(c3ccccc3c3nc4ccccc4nc23)O1,CCOC(C)=O,406.81837853410804,3.8233449551026175
O=C1CC(c2cccc([N+](=O)[O-])c2)c2c(c3ccccc3c3nc4ccccc4nc23)O1,CN(C)C=O,421.74779678430303,3.875489357579666
O=C1CC(c2cccc([N+](=O)[O-])c2)c2c(c3ccccc3c3nc4ccccc4nc23)O1,CS(C)=O,418.11865147775563,3.88897285253618
O=C1CC(c2cccc([N+](=O)[O-])c2)c2c(c3ccccc3c3nc4ccccc4nc23)O1,CO,408.2821429962572,3.8026853716255977
Cc1cc(C)c(B(c2ccc(-c3ccc(-c4nc5c6ccccc6c6ccccc6c5[nH]4)cc3)cc2)c2c(C)cc(C)cc2C)c(C)c1,Cc1ccccc1,367.93106006530553,4.582040809403776
Cc1cc(C)c(B(c2ccc(-c3ccc(-c4nc5c6ccccc6c6ccccc6c5[nH]4)cc3)cc2)c2c(C)cc(C)cc2C)c(C)c1,ClCCl,367.3698488315698,4.607522551310034
Cc1cc(C)c(B(c2ccc(-c3ccc(-c4nc5c6ccccc6c6ccccc6c5[nH]4)cc3)cc2)c2c(C)cc(C)cc2C)c(C)c1,C1CCOC1,369.0061634624601,4.596116027699094
Cc1cc(C)c(B(c2ccc(-c3ccc(-c4nc5c6ccccc6c6ccccc6c5[nH]4)cc3)cc2)c2c(C)cc(C)cc2C)c(C)c1,CC(C)=O,371.88236037600024,4.565506669184449
Cc1cc(C)c(B(c2ccc(-c3ccc(-c4nc5c6ccccc6c6ccccc6c5[nH]4)cc3)cc2)c2c(C)cc(C)cc2C)c(C)c1,CS(C)=O,372.56499386181747,4.573938450606109
CCCCCCc1ccsc1-c1ccc(-c2sc(C(=O)O)cc2CCCCCC)s1,CCCCCC,380.4071021393082,4.320445204982541
CCCCCCc1ccsc1-c1ccc(-c2sc(C(=O)O)cc2CCCCCC)s1,ClCCl,393.5479172700941,4.404039172369417
CCCCCCc1ccsc1-c1ccc(-c2sc(C(=O)O)cc2CCCCCC)s1,CC(C)=O,387.05564683674527,4.385673522396316
CCCCCCc1ccsc1-c1ccc(-c2sc(C(=O)O)cc2CCCCCC)s1,CCO,386.53857401409374,4.338912537643965
CCCCCCc1ccsc1-c1ccc(-c2sc(C(=O)O)cc2CCCCCC)s1,CO,383.4414615698244,4.316787672931884
CCCCCCc1ccsc1-c1ccc(-c2sc(C(=O)O)cc2CCCCCC)s1,O,382.9678727138156,4.188090914866982
COc1ccc2cc(C(C)C(=O)Oc3ccc(-c4c5nc(c(-c6ccc(C)cc6)c6ccc([nH]6)c(-c6ccc(C)cc6)c6nc(c(-c7ccc(C)cc7)c7ccc4[nH]7)C=C6)C=C5)cc3)ccc2c1,ClCCl,649.6778266783218,3.594592403172224
COc1ccc(-c2cc3c(ccc4sc5ccc6sccc6c5c43)s2)cc1,ClCCl,373.95704861031516,4.582479642249891
COc1ccc(-c2cc3c(ccc4sc5ccc6sc(-c7ccc(C#N)cc7)cc6c5c43)s2)cc1,ClCCl,382.2910302755501,4.661908896955628
C(=C/c1ccc(-c2cccc3ccccc23)s1)\c1ccc(-c2cccc3ccccc23)s1,ClCCl,409.5933885778046,4.551152875020816
CC(C)(C)c1ccc(-c2cc(-c3ccc(-c4cc(-c5ccc(C(C)(C)C)cc5)c(C(=O)NCc5cccs5)s4)s3)sc2C(=O)NCc2cccs2)cc1,ClCCl,396.8749054027247,4.521879366046898
O=S(=O)([O-])c1ccccc1/C=C/c1ccc(-c2nnc(-c3ccc(/C=C/c4ccccc4S(=O)(=O)[O-])cc3)o2)cc1,CN(C)C=O,360.7565324857904,4.5802566999569345
O=S(=O)([O-])c1ccccc1/C=C/c1ccc(-c2nnc(-c3ccc(/C=C/c4ccccc4S(=O)(=O)[O-])cc3)o2)cc1,CC(C)=O,358.23653297802775,3.942516216694048
O=S(=O)([O-])c1ccccc1/C=C/c1ccc(-c2nnc(-c3ccc(/C=C/c4ccccc4S(=O)(=O)[O-])cc3)o2)cc1,C1CCOC1,357.3805442886569,4.063369520911531
CC[N+]1=C(/C=C/C=C/C=C/C=C2/N(CCCCCC(=O)O)c3ccccc3C2(C)C)C(C)(C)c2cc(S(=O)(=O)[O-])ccc21,O,732.2466495369578,5.271723734149566
CC[N+]1=C(/C=C/C=C/C=C/C=C2/N(CCCCCC(=O)O)c3ccccc3C2(C)C)C(C)(C)c2cc(S(=O)(=O)[O-])ccc21,CO,737.1877540336425,5.356370824706974
CC1(C)C(/C=C/C=C/C=C/C=C2/N(CCCCCC(=O)O)c3ccc(S(=O)(=O)[O-])cc3C2(C)C)=[N+](CCCCS(=O)(=O)[O-])c2ccc(S(=O)(=O)[O-])cc21,O,764.5115835780399,5.24501851411208
CC1(C)C(/C=C/C=C/C=C/C=C2/N(CCCCCC(=O)O)c3ccc(S(=O)(=O)[O-])cc3C2(C)C)=[N+](CCCCS(=O)(=O)[O-])c2ccc(S(=O)(=O)[O-])cc21,CO,768.3013420388763,5.269765942995113
C(=C/c1c[nH]c2ccc(Oc3ccccc3)cc12)\C1=[NH+]c2cccc3cccc1c23,CO,496.96424719411016,4.233557405782756
C(=C/c1c[nH]c2ccc(Oc3ccccc3)cc12)\C1=[NH+]c2cccc3cccc1c23,O,519.5738337460897,4.165405048932298
N#CC(C#N)=C(/C=C/c1ccc(N(c2ccccc2)c2ccc(/C=C/C(=C(C#N)C#N)c3ccccc3)cc2)cc1)c1ccccc1,Cc1ccccc1,485.43155266608676,4.477704191834074
N#CC(C#N)=C(/C=C/c1ccc(N(c2ccccc2)c2ccc(/C=C/C(=C(C#N)C#N)c3ccccc3)cc2)cc1)c1ccccc1,C1COCCO1,478.5765978367811,4.510809553970665
N#CC(C#N)=C(/C=C/c1ccc(N(c2ccccc2)c2ccc(/C=C/C(=C(C#N)C#N)c3ccccc3)cc2)cc1)c1ccccc1,ClCCl,486.8223057545557,4.555397897885976
N#CC(C#N)=C(/C=C/c1ccc(N(c2ccccc2)c2ccc(/C=C/C(=C(C#N)C#N)c3ccccc3)cc2)cc1)c1ccccc1,ClC(Cl)Cl,492.13367014496714,4.534305035464735
N#CC(C#N)=C(/C=C/c1ccc(N(c2ccccc2)c2ccc(/C=C/C(=C(C#N)C#N)c3ccccc3)cc2)cc1)c1ccccc1,CCOC(C)=O,481.6442905940174,4.580347665203983
N#CC(C#N)=C(/C=C/c1ccc(N(c2ccccc2)c2ccc(/C=C/C(=C(C#N)C#N)c3ccccc3)cc2)cc1)c1ccccc1,CC(C)=O,484.21148643343383,4.604401390201489
N#CC(C#N)=C(/C=C/c1ccc(N(c2ccccc2)c2ccc(/C=C/C(=C(C#N)C#N)c3ccccc3)cc2)cc1)c1ccccc1,CO,486.5890978898815,4.542435578683172
N#CC(C#N)=C(/C=C/c1ccc(N(c2ccccc2)c2ccc(/C=C/C(=C(C#N)C#N)c3ccccc3)cc2)cc1)c1ccccc1,CCO,489.90169712286905,4.590878519963409
N#CC(C#N)=C(/C=C/c1ccc(N(c2ccccc2)c2ccc(/C=C/C(=C(C#N)C#N)c3ccccc3)cc2)cc1)c1ccccc1,CC#N,482.7004108596743,4.6143640872650264
N#CC(C#N)=C(/C=C/c1ccc(N(c2ccccc2)c2ccc(/C=C/C(=C(C#N)C#N)c3ccccc3)cc2)cc1)c1ccccc1,CN(C)C=O,489.7848518993783,4.550340672697869
CCOC(=O)/C(C#N)=C(\C=C\c1ccc(N(c2ccccc2)c2ccc(/C=C/C(=C(/C#N)C(=O)OCC)c3ccccc3)cc2)cc1)c1ccccc1,Cc1ccccc1,469.4203995307213,4.475620736103147
CCOC(=O)/C(C#N)=C(\C=C\c1ccc(N(c2ccccc2)c2ccc(/C=C/C(=C(/C#N)C(=O)OCC)c3ccccc3)cc2)cc1)c1ccccc1,C1COCCO1,465.36842968685494,4.493846896551183
CCOC(=O)/C(C#N)=C(\C=C\c1ccc(N(c2ccccc2)c2ccc(/C=C/C(=C(/C#N)C(=O)OCC)c3ccccc3)cc2)cc1)c1ccccc1,ClCCl,469.66469039536076,4.529991768429381
CCOC(=O)/C(C#N)=C(\C=C\c1ccc(N(c2ccccc2)c2ccc(/C=C/C(=C(/C#N)C(=O)OCC)c3ccccc3)cc2)cc1)c1ccccc1,ClC(Cl)Cl,478.9962769827297,4.529122145915811
CCOC(=O)/C(C#N)=C(\C=C\c1ccc(N(c2ccccc2)c2ccc(/C=C/C(=C(/C#N)C(=O)OCC)c3ccccc3)cc2)cc1)c1ccccc1,CCOC(C)=O,463.4216526223524,4.521264933337557
CCOC(=O)/C(C#N)=C(\C=C\c1ccc(N(c2ccccc2)c2ccc(/C=C/C(=C(/C#N)C(=O)OCC)c3ccccc3)cc2)cc1)c1ccccc1,CC(C)=O,467.44200732724386,4.639908270209679
CCOC(=O)/C(C#N)=C(\C=C\c1ccc(N(c2ccccc2)c2ccc(/C=C/C(=C(/C#N)C(=O)OCC)c3ccccc3)cc2)cc1)c1ccccc1,CO,470.895601467994,4.615623003550395
CCOC(=O)/C(C#N)=C(\C=C\c1ccc(N(c2ccccc2)c2ccc(/C=C/C(=C(/C#N)C(=O)OCC)c3ccccc3)cc2)cc1)c1ccccc1,CCO,472.72642339671245,4.570394784353288
CCOC(=O)/C(C#N)=C(\C=C\c1ccc(N(c2ccccc2)c2ccc(/C=C/C(=C(/C#N)C(=O)OCC)c3ccccc3)cc2)cc1)c1ccccc1,CC#N,465.00069337497763,4.5956131396845254
CCOC(=O)/C(C#N)=C(\C=C\c1ccc(N(c2ccccc2)c2ccc(/C=C/C(=C(/C#N)C(=O)OCC)c3ccccc3)cc2)cc1)c1ccccc1,CN(C)C=O,473.73213296702727,4.482939910849053
Cc1ccc2nc3cc4c(cc3c(-c3ccccc3)c2c1)[Si](C)(C)O[Si]4(C)C,ClCCl,369.4808795602921,3.8592468093408696
C[Si]1(C)O[Si](C)(C)c2cc3c(-c4ccccc4)c4cc(Cl)ccc4nc3cc21,ClCCl,374.53322993796746,3.936892284432916
C[Si]1(C)O[Si](C)(C)c2cc3c(-c4ccc(F)cc4)c4ccccc4nc3cc21,ClCCl,366.13478409178714,3.938108090176707
C[Si]1(C)O[Si](C)(C)c2cc3nc4ccc(Cl)cc4c(-c4ccccc4)c3cc2[Si](C)(C)O1,ClCCl,371.7090501453429,4.174977985021636
C[Si]1(C)O[Si](C)(C)c2cc3nc4ccc([N+](=O)[O-])cc4c(-c4ccccc4)c3cc2[Si](C)(C)O1,ClCCl,374.7672365460444,3.9843929405244394
Fc1ccccc1-c1c2cc(Cl)ccc2nc2cc3ccccc3cc12,ClCCl,403.50457397764546,4.148307426517143
F[B-]1(F)OC(c2ccccc2)=Nc2sc(-c3ccccc3)n[n+]21,ClC(Cl)Cl,343.1744919372892,4.4156325368177605
F[B-]1(F)OC(c2ccccc2)=Nc2sc(-c3ccccc3)n[n+]21,Cc1ccccc1,343.12577614198074,4.368413289035857
F[B-]1(F)OC(c2ccccc2)=Nc2sc(-c3ccccc3)n[n+]21,ClCCl,342.0909254169852,4.385138374799708
F[B-]1(F)OC(c2ccccc2)=Nc2sc(-c3ccccc3)n[n+]21,C1CCOC1,340.14786011724175,4.414315277883858
F[B-]1(F)OC(c2ccccc2)=Nc2sc(-c3ccccc3)n[n+]21,CCO,339.08298306553434,4.359405436817295
F[B-]1(F)OC(c2ccccc2)=Nc2sc(-c3ccccc3)n[n+]21,CC#N,336.76148785296806,4.434764094799879
F[B-]1(F)OC(c2ccccc2)=Nc2sc(-c3ccccc3)n[n+]21,CCOC(C)=O,341.1539524879903,4.369328846622007
F[B-]1(F)OC(c2ccccc2)=Nc2sc(-c3ccccc3)n[n+]21,CN(C)C=O,342.02771584003546,4.370850899630462
O=Cc1ccc(-c2ccc(O)c(-c3nc4ccccc4s3)c2)o1,O,370.10859593673365,3.280901206164175
O=Cc1ccc(-c2ccc(O)c(-c3nc4ccccc4s3)c2)s1,O,377.1871081564764,3.2581492916572232
Oc1cc(-c2ccco2)ccc1-c1nc2ccccc2s1,O,342.5186935250905,3.376463434167048
Oc1cc(-c2cccs2)ccc1-c1nc2ccccc2s1,O,338.52749493930366,3.2124163978382825
O=Cc1ccc(-c2ccc(O)c(-c3nc4ccccc4s3)c2)o1,CCO,377.22128193207317,3.536842001481991
O=Cc1ccc(-c2ccc(O)c(-c3nc4ccccc4s3)c2)s1,CCO,381.6862552708966,3.6252726101110726
Oc1cc(-c2ccco2)ccc1-c1nc2ccccc2s1,CCO,359.0885292398578,3.473347083828807
Oc1cc(-c2cccs2)ccc1-c1nc2ccccc2s1,CCO,354.87959846583345,3.4148225091848907
N#CC(C#N)=Cc1ccc(-c2cccc(-c3nc4ccccc4s3)c2O)o1,CCO,418.6002063386795,3.5317062261505234
O=Cc1ccc(-c2cccc(-c3nc4ccccc4s3)c2O)s1,CCO,370.88117045121805,3.6134986183350675
O=Cc1ccc(-c2ccc(O)c(-c3nc4ccccc4s3)c2)o1,ClCCl,379.2690112465935,3.517920515693325
O=Cc1ccc(-c2ccc(O)c(-c3nc4ccccc4s3)c2)s1,ClCCl,383.40681894048686,3.643997399942427
Oc1cc(-c2ccco2)ccc1-c1nc2ccccc2s1,ClCCl,360.5629094466585,3.444708575442733
Oc1cc(-c2cccs2)ccc1-c1nc2ccccc2s1,ClCCl,355.94966654989486,3.4069648678440148
N#CC(C#N)=Cc1ccc(-c2cccc(-c3nc4ccccc4s3)c2O)o1,ClCCl,425.3532910190702,3.63457221615626
O=Cc1ccc(-c2cccc(-c3nc4ccccc4s3)c2O)s1,ClCCl,371.8619232184925,3.592593924486587
O=CN1N=C(c2ccc(Br)cc2)C[C@@H]1c1ccccc1,C1CCCCC1,340.49501316936943,4.336668971780357
O=CN1N=C(c2ccc(Br)cc2)C[C@@H]1c1ccccc1,C1COCCO1,342.2372722964369,4.382910668689037
O=CN1N=C(c2ccc(Br)cc2)C[C@@H]1c1ccccc1,ClC(Cl)(Cl)Cl,346.8504531532368,4.410699223183294
O=CN1N=C(c2ccc(Br)cc2)C[C@@H]1c1ccccc1,Cc1ccccc1,349.2386294061291,4.311561748806609
O=CN1N=C(c2ccc(Br)cc2)C[C@@H]1c1ccccc1,CCOC(C)=O,345.08619990405793,4.372331629686807
O=CN1N=C(c2ccc(Br)cc2)C[C@@H]1c1ccccc1,CCO,345.8333566703083,4.386700071359632
O=CN1N=C(c2ccc(Br)cc2)C[C@@H]1c1ccccc1,CO,342.3830311197614,4.406765449626192
O=CN1N=C(c2ccc(Br)cc2)C[C@@H]1c1ccccc1,CC#N,341.0379143990195,4.332192115405441
O=CN1N=C(c2ccc(Br)cc2)C[C@@H]1c1ccccc1,CS(C)=O,350.3544637327723,4.363039711722643
CCCCCN1c2ccccc2Sc2cc(/C=C/c3ccc(/C=C(\C#N)C(=O)O)s3)ccc21,ClCCl,498.5863578236857,4.256846776134212
COc1ccccc1C1=[N+]2C(=C(c3ccccc3)c3c4ccccc4c(-c4ccccc4OC)n3[B-]2(F)F)c2ccccc21,ClCCl,635.3288417081478,4.9926133168472315
c1ccc(C2=C3C4=C(C5=[N+]3[B-]3(Oc6ccccc65)Oc5ccccc5-c5c6c(c2n53)C2CCC6CC2)C2CCC4CC2)cc1,ClCCl,601.6767513655423,4.76225049945557
CC(C)(C)c1cc2c(c(C(C)(C)C)c1)O[B-]1(c3ccc([B-]45OC(c6ccccc6)=N[N+]4=Cc4cc(C(C)(C)C)cc(C(C)(C)C)c4O5)cc3)OC(c3ccccc3)=N[N+]1=C2,C1CCOC1,428.0157466968556,4.547870591077589
CN1C(=CC2=C([O-])C(=O)C2=C(C#N)C#N)Sc2ccccc21,CCO,474.9885476221096,4.730778019392687
CCCCOC(=O)/C(C#N)=C1\C(=O)C([O-])=C1C=C1N(C)c2ccccc2C1(C)C,CCO,468.77991835501587,4.706344218107631
CN1C(=Cc2c([O-])c(=O)/c2=N\C#N)C(C)(C)c2ccccc21,CCO,461.2484281193153,4.722251533969037
CN1C(=CC2=C([O-])C(=CC3=[N+](C)c4ccccc4C3(C)C)C2=C(C#N)C#N)C(C)(C)c2ccccc21,ClC(Cl)Cl,687.5129597387662,5.1722781981145145
CCN(CC)c1ccc2cc(-c3nc4ccccc4n3-c3ccccc3)c(=O)oc2c1,ClCCl,422.87475933653815,5.3829031342372655
CCN(CC)c1ccc2cc(-c3nc4c5cccc6ccc7cccc(c7c65)c4n3-c3ccc(C(C)(C)C)cc3)c(=O)oc2c1,ClCCl,411.37328075313116,5.680147486843778
Cc1cc(C)n2c1C=[N+]1[N+](=C3C=NC=CN3[B-]1(F)F)[B-]2(F)F,ClCCl,522.4396969903286,4.714127480945693
Cc1ccc(/C(C#N)=C/c2cc(/C=C(\C#N)c3ccc(C)cc3)c(-c3ccc(N(c4ccccc4)c4ccccc4)cc3)cc2-c2ccc(N(c3ccccc3)c3ccccc3)cc2)cc1,CCCCCC,428.9044560818841,4.610306123929854
Cc1ccc(/C(C#N)=C/c2cc(/C=C(\C#N)c3ccc(C)cc3)c(-c3ccc(N(c4ccccc4)c4ccccc4)cc3)cc2-c2ccc(N(c3ccccc3)c3ccccc3)cc2)cc1,C1CCCCC1,430.95126055602606,4.661069913578449
Cc1ccc(/C(C#N)=C/c2cc(/C=C(\C#N)c3ccc(C)cc3)c(-c3ccc(N(c4ccccc4)c4ccccc4)cc3)cc2-c2ccc(N(c3ccccc3)c3ccccc3)cc2)cc1,Cc1ccccc1,428.56119945604695,4.656674254166024
Cc1ccc(/C(C#N)=C/c2cc(/C=C(\C#N)c3ccc(C)cc3)c(-c3ccc(N(c4ccccc4)c4ccccc4)cc3)cc2-c2ccc(N(c3ccccc3)c3ccccc3)cc2)cc1,ClC(Cl)Cl,435.3079558636584,4.608523064598468
Cc1ccc(/C(C#N)=C/c2cc(/C=C(\C#N)c3ccc(C)cc3)c(-c3ccc(N(c4ccccc4)c4ccccc4)cc3)cc2-c2ccc(N(c3ccccc3)c3ccccc3)cc2)cc1,CCOC(C)=O,423.3511608849286,4.582172376362822
Cc1ccc(/C(C#N)=C/c2cc(/C=C(\C#N)c3ccc(C)cc3)c(-c3ccc(N(c4ccccc4)c4ccccc4)cc3)cc2-c2ccc(N(c3ccccc3)c3ccccc3)cc2)cc1,C1CCOC1,425.1204254880046,4.644420792565461
Cc1ccc(/C(C#N)=C/c2cc(/C=C(\C#N)c3ccc(C)cc3)c(-c3ccc(N(c4ccccc4)c4ccccc4)cc3)cc2-c2ccc(N(c3ccccc3)c3ccccc3)cc2)cc1,ClCCl,421.8494313221548,4.606711567367345
N#C/C(=C\c1cc(/C=C(\C#N)c2ccc(C(F)(F)F)cc2)c(-c2ccc(N(c3ccccc3)c3ccccc3)cc2)cc1-c1ccc(N(c2ccccc2)c2ccccc2)cc1)c1ccc(C(F)(F)F)cc1,CCCCCC,432.3755574466539,4.579844261862331
N#C/C(=C\c1cc(/C=C(\C#N)c2ccc(C(F)(F)F)cc2)c(-c2ccc(N(c3ccccc3)c3ccccc3)cc2)cc1-c1ccc(N(c2ccccc2)c2ccccc2)cc1)c1ccc(C(F)(F)F)cc1,C1CCCCC1,434.18200337036507,4.634488696647546
N#C/C(=C\c1cc(/C=C(\C#N)c2ccc(C(F)(F)F)cc2)c(-c2ccc(N(c3ccccc3)c3ccccc3)cc2)cc1-c1ccc(N(c2ccccc2)c2ccccc2)cc1)c1ccc(C(F)(F)F)cc1,Cc1ccccc1,432.3583473932589,4.640851504851929
N#C/C(=C\c1cc(/C=C(\C#N)c2ccc(C(F)(F)F)cc2)c(-c2ccc(N(c3ccccc3)c3ccccc3)cc2)cc1-c1ccc(N(c2ccccc2)c2ccccc2)cc1)c1ccc(C(F)(F)F)cc1,ClC(Cl)Cl,436.965151604345,4.588770174631656
N#C/C(=C\c1cc(/C=C(\C#N)c2ccc(C(F)(F)F)cc2)c(-c2ccc(N(c3ccccc3)c3ccccc3)cc2)cc1-c1ccc(N(c2ccccc2)c2ccccc2)cc1)c1ccc(C(F)(F)F)cc1,CCOC(C)=O,428.6339548419538,4.573796371823256
N#C/C(=C\c1cc(/C=C(\C#N)c2ccc(C(F)(F)F)cc2)c(-c2ccc(N(c3ccccc3)c3ccccc3)cc2)cc1-c1ccc(N(c2ccccc2)c2ccccc2)cc1)c1ccc(C(F)(F)F)cc1,C1CCOC1,429.51847152506633,4.618889400722225
N#C/C(=C\c1cc(/C=C(\C#N)c2ccc(C(F)(F)F)cc2)c(-c2ccc(N(c3ccccc3)c3ccccc3)cc2)cc1-c1ccc(N(c2ccccc2)c2ccccc2)cc1)c1ccc(C(F)(F)F)cc1,ClCCl,428.40924726062656,4.595225537891915
CC1(C)c2ccccc2N(c2ccc(-c3ccc(C#N)nc3)cc2)c2ccccc21,Cc1ccccc1,365.0538448299284,3.2782667303005226
CC1(C)c2ccccc2N(c2ccc(-c3ccc(C#N)cn3)cc2)c2ccccc21,Cc1ccccc1,371.287023820454,3.2143165411643047
FC(F)(F)c1ccc(C2=CC3=c4cc(-c5ccc(C(F)(F)F)cc5)c5nc(C(F)(F)C(F)(F)C(F)(F)F)nc6c(-c7ccc(C(F)(F)F)cc7)cc(c4c65)C4=CC(c5ccc(C(F)(F)F)cc5)=C5N=C(C(F)(F)C(F)(F)C(F)(F)F)N=C2C5C43)cc1,C1CCOC1,487.88035138713593,4.7453986933093635
CC(C)[Si](C#CC1=CC2=c3cc(C#C[Si](C(C)C)(C(C)C)C(C)C)c4nc(C(F)(F)C(F)(F)C(F)(F)F)nc5c(C#C[Si](C(C)C)(C(C)C)C(C)C)cc(c3c54)C3=CC(C#C[Si](C(C)C)(C(C)C)C(C)C)=C4N=C(C(F)(F)C(F)(F)C(F)(F)F)N=C1C4C32)(C(C)C)C(C)C,C1CCOC1,532.0243389628889,4.881056740041137
FC(F)(F)C(F)(F)C(F)(F)C1=NC2=C(c3ccc4ccc5cccc6ccc3c4c56)C=C3c4cc(-c5ccc6ccc7cccc8ccc5c6c78)c5nc(C(F)(F)C(F)(F)C(F)(F)F)nc6c(-c7ccc8ccc9cccc%10ccc7c8c9%10)cc(c4c56)=C4C=C(c5ccc6ccc7cccc8ccc5c6c78)C(=N1)C2C34,C1CCOC1,497.4736568161376,4.791105914322992
FC(F)(F)C(F)(F)C(F)(F)C1=NC2=C(c3ccc4ccc5cccc6ccc3c4c56)C=C3c4cc(-c5ccc6ccc7cccc8ccc5c6c78)c5nc(C(F)(F)C(F)(F)C(F)(F)F)nc6c(-c7ccc8ccc9cccc%10ccc7c8c9%10)cc(c4c56)=C4C=C(c5ccc6ccc7cccc8ccc5c6c78)C(=N1)C2C34,Cc1ccccc1,501.4191355634199,4.775666431915676
FC(F)(F)C(F)(F)C(F)(F)C1=NC2=C(c3ccc(N(c4ccccc4)c4ccccc4)cc3)C=C3c4cc(-c5ccc(N(c6ccccc6)c6ccccc6)cc5)c5nc(C(F)(F)C(F)(F)C(F)(F)F)nc6c(-c7ccc(N(c8ccccc8)c8ccccc8)cc7)cc(c4c56)=C4C=C(c5ccc(N(c6ccccc6)c6ccccc6)cc5)C(=N1)C2C34,C1CCOC1,503.89668091681625,4.685678022579291
FC(F)(F)C(F)(F)C(F)(F)C1=NC2=C(c3ccc(N(c4ccccc4)c4ccccc4)cc3)C=C3c4cc(-c5ccc(N(c6ccccc6)c6ccccc6)cc5)c5nc(C(F)(F)C(F)(F)C(F)(F)F)nc6c(-c7ccc(N(c8ccccc8)c8ccccc8)cc7)cc(c4c56)=C4C=C(c5ccc(N(c6ccccc6)c6ccccc6)cc5)C(=N1)C2C34,Cc1ccccc1,502.8001706233441,4.66572754585037
FC(F)(F)C(F)(F)C(F)(F)C1=NC2=C(Sc3ccccc3)C=C3c4cc(Sc5ccccc5)c5nc(C(F)(F)C(F)(F)C(F)(F)F)nc6c(Sc7ccccc7)cc(c4c56)=C4C=C(Sc5ccccc5)C(=N1)C2C34,C1CCOC1,522.0071884559128,4.776830629058321
CC1=C(c2cccs2)C(C)=[N+]2C1=C(c1ccc(OS(=O)(=O)c3ccc([N+](=O)[O-])cc3[N+](=O)[O-])cc1)c1c(C)c(-c3cccs3)c(C)n1[B-]2(F)F,Cc1ccccc1,526.8355271389851,4.761690320121957
CC1=C(c2cccs2)C(C)=[N+]2C1=C(c1ccc(OS(=O)(=O)c3ccc([N+](=O)[O-])cc3[N+](=O)[O-])cc1)c1c(C)c(-c3cccs3)c(C)n1[B-]2(F)F,ClCCl,527.6470328149366,4.716990293507682
CC1=C(c2cccs2)C(C)=[N+]2C1=C(c1ccc(OS(=O)(=O)c3ccc([N+](=O)[O-])cc3[N+](=O)[O-])cc1)c1c(C)c(-c3cccs3)c(C)n1[B-]2(F)F,CO,520.5226936949163,4.717669221407251
CC1=C(c2cccs2)C(C)=[N+]2C1=C(c1ccccc1)c1c(C)c(-c3cccs3)c(C)n1[B-]2(F)F,Cc1ccccc1,530.6809839152098,4.698364868583441
CC1=C(c2cccs2)C(C)=[N+]2C1=C(c1ccccc1)c1c(C)c(-c3cccs3)c(C)n1[B-]2(F)F,ClCCl,528.3492149517378,4.737541308536006
CC1=C(c2cccs2)C(C)=[N+]2C1=C(c1ccccc1)c1c(C)c(-c3cccs3)c(C)n1[B-]2(F)F,CO,521.5485142580594,4.621970383103912
c1ccc(-c2cccc(N3c4cc(-c5ccccc5)ccc4B4c5ccc(N(c6ccccc6)c6ccccc6)cc5N(c5ccccc5)c5cccc3c54)c2)cc1,ClCCl,422.6507006644009,4.556021810686653
CCC1(CC)c2cc(C#Cc3cc(C#Cc4ccc5c(c4)C(CC)(CC)c4cc(N(c6ccccc6)c6ccccc6)ccc4-5)c4ccc5c(C#Cc6ccc7c(c6)C(CC)(CC)c6cc(N(c8ccccc8)c8ccccc8)ccc6-7)cc(C#Cc6ccc7c(c6)C(CC)(CC)c6cc(N(c8ccccc8)c8ccccc8)ccc6-7)c6ccc3c4c65)ccc2-c2ccc(N(c3ccccc3)c3ccccc3)cc21,Cc1ccccc1,446.5943071894653,4.769382290463609
CCC1(CC)c2cc(C#Cc3cc(C#Cc4ccc5c(c4)C(CC)(CC)c4cc(N(c6ccccc6)c6ccccc6)ccc4-5)c4ccc5c(C#Cc6ccc7c(c6)C(CC)(CC)c6cc(N(c8ccccc8)c8ccccc8)ccc6-7)cc(C#Cc6ccc7c(c6)C(CC)(CC)c6cc(N(c8ccccc8)c8ccccc8)ccc6-7)c6ccc3c4c65)ccc2-c2ccc(N(c3ccccc3)c3ccccc3)cc21,ClC(Cl)Cl,448.89692821198395,4.747605726273315
CCC1(CC)c2cc(C#Cc3cc(C#Cc4ccc5c(c4)C(CC)(CC)c4cc(N(c6ccccc6)c6ccccc6)ccc4-5)c4ccc5c(C#Cc6ccc7c(c6)C(CC)(CC)c6cc(N(c8ccccc8)c8ccccc8)ccc6-7)cc(C#Cc6ccc7c(c6)C(CC)(CC)c6cc(N(c8ccccc8)c8ccccc8)ccc6-7)c6ccc3c4c65)ccc2-c2ccc(N(c3ccccc3)c3ccccc3)cc21,CCOC(C)=O,442.02023661014374,4.713350590613176
CCC1(CC)c2cc(C#Cc3cc(C#Cc4ccc5c(c4)C(CC)(CC)c4cc(N(c6ccccc6)c6ccccc6)ccc4-5)c4ccc5c(C#Cc6ccc7c(c6)C(CC)(CC)c6cc(N(c8ccccc8)c8ccccc8)ccc6-7)cc(C#Cc6ccc7c(c6)C(CC)(CC)c6cc(N(c8ccccc8)c8ccccc8)ccc6-7)c6ccc3c4c65)ccc2-c2ccc(N(c3ccccc3)c3ccccc3)cc21,C1CCOC1,443.4692692546364,4.753099438742529
CCC1(CC)c2cc(C#Cc3cc(C#Cc4ccc5c(c4)C(CC)(CC)c4cc(N(c6ccccc6)c6ccccc6)ccc4-5)c4ccc5c(C#Cc6ccc7c(c6)C(CC)(CC)c6cc(N(c8ccccc8)c8ccccc8)ccc6-7)cc(C#Cc6ccc7c(c6)C(CC)(CC)c6cc(N(c8ccccc8)c8ccccc8)ccc6-7)c6ccc3c4c65)ccc2-c2ccc(N(c3ccccc3)c3ccccc3)cc21,ClCCl,443.1805055352447,4.739853587303171
CCC1(CC)c2cc(C#Cc3cc(C#Cc4ccc5c(c4)C(CC)(CC)c4cc(N(c6ccccc6)c6ccccc6)ccc4-5)c4ccc5c(C#Cc6ccc7c(c6)C(CC)(CC)c6cc(N(c8ccccc8)c8ccccc8)ccc6-7)cc(C#Cc6ccc7c(c6)C(CC)(CC)c6cc(N(c8ccccc8)c8ccccc8)ccc6-7)c6ccc3c4c65)ccc2-c2ccc(N(c3ccccc3)c3ccccc3)cc21,CN(C)C=O,441.795416708925,4.7598794618496125
N#Cc1cc(C#N)c(-n2c3ccccc3c3ccccc32)cc1-n1c2ccccc2c2ccccc21,Cc1ccccc1,384.9425935726462,3.6827836746213642
FC(F)(F)c1ccc(-c2nnc(-c3cc(-c4nnc(-c5ccc(C(F)(F)F)cc5)o4)c(-n4c5ccccc5c5ccccc54)cc3-n3c4ccccc4c4ccccc43)o2)cc1,Cc1ccccc1,365.9155540600774,3.5350763857909597
CC1(C)c2ccccc2N(c2ccc3c(c2)C2(c4cc(N5c6ccccc6C(C)(C)c6ccccc65)ccc4-3)c3ccccc3S(=O)(=O)c3ccccc32)c2ccccc21,Cc1ccccc1,373.85880622876863,3.98821217416281
CCCCN1C(=O)C(=CC=C2N(CCCC)c3ccccc3N2CCCC)C(=O)N(CCCC)C1=S,CCCCCC,488.0811215636139,4.662119032110898
CCCCN1C(=O)C(=CC=C2N(CCCC)c3ccccc3N2CCCC)C(=O)N(CCCC)C1=S,Cc1ccccc1,551.6077377277719,5.08941149430213
CCCCN1C(=O)C(=CC=C2N(CCCC)c3ccccc3N2CCCC)C(=O)N(CCCC)C1=S,ClC(Cl)Cl,525.7556257739732,4.770828753658504
CCCCN1C(=O)C(=CC=C2N(CCCC)c3ccccc3N2CCCC)C(=O)N(CCCC)C1=S,ClCCl,521.3362023634361,4.743250525185928
CCCCN1C(=O)C(=CC=C2N(CCCC)c3ccccc3N2CCCC)C(=O)N(CCCC)C1=S,CN(C)C=O,475.6967871665811,4.541311457187598
CCCCN1C(=O)C(=CC=C2N(CCCC)c3ccccc3N2CCCC)C(=O)N(CCCC)C1=S,CCO,463.81344802937764,4.537200923028951
CCCCN1C(=O)C(=C/C=C/C=C/C=C2N(CCCC)c3ccccc3N2CCCC)C(=O)N(CCCC)C1=S,ClC(Cl)Cl,580.5716133446474,4.9164084269461075
CCCCN1C(=O)C(=C/C=C/C=C/C=C2N(CCCC)c3ccccc3N2CCCC)C(=O)N(CCCC)C1=S,ClCCl,566.6427872781211,4.858721241648909
CCCCN1C(=O)C(=C/C=C/C=C/C=C2N(CCCC)c3ccccc3N2CCCC)C(=O)N(CCCC)C1=S,CN(C)C=O,531.8353093583439,4.723013567603068
CCCCN1C(=O)C(=C/C=C/C=C/C=C2N(CCCC)c3ccccc3N2CCCC)C(=O)N(CCCC)C1=S,CC#N,548.5967651781087,4.81695127486085
CCCCN1C(=O)C(=C/C=C/C=C/C=C2N(CCCC)c3ccccc3N2CCCC)C(=O)N(CCCC)C1=S,CCO,509.4064303110974,4.681618218759727
CCCCN1C(=O)C(=C/C=C/C=C/C=C2N(CCCC)c3ccccc3N2CCCC)C(=O)N(CCCC)C1=S,CO,545.1223984440043,4.843640788396147
CCCCN1C(=O)C(=C/C=C/C=C/C=C2N(CCCC)c3ccccc3N2CCCC)C(=O)N(CCCC)C1=S,OCC(F)(F)F,526.3215071893447,4.765533813255874
c1ccc(-c2cccc(N3c4cc(-c5ccccc5)ccc4B4c5ccc(N(c6ccccc6)c6ccccc6)cc5N(c5ccccc5)c5cccc3c54)c2)cc1,ClCCl,422.6507006644009,4.556021810686653
CC1(C)c2ccccc2N(c2ccc3c(c2)c(=O)c2cccc4c(=O)c5cc(N6c7ccccc7C(C)(C)c7ccccc76)ccc5n3c24)c2ccccc21,Cc1ccccc1,441.0907926042975,3.707078004880512
CCCCCCC,gas,Invalid SMILES,Invalid SMILES
CCCCCCCC,gas,Invalid SMILES,Invalid SMILES
II,ClC(Cl)(Cl)Cl,391.2358020207199,3.07587354454634
II,CCCCCCC,365.45257720351157,3.046753395380568
CC(C)=C(C)C,CCCCCCC,303.9854729465213,3.2566295884015206
N=C(N)N,O,247.5451226119896,3.3886315231703223
CC(C)=N[O-],CCO,295.61160881563785,2.769665484846583
CS,gas,Invalid SMILES,Invalid SMILES
CCSSCC,CCCCCC,302.90192640874307,3.5100783434181073
O=C1CCC(=O)N1,CC#N,366.1396066185107,3.5574668096579387
C1=Cc2ccc(N(c3ccccc3)c3ccccc3)cc2Cc2cc(N(c3ccccc3)c3ccccc3)ccc21,ClCCl,406.32556971742014,4.346802414975673
Fc1ccc(N(c2ccccc2)c2ccc3ccc4c(N(c5ccccc5)c5ccc(F)cc5)ccc5ccc2c3c54)cc1,ClCCl,422.9044519531573,4.3920072366152185
c1ccc(N(c2ccccc2)c2ccc3ccc4c(N(c5ccccc5)c5ccccc5)ccc5ccc2c3c54)cc1,ClCCl,424.1239066943097,4.372974949588826
CCCCC(CC)Cn1c2ccccc2c2cc(-c3ccc4c(c3)-c3cc(-c5ccc6c(c5)c5ccccc5n6CC(CC)CCCC)ccc3S4(=O)=O)ccc21,Cc1ccccc1,350.14639688988024,4.474971903913992
CCCCC(CC)Cn1c2ccccc2c2ccc(-c3ccc4c(c3)S(=O)(=O)c3cc(-c5ccc6c7ccccc7n(CC(CC)CCCC)c6c5)ccc3-4)cc21,Cc1ccccc1,371.31815218226825,4.599277318645457
c1ccc(N2c3ccccc3C3(c4ccccc4-c4ccccc43)c3ccccc32)cc1,ClCCl,353.80518064867977,4.174297915814021
c1ccc(N(c2ccccc2)c2ccc(-c3ccc4c(c3)C3(c5cc(-c6ccc(N(c7ccccc7)c7ccccc7)cc6)ccc5-4)c4ccccc4N(c4ccccc4)c4ccccc43)cc2)cc1,ClCCl,368.2721648998269,4.770316635723445
c1ccc(N(c2ccccc2)c2ccc(-c3ccc4c(c3)C3(c5ccccc5Oc5ccccc53)c3cc(-c5ccc(N(c6ccccc6)c6ccccc6)cc5)ccc3-4)cc2)cc1,ClCCl,363.49961970333095,4.814078702722907
O=S1(=O)c2ccccc2C2(c3cc(-c4ccc(N(c5ccccc5)c5ccccc5)cc4)ccc3-c3ccc(-c4ccc(N(c5ccccc5)c5ccccc5)cc4)cc32)c2ccccc21,ClCCl,364.69053839361413,4.845721618785758
O=S1(=O)c2ccccc2C2(c3cc(-c4ccc(-n5c6ccccc6c6ccccc65)cc4)ccc3-c3ccc(-c4ccc(-n5c6ccccc6c6ccccc65)cc4)cc32)c2ccccc21,ClCCl,351.2768430305563,4.913408349975589
c1ccc2c(c1)OB1Oc3ccccc3-c3c1c-2c1c2c3-c3ccccc3OB2Oc2ccccc2-1,ClCCl,394.8405911339633,4.16600110094744
Cc1cc(C)c(B2c3cc(C(C)(C)C)ccc3-c3cccc4cc(C(C)(C)C)cc2c34)c(C)c1,C1CCCCC1,398.8306720454899,4.033570769775025
Cc1cc(C)c(B2c3cc(C(C)(C)C)cc4ccc5ccc6cc(C(C)(C)C)cc2c6c5c34)c(C)c1,C1CCCCC1,412.2603120864369,3.96365422960127
Cc1cc(C)c(B2c3cc(C(C)(C)C)ccc3-c3cc4ccccc4c4cc(C(C)(C)C)cc2c34)c(C)c1,C1CCCCC1,406.5965819085785,4.182529323992535
c1cc2c3c(c1)ccc1[n+]3[B-]3(Oc4cccc5ccc6[n+](c45)[B-](O2)(O3)n2c-6cc3c4ccccc4c4ccccc4c32)n2c-1cc1c3ccccc3c3ccccc3c12,ClCCl,552.0776278981809,4.442571115112936
O=[N+]([O-])c1ccc2c(ccc3[n+]2[B-](F)(F)n2c-3cc3c4ccccc4c4ccccc4c32)c1,ClCCl,507.1123286608948,4.1610507529852985
CCC12C(=C3C(=C4c5ccc(-c6ccc(CO)cc6)cc5S(=O)(=O)C41CC)C(F)(F)C(F)(F)C3(F)F)c1ccc(-c3ccc(CO)cc3)cc1S2(=O)=O,C1COCCO1,457.1296027891434,4.634824384875105
CCC12C(=C3C(=C4c5ccc(-c6ccc(C(C)=O)s6)cc5S(=O)(=O)C41CC)C(F)(F)C(F)(F)C3(F)F)c1ccc(-c3ccc(C(C)=O)s3)cc1S2(=O)=O,C1COCCO1,461.37595465672086,4.626894300311556
c1cc2c(C3SCCCS3)c3ccc(=[N+]4CCCCC4)cc-3oc2cc1N1CCCCC1,CO,573.7426510927639,4.77192912466127
CCC1=C(C)C2=Cc3c4ccccc4c4n3[B-](c3ccc5cc6ccccc6cc5c3)(Oc3ccccc3-4)[N+]2=C1C,CCCCCC,630.6673727328674,4.832293363356232
CCC1=C(C)C2=Cc3c4ccccc4c4n3[B-](c3ccc5cc6ccccc6cc5c3)(Oc3ccccc3-4)[N+]2=C1C,Cc1ccccc1,636.1746256859312,4.809427647983836
CCC1=C(C)C2=Cc3c4ccccc4c4n3[B-](c3ccc5cc6ccccc6cc5c3)(Oc3ccccc3-4)[N+]2=C1C,ClCCl,633.8425609314056,4.794131608226509
CCC1=C(C)C2=Cc3c4ccccc4c4n3[B-](c3ccc5cc6ccccc6cc5c3)(Oc3ccccc3-4)[N+]2=C1C,CC#N,626.4677572245517,4.775441751466752
CCC1=C(C)C2=Cc3c4ccccc4c4n3[B-](c3cc[n+](C)cc3)(Oc3ccccc3-4)[N+]2=C1C,CO,622.9969723673443,4.712117105741614
CCC1=C(C)C2=Cc3c4ccccc4c4n3[B-](c3cc[n+](C)cc3)(Oc3ccccc3-4)[N+]2=C1C,CS(C)=O,635.5242937877326,4.696688192451333
F[B-]1(F)OC(c2ccccc2)=Cc2cc(Cl)nc[n+]21,CCCCCC,377.09515386373306,4.520461567150531
F[B-]1(F)OC(c2ccccc2)=Cc2cc(Cl)nc[n+]21,Cc1ccccc1,380.5349343727418,4.4495608523320795
F[B-]1(F)OC(c2ccccc2)=Cc2cc(Cl)nc[n+]21,ClC(Cl)Cl,379.22268294710346,4.528706451597666
F[B-]1(F)OC(c2ccccc2)=Cc2cc(Cl)nc[n+]21,C1CCOC1,375.6315015217768,4.4719508385051014
F[B-]1(F)OC(c2ccccc2)=Cc2cc(Cl)nc[n+]21,ClCCl,380.56670396898915,4.531233925599182
F[B-]1(F)OC(c2ccccc2)=Cc2cc(Cl)nc[n+]21,CC#N,374.18619903709,4.517235934293704
CC(C)[Si]1(C(C)C)c2cc(N(C)C)ccc2-c2ccc(C(F)(F)F)cc21,C1CCCCC1,345.7328699999146,4.396271165743248
CC(C)[Si]1(C(C)C)c2cc(N(C)C)ccc2-c2ccc(C(F)(F)F)cc21,c1ccccc1,350.712194732439,4.366725317198016
CC(C)[Si]1(C(C)C)c2cc(N(C)C)ccc2-c2ccc(C(F)(F)F)cc21,CCOCC,346.6268058732175,4.444866661500005
CC(C)[Si]1(C(C)C)c2cc(N(C)C)ccc2-c2ccc(C(F)(F)F)cc21,ClCCl,352.5994694643324,4.380804014612766
CC(C)[Si]1(C(C)C)c2cc(N(C)C)ccc2-c2ccc(C(F)(F)F)cc21,CCO,346.1198983296439,4.390584124234707
CC(C)[Si]1(C(C)C)c2cc(N(C)C)ccc2-c2ccc(C(F)(F)F)cc21,CC#N,331.20833974797716,4.298597204438995
CC(C)[Si]1(C(C)C)c2cc(N(C)C)ccc2-c2ccc(C(F)(F)F)cc21,CS(C)=O,354.1720472803304,4.358375755560283
CC(C)[Si]1(C(C)C)c2cc(C=C(C#N)C#N)ccc2-c2ccc(N(C)C)cc21,C1CCCCC1,476.81199603210354,4.66901509784576
CC(C)[Si]1(C(C)C)c2cc(C=C(C#N)C#N)ccc2-c2ccc(N(C)C)cc21,c1ccccc1,476.8294814187481,4.573172277476751
CC(C)[Si]1(C(C)C)c2cc(C=C(C#N)C#N)ccc2-c2ccc(N(C)C)cc21,CCOCC,468.8578705385921,4.562914548715263
CC(C)[Si]1(C(C)C)c2cc(C=C(C#N)C#N)ccc2-c2ccc(N(C)C)cc21,ClCCl,487.35234032889014,4.524859512405594
CC(C)[Si]1(C(C)C)c2cc(C=C(C#N)C#N)ccc2-c2ccc(N(C)C)cc21,CCO,472.39691502710303,4.541375980835137
CC(C)[Si]1(C(C)C)c2cc(C=C(C#N)C#N)ccc2-c2ccc(N(C)C)cc21,CC#N,468.4427755868284,4.511669703549766
CC(C)[Si]1(C(C)C)c2cc(C=C(C#N)C#N)ccc2-c2ccc(N(C)C)cc21,CS(C)=O,480.29552042101085,4.356216633462218
CC1=[N+]2C(=C(c3ccc(C(=C(c4ccccc4)c4ccccc4)c4ccccc4)cc3)c3ccc(C)n3[B-]2(F)F)C=C1,C1CCOC1,547.7830085355884,4.628368327774852
CC1=[N+]2C(=C(c3ccc(C(=C(c4ccccc4)c4ccccc4)c4ccccc4)cc3)c3ccc(/C=C/c4ccc(C(=C(c5ccccc5)c5ccccc5)c5ccccc5)cc4)n3[B-]2(F)F)C=C1,C1CCOC1,608.2673187980937,4.785796845190312
Cc1cc(C)c(B(c2c(C)cc(C)cc2C)c2cc3ccc4ccccc4c3c3c2cc(N(C)C)c2ccccc23)c(C)c1,C1CCCCC1,418.42628404492854,3.231612621421731
Cc1cc(C)c(B(c2c(C)cc(C)cc2C)c2cc3ccc4ccccc4c3c3c2cc(N(C)C)c2ccccc23)c(C)c1,c1ccccc1,423.0816256040134,3.2692178403314385
Cc1cc(C)c(B(c2c(C)cc(C)cc2C)c2cc3ccc4ccccc4c3c3c2cc(N(C)C)c2ccccc23)c(C)c1,ClC(Cl)Cl,420.1555177159944,3.235792969969746
Cc1cc(C)c(B(c2c(C)cc(C)cc2C)c2cc3ccc4ccccc4c3c3c2cc(N(C)C)c2ccccc23)c(C)c1,C1CCOC1,420.78057784459463,3.2290327656834252
Cc1cc(C)c(B(c2c(C)cc(C)cc2C)c2cc3ccc4ccccc4c3c3c2cc(N(C)C)c2ccccc23)c(C)c1,CC#N,417.85138054785256,3.2211497660500763
CN1/C(=C/C=C/C2=[N+](C)c3c(F)c(F)c4c(F)c(F)c(F)c(F)c4c3C2(C)C)C(C)(C)c2c1c(F)c(F)c1c(F)c(F)c(F)c(F)c21,ClCCl,584.0372128758193,4.894299201513782
CN1/C(=C/C=C/C2=[N+](C)c3ccc4ccccc4c3C2(C)C)C(C)(C)c2c1ccc1ccccc21,ClCCl,606.7983716279291,5.051814958270052
C[N+]1=C(/C=C/C2=C3Oc4c(cc5c6c4CCCN6CCC5)C(c4ccccc4C(=O)O)=C3CCC2)C(C)(C)c2ccccc21,CCO,716.9385195282244,5.121622252208532
C[N+]1=C(/C=C/C2=C3Oc4c(cc5c6c4CCCN6CCC5)C(c4ccccc4C(=O)O)=C3CCC2)C(C)(C)c2ccccc21,CO,718.9701810291406,5.117149448915574
C[N+]1=C(/C=C/C2=C3Oc4c(cc5c6c4CCCN6CCC5)C(c4ccccc4C(=O)O)=C3CCC2)C(C)(C)c2ccccc21,CC#N,721.9905319160024,5.102821530637864
C[N+]1=C(/C=C/C2=C3Oc4c(cc5c6c4CCCN6CCC5)C(c4ccccc4C(=O)O)=C3CCC2)C(C)(C)c2ccccc21,ClC(Cl)Cl,731.3781757035455,5.090762440021131
CCc1c(C)[nH]c(C2=[N+]3C(=Cc4c(C)c(CC)c(C)n4[B-]3(F)F)c3ccccc32)c1C,CCCCCC,623.7390458856884,4.913980337619747
CCc1c(C)[nH]c(C2=[N+]3C(=Cc4c(C)c(CC)c(C)n4[B-]3(F)F)c3ccccc32)c1C,Cc1ccccc1,630.6072098580252,4.806939763918448
CCc1c(C)[nH]c(C2=[N+]3C(=Cc4c(C)c(CC)c(C)n4[B-]3(F)F)c3ccccc32)c1C,ClCCl,626.6668069356573,4.851759524505551
CCc1c(C)[nH]c(C2=[N+]3C(=Cc4c(C)c(CC)c(C)n4[B-]3(F)F)c3ccccc32)c1C,C1CCOC1,623.8940195567066,4.800398705322442
CCc1c(C)[nH]c(C2=[N+]3C(=Cc4c(C)c(CC)c(C)n4[B-]3(F)F)c3ccccc32)c1C,CC#N,614.8414781485375,4.746842303620318
CCc1c(C)[nH]c(C2=[N+]3C(=Cc4c(C)c(CC)c(C)n4[B-]3(F)F)c3ccccc32)c1C,CO,618.8793495370672,4.780113822905131
CC1=C2c3ccccc3C(c3ccc[nH]3)=[N+]2[B-](F)(F)n2cccc21,CCCCCC,589.0427911472249,4.816899216404049
CC1=C2c3ccccc3C(c3ccc[nH]3)=[N+]2[B-](F)(F)n2cccc21,Cc1ccccc1,590.7044777192029,4.652953723777518
CC1=C2c3ccccc3C(c3ccc[nH]3)=[N+]2[B-](F)(F)n2cccc21,ClCCl,583.6061586686781,4.670481269632505
CC1=C2c3ccccc3C(c3ccc[nH]3)=[N+]2[B-](F)(F)n2cccc21,C1CCOC1,585.6715720296678,4.613601756763428
CC1=C2c3ccccc3C(c3ccc[nH]3)=[N+]2[B-](F)(F)n2cccc21,CC#N,576.6921168460622,4.5860480849301535
CC1=C2c3ccccc3C(c3ccc[nH]3)=[N+]2[B-](F)(F)n2cccc21,CO,578.3894613906564,4.534813987478872
Cc1ccc(C2=[N+]3C(=Cc4c(C)cc(C)n4[B-]3(F)F)c3ccccc32)[nH]1,CCCCCC,608.385223721912,4.92303439521474
Cc1ccc(C2=[N+]3C(=Cc4c(C)cc(C)n4[B-]3(F)F)c3ccccc32)[nH]1,Cc1ccccc1,613.72379496182,4.86020501882754
Cc1ccc(C2=[N+]3C(=Cc4c(C)cc(C)n4[B-]3(F)F)c3ccccc32)[nH]1,ClCCl,609.2534594251987,4.798905922237478
Cc1ccc(C2=[N+]3C(=Cc4c(C)cc(C)n4[B-]3(F)F)c3ccccc32)[nH]1,C1CCOC1,608.1365264594558,4.853489286693973
Cc1ccc(C2=[N+]3C(=Cc4c(C)cc(C)n4[B-]3(F)F)c3ccccc32)[nH]1,CC#N,599.9166730663436,4.809236120746876
Cc1ccc(C2=[N+]3C(=Cc4c(C)cc(C)n4[B-]3(F)F)c3ccccc32)[nH]1,CO,603.2301646138337,4.836419129961182
CCc1c(C)[nH]c(C2=[N+]3C(=Cc4c(C)cc(C)n4[B-]3(F)F)c3ccccc32)c1C,CCCCCC,613.4264259560674,5.010536190076239
CCc1c(C)[nH]c(C2=[N+]3C(=Cc4c(C)cc(C)n4[B-]3(F)F)c3ccccc32)c1C,Cc1ccccc1,619.3093424993824,4.940233996920723
CCc1c(C)[nH]c(C2=[N+]3C(=Cc4c(C)cc(C)n4[B-]3(F)F)c3ccccc32)c1C,ClCCl,613.7735589526335,4.9179686545580275
CCc1c(C)[nH]c(C2=[N+]3C(=Cc4c(C)cc(C)n4[B-]3(F)F)c3ccccc32)c1C,C1CCOC1,613.0810760453518,4.927895424281987
CCc1c(C)[nH]c(C2=[N+]3C(=Cc4c(C)cc(C)n4[B-]3(F)F)c3ccccc32)c1C,CC#N,604.7243448763662,4.879484192831536
CCc1c(C)[nH]c(C2=[N+]3C(=Cc4c(C)cc(C)n4[B-]3(F)F)c3ccccc32)c1C,CO,607.6935514092091,4.922097060761696
CCOC(=O)COc1ccc(/C=C/c2cc(C)c3n2[B-](F)(F)[N+]2=C(c4[nH]c(C)cc4C)c4ccccc4C2=C3)cc1,CCCCCC,655.8906990474543,5.065640724383689
CCOC(=O)COc1ccc(/C=C/c2cc(C)c3n2[B-](F)(F)[N+]2=C(c4[nH]c(C)cc4C)c4ccccc4C2=C3)cc1,Cc1ccccc1,662.7916399386947,5.043963200063565
CCOC(=O)COc1ccc(/C=C/c2cc(C)c3n2[B-](F)(F)[N+]2=C(c4[nH]c(C)cc4C)c4ccccc4C2=C3)cc1,ClCCl,657.6003292757111,5.0719878619455026
CCOC(=O)COc1ccc(/C=C/c2cc(C)c3n2[B-](F)(F)[N+]2=C(c4[nH]c(C)cc4C)c4ccccc4C2=C3)cc1,C1CCOC1,657.1580384848936,5.087816225044407
CCOC(=O)COc1ccc(/C=C/c2cc(C)c3n2[B-](F)(F)[N+]2=C(c4[nH]c(C)cc4C)c4ccccc4C2=C3)cc1,CC#N,647.7002050747498,5.016034803222032
CCOC(=O)COc1ccc(/C=C/c2cc(C)c3n2[B-](F)(F)[N+]2=C(c4[nH]c(C)cc4C)c4ccccc4C2=C3)cc1,CO,650.8375133223625,5.026892875012513
CCOC(=O)COc1ccc(/C=C/c2c(CC)c(C)c3n2[B-](F)(F)[N+]2=C(c4[nH]c(C)c(CC)c4C)c4ccccc4C2=C3C)cc1,CCCCCC,652.1387769570656,5.068355360674752
CCOC(=O)COc1ccc(/C=C/c2c(CC)c(C)c3n2[B-](F)(F)[N+]2=C(c4[nH]c(C)c(CC)c4C)c4ccccc4C2=C3C)cc1,Cc1ccccc1,660.2547656137031,5.030831846005283
CCOC(=O)COc1ccc(/C=C/c2c(CC)c(C)c3n2[B-](F)(F)[N+]2=C(c4[nH]c(C)c(CC)c4C)c4ccccc4C2=C3C)cc1,ClCCl,655.6339879708015,5.054643327679967
CCOC(=O)COc1ccc(/C=C/c2c(CC)c(C)c3n2[B-](F)(F)[N+]2=C(c4[nH]c(C)c(CC)c4C)c4ccccc4C2=C3C)cc1,C1CCOC1,653.7209250244473,5.074159239696286
CCOC(=O)COc1ccc(/C=C/c2c(CC)c(C)c3n2[B-](F)(F)[N+]2=C(c4[nH]c(C)c(CC)c4C)c4ccccc4C2=C3C)cc1,CC#N,645.9032103827134,5.0014675671413835
CCOC(=O)COc1ccc(/C=C/c2c(CC)c(C)c3n2[B-](F)(F)[N+]2=C(c4[nH]c(C)c(CC)c4C)c4ccccc4C2=C3C)cc1,CO,648.6468515296185,5.020721813290385
CCOC(=O)COc1ccc(/C=C/C2=C3c4ccccc4C(c4ccc[nH]4)=[N+]3[B-](F)(F)n3ccc(C)c32)cc1,CCCCCC,618.7055161645337,4.745256778480551
CCOC(=O)COc1ccc(/C=C/C2=C3c4ccccc4C(c4ccc[nH]4)=[N+]3[B-](F)(F)n3ccc(C)c32)cc1,Cc1ccccc1,624.1724220788694,4.784955218388725
CCOC(=O)COc1ccc(/C=C/C2=C3c4ccccc4C(c4ccc[nH]4)=[N+]3[B-](F)(F)n3ccc(C)c32)cc1,ClCCl,616.7359194479566,4.359391215121594
CCOC(=O)COc1ccc(/C=C/C2=C3c4ccccc4C(c4ccc[nH]4)=[N+]3[B-](F)(F)n3ccc(C)c32)cc1,C1CCOC1,618.0069235696654,4.720632760602364
CCOC(=O)COc1ccc(/C=C/C2=C3c4ccccc4C(c4ccc[nH]4)=[N+]3[B-](F)(F)n3ccc(C)c32)cc1,CC#N,608.8605646435424,4.691265588205832
CCOC(=O)COc1ccc(/C=C/C2=C3c4ccccc4C(c4ccc[nH]4)=[N+]3[B-](F)(F)n3ccc(C)c32)cc1,CO,610.7005426969984,4.731966745108583
CCc1c(C)[nH]c(C2=[N+]3C(=Cc4c(C)c(CC)c(/C=C/c5ccc(N(C)C)cc5)n4[B-]3(F)F)c3ccccc32)c1C,CCCCCC,670.9658348587178,5.004997715592838
CCc1c(C)[nH]c(C2=[N+]3C(=Cc4c(C)c(CC)c(/C=C/c5ccc(N(C)C)cc5)n4[B-]3(F)F)c3ccccc32)c1C,Cc1ccccc1,680.2581481049386,4.980701970961524
CCc1c(C)[nH]c(C2=[N+]3C(=Cc4c(C)c(CC)c(/C=C/c5ccc(N(C)C)cc5)n4[B-]3(F)F)c3ccccc32)c1C,ClCCl,674.9608430073142,4.985644312128099
CCc1c(C)[nH]c(C2=[N+]3C(=Cc4c(C)c(CC)c(/C=C/c5ccc(N(C)C)cc5)n4[B-]3(F)F)c3ccccc32)c1C,C1CCOC1,672.5926062535561,4.980245488872284
CCc1c(C)[nH]c(C2=[N+]3C(=Cc4c(C)c(CC)c(/C=C/c5ccc(N(C)C)cc5)n4[B-]3(F)F)c3ccccc32)c1C,CC#N,662.7445650516719,4.927426637683739
CCc1c(C)[nH]c(C2=[N+]3C(=Cc4c(C)c(CC)c(/C=C/c5ccc(N(C)C)cc5)n4[B-]3(F)F)c3ccccc32)c1C,CO,666.4192905536677,4.948226363181237
CCN(CC)c1ccc(OC)c(C=O)c1,CCCCCC,384.4717108526555,3.651609196191641
CCN(CC)c1ccc(OC)c(C=O)c1,Cc1ccccc1,398.56736230236044,3.7437341071240127
CCN(CC)c1ccc(OC)c(C=O)c1,CCOC(C)=O,393.2839353589983,3.659925844055535
CCN(CC)c1ccc(OC)c(C=O)c1,ClCCl,402.84765237919214,3.8225245966649775
CCN(CC)c1ccc(OC)c(C=O)c1,CS(C)=O,405.1769939246174,3.7109058084621425
CCN(CC)c1ccc(OC)c(C=O)c1,CC#N,387.7393191020425,3.701698866844219
CCN(CC)c1ccc(OC)c(C=O)c1,CC(C)O,397.55104108006446,3.686437062232821
CCN(CC)c1ccc(OC)c(C=O)c1,CO,398.65011914483546,3.721176455119103
COc1ccc(-c2cc3c(o2)=CC2=Cc4cc5oc(-c6ccc(OC)cc6)cc5n4[B-](F)(F)[N+]=32)cc1,ClC(Cl)Cl,682.4554151463789,5.394017576483821
CCCCN1C(=O)C2=C(c3ccc(Br)cc3)[N-]C(=O)C2=C1c1ccc(Br)cc1,ClCCl,525.2309876706151,4.353855291404738
CCCCN1C(=O)C2=C(c3ccc(-c4ccccc4)cc3)[N-]C(=O)C2=C1c1ccc(-c2ccccc2)cc1,ClCCl,552.8005759385934,4.3996089953045825
CC1(C)C(/C=C/C=C/c2cc3ccc(O)cc3oc2=O)=[N+](CCCS(=O)(=O)[O-])c2ccccc21,O,624.3639060634957,4.581066970108418
CC1(C)C(/C=C/C=C/c2cc3ccc(O)cc3oc2=O)=[N+](CCCS(=O)(=O)[O-])c2ccccc21,CS(C)=O,653.932348162353,4.573817928464601
CC1(C)C(/C=C/c2cc3ccc(O)cc3oc2=O)=[N+](CCCS(=O)(=O)[O-])c2ccc(S(=O)(=O)O)cc21,O,608.4188313941455,4.4428542274167695
CC1(C)C(/C=C/c2cc3ccc(O)cc3oc2=O)=[N+](CCCS(=O)(=O)[O-])c2ccc(S(=O)(=O)O)cc21,CS(C)=O,644.3156957162955,4.392517592634344
CC1(C)C(/C=C/c2cc3ccc(O)cc3oc2=O)=[N+](CCCS(=O)(=O)[O-])c2ccc(S(=O)(=O)O)cc21,CCO,643.1623234807141,4.430206984231568
CC1(C)C(/C=C/C=C/c2cc3ccc(O)cc3oc2=O)=[N+](CCCS(=O)(=O)[O-])c2ccc(S(=O)(=O)O)cc21,O,650.6968403013182,4.647580833434144
CC1(C)C(/C=C/C=C/c2cc3ccc(O)cc3oc2=O)=[N+](CCCS(=O)(=O)[O-])c2ccc(S(=O)(=O)O)cc21,CS(C)=O,673.6709985223804,4.61874318475846
CC1(C)C(/C=C/C=C/c2cc3ccc(O)cc3oc2=O)=[N+](CCCS(=O)(=O)[O-])c2ccc(S(=O)(=O)O)cc21,CCO,671.6283550282682,4.699993398622942
CC1(C)C(/C=C/c2cc3ccc(O)cc3oc2=O)=[N+](CCCS(=O)(=O)[O-])c2ccc3c(S(=O)(=O)O)cc(S(=O)(=O)O)cc3c21,O,617.0821510661375,4.42521280401324
CC1(C)C(/C=C/c2cc3ccc(O)cc3oc2=O)=[N+](CCCS(=O)(=O)[O-])c2ccc3c(S(=O)(=O)O)cc(S(=O)(=O)O)cc3c21,CS(C)=O,651.041883355069,4.365307434471456
CC1(C)C(/C=C/c2cc3ccc(O)cc3oc2=O)=[N+](CCCS(=O)(=O)[O-])c2ccc3c(S(=O)(=O)O)cc(S(=O)(=O)O)cc3c21,CCO,649.1035681822814,4.408646241786827
COc1cccc(-c2c3ccccc3c3n2[B-](F)(F)[N+]2=Cc4c5ccccc5c(-c5cccc(OC)c5)n4[B-](F)(F)[N+]2=C3)c1,CC#N,558.4277200764866,4.740889006308068
COc1cccc(-c2c3ccccc3c3n2[B-](F)(F)[N+]2=Cc4c5ccccc5c(-c5cccc(OC)c5)n4[B-](F)(F)[N+]2=C3)c1,CN(C)C=O,563.5294730514664,4.732077936728657
COc1cccc(-c2c3ccccc3c3n2[B-](F)(F)[N+]2=Cc4c5ccccc5c(-c5cccc(OC)c5)n4[B-](F)(F)[N+]2=C3)c1,ClCCl,564.2935296341606,4.720476047699032
COc1cccc(-c2c3ccccc3c3n2[B-](F)(F)[N+]2=Cc4c5ccccc5c(-c5cccc(OC)c5)n4[B-](F)(F)[N+]2=C3)c1,CCCCCC,567.3150985270319,4.7567261663533715
COc1cccc(-c2c3ccccc3c3n2[B-](F)(F)[N+]2=Cc4c5ccccc5c(-c5cccc(OC)c5)n4[B-](F)(F)[N+]2=C3)c1,Cc1ccccc1,570.6944008421184,4.740275007163909
CC(C)(C)c1ccc(-c2sc3c(-c4ccc(C(C)(C)C)cc4)c4n(c3c2-c2ccc(C(C)(C)C)cc2)[B-](F)(F)[N+]2=Cc3c(-c5ccc(C(C)(C)C)cc5)c5sc(-c6ccc(C(C)(C)C)cc6)c(-c6ccc(C(C)(C)C)cc6)c5n3[B-](F)(F)[N+]2=C4)cc1,CC#N,575.3176654223555,4.905976698075619
CC(C)(C)c1ccc(-c2sc3c(-c4ccc(C(C)(C)C)cc4)c4n(c3c2-c2ccc(C(C)(C)C)cc2)[B-](F)(F)[N+]2=Cc3c(-c5ccc(C(C)(C)C)cc5)c5sc(-c6ccc(C(C)(C)C)cc6)c(-c6ccc(C(C)(C)C)cc6)c5n3[B-](F)(F)[N+]2=C4)cc1,CN(C)C=O,588.9384602467187,4.939736997651108
CC(C)(C)c1ccc(-c2sc3c(-c4ccc(C(C)(C)C)cc4)c4n(c3c2-c2ccc(C(C)(C)C)cc2)[B-](F)(F)[N+]2=Cc3c(-c5ccc(C(C)(C)C)cc5)c5sc(-c6ccc(C(C)(C)C)cc6)c(-c6ccc(C(C)(C)C)cc6)c5n3[B-](F)(F)[N+]2=C4)cc1,ClCCl,589.9116551412537,4.942461286159093
CC(C)(C)c1ccc(-c2sc3c(-c4ccc(C(C)(C)C)cc4)c4n(c3c2-c2ccc(C(C)(C)C)cc2)[B-](F)(F)[N+]2=Cc3c(-c5ccc(C(C)(C)C)cc5)c5sc(-c6ccc(C(C)(C)C)cc6)c(-c6ccc(C(C)(C)C)cc6)c5n3[B-](F)(F)[N+]2=C4)cc1,CCCCCC,589.7461369387573,4.960585925206403
CC(C)(C)c1ccc(-c2sc3c(-c4ccc(C(C)(C)C)cc4)c4n(c3c2-c2ccc(C(C)(C)C)cc2)[B-](F)(F)[N+]2=Cc3c(-c5ccc(C(C)(C)C)cc5)c5sc(-c6ccc(C(C)(C)C)cc6)c(-c6ccc(C(C)(C)C)cc6)c5n3[B-](F)(F)[N+]2=C4)cc1,Cc1ccccc1,597.5809818768975,4.961077755143865
CCN(CC)c1ccc2c(c1)oc(=O)c1cnc3c(cnn3-c3ccccc3)c12,ClCCl,406.01365557046074,4.670683451739761
CCN(CC)c1ccc2c(c1)oc(=O)c1cnc3c(c(C)nn3-c3ccccc3)c12,ClCCl,405.86078243960685,4.614776445411488
CCN(CC)c1ccc2c(c1)oc(=O)c1c(C)nc3c(c(C)nn3-c3ccccc3)c12,ClCCl,409.7698518590496,4.618216731139171
CCN(CC)c1ccc2c(c1)oc(=O)c1c(C)nc3c(c(-c4ccccc4)nn3C)c12,ClCCl,392.11847737532213,4.662390123191654
O=C1c2ccccc2-c2cc3ccccc3c(=O)n21,ClC(Cl)Cl,362.451859766003,3.964953603640717
O=C1c2ccccc2C2=Cc3ccccc3B(O)N12,ClC(Cl)Cl,373.8877240431095,3.8083282796424767
CCC1=C(C)C2=Cc3cscc3B(O)N2C1=O,ClC(Cl)Cl,374.2914234660158,4.24899856340287
O=C1c2ccccc2-c2cc3ccccc3c(=O)n21,CO,364.41574373826404,4.0377647290102985
O=C1c2ccccc2C2=Cc3ccccc3B(O)N12,CO,374.3115930951411,3.862296434865398
CCC1=C(C)C2=Cc3cscc3B(O)N2C1=O,CO,368.5161307683055,4.233987160666718
O=C1c2ccccc2-c2cc3ccccc3c(=O)n21,CS(C)=O,368.34008670408485,4.026807952447804
O=C1c2ccccc2C2=Cc3ccccc3B(O)N12,CS(C)=O,379.59326914572085,3.799265545361684
CCC1=C(C)C2=Cc3cscc3B(O)N2C1=O,CS(C)=O,371.28554573217235,4.147374071814693
O=C1c2ccccc2-c2cc3ccccc3c(=O)n21,CC#N,365.55886538982327,3.9428387011733554
O=C1c2ccccc2C2=Cc3ccccc3B(O)N12,CC#N,378.974949676057,3.7132850977038743
CCC1=C(C)C2=Cc3cscc3B(O)N2C1=O,CC#N,369.32375280516464,4.224476755382986
CCC1=C(C)C2=Cc3cscc3B(O)N2C1=O,CCCCCC,378.9620881140665,4.285029400226737
CCC1(CC)c2ccccc2-c2c1c1c(c3c2C(CC)(CC)c2cc(N(c4ccccc4)c4ccccc4)ccc2-3)C(CC)(CC)c2ccccc2-1,C1CCOC1,367.1133874441583,4.482812481855576
CCC1(CC)c2ccccc2-c2c1c1c(c3c2C(CC)(CC)c2cc(B(c4c(C)cc(C)cc4C)c4c(C)cc(C)cc4C)ccc2-3)C(CC)(CC)c2ccccc2-1,C1CCOC1,362.85963064362255,4.514304154423089
c1ccc(N(c2ccccc2)c2ccc(-c3cnc(-c4ccncc4)s3)cc2)cc1,CO,387.85728533535644,4.529730216772494
c1ccc(Nc2ncnc3ccc(-c4ccccc4)cc23)cc1,ClC(Cl)Cl,334.1014464892095,4.17472495534866
N#Cc1ccc(-c2ccc3ncnc(Nc4ccccc4)c3c2)cc1,ClC(Cl)Cl,336.75397607137074,4.230768848695964
CN(C)c1ccc(/C=C/c2ccc3ncnc(Nc4ccccc4)c3c2)cc1,ClC(Cl)Cl,372.76989876287564,4.445452124685458
O=[N+]([O-])c1ccc(/C=C/c2ccc3ncnc(Nc4ccccc4)c3c2)cc1,ClC(Cl)Cl,355.3576583278834,4.436553476657505
CN(C)c1ccc(/C=C/C=C/c2ccc3ncnc(Nc4ccccc4)c3c2)cc1,ClC(Cl)Cl,407.737736248111,4.587287835961657
C(/C=C/c1ccc2ncnc(Nc3ccccc3)c2c1)=C\c1ccccc1,ClC(Cl)Cl,362.999088514437,4.671660301628952
O=[N+]([O-])c1ccc(/C=C/C=C/c2ccc3ncnc(Nc4ccccc4)c3c2)cc1,ClC(Cl)Cl,377.89872417075776,4.611864528384142
CCOC(=O)c1cc(C(=O)OCC)c2ccccc2n1,CCO,336.5967937968384,3.5097278056522314
CCOC(=O)c1cc(C(=O)OCC)c2cc(N)ccc2n1,CCO,376.1909178806733,3.67184553482542
CCOC(=O)c1cc(C(=O)OCC)c2cc(N(C)C)ccc2n1,CCO,422.73329599669216,3.9495295782935904
CCOC(=O)c1cc(C(=O)OCC)c2cc([N+](=O)[O-])ccc2n1,CCO,356.72132321227156,3.755109656041833
CCOC(=O)c1cc(C(=O)NCc2ccccc2)c2ccc(N(C)C)cc2n1,CCO,414.91300965089323,3.442073358059738
CCOC(=O)c1cc(C(=O)O)nc2cc(OC)ccc12,CCO,362.18972448941486,3.362245024994496
CCC1=C(C)C(=O)n2c1cc1c(C)c(CC(=O)O)c(C)n1c2=O,c1ccccc1,418.3342223573371,4.224679707156751
CCC1=C(C)C(=O)n2c1cc1c(C)c(CC(=O)O)c(C)n1c2=O,ClC(Cl)Cl,421.1646894668253,4.225126771594741
CCC1=C(C)C(=O)n2c1cc1c(C)c(CC(=O)O)c(C)n1c2=O,CC(C)=O,411.9394648952248,4.202104078087177
CCC1=C(C)C(=O)n2c1cc1c(C)c(CC(=O)O)c(C)n1c2=O,CO,418.931180124349,4.227423733534302
CCC1=C(C)C(=O)n2c1cc1c(C)c(CC(=O)O)c(C)n1c2=O,CC#N,410.38877386296207,4.169457502476757
CCC1=C(C)C(=O)n2c1cc1c(C)c(CC(=O)O)c(C)n1c2=O,CS(C)=O,419.6956396583928,4.236441113519449
CC[n+]1nc2ccc(N(C)C)cc2c2cc(C)ccc21,O,472.20637714997446,4.2710690053604825
CC[n+]1nc2cc3c4c(c2c2ccccc21)CCCN4CCC3,O,499.0996679119524,4.6200655838765154
CC[n+]1nc2cc3c4c(c2c2cc(F)ccc21)CCCN4CCC3,O,507.32599043299643,4.664206215714939
Cc1ccc(C2=Nc3cccc4[n+]3[B-](F)(O2)OC(c2ccc(C)cc2)=N4)cc1,ClCCl,396.4028159153327,4.769640708930412
c1ccc(C2=Nc3cccc4[n+]3[B-](c3ccccc3)(N2)NC(c2ccccc2)=N4)cc1,ClCCl,423.09870621201827,4.2565964275442765
c1ccc([B-]23NC(C4CCCCC4)=Nc4cccc([n+]42)N=C(C2CCCCC2)N3)cc1,ClCCl,411.2211145626137,4.081501835030439
Nc1cc2nc3cc(F)c(F)cc3nc2cc1N,CCO,429.6588689690078,4.2358124599391545
CC1(C)Nc2cc3nc4cc(Cl)c(Cl)cc4nc3cc2N1,CCO,454.52588899567866,4.4027252684500615
CC1(C)Nc2cc3nc4cc(Br)c(Br)cc4nc3cc2N1,CCO,453.10412208920314,4.441420920688804
CNc1cc2nc3cc(Cl)c(Cl)cc3nc2cc1NC,CCO,449.4655619037345,4.1736350688874095
CN1CCc2cc(C3=Cc4cccc[n+]4[B-](F)(F)O3)ccc21,ClC(Cl)Cl,425.4673122504234,4.502155110866129
F[B-]1(F)OC(c2ccc(N3CCCC3)cc2)=Cc2cccc[n+]21,ClC(Cl)Cl,419.75385148436624,4.441068396959091
F[B-]1(F)OC(c2cc3c4c(c2)CCCN4CCC3)=Cc2cccc[n+]21,ClC(Cl)Cl,446.49986572164215,4.458426332298413
O=C1/C(=C2\Nc3cc4ccc5cccc6ccc(c3C2=O)c4c56)Nc2cc3ccc4cccc5ccc(c21)c3c45,C1CCOC1,471.9732302346127,4.355639343838305
COc1ccc2c3ccc(OC)cc3c3cc4c(C)cc(=O)oc4cc3c2c1,ClC(Cl)Cl,376.0640634877688,4.181448596700011
COc1cc2c3cc(OC)c(OC)cc3c3cc4c(C)cc(=O)oc4cc3c2cc1OC,ClC(Cl)Cl,396.5034640461311,4.3119692014345405
COc1cc(OC)c2c(c1)c1cc3oc(=O)cc(C)c3cc1c1cc(OC)cc(OC)c12,ClC(Cl)Cl,405.5453251737573,4.2109745898416495
CCCCCCn1c2ccccc2c2cc3c4cc5c6ccccc6n(CCCCCC)c5cc4c4cc5c(C)cc(=O)oc5cc4c3cc21,ClC(Cl)Cl,455.03527428304153,4.929722530312751
Cc1cc(=O)oc2cc3c(cc12)c1c2ccccc2c2ccccc2c1c1c2ccccc2c2ccccc2c31,ClC(Cl)Cl,434.9945219451023,4.3058046428442065
c1ccc(-c2cnc3nn4ccccc4c3c2)cc1,C1CCOC1,382.95265225091464,3.910971381867828
CC(=O)c1ccc(-c2cnc3nn4ccccc4c3c2)cc1,C1CCOC1,386.7267239942356,3.9884553289003435
C1=[N+](c2ccccc2)[B-]2(Oc3c1ccc1c4c(ccc31)C=[N+](c1ccccc1)[B-]1(O4)c3ccccc3Oc3ccccc31)c1ccccc1Oc1ccccc12,ClCCl,516.0072925674792,4.174210051010727
C1=[N+](c2ccccc2)[B-]2(Oc3c1ccc1c4c(ccc31)C=[N+](c1ccccc1)[B-]1(O4)c3ccccc3Oc3ccccc31)c1ccccc1Oc1ccccc12,Cc1ccccc1,518.3387300871505,4.1649922936540635
O=[N+]([O-])c1ccc([N+]2=Cc3ccc4c5c(ccc4c3O[B-]2(c2ccccc2)c2ccccc2)C=[N+](c2ccc([N+](=O)[O-])cc2)[B-](c2ccccc2)(c2ccccc2)O5)cc1,ClCCl,536.5752485025024,4.1749772610614375
CCCCCCOc1ccc(N(c2ccc(OCCCCCC)cc2)c2ccc(-c3sc(-c4ccc(N(c5ccc(OCCCCCC)cc5)c5ccc(OCCCCCC)cc5)cc4)c4nc(CC)c(CC)nc34)cc2)cc1,ClCCl,600.3437402629834,4.125409073985122
CCCCCCOc1ccc(N(c2ccc(OCCCCCC)cc2)c2ccc(-c3sc(-c4ccc(N(c5ccc(OCCCCCC)cc5)c5ccc(OCCCCCC)cc5)cc4)c4nc(-c5ccc(C(=O)OC)cc5)c(-c5ccc(C(=O)OC)cc5)nc34)cc2)cc1,ClCCl,584.1058345266447,4.127276581508905
COc1ccc(-c2nc(-c3ccc(C)cc3)c3ccccn23)cc1,ClC(Cl)Cl,322.08563639846903,4.371077636833341
CN(C)c1ccc(-c2nc(-c3ccccc3)n3ccccc23)cc1,ClC(Cl)Cl,349.0898426008249,4.216991797311964
COc1ccc(-c2cc(-c3ccc(C(F)(F)F)cc3)nn2C)cc1,ClCCl,267.3992095416446,4.439615477929514
COc1ccc(-c2cc(-c3ccc(C#N)cc3)nn2C)cc1,ClCCl,277.43912525887174,4.567629487376704
CN(C)c1ccc(-c2cc(-c3ccccc3)nn2C)cc1,ClCCl,276.24747413885257,4.572954271243284
c1ccc2cc3c(cc2c1)-c1cccc2cc4ccccc4c-3c12,CCCCCCC,426.85104880174913,4.0991118987990625
c1ccc2cc3c(cc2c1)-c1cccc2c1c-3cc1ccccc12,CCCCCCC,405.28703879367407,4.175468647281109
c1cc2c3c(cccc3c1)-c1c-2ccc2ccc3ccccc3c12,CCCCCCC,406.5811328298094,3.934779884766325
CC1(C)CC(/C=C/c2ccc(-n3cccn3)cc2)=CC(=C(C#N)C#N)C1,c1ccccc1,411.248086794556,5.311303814677628
CC1(C)CC(/C=C/c2ccc(-n3cccn3)cc2)=CC(=C(C#N)C#N)C1,ClCCl,402.85308903198097,5.291345786680859
CC1(C)CC(/C=C/c2ccc(-n3cccn3)cc2)=CC(=C(C#N)C#N)C1,C1CCOC1,404.69835532802864,5.290204582731012
CC1(C)CC(/C=C/c2ccc(-n3cccn3)cc2)=CC(=C(C#N)C#N)C1,CCOC(C)=O,399.6874716122758,5.3060397673434325
CC1(C)CC(/C=C/c2ccc(-n3cccn3)cc2)=CC(=C(C#N)C#N)C1,CCO,402.4625945235844,5.32542688910245
CC1(C)CC(/C=C/c2ccc(-n3cccn3)cc2)=CC(=C(C#N)C#N)C1,CC#N,397.8412789150895,5.303980641985693
CC1(C)CC(/C=C/c2ccc(-n3cncn3)cc2)=CC(=C(C#N)C#N)C1,c1ccccc1,403.74045628445396,5.231715222448924
CC1(C)CC(/C=C/c2ccc(-n3cncn3)cc2)=CC(=C(C#N)C#N)C1,ClCCl,396.78679418299515,5.230636520851653
CC1(C)CC(/C=C/c2ccc(-n3cncn3)cc2)=CC(=C(C#N)C#N)C1,C1CCOC1,398.82633536995104,5.226204840123787
CC1(C)CC(/C=C/c2ccc(-n3cncn3)cc2)=CC(=C(C#N)C#N)C1,CCOC(C)=O,394.74872986639247,5.24411023156422
CC1(C)CC(/C=C/c2ccc(-n3cncn3)cc2)=CC(=C(C#N)C#N)C1,CCO,396.47451008346457,5.249767583239363
CC1(C)CC(/C=C/c2ccc(-n3cncn3)cc2)=CC(=C(C#N)C#N)C1,CC#N,393.8078108806374,5.220828438540133
Nc1nc2ccc(F)cc2[n+]([O-])n1,CC#N,415.9265308533927,3.781333952485023
Nc1nc2ccc(F)cc2[n+]([O-])n1,O,417.41293701174055,3.7499467641500837
COc1ccc(-c2c3ccc(=[N+]4CCCCC4)cc-3oc3cc(N4CCCCC4)ccc23)cc1,ClCCl,569.4264303941461,5.049200213268593
COc1cccc(OC)c1-c1c2ccc(=[N+]3CCCCC3)cc-2oc2cc(N3CCCCC3)ccc12,ClCCl,567.0615588319547,5.037821318941646
Cc1ccccc1-c1c2ccc(=[N+]3CCCCC3)cc-2oc2cc(N3CCCCC3)ccc12,ClCCl,564.3157943046672,5.068081545678932
CC(C)(C)OC(=O)N1CCN(c2ccc3c(-c4ccc(I)cc4)c4ccc(=[N+]5CCN(C(=O)OC(C)(C)C)CC5)cc-4oc3c2)CC1,ClCCl,560.6554003042282,5.0546422626844425
COc1ccc(-c2c3ccc(=[N+]4CCCCC4)cc-3oc3cc(N4CCCCC4)ccc23)cc1,CCO,569.8948637484832,4.963000275832017
Cc1ccccc1-c1c2ccc(=[N+]3CCCCC3)cc-2oc2cc(N3CCCCC3)ccc12,CCO,564.0153595534713,4.999297707711585
Oc1cccc(O)c1-c1c2ccc(=[N+]3CCCCC3)cc-2oc2cc(N3CCCCC3)ccc12,CCO,557.4436160684338,4.914903360668943
O=C(O)COc1cccc(OCC(=O)O)c1-c1c2ccc(=[N+]3CCCCC3)cc-2oc2cc(N3CCCCC3)ccc12,CCO,580.6229936692955,4.875480695919805
COc1cccc(OC)c1-c1c2ccc(=[N+]3CCNCC3)cc-2oc2cc(N3CCNCC3)ccc12,CCO,558.9790940925336,4.942182564781758
O=C(O)COc1cccc(OCC(=O)O)c1-c1c2ccc(=[N+]3CCCCC3)cc-2oc2cc(N3CCCCC3)ccc12,O,585.7818492806427,4.7306764509792485
COc1cccc(OC)c1-c1c2ccc(=[N+]3CCNCC3)cc-2oc2cc(N3CCNCC3)ccc12,O,557.8400454322331,4.798262605619793
CCCCCCCCn1c(=O)c2cc3c(-c4ccc(N(c5ccccc5)c5ccccc5)cc4)c4cc5c(=O)n(CCCCCCCC)c(=O)c5cc4c(-c4ccc(N(c5ccccc5)c5ccccc5)cc4)c3cc2c1=O,ClC(Cl)Cl,541.2619190612652,4.167571244029558
CCCCCCCCn1c(=O)c2cc3cc4cc5c(=O)n(CCCCCCCC)c(=O)c5cc4c(-c4ccc(N(c5ccccc5)c5ccccc5)cc4)c3cc2c1=O,ClC(Cl)Cl,485.3575404348727,4.1210130609424525
CCCCCCCCn1c(=O)c2cc3c(C#Cc4ccc(N(c5ccccc5)c5ccccc5)cc4)c4cc5c(=O)n(CCCCCCCC)c(=O)c5cc4c(C#Cc4ccc(N(c5ccccc5)c5ccccc5)cc4)c3cc2c1=O,ClC(Cl)Cl,586.3205061970981,4.359569585276288
F[B-]1(F)n2c(cc(Cl)c2-c2ccccc2)C(c2ccccc2)=C2C=C(Cl)C(c3ccccc3)=[N+]21,Cc1ccccc1,584.6556228589499,4.713764407213196
F[B-]1(F)n2c(cc(Cl)c2-c2ccccc2)C(c2ccccc2)=C2C=C(Cl)C(c3ccccc3)=[N+]21,C1CCOC1,580.9630517462751,4.6716180638140266
F[B-]1(F)n2c(cc(Cl)c2-c2ccccc2)C(c2ccccc2)=C2C=C(Cl)C(c3ccccc3)=[N+]21,CC#N,571.8270227351233,4.6495018997563
F[B-]1(F)n2c(cc(-c3ccccc3)c2-c2ccccc2)C(c2ccccc2)=C2C=C(c3ccccc3)C(c3ccccc3)=[N+]21,Cc1ccccc1,601.3072149990714,4.572800240377048
F[B-]1(F)n2c(cc(-c3ccccc3)c2-c2ccccc2)C(c2ccccc2)=C2C=C(c3ccccc3)C(c3ccccc3)=[N+]21,C1CCOC1,597.7561166899305,4.524407839916676
F[B-]1(F)n2c(cc(-c3ccccc3)c2-c2ccccc2)C(c2ccccc2)=C2C=C(c3ccccc3)C(c3ccccc3)=[N+]21,CC#N,588.233550414764,4.505096184975773
O=C1c2ccc3c4c(-c5ccccc5)cc5c6c(ccc(c7c(-c8ccccc8)cc(c2c37)C(=O)N1C1CCCCC1)c64)C(=O)N(C1CCCCC1)C5=O,ClC(Cl)Cl,615.3933542291136,4.4641589730518465
O=C1c2ccc3c4c(NC5CCCCC5)cc5c6c(ccc(c7c(NC8CCCCC8)cc(c2c37)C(=O)N1C1CCCCC1)c64)C(=O)N(C1CCCCC1)C5=O,ClC(Cl)Cl,595.372463534263,4.454889524192947
CCCCCCCCCCCCOc1cc2c3c(ccc4c5c(OC6CCC(C(C)(C)C)CC6)cc6c7c(ccc(c1c34)c75)C(=O)N(C1CCCCC1)C6=O)C(=O)N(C1CCCCC1)C2=O,ClC(Cl)Cl,587.050969062924,4.61043262349518
CCCCCCCCCCCCOc1cc2c3c(ccc4c5c(NC6CCCCC6)cc6c7c(ccc(c1c34)c75)C(=O)N(C1CCCCC1)C6=O)C(=O)N(C1CCCCC1)C2=O,ClC(Cl)Cl,592.0978576466639,4.556234507091302
CCCCCCOc1cc2cc(=O)oc3ccc4cccc1c4c23,CC1CCCO1,474.94651701160194,4.428422835137562
COc1cc2oc(=O)c3c4ccc(N(C)C)cc4c4ccc5cccc6c(c1)c2c3c4c56,C1CCOC1,455.7894507345326,4.259660714864459
CCCCCOc1cc2oc(=O)c3c4ccc(N(c5ccc(C)cc5)c5ccc(C)cc5)cc4c4ccc5cccc6c(c1)c2c3c4c56,C1CCOC1,492.3634092735962,4.155383822859806
CCCCCCc1ccc(-n2c3c(c4c2c2c(n4-c4ccc(CCCCCC)cc4)-c4cccc(OC)c4NB2c2ccccc2)B(c2ccccc2)Nc2c(OC)cccc2-3)cc1,Cc1ccccc1,392.9210881721832,4.71022546860917
F[B-]1(F)n2c(-c3ccccc3)cc(-c3ccccc3)c2N=C2C(c3ccccc3)=CC(c3ccccc3)=[N+]21,CC#N,647.0192923177744,4.852153224700772
F[B-]1(F)n2c(-c3cccs3)cc(-c3ccccc3)c2N=C2C(c3ccccc3)=CC(c3cccs3)=[N+]21,CC#N,708.397616929759,4.979802919639309
C(#Cc1nc2ccccc2s1)c1ccc(N(c2ccccc2)c2ccccc2)cc1,Cc1ccccc1,399.3110862938066,4.625470443303458
C(#Cc1ccc2ncsc2c1)c1ccc(N(c2ccc(C#Cc3ccc4ncsc4c3)cc2)c2ccc(C#Cc3ccc4ncsc4c3)cc2)cc1,Cc1ccccc1,384.5815584234918,4.751996596192624
O=Cc1ccc(C2=C3C=c4c(oc5ccccc45)=[N+]3[B-](F)(F)n3c2cc2c4ccccc4oc23)cc1,C1CCCCC1,580.6381128194315,5.251644829677466
O=Cc1ccc(C2=C3C=c4c(oc5ccccc45)=[N+]3[B-](F)(F)n3c2cc2c4ccccc4oc23)cc1,Cc1ccccc1,581.6829530243758,5.247046052971684
O=Cc1ccc(C2=C3C=c4c(oc5ccccc45)=[N+]3[B-](F)(F)n3c2cc2c4ccccc4oc23)cc1,C1CCOC1,577.93183992016,5.229115304598975
O=Cc1ccc(C2=C3C=c4c(oc5ccccc45)=[N+]3[B-](F)(F)n3c2cc2c4ccccc4oc23)cc1,CCOC(C)=O,576.0948814503594,5.148119066657961
O=Cc1ccc(C2=C3C=c4c(oc5ccccc45)=[N+]3[B-](F)(F)n3c2cc2c4ccccc4oc23)cc1,ClCCl,576.7779213417085,5.212309470204088
O=Cc1ccc(C2=C3C=c4c(oc5ccccc45)=[N+]3[B-](F)(F)n3c2cc2c4ccccc4oc23)cc1,CN(C)C=O,576.8426117217189,5.184428255079887
O=Cc1ccc(C2=C3C=c4c(oc5ccccc45)=[N+]3[B-](F)(F)n3c2cc2c4ccccc4oc23)cc1,CC#N,573.3647740925494,5.178023196699676
O=Cc1ccc(C2=C3C=c4c(oc5ccccc45)=[N+]3[B-](F)(F)n3c2cc2c4ccccc4oc23)cc1,CO,573.9706216914824,5.16058863091544
CCCCCCOc1ccc2oc3c(c2c1)=CC1=C(c2ccccc2C)c2cc4c5cc(OCCCCCC)ccc5oc4n2[B-](F)(F)[N+]=31,CO,597.8485056218108,5.207393023844411
CCCCCCOc1ccc2oc3c(c2c1)=CC1=C(c2ccccc2C)c2cc4c5cc(OCCCCCC)ccc5oc4n2[B-](F)(F)[N+]=31,CCOC(C)=O,599.1781084772854,5.2048169689121675
CCCCCCOc1ccc2oc3c(c2c1)=CC1=C(c2ccccc2C)c2cc4c5cc(OCCCCCC)ccc5oc4n2[B-](F)(F)[N+]=31,C1CCCCC1,604.224226614797,5.273087520660864
Nc1ccc2c(c1)oc(=O)c1c(=O)oc3ccccc3c12,ClCCl,395.65388149703915,4.0473670885299216
Nc1ccc2c(c1)oc(=O)c1c(=O)oc3ccccc3c12,CS(C)=O,396.524493917085,3.879932872459559
CCNc1cc2oc(=O)c3c(=O)oc4ccccc4c3c2cc1C,ClCCl,406.2425107513153,4.246491791136693
CCNc1cc2oc(=O)c3c(=O)oc4ccccc4c3c2cc1C,CS(C)=O,408.4961967732064,4.134552841106769
CCCCCCCCCCCCN(CCCCCCCCCCCC)c1ccc2c(c1)oc(=O)c1c(=O)oc3ccccc3c12,ClCCl,452.0340295028759,4.5966608852932636
CCCCCCCCCCCCN(CCCCCCCCCCCC)c1ccc2c(c1)oc(=O)c1c(=O)oc3ccccc3c12,CS(C)=O,450.64267433015664,4.5042894619745955
CCN(CC)c1ccc2c(c1)oc(=O)c1c(=O)oc3cc(C#Cc4ccc(C#N)cc4)ccc3c12,ClCCl,451.84346096772526,4.694343852350212
CCN(CC)c1ccc2c(c1)oc(=O)c1c(=O)oc3cc(C#Cc4ccc(C#N)cc4)ccc3c12,CS(C)=O,460.2564966329379,4.625803261699337
CC[N+](CC)=c1ccc2c(-c3ccccc3C(=O)O)c3oc4cc(N)ccc4c3oc-2c1,ClCCl,604.9950021609981,4.784569611345058
CC[N+](CC)=c1ccc2c(-c3ccccc3C(=O)O)c3oc4cc(N)ccc4c3oc-2c1,CCO,597.4186864607475,4.671151351551065
CC[N+](CC)=c1ccc2c(-c3ccccc3C(=O)O)c3oc4cc(N)ccc4c3oc-2c1,O,593.6517194699129,4.644637250259029
CCOC(=O)c1ccccc1-c1c2ccc(=[N+](CC)CC)cc-2oc2c1oc1cc(N)ccc12,ClCCl,606.4937131980058,4.904668133534384
CCOC(=O)c1ccccc1-c1c2ccc(=[N+](CC)CC)cc-2oc2c1oc1cc(N)ccc12,CCO,599.2732119729102,4.784015721598182
CCOC(=O)c1ccccc1-c1c2ccc(=[N+](CC)CC)cc-2oc2c1oc1cc(N)ccc12,O,597.5300237072017,4.825576298343349
F[B-]1(F)n2c(Cl)c(Cl)c(Br)c2C(Cl)=C2C(Br)=C(Cl)C(Cl)=[N+]21,ClCCl,525.3175401032452,4.581148418847505
F[B-]1(F)n2c(Oc3ccccc3)c(Cl)c(Br)c2C(Oc2ccccc2)=C2C(Br)=C(Cl)C(Oc3ccccc3)=[N+]21,ClCCl,481.1619293821789,4.562300407283154
CC1(C)C(/C=C/C2=C(c3ccc(C(=O)O)cc3)/C(=C/C=C3/N(CCCCS(=O)(=O)[O-])c4ccc(S(=O)(=O)[O-])cc4C3(C)C)CCC2)=[N+](CCCCS(=O)(=O)[O-])c2ccc(S(=O)(=O)[O-])cc21,CO,808.622206445528,5.4468584928386035
CCOC(=O)c1cc2ccc3ccccc3c2c(C#N)c1N,Cc1ccccc1,422.2606689388508,4.274762151791181
COc1ccc(C2=[N+]3C(=Nc4c(-c5cc(OC)c(OC)c(OC)c5)c(Br)c(-c5ccc(OC)cc5)n4[B-]3(F)F)C(c3cc(OC)c(OC)c(OC)c3)=C2Br)cc1,Cc1ccccc1,700.9756969436703,4.907433344713021
COc1ccc2c3c(c4ccc(C(C)(C)C)cc4c2c1)=C(c1cc(OC)c(OC)c(OC)c1)C1=Nc2c(-c4cc(OC)c(OC)c(OC)c4)c4c5ccc(C(C)(C)C)cc5c5cc(OC)ccc5c4n2[B-](F)(F)[N+]=31,Cc1ccccc1,788.6443694158542,5.061833587478837
Nc1cc2oc3cc(O)c(F)cc3c(=O)c2cc1F,CCO,376.7731090465518,4.069301241573629
CN(C)c1ccc(C2=CC3=C(c4ccc([N+](=O)[O-])cc4)[C@H]4c5ccccc5[C@]3(S2)c2ccccc24)cc1,ClCCl,452.4439210592559,4.370556311747439
CN(C)c1ccc(C2=C3C=C(c4ccc(C#N)cc4)S[C@]34c3ccccc3[C@H]2c2ccccc24)cc1,ClCCl,480.5873023132459,4.302676600857703
Cc1cc(C)c(-c2nnc(-c3ccc(-n4c5ccccc5c5ccccc54)cc3)o2)c(C)c1,Cc1ccccc1,338.9596093131691,4.3001707996747935
COc1ccc2c3ccc(OC)cc3n(-c3ccc(-c4nnc(C)o4)cc3)c2c1,Cc1ccccc1,327.59148627399225,4.275581404285637
CCCCN(CCCC)c1ccc(C#Cc2cc(C#Cc3ccc(N(CCCC)CCCC)cc3)c(C#Cc3ccc(C(F)(F)F)cc3)cc2C#Cc2ccc(C(F)(F)F)cc2)cc1,ClCCl,421.3767852289293,4.600979024221774
CCCCN(CCCC)c1ccc(C#Cc2cc(C#Cc3cc(C(F)(F)F)cc(C(F)(F)F)c3)c(C#Cc3ccc(N(CCCC)CCCC)cc3)cc2C#Cc2cc(C(F)(F)F)cc(C(F)(F)F)c2)cc1,ClCCl,420.746712413208,4.605501110114838
CCCCN(CCCC)c1ccc(C#Cc2cc(C#Cc3ccc(C#N)cc3)c(C#Cc3ccc(C#N)cc3)cc2C#Cc2ccc(N(CCCC)CCCC)cc2)cc1,ClCCl,438.19065539520096,4.545444020037413
CCC(CC)COC1=CC2=C3c4cc(OCC(CC)CC)c(-c5ccccc5)n4[B-](F)(F)[n+]4c3n(c3cc(C(C)(C)C)ccc34)[B-](F)(F)[N+]2=C1c1ccccc1,ClCCl,671.7673100609059,4.964901500981783
CCC(CC)COC1=CC2=C3c4cc(OCC(CC)CC)c(-c5ccccc5)n4[B-](F)(F)[n+]4c3n(c3cc(C(C)(C)C)ccc34)[B-](F)(F)[N+]2=C1c1ccccc1,C1CCOC1,667.562296660428,4.964801977350955
CCC(CC)COC1=CC2=C3c4cc(OCC(CC)CC)c(-c5ccccc5)n4[B-](F)(F)[n+]4c3n(c3cc(C(C)(C)C)ccc34)[B-](F)(F)[N+]2=C1c1ccccc1,CC#N,659.7149968513445,4.927919990599788
CCC(CC)COC1=CC2=C3c4cc(OCC(CC)CC)c(-c5cccs5)n4[B-](F)(F)[n+]4c3n(c3cc(C(C)(C)C)ccc34)[B-](F)(F)[N+]2=C1c1cccs1,ClCCl,750.3141564253513,5.149520399427394
CCC(CC)COC1=CC2=C3c4cc(OCC(CC)CC)c(-c5cccs5)n4[B-](F)(F)[n+]4c3n(c3cc(C(C)(C)C)ccc34)[B-](F)(F)[N+]2=C1c1cccs1,C1CCOC1,746.3232727190597,5.166056566264983
CCCCCCCc1ccc(C2=[N+]3C(=C4c5cc(OCC(CC)CC)c(-c6ccc(CCCCCCC)o6)n5[B-](F)(F)[n+]5c4n(c4cc(C(C)(C)C)ccc45)[B-]3(F)F)C=C2OCC(CC)CC)o1,ClCCl,707.347320308768,5.096967631435254
CCCCCCCc1ccc(C2=[N+]3C(=C4c5cc(OCC(CC)CC)c(-c6ccc(CCCCCCC)o6)n5[B-](F)(F)[n+]5c4n(c4cc(C(C)(C)C)ccc45)[B-]3(F)F)C=C2OCC(CC)CC)o1,C1CCOC1,704.6512542390494,5.108905771875846
CCCCCCCc1ccc(C2=[N+]3C(=C4c5cc(OCC(CC)CC)c(-c6ccc(CCCCCCC)o6)n5[B-](F)(F)[n+]5nnn(c54)[B-]3(F)F)C=C2OCC(CC)CC)o1,ClCCl,739.1430583372754,5.098595452203459
CCCCCCCc1ccc(C2=[N+]3C(=C4c5cc(OCC(CC)CC)c(-c6ccc(CCCCCCC)o6)n5[B-](F)(F)[n+]5nnn(c54)[B-]3(F)F)C=C2OCC(CC)CC)o1,C1CCOC1,735.0579633254829,5.118554669123365
CCCCC(CC)CN1C(=O)c2cc(Oc3ccc(C(C)(C)C)cc3)c3c4c(Oc5ccc(OC)cc5)cc5c6c(cc(Oc7ccc(OC)cc7)c(c7c(Oc8ccc(C(C)(C)C)cc8)cc(c2c37)C1=O)c64)C(=O)N(c1c(C(C)C)cccc1C(C)C)C5=O,Cc1ccccc1,586.3831740602526,4.74231475532254
CCCCOC(=O)c1cc(Oc2ccc(C(C)(C)C)cc2)c2c3c(Cl)cc4c5c(cc(Cl)c(c6c(Oc7ccc(C(C)(C)C)cc7)cc(C(=O)OCCCC)c1c26)c53)C(=O)N(c1c(C(C)C)cccc1C(C)C)C4=O,Cc1ccccc1,533.4295185044169,4.44577796157543
CC(C)c1cccc(C(C)C)c1N1C(=O)c2cc(Cl)c3c4c(Cl)cc5c6c(cc(Cl)c(c7c(Cl)cc(c2c37)C1=O)c64)C(=O)N(c1c(C(C)C)cccc1C(C)C)C5=O,Cc1ccccc1,527.0814712493454,4.611624844708004
CCCCC(CC)CN1C(=O)c2cc(Oc3ccc(C(C)(C)C)cc3)c3c4c(Cl)cc5c6c(cc(Cl)c(c7c(Oc8ccc(C(C)(C)C)cc8)cc(c2c37)C1=O)c64)C(=O)N(c1c(C(C)C)cccc1C(C)C)C5=O,Cc1ccccc1,563.9206527098819,4.6846345343335445
COc1ccc(-c2c3ccccc3c(C#Cc3ccccc3)c3cc4cc(C)sc4cc23)cc1,ClCCl,481.56788479563056,4.113154145754758
COc1ccc(C#Cc2c3cc4ccccc4cc3c(C#Cc3ccc(OC)cc3)c3cc4sc(C)cc4cc23)cc1,ClCCl,624.064222699971,4.465954556437421
COc1ccc(-c2cccc3ncc(-c4ccccc4)n23)cc1,ClCCl,338.1215662038818,3.8138235575318498
COc1ccc(-c2cnc3cccc(-c4ccccc4)n23)cc1,ClCCl,347.1252095565843,3.770737769684299
N#Cc1ccc(-c2cnc3cccc(-c4ccccc4)n23)cc1,ClCCl,338.31173841995474,3.959086274601615
Cc1ccc(-c2cnc3ccc4ccccc4n23)cc1,ClCCl,344.48734597341985,3.9500015578472243
c1ccc2c(c1)ncc1ccc3cnc4ccccc4c3c12,CC#N,374.20951567917683,3.886927709286391
CCCCCCn1c(=O)c2c3[nH]c4cc5sc6c([nH]c5cc4sc3c3c(=O)n(CCCCCC)c(=O)c3c2c1=O)c1c(=O)n(CCCCCC)c(=O)c1c1c(=O)n(CCCCCC)c(=O)c61,ClCCl,547.3322567085281,4.31026022640646
CCCCCCn1c(=O)c2c3[nH]c4cc5[nH]c6c(oc5cc4oc3c3c(=O)n(CCCCCC)c(=O)c3c2c1=O)c1c(=O)n(CCCCCC)c(=O)c1c1c(=O)n(CCCCCC)c(=O)c61,ClCCl,517.5531202268296,4.253044208192095
Cc1ccsc1-c1cc2c3cc(-c4sccc4C)c4nc(C(F)(F)C(F)(F)C(F)(F)F)nc5c(-c6sccc6C)cc(c6cc(-c7sccc7C)c7nc(C(F)(F)C(F)(F)C(F)(F)F)nc1c7c26)c3c45,C1CCOC1,502.76146255775376,4.617600819986261
C1=C(c2ccccc2)C=C(c2ccccc2)/C1=C/c1ccccc1,C1CCOC1,430.1383866005426,2.9747582263899175
C1=C(c2ccccc2)C=C(c2ccccc2)/C1=C/c1ccc(-c2cccs2)s1,C1CCOC1,441.070806746544,3.9572277727582956
COC(=O)/C=C/c1sc(-c2ccc(N(C)C)cc2)cc1N,CC#N,428.5157482811454,4.505677857721507
c1ccc2c(c1)-c1ccccc1C21c2ccccc2-c2oc3c(c21)C1(c2ccccc2-c2ccccc21)c1ccccc1-3,C1CCOC1,375.6607776758834,5.341427030747074
CC(C)[Si](C#Cc1c2ccc(C(C)(C)C)cc2c(C#Cc2c3ccc(C(C)(C)C)cc3c(C#Cc3c4ccc(C(C)(C)C)cc4c(C#C[Si](C(C)C)(C(C)C)C(C)C)c4ccc(C(C)(C)C)cc34)c3ccc(C(C)(C)C)cc23)c2ccc(C(C)(C)C)cc12)(C(C)C)C(C)C,Cc1ccccc1,544.066544911065,4.77265722146502
COC(=O)c1[nH]c(-c2ccccc2)c2nnc3c4ccccc4oc3c12,ClCCl,388.8946203981287,3.941825148283396
CC(C)(C)c1ccc2c(c1)c1cc(C(C)(C)C)ccc1n2-c1ccc(N(c2ccc(-c3ccc(N(c4ccc(-n5c6ccc(C(C)(C)C)cc6c6cc(C(C)(C)C)ccc65)cc4)c4ccc(-n5c6ccc(C(C)(C)C)cc6c6cc(C(C)(C)C)ccc65)cc4)cc3)cc2)c2ccc(-n3c4ccc(C(C)(C)C)cc4c4cc(C(C)(C)C)ccc43)cc2)cc1,ClCCl,393.92204629328745,4.606218393491685
CC(C)(C)c1ccc2c(c1)c1cc(C(C)(C)C)ccc1n2-c1ccc(N(c2ccc(-c3ccc(-c4ccc(N(c5ccc(-n6c7ccc(C(C)(C)C)cc7c7cc(C(C)(C)C)ccc76)cc5)c5ccc(-n6c7ccc(C(C)(C)C)cc7c7cc(C(C)(C)C)ccc76)cc5)cc4)s3)cc2)c2ccc(-n3c4ccc(C(C)(C)C)cc4c4cc(C(C)(C)C)ccc43)cc2)cc1,ClCCl,418.45606114351665,4.6624454311876065
CC(C)(C)c1ccc2c(c1)c1cc(C(C)(C)C)ccc1n2-c1ccc(N(c2ccc(-c3ccc(-c4ccc(-c5ccc(N(c6ccc(-n7c8ccc(C(C)(C)C)cc8c8cc(C(C)(C)C)ccc87)cc6)c6ccc(-n7c8ccc(C(C)(C)C)cc8c8cc(C(C)(C)C)ccc87)cc6)cc5)s4)s3)cc2)c2ccc(-n3c4ccc(C(C)(C)C)cc4c4cc(C(C)(C)C)ccc43)cc2)cc1,ClCCl,433.07288398621915,4.74288455049172
Cc1ccc(C#Cc2cc3ccccc3oc2=O)cc1,CC#N,345.9326247936241,4.424419095963068
CC(C)Oc1ccc(C#Cc2cc3ccccc3oc2=O)cc1,CC#N,351.0668810926023,4.4549769478245
O=c1ccc2ccc(C#Cc3ccccc3)cc2o1,CC#N,323.3497488805028,4.658003993977731
Cc1ccc(C#Cc2ccc3ccc(=O)oc3c2)cc1,CC#N,329.86696611041515,4.70350081308861
COc1ccc(C#Cc2ccc3ccc(=O)oc3c2)cc1,CC#N,325.71376689872045,4.664879938840557
CC(C)Oc1ccc(C#Cc2ccc3ccc(=O)oc3c2)cc1,CC#N,330.7609890489106,4.704379641898187
COc1ccc2c(c1)SC1=Nc3sc4cc(OC)ccc4[n+]3CN12,CO,443.8952358303683,4.617170052580805
C1=CC2=Nc3cccc[n+]3CN2C=C1,CO,429.91283175478304,4.329614733347289
ClC1=CN2C[n+]3cc(Cl)ccc3N=C2C=C1,CO,434.45842475788425,4.210559356078069
BrC1=CN2C[n+]3cc(Br)cc(Br)c3N=C2C(Br)=C1,CS(C)=O,445.58896502333727,4.308054818998829
Cc1cc(Br)cn(Cn2cccc(C)c2=O)c1=N,CC(=O)O,321.04923440095484,3.8670124831673567
O=c1cccc2n1CN1C=C(Br)C=CC1=N2,CO,419.25817042609077,4.256326317046165
CCN(CC)c1ccc(-c2nc3c(nc2-c2ccc(B(c4c(C)cc(C)cc4C)c4c(C)cc(C)cc4C)cc2)c2ccccc2n3C)cc1,C1CCOC1,392.2943411753577,4.515831848167715
CCN(CC)c1ccc(-c2nc3c4ccccc4n(C)c3nc2-c2ccc(B(c3c(C)cc(C)cc3C)c3c(C)cc(C)cc3C)cc2)cc1,C1CCOC1,392.49666675282975,4.509586183015224
COC(=O)C1=C(C(=O)OC)C2(c3ccccc3-c3c(C(=O)OC)cccc32)[C@@H](c2ccc(Cl)cc2)C=C2c3cc(OC)c(OC)cc3CCN21,ClCCl,313.58288095431953,4.041708071359386
COc1cc2c(cc1OC)C1=C[C@H](c3ccccc3)C3(C(C(=O)O[C@@H]4C[C@H]5CC[C@@H]4C5)=C(C(=O)O[C@H]4C[C@@H]5CC[C@H]4C5)N1CC2)c1ccccc1-c1ccccc13,ClCCl,317.17790199513536,4.012556703802197
COC(=O)C1=C(C(=O)OC)C2(c3cc(Cl)ccc3-c3c(Cl)cc(Cl)cc32)C2(/C=C/c3ccccc3)c3cc(OC)c(OC)cc3CCN12,ClCCl,327.3602847484335,3.9955836629930372
CCOC(=O)C1=C(C(=O)OCC)C2(c3ccccc3-c3c(Br)cc(Br)cc32)C2(/C=C/c3ccc(Cl)cc3)c3cc(OC)c(OC)cc3CCN12,ClCCl,329.51846013666585,4.116323859706249
COC(=O)C1=C(C(=O)OC)C2(c3cc([N+](=O)[O-])ccc3-c3ccc([N+](=O)[O-])cc32)C2(/C=C/c3ccccc3)c3cc(OC)c(OC)cc3CCN12,ClCCl,344.8867503749041,4.119371210203891
COc1cc2c(cc1OC)C1=C[C@H](c3ccccc3)C3(C(C#N)=C(C#N)N1CC2)c1ccccc1-c1ccccc13,ClCCl,311.801858167585,3.976260930737414
COc1cc2c(cc1OC)C1=C[C@H](c3ccc(Cl)cc3)C3(C(C#N)=C(C#N)N1CC2)c1cc(Cl)ccc1-c1ccc(Cl)cc13,ClCCl,310.2028240098841,4.030409803774904
COc1cc2c(cc1OC)C1=C[C@H](c3ccc(Cl)cc3)C3(C(C#N)=C(C#N)N1CC2)c1cc(Br)ccc1-c1ccc(Br)cc13,ClCCl,311.6457433357506,4.108938192893961
CC(C)[Si](C#Cc1cc2c3c(c1)c(=C(c1ccccc1)c1ccccc1)c1cc(C#C[Si](C(C)C)(C(C)C)C(C)C)cc4c1-n-3-c1c(cc(C#C[Si](C(C)C)(C(C)C)C(C)C)cc1c4=C(c1ccccc1)c1ccccc1)c2=C(c1ccccc1)c1ccccc1)(C(C)C)C(C)C,ClCCl,428.44562816512223,4.443058157976287
CCCCCCc1cc2c(=S)c3cc(CCCCCC)cc4c(=S)c5cc(CCCCCC)cc6c(=S)c(c1)c2n(c34)c65,ClCCl,491.7773000963415,4.5157372703533065
CC(C)[Si](C#Cc1c2ccccc2c(C#C[Si](C(C)C)(C(C)C)C(C)C)c2nc3c(ccc4ccccc43)nc12)(C(C)C)C(C)C,CCCCCC,570.3316977525858,4.249995046936221
CC(C)[Si](C#Cc1c2nc3ccccc3nc2c(C#C[Si](C(C)C)(C(C)C)C(C)C)c2nc3c(ccc4ccccc43)nc12)(C(C)C)C(C)C,CCCCCC,624.7785002003677,4.258329950815038
CC(C)[Si](C#Cc1c2ccccc2c(C#C[Si](C(C)C)(C(C)C)C(C)C)c2nc3c(ccc4cc5ccccc5cc43)nc12)(C(C)C)C(C)C,CCCCCC,582.0299601432232,4.275331546486238
CC(C)[Si](C#Cc1ccc(C#C[Si](C(C)C)(C(C)C)C(C)C)c2nc3c(nc12)Cc1ccccc1-3)(C(C)C)C(C)C,CCCCCC,417.9486340006682,4.468210321906655
CC(C)(C)c1cc2ccc3c(N(c4ccccc4)c4ccccc4)cc(N(c4ccccc4)c4ccccc4)c4ccc(c1)c2c34,ClCCl,418.1055671269816,4.475821636247916
O=C1C2=C(O[B-](F)(F)[n+]3c2ccc2ccccc23)c2cccc3c(N4CCOCC4)ccc1c23,ClCCl,469.8153822820318,4.196867155412119
O=C1C2=C(O[B-](F)(F)[n+]3c2ccc2ccccc23)c2cccc3c(N4CCOCC4)ccc1c23,C1CCOC1,467.0356896750119,4.259831809138989
O=C1C2=C(O[B-](F)(F)[n+]3c2ccc2ccccc23)c2cccc3c(N4CCOCC4)ccc1c23,CC#N,466.8004343484057,4.207724982811893
O=C1C2=C(O[B-](F)(F)[n+]3c2ccc2ccccc23)c2cccc3c(N4CCOCC4)ccc1c23,CCO,464.85497093466483,4.0314112525407335
O=C1C2=C(O[B-](F)(F)[n+]3c2ccc2ccccc23)c2cccc3c(N4CCOCC4)ccc1c23,CO,462.030515449861,4.079486064980473
COc1ccc(-c2nc(-c3ccccc3)c(N(c3ccccc3)c3ccccc3)s2)cc1,ClC(Cl)Cl,369.1743548090977,4.033605305247561
Clc1ccc(-c2nc(-c3ccccc3)c(N(c3ccccc3)c3ccccc3)s2)cc1,ClC(Cl)Cl,370.8322883042562,4.0090793401409766
C[C@H](Nc1c2ccc(=[N+]3CCCCC3)cc-2oc2cc(N3CCCCC3)ccc12)C(=O)OC(C)(C)C,ClCCl,489.7993458621374,4.847851401024515
c1ccc(CSc2c3ccc(=[N+]4CCCCC4)cc-3oc3cc(N4CCCCC4)ccc23)cc1,ClCCl,559.770381388011,4.98811541374953
O=S(=O)(/N=c1\oc2cccc3c4c(-c5ccccc5)oc5cccc(c(c1-c1ccccc1)c23)c54)C(F)(F)F,ClC(Cl)Cl,420.69572953927866,4.321985987664973
O=S(=O)(/N=c1\oc2cccc3c4c(-c5ccccc5)oc5cccc(c(c1-c1ccccc1)c23)c54)C(F)(F)F,CCCCCC,417.8057360242723,4.199406965276345
O=S(=O)(/N=c1\oc2cccc3c4c(-c5ccccc5)oc5cccc(c(c1-c1ccccc1)c23)c54)C(F)(F)F,ClCCl,426.25701865670624,4.293343927626819
O=S(=O)(/N=c1\oc2cccc3c4c(-c5ccccc5)oc5cccc(c(c1-c1ccccc1)c23)c54)C(F)(F)F,CO,415.43082882978524,4.213284126789672
O=S(=O)(/N=c1\oc2cccc3c4c(-c5ccccc5)oc5cccc(c(c1-c1ccccc1)c23)c54)C(F)(F)F,CS(C)=O,428.39103614654266,4.226752490163849
N#CC1=c2c3cccc4cccc(c43)n2[B-](F)(F)[n+]2ccccc21,CCCCCC,515.5522645494665,4.555206839169599
N#CC1=c2c3cccc4cccc(c43)n2[B-](F)(F)[n+]2ccccc21,Cc1ccccc1,518.0906038332487,4.52277695130456
N#CC1=c2c3cccc4cccc(c43)n2[B-](F)(F)[n+]2ccccc21,C1CCOC1,512.142162893673,4.510186257812416
N#CC1=c2c3cccc4cccc(c43)n2[B-](F)(F)[n+]2ccccc21,CC#N,505.47145162322096,4.4850627505822445
CCCCCCCCCCCCNc1cccc2[n+]1[B-](F)(F)n1c(c3cccc4cccc1c43)=N2,ClCCl,464.90734762038335,4.503181578456353
CCCCCCCCCCCCNc1cccc2[n+]1[B-](F)(F)n1c(c3cccc4cccc1c43)=N2,CCCCCC,483.00694859770175,4.533120764029676
CCCCCCCCCCCCNc1cccc2[n+]1[B-](F)(F)n1c(c3cccc4cccc1c43)=N2,Cc1ccccc1,487.54066200358193,4.524955626102363
CCCCCCCCCCCCNc1cccc2[n+]1[B-](F)(F)n1c(c3cccc4cccc1c43)=N2,C1CCOC1,481.351180051082,4.527683373102256
CCCCCCCCCCCCNc1cccc2[n+]1[B-](F)(F)n1c(c3cccc4cccc1c43)=N2,CC#N,476.5247025126781,4.520532307929615
OCCSc1cccc2[n+]1[B-](F)(F)n1c(c3cccc4cccc1c43)=N2,ClCCl,453.1654416277509,4.517004835505453
OCCSc1cccc2[n+]1[B-](F)(F)n1c(c3cccc4cccc1c43)=N2,CCCCCC,482.5603185313179,4.556225588849024
OCCSc1cccc2[n+]1[B-](F)(F)n1c(c3cccc4cccc1c43)=N2,Cc1ccccc1,485.4824349145789,4.537909388889961
OCCSc1cccc2[n+]1[B-](F)(F)n1c(c3cccc4cccc1c43)=N2,C1CCOC1,480.3701743071573,4.542317269516728
OCCSc1cccc2[n+]1[B-](F)(F)n1c(c3cccc4cccc1c43)=N2,CC#N,475.06696667881727,4.5200694783687165
C1CCN2CCCn3c2c(c2c3=NCCN=2)C1,CC#N,392.0112230352349,4.076046308605581
CCCCCCCCCCCCOc1ccc(C2=C3C(=O)N(CC(OCC)OCC)C(c4ccc(OCCCCCCCCCCCC)c(OCCCCCCCCCCCC)c4)=C3C(=O)N2CC(OCC)OCC)cc1OCCCCCCCCCCCC,ClC(Cl)Cl,520.8803916160357,4.669300203716576
CCOC(CN1C(=O)C2=C(c3ccsc3)N(CC(OCC)OCC)C(=O)C2=C1c1ccsc1)OCC,ClC(Cl)Cl,507.2237063371871,4.34339905762325
CCOC(CN1C(=O)C2=C(c3cc4cc(C(C)(C)C)cc(C(C)(C)C)c4o3)N(CC(OCC)OCC)C(=O)C2=C1c1cc2cc(C(C)(C)C)cc(C(C)(C)C)c2o1)OCC,ClC(Cl)Cl,562.6566042823115,4.643873726200011
COc1cc2c(cc1OC)C1=C3C(=O)N4C=Cc5cc(OC)c(OC)cc5C4=C3C(=O)N1C=C2,ClC(Cl)Cl,630.0086220279919,4.824230063896522
COc1cc2c(cc1OC)C1=C3C(=O)N4C=Cc5cc(OC)c(OC)cc5C4=C3C(=O)N1C=C2,CN(C)C=O,623.4687081141144,4.777985883791734
O=C1C2=C3c4ccsc4C=CN3C(=O)C2=C2c3ccsc3C=CN12,ClC(Cl)Cl,598.9685080758067,4.755165631954563
O=C1C2=C3c4ccsc4C=CN3C(=O)C2=C2c3ccsc3C=CN12,CN(C)C=O,591.4575511926458,4.733895601566518
Cc1c(COC(=O)c2ccccc2Br)n2c(OCC(=O)c3ccccc3Br)c(C)c(=O)n2c1=O,CCO,378.73675615387526,3.940557049288281
C[N+]1=c2ccc3c(c2C(C)(C)CC1)Oc1cc2c(cc1C=3c1ccccc1C(=O)O)C(c1ccccc1C(=O)O)=c1ccc3c(c1O2)C(C)(C)CC[N+]=3C,ClC(Cl)Cl,603.3057274702059,4.966053586486435
CC1(C)CC[N+]2=c3c(cc4c(c31)Oc1cc3c(cc1C=4c1ccccc1C(=O)O)C(c1ccccc1C(=O)O)=c1cc4c5c(c1O3)C(C)(C)CC[N+]=5CCC4)CCC2,ClC(Cl)Cl,631.4516723122454,4.962091947854314
C=Cc1cc2ccccc2oc1=O,CC#N,326.69096838724346,4.277149233343364
C=Cc1cc2ccc(N(CC)CC)cc2oc1=O,CC#N,424.7939945920105,4.640175475876569
C=Cc1cc2ccc(OC(=O)c3ccccc3)cc2oc1=O,CC#N,344.3152222392873,4.47434178810539
O=c1oc2ccccc2cc1/C=C/c1ccccc1,CC#N,353.02592479957855,4.391843800657947
O=c1oc2ccccc2cc1/C=C/c1ccc([N+](=O)[O-])cc1,CC#N,380.0817179364036,4.569264147108569
CC(C)(C)c1cc2ccc3cccc4c3c2c(c1)c1nc2c3cc(C(C)(C)C)cc5ccc6cccc(c(=O)n2c41)c6c53,CCO,396.22892442552546,3.942569514905834
CC(C)(C)c1cc2ccc3cccc4c3c2c(c1)c1nc2c3cc(C(C)(C)C)cc5ccc6cccc(c(=O)n2c41)c6c53,CC#N,396.74657131138326,3.8796363123675364
CC(C)(C)c1cc2ccc3cccc4c3c2c(c1)c1nc2c3cc(C(C)(C)C)cc5ccc6cccc(c(=O)n2c41)c6c53,CS(C)=O,397.1481158087364,4.081770798604939
CC(C)(C)c1cc2ccc3cccc4c3c2c(c1)c1nc2c3cc(C(C)(C)C)cc5ccc6cccc(c(=O)n2c41)c6c53,CC(C)=O,393.451811083708,4.210907981723442
CC(C)(C)c1cc2ccc3cccc4c3c2c(c1)c1nc2c3cc(C(C)(C)C)cc5ccc6cccc(c(=O)n2c41)c6c53,ClC(Cl)Cl,398.146004377547,4.157192214356428
CC(C)(C)c1cc2ccc3cccc4c3c2c(c1)c1nc2c3cc(C(C)(C)C)cc5ccc6cccc(c(=O)n2c41)c6c53,CCOC(C)=O,389.58180947878884,4.325749732699242
CC(C)(C)c1cc2ccc3cccc4c3c2c(c1)c1nc2c3cc(C(C)(C)C)cc5ccc6cccc(c(=O)n2c41)c6c53,C1CCOC1,395.71403373469377,4.022073546684235
CC(C)(C)c1cc2ccc3cccc4c3c2c(c1)c1nc2c3cc(C(C)(C)C)cc5ccc6cccc(c(=O)n2c41)c6c53,c1ccccc1,395.0618970423209,4.160876357010943
CC(C)(C)c1cc2ccc3cccc4c3c2c(c1)c1nc2c3cc(C(C)(C)C)cc5ccc6cccc(c(=O)n2c41)c6c53,Cc1ccc(C)cc1,393.8768469970622,4.2216466094749885
CC(C)(C)c1cc2ccc3cccc4c3c2c(c1)c1nc2c3cc(C(C)(C)C)cc5ccc6cccc(c(=O)n2c41)c6c53,ClC(Cl)(Cl)Cl,397.0364166717942,4.241991080657163
CC(C)(C)c1cc2ccc3cccc4c3c2c(c1)c1nc2c3cc(C(C)(C)C)cc5ccc6cccc(c(=O)n2c41)c6c53,CCCCCC,392.75175031780816,4.289710362329552
CC(C)(C)c1cc2ccc3cccc4c3c2c(c1)c1nc2c3cc(C(C)(C)C)cc5ccc6cccc(c(=O)n2c41)c6c53,CO,390.90369243330076,3.7219794249257037
CC(C)(C)c1cc2ccc3cc(C(C)(C)C)cc4c3c2c(c1)c(=O)n1c4nc2c3ccccc3c3ccccc3c21,CCO,394.17013996228064,3.916399007536455
CC(C)(C)c1cc2ccc3cc(C(C)(C)C)cc4c3c2c(c1)c(=O)n1c4nc2c3ccccc3c3ccccc3c21,CC#N,394.5583887058941,3.8351255227998244
CC(C)(C)c1cc2ccc3cc(C(C)(C)C)cc4c3c2c(c1)c(=O)n1c4nc2c3ccccc3c3ccccc3c21,CS(C)=O,394.5355526231277,4.048139127634607
CC(C)(C)c1cc2ccc3cc(C(C)(C)C)cc4c3c2c(c1)c(=O)n1c4nc2c3ccccc3c3ccccc3c21,CC(C)=O,392.3659544816728,4.167966244697857
CC(C)(C)c1cc2ccc3cc(C(C)(C)C)cc4c3c2c(c1)c(=O)n1c4nc2c3ccccc3c3ccccc3c21,ClC(Cl)Cl,396.53570460287136,4.099617957208838
CC(C)(C)c1cc2ccc3cc(C(C)(C)C)cc4c3c2c(c1)c(=O)n1c4nc2c3ccccc3c3ccccc3c21,CCOC(C)=O,388.5961561439532,4.271243888152923
CC(C)(C)c1cc2ccc3cc(C(C)(C)C)cc4c3c2c(c1)c(=O)n1c4nc2c3ccccc3c3ccccc3c21,C1CCOC1,393.73068582943745,3.9641817699446547
CC(C)(C)c1cc2ccc3cc(C(C)(C)C)cc4c3c2c(c1)c(=O)n1c4nc2c3ccccc3c3ccccc3c21,c1ccccc1,393.5956067534619,4.142879282886513
CC(C)(C)c1cc2ccc3cc(C(C)(C)C)cc4c3c2c(c1)c(=O)n1c4nc2c3ccccc3c3ccccc3c21,Cc1ccc(C)cc1,393.1004699065638,4.201853248547114
CC(C)(C)c1cc2ccc3cc(C(C)(C)C)cc4c3c2c(c1)c(=O)n1c4nc2c3ccccc3c3ccccc3c21,ClC(Cl)(Cl)Cl,396.1956259934207,4.17840406129516
CC(C)(C)c1cc2ccc3cc(C(C)(C)C)cc4c3c2c(c1)c(=O)n1c4nc2c3ccccc3c3ccccc3c21,CCCCCC,393.11330948419965,4.21481217557593
CC(C)(C)c1cc2ccc3cc(C(C)(C)C)cc4c3c2c(c1)c(=O)n1c4nc2c3ccccc3c3ccccc3c21,CO,388.1956846331679,3.7225137020947576
COc1ccc(C2=c3sc(-c4ccc(OC)cc4)cc3=[N+]3C2=Nc2c(-c4ccc(OC)cc4)c4sc(-c5ccc(OC)cc5)cc4n2[B-]3(F)F)cc1,ClC(Cl)Cl,783.1283043146169,5.304695668459486
CCCCCCc1ccc(-n2c3c4cccc(OC)c4nc(-c4ccc(C)cc4)c3c3c2c2c(-c4ccc(C)cc4)nc4c(OC)cccc4c2n3-c2ccc(CCCCCC)cc2)cc1,ClC(Cl)Cl,321.86556630153666,4.846257366273369
CCCCc1ccc(-n2c3c4ccc(C(F)(F)F)cc4nc(-c4ccc(C#N)cc4)c3c3c2c2c(-c4ccc(C#N)cc4)nc4cc(C(F)(F)F)ccc4c2n3-c2ccc(CCCC)cc2)cc1,ClC(Cl)Cl,321.48792912477273,4.747453043115618
CCCCCCOc1cc(C=O)c(OCCCCCC)cc1C=O,ClCCl,386.1371937514665,3.875057011111231
CCCCCCOc1cc(/C=C/c2cc(OCCCCCC)c(/C=C/c3cc(OCCCCCC)c(C=O)cc3OCCCCCC)cc2OCCCCCC)c(OCCCCCC)cc1C=O,ClCCl,469.637192440346,4.7791950700720385
CCCCCCOc1cc(C=C(C#N)C#N)c(OCCCCCC)cc1C=C(C#N)C#N,ClCCl,449.30853860601184,4.655443978152457
CCCCCCCCOc1cc(/C=C/c2cc[n+](Cc3ccc(C)cc3)cc2)c(OCCCCCCCC)cc1/C=C/c1cc[n+](Cc2ccc(C)cc2)cc1,ClCCl,489.40320686010745,4.0690892105111995
CCCCCCOc1cc(/C=C/c2cc(OCCCCCC)c(/C=C/c3cc(OCCCCCC)c(C=C(C#N)C#N)cc3OCCCCCC)cc2OCCCCCC)c(OCCCCCC)cc1C=C(C#N)C#N,ClCCl,532.0384778737432,5.128296575566147
CN1/C(=C/C=O)C(C)(C)c2ccccc21,CS(C)=O,402.5524695565655,4.566581843262781
CN1/C(=C/C=N/c2sc3ccccc3[n+]2C)C(C)(C)c2ccccc21,CS(C)=O,546.1420299522487,4.748268188172
CC(C)(C)c1ccc(C#Cc2c(C#Cc3ccc(C(C)(C)C)cc3)c3cccc4c(C#Cc5ccc(C(C)(C)C)cc5)c(C#Cc5ccc(C(C)(C)C)cc5)c5cccc2c5c34)cc1,ClCCl,429.61110534769807,4.575947630167109
Brc1ccc(C2=c3cc4c5c(c3Oc3c2cc2c6c3CCCN6CCC2)CCC[N+]=5CCC4)cc1,CCO,646.4354998534739,4.879421676319745
CC1=CC(C)(C)N(C)c2cc3c(cc21)C(c1ccc(Br)cc1)=c1cc2c(cc1O3)=[N+](C)C(C)(C)C=C2C,CCO,572.7147324357613,4.863702689846972
C[Si]1(C)c2cc3c(cc2-c2sc4ccccc4c21)[Si](C)(C)c1c-3sc2ccccc12,C1CCOC1,385.5697817391097,4.496522349163703
C[Si]1(C)C2=C(c3ccccc31)S(=O)(=O)c1cc3c(cc12)S(=O)(=O)C1=C3[Si](C)(C)c2ccccc21,C1CCOC1,438.27383775502705,4.516583938667908
c1ccc(C2(c3ccccc3)c3cc4c(cc3-c3sc5ccccc5c32)C(c2ccccc2)(c2ccccc2)c2c-4sc3ccccc23)cc1,C1CCOC1,387.694801602497,4.443490210989384
CCCc1cc2c(s1)-c1cc3c(cc1NB2c1ccccc1)-c1sc(CCC)cc1B(c1ccccc1)N3,ClCCl,423.27736789225537,4.696014495349432
c1ccc(B2Nc3cc4c(cc3-c3occc32)NB(c2ccccc2)c2ccoc2-4)cc1,ClCCl,406.01754638859455,4.680811582668844
c1ccc(B2Nc3cc4c(cc3-c3sc5ccccc5c32)NB(c2ccccc2)c2c-4sc3ccccc23)cc1,ClCCl,411.1500201134865,4.56544783098882
c1ccc2c(c1)-c1ccccc1[Si]21c2ccccc2-c2cc3c(cc21)-c1ccccc1[Si]31c2ccccc2-c2ccccc21,ClCCl,342.8442220953471,4.609893547430768
CC(C)(C)c1cc2c3c(c1)-c1cccc4c1N(B3N1c3ccccc3Sc3cccc-2c31)c1ccccc1S4,C1CCOC1,390.13185955998694,4.195383782190879
c1cc2c3c4c5c(cccc5cc3c1)-c1cccn1B4n1cccc1-2,C1CCOC1,447.0785198453188,4.266633542268667
CCCCCCn1c2c(c3cc(-c4ccc5ccc6cccc7ccc4c5c67)ccc31)-c1c(c3cc(-c4ccc5ccc6cccc7ccc4c5c67)ccc3n1CCCCCC)-c1c(c3cc(-c4ccc5ccc6cccc7ccc4c5c67)ccc3n1CCCCCC)-c1c-2c2cc(-c3ccc4ccc5cccc6ccc3c4c56)ccc2n1CCCCCC,ClCCl,370.97481868174026,4.86556132006176
c1ccc(-c2nc3sc4cc5c(cc4c3s2)OCO5)cc1,CS(C)=O,359.4320170119255,4.170734123806332
Fc1ccc2sc3nc(-c4ccccc4)sc3c2c1,CS(C)=O,345.607873102835,4.367924675310302
COc1cc(-c2nc3sc4ccccc4c3s2)cc(OC)c1OC,CS(C)=O,359.467841588003,4.449983553439528
Clc1ccc(-c2nc3sc4ccccc4c3s2)cc1,CS(C)=O,350.7980708865763,4.371827083121697
Brc1ccc(-c2nc3sc4ccccc4c3s2)cc1,CS(C)=O,353.17485267417266,4.398822156881144
c1ccc2c(-c3nc4sc5ccccc5c4s3)cccc2c1,CS(C)=O,354.6663140307254,4.362707855554885
COc1ccc(-c2sc3c(c2Br)=[N+]2C(=C(C(F)(F)F)c4cc5sc(-c6ccc(OC)cc6)c(Br)c5n4[B-]2(F)F)C=3)cc1,ClC(Cl)Cl,752.6964537776023,5.268526733762471
COc1ccc(-c2sc3c(c2Br)=[N+]2C(=C(C(F)(F)F)c4cc5sc(-c6ccc(OC)cc6)c(Br)c5n4[B-]2(F)F)C=3)cc1,C1CCOC1,745.3418855373455,5.21414777172454
COc1ccc(-c2oc3c(c2Br)=[N+]2C(=C(C(F)(F)F)c4c(Br)c5oc(-c6ccc(OC)cc6)c(Br)c5n4[B-]2(F)F)C=3Br)cc1,ClC(Cl)Cl,744.1247289996604,4.9474799468959265
COc1ccc(-c2oc3c(c2Br)=[N+]2C(=C(C(F)(F)F)c4c(Br)c5oc(-c6ccc(OC)cc6)c(Br)c5n4[B-]2(F)F)C=3Br)cc1,C1CCOC1,737.5125809030754,4.833522168747431
CC(C)(C)c1ccc(C2=CC(c3ccccc3)=[N+]3C2=Nc2c(-c4ccc(C(C)(C)C)cc4)cc(-c4ccccc4)n2[B-]3(F)F)cc1,Cc1ccccc1,659.0294243502128,4.9494682783116355
CC(C)(C)c1ccc(C2=CC(c3ccccc3)=[N+]3C2=Nc2c(-c4ccc(C(C)(C)C)cc4)cc(-c4ccccc4)n2[B-]3(F)F)cc1,ClC(Cl)Cl,663.7981980334266,4.9435047143550275
CC(C)(C)c1ccc(C2=CC(c3ccccc3)=[N+]3C2=Nc2c(-c4ccc(C(C)(C)C)cc4)cc(-c4ccccc4)n2[B-]3(F)F)cc1,C1CCOC1,653.7179263508831,4.940217961258154
CCCCCCCCCCCCOc1ccc(C2=c3sc4ccccc4c3=[N+]3C2=Nc2c(-c4ccc(OCCCCCCCCCCCC)cc4)c4sc5ccccc5c4n2[B-]3(F)F)cc1,Cc1ccccc1,717.4304753492536,4.943562353626161
CCCCCCCCCCCCOc1ccc(C2=c3sc4ccccc4c3=[N+]3C2=Nc2c(-c4ccc(OCCCCCCCCCCCC)cc4)c4sc5ccccc5c4n2[B-]3(F)F)cc1,ClC(Cl)Cl,718.7275724739085,5.00723534618408
CCCCCCCCCCCCOc1ccc(C2=c3sc4ccccc4c3=[N+]3C2=Nc2c(-c4ccc(OCCCCCCCCCCCC)cc4)c4sc5ccccc5c4n2[B-]3(F)F)cc1,C1CCOC1,713.0193052398671,4.938367007425836
CCCCCCCC(CCCCCCC)N1C(=O)c2ccc3c4ccc5c6c(ccc(c7ccc(c2c37)C1=O)c64)C(=O)N(C(CCCCCCC)CCCCCCC)C5=O,ClCCl,521.4006571477042,4.871692449614949
CCCCCCn1c2cc(C=O)sc2c2sc3c(sc4c5sc(C=O)cc5n(CCCCCC)c43)c21,ClCCl,420.34392168994657,4.636622015092636
CCCCCCn1c2cc(C=C(C#N)C#N)sc2c2sc3c(sc4c5sc(C=C(C#N)C#N)cc5n(CCCCCC)c43)c21,ClCCl,504.69700755594874,4.600165279120773
CCCCCCCCCCCCc1sc(CCCCCC)c2c3cc(CCCCCC)sc3c3sc(CCCCCC)cc3c12,ClC(Cl)Cl,389.8538334528447,3.984661204920973
c1cc2c3c(c1)-c1ccc4c5c(ccc(c15)B3c1ccc3c5c(ccc-2c15)CC3)CC4,Cc1ccccc1,430.81404418646616,4.422656758173037
