Absorption max (nm),log(e/mol-1 dm3 cm-1),Predicted Absorption max (nm),Predicted log(e/mol-1 dm3 cm-1)
294.0,3.73,308.423872878211,3.82317075550613
294.0,3.75,310.89036047814454,3.81988797294411
295.0,3.78,310.3533965709756,3.899819837341011
294.0,3.76,325.3075056811053,4.092328249060453
315.0,3.88,320.3910028761291,3.8363496349434647
489.0,4.77815125,449.210040356405,4.461458660568625
506.0,4.763427994,442.04280793795,4.484830981632522
508.0,4.763427994,447.30102742209783,4.4629161516843725
507.0,4.755874856,446.2012374793852,4.4567812423300115
343.0,4.439332694,410.4080448316884,4.183028308349379
343.0,4.607883744,387.073173115519,4.6344590791480815
374.0,4.37,336.00278813895807,4.123929552411557
438.0,4.35,374.5500091740054,4.614980632347098
488.0,3.982723388,449.9940888213149,4.472549279670881
480.0,3.970811611,445.5497608776083,4.465190622949437
492.0,3.925312091,447.43213536451793,4.4749713296622815
500.0,3.964730921,448.9645294391582,4.484689418995428
497.0,3.909556029,448.0157035963754,4.475192112885215
270.0,3.77815125,272.4912722428333,3.650072587502001
285.0,4.017033339,286.6991181128433,3.7842376161263855
277.3006135,4.118778428,298.58854406674834,4.1054507454795495
284.3558282,4.009079658,286.273940104668,4.009565685888328
276.25,4.038043354,298.8541087592151,4.094011628580455
285.0,4.190134336,286.886091942083,3.9814717191311075
516.0,4.507855872,512.5348967032899,4.488589104616506
500.0,4.549003262,505.7672483920311,4.477239022429254
499.0,4.544068044,508.5240895863702,4.477377112164667
519.0,2.949390007,486.78063422457024,3.0945997225696393
526.0,2.73239376,469.4537174335445,3.1966916529744127
385.0,4.196,384.99725864663736,4.231732299601058
344.0,4.650307523,370.92377958009763,4.5857170594157735
346.0,4.562292864,352.0734291094618,4.484263876956048
336.0,4.294466226,354.2323398259608,4.252496868048652
342.0,4.36361198,361.4857616063008,4.159184669759062
608.0,4.792391689,530.9830267136101,4.656561676458383
427.0,3.691876823,412.44403283400516,4.039040937838309
650.0,3.792391689,626.7786157879545,3.864377144550312
509.0,4.477121255,480.72624806582974,5.48143164184587
508.0,4.77815125,480.8166934087076,5.484588138991544
508.0,4.812913357,479.85024144915815,5.486531753291416
507.0,4.826074803,478.31322056374455,5.486783754225522
506.0,4.84509804,478.12387159546444,5.484433454321366
498.0,4.806179974,478.260985672295,5.489865831129171
486.0,4.740362689,478.036694868276,5.492222808681044
516.0,4.785329835,480.21070204672117,5.49526224458508
514.0,4.770852012,481.9239546830363,5.506265940955067
482.0,4.69019608,473.14517729327673,5.489480615572609
484.0,4.662757832,476.71514384594195,5.501377639859334
483.0,4.748188027,477.5564955368958,5.506221778545929
483.0,4.755874856,476.710764625251,5.504369641366032
481.0,4.653212514,477.55661011210066,5.495218536478445
522.0,4.944018519,516.383772609537,4.728952530650864
520.0,4.812913357,447.3998208137862,4.234573469655762
519.0,4.812913357,456.7880207275947,4.316249280458714
457.0,4.611723308,455.19651508195994,4.6164345571836005
553.0,4.032215703,498.0440041140197,4.077374482394985
546.0,4.056523724,490.1296730292365,3.9379764629554783
553.0,4.059184618,489.9913264062737,3.956608245924174
339.0,4.43,345.3293206270968,4.022984712665482
363.0,4.41,367.25988390816354,3.461374045393639
405.0,3.740362689,406.04796876830267,3.756846396356994
417.0,3.62324929,412.47173743342955,3.9040081474959103
416.0,3.806179974,421.15971757354953,4.068028879717356
415.0,3.857332496,402.186736918145,3.827260770548734
416.0,3.079181246,401.0735592948051,4.070882774900828
420.0,3.633468456,405.06843743723425,4.133084971056091
445.0,3.62324929,404.9971949465001,3.968025515856148
284.0,3.278753601,400.62996077869275,4.179251434457254
358.0,4.190331698,372.0133527079946,3.8535697428695874
372.0,4.315970345,363.93344160981667,4.039360331386897
374.0,3.380211242,368.04065601683106,4.052380668779748
428.0,4.668385917,408.0888829271189,4.372717646725289
376.0,4.471291711,387.3679048723163,4.006576079652784
342.0,3.48,352.2650522660136,4.15085088385571
340.0,4.55,351.963727267481,3.7926755167396067
341.0,4.54,352.1581859791002,4.171585825478144
344.0,4.18,353.9086298226882,4.170028803538957
374.0,4.61,375.01711053415465,4.37781515174803
374.0,4.41,375.852330857398,4.348782108635495
374.0,4.61,375.2896463395994,4.392049374741999
389.0,4.55,376.61292764965185,4.407250677933349
360.0,4.42,378.86184687759817,4.370503627110539
359.0,4.43,378.5222653116759,4.345098061994081
359.0,4.33,378.7587131627786,4.375706150803954
362.0,4.28,379.6427106708587,4.390015397651804
389.0,4.723455672,379.63552287047537,4.542772479295051
390.0,4.712649702,379.80019335713763,4.545548188297046
392.0,4.673941999,380.6193810016755,4.529666507522776
384.0,4.640481437,378.21448313189364,3.993845650548592
382.0,4.722633923,378.3064634605918,4.545828872411813
347.0,4.110926242,349.85432214229434,3.954581369183874
347.0,3.581835924,350.08456965566313,4.035924236864291
350.0,3.730701544,349.9852323398657,4.012496892344898
295.0,4.073864923,303.1841488436598,3.8474268457112473
258.0,3.918187661,310.8063676159761,3.930500615886166
278.0,3.360971884,310.522994433667,3.6651479718979707
269.0,3.718916686,272.4912722428333,3.650072587502001
277.0,3.729002709,371.82328458025574,3.750208672226724
306.0,3.728921646,311.6229509403351,3.776509767624217
424.0,4.855519156,425.60683910349115,4.640547722380538
287.0,4.86,360.69064523768907,4.504229117200383
289.0,4.87,344.5064363970523,4.445988023330049
296.0,4.52,354.0840776254066,4.543100379118057
355.0,4.355221572,364.67653636278334,4.508012887070135
455.0,4.194403326,409.52221539859477,4.515714981076574
375.0,4.725298943,381.4238779204385,4.6360271024658575
327.0,4.881384657,339.8063043465498,4.741426222294997
341.0,4.802089258,365.3571678521795,4.636671899465045
362.0,2.064457989,337.0988488375948,2.7650991867525265
379.0,2.136720567,382.9093927670813,3.9741666044308253
434.0,4.843855423,417.98814157770795,4.633129266562582
386.0,4.414973348,391.54585956901695,4.449792773496865
370.0,4.402880134,386.25722877157267,4.4357498802255275
370.0,4.421916375,386.80381652462717,4.445680678676984
366.0,4.389591307,384.3728065850797,4.433664607680841
366.0,4.39260903,384.1186803048762,4.431269657134071
366.0,4.415457483,383.5171000329572,4.4321299404538355
366.0,4.413534454,382.2508612814462,4.432830789283043
358.0,4.367970581,380.88460514708873,4.42496599076857
373.0,4.367355921,374.0367300262203,4.096677630734645
376.0,4.075546961,373.6809662662062,4.085417009997828
370.0,4.209515015,377.5283282915178,4.205345107504099
367.0,4.049218023,380.5944329064361,4.176874997407326
382.0,4.281033367,389.67155037758425,4.198718452593431
382.0,3.954242509,379.2343806643913,3.9909376852714247
372.0,3.954242509,373.6272870469979,4.075259269797551
360.0,3.934498451,394.403050499266,4.08785758452743
394.0,4.209515015,404.0676405201765,4.181447136399405
365.0,4.133538908,380.27958819651116,4.159289362077019
379.0,4.225309282,391.5789420598656,4.150109002281155
380.0,4.238046103,380.8230347973793,4.187831740651449
375.0,4.195899652,381.3336401174073,4.19084438009218
375.0,4.11058971,378.47817139560135,4.05211644878006
376.0,4.245512668,386.7985996404196,4.1965743543225695
381.0,5.311753861,397.37793214891116,4.2808242905490035
379.0,4.238046103,399.56863711331204,4.271202571019442
378.0,3.954242509,397.10101785619884,4.179598170604216
380.0,4.495544338,402.5548360122039,4.287353055481029
376.0,4.509202522,396.8477784346712,4.289428522608339
392.0,3.986771734,379.1140503814447,3.992100186997584
389.0,3.897627091,389.1272391264882,3.9940816737805265
392.0,3.770852012,378.29594212400104,3.948279626539203
388.0,4.008600172,379.5961470255223,3.989492541207942
390.0,3.929418926,380.7132736290389,3.977453908055908
376.0,3.707570176,365.2341576547691,4.0021381251851444
325.0,3.770852012,353.08076169927244,3.9931504611258597
323.0,3.716003344,353.12863773776576,4.014201298499581
370.0,3.954242509,359.51530730716433,4.031829645814432
325.0,3.653212514,353.4532229597827,4.023937337007124
344.0,4.08,348.09185847870435,4.094909893834523
350.0,4.11,360.2505482447401,4.13787379354522
324.0,3.73,343.41319065189583,3.8985469999557454
336.0,4.06,348.5981166822638,4.085128217131877
324.0,4.14,343.55717963951344,4.064437794407237
330.0,4.2,341.47259503549714,4.143210865150291
325.0,4.23,339.70041261424007,4.1263769643642485
330.0,4.21,342.52141728604255,4.14277632371739
336.0,4.17,343.8521662822502,4.150744735268477
333.0,4.2,342.0136111519029,4.151419105252203
374.0,3.900530982,337.7467383721685,4.097017327748227
357.0,4.035109403,368.3009825717441,4.014174740632547
362.0,4.026696656,372.0881996205359,4.069696885073628
495.0,4.522444234,420.2843407073895,4.386371939571156
513.0,4.506505032,419.428350012114,4.376576163732525
341.0,4.28,353.9777989564294,4.337725070104337
342.0,4.32,354.993091115123,4.342428421608193
341.0,4.43,353.8710599407214,4.348376438365762
347.0,4.31,356.8865945692112,4.336629477213988
341.0,4.15,354.0807618942396,4.342623633667348
346.0,4.27,356.58107767968755,4.305144335982392
366.0,4.38,356.25626078088277,4.271009977158279
366.0,4.23,357.14594447200045,4.2610420296050515
366.0,4.06,355.51280182003404,4.2747400199027386
369.0,4.27,359.7468429923629,4.264257371213524
366.0,4.31,359.90411903086317,4.250568266719702
366.0,4.73,356.7743592601386,4.2647814796400185
370.0,4.477121255,400.28973576190947,4.470945192458337
328.0,4.176091259,383.0991474051628,4.517804528814388
322.0,4.255272505,444.6360246916911,4.471453707876295
380.0,4.477121255,416.8225283792406,4.473444691839921
445.0,4.76,440.4688787753921,4.540270053246412
451.0,4.81,438.0697165702598,4.5834460751467265
394.0,4.230448921,402.9673454956244,4.2415827712286465
400.0,4.278753601,403.58442375423886,4.233034115576833
400.0,4.322219295,406.61922261478514,4.236367582200101
390.0,4.278753601,402.37972371464485,4.24771098034469
374.0,4.301029996,402.9599361532561,4.219214913243305
377.0,4.322219295,402.34989034447545,4.086202441339635
340.0,4.66,363.3417280284706,4.230930966809734
344.0,4.64,350.60137169021334,4.4656744707493266
350.0,4.72,369.95562994085446,4.191032585721589
334.0,4.740796767,353.0388470669386,4.4025815930752055
383.0,4.566260674,377.2978631649481,4.4628802111065875
343.0,4.209005358,355.7495469460485,4.455566165658356
356.0,4.544068044,368.1388713065565,4.293083993169551
605.0,4.826074803,573.5738176575184,4.660571341514677
529.0,4.991226076,533.1476362758425,4.67961791831571
528.0,5.113943352,532.9759499389203,4.674671746482037
430.0,4.544068044,416.67371403615937,4.755239142714396
376.0,4.790285164,408.296959213805,4.670736824026647
420.0,4.606381365,421.4416886285315,4.734175490187484
386.0,4.764176132,421.2647967738027,4.732318450967399
338.0,4.113943352,348.7068647919123,4.188754657349471
339.0,4.204119983,373.1988630059745,4.150257704944438
300.0,4.428134794,343.7069089581926,4.221869137658601
376.0,4.446070936,412.752221252427,4.3691356093882305
347.0,4.359645793,412.7982646300039,4.358817834076899
350.0,4.367169489,386.02605901003,4.237288302032728
356.0,4.364550995,388.9780152500033,4.2549899084234095
348.0,4.382737266,384.44130869575315,4.268971468565211
346.0,4.373463722,383.3824345470488,3.979002246454017
398.0,4.083144143,392.7599766308939,4.256041707809063
396.0,4.0923697,396.13777256924766,4.265699019995423
396.0,4.051923916,391.3933266019644,4.27404902467153
396.0,4.04316572,390.2495024037234,4.131981215518954
337.0,4.812913357,401.7572520587052,4.6625584859103535
446.0,4.86332286,525.0000573101086,4.54061716305715
438.0,4.591064607,433.2693775554518,4.309250887029466
351.0,3.961373628,352.6308293931115,3.9575122457273872
355.0,3.988826407,356.46454485564533,3.93947279429688
364.0,3.792391689,383.0536183131493,4.083277208522969
365.0,4.177507642,382.0983363647478,4.151767326537209
317.0,4.45,359.9431219420852,4.277497142498514
329.0,3.86,386.5828757841535,3.974487221685
386.0,3.73,411.9074021572016,4.206563662768874
359.0,5.3,379.7221176579428,3.7891800847390273
368.0,4.65,425.7130291723641,4.233683596652862
392.0,3.431363764,367.9811867749403,4.137334555234337
393.0,4.06069784,370.83938488816545,4.1787726780114784
396.0,4.155336037,370.89062144297657,4.178837369977285
394.0,4.133538908,370.2463885030471,4.175439210309554
395.0,4.071882007,368.9465364298426,4.162047847838762
399.0,4.176091259,371.8369600309822,4.16938805704712
401.0,4.103803721,371.228281718355,4.172871619051082
400.0,4.033423755,370.01316397172394,4.14672642849471
400.0,4.0,369.94391903493147,4.149654581239101
399.0,4.071882007,369.71851120490777,4.140258123901388
398.0,4.041392685,368.49532905489474,4.09951480818113
368.0,3.966094779,352.396879271323,4.248919140493411
367.0,4.232233521,356.00406567867805,4.272380404085166
366.0,3.989761188,354.9051101882502,4.277842114429906
364.0,4.26073902,352.3843349555826,4.088431128797354
365.0,4.257006218,355.31990226806494,4.2815191304501
366.0,4.235831337,354.0709765615907,4.26850440697861
365.0,4.005866602,353.0212541255075,4.271900709286733
363.0,4.203902781,355.5849520259027,4.276559041687679
367.0,3.477121255,356.7108137056015,4.51561039557283
279.0,3.78,354.51436910343347,3.83538283427495
290.0,4.24,313.9246708982461,3.804003210895054
278.0,3.98,316.0246848805606,3.886019520609287
276.0,3.89,351.9844382449887,3.842367575103583
276.0,3.85,316.32683052690027,3.9810631893596033
290.0,4.25,314.37177238421515,3.9568843117325523
279.0,4.01,315.7350056396968,3.8738885167131465
280.0,3.83,352.1892462472039,3.959391299137016
276.0,3.86,316.1328758643352,4.0541228984351845
285.0,4.16,314.2388033687311,3.883940354489247
314.0,4.230448921,330.9744596191821,4.285758369851987
313.0,4.380211242,329.97112967942337,4.306843229335987
313.0,4.322219295,330.0182102679184,4.305831924055994
315.0,4.681241237,330.14158435027036,4.319321355904833
311.0,4.361727836,329.1736982723204,4.286272124079458
309.0,4.602059991,328.20048105566224,4.249656158391365
285.0,4.103803721,355.77605950634967,4.215207340770563
286.0,4.212187604,355.7283732745596,4.334249367492307
286.0,4.176091259,356.05839431946725,4.328266907626713
285.0,4.198657087,355.46050182788383,4.299117377456778
284.0,4.041392685,354.00301017239565,4.240590739815281
390.625,4.843232778,390.3903280274241,4.5251805519934365
408.1632653,4.797267541,394.7794855093972,4.5039382900435765
306.0,4.408239965,320.04479381206266,4.407828071718578
306.0,4.525044807,320.64024155636383,4.4809251041299
311.0,4.469822016,322.85797083214203,4.46577234444886
314.0,4.540329475,324.0864621090865,4.445740002946695
307.0,4.546542663,319.72434027601156,4.325792306971428
307.0,4.608526034,320.28664801948196,4.377781693238218
311.0,4.571708832,322.63100862243766,4.370558238851092
314.0,4.57863921,324.02422637050586,4.359787596422273
310.0,4.584331224,342.1342977130468,4.4599231801272525
312.0,4.679427897,342.8274437666174,4.504774510504957
317.0,4.655138435,344.84424557094496,4.500587422234372
318.0,4.645422269,345.85080072947915,4.49274474231347
337.0,4.041392685,375.31540873740676,4.453569006097662
345.0,4.45484486,376.87164331249176,4.489148318918408
353.0,4.414973348,377.5625547457537,4.489856765847245
354.0,4.390935107,377.6085077827036,4.488188835544511
397.0,3.79,356.69824099017137,3.7196299043537424
409.0,3.79,359.03079815564723,3.6737528787342364
418.0,3.86,359.6751397084162,3.8097159584198144
407.0,3.82,358.6938668337616,3.8364538541634743
421.0,3.88,358.1867755069292,3.8103672923642007
430.0,3.91,358.42194210374095,3.7927820770578755
430.0,3.81,357.4186208466691,3.6821514172229315
230.0,4.06069784,261.41955294722703,3.406710511388733
350.0,4.46834733,340.38334202159,4.49906189719092
394.0,4.584331224,369.9462823059236,4.509319286431097
270.0,4.103803721,300.23606346354944,3.85776838626447
436.0,4.614686342,441.5262014006471,4.4751197106635265
430.0,4.620531635,441.9106621012644,4.486823477077946
436.0,4.626371167,444.73107564261574,4.5010020135816
414.0,4.592765044,442.54961996685205,4.497681167547789
429.0,4.533136288,442.39655429376097,4.483979449372446
422.0,4.586497286,442.865398110941,4.5095447615556985
420.0,4.569397321,442.9985521991765,4.513795057986715
437.0,4.543981177,443.50786043434556,4.493377122397556
418.0,4.566119168,442.83175078070764,4.505200148611561
414.0,4.568178248,443.4196797968333,4.517436220917174
436.0,4.539891205,445.8113761022261,4.522985714866077
429.0,4.507990725,444.9827683141301,4.526997106769478
423.0,4.552692546,442.9188482790091,4.4979614855288155
444.0,4.909743185,510.88819181943035,4.986660196436697
442.0,4.90475881,511.5777166164219,4.993970555399462
447.0,4.902937957,512.3378166361639,4.971494879765208
435.0,4.942875775,510.152295936365,4.991670632046527
436.0,4.876275589,509.8160016952067,4.995091491305542
429.0,4.907427485,511.4328652952289,4.990400266308622
425.0,4.895394918,510.382936944271,4.993438765846536
442.0,4.876200515,511.0632496682676,4.985763842047803
425.0,4.891381329,509.7420446696228,4.988668519716575
426.0,4.890867939,510.57036822861454,4.995035044131931
446.0,4.88569473,513.340706016128,5.0135370560380474
436.0,4.86138504,514.7430162783024,5.003370876986023
431.0,4.756689346,511.4046695892591,4.9944035055731515
582.0,4.733197265,583.1558549597898,4.629908494297549
573.0,5.021602716,579.7825779916484,4.838928568136927
579.0,4.838849091,634.2134399696579,4.918853113695997
562.0,4.707570176,646.6821100324031,4.8598679085764855
623.0,4.681241237,631.8655177779967,4.811134061801164
622.0,4.843232778,575.3080845542584,4.768742825420984
665.0,4.929418926,571.4809547404875,4.686406053950241
584.0,4.770115295,593.1831387888432,4.784805597930167
576.0,4.789580712,615.0879829534707,4.830746737059021
597.0,4.609594409,615.0638912664027,4.851897698396313
576.0,5.227886705,606.0998256223043,4.823611803470088
575.0,4.829946696,596.0602051155836,4.885608736232422
594.0,4.991226076,564.325964902762,4.855340283945184
598.0,4.971275849,608.3882327078682,4.9088129149025495
632.0,5.09131516,659.0207720721463,4.971331509943494
671.0,4.90579588,624.5458982698188,4.825048226620034
593.0,5.096910013,571.1479332605497,4.7875583826381
771.0,5.064457989,629.5311243103844,4.929068076182254
683.0,5.064457989,607.6087926182717,4.833921616977066
666.0,4.949390007,627.141715025389,4.718902028432827
619.0,5.163608563,611.665447557629,4.904031391445134
652.0,5.496929648,594.9150805761224,5.154896179343327
672.0,5.459392488,633.2408190125086,5.2683706361232465
658.0,4.734399743,645.9165491401111,4.952564588124472
684.0,5.307496038,648.9043641754623,4.9351738627719
550.0,4.789580712,579.6402821866956,4.746918784804185
622.0,4.966141733,527.1707693237764,4.506445953724505
658.0,4.899820502,660.275928693721,4.9620627916848505
693.0,4.838849091,634.0926607485198,4.801337957895751
616.0,4.531478917,575.4813362047713,4.672641430537441
617.0,5.010002974,636.8367756095626,4.869331329054016
748.0,4.921166051,674.8452881327682,4.733564923718914
650.0,4.897627091,662.3320695201037,4.892614064967694
718.0,5.080987047,684.5195174520316,4.931100604767228
683.0,4.892094603,684.380407885008,4.947983452127865
650.0,4.602059991,702.7713706843372,4.859175130965812
708.0,4.983175072,691.8440794868276,4.929195590902475
715.0,5.149219113,694.661888253278,5.018614679953922
640.0,4.8683505,678.8880639493528,4.892023611246318
713.0,4.799340549,658.1495352386543,4.781135097213855
794.0,5.240549248,706.7635832443216,4.881580932942136
793.0,4.977723605,673.3375247810806,4.888730524837418
737.0,4.851258349,715.1020492602884,4.969721929429602
526.0,5.176091259,570.1967443913002,4.850006570901557
754.0,5.311753861,678.1950306255413,5.005786237931428
427.0,4.220108088,467.03940533403363,4.1818549087577255
361.0,4.387389826,428.0588992713757,4.508953454379183
396.0,4.501059262,429.7629274283551,4.515171208489398
465.0,3.959709024,444.4667295377295,4.431466420452878
743.0,4.534026106,614.3803904183677,4.813637744718936
342.0,4.505149978,400.2089009001247,4.320747171294887
361.0,4.318063335,400.6190130348822,4.232548896031381
325.0,4.130333768,318.55448179893864,4.175268108701845
320.0,3.908485019,319.8946006827804,4.100734449781033
313.0,3.875061263,318.55448179893864,4.175268108701845
308.0,3.77815125,319.8946006827804,4.100734449781033
320.0,4.298853076,308.9287947890811,3.9757828381061344
312.0,4.261262869,307.8959901169895,3.9069719408181123
286.0,4.227115083,302.3632332633509,3.5649311847160567
283.0,4.222716471,300.60338329964486,3.5556624944979154
285.0,4.255995727,302.21808314420065,3.570984621722276
280.0,4.252853031,301.5033795836874,3.4941745882702535
278.0,4.249687428,300.5632789015202,3.296248861086402
269.0,4.254064453,299.628551653303,3.3652923955586544
395.0,3.924795996,418.923336841732,4.319199401366775
400.0,4.059941888,417.59659392298715,4.313538907528737
389.0,4.90834023,418.22052415295536,4.300196108804681
385.0,3.981818607,417.697645954673,4.3195618292472275
383.0,3.961800639,418.43879494192333,4.323047155061734
387.0,3.892651034,418.8931945208049,4.325020736262139
379.0,3.962984584,416.3154806684348,4.297671664044304
373.0,4.073351702,416.64034248177165,4.316193456664582
374.0,3.935204867,415.7816613982867,4.314621541102328
371.0,3.989093693,417.20585617605667,4.031457497892324
287.0,4.51851394,297.2150585567667,4.401506911666852
306.0,4.582063363,333.1240833541911,4.476125650906178
331.0,4.792391689,338.6685435033778,4.7391447344957465
350.0,4.868644438,359.778389813586,4.523036296857579
360.0,5.031408464,361.25494178160204,5.043442564555226
410.0,4.959041392,390.93199293191896,4.517331112098694
515.0,4.73479983,486.15082392466036,4.63745210569534
509.0,4.686636269,483.5977692938767,4.626961081988741
496.0,4.703291378,478.20840424897153,4.6272441829456294
496.0,4.679427897,478.7598161884404,4.622442923555842
498.0,4.627365857,478.9590403766597,4.6064335383295605
498.0,4.580924976,479.5564221304272,4.57832777067137
373.0,4.982271233,426.1496730738116,4.684407352150368
378.0,4.995635195,426.8321554752973,4.5986255558681
375.0,4.924279286,426.03838891353524,4.646274491260692
383.0,4.838849091,427.01012092177217,4.578695751045455
402.0,4.081347308,376.58898886769515,3.945105365858498
413.0,4.093421685,410.75189264368754,3.9901032869733712
387.0,4.109915863,412.55929200102975,4.110113330168995
368.0,4.77815125,380.1759818813599,4.4691374125687044
485.0,3.633468456,480.3184537910006,3.729479603924548
501.0,3.633468456,463.02983213144205,3.806571177711998
488.0,3.982723388,449.9940888213149,4.472549279670881
424.0,3.860338007,391.872441253464,3.9367106895278297
425.0,3.878521796,392.94202392614636,3.9843426392164902
423.0,3.833784375,390.10550745614705,3.9768011210930623
477.0,4.752048448,452.45324281359655,4.593970058277845
427.0,4.530199698,426.30629620656885,4.505500461456447
430.0,4.53529412,425.36889936558583,4.5154489165766565
428.0,4.21,449.8480523840609,4.396943856522267
443.0,4.46,439.851429003258,4.416654309993894
452.0,4.55,440.9036259374622,4.378751747845053
376.0,3.84,383.4279823938224,3.9669574102151386
376.0,3.86,383.547147132823,3.964698550548971
368.0,3.82,378.7890613279576,3.9436268222344895
372.0,3.78,378.9446168069472,3.934189405237318
368.0,3.74,379.4909254852729,3.95712385778844
368.0,3.67,378.1146837404333,3.998493343452192
653.0,4.49,674.8550211363361,4.790433997350592
348.0,4.044696517,393.18902416733533,3.9347194718840286
366.0,3.61658053,374.866759347164,3.9533000212715392
344.0,3.925930598,392.38512728851623,4.081812179521284
362.0,3.867585327,375.89502501547815,4.041811625040262
415.0,4.67,422.5897343705734,4.446049444793628
418.0,4.67,422.375862357764,4.467711760364633
391.0,4.679609572,365.23653617577844,4.460318770244892
355.0,4.172018809,364.09065985041036,4.5634578372746635
365.0,4.308564414,404.15217480711243,4.498037731919191
330.0,4.189490314,390.7528860375231,4.554487765673166
311.5,4.308137379,344.79759776870685,4.358669400913527
486.0,4.62324929,451.7711847695561,4.62830859894102
418.0,4.22,431.9346880986841,4.111275766147045
416.0,4.02,431.34953727536384,4.185310145282147
414.0,4.47,431.9803542653902,4.296967003264652
412.0,4.27,431.772630635233,4.25321629947553
410.0,3.96,430.5966677777844,4.178366297172059
408.0,3.95,430.44777641922457,4.2319581285012
410.0,4.45,429.7605913957802,4.329529682763578
322.0,3.74,320.20512895075086,3.798373367472967
318.0,3.75,323.3948526632925,3.757118590085754
319.0,3.82,325.5167589057087,3.809086669578286
325.0,3.92,324.64440182588,3.8058889305877734
325.0,3.73,322.29574202533973,3.777674983053474
317.0,4.16,321.49359296455884,3.7664504336669964
317.0,3.87,322.93804019311864,3.7746324193824554
317.0,3.93,322.9487366500176,3.78130109452617
315.0,3.87,319.2960418209051,3.7967860733744643
307.0,4.31344537,321.1266656667641,4.262608032382742
277.0,4.165303692,317.07982135435884,4.082445577466183
321.0,4.52,329.0975563404839,4.360384833381685
346.0,4.66,385.7062809381652,4.45660550032475
306.0,4.47,359.3510540887006,4.317689006327547
320.0,4.39,330.3113076953888,4.348927662767385
343.0,4.63,385.77259319019583,4.467350669079311
306.0,4.46,360.7233349796568,4.303887877928878
336.0,4.58,386.1245020461878,4.467404639587075
323.0,4.5,362.25324044916033,4.3070100550935075
534.0,4.7,542.6169336681563,4.813254019378684
554.0,4.8,551.4361201896862,4.719386568975668
548.0,4.8,569.089412748231,4.776599820265558
535.0,5.2,576.0536514827181,4.777743327021049
555.0,4.7,609.6379330353725,4.717801641393474
568.0,4.1,602.3065476425483,4.741017876235881
290.0,4.100370545,535.7058424412824,4.3721307310499755
278.0,4.222716471,301.8204896655421,4.1762629534894415
278.0,4.23299611,300.9952916759782,4.209586357711846
390.0,4.575187845,392.4553532302056,4.313541003853297
391.0,4.536558443,394.13803265821116,4.329268930857316
390.0,4.562292864,391.39534676863724,4.32979645197185
390.0,4.499687083,392.6762143723696,4.324941609609256
384.0,4.5289167,391.52409596634635,4.307355065576746
384.0,4.485721426,392.4299514448512,4.312348630189968
310.0,3.903089987,304.02716537312347,3.7229132888467524
323.0,3.880813592,316.1658107770455,3.9196087211114836
552.0,5.079181246,563.5765157287684,5.047596810480734
566.0,4.973127854,572.6047843347562,5.045836223952357
672.0,4.875061263,467.5053093006983,4.558478446154466
383.0,4.113943352,386.07474256036755,4.5183428492689
389.0,4.397940009,385.64233576048736,4.6194487690947685
382.0,3.968482949,385.85602849862204,4.5360171697042295
366.0,4.643452676,386.9789369499357,4.6192253928245215
377.0,4.755874856,387.9016298196051,4.638103946686351
375.0,4.0,386.9245309141905,4.541537982527784
376.0,4.230448921,386.0270393799778,4.537721288712399
372.0,4.219060332,367.64317208601585,4.070779498490207
372.0,4.041392685,367.5264116331862,4.020070729267679
376.0,4.206825876,364.15740028430235,4.082323738548537
363.0,3.982271233,366.04733983687186,4.013297847367841
364.0,3.897627091,364.21586723715,3.9318942896143056
360.0,3.570075705,367.9730743099468,3.846493188990608
476.0,4.719439018,430.458414509013,3.9439838641069955
476.0,4.713692103,430.51471103178284,3.937856805586995
465.0,4.741718728,430.0144081810964,3.953921464520824
465.0,4.74711648,430.3568368474918,3.966383923233656
465.0,4.730725765,430.14081635651655,3.932680235253991
470.0,4.719447304,429.6966744728726,3.9774110230969364
468.0,4.707859609,430.48630248481186,3.9686867284220346
469.0,4.733502208,430.6885270835469,3.9570685747718626
468.0,4.655138435,449.37081816148157,4.59507215897825
472.0,4.671172843,450.0626133864008,4.603867087747943
468.0,4.705863712,449.87291374630297,4.596539670419989
468.0,4.58546073,448.84246426732386,4.596990983643014
474.0,4.583198774,451.537916563205,4.597809532875484
477.0,4.752048448,452.45324281359655,4.593970058277845
468.0,4.626340367,449.43976738598604,4.593131132796129
646.0,4.748188027,644.2433438488653,4.790328713187252
418.0,4.447158031,422.5609502094852,4.652225588074353
437.0,4.799340549,428.2520453927229,4.630666254630166
445.0,4.785329835,434.4722534254414,4.648713633752601
438.0,4.857332496,430.04877177783493,4.638215138966295
435.0,4.832508913,429.1605760785577,4.583742941033181
445.0,4.826074803,434.4833475971515,4.577837696003295
419.1114837,3.86923172,385.3400055361968,4.271521266979015
418.0602007,3.880813592,387.03786307876146,4.2725162912399055
415.9733777,3.816903839,386.6958318467281,4.273494179748658
414.9377593,3.886490725,384.67209308056283,4.286892468364163
412.0313144,3.866287339,386.8413155509103,4.2884486776065955
411.0152076,3.908485019,385.7658507924175,4.269557528019475
414.9377593,3.886490725,387.25220975652303,4.269309534403656
445.0,3.903957709,374.60134589137266,4.254176711602469
510.0,4.178458936,476.8210906713425,4.38913983055034
317.0,5.194942505,394.32808022743666,3.994707120151079
317.0,5.156756965,394.48842396072257,4.002941663417547
317.0,5.193302624,394.6433950612481,3.9834064754280134
317.0,5.1883455,395.19086934445056,3.991223299704039
320.0,5.073625928,395.274867164687,3.989094715633118
326.0,5.200382945,394.88871125957843,4.00528998776332
329.0,5.196072294,393.8504790893368,3.9632515864134277
329.0,5.182318945,393.82666968344313,3.97614489608747
327.0,5.222337521,393.8281559840383,3.9628197478985734
329.0,5.199846448,393.93426287792687,3.9725174300843356
329.0,5.201988472,396.39170461823966,3.9700509975433427
276.0,3.414973348,331.50566148451327,3.8033646026756847
280.0,3.491361694,332.11426488221787,3.83117641434312
304.0,3.397940009,326.60624596410673,3.7262763541870223
306.0,3.462397998,326.539680605507,3.752703607928816
428.0,4.657055853,423.6409508107219,4.392364410260622
300.0,4.245,385.4264818826415,3.768409216331613
328.0,4.287,370.87938214397957,3.8479676535406617
664.0,4.75,655.8085374850637,4.876266843457052
664.0,4.8,656.4559047758324,4.883320478682585
666.0,4.79,660.057404360364,4.831208593402273
411.0,4.45,417.6041528997133,4.309825791490164
413.0,4.44,419.42128908050216,4.310196051841563
427.0,4.44,421.15175651321334,4.314381290824005
549.0,4.820857989,559.2664649420299,4.806418899140896
504.0,4.914607568,511.1946439991151,4.821186220940375
505.0,4.90118578,506.1350732931425,4.742918752847465
506.0,4.878234469,530.4270254409882,4.800482078673663
505.0,4.898725182,537.8192462986794,4.719414965506145
506.0,4.851564082,611.6801601382645,4.831398214334303
565.0,3.806179974,509.3896730948056,4.035663505084673
589.0,3.832508913,435.46199866737504,4.214579655026206
766.0,5.334453751,760.6798817116154,5.29150718521618
768.0,5.404833717,760.672169692965,5.29282238010301
768.0,5.378397901,757.1901413103467,5.288855170793068
355.0,4.866570867,448.9791010789675,4.711827409348812
282.0,4.685535736,397.49659773138717,4.4443709201987085
359.0,4.621840722,391.80410539272447,4.4488738593641575
405.0,3.3,453.2094972308754,4.126011775047537
418.0,3.49,457.97341414934846,4.141929925224119
408.0,3.278753601,431.3937242600611,3.973536665302459
409.0,3.799340549,432.41924208152784,3.9792209700162635
378.0,3.792391689,429.1290877805254,3.965671075172138
391.0,3.812913357,431.3181138086781,3.9236274168313274
426.0,3.999421326,426.4877835450162,4.307165273681689
353.0,4.133538908,371.42905945090746,3.7380803973330634
353.0,4.326335861,384.22720773157243,3.8025931154579062
407.0,3.5,364.5110209116576,3.9734850799162738
396.0,4.674861141,401.20821775126274,4.632795850637434
337.0,4.755874856,368.5962305629516,4.499034715456672
341.0,4.86332286,397.55808309398975,4.5238050187997025
393.0,4.103803721,367.86354582631037,4.147407929330038
542.0,4.283301229,499.34215479710093,4.296850529382846
538.0,4.123851641,497.70890398520277,4.2635652711590515
453.0,4.025305865,400.5317848748624,4.126022074370886
420.0,3.794488047,396.0808452603034,4.546804674819062
345.0,4.990338855,385.0626570932428,4.665902338469457
343.0,5.176091259,380.0782515523335,4.6820425810937225
344.0,4.605305046,379.9273173088033,4.671423357424007
344.0,4.167317335,382.97458947256075,4.66416840878197
389.0,5.064457989,382.5156544936518,4.65757407203357
381.0,4.682145076,378.6432396840881,4.701161304040524
383.0,4.959994838,379.53225664325225,4.686824568541477
376.0,3.966141733,380.98525710091633,4.679756320572984
317.0,4.959994838,363.5863983259634,4.5118640825765
433.0,4.8,432.97318541660627,4.072524169190984
451.0,4.5,438.78457042103645,4.5071321481793145
453.0,4.49,442.22554110096354,4.497272820004015
448.0,4.51,438.699641662179,4.514436731365732
452.0,4.5,440.20837853909205,4.51451218277788
450.0,4.51,438.2380449781948,4.513924078487234
451.0,4.5,438.56309745228043,4.508726567154804
446.0,4.5,438.5469607783681,4.510843448064852
445.0,4.51,437.98765783917645,4.505535291286803
444.0,4.5,439.3714670498345,4.510086306183579
434.0,4.09,446.82259878752245,4.173856254739172
400.0,3.742096402,430.6975261196593,4.016243944473802
405.0,3.710709566,431.64326093693546,4.01226057291573
402.0,3.747256397,430.7095550340829,3.9983442614496227
401.5,4.5132176,411.15985658965775,4.513954329938269
400.0,4.496929648,408.9186987078131,4.519306117347063
363.0,4.103803721,362.11004747427654,4.2007681256064755
419.0,4.378397901,385.38757062015304,4.351493197871067
330.0,4.565847819,334.176996257255,4.404568575485362
347.0,4.781755375,340.71487177812264,4.382986156837161
571.0,4.77815125,584.6812147787955,4.606294329806538
570.0,4.903089987,584.0328018843736,4.585268375955289
396.0,3.064457989,372.4525467201944,4.137043562352071
400.0,3.303196057,381.5092934907133,4.138096758900565
474.0,4.025305865,429.70463986449687,4.2075360490254265
394.0,4.662757832,399.1096263011771,4.151805970434853
398.0,4.322219295,401.37127927689687,4.132436593005823
378.0,4.462397998,373.569870643329,4.316222466240832
418.0,4.123851641,401.8739152480338,4.176228176716493
400.0,4.392696953,401.2911758673464,4.173834092922755
420.0,4.378397901,424.05869324648575,4.4360392704121185
338.0,5.247973266,410.4763531831239,4.600638517849974
338.0,5.255272505,411.1544039016503,4.605905930102841
524.0,4.602059991,462.44721823173074,4.406086272982416
326.0,3.2,354.5296747174264,4.13094799009863
341.0,3.8,355.25366820131,4.165297983628778
361.0,4.2,353.4064034424303,4.203384232239097
311.0,4.3,354.25649159102323,4.167113641584729
324.0,4.2,341.9089668207212,4.16853599137662
348.0,4.4,373.4922443553142,4.235883807446052
345.0,3.2,346.9999415985145,4.182667046706809
362.0,4.1,349.8429124377472,4.2153031163052415
338.0,4.2,406.39518284227796,4.256858056893224
343.0,4.3,390.40352726078015,4.271792290386247
331.0,4.2,356.06094939742417,4.1357889235144825
342.0,4.0,356.5972992040455,4.170051295182487
355.0,4.4,354.2945368128538,4.214427866719975
313.0,4.3,355.5722973634548,4.182957080774813
334.0,4.4,342.65951164808337,4.215472976432475
345.0,4.3,372.19057071714894,4.246800515505971
345.0,4.1,349.20839490378836,4.220832026635426
358.0,4.2,351.73190509268846,4.259783150608476
332.0,4.2,405.4732477974595,4.2593951869169855
336.0,4.3,389.997533232099,4.276236538686112
330.0,3.2,353.93181911105063,4.143508672839604
342.0,3.0,354.4846366223564,4.178800974430069
357.0,3.9,352.90848009766637,4.218591204732734
313.0,4.3,353.9028325801649,4.175872561888171
326.0,4.3,341.76982222838944,4.220533245527163
344.0,4.3,371.8988685982362,4.254143300758258
345.0,3.2,347.18945774143265,4.212172992969831
359.0,4.1,349.9298789635716,4.239233960023701
333.0,4.2,405.1018345241105,4.253048533959596
336.0,4.3,389.58335324866556,4.263453759157013
333.0,3.2,353.8558585038067,3.81331244565514
331.0,2.8,353.0424854176748,3.825042629502268
342.0,3.9,354.44758753609625,3.8149153808574736
358.0,4.0,352.7402943068051,4.021711360278785
318.0,4.1,353.59512764814355,4.013752798209546
327.0,4.2,341.8331525726815,4.1407688484546625
342.0,4.4,371.9385519510997,4.158598252632617
345.0,3.9,347.2222264095139,4.092012265108398
362.0,4.1,349.88094670110166,4.13883667066934
335.0,4.2,404.9711915190251,4.210225926606161
340.0,4.2,389.0435295861515,4.239522148338257
630.0,4.08278537,515.5838332567901,4.526186202967741
630.0,4.089905111,524.9713223661881,4.502159231627611
607.0,4.11058971,582.8695731278486,4.308646383354693
400.0,4.523746467,403.05041747827175,4.462992668346191
382.0,4.534026106,397.8728295999581,4.514182409465144
380.0,4.214843848,397.61290063087523,4.4053503999211845
384.0,4.220108088,403.361749752296,4.381114998894344
411.0,4.439332694,396.2421488396339,4.436996805712114
411.0,5.1,419.8944815889463,5.0435113475452225
436.0,3.531478917,454.8442089248141,3.837504684097137
520.0,3.826074803,506.62376146354717,4.037912495142608
538.0,4.54,525.6259586037908,4.588601784092713
577.0,4.6,573.2588787302759,4.732373956223997
576.0,4.73,584.2274714598632,4.740155139060498
577.0,4.7,587.4952440502987,4.761684754117255
478.0,4.46,506.11859651803604,4.566185923296013
415.0,4.798650645,428.10178934044205,4.665930126643515
417.0,4.829946696,428.9537389846463,4.661588823297628
412.0,4.778874472,427.78643877952675,4.661541815957447
411.0,4.80140371,427.63989183161283,4.656740894156288
602.0,4.7,583.7904811929996,4.908619691629212
606.0,4.7,583.7901593966424,4.897031940010413
599.0,4.65,577.8405342020013,4.870231575074106
602.0,4.67,581.7849260574071,4.875538933578641
592.0,4.59,569.8861833539058,4.855786958103647
678.0,5.16,692.9663213412925,5.230263815923209
682.0,5.16,695.0485328929001,5.211153411374553
675.0,5.1,692.333331269943,5.160659722093702
676.0,5.1,692.979539559303,5.176636432595592
666.0,5.08,689.9042764787353,5.144802992339669
602.0,4.82,595.1304236560529,4.902710063810847
605.0,4.8,595.7372091696394,4.887569643066266
598.0,4.77,589.723000619973,4.860875131448045
601.0,4.8,593.1775688563141,4.869159672734742
590.0,4.73,583.3210669566099,4.846587622547752
687.0,4.89,686.6508142087326,5.172929442269593
687.0,4.83,688.254539000373,5.148728763038129
683.0,4.83,685.4306938883099,5.102291621411345
683.0,4.8,685.577382851147,5.109001925477267
677.0,4.72,681.9407813312935,5.086069319788829
680.0,4.98,698.5527374233754,5.178353545025834
682.0,4.95,700.5977571548704,5.157481456097659
677.0,4.96,697.0626627156137,5.1146503758376936
677.0,4.94,698.2728035778783,5.127019514378539
670.0,4.94,694.9196675784385,5.101033773258963
669.0,4.98,693.233853899892,5.231458870510274
675.0,4.93,695.3052781163776,5.212774434304789
664.0,4.88,692.5894364740111,5.161919876626349
670.0,4.89,693.2341732651902,5.177286758858785
660.0,4.82,690.1148917990565,5.145685592146412
282.0,5.041392685,332.30006604376706,4.440362209303274
284.0,5.77815125,335.2069709972867,4.458217304111509
282.0,5.84509804,334.7961081500663,4.4046219251917
286.0,5.838849091,336.3972921697725,4.445913310893523
310.0,5.716003344,339.36890814050366,4.5935191848025205
314.0,5.653212514,341.4089637056589,4.624002015006444
324.0,5.301029996,340.76913423577946,4.685571705704209
333.0,5.447158031,342.4055472378153,4.5989145350973555
299.0,4.62324929,357.82047584362573,4.687313062822714
303.0,5.893206753,359.5042253260639,4.796455976440617
303.0,5.914343157,358.4008452074462,4.794890249552501
302.0,5.954242509,360.8652057748917,4.762635177470812
307.0,4.440909082,299.038230313667,4.252512226271229
317.0,4.442479769,320.58404495399907,4.112336633366352
295.0,4.411619706,320.33187280908874,4.097978060425345
321.0,4.392696953,325.81978468916776,4.32288900023685
293.0,3.380211242,294.66764988281756,3.3390228861875597
320.0,4.602059991,336.85441299905267,4.38196739247919
335.0,4.913813852,368.2007897183845,4.441308847839595
410.0,4.068185862,394.3277443352948,4.204221814574415
392.0,3.919078092,412.6412700089919,4.25411404207491
392.0,4.173186268,418.6535244323628,3.935957075543193
355.0,4.82445127,362.5244837721524,4.664716649778233
366.0,4.480006943,356.4500690171718,4.420556136796226
360.0,3.799340549,361.368369315284,4.238840619606221
376.0,4.414973348,373.97244456368134,4.436244013248713
370.0,4.436162647,372.5066789910064,4.445837196748141
369.0,4.383815366,370.5319504852829,4.441231852653152
373.0,4.474216264,374.0483953589527,4.42916810723125
367.0,4.376576957,360.0348564332493,3.93390609448714
358.0,4.456366033,383.575193597468,4.3001419782218235
351.0,4.46834733,381.3870567825613,4.316530894453637
352.0,4.494154594,379.4429929350441,4.306999647893395
359.0,4.457881897,383.2883735258511,4.3067915747607985
363.0,4.290034611,368.98490114409583,3.9592639782803594
395.0,4.472756449,397.3416326273412,4.341210321769126
390.0,4.488550717,397.139210748315,4.350076048037004
388.0,4.479287316,395.70940929145377,4.343989576201169
394.0,4.460897843,398.37251944342677,4.3416357465226145
361.0,3.973127854,387.05763223716644,3.9686427049702986
377.0,4.537819095,381.9234377218765,4.392026986672141
371.0,4.525044807,380.1331477698795,4.41430520084067
370.0,4.5132176,379.01426300735,4.4080613840848235
374.0,4.487138375,381.4054932061771,4.403879588437007
331.0,3.875061263,369.7433469793172,4.045382397748304
374.0,2.77815125,376.3477453575616,3.548254848992839
385.0,3.278753601,386.81943316489196,3.988480735198935
364.0,3.041392685,400.05452599876116,4.182559470450558
362.0,4.770852012,397.1642601326115,3.722003492543758
411.0,4.47,406.9220981660581,4.430554899578896
417.0,4.51,409.9170714420617,4.461691312007537
428.0,4.59,440.4317997526791,4.470085253273848
440.0,4.51,416.54500951925075,4.444070787935017
382.0,4.356025857,386.07869389276794,4.379533901417802
421.0,4.972795075,436.4354794813873,4.434216597610222
417.0,5.030356805,436.77596679098394,4.376490470762134
420.0,5.061663543,437.02959071597195,4.474704703624745
419.0,5.057293257,437.78429146511564,4.467344109368469
417.0,5.044727862,438.0529480874019,4.492232659289815
421.0,5.060501419,438.3923560836345,4.478486030691232
421.0,5.016439955,437.2840261941935,4.436853123750555
419.0,5.017350592,437.47278098605494,4.409448357215062
415.0,5.030462086,436.7534738017942,4.446678010633633
402.0,4.11876059,435.746719880198,4.458414228997105
406.0,4.400434368,432.7368143294173,4.562456071409461
318.0,3.681241237,324.6881221898764,3.907574769962209
318.0,3.681241237,324.7031010559781,3.7286482357985955
305.0,3.62324929,325.1946159711887,3.8719073676505396
307.0,3.62324929,324.70987670824206,3.762081640931271
302.0,3.434568904,324.8182163310331,3.742208598893607
312.0,3.643452676,345.54339351949204,3.885751489475895
311.0,3.662757832,344.66685314861326,3.766141731830685
307.0,3.544068044,344.71605872476823,3.7450353201286197
404.0,4.45,424.9073369465676,4.338295031729441
394.0,3.85,359.99202711798824,4.2050581427211835
397.0,4.26,393.60291980044246,4.29888816687169
393.0,3.91,351.6209887528249,4.195634098269491
286.0,3.94,354.9716060991997,4.124561547050457
357.0,4.94,374.3958578233809,4.809068427965268
358.0,4.78,373.96361314191137,4.771016197691414
356.0,4.91,373.77694451747277,4.808925747235107
352.0,4.75,372.41435278429026,4.802546546066919
357.0,4.79,374.29084200314463,4.800171077950761
488.0,4.877831891,463.14350532800546,4.68961984691711
536.0,4.736157375,497.9229235816354,4.713657754406148
526.0,4.858055718,520.9897072132017,4.754905539187279
357.0,4.631443769,392.0733548330191,4.331119792326068
329.0,4.369215857,373.95518236687144,3.859039667903565
335.0,4.369215857,376.3561272844602,4.235185187836816
398.0,3.995635195,380.4062761009277,3.98100635863155
399.0,3.859738566,409.96896993756354,3.9933186857489895
401.0,5.149219113,400.78353490849486,4.614165690008209
400.0,5.086003706,401.282871639187,4.587112358582568
398.0,4.810232518,400.7630070280393,4.598284755504651
391.0,4.509202522,400.3163210391468,4.602006618732792
376.0,3.995635195,406.21565617658007,4.444306573871046
441.0,5.505149978,448.7302611667833,5.051308094576883
262.0,4.612783857,383.789749597132,4.402998500075515
350.0,4.19,365.0805734124197,4.08737640109495
365.0,4.09,364.8080127220585,4.09663006386226
310.0,4.068185862,338.4431316952782,4.087424999270391
393.0,4.456366033,381.10821765413294,4.3062173798950285
369.0,4.127104798,358.6432133767507,4.178568920390826
381.0,4.334453751,361.21289520099054,4.236511019846139
386.0,4.51054501,383.6878394300456,4.421856224526675
406.0,4.640481437,404.09521816908335,4.461039347532163
317.0,4.45,359.9431219420852,4.277497142498514
329.0,3.86,386.5828757841535,3.974487221685
386.0,3.73,411.9074021572016,4.206563662768874
380.0,3.43,379.7221176579428,3.7891800847390273
381.0,3.75,425.7130291723641,4.233683596652862
692.0,5.27,608.4910928450922,4.788391642827035
694.0,5.29,607.9343529996594,4.792127418096401
687.0,5.29,612.05385349119,4.811254597209752
690.0,5.22,608.3587784080221,4.8036191694703465
688.0,5.17,607.2873221907155,4.803002219591265
689.0,5.22,607.1095852421129,4.803275886516159
692.0,5.22,603.4306909512475,4.79761441400277
681.0,5.21,607.8748775631257,4.7994892409088745
679.0,5.23,614.0933938538853,4.817745862677775
682.0,5.2,679.2762532376307,4.901829435919735
686.0,5.21,678.7339349028294,4.903237780806312
678.0,5.19,682.6412332372647,4.914278106698083
681.0,5.23,679.4742243481503,4.920593741272541
680.0,5.22,678.7095690526492,4.918119667542675
682.0,5.24,676.9920306733184,4.922035323815264
685.0,5.26,668.7550016359487,4.915934151892519
674.0,5.25,681.0444804492647,4.920057355814013
671.0,5.25,690.4024020782587,4.946356760468071
283.0,4.424881637,317.85303308809506,3.945254928813654
338.0,4.45484486,340.34769732742797,4.046477585668894
386.0,4.51054501,383.6878394300456,4.421856224526675
343.0,3.571708832,349.64314250287134,3.643550964907431
344.0,3.615950052,350.2756862125792,3.6822962489035276
356.0,3.559906625,354.0902705281482,3.6907632042802176
348.0,3.564073979,351.1083871816043,3.6406614898593075
602.0,4.888740961,577.5688813664113,4.814831384241067
591.0,4.850033258,577.072465222351,4.756341301883718
594.0,4.428134794,580.7066129458537,4.6866052585935565
440.0,4.238046103,411.9170815609599,4.373300606914933
362.0,4.100370545,365.2893005255283,4.085709542082777
342.0,3.924279286,369.31119440372134,4.1147544703396335
368.0,4.079181246,373.5346291328837,4.00191985973818
396.0,4.45484486,407.22770263631344,4.480776678275259
413.0,4.630427875,389.0572024403671,4.397259632912272
423.0,4.477121255,363.3543732237839,4.41870655600345
468.0,4.30263392,472.2884752159306,4.658635721686994
475.0,4.404080743,473.0275150726226,4.6348625239183585
462.0,4.367765791,471.49647666327064,4.633951440981653
478.0,4.418351017,475.8938534038163,4.636085805830941
485.0,4.331467788,476.1104136624226,4.654021312637133
477.0,4.26587866,472.3892628342567,4.667402306940559
479.0,4.331953395,474.1602710241803,4.655279738477044
484.0,4.267124775,477.39542006179124,4.6673293153096465
489.0,4.332094928,479.09086711382497,4.618023923148959
396.0,4.34427435,397.6582896773995,4.302390645469777
390.0,4.361028626,395.88968590223186,4.3021974222474295
400.0,4.339173086,395.92800091826905,4.315921816121753
389.0,4.358505911,398.3169613687216,4.309575056712693
389.0,4.313297626,395.3052862960497,4.312721649514065
388.0,4.415540901,395.76497067677957,4.320707708812245
391.0,4.327379371,394.6183588359942,4.259222089919104
397.0,4.273672462,398.9929971159013,4.3058652464744185
407.0,4.827685831,423.8629241552456,4.277097581959124
412.0,4.813360783,423.31067419807266,4.306787047048571
407.0,4.773449992,423.16778295517736,4.294542934753409
415.0,4.75550898,423.68623726162434,4.295719414477257
406.0,4.781934798,422.9830574042732,4.3088860021500315
415.0,4.757836174,423.0019311453567,4.245412337379721
410.0,4.739596076,422.49317119263395,4.297855411383205
417.0,4.702602841,423.962535649677,4.2940455671529065
419.0,4.67809936,424.47003175587525,4.2879188486843045
606.0,4.862727528,556.5668736670625,4.647435172369637
593.0,4.750122527,551.9642385009108,4.614792238033021
591.0,4.735997884,551.9012495812733,4.594028080904203
587.0,4.702430536,552.1854905955513,4.566158127259044
316.0,4.799340549,373.4874368164659,4.389169698351525
480.0,3.929418926,462.9482542025494,4.335197689540527
479.0,4.217483944,463.3123260443873,4.380003195955411
477.0,4.187520721,462.2039801051622,4.368940080434149
474.0,4.336459734,460.96741359146563,4.4071832069069865
415.0,4.480006943,406.2331921169766,4.412558845916349
407.0,4.457881897,407.12162553198425,4.416358720234831
407.0,4.411619706,405.9915122417216,4.416053330989132
400.5,4.146128036,380.35872447985406,3.9270741179916504
404.0,3.73239376,380.7048080316169,3.850087236918168
393.0,3.69019608,377.2908724082793,3.854047648953653
396.0,4.0,378.0839433540167,3.7667896770059444
397.0,4.041392685,378.9785599579039,3.8942839890444043
392.5,3.672097858,378.367580679428,3.8789184770485776
405.5,4.204119983,386.7296617381298,4.021478712003065
409.0,3.875061263,387.26532049339795,3.967773059576905
396.0,4.041392685,383.71257766693026,3.9814278331572766
400.0,4.079181246,383.53419080336164,3.697295779796646
400.0,4.079181246,384.6345050519043,3.963869750145573
396.5,3.875061263,384.34839934982006,3.9782776691183024
386.0,3.959041392,349.2257344598605,4.198822249519405
387.0,4.230448921,424.0146994662542,4.372678160094489
389.0,4.579783597,429.21424167808783,4.551962316089165
709.0,5.206825876,607.3432843384844,4.891672300147773
704.0,5.250420002,610.056979918111,4.88644121637336
696.0,5.10720997,606.6203051695027,4.948753971778539
696.0,5.136720567,607.3680865170074,4.899460562022986
432.0,3.968482949,470.0317395223843,4.324903066751681
402.0,3.866877814,419.17717512906177,4.094807872706666
378.0,3.16,365.8831631478377,4.12601218426383
384.0,3.16,369.1445709129166,4.1468706891305365
384.0,3.12,366.3615813339512,4.139985712405723
318.0,4.764176132,344.1260951162809,4.358448602707743
352.0,5.123851641,370.9487256136961,4.66605232187242
341.0,5.195899652,373.0472627264659,4.647627835082234
296.0,4.25,334.96438262852746,4.285465117003502
300.0,4.31,343.9955783641615,4.258746269129263
303.0,4.37,344.01058068140037,4.264558470389505
304.0,4.61,403.8161395535493,4.385231021878285
302.0,4.38,340.1618018344863,4.268888903814316
302.0,4.37,354.8294743428267,4.301619814725316
312.0,4.38,332.8176128077211,4.282164986478518
302.0,4.32,349.6051098243985,4.173808414689829
323.0,4.54,333.37867376692145,4.416095174699404
290.0,4.41,331.11573587466216,4.3035660328373355
350.0,4.636487896,353.90307226796693,4.532137681250732
355.0,3.908485019,353.678371164826,4.489232707469941
350.0,4.697229343,364.9385413046622,4.457731102237031
353.0,4.803457116,367.57137263654147,4.528951724108306
350.0,4.574031268,372.1353849385684,4.480366021411832
654.0,4.2,512.0058738501954,4.62600601253538
510.0,4.572232464,489.4462951504156,4.513224023415779
511.0,4.731588765,491.8281756919866,4.553506839361771
497.0,4.483087821,486.0530148187937,4.529522429215878
529.0,4.610766595,492.5195159197301,4.531241519157751
519.0,4.563184335,494.33551361258594,4.511451990571247
506.0,4.529943402,486.27230895568846,4.516064312547721
516.0,4.509740016,490.7028184275456,4.513946900781394
509.0,4.411535532,491.36882493478595,4.43769207794155
500.0,4.534850736,486.1733104083015,4.506192290600956
602.0,4.112336836,516.032068503562,4.491110684109402
611.0,4.247285703,517.7132471238128,4.5141293600781465
563.0,4.201615582,508.128269442666,4.481252317611025
594.0,4.034187121,508.28917149251237,4.491468806873332
585.0,3.968809714,508.8131516442173,4.469604093741199
573.0,4.287039928,507.943955462792,4.477907848679638
607.0,4.101334573,517.8241545567778,4.491485981403672
599.0,4.02796086,517.8355777108825,4.4416008490637156
561.0,4.11657454,508.86844187054965,4.480578886045754
523.5,4.342422681,504.1467878036744,4.7062574160998745
517.0,4.278753601,500.22669609325794,4.63283499186632
516.5,4.278753601,499.54298989088113,4.6317356399624785
518.0,4.255272505,499.80601737604366,4.6335388397019965
516.5,4.230448921,499.19637973258057,4.628318843467466
513.0,4.230448921,498.2411097809394,4.61464553799781
548.5,4.633468456,524.9992799659009,4.680267357920484
542.0,4.568201724,521.0958651665312,4.596272089175093
542.0,4.531478917,520.4848010637326,4.596454225958823
544.0,4.556302501,521.1919316834823,4.597983988673793
542.0,4.544068044,520.6843130067595,4.591564445772123
539.0,4.531478917,519.4353017325146,4.579621821238853
532.0,4.991226076,526.6099395012266,4.466240498869152
518.5,4.806179974,519.4506016599988,4.3806637258831955
515.5,4.763427994,518.1310641321121,4.367931051231357
520.0,4.806179974,519.5720858299759,4.38149180555533
518.0,4.785329835,518.3132455123125,4.38051836861861
511.5,4.681241237,515.8194679963619,4.355281519433291
358.0,4.350248018,391.2017140822039,4.221466818399284
422.0,4.872738827,406.4051050116028,4.469278380325223
424.0,4.808885867,407.041598401108,4.471155955820139
422.0,4.783188691,406.55231099193026,4.507038142592915
422.0,4.811575006,401.9969228021429,4.511324699626435
418.0,4.812913357,404.76120980321974,4.506614707325885
422.0,4.766412847,405.05111594173826,4.514333003714077
417.0,4.782472624,404.56340697434695,4.48668920495434
342.0,3.523746467,381.3788013618224,3.723390470283507
383.0,4.118628415,415.3083497194608,4.341773015431324
379.0,4.323293361,415.0762737288599,4.374116208919302
378.0,4.375407533,414.79494206476954,4.363772997548138
382.0,4.505814483,416.15235283787706,4.372068658815671
375.0,4.54696195,414.6434470148479,4.381295550623472
376.0,4.386855529,415.24919332732196,4.352701593416737
375.0,4.09509958,416.37101184303845,4.317940285467817
364.0,4.435796604,401.58823449276974,4.388744072313331
361.0,4.545554507,402.38758681586626,4.455289046345115
343.0,4.57953209,401.2056162325663,4.440565230501152
363.0,4.627734441,400.63602685790164,4.448229700720167
359.0,4.59247655,401.74502371243705,4.462550390136238
360.0,4.525821952,400.3171340436369,4.443207623186726
362.0,3.935809454,401.19820685576104,4.432726243272345
361.0,4.587228147,402.0375903287842,4.417133436439509
364.0,4.643146588,402.24895633458135,4.201079321085504
396.0,4.572185944,404.2100357392668,4.416702234530776
391.0,4.619625433,402.50698421154226,4.4589963926569895
394.0,4.414689293,402.69969011148015,4.4361586175700065
397.0,4.599708446,405.21800464617877,4.463628471341945
390.0,4.640133464,402.45857438263766,4.4942718516683495
391.0,4.683263231,401.4298445478074,4.422808429723924
393.0,4.582631439,402.512130002638,4.475437768489963
399.0,4.31122391,405.11550931640204,4.468643116659708
402.0,4.378506915,406.4885833523189,4.455166000588177
492.0,4.51851394,497.77961305510445,4.70083914740873
460.1,4.531478917,507.60061425035894,4.72463964052712
325.0,4.342422681,336.12493390115617,3.9853159904650837
389.0,4.265,397.8857640418025,4.364483562823506
402.0,4.522,400.41886735363926,4.398033798441726
453.0,4.522548556,409.2768458341387,4.324499918924513
454.0,4.658764793,410.42427583385995,4.34790136943779
448.0,4.694491127,408.3428533722914,4.348356945259307
446.0,4.732827837,408.61575625603956,4.338847101293752
442.0,4.69665339,408.3057823037839,4.34428133150532
443.0,4.671635597,409.1810235325608,4.348841095856842
441.0,4.703497726,408.348563701145,4.350179637552985
449.0,4.015988105,409.15681794268403,4.3119864768372
454.0,4.683443309,410.52486719392175,4.3162402631936505
442.0,4.645363311,408.27280037349374,4.3322385324768815
446.0,4.667153981,408.7277435427974,4.296561014416975
472.0,4.976684628,419.03108671311963,4.3483093459603435
479.0,4.985107485,420.24121952210515,4.375095760774888
476.0,4.961174212,420.082358694115,4.375776800762653
468.0,4.950204155,418.99085922441174,4.363330127418121
470.0,4.960137675,419.5389132323561,4.3748921698907015
466.0,4.935285528,419.50367835738473,4.373354058658476
465.0,4.951322945,419.0090226151501,4.368078025322807
478.0,4.731846526,419.93738385086306,4.354907308553599
483.0,4.94019762,421.02276658963336,4.350535963079659
471.0,4.935890002,419.2239436303486,4.356266214388148
475.0,4.780979412,419.6303504356223,4.352794369871561
485.0,4.770247996,429.7942762600622,4.379535697101238
491.0,4.766234333,431.12191261165356,4.408517716596434
485.0,4.753314893,429.36466033155966,4.413357436355081
473.0,4.825614336,429.2257274619521,4.401234052876223
472.0,4.764594528,429.0976313942395,4.403295865250065
475.0,4.755272521,429.2421571766748,4.407833130509905
471.0,4.76334562,428.83786246951513,4.403510537030694
478.0,3.711638538,429.51301070911825,4.3975594360342765
482.0,4.724267675,430.89800924371474,4.39612527854883
475.0,4.706103021,428.6622148324192,4.393165795739733
477.0,4.721150844,428.9844198170068,4.403189427756653
365.0,4.531478917,346.15453045342144,4.21286015234142
345.0,4.462397998,339.1935865015118,4.194572897394137
406.0,3.568201724,402.6666969633786,3.757045221422284
520.0,4.40654018,460.9781720259483,4.065240363238823
534.0,4.649334859,453.626066260901,4.218287142599913
630.0,3.301029996,642.0737691772341,4.169823304187802
644.0,4.607455023,663.7500396141133,4.353935790697227
358.0,4.172018809,364.09065985041036,4.5634578372746635
365.0,4.642563437,390.7528860375231,4.554487765673166
312.0,4.308137379,344.79759776870685,4.358669400913527
402.0,4.447158031,362.28416627051394,4.342370855621652
438.0,4.0,379.07157046356195,4.121996805193506
336.0,4.380211242,359.65604388248914,3.9564652661705013
325.0,4.335016361,356.21246304380355,3.9206129940631356
335.0,4.358658069,360.76582784697865,4.0222589613118735
329.0,4.354204511,360.9686084946835,4.030574238772589
328.0,4.366759055,356.801704632477,3.9735174266207003
328.0,4.364307047,358.9595458082225,4.003546820171606
325.0,4.309225489,358.4212548747828,4.025978737472708
325.0,3.985471383,359.8276699047644,4.030463136629704
329.0,4.383007042,359.76213591556933,4.01858934147035
324.0,3.925776054,359.12040142394164,4.042646687406825
461.0,4.72,471.7844078367152,4.622577627990692
452.0,4.66,468.0623756227884,4.583593689922495
471.0,4.79,476.6982068768376,4.584685313197388
477.0,4.69,478.78132784776653,4.595218250926141
455.0,4.73,469.0146260071724,4.582697086275447
306.5,5.133538908,305.43880788969614,4.808324520200338
310.0,4.686636269,283.27195290839694,4.534861501362033
331.0,4.305222352,342.9418421730241,4.261960072767815
323.0,4.257678575,338.46131250416255,4.307507116888857
323.0,4.278913575,332.53863680803215,4.257250829615751
351.0,3.91603261,339.77130192060775,4.298827066041694
337.0,4.439332694,338.2380522170709,4.382504348800479
349.0,4.350693717,373.17099599196496,4.4335630579151895
390.0,3.897627091,394.8188529614166,4.0137236954882
400.0,3.86923172,392.90636072702557,4.048632959604966
411.0,4.39,413.299354308305,4.304103894972825
483.0,4.571371045,457.2095122599236,4.494665582990831
352.0,4.152288344,409.99136402130426,4.434345920445685
349.0,4.139879086,408.6308426098893,4.429783821756546
343.0,4.167317335,408.19155146071125,4.460972406385563
574.0,4.491361694,539.9706994007314,4.330876173352839
322.0,4.301029996,329.98257025026294,4.450758978285915
330.0,3.939519253,337.48967811648834,4.3262138516911
360.0,4.58546073,354.0626371427311,4.329849440700456
357.0,4.50242712,360.9409052754758,4.455551913875914
354.0,4.457881897,392.8752309017939,4.55189571700534
355.0,4.517195898,413.4608519703098,4.57268607878658
330.0,4.442479769,347.53646384034386,4.224221450821748
396.0,4.322219295,385.1783538176221,4.356965779997038
382.0,4.653212514,368.8274473523803,4.828190163213842
511.0,4.563587866,484.95529579321465,4.480742629883534
514.0,4.42794029,483.66374389760915,4.4260159132617645
514.0,4.449277791,484.0926156002698,4.416986979735098
358.0,4.652246341,354.4675509135885,4.607072724575881
420.0,3.59,422.3309160535856,4.017327408442932
440.0,3.53,422.95553151679906,4.000513635053693
453.0,4.545307116,444.968311651556,4.598331085618151
460.0,4.810232518,444.122516136541,4.637080692610608
458.0,4.818225894,444.29395308876565,4.639707649330687
454.0,4.79518459,442.93080069116786,4.638597992402304
531.0,4.81,537.951673988681,4.767423282067544
627.0,5.02,614.8295075456624,4.91780818246016
349.0,4.762678564,343.69866784246153,4.58540313006322
351.0,4.758154622,338.07886031587304,4.579148009518666
432.0,1.62324929,430.71078593246455,2.111580258741061
396.0,3.880813592,368.13458665947553,3.7626726381586417
400.0,3.662757832,394.7262395804307,3.6164520318076305
378.0,3.984977126,369.62495732347077,4.208324523518465
378.0,3.977723605,370.4749195484934,4.2273363978259475
376.0,3.980911938,370.1556229298972,4.177524672139387
378.0,4.021189299,368.76165536775807,4.254271131219033
378.0,4.051152522,370.4532752343931,4.232680963949333
379.0,3.993876915,368.91991009575986,4.220518969523171
378.0,4.0,370.0743092655514,4.216259877134602
386.0,3.255272505,457.1802521917539,2.8732068009907374
395.0,3.447158031,459.6335903200438,2.8651894100092536
409.0,3.602059991,463.32722963712786,2.9206337182441993
429.0,3.672097858,464.42273002183384,2.9692393138760647
427.0,3.255272505,438.4648514450746,3.1173136105984214
440.0,3.278753601,443.23497156623455,3.11560481884516
451.0,3.255272505,446.3305196005475,3.146049890973362
458.0,3.230448921,447.7242714274238,3.1773509646963216
389.0,3.602059991,476.0201477171348,2.9705961497215414
409.0,3.69019608,483.98905998483923,2.974259367084051
424.0,3.770852012,491.1283835899347,3.0095327274000505
436.0,3.812913357,491.74628435871216,3.0329880951216968
449.0,3.322219295,450.6387716071442,3.2096407898322084
461.0,3.322219295,458.89604165259163,3.2117336883627
471.0,3.301029996,463.76351523546043,3.2329668489266767
477.0,3.255272505,464.82489910608894,3.2420776176331456
421.0,4.792391689,400.8473484147297,4.603839644994108
407.0,4.176091259,391.1460987974039,4.5144171295428075
380.0,4.84509804,402.2486115496794,4.7317365231629775
370.0,4.134878045,373.51974537934973,4.028783844541224
294.0,4.794488047,365.0374876138186,3.9427576243794578
291.5,4.638489257,367.21805550491547,4.158720029725379
294.0,4.844477176,365.42840906061764,4.147864847192962
294.5,4.85308953,367.82771834348193,4.154645860740009
293.5,4.72916479,368.140425154258,4.163753669624635
295.0,4.854306042,366.49896720625503,4.145647979064836
295.0,4.77815125,369.5436356648412,4.16611888950075
294.5,4.847572659,373.2044108956673,4.141410490955488
293.3,4.695481676,366.25152769596036,4.1555396300181044
291.5,4.675778342,368.620574892339,4.1896465970340975
294.5,4.84509804,374.9776285665573,4.145325921167304
291.5,4.716837723,366.42246847277306,4.149245015964983
292.5,4.71432976,366.78131209519074,4.173063864324433
293.0,4.675778342,368.4084678239713,4.050271098126212
290.0,4.57634135,365.671812647699,4.141626177747791
289.5,4.506505032,366.43024356378544,4.131456073374855
522.0,4.041392685,417.73773950989136,4.271482190137485
418.0,4.785329835,396.8935730450724,4.726113916137136
432.0,4.447158031,437.02771712864444,4.629692480422468
521.0,4.77815125,427.6838847041783,4.550280907623913
524.0,4.73239376,431.4441905352992,4.534641134234329
516.0,4.633468456,428.4581977937534,4.543064175291885
517.0,4.763427994,428.0044205170604,4.522363072405391
538.0,4.806179974,497.1012346486379,4.618269060322633
538.0,4.792391689,496.7659183127729,4.612100013723305
528.0,4.602059991,495.8955811743884,4.620380046451812
530.0,4.806179974,497.4535082665564,4.5897077090855785
581.0,4.51851394,521.2077524845567,4.611889397336337
584.0,4.505149978,519.995191696569,4.599382090433493
571.0,4.431363764,519.5496997681119,4.604170329435842
574.0,4.462397998,523.9915515583194,4.552967223585881
344.0,3.87817698,404.7270655788512,4.2980621400372225
414.0,3.989004616,445.5828337911071,4.594148221948278
360.0,4.365487985,412.9123173720254,4.311370074411103
280.0,3.876794976,373.08249751633645,3.997234468449979
280.0,3.900530982,372.32518022646065,3.9907471568138666
280.0,3.875928985,371.4271431900533,4.0044904558742545
339.0,4.146128036,349.78910243150784,4.080243520465298
402.0,4.729974286,404.90365338498253,4.6352818859218266
530.0,4.69019608,516.8929095582467,4.6463446994411655
519.0,4.602059991,517.5663110164876,4.6067606903032825
530.0,4.662757832,516.4781595629352,4.631846235333436
530.0,4.672097858,521.7897430345683,4.634715764245838
533.0,4.643452676,516.9132919167461,4.630776292776869
530.0,4.62324929,519.4673934684274,4.628579307468195
364.0,4.532754379,500.7140484360078,4.44770290849587
369.0,4.5289167,497.82937292584273,4.434971661971645
367.0,4.551449998,498.87836952258874,4.470821228736677
367.0,4.537819095,499.26759942253545,4.4846328834777
365.0,4.583198774,498.4571917725131,4.472240054958895
365.0,4.567026366,497.0793779041534,4.465261800058153
368.0,4.588831726,504.6680814252263,4.462880787904905
361.0,4.725094521,408.67078179702264,4.578325798199708
367.0,4.651278014,409.1010248778141,4.568501710864881
362.0,4.713490543,408.5326599546643,4.585546255519832
370.0,4.678518379,410.4555069032067,4.598986647576991
359.0,4.730782276,408.33173370083375,4.587371415706955
363.0,4.73239376,408.15106743909354,4.582599800296582
365.0,4.745074792,410.4191878375565,4.58803886011234
376.0,4.434568904,515.1817773601172,4.487132084063057
381.0,4.450249108,510.80016025269407,4.476354854618062
367.0,4.469822016,511.88207685003806,4.507816637331146
371.0,4.442479769,511.4658258401466,4.515522501209762
366.0,4.499687083,512.3279634554806,4.508779759078155
371.0,4.488550717,510.7749118824912,4.5014184918447935
373.0,4.53529412,518.4087874164119,4.505512522582815
358.0,5.462397998,361.021706122361,5.5665141767129835
358.0,5.555094449,360.7783877984314,5.5594129179015415
357.0,5.491361694,360.3472089171586,5.55485191066815
361.0,5.496929648,362.5064829275635,5.591553148446756
363.0,5.557507202,364.4842357180887,5.5491010728718075
357.0,5.489958479,360.2326544785054,5.603046271265725
357.0,5.563481085,360.0863921314051,5.600315461199244
357.0,5.660865478,360.00454370956083,5.601480151920617
356.0,5.610660163,359.8237892563045,5.5968245777198815
359.0,5.127104798,360.58840492426117,5.252228996471649
403.0,4.290924559,403.0171582593767,4.224025080690404
536.0,4.44684771,430.3401691283996,4.275787173436782
430.0,4.627570664,431.6612152111558,4.5495247247074735
436.0,4.267171728,391.9715858091448,4.2615596464550185
406.0,3.785329835,395.77170803066775,4.177059223934432
356.0,4.36361198,388.9780152500033,4.2549899084234095
396.0,4.0923697,396.13777256924766,4.265699019995423
303.0,4.781755375,317.5389909517712,4.629348046477894
304.0,4.800717078,319.86179114218976,4.619444835440428
706.0,4.949390007,700.1088966651502,4.936396683693647
692.0,4.944482672,693.7679268024622,4.9098775573024875
574.0,4.937016107,520.6814895555578,4.569078043542906
595.0,4.981365509,525.943812941761,4.585475859624532
382.0,4.870988814,430.5585708739485,4.62475875001192
391.0,4.23299611,493.92931302457157,4.406997049316603
343.0,3.656673046,382.2819707922679,3.7509541687346273
373.0,3.648847708,379.7024324150324,3.6520875698195416
375.0,3.70612011,386.40340958243576,3.7852054494089464
367.0,3.776119799,383.82003826008645,3.6418934546773754
372.0,4.016657345,387.7241476406243,3.653414290336084
369.0,3.593950295,374.7977107699796,3.740096957443697
346.0,3.048830087,384.8864265204533,3.8435577807512353
361.0,3.758230408,382.4997226893873,3.946254805932483
378.0,3.562411833,378.62297688073517,3.9978223503901575
645.0,5.477121255,619.0592396591679,4.847924999906677
647.0,4.361727836,615.1683526084325,4.858013030590746
651.0,4.62324929,616.362312736282,4.8493968287749825
641.0,4.982271233,614.5673598016945,4.653569176487944
652.0,5.209515015,642.0800378355996,4.917883812810304
643.0,5.474216264,634.6527622383807,4.929919984280248
646.0,5.365487985,636.2747724765775,4.94327462947339
639.0,4.612783857,632.7700156067813,4.740969026037709
350.0,1.204119983,358.83950298368217,1.623892821501593
320.0,1.338456494,334.022025069721,1.8432222001991108
285.0,3.331224781,333.42723175370173,3.911650616216785
286.0,3.403292145,333.507209193363,3.8975706889774377
285.0,3.400365273,331.51657698826165,3.8918533746809736
284.0,3.366982976,333.76128990809576,3.9026766428302606
280.0,4.466541406,334.1268483737018,3.904051688542521
513.0,4.397940009,465.6982485562251,4.384237110904101
487.0,4.491361694,429.00208434402396,4.328104074743305
486.0,4.414973348,444.885939410112,4.285307202781117
471.0,4.414973348,456.55146657573005,4.344406064530526
380.0,3.826074803,393.95114947555544,3.802693180391313
680.0,5.281033367,634.8259307734955,5.059004279440182
409.0,5.190331698,437.20291517573804,4.729203600422859
455.0,4.707570176,435.00412280562625,4.649533875735632
469.0,4.741939078,436.5084106568094,4.656779566853487
466.0,4.77815125,436.52172752415373,4.672322401404883
456.0,4.753583059,434.4220672524565,4.64944281271659
460.0,4.748962861,435.22982383762593,4.6534570086028335
465.0,4.737192643,435.2402793011323,4.636448194043907
477.0,4.620136055,438.50623973992197,4.648931113548785
493.0,4.7355989,502.6820082090013,4.5632389861764775
518.0,4.82672252,511.99965489187207,4.609856226616127
507.0,4.84260924,501.0304407713501,4.5873451099689
516.0,4.823474229,504.4113297901243,4.59677093806044
528.0,4.829303773,516.6080548409245,4.576634115291695
536.0,4.851869601,521.3180786172222,4.568164924117592
459.0,4.62,404.28120318883356,3.5340540369024858
432.0,4.53,402.50903308452115,3.576021505861797
452.0,4.61,405.06100252267277,3.5674698859338294
443.0,4.55,402.2053098021599,3.4748584714539468
432.0,4.46,403.2191387584206,3.5753880064947845
438.0,4.6,403.4440213497951,3.565629568844173
544.0,4.8,403.831098442028,3.581945981220482
427.0,4.2,403.29777951409926,3.5773527468558193
429.0,4.7,403.8859504841602,3.5465828008506057
690.0,4.838849091,681.2656820819311,4.79520429265275
689.0,4.812913357,680.1747365868214,4.798929081803834
385.0,5.348304863,393.5447408944858,4.741194853019607
382.0,5.271841607,398.9281300615321,4.716699621257297
385.0,5.318063335,382.6764634952654,4.952947858903181
706.0,4.949390007,698.7304058132789,4.9387912491610635
355.0,4.414973348,355.3240681965798,4.245574274897608
393.0,3.892094603,399.02966880478823,4.0640675138122235
392.0,3.84509804,396.0553506056843,4.076086709176276
390.0,3.944482672,397.66912429769536,4.109261464602486
385.0,3.919078092,395.9325343648679,4.079674544547022
375.0,4.220108088,404.58030330352244,4.330553724367228
370.0,4.222716471,402.5263305760769,4.341944141137734
372.0,4.276461804,403.69689239578315,4.351479567735424
369.0,4.252853031,402.7287912590108,4.338823032860412
418.0,4.726727209,430.4021320359396,4.628111385476949
419.0,4.672097858,444.3793360366706,4.602196648798592
420.0,4.914343157,486.7593077122954,4.648237842302914
283.0,4.255272505,303.4490063071056,3.459561248724454
293.0,4.292256071,348.52855159051467,3.9031347638934433
293.0,4.305351369,349.31175398714254,3.90473151115298
430.0,4.260071388,418.8694949473044,4.170280445943536
433.0,4.071882007,420.12143882209995,4.162298345238877
407.0,4.271841607,417.3841192637832,4.159805439405266
408.0,4.267171728,418.54636683786646,4.161483033981257
409.0,4.271841607,418.0712427606862,4.158054868372823
407.0,4.276461804,417.7144537925177,4.1614780893488215
410.0,4.283301229,419.15633461431537,4.16301727743456
410.0,4.294466226,419.52894695279366,4.157247126543994
328.0,4.58,356.9642103561483,4.350128426359907
328.0,4.63,357.0189653847724,4.385420707917047
328.0,4.59,356.44451990479604,4.3814287375801895
332.0,4.55,357.6850670483279,4.383030400018811
336.0,4.51,358.66803963880346,4.362077142501495
332.0,4.43,333.42802794186906,4.488263646847719
334.0,4.46,333.24247780091594,4.512620678895883
334.0,4.42,333.04649851255436,4.497426537841152
342.0,4.41,334.52222696835776,4.4936097378036175
344.0,4.37,336.45608912715863,4.475841651159492
426.0,4.49,423.66885435117604,4.492271946273807
511.0,4.558708571,481.76119854788675,4.507352602051921
467.0,4.450249108,485.8736601321383,4.713208408033529
453.0,4.418301291,464.180248382818,4.588195993965181
269.0,4.086359831,288.7512836775969,4.1295952314870465
267.0,4.235528447,289.03258412452595,4.161390453195272
267.0,4.133538908,288.4816286569876,4.170342519473116
273.0,4.240549248,288.7295747118857,4.129205502007974
273.0,4.195899652,287.1337255557381,3.8618855814826425
527.0,4.805609588,500.050044246766,4.569274780899826
538.0,5.055313335,501.9506346991731,4.608570595724944
527.0,4.706145741,502.04220749161476,4.577645569252344
541.0,5.019461096,500.5529182814028,4.612136701200026
536.0,4.648360011,501.244307645793,4.595099943568789
532.0,4.90579588,499.67460060233617,4.58766362031432
537.0,4.706854278,500.2880755331483,4.526749763137827
537.0,4.965356946,499.5840442514207,4.574988404689568
545.0,4.960627723,503.15716266892906,4.584641676899809
549.0,4.920384242,503.82441323706314,4.558886600061625
588.0,4.471291711,537.2827551213298,4.512318190480664
576.0,4.322219295,533.5678417105519,4.487376456475432
570.0,4.439332694,536.7247074797467,4.484594960983161
556.0,4.170261715,535.0694217637715,4.422498601786323
539.0,4.290034611,447.72549575267783,4.298121669246621
537.0,4.227886705,446.8861766801995,4.295170930034762
531.0,4.354108439,447.8116011852645,4.281387761175758
522.0,4.359835482,449.5830052750995,4.144420311192465
652.0,3.361727836,588.8451530275852,4.229070285856919
653.0,3.51851394,585.1965696500868,4.264858563616557
390.0,4.361727836,391.82313979528186,4.344917171729506
363.0,4.505149978,371.3704932886998,4.323184803237228
391.0,4.602059991,384.01293641755785,4.454289329276399
440.0,4.025305865,385.8501024363374,4.1833184192106465
431.0,4.269512944,412.43068292805157,4.285086377446565
454.0,4.278753601,407.8371322048703,4.383673747760378
438.0,4.113943352,390.82350675481956,4.2228015582873075
456.0,4.298853076,403.06065523360166,4.307619606776574
456.0,4.103803721,410.95841401783593,4.194927957845979
400.0,4.478566496,392.2494980390383,4.396245170190868
428.0,4.492760389,397.96825298066796,4.438137102382862
411.0,4.583198774,406.5239935341279,4.377014680345992
355.0,4.358,381.6133771549522,4.24973528440295
351.0,4.214,376.77879550332193,4.254967022362356
411.0,5.1,423.2896866163064,4.8605312698581
362.0,4.38,375.84941822793724,4.080849587746599
525.0,2.751279104,462.9597064423394,3.362626430976364
432.0,3.204119983,417.0673343626334,4.35903078753874
361.0,4.660865478,394.3868138855,4.600283651421374
412.0,4.423245874,400.96784192838726,4.274451388600414
412.0,4.424064525,400.0274865233219,4.313440805854004
394.0,4.436957331,391.83582975599586,4.279673226838372
369.0,4.384174139,393.6973858379331,4.319946894739596
394.0,4.433609843,390.08456956343434,4.391398848670031
384.0,4.403120521,385.98962513843287,4.278292615618811
382.0,4.447932866,387.6753925090079,4.237117755417257
455.0,4.604226053,423.53609617398723,4.221224932358132
470.0,4.643452676,443.0718416606504,4.2599208181393635
381.0,4.492760389,378.06088873016336,4.0557329123881205
708.0,4.9,655.644189758854,4.744925253331312
666.0,4.85,664.5591662093775,4.808455712164813
439.0,4.55,433.64970613219185,4.364052951978091
440.0,4.4,428.6406855145459,4.396193800806157
439.0,4.55,404.3405808233722,4.220515184933467
281.0,4.64738297,363.0702509992715,4.161728481352137
305.0,4.238046103,329.28512929145535,4.049095009256048
388.0,3.819543936,359.9604770957428,3.895390114290257
389.0,3.255272505,370.2453274293775,3.8855728202268396
391.0,3.672097858,434.0601076270339,3.854239299750128
391.0,3.672097858,434.69350405234474,3.857201059045098
391.0,3.230448921,410.3135633270573,3.914600652429096
387.0,4.087319912,396.4264922017178,4.303736903796686
381.0,4.338635752,395.82011469100723,4.330115862226998
381.0,4.369790824,396.3075024487988,4.3383739799290275
380.0,4.452139252,396.1324625900321,4.354351244918346
383.0,4.457079148,398.1414514712832,4.35283724181655
380.0,4.451540829,395.83467163734383,4.350873106008563
380.0,4.444716027,395.1442416761403,4.297189943844927
377.0,4.383743576,393.5562818487102,4.162863835334303
388.0,4.426185825,397.258250158566,4.3161008789810325
382.0,4.372912003,398.2455558769326,4.241071225700173
409.0,4.0,413.8869954582735,3.977853257456809
406.0,4.255272505,412.67096757474854,4.046556520832839
410.0,4.041392685,410.22690406550726,3.9931111739674385
411.0,4.079181246,409.89323493524245,3.9938977312483175
407.0,3.77815125,415.2933156303682,4.000717075579627
409.0,4.176091259,415.85219232399606,4.024204104303828
410.0,4.255272505,414.81140351188776,4.0193785908959105
412.0,4.079181246,414.61772163750555,4.0066705985408495
407.0,3.698970004,414.45523943034004,4.001152522946834
374.0,4.64,383.9460392960068,4.406068719907503
371.0,4.68,383.6932735719753,4.452761232388282
375.0,4.63,383.414535189762,4.444779454345431
373.0,4.62,383.10612602331133,4.443182635501281
378.0,4.61,384.87804506469735,4.440895990033424
357.0,4.318063335,409.90127496930756,4.32720628522428
364.0,4.397940009,410.50241107157,4.357985984116004
361.0,4.369215857,410.12425973602166,4.351810715109933
352.0,4.290034611,409.13010060554313,4.317190856280277
352.0,4.292256071,407.5460805076975,4.162060878363249
365.0,4.130333768,408.2241167963284,4.135202302715682
648.0,3.71,633.629327273293,3.8062070684809592
357.0,4.612783857,404.2023696431155,4.351378820645834
383.0,4.633468456,413.68443990650223,4.491890439935515
388.0,4.62324929,372.073383533806,4.487621764714957
394.0,4.544068044,408.5048224173862,4.508834142502664
348.0,4.414973348,381.495218271062,4.290014574422456
344.0,4.414973348,379.371738540162,4.154955790397832
346.0,4.421603927,379.8374135178906,4.166026857814899
745.0,4.880813592,721.6437545439351,5.221675482891945
751.0,4.982271233,724.4482104168683,5.270876221935959
749.0,5.383815366,746.9503755429371,5.258247563298712
753.0,5.413299764,750.4969017637293,5.282339063217732
489.0,4.206825876,468.3449772846792,4.3643774093343
532.0,4.152288344,479.0182881051534,4.344354777974003
508.0,4.698970004,500.11165309548824,4.605299771267175
507.0,4.652110905,498.36405543074306,4.589596266882602
505.0,4.618225964,501.51010803918155,4.615295978811952
523.0,4.642098332,504.5601784400483,4.6073770490380825
505.0,4.642691995,497.5231643497503,4.621256330129242
508.0,4.633680501,498.4804060120515,4.618941372345811
511.0,3.922362097,501.9271833942454,4.620776339999901
514.0,3.87279704,499.5428939531962,4.623542090359406
508.0,4.59892176,499.19270626602975,4.63096629005574
520.0,4.568248672,502.7261636059864,4.620776723667669
490.0,4.694999833,502.480352946299,4.646761547995293
474.0,4.721035281,501.998462593211,4.630187874230101
481.0,4.787488813,507.83024823220103,4.6457974380975156
502.0,4.745605619,507.03505442852065,4.639928615819381
481.0,4.719314711,500.4754780823895,4.645528833058675
484.0,4.731258286,502.61516077826,4.642456822110747
493.0,4.747233081,507.4649223160133,4.6546390155658885
493.0,4.754203037,503.02962461944253,4.651151873160051
487.0,4.719314711,504.14712989219805,4.656307752239833
496.0,4.723898771,506.81022857055325,4.642129340976583
370.0,4.541579244,373.56318145954356,4.0782141268561904
376.0,3.892094603,383.64731214617814,4.0669525390872305
368.0,4.193124598,376.62377886798816,4.066506138324764
373.0,4.130333768,386.2591125554806,4.139398669306085
376.0,3.897627091,408.48140184390843,4.074359445266187
402.0,4.459392488,394.2523902860997,4.068670531532115
335.0,4.527204419,375.90605485301137,4.425986440668603
337.0,4.556302501,374.1656206972164,4.410555802604291
333.0,4.51851394,375.53304327552416,4.42053588301103
332.0,4.509646002,374.9003821945708,4.413900611462901
328.0,4.472273632,374.7016246010688,4.4133772883768785
330.0,4.531478917,373.8597995121241,4.4118786791399085
331.0,4.522874402,375.58943907238563,4.418516704244183
334.0,4.564275379,375.7815987875417,4.418397742331236
349.0,3.78096503,350.8205143511351,3.401024063813847
338.0,3.512684396,355.7075543161729,3.341140940151405
354.0,3.741230411,370.77123558840464,3.295267555551702
370.0,3.442479769,357.1653726710438,3.2043452697235972
341.0,3.509202522,368.7369721696456,3.534452661143322
348.0,3.562292864,372.5697978588367,3.5598004524039353
359.0,3.436162647,366.67970610865234,3.5983560297496693
361.0,3.550228353,361.686462097662,3.5809144572525193
421.0,3.481442629,416.57382551710833,3.6244338628547994
367.0,3.625312451,373.522735960064,3.584251207147812
342.0,3.656098202,368.8003559792245,3.528770877097967
350.0,3.511883361,372.3365775399188,3.5649749775716955
361.0,3.392696953,367.41864258078715,3.6422884938157005
364.0,3.328379603,362.0882599077283,3.6378228701639883
428.0,3.696356389,419.3166377500896,3.677017062855154
370.0,3.459392488,373.15177731340714,3.592602279286389
305.0,4.298853076,369.93290689407496,4.066546991018522
303.0,4.408239965,373.14079926471635,4.112954434310701
306.0,4.501059262,373.5358386193919,4.0550801856657825
306.0,4.320146286,372.313055835359,4.081674509221358
301.0,4.374748346,372.56959971363983,4.130171308202807
297.0,4.432969291,371.4798867904042,4.115124001739757
298.0,4.5132176,370.12792453494967,3.9106852307874265
298.0,4.274157849,370.5075465498062,4.087605819855514
302.0,4.547774705,373.0815022344408,4.093431689266736
494.0,4.431363764,462.6892370585444,4.466999880844207
617.0,5.01,636.8367756095626,4.869331329054016
626.0,4.8,576.0427572548382,4.7073072216143945
455.0,4.322219295,500.2458083882022,4.608727467770611
481.0,4.800717078,430.18865447700136,4.331119320695886
462.0,4.575187845,477.0713100525119,4.472351151724524
436.0,4.62324929,424.76478705553734,4.450733717886596
684.0,5.292256071,640.2238625756148,5.014672097341053
410.0,5.556302501,421.609756656422,4.604000183620206
410.0,5.462397998,434.3067237798874,5.060758942001271
467.0,4.505149978,467.8671092041089,4.591259369583227
385.0,4.44870632,445.4211933174286,4.509027396481342
385.0,4.472756449,445.01434413236314,4.517510370831041
391.0,4.607455023,445.5020551024143,4.5028083006049595
385.0,4.587710965,447.7823092957541,4.523969973510808
393.0,4.611723308,445.54432177910695,4.5278316061182995
391.0,4.582063363,445.3909159875676,4.526443410575372
393.0,4.562292864,445.53120525324874,4.531452250836049
402.0,4.59439255,472.99764230211196,4.557730878441005
405.0,4.574031268,472.4205532908739,4.560691562609949
408.0,4.583198774,473.4414938994129,4.552918729407705
407.0,4.559906625,474.5534735058433,4.566935081831765
397.0,4.579783597,471.81841452517637,4.564171635139986
402.0,4.547774705,471.94364216300767,4.561794546474131
405.0,4.549003262,473.56700565115864,4.573598218564764
369.0,3.212187604,382.55565440356963,3.503237870673704
384.0,2.826074803,376.4495931886315,3.50246448883916
489.0,4.8,504.3124372078754,4.699718099598451
516.0,5.02,525.3342018185408,4.7965987078895695
524.0,3.95,538.560208555056,4.7055402507113895
560.0,4.58,540.3430938498257,4.696767119433585
594.0,4.58,572.840001513549,4.716679913959465
611.0,4.64,572.2934591183991,4.716682402617888
565.0,4.58,507.6217502725323,4.703919833582959
535.0,4.602059991,578.6842181693678,4.793509809507006
533.0,4.62324929,576.7489150386175,4.770678909854796
526.0,4.612783857,576.6061347929418,4.765476233843406
530.0,4.204119983,540.4101894235821,4.729182120975257
527.0,4.204119983,538.3157130246034,4.724292869283568
521.0,4.230448921,535.5538477558149,4.650268345851819
444.0,4.63,438.74250118103157,4.4889605088740625
503.0,4.838849091,435.11142574761135,4.90145496690759
503.0,4.825426118,438.2003230175025,4.897671727376348
502.0,4.757396029,437.67292645242895,4.878072721365138
506.0,4.775974331,431.70745212726007,4.871717517552935
504.0,4.783188691,436.98789451993315,4.864232217536004
506.0,4.733999287,438.14213688901157,4.883951552098376
374.0,3.161368002,381.7436123930403,4.252407078857283
376.0,3.033423755,392.2957169839049,4.073323489704745
364.0,3.951823035,410.23745642296115,4.344039194455322
470.0,5.001733713,503.550839158897,4.6828996022695915
468.0,4.846337112,504.99120555053725,4.75577320066477
461.0,4.742725131,507.44030255208736,4.650416959695595
456.0,4.736396502,498.32770565197353,4.627510166623185
431.0,4.613841822,490.78814484382264,4.563568954306387
424.0,4.51054501,478.5917912501275,4.554310845809094
658.0,5.030599722,551.5481731864188,4.785153478605484
642.0,4.904174368,543.8878761473113,4.7580351542375725
549.0,4.688419822,523.297401904943,4.688009989909673
540.0,4.675778342,528.2652845902923,4.731018740029582
492.0,4.568201724,507.47657646103744,4.676701615510127
483.0,4.571708832,523.686718803532,4.628251991977385
464.0,4.582063363,526.49352088518,4.708926825035584
444.0,4.63,438.74250118103157,4.4889605088740625
432.9648895,3.931989414,465.0559701759788,4.05947893385242
516.4525994,2.964136222,352.8817186415905,3.7849946295239376
522.5688073,2.961258728,348.85996573315674,3.755098533552786
196.0,4.06069784,237.40267781626898,3.4889279367283392
265.0,1.176091259,259.57836250267985,2.8626935862174148
265.0,2.301029996,235.197788457091,3.0786778631122935
250.0,2.579783597,259.7936060609781,3.3014286353219013
191.0,4.181843588,307.7572117371136,3.5104936326907095
370.0,4.361727836,410.0975247109976,4.507169375552943
423.0,4.346998068,427.1158477350994,4.415611186121826
423.0,4.395029189,423.6570478042116,4.366337123338171
340.0,4.431363764,383.1602825994513,4.545762746456969
370.0,4.72427587,384.3663269823699,4.55251075572826
310.0,4.29380436,363.96825165062126,4.185351871467392
372.0,4.870228279,396.98334722411016,4.675178231598542
372.0,4.901621764,379.4234756025379,4.730121099054463
380.0,4.941113727,412.2825137274587,4.556504869794527
346.0,4.945173046,376.7849825081573,4.658460942571622
405.0,4.4,479.20461227672274,4.453449531631347
409.0,4.041392685,387.5019713380036,4.18838292543576
427.0,4.113943352,405.8969233936392,4.202816808309423
408.0,4.459392488,402.55295401333444,4.181652672104652
472.0,4.65,630.8812871215554,4.694477724454938
530.0,4.39,502.8695699827501,4.3509171239076005
463.0,4.698970004,436.4896097169809,4.48271598958336
485.0,4.799340549,441.01992401344717,4.5463737628604015
583.6523539,4.793094794,542.3789949692165,4.713499948552521
626.0,4.903632516,633.4152192835537,4.83547514321165
630.0,4.86923172,635.0008013252356,4.806548748034797
627.0,4.820857989,633.5951757077082,4.802948382151888
621.0,4.818885415,630.2423457253215,4.793694918617022
621.0,4.916453949,616.2109742062655,4.741631379963188
626.0,4.854913022,615.0480555117658,4.745899237283311
373.0,4.62838893,397.6130544092879,4.472686548382828
377.0,4.572871602,397.63590468232485,4.45347596762214
376.0,4.619093331,398.2656057805734,4.476154236366237
374.0,4.609594409,397.01992217517443,4.459210007947181
375.0,4.629409599,397.03537001046976,4.471240118756596
371.0,4.604226053,396.0107940835869,4.459030073238417
331.0,4.390935107,378.2493183622682,4.3396202629651
338.0,4.369215857,379.4241336454113,4.325784002368217
334.0,4.426511261,379.12971391853296,4.3616506817380465
338.0,4.385606274,380.48874629830755,4.343703311817615
335.0,4.352182518,379.3305232289278,4.332050926634702
337.0,4.36361198,376.50073830244503,4.30677091034179
344.0,4.350248018,381.2102953469472,4.335718356779102
480.0,4.738780558,444.5184982845561,4.497368102103096
480.0,4.699837726,445.19040619218356,4.456000063236088
469.0,4.609594409,443.58459911677016,4.492850305294015
489.0,4.583198774,446.5709354052039,4.480358795049563
478.0,4.507855872,444.54401029358235,4.4773520373411
475.0,4.527629901,443.5458739380144,4.474045977836429
488.0,4.450249108,445.86918612475813,4.42918283997489
511.0,4.791690649,558.6416861614343,4.792419054278158
587.0,4.752816431,619.4973621955221,4.8943024373059085
438.0,3.36,430.79099903864306,3.5510922604874304
440.0,3.37,431.85383420811877,3.557433424436758
440.0,3.33,431.7902500425695,3.557199955099147
439.0,3.35,430.8609270261524,3.554337143729012
437.0,3.31,430.7042799757247,3.5497050457237016
542.0,4.908485019,585.9150505657183,4.71098654799135
554.0,4.924279286,639.4780632923647,5.145529144310183
710.0,5.098453356,703.7268960698777,5.083892299992283
714.0,5.088334578,705.5521141247539,5.087818770977897
724.0,5.128915978,706.3661385606823,5.087837431172396
730.0,5.095796794,707.7375790973317,5.06137437976026
629.0,5.03,610.5390637912342,4.943571040056115
636.0,4.94,612.5352588627902,4.883405515824735
629.0,4.91,609.1378061545049,4.866888044230411
629.0,4.91,607.8119704366622,4.8862703077570036
620.0,4.82,602.5239769934077,4.837833596754935
623.0,4.86,603.4277783155205,4.832601871915733
566.0,5.02,583.4684932476755,4.788992933902234
570.0,4.71,584.8277867112153,4.745796849340023
563.0,4.88,582.0058845810684,4.720248611983766
564.0,4.85,582.198386383921,4.724968965665777
555.0,4.71,578.4001489679724,4.7044301450393675
558.0,4.55,578.9501380941826,4.6921353549222715
607.0,4.96,602.0393893876079,4.863723690331158
612.0,4.88,604.9406444194303,4.809551790961625
608.0,4.79,601.198248337539,4.77536977989164
607.0,4.84,599.7729937269303,4.792556916854304
600.0,4.78,594.389524689786,4.755987789226293
602.0,4.85,595.1353906226793,4.754632482109637
616.0,5.14,606.667901211834,4.876857284268445
623.0,5.02,609.2727077583783,4.7965868172913035
616.0,4.95,605.7082148262713,4.76822123095072
615.0,5.01,604.5125095626379,4.789070117485222
607.0,4.93,598.9313746719029,4.752184124908931
610.0,4.98,599.9233516476656,4.7448819329672505
679.0,4.66,636.461495775742,4.800853259498963
678.0,4.77,638.0227562795187,4.800831095300871
680.0,4.94,635.4546140690295,4.631355957533325
679.0,4.71,635.5195899812238,4.779901755037379
670.0,4.63,632.3561784870059,4.764160123531345
671.0,4.4,632.2053686589231,4.746876220482553
677.0,4.33,629.4521586560935,4.865454121515086
682.0,4.72,631.66476703754,4.863753368999436
675.0,4.76,628.2881114695165,4.696495211650356
675.0,4.69,629.0656932576424,4.85051809607643
664.0,4.65,625.7362151313084,4.824090074306353
666.0,4.59,626.0497379729034,4.8141931333795505
587.0,4.18,596.9195328916034,4.802506398878078
592.0,4.64,598.1469861891292,4.7958247334063975
585.0,4.63,595.5266964089185,4.607646699501018
586.0,4.71,595.6866343625519,4.771635402325364
577.0,4.82,593.0129731340699,4.75590060562279
580.0,4.63,593.2377616896456,4.73970855291153
719.0,4.95,645.8146112751739,4.855030832800869
730.0,4.86,647.3222018220432,4.852394827940384
725.0,4.8,643.8272710557297,4.823403324016519
720.0,4.85,644.3808308832262,4.850629839383197
713.0,4.77,641.2348437874723,4.8222879978651285
712.0,4.8,640.8984663287405,4.813194136123963
400.0,3.440909082,363.0920265271521,3.6761911575040416
411.0,3.340444115,365.5390267610241,3.6505433754225804
406.0,3.387389826,367.5839950629646,3.6854509292070885
415.0,3.36361198,368.53465031613587,3.7095197862326676
424.0,3.344392274,368.76706248429844,3.693233933317584
412.0,3.44870632,366.3278622881173,3.6715397840867388
418.0,3.371067862,367.3139676416192,3.7012093394712173
420.0,3.380211242,366.91900257414716,3.7142021483711622
673.0,5.459392488,633.2408190125086,5.2683706361232465
571.0,4.255272505,450.634874688208,4.207222691531021
585.0,4.380211242,469.7457866565643,4.42021847881521
564.0,4.431363764,577.6769488515489,4.554268088497205
491.0,4.389166084,587.3189615175261,4.569080445384142
573.0,4.847572659,545.365737530759,4.280379876795252
485.0,4.550228353,553.3267963690747,4.293223191460152
630.0,4.892094603,552.284219144453,4.2883314223406135
592.0,4.389166084,563.4946300060417,4.496024977846548
494.0,4.371067862,568.8881197077002,4.516801910444753
508.0,4.397940009,567.1019299739224,4.520979611959303
578.0,4.8162413,537.1281444480279,4.332262725632397
495.0,4.527629901,540.90141814069,4.3359600568596415
643.0,4.621176282,540.1316144234986,4.340207499272885
552.0,4.77,566.9571319046761,4.712658112199979
561.0,4.74,571.6594971390113,4.7050522849024485
563.0,4.75,571.5882666920327,4.69398774184047
564.0,4.76,574.2295888272527,4.7178800407161265
571.0,4.75,576.7171759029313,4.720884145015099
574.0,4.85,593.2241897123051,4.837539899008489
584.0,4.66,597.1514427074865,4.836721577857173
591.0,4.9,597.386816229792,4.849200876305362
591.0,4.96,600.0609411626871,4.859205457689539
596.0,4.9,602.3363161261409,4.858258717046427
405.0,4.792391689,397.71638033164976,4.546103396505632
404.0,4.397940009,396.6035787101699,4.5823330763761225
403.0,4.56937391,405.3664801191434,4.52026773234107
408.0,4.582063363,403.16059754338977,4.580663379760526
379.0,4.037426498,375.1498299216961,4.121629757245172
375.0,4.255272505,378.7340454901664,4.111389336766637
355.0,4.389166084,379.8925997463497,4.154745881556013
379.0,4.037426498,374.4483506477913,4.066628003800913
372.0,4.507855872,376.88470109630384,4.095909930293863
355.0,4.440909082,377.5984041708645,4.088636360250616
382.0,4.075546961,378.4028330932224,4.112227045626285
372.0,4.463892989,379.54095799726224,4.083715530070561
352.0,4.257678575,379.6838730674316,4.1222018713548625
377.0,3.888179494,374.60993734714276,4.106491020967391
371.0,4.301029996,376.27392789343304,4.09044531252699
350.0,4.397940009,377.28700301681425,4.145043775219404
351.0,4.618048097,383.2923875506702,4.159936245417112
356.0,4.462397998,370.0451944622606,4.793457660338911
358.0,4.477121255,373.4609979462013,4.803597319291958
403.0,4.250420002,394.8356289092999,4.5021346749905735
344.0,4.187520721,354.3188608398922,4.232633725467522
343.0,4.222716471,365.75585436985494,4.2641245307521425
381.0,4.459392488,395.6587133419846,4.483329959881424
372.0,4.482873584,394.4741321479153,4.451041756932703
403.0,4.726727209,421.44618556309496,4.555287497037074
361.0,4.646403726,364.0060295924831,4.513926008964722
391.0,4.614897216,416.7454748762828,4.524508838193661
319.0,3.544068044,349.1671047575968,3.7157210270355447
421.0,3.748188027,375.7583160479726,3.81522887286597
443.0,4.079181246,422.10561010656176,3.8062582217768437
304.0,3.968482949,384.443755971057,3.64060343757669
426.0,3.361727836,398.4133476863209,4.177266716660291
349.0,3.591064607,360.8154722047708,3.6534493379888744
424.0,4.170261715,408.8978422816695,4.171359452429533
424.0,4.190331698,410.8459610838039,4.19376033992285
417.0,4.170261715,405.48032451765465,4.179426239790137
425.0,4.184691431,409.47429748005993,4.170224716699098
417.0,4.193124598,405.1158397884558,4.161415265988695
423.0,4.198657087,410.4652741589367,4.1954502715226685
483.0,4.399673721,462.62188063088706,4.332739262280575
493.0,4.716837723,492.13022280548904,4.4663619872287
494.0,4.589949601,492.7606275023786,4.402675457608677
394.0,4.635483747,421.058581060836,4.527371606330311
440.0,4.243038049,437.24731470415816,4.239779100017493
416.0,4.346352974,441.7405162791445,4.263955345132371
433.0,4.243038049,404.01611387872174,4.026152457159487
471.0,4.426511261,428.4100045579259,4.2061941302958274
473.0,4.431363764,423.7398285516504,4.260524617346144
442.0,4.318063335,437.821518037085,4.197981494651508
430.0,4.474216264,438.88485399274833,4.5158923488181975
438.0,4.444044796,433.5090232598719,4.464295168219143
450.0,4.546542663,469.9476712735649,4.494886901057923
687.0,4.047274867,471.3189185120808,4.371047646385824
365.0,4.161966616,417.0126643433847,4.115947230567602
368.0,4.31344537,423.57581188700414,4.117563056775148
390.0,4.197004728,455.08195916730676,4.248988857048646
393.0,4.628286731,413.5234143270739,4.617385651095535
386.0,4.808750972,424.9499198313174,4.192228107940117
383.0,3.950851459,381.49851139759863,4.001200543098856
386.0,4.078819183,390.00696155397793,4.0658311577461514
545.0,4.139879086,553.8950253397729,4.388344002213404
549.0,4.133538908,555.1195878136316,4.346696829788558
541.0,4.204119983,543.1888278193343,4.429620724634756
532.0,4.133538908,541.6545717588318,4.427489245471941
626.0,4.117271296,570.2089449875532,4.380115928446816
303.0,4.31,329.8535398966601,4.180009741972691
314.0,4.47,365.8909832784933,4.00355153609416
262.0,4.541479395,315.3520764088355,4.312385968913361
281.0,4.547860818,314.6915009560364,4.372118795679808
280.0,4.465144817,326.2116769002793,4.442211647294866
469.0,4.222716471,409.27226025442235,4.106833172242502
400.0,4.204119983,407.2007191491284,4.132126289172701
408.0,4.624282096,411.24430392155284,3.9767490742027825
407.0,5.571708832,393.8260137818456,4.863751377256311
404.0,5.514547753,393.11806873677523,4.898293816476364
405.0,5.564666064,393.4302687179941,4.86665200484258
403.0,5.5774918,392.7751366696292,4.91102798153798
404.0,5.46686762,392.08650475371303,4.882251572058627
397.0,5.5132176,391.5284155771328,4.8864209991024
395.0,5.703291378,395.9327211648541,4.717796503590458
391.0,5.691965103,395.4050037828973,4.755018133870463
394.0,5.73239376,395.68108647932723,4.716039582094874
390.0,5.725911632,395.1496808557072,4.759678027935608
392.0,5.694605199,394.4418937485457,4.730629561336238
390.0,5.679427897,393.92727305548584,4.748045929313342
415.0,3.807,413.2468159540157,3.857034226706477
422.0,3.749,413.3214824155701,3.7573901955121984
562.0,5.067070856,560.9682449519281,4.991034561473681
565.0,4.941014244,549.4339882894996,4.858924781346362
565.0,5.092018471,561.1579664622628,5.012375422117416
561.0,4.891537458,548.7794566520975,4.865731602430807
561.0,5.001733713,561.1580094603075,4.959540555361679
564.0,5.077367905,561.2415156802215,4.959108200155002
557.0,4.851258349,544.9114788173133,4.744793961635586
557.0,4.928395852,564.4544092191696,4.72069378104492
561.0,4.908485019,527.6983543044412,4.594001296930523
567.0,4.883661435,564.2300763791816,4.686918503813995
542.0,4.854306042,525.2178345831555,4.559423389165491
479.0,3.447158031,473.0334641987089,4.478063573574639
427.0,4.045322979,472.2604685427983,4.435631918295381
582.0,4.51851394,475.3712404243799,4.4501488381599925
572.0,4.85308953,583.4598181820072,4.740034963710083
566.0,4.828015064,580.4283522206275,4.724227872735885
558.0,4.712649702,578.0168614290935,4.720407211294761
592.0,4.829303773,597.6786452713955,4.790099843364743
586.0,4.737192643,593.4981661144021,4.784809790426298
576.0,4.756636108,590.6043436135569,4.757985292787734
556.0,4.545307116,532.9027747456315,4.570127075262667
703.0,4.501059262,544.6304520050662,4.585588592825329
558.0,4.710963119,559.0721209780552,4.629524909734142
640.0,4.5132176,564.9238070389684,4.6020992081146845
460.0,4.5132176,419.8725168919447,4.315800306140004
480.0,4.048053173,449.7367588567939,4.336614243440248
487.0,4.108903128,458.7008903758362,4.366681598127175
382.0,4.774516966,493.09696843249293,4.610445498669382
643.0,4.88592634,659.8625099183204,4.877359370100576
710.0,5.035829825,682.6441381662156,4.917524583931685
388.0,4.574031268,388.5178643882213,4.462306598167524
380.0,4.959041392,421.9470653518818,4.675222433937305
592.5,5.136720567,591.2934378555458,5.246159532645872
597.0,5.045322979,592.5353080336852,5.251391152615958
589.0,5.029383778,589.0297795332341,5.20306497562783
587.0,5.075546961,587.1047880795571,5.16431539333261
593.5,5.021189299,588.9506942677563,5.187983288175781
589.0,4.958563883,588.1733549666999,5.170849945541123
585.5,4.939519253,586.6830059287089,5.1695114236797055
583.0,5.045322979,586.1176687392019,5.163901972000426
585.0,5.181843588,620.4484333561587,5.159406172503823
587.0,5.195899652,620.678496047237,5.162931660683546
592.0,5.278753601,623.6746821950621,5.243263427371293
411.0,4.301029996,416.1044416029528,4.168790295406678
438.0,4.235528447,418.97883185296286,4.142832533239193
441.0,4.434568904,435.8064101208823,4.22197835769044
454.0,4.437750563,438.0551656742629,4.205946483363464
463.0,4.481442629,462.15772229268043,4.611680706095211
464.0,4.494154594,462.83701900417856,4.589563561130425
476.0,4.414973348,456.4980570264537,4.589442686297757
481.0,4.383815366,458.8754465250234,4.552731704200639
581.0,4.64738297,539.3484346832075,4.4613988720011
572.0,5.054613055,536.5366834657868,4.43186850443598
581.0,4.853698212,541.9925578956502,4.414030176251927
587.0,4.870403905,528.1185990327874,4.494280649812472
590.0,5.124504225,527.7835187134583,4.459971945137981
588.0,4.938519725,532.6949263060214,4.433997790019172
546.0,4.87,520.8928981039757,4.537059863042435
533.0,5.1,561.1941867409065,4.6519002199191855
770.0,5.342422681,754.6374073499056,5.240237409241867
435.0,4.0,402.99011034221365,4.08395149686275
689.0,4.861534411,690.6596950760508,4.886624141658075
797.0,5.211387553,766.8102314054444,5.156831779703571
366.0,4.593286067,389.50035741203783,4.013901770299033
484.0,4.301029996,457.6762881306364,4.407278918300248
451.0,4.301029996,448.91287695732217,4.35267040691221
340.0,4.322219295,345.62229431126786,4.2224406265210455
319.0,4.330413773,374.13711829948977,4.225907164175763
427.0,4.786183346,428.9608407622606,4.575988035850025
456.0,4.585573519,432.39297175787885,4.529328299841229
416.0,4.6599162,434.7798235682905,4.575017562655024
703.0,4.875061263,617.1790555672985,4.832969938663373
702.0,4.86923172,619.8347220893525,4.8461394921731324
694.0,4.838849091,615.4869152608134,4.836649729092759
791.0,5.064457989,640.3218787365003,4.87378432371186
792.0,5.120573931,642.1549150907955,4.884661497522761
826.0,5.190331698,642.6213033724886,4.85805667199475
816.0,5.227886705,643.8900766069825,4.863465489972148
826.0,5.271841607,703.6327693611195,4.934656536285916
811.0,5.301029996,703.626579791886,4.94063770229909
581.0,4.792391689,573.9135890893726,4.735101566051964
529.0,4.399673721,509.3192093531046,4.455834352212535
523.0,4.653212514,532.8636139321682,4.4453352301920965
560.0,4.635483747,551.6462189159514,4.565907461214584
481.0,4.139879086,504.1903904279173,4.148500746534401
615.0,4.133538908,572.4341996595673,4.481245789006583
332.0,3.79,332.6850775078061,4.0209597976207645
341.0,3.57,333.3816253346533,4.015282973207151
331.0,4.35,350.32398627687223,4.0393330070268
324.0,3.93,336.3264557936696,3.948029995981065
397.0,3.477121255,392.5240188160752,3.981835415234289
549.0,4.264817823,546.6566516666261,4.517588515678614
511.0,4.127104798,515.3634460894297,4.4247398227448524
532.0,4.59,506.7496187249232,4.61866788437063
438.0,3.1,378.5235737828896,3.8483074195192506
439.0,4.36,401.86849525698983,4.074658779835464
419.0,4.558708571,410.5850368941222,4.423734636778065
367.0,5.553883027,369.8168426106143,4.809603608514693
570.0,4.781036939,527.1548450865175,4.743547190041791
403.0,3.698970004,400.0443747129978,4.126535533299802
349.0,5.0,413.52445046837477,4.594202019337735
396.0,4.74,429.30844827905514,4.604968107695356
418.0,4.85,435.79432667486725,4.62072371947224
345.0,4.44870632,344.9002086020065,4.3364418892850995
356.0,4.457881897,349.6371708245121,4.2980711390430635
300.0,4.5132176,356.60147759507174,4.331562893917144
304.0,4.481442629,355.0670592039006,4.337224866682439
308.0,4.499687083,360.8097501193498,4.349757203678607
310.0,4.413299764,361.46790898592457,4.303851903037701
405.0,4.638658948,433.24747293833815,4.254208977414395
412.0,4.785771025,404.0729318987971,4.1114949438995
433.0,4.160768562,420.8965340700398,3.9819600827939823
449.0,4.178372541,440.8228386784493,4.226406186077725
310.0,3.914660431,367.2184550337728,4.02923902428592
436.0,4.17498965,395.3461266258114,4.078575560785893
405.0,4.434568904,437.0749412199517,4.452067036707236
416.0,3.770852012,437.06430168120596,4.451964698582707
311.0,3.93,366.01882619051366,4.023503950390455
314.0,3.98,457.39971981946354,4.487384306321594
327.0,3.98,351.4357018800937,4.0926925424985585
329.0,4.09,341.2727970220418,4.122123481002851
337.0,4.04,398.9453729185467,4.1870806536325285
310.0,4.03,333.11655880797264,4.022814074510082
314.0,3.96,343.23790436697846,4.121616729096168
314.0,3.89,339.1990957250943,4.120701901691571
404.0,4.335457901,464.19304241245953,4.549105667074018
572.0,4.445604203,420.4406820989925,4.470706624259685
544.0,4.567238165,550.1558035612682,4.40412796703294
649.0,4.315655525,599.9737133810839,4.370376530099081
536.0,4.134527718,611.1915552315475,4.416334506228472
369.0,3.936513742,419.0306342971506,4.403004486144989
414.0,4.62,421.00221574254863,4.46189416437686
427.0,4.22,467.03940533403363,4.1818549087577255
427.0,4.25,465.7504645702985,4.195212921194264
424.0,4.32,466.75818332423603,4.164026206558751
423.0,4.01,464.88218949918473,4.0448640713689885
419.0,3.87,465.10667807457656,4.034141499868404
357.0,4.127104798,412.52272892327244,4.191472342116516
371.0,4.053078443,384.754197443663,4.098869042763136
462.0,4.792391689,528.2932085394767,4.757589696418049
598.0,4.916980047,558.861601762327,4.870476331086795
460.0,4.544068044,464.33659778061167,4.348904576518342
458.0,4.352182518,463.9441105554092,4.324497684750292
463.0,4.491361694,462.8722335737433,4.351384778526634
456.0,4.477121255,463.17528759211626,4.335755601833499
463.0,4.491361694,464.9444023248161,4.340445608363047
516.0,4.684845362,487.8007112061711,4.520417561438586
517.0,4.579783597,487.25874892169895,4.513446263237286
512.0,4.568201724,485.38278770716187,4.508386466906684
506.0,4.57054294,483.0450750686514,4.5012320501875855
497.0,4.450249108,485.8736601321383,4.713208408033529
496.0,4.517195898,492.815567671802,4.738841574859809
500.0,4.45484486,493.08995235846317,4.749270814264189
498.0,4.44870632,492.01661473844916,4.717961616325005
493.0,4.421603927,489.93911264149995,4.711256661778603
482.0,4.418301291,464.180248382818,4.588195993965181
484.0,4.33243846,477.807928079663,4.600022910105978
487.0,4.33243846,478.0175438826383,4.589799560155988
485.0,4.397940009,476.37997783602367,4.586136266342437
480.0,4.390935107,473.75619317893717,4.579341440128003
370.0,4.10720997,397.3268417117239,4.122565231265979
496.0,4.491361694,535.4284363906621,4.562404352527783
493.0,4.380211242,506.93827807129446,4.378823373596299
580.0,4.875061263,561.9963016796537,4.478146811282833
593.0,5.041392685,507.3083271748591,4.53615008817068
593.0,4.959041392,508.45446916921503,4.536579256780054
575.0,4.851258349,523.0023283321547,4.607849157193057
575.0,4.832508913,525.3049450986583,4.6069462009052815
382.0,3.927370363,390.67643035084336,3.9937351156826724
617.0,5.034227261,578.2357348448311,4.875924436804911
611.0,5.068185862,578.9712537896067,4.77594620329277
326.0,4.371714203,335.5920120118291,4.047159876829019
400.0,4.521295029,390.499061000511,4.298127789568879
328.0,4.398703695,359.0183690050128,4.30508443308378
351.0,4.441192225,352.50539473137565,4.288523819383609
371.0,4.605423572,387.4777519337708,4.384385174771917
390.0,3.416640507,398.34086833195954,4.054972062288778
389.0,3.480006943,398.6062080156366,4.040585257742374
391.0,3.440909082,399.6500417132064,4.1320139893213526
391.0,3.348304863,398.9904297938881,4.203294002643794
395.0,3.354108439,401.91230759743047,4.214773102206783
390.0,3.828659897,398.9305709073902,4.260352577778546
395.0,3.421603927,398.7717679765223,4.12158822054131
395.0,3.428134794,399.90754554428503,4.243441594882022
392.0,3.444044796,400.57814501139814,4.262979594836547
395.0,3.439332694,402.27611439314154,4.199726533487118
393.0,3.436162647,400.99624814396054,4.259150056030846
382.0,3.326335861,394.45952025866177,3.965361046612864
366.0,4.075546961,400.9186655658829,4.092924401336929
365.0,4.120573931,400.98435922020116,4.081227654347533
368.0,4.103803721,402.133086753009,4.142720870398653
365.0,4.396199347,401.4728247594008,4.183326087749337
368.0,4.100370545,403.89646349003436,4.187669931384893
366.0,4.195899652,401.2974727236301,4.218516872131385
354.0,4.217483944,401.09073813903325,4.129091888319673
369.0,4.10720997,402.02980633732534,4.197067045971472
368.0,4.103803721,402.7397311020576,4.214586334895391
369.0,4.100370545,404.09728221003223,4.138421464756384
367.0,4.149219113,402.9919361010911,4.209215166975851
362.0,3.912222057,397.6692243152532,4.033840942636102
788.0,5.230448921,727.9126326228534,5.1319363011206445
315.0,4.767897616,388.0685324497553,4.67115387582063
318.0,4.835690571,412.5340109086069,4.535064235488857
403.0,2.47,358.8269716367707,4.033279237658115
449.0,4.73,459.75774927014356,4.55277031186073
477.0,2.9,415.9933711010488,4.318717844260288
490.0,4.52,420.416034137014,4.513269316847906
518.0,4.9,511.9834454968328,4.5947798185008395
338.0,4.733197265,407.07629415037025,3.977125427597167
469.0,4.870403905,509.8625539459117,4.537890715807248
410.0,4.503790683,413.1097380774355,4.6671510631192294
580.0,4.846955325,533.313644999409,4.6778802794139205
594.0,4.835056102,521.3489405761165,4.6128687222144364
409.0,4.47,410.5642105078156,4.437600168414803
468.0,4.35,432.30471186602546,4.415884731855899
394.0,4.73,390.1421918545785,4.590305261310516
411.0,4.77,432.54261705343816,4.562781606797325
388.0,4.69,445.4599972414984,4.4286040699452425
409.0,4.67,431.42179021633893,4.519488836656939
329.0,4.04,397.09897211038503,4.409917703961197
381.0,4.170261715,452.5162300488845,4.381371792113015
505.0,3.662757832,427.0291334691391,4.426306711864031
340.0,4.707570176,403.72426120900343,4.693551265647836
359.0,4.461798558,384.8954016032797,4.250092160197876
345.0,4.368472838,342.22733117809105,4.310192466523708
358.0,4.42357352,379.28142263983506,4.307341308916998
351.0,4.197556213,355.3887138147676,4.286650797849449
353.0,4.355259906,363.6326148462198,4.344381466435981
350.0,4.085647288,373.36007539377204,4.303945461367843
720.0,4.949390007,722.7105856452149,5.1080936261781265
717.0,4.806179974,717.2705605840799,5.062106945984194
746.0,4.973127854,723.2660369792568,5.0646902209079325
741.0,5.1430148,719.5714134511809,5.020714910813203
657.0,4.750508395,687.002423039892,4.8820142465567535
654.0,4.744292983,689.3937106990247,4.88368922686947
654.0,4.755874856,686.1376309130048,4.88056736057922
733.0,4.92788341,717.837578406504,5.06001914473395
731.0,4.936010796,718.9549594763341,5.066029895251104
729.0,4.902546779,716.1215459542144,5.037551176973567
526.0,4.908485019,516.9974782806518,4.695558715039637
468.0,4.978636948,412.1041809936237,4.5003802715908074
588.0,5.203032887,468.34343761877534,4.491158274528217
373.0,4.139879086,397.1081041402466,4.203932426185431
495.0,5.297760511,432.7988396478586,4.215684629555181
