Chromophore,Solvent,Absorption max (nm),log(e/mol-1 dm3 cm-1)
C[Si](C)(C)c1cccc2ccccc12,C1CCCCC1,311.3285080614828,3.7568277816272944
C[SiH](C)c1cccc2ccccc12,C1CCCCC1,306.40332157993515,3.8103813026954128
CC(C)(C)[Si](C)(C)c1cccc2ccccc12,C1CCCCC1,305.16748612928666,3.890531522100552
CCCCCCCC[Si](C)(C)c1cccc2ccccc12,C1CCCCC1,314.8343579932778,3.8202785856657835
C[Si](C)(C)c1ccc(C#N)c2ccccc12,C1CCCCC1,319.62042027462013,3.7782126525468875
CCC12C(=C3C(=C4c5ccc(-c6ccc(C)s6)cc5S(=O)(=O)C41CC)C(F)(F)C(F)(F)C3(F)F)c1ccc(-c3ccc(C)s3)cc1S2(=O)=O,CCCCCC,476.13103745845706,4.522953909933167
CCC12C(=C3C(=C4c5ccc(-c6ccc(C)s6)cc5S(=O)(=O)C41CC)C(F)(F)C(F)(F)C3(F)F)c1ccc(-c3ccc(C)s3)cc1S2(=O)=O,C1COCCO1,479.0964825220293,4.599656992927963
CCC12C(=C3C(=C4c5ccc(-c6ccc(C)s6)cc5S(=O)(=O)C41CC)C(F)(F)C(F)(F)C3(F)F)c1ccc(-c3ccc(C)s3)cc1S2(=O)=O,CCO,505.59937732375613,4.598137047094179
CCC12C(=C3C(=C4c5ccc(-c6ccc(C)s6)cc5S(=O)(=O)C41CC)C(F)(F)C(F)(F)C3(F)F)c1ccc(-c3ccc(C)s3)cc1S2(=O)=O,CC#N,481.4505933492881,4.492988998375033
ClP1(Cl)=NP(Cl)(Cl)=NP(Cl)(Oc2ccc3ccc4cccc5ccc2c3c45)=N1,ClCCl,372.4700416522643,4.304731518035166
ClP1(Cl)=N[P@](Cl)(Oc2ccc3ccc4cccc5ccc2c3c45)=N[P@@](Cl)(Oc2ccc3ccc4cccc5ccc2c3c45)=N1,ClCCl,367.20641576266905,4.765317455141869
COc1ccccc1-c1nc(-c2ccccc2)c2ccccn12,CC#N,347.9308090187251,4.102344921925591
C(=C/c1nc(-c2ccccc2)c2ccccn12)\c1nc(-c2ccccc2)c2ccccn12,CC#N,409.6217408546094,4.338965773087129
CCCCCCCCCCCCN1C(=O)c2cccc3c(N(Cc4ccccn4)Cc4ccccn4)c4ccccc4c(c23)C1=O,CCO,495.6990023089894,4.066110070850881
CCCCCCCCCCCCN1C(=O)c2cccc3c(N(Cc4ccccn4)Cc4ccccn4)c4ccccc4c(c23)C1=O,CCCCCC,457.36484729662385,4.014793557783618
CCCCCCCCCCCCN1C(=O)c2cccc3c(N(Cc4ccccn4)Cc4ccccn4)c4ccccc4c(c23)C1=O,Cc1ccccc1,479.5872568109336,4.194465285104535
CCCCCCCCCCCCN1C(=O)c2cccc3c(N(Cc4ccccn4)Cc4ccccn4)c4ccccc4c(c23)C1=O,ClCCl,499.2164147079708,4.175101202702937
CCCCCCCCCCCCN1C(=O)c2cccc3c(N(Cc4ccccn4)Cc4ccccn4)c4ccccc4c(c23)C1=O,C1CCOC1,481.24870905113966,4.180696329940506
c1ccc2[nH]ccc2c1,O,286.77424796654105,3.924123288255837
N#Cc1ccc2cc[nH]c2c1,O,277.7136314689626,3.7649886457997987
N#Cc1c[nH]c2ccccc12,C1COCCO1,324.0372577668695,4.043976307764983
N#Cc1ccc2cc[nH]c2c1,C1COCCO1,277.27635544211,3.9972949161221787
N#Cc1c[nH]c2ccccc12,CC#N,322.6675299451205,4.0221910089369235
N#Cc1ccc2cc[nH]c2c1,CC#N,277.35616893050644,3.7934403921468522
CCOC(=O)CN1C(=O)C2=C(c3ccc(N4CCCCC4)cc3)N(CC(=O)OCC)C(=O)C2=C1c1ccccc1,CS(C)=O,533.7089150247447,4.619439246923608
CCOC(=O)CN1C(=O)C2=C(c3ccc(N4CCCCC4)cc3)N(CC(=O)OCC)C(=O)C2=C1c1ccccc1,CC#N,511.1251940189439,4.5585419946155685
CCOC(=O)CN1C(=O)C2=C(c3ccc(N4CCCCC4)cc3)N(CC(=O)OCC)C(=O)C2=C1c1ccccc1,Cc1ccccc1,509.66985274550683,4.553283979298227
FC(F)(F)C(F)(F)C(F)(F)C(F)(F)C(F)(F)C(F)(F)C(F)(F)C(F)(F)CCOc1nnc(Cl)nn1,ClCCl,516.0825456359905,2.9087621733364095
C=CCOc1nnc(OCCC(F)(F)C(F)(F)C(F)(F)C(F)(F)C(F)(F)C(F)(F)F)nn1,ClCCl,518.0704159394454,2.7467617446011108
CCCCCCN1C(=O)c2cccc3c(-c4ccc(C)s4)ccc(c23)C1=O,ClC(Cl)Cl,387.16119258915387,4.162817973407646
COc1ccc2cc(-c3cccc(-c4cc5ccc(OC)cc5oc4=O)c3)c(=O)oc2c1,ClC(Cl)Cl,349.15971448094115,4.670244271095312
O=c1oc2ccccc2cc1-c1ccc(-c2cc3ccccc3oc2=O)cc1,ClC(Cl)Cl,355.2789254829284,4.62430208501495
COc1ccc2cc(-c3ccccc3CC#N)c(=O)oc2c1,ClC(Cl)Cl,329.26485395984906,4.486002775240856
COc1cc(OC)c2cc(-c3ccccc3CC#N)c(=O)oc2c1,ClC(Cl)Cl,335.0773786359214,4.444881489688852
CC1(C)c2ccccc2-c2ccc(N3c4ccc(-c5ccc(/C=C6\C(=O)c7ccc(C(=O)O)cc7C6=O)s5)cc4C4CCCC43)cc21,ClC(Cl)Cl,594.4027776060249,4.765877974548196
c1cc2c3c(cccc3c1)C(N1CCOCCNCCOCCOCC1)=N2,CC#N,413.856734826069,3.939068070388198
CS(=O)(=O)Nc1ccc(-c2c3nc(c(-c4ccc(NS(C)(=O)=O)cc4)c4ccc([nH]4)c(-c4ccc(NS(C)(=O)=O)cc4)c4nc(c(-c5ccc(NS(C)(=O)=O)cc5)c5ccc2[nH]5)C=C4)C=C3)cc1,CN(C)C=O,662.3736649593644,3.620259051530047
CCCCCCCCCCCCCCCCN(CCCCCCCCCCCCCCCC)c1ccc(/C=C/c2cc[n+](Cc3cc(C[n+]4ccc(/C=C/c5ccc(N(CCCCCCCCCCCCCCCC)CCCCCCCCCCCCCCCC)cc5)cc4)cc(C[n+]4ccc(/C=C/c5ccc(N(CCCCCCCCCCCCCCCC)CCCCCCCCCCCCCCCC)cc5)cc4)c3)cc2)cc1,CO,463.6046166852121,4.442106789171054
CCCCCCCCCCCCCCCCN(CCCCCCCCCCCCCCCC)c1ccc(/C=C/c2cc[n+](Cc3cc(C[n+]4ccc(/C=C/c5ccc(N(CCCCCCCCCCCCCCCC)CCCCCCCCCCCCCCCC)cc5)cc4)cc(C[n+]4ccc(/C=C/c5ccc(N(CCCCCCCCCCCCCCCC)CCCCCCCCCCCCCCCC)cc5)cc4)c3)cc2)cc1,CCO,471.58530530298106,4.4424401758225995
CCCCCCCCCCCCCCCCN(CCCCCCCCCCCCCCCC)c1ccc(/C=C/c2cc[n+](Cc3cc(C[n+]4ccc(/C=C/c5ccc(N(CCCCCCCCCCCCCCCC)CCCCCCCCCCCCCCCC)cc5)cc4)cc(C[n+]4ccc(/C=C/c5ccc(N(CCCCCCCCCCCCCCCC)CCCCCCCCCCCCCCCC)cc5)cc4)c3)cc2)cc1,CCCO,473.2278530342021,4.546467452789665
CCCCCCCCCCCCCCCCN(CCCCCCCCCCCCCCCC)c1ccc(/C=C/c2cc[n+](Cc3cc(C[n+]4ccc(/C=C/c5ccc(N(CCCCCCCCCCCCCCCC)CCCCCCCCCCCCCCCC)cc5)cc4)cc(C[n+]4ccc(/C=C/c5ccc(N(CCCCCCCCCCCCCCCC)CCCCCCCCCCCCCCCC)cc5)cc4)c3)cc2)cc1,CCCCO,470.5371726471259,4.569310727923361
CCCCCCCCCCCCCCCCN(CCCCCCCCCCCCCCCC)c1ccc(/C=C/c2cc[n+](Cc3cc(C[n+]4ccc(/C=C/c5ccc(N(CCCCCCCCCCCCCCCC)CCCCCCCCCCCCCCCC)cc5)cc4)cc(C[n+]4ccc(/C=C/c5ccc(N(CCCCCCCCCCCCCCCC)CCCCCCCCCCCCCCCC)cc5)cc4)c3)cc2)cc1,CC(C)O,464.7353707234253,4.55409662199201
CCCCCCCCCCCCCCCCN(CCCCCCCCCCCCCCCC)c1ccc(/C=C/c2cc[n+](Cc3cc(C[n+]4ccc(/C=C/c5ccc(N(CCCCCCCCCCCCCCCC)CCCCCCCCCCCCCCCC)cc5)cc4)cc(C[n+]4ccc(/C=C/c5ccc(N(CCCCCCCCCCCCCCCC)CCCCCCCCCCCCCCCC)cc5)cc4)c3)cc2)cc1,CCCCCCCCO,468.7839667357514,4.510418303869196
CCCCCCCCCCCCCCCCN(CCCCCCCCCCCCCCCC)c1ccc(/C=C/c2cc[n+](Cc3cc(C[n+]4ccc(/C=C/c5ccc(N(CCCCCCCCCCCCCCCC)CCCCCCCCCCCCCCCC)cc5)cc4)cc(C[n+]4ccc(/C=C/c5ccc(N(CCCCCCCCCCCCCCCC)CCCCCCCCCCCCCCCC)cc5)cc4)c3)cc2)cc1,CS(C)=O,465.51151069815745,4.433215247268667
CCCCCCCCCCCCCCCCN(CCCCCCCCCCCCCCCC)c1ccc(/C=C/c2cc[n+](Cc3cc(C[n+]4ccc(/C=C/c5ccc(N(CCCCCCCCCCCCCCCC)CCCCCCCCCCCCCCCC)cc5)cc4)cc(C[n+]4ccc(/C=C/c5ccc(N(CCCCCCCCCCCCCCCC)CCCCCCCCCCCCCCCC)cc5)cc4)c3)cc2)cc1,ClCCl,467.40427783603485,4.429782790136981
CCCCCCCCCCCCCCCCN(CCCCCCCCCCCCCCCC)c1ccc(/C=C/c2cc[n+](Cc3cc(C[n+]4ccc(/C=C/c5ccc(N(CCCCCCCCCCCCCCCC)CCCCCCCCCCCCCCCC)cc5)cc4)cc(C[n+]4ccc(/C=C/c5ccc(N(CCCCCCCCCCCCCCCC)CCCCCCCCCCCCCCCC)cc5)cc4)c3)cc2)cc1,ClC(Cl)Cl,480.2238917482582,4.795751497072689
CCCCCCCCCCCCCCCCN(CCCCCCCCCCCCCCCC)c1ccc(/C=C/c2cc[n+](Cc3cc(C[n+]4ccc(/C=C/c5ccc(N(CCCCCCCCCCCCCCCC)CCCCCCCCCCCCCCCC)cc5)cc4)cc(C[n+]4ccc(/C=C/c5ccc(N(CCCCCCCCCCCCCCCC)CCCCCCCCCCCCCCCC)cc5)cc4)c3)cc2)cc1,C1COCCO1,456.14210078358667,4.397625642830542
CCCCCCCCCCCCCCCCN(CCCCCCCCCCCCCCCC)c1ccc(/C=C/c2cc[n+](Cc3cc(C[n+]4ccc(/C=C/c5ccc(N(CCCCCCCCCCCCCCCC)CCCCCCCCCCCCCCCC)cc5)cc4)cc(C[n+]4ccc(/C=C/c5ccc(N(CCCCCCCCCCCCCCCC)CCCCCCCCCCCCCCCC)cc5)cc4)c3)cc2)cc1,c1ccccc1,461.2899833798949,4.436760915451386
CCCCCCCCCCCCCCCCN(CCCCCCCCCCCCCCCC)c1ccc(/C=C/c2cc[n+](Cc3cc(C[n+]4ccc(/C=C/c5ccc(N(CCCCCCCCCCCCCCCC)CCCCCCCCCCCCCCCC)cc5)cc4)cc(C[n+]4ccc(/C=C/c5ccc(N(CCCCCCCCCCCCCCCC)CCCCCCCCCCCCCCCC)cc5)cc4)c3)cc2)cc1,Cc1ccccc1,461.28509180697887,4.454349185357259
CCCCCCCCCCCCCCCCN(CCCCCCCCCCCCCCCC)c1ccc(/C=C/c2cc[n+](Cc3cc(C[n+]4ccc(/C=C/c5ccc(N(CCCCCCCCCCCCCCCC)CCCCCCCCCCCCCCCC)cc5)cc4)cc(C[n+]4ccc(/C=C/c5ccc(N(CCCCCCCCCCCCCCCC)CCCCCCCCCCCCCCCC)cc5)cc4)c3)cc2)cc1,Cc1ccc(C)cc1,460.17347639898145,4.465526254282373
CCCCCCCCCCCCCCCCN(CCCCCCCCCCCCCCCC)c1ccc(/C=C/c2cc[n+](Cc3cc(C[n+]4ccc(/C=C/c5ccc(N(CCCCCCCCCCCCCCCC)CCCCCCCCCCCCCCCC)cc5)cc4)cc(C[n+]4ccc(/C=C/c5ccc(N(CCCCCCCCCCCCCCCC)CCCCCCCCCCCCCCCC)cc5)cc4)c3)cc2)cc1,CCCCCC,454.29590504094494,4.3994682261277775
CCCCCCCCCCCCN1C(=O)c2ccc3c4ccc5c6c(ccc(c7ccc(c2c37)C1=O)c64)C(=O)NC5=O,CN(C)C=O,523.9247702754251,4.808075717902832
Cc1cc(=O)oc2cc(/[NH+]=C/C=C3/C=C(C(=O)O)NC(C(=O)O)C3)ccc12,O,393.7756043321162,4.109590863731001
O=C(O)C1=C/C(=C/C=[NH+]/c2ccc3c(C(F)(F)F)cc(=O)oc3c2)CC(C(=O)O)N1,O,488.9662407230369,4.147254009071732
COc1ccc2cc(C#CC3=C4CCc5ccccc5C4=[O+][B-](F)(F)O3)ccc2c1,ClCCl,451.4443427872787,4.623881921782726
O=C1/C(=C2\Sc3ccc(S(=O)(=O)O)cc3C2=O)Sc2ccc(S(=O)(=O)O)cc21,CS(C)=O,552.5231593496087,4.151684571149572
O=C1/C(=C2\Sc3ccc(S(=O)(=O)O)cc3C2=O)Sc2ccc(S(=O)(=O)O)cc21,O,531.9386588445333,4.191060724486683
O=C1/C(=C2\Sc3ccc(S(=O)(=O)O)cc3C2=O)Sc2ccc(S(=O)(=O)O)cc21,CO,534.9861555954686,4.245935353475275
CCCCn1c(-c2ccc(-c3nnc(-c4ccccc4)o3)cc2)nc(-c2ccccc2)c1-c1ccccc1,ClCCl,348.8261635241932,2.772266156138439
CCCCn1c(-c2ccc(-c3nnc(-c4ccc5ccccc5c4)o3)cc2)nc2c3ccccc3c3ccccc3c21,ClCCl,359.484123625745,4.330249300706986
COc1c2ccccc2c(OC)c2c1c1ccccc1n2C,C1CCCCC1,405.7257918847812,3.7156716288278346
COc1c2ccccc2c(OC)c2c1c1c(C)ccc(OC)c1n2C,C1CCCCC1,399.80146651694895,3.8693822076599402
COc1c2ccccc2c(OC)c2c1c1ccc(C(F)(F)F)cc1n2C,C1CCCCC1,388.1231436591342,3.7295912242612803
COc1c2ccccc2c(OC)c2c1c1cc(F)ccc1n2C,C1CCCCC1,408.555043945958,3.7099486746308794
[O-][n+]1c(/C=C/c2ccccc2)nc(Nc2ccccc2)c2c1CCCC2,ClCCl,409.95358428718055,3.4333821204573485
COc1ccc(Nc2nc(/C=C/c3ccccc3)[n+]([O-])c3c2CCCC3)cc1,ClCCl,399.0754846747088,3.6154190810661415
[O-][n+]1c(-c2ccccc2)cc(N2CCOCC2)nc1/C=C/c1ccccc1,ClCCl,440.1837941455414,3.5548478599277424
C(=C/c1nc2c(c(N3CCOCC3)n1)CCCC2)\c1ccccc1,ClCCl,381.04312409877303,3.7167103948779596
COc1ccc2cc(C#N)c(=N)oc2c1,ClCCl,358.6700372819208,4.135968210281484
COc1cc(OC)c2cc(C#N)c(=N)oc2c1,ClCCl,365.1284680960584,4.073205662079699
CCOC(=O)/N=c1/oc2c(OC)cccc2cc1C#N,ClCCl,375.6075658204928,3.7303495676560274
CCN(CC)c1ccc2cc(C#N)c(=O)oc2c1,ClCCl,447.8004253224334,4.8128452567984645
CCN(CC)c1ccc2ccc(=O)oc2c1,ClCCl,412.07368626180534,4.7980979365384915
NCc1ccc2ccc3cccc4ccc1c2c34,C1CCCCC1,340.3028396432758,4.625926084890603
NCc1ccc2ccc3cccc4ccc1c2c34,CO,345.1641266368903,4.247161559836596
NCc1ccc2ccc3cccc4ccc1c2c34,CC#N,342.0682822909814,4.604699042243668
NCc1ccc2ccc3cccc4ccc1c2c34,ClC(Cl)Cl,342.9720152148966,4.5612821628432405
CC1(C)CC(NCc2ccc3ccc4cccc5ccc2c3c45)CC(C)(C)N1,C1CCCCC1,345.1206550067507,4.431562599488412
CC1(C)CC(NCc2ccc3ccc4cccc5ccc2c3c45)CC(C)(C)N1,CO,337.2611615853305,4.311733461531594
CC1(C)CC(NCc2ccc3ccc4cccc5ccc2c3c45)CC(C)(C)N1,CC#N,338.74022090025835,4.531676533759409
CC1(C)CC(NCc2ccc3ccc4cccc5ccc2c3c45)CC(C)(C)N1,ClC(Cl)Cl,343.02485169426916,4.50349416552875
CC1(C)CC(/N=C/c2ccc3ccc4cccc5ccc2c3c45)CC(C)(C)N1[O],C1CCCCC1,357.6796045838065,4.406058604384521
CC1(C)CC(/N=C/c2ccc3ccc4cccc5ccc2c3c45)CC(C)(C)N1[O],CO,353.70868375263535,4.362971680586233
CC1(C)CC(/N=C/c2ccc3ccc4cccc5ccc2c3c45)CC(C)(C)N1[O],CC#N,358.3122688250563,4.47264125493052
CC1(C)CC(/N=C/c2ccc3ccc4cccc5ccc2c3c45)CC(C)(C)N1[O],ClC(Cl)Cl,360.3066757932758,4.449226660279835
C(=C/c1nc2ccccc2[nH]1)\c1ccc(/C=C/c2nc3ccccc3[nH]2)cc1,C1CCOC1,365.31797518513724,4.8742115398972805
C(=C/c1nc2ccccc2[nH]1)\c1ccc(/C=C/c2nc3ccccc3[nH]2)cc1,CN(C)C=O,376.7820302925011,4.75069086436705
C(=C/c1nc2ccccc2[nH]1)\c1ccc(/C=C/c2nc3ccccc3[nH]2)cc1,CS(C)=O,379.6135049445626,4.779934594688246
C(=C/c1nc2ccccc2[nH]1)\c1ccc(/C=C/c2nc3ccccc3[nH]2)cc1,CO,364.6021385962328,4.827878865993537
C(=C/c1nc2ccccc2[nH]1)\c1ccc(/C=C/c2nc3ccccc3[nH]2)cc1,CC#N,360.60607626648743,4.790519463580662
Clc1ccc(Nc2ccc3ccccc3n2)cc1,Cc1ccccc1,351.93500003760465,3.8636099694709958
Clc1ccc(Nc2ccc3ccccc3n2)cc1,CCOC(C)=O,349.88155081658755,4.121237366300979
Clc1ccc(Nc2ccc3ccccc3n2)cc1,CCO,349.1861857881064,3.5727670269374383
COc1cc(/C=C/CO)ccc1O,O,290.7497763035349,4.066831080082703
O=C(O)c1cc(O)c(O)c(O)c1,O,300.86400077215336,3.6879476632824058
[NH3+]C(Cc1ccc(O)c(O)c1)C(=O)[O-],O,281.1447374174127,3.2678940797922005
c1ccc2[nH]ccc2c1,O,286.77424796654105,3.924123288255837
[NH3+]C(Cc1c[nH]c2ccccc12)C(=O)[O-],O,290.5551872229389,3.440669995299294
O=c1ccc2ccccc2o1,O,304.9588747477725,3.9183685764828535
COc1ccc(C2=[O+][B-](F)(F)OC(c3ccc4c(c3)Cc3ccccc3-4)=C2)cc1,CC#N,409.07202732624904,4.763482685629642
Fc1ccc(-c2ccc(-c3cc(-c4ccccn4)nc(-c4ccccn4)c3)cc2)c(F)c1,ClCCl,300.406796346133,4.720961500234996
FC(F)(F)c1ccc(-c2ccc(-c3cc(-c4ccccn4)nc(-c4ccccn4)c3)cc2)cc1,ClCCl,297.5331861157558,4.618849196954851
CCCCCCn1c2ccccc2c2cc(-c3ccc(-c4cc(-c5ccccn5)nc(-c5ccccn5)c4)cc3)ccc21,ClCCl,320.11108842856646,4.693749820240398
Cc1ccc(-c2nc(/C=C/c3ccccc3)c(/C=C/c3ccccc3)[nH]2)cc1,ClCCl,380.8369413348266,4.132824011090824
COc1ccc(/C=C/c2nc(-c3ccc([N+](=O)[O-])cc3)[nH]c2/C=C/c2ccc(OC)cc2)cc1,ClCCl,428.2183897859285,4.624699308196532
Clc1ccc(/C=C/c2nc(-c3ccccc3)[nH]c2/C=C/c2ccc(Cl)cc2)cc1,ClCCl,379.4740685827161,4.600077065631179
CCCCCCCCC1(CCCCCCCC)c2cc(-c3ccccc3)ccc2-c2ccc(-c3ccccc3)cc21,ClC(Cl)Cl,335.0107009093825,4.863317206643701
CCCCCCCCC1(CCCCCCCC)c2cc(-c3ccc(C#N)cc3)ccc2-c2ccc(-c3ccc(C#N)cc3)cc21,ClC(Cl)Cl,343.36448355978575,4.902693414298218
COc1ccc(O)c(-c2nc3ncccc3o2)c1,CO,342.2435797821574,2.2585825477308217
CCN(CC)c1ccc(-c2nc3ncccc3o2)c(O)c1,CO,388.69300097819473,3.9666408887017637
CCN(CC)c1ccc2cc(-c3cn4cc5ccccc5cc4n3)c(=O)oc2c1,ClC(Cl)Cl,430.4352080214111,4.659259915796113
O=C1c2cccc3c(C#CC#Cc4ccc5c6c(cccc46)C(=O)N(c4ccccc4)C5=O)ccc(c23)C(=O)N1c1ccccc1,ClCCl,418.9134677839843,4.689958610229107
COc1ccc([C@@H]2C[C@](O)(c3ccccn3)C[C@](O)(c3ccccn3)[C@H]2C(=O)c2ccc(N(c3ccccc3)c3ccccc3)cc2)cc1,c1ccccc1,368.93831352042207,4.430712663369757
COc1ccc([C@@H]2C[C@](O)(c3ccccn3)C[C@](O)(c3ccccn3)[C@H]2C(=O)c2ccc(N(c3ccccc3)c3ccccc3)cc2)cc1,ClCCl,369.89738021683866,4.424867857127948
COc1ccc([C@@H]2C[C@](O)(c3ccccn3)C[C@](O)(c3ccccn3)[C@H]2C(=O)c2ccc(N(c3ccccc3)c3ccccc3)cc2)cc1,C1CCOC1,364.4570583519153,4.407056507903631
COc1ccc([C@@H]2C[C@](O)(c3ccccn3)C[C@](O)(c3ccccn3)[C@H]2C(=O)c2ccc(N(c3ccccc3)c3ccccc3)cc2)cc1,CCO,363.2699450902096,4.39408271880838
COc1ccc([C@@H]2C[C@](O)(c3ccccn3)C[C@](O)(c3ccccn3)[C@H]2C(=O)c2ccc(N(c3ccccc3)c3ccccc3)cc2)cc1,CCOC(C)=O,364.4611226964824,4.414853291564406
COc1ccc([C@@H]2C[C@](O)(c3ccccn3)C[C@](O)(c3ccccn3)[C@H]2C(=O)c2ccc(N(c3ccccc3)c3ccccc3)cc2)cc1,CC#N,359.46971424439187,4.398347369504753
COc1ccc([C@@H]2C[C@](O)(c3ccccn3)C[C@](O)(c3ccccn3)[C@H]2C(=O)c2ccc(N(c3ccccc3)c3ccccc3)cc2)cc1,CN(C)C=O,358.71285961584687,4.402230300112176
COc1ccc(/C=C(\C#N)c2nc(-c3ccc(Cl)cc3)cs2)cc1,CC#N,373.3924231126188,4.1188090342944825
COc1ccc(-c2csc(/C(C#N)=C/c3ccc(Cl)cc3)n2)cc1,CC#N,375.92708823308976,4.133025238969948
N#C/C(=C\c1ccc(C#N)cc1)c1nc(-c2ccccc2)cs1,CC#N,377.33533680135054,3.9768226138154703
N#C/C(=C\c1ccc(C#N)cc1)c1nc(-c2ccc(Cl)cc2)cs1,CC#N,371.688788469851,3.9692584444409147
N#C/C(=C\c1ccc([N+](=O)[O-])cc1)c1nc(-c2ccccc2)cs1,CC#N,386.23582062027754,4.1503598420687755
COc1ccc(-c2csc(/C(C#N)=C/c3ccncc3)n2)cc1,CC#N,378.2283188783463,3.8871476926255473
COc1ccc(-c2csc(/C(C#N)=C/c3ccccc3Cl)n2)cc1,CC#N,372.80776933177015,3.9196484031756498
COc1ccc(-c2csc(/C(C#N)=C/c3c(Cl)cccc3Cl)n2)cc1,CC#N,413.62852905834296,3.955539207808115
COc1ccc(-c2nc(/C(C#N)=C/c3ccc(Cl)cc3)sc2-c2ccc(OC)cc2)cc1,CC#N,402.29896567243054,4.247170685160609
N#C/C(=C\c1ccc(Cl)cc1)c1nc(-c2ccccc2)c(-c2ccccc2)s1,CC#N,368.7150867308716,4.3676251793993295
N#C/C(=C\c1ccc(C#N)cc1)c1nc(-c2ccccc2)c(-c2ccccc2)s1,CC#N,381.35958732728716,4.150691504142717
N#C/C(=C\c1ccc(C#N)cc1)c1nc(-c2ccccc2)cs1,Cc1ccccc1,394.73994656026736,4.143605291719134
N#C/C(=C\c1ccc(C#N)cc1)c1nc(-c2ccccc2)cs1,ClCCl,402.1264464198603,3.9511074507473696
N#C/C(=C\c1ccc(C#N)cc1)c1nc(-c2ccccc2)cs1,CCO,386.1561632127017,3.852708104203945
N#C/C(=C\c1ccc(C#N)cc1)c1nc(-c2ccccc2)cs1,CN(C)C=O,394.9206756639985,4.042082803032325
COc1ccc(-c2csc(/C(C#N)=C\Nc3ccc(C#N)cc3)n2)cc1,Cc1ccccc1,381.0276159084432,4.42004627763203
COc1ccc(-c2csc(/C(C#N)=C\Nc3ccc(C#N)cc3)n2)cc1,ClCCl,377.62105210821636,4.37419950120488
COc1ccc(-c2csc(/C(C#N)=C\Nc3ccc(C#N)cc3)n2)cc1,CCO,373.05641232213895,4.26422634122689
COc1ccc(-c2csc(/C(C#N)=C\Nc3ccc(C#N)cc3)n2)cc1,CN(C)C=O,398.84594285515885,4.436022461279711
COc1ccc(-c2csc(/C(C#N)=C\Nc3ccc(C#N)cc3)n2)cc1,CC#N,376.3541253581143,4.463524694125689
COc1ccc(-c2csc(/C(C#N)=C/c3ccncc3)n2)cc1,Cc1ccccc1,380.62783049468663,3.9968300315599707
COc1ccc(-c2csc(/C(C#N)=C/c3ccncc3)n2)cc1,ClCCl,400.72306757320075,3.9481509181904255
COc1ccc(-c2csc(/C(C#N)=C/c3ccncc3)n2)cc1,CCO,380.31709231067026,3.8606804145584546
COc1ccc(-c2csc(/C(C#N)=C/c3ccncc3)n2)cc1,CN(C)C=O,373.0934534224719,3.9368689759359206
COc1ccc(-c2csc(/C(C#N)=C/c3ccncc3)n2)cc1,CS(C)=O,375.6948337288787,3.8921863923679543
c1ccc(-c2csc(-c3ccncc3)n2)cc1,ClCCl,365.0577135384867,3.7708405857274427
c1ccc(-c2csc(-c3ccncc3)n2)cc1,CCO,339.70430715586383,3.8638722501131575
c1ccc(-c2csc(-c3ccncc3)n2)cc1,CN(C)C=O,348.84330744152237,3.957858198878672
c1ccc(-c2csc(-c3ccncc3)n2)cc1,CC#N,367.17706008194,3.9963344757698307
c1ccc(-c2csc(-c3ccncc3)n2)cc1,CS(C)=O,348.8274870895515,4.011422438581345
COc1ccc(-n2nc(C#N)c(N3CCCC3)n2)cc1OC,CC#N,338.1096356555382,4.105596959270656
N#Cc1nn(-c2cc(F)cc(F)c2)nc1N1CCCC1,CC#N,341.7029595224023,3.9652195832751653
N#Cc1nn(-c2ccccc2Cl)nc1N1CCCC1,CC#N,326.49423209810357,3.7332622117498624
CCOC(=O)c1nn(-c2ccc(OC)cc2)nc1N1CCCC1,CC#N,342.0994797253929,4.079620945918721
COc1ccc(-n2nc(C#N)c(N3CCOCC3)n2)cc1,CC#N,348.32689219541817,4.138414394608371
COc1ccc(-n2nc(C#N)c(NC3CCCCC3)n2)cc1,CC#N,327.12316288612584,4.167027029108555
COc1ccc(-n2nc(C#N)c(NC3CCCCC3)n2)cc1,CCCCCC,322.6752715538198,4.201315361663484
COc1ccc(-n2nc(C#N)c(NC3CCCCC3)n2)cc1,ClC(Cl)Cl,327.67658801639885,4.209907650876817
COc1ccc(-n2nc(C#N)c(NC3CCCCC3)n2)cc1,CN(C)C=O,329.6722249014843,4.17664852450876
COc1ccc(-n2nc(C#N)c(NC3CCCCC3)n2)cc1,CCO,324.68893889529517,4.202928009201526
COc1ccccc1-c1nc(-c2ccccc2)c2ccccn12,ClCCl,353.7849510847888,3.8836715959855246
c1ccc(-c2nc(-c3cccc4ccccc34)n3ccccc23)cc1,ClCCl,372.7876910950146,3.5856184524989403
Oc1ccc2ccccc2c1-c1nc(-c2ccccc2)c2ccccn12,ClCCl,370.3802131135934,3.9375710464992553
C[Si](C)(C)c1ccc(-c2ccc(-c3ccc(-c4ccc(-c5ccc([Si](C)(C)C)cc5)s4)c4nsnc34)s2)cc1,C1CCOC1,414.79976577898225,4.222674087805548
C[Si](C)(C)c1ccc(-c2ccc(-c3ccc(-c4ccc(-c5ccc([Si](C)(C)C)s5)s4)c4nsnc34)s2)s1,C1CCOC1,430.719876025971,4.444942909094373
C1=C(c2ccc(-c3cccs3)s2)CCC(c2ccccc2)C1,CCCCCC,360.8398416330415,4.368403520651958
C1=C(c2ccc(-c3cccs3)s2)CCC(c2ccccc2)C1,C1CCOC1,361.3654406746269,4.373679415448392
C1=C(c2ccc(-c3cccs3)s2)CCC(c2ccccc2)C1,CC#N,356.3295679183781,4.405025600505759
C1=C(c2ccc(-c3cccs3)s2)CCC(c2ccccc2)C1,c1ccncc1,368.27408349402424,4.363019354293492
C1=C(c2ccc(-c3cccs3)s2)CCC(c2ccccc2)C1,CCO,361.31399019294076,4.4104850541821685
C1=C(c2ccc(-c3cccs3)s2)CCC(c2ccccc2)C1,OCCOCCO,358.0441282185844,4.273771249086274
N#Cc1ccc(-c2ccc(C3=CCCCC3)s2)s1,CCCCCC,355.58792180498745,4.137284013202085
N#Cc1ccc(-c2ccc(C3=CCCCC3)s2)s1,C1CCOC1,353.90689390826805,4.15030769736013
N#Cc1ccc(-c2ccc(C3=CCCCC3)s2)s1,CC#N,353.3762877939594,4.126226818262999
N#Cc1ccc(-c2ccc(C3=CCCCC3)s2)s1,c1ccncc1,360.3228207933535,4.1959683382254145
N#Cc1ccc(-c2ccc(C3=CCCCC3)s2)s1,OCCOCCO,362.30565905115384,4.152385808846032
N#Cc1ccc(-c2ccc(C3=CCCCC3)s2)s1,CCO,357.3275736579054,4.162904501033553
CCCCCCN1C(=O)c2cccc3cc(/N=C\c4nc5ccccc5s4)cc(c23)C1=O,ClC(Cl)Cl,370.183988305998,4.4911190492902735
CCCCCCN1C(=O)c2cccc3cc(/N=C\c4cnc5ccccc5c4)cc(c23)C1=O,ClC(Cl)Cl,337.8608740437458,4.407689937109827
CCCCCCN1C(=O)c2cccc3cc(/N=C\c4ccc(N5CCOCC5)cc4)cc(c23)C1=O,ClC(Cl)Cl,360.6610604179508,4.486340013901695
CCCCCCN1C(=O)c2cccc3cc(/N=C\c4ccc(N(c5ccccc5)c5ccccc5)cc4)cc(c23)C1=O,ClC(Cl)Cl,364.00318156898896,4.412954180822924
Cc1cc(C#Cc2ccccc2)c2ccc3c(C#Cc4ccccc4)cc(C#Cc4ccccc4)c4ccc1c2c43,ClC(Cl)(Cl)Cl,439.6977205231995,4.816142866446189
Cc1cc(C#Cc2ccccc2)c2ccc3c(C#Cc4ccccc4)cc(C#Cc4ccccc4)c4ccc1c2c43,CS(C)=O,446.33641922224353,4.839820475024
CN(C)c1ccc2nc(-c3ccc(C(=O)O)cc3)sc2c1,c1ccccc1,388.45916693607967,4.315351942195498
CN(C)c1ccc2nc(-c3ccc(C(=O)O)cc3)sc2c1,ClC(Cl)Cl,387.7761010762579,4.271861657348882
CN(C)c1ccc2nc(-c3ccc(C(=O)O)cc3)sc2c1,CS(C)=O,393.1261145784111,4.290755586400002
CN(C)c1ccc2nc(-c3ccc(C(=O)O)cc3)sc2c1,CC#N,386.0193115492436,4.295066659240098
CN(C)c1ccc2nc(-c3ccc(C(=O)O)cc3)sc2c1,CC(C)O,387.34379466273157,4.287521383269525
CN(C)c1ccc2nc(-c3ccc(C(=O)O)cc3)sc2c1,CO,390.01333858508895,4.2887347164059
C[Si](C)(C)c1ccc2ccc3cccc4ccc1c2c34,CCCCCC,338.14429184093314,4.61125948029422
Cc1ccc2ccc3c(C)ccc4ccc1c2c43,CCCCCC,337.7666262010649,4.667334632564544
C[Si](C)(C)c1ccc2ccc3c([Si](C)(C)C)ccc4ccc1c2c43,CCCCCC,342.43257492614487,4.577991427765968
Cc1ccc(-c2ccc(/C=C/c3ccc(F)cc3)cn2)nc1,CC#N,332.07016322315354,4.692072860895028
Cc1ccc(-c2ccc(/C=C/c3ccc(N(C)C)cc3)cn2)nc1,CC#N,386.9646368902189,4.563232356840748
Cc1ccc(-c2ccc(/C=C/c3ccc(C#N)cc3)cn2)nc1,CC#N,351.9151340707651,4.6023200485465665
CCCCCCc1ccc(/C=C/c2ccc(CCCCCC)s2)s1,Cc1ccccc1,407.0058762480556,4.207207568893915
COC(=O)/C(C#N)=c1\s/c(=c2/s/c(=C(/C#N)C(=O)OC)c3cc(-c4ccccc4)sc23)c2sc(-c3ccccc3)cc12,Cc1ccccc1,604.8564841025723,4.844954809610526
CCCCCCCCCCC1(CCCCCCCCCC)c2cc(-c3nc4ccccc4s3)ccc2-c2ccc(N3C(=O)c4ccc5c6ccc7c8c(ccc(c9ccc(c4c59)C3=O)c86)C(=O)N(c3ccc4c(c3)C(CCCCCCCCCC)(CCCCCCCCCC)c3cc(-c5nc6ccccc6s5)ccc3-4)C7=O)cc21,Cc1ccccc1,492.19364871420373,4.854319818225085
CCCCCCCCCCC1(CCCCCCCCCC)c2cc(-c3nc4ccccc4s3)ccc2-c2ccc(N3C(=O)c4ccc5c6ccc7c8c(ccc(c9ccc(c4c59)C3=O)c86)C(=O)N(c3ccc4c(c3)C(CCCCCCCCCC)(CCCCCCCCCC)c3cc(-c5nc6ccccc6s5)ccc3-4)C7=O)cc21,ClCCl,500.3546934025428,4.90609799302187
C(=C/c1nc(/C=C/c2ccc(N(c3ccccc3)c3ccccc3)cc2)cc(/C=C/c2ccc(N(c3ccccc3)c3ccccc3)cc2)n1)\c1ccccc1,ClCCl,422.11932569625776,4.857451904634467
COc1ccc(/C=C/c2cc(/C=C/c3ccc(OC)cc3)nc(/C=C/c3ccc(N(c4ccccc4)c4ccccc4)cc3)n2)cc1,ClCCl,380.4140060137661,4.863991177002933
COc1ccc(/C=C/c2nc(/C=C/c3ccc(N(C)C)cc3)cc(/C=C/c3ccc(N(c4ccccc4)c4ccccc4)cc3)n2)cc1,ClCCl,420.19666595962866,4.645210881986938
COc1ccc(/C=C/c2cc(/C=C/c3ccc(N(c4ccccc4)c4ccccc4)cc3)nc(/C=C/c3ccc(N(C)C)cc3)n2)cc1,ClCCl,393.9841407948365,4.915882042308955
C1=C(c2ccccc2)[Si](c2ccccc2)(c2ccccc2)c2ccccc21,ClCCl,338.4570028865213,4.162158886017339
c1ccc(C2=C(c3ccccn3)[Si](c3ccccc3)(c3ccccc3)c3ccccc32)cc1,ClCCl,361.09363529048846,4.0773612332426445
COc1ccc(N(c2ccccc2)c2ccc(OC)cc2)cc1,Cc1ccccc1,314.4703026009616,4.325353559847662
COc1ccc(N(c2ccc(C=C(c3ccccc3)c3ccccc3)cc2)c2ccc(OC)cc2)cc1,Cc1ccccc1,375.70666465507634,4.472716611276832
COc1ccc(N(c2ccc(/C=C(\C)c3ccccc3)cc2)c2ccc(OC)cc2)cc1,Cc1ccccc1,348.4781594834623,4.409164702178912
O=c1oc2cc3ccccc3cc2nc1-c1ccccc1,CCCCCC,380.15198377545977,4.25207347370321
O=c1oc2cc3ccccc3cc2nc1-c1ccccc1,c1ccccc1,388.7589794626576,4.258097690333199
O=c1oc2cc3ccccc3cc2nc1-c1ccccc1,CC#N,377.99426007984965,4.304677146312923
O=c1oc2cc3ccccc3cc2nc1-c1ccccc1,CO,379.4411167998816,4.269915745373456
O=c1oc2c(ccc3ccccc32)nc1-c1ccccc1,CCCCCC,383.25355940909924,4.202806881388737
O=c1oc2c(ccc3ccccc32)nc1-c1ccccc1,c1ccccc1,390.50891079841693,4.261551842741667
O=c1oc2c(ccc3ccccc32)nc1-c1ccccc1,CC#N,383.07159414526933,4.253177493062347
O=c1oc2c(ccc3ccccc32)nc1-c1ccccc1,CO,381.71391576286675,4.244292849470375
CC(C)(C)c1cc(-c2cc3c(cc(-c4cc(C(C)(C)C)cc(C(C)(C)C)c4)n3-c3ccc(C(=C(c4ccccc4)c4ccccc4)c4ccccc4)cc3)n2-c2ccc(C(=C(c3ccccc3)c3ccccc3)c3ccccc3)cc2)cc(C(C)(C)C)c1,ClCCl,397.04329366145055,4.662291478794941
CC(C)(C)c1cc2c3cc(C(C)(C)C)c(-c4cc5cc6c7cccc8cccc(c9cc(C(C)(C)C)cc(c5cc4C(C)(C)C)c96)c87)cc3cc3c4cccc5cccc(c(c1)c23)c54,CC1CCCCC1,428.32169655943403,4.33063555177279
CC(C)(C)c1ccc2cc3c4cccc5cccc(c6cc(C(C)(C)C)cc(c2c1)c63)c54,CC1CCCCC1,414.8270237334831,4.3163905271876075
B1C=Cc2ccc3ccccc3c2N1,C1CCCCC1,333.32399167079507,3.8514872662128026
C=CB1C=Cc2ccc3ccccc3c2N1,C1CCCCC1,359.50094913820027,3.873985064545926
C1=Cc2ccc3ccccc3c2N(c2ccccc2)B1c1ccccc1,C1CCCCC1,360.37397784309695,3.9453995605773566
C1=C(c2ccccc2)B(c2ccccc2)Nc2c1ccc1ccccc21,C1CCCCC1,373.72086086168554,4.102888946946648
c1ccc(-p2c3ccccc3c3sc4ccccc4c32)cc1,ClCCl,360.4821793111349,4.0525537502209925
O=P1(c2ccccc2)c2ccccc2-c2sc3ccccc3c21,ClCCl,353.8528087823311,2.7866260846671063
O=P1(c2ccccc2)C2=C(c3ccccc31)S(=O)(=O)c1ccccc12,ClCCl,401.5337295038221,4.210745931385683
CCCCCC(=O)c1cccc2sc3c(c12)P(=O)(c1ccccc1)c1ccccc1-3,ClCCl,373.6675623830842,2.8319727166150206
O=C(c1ccc2c3c(sc2c1)-c1ccccc1P3(=O)c1ccccc1)c1c(F)c(F)c(F)c(F)c1F,ClCCl,386.26113692937076,3.2405635895274196
C#CCN1C(=O)/C(=C/c2cc(OC(C)C)ccc2OC(C)C)N=C1C,CCCCCC,371.88797881303674,4.319897308634913
C#CCN1C(=O)/C(=C/c2cc(OC(C)C)ccc2OC(C)C)N=C1C,CCOC(C)=O,372.031735491996,4.359429040598833
C#CCN1C(=O)/C(=C/c2cc(OC(C)C)ccc2OC(C)C)N=C1C,C1COCCO1,373.7574524492553,4.3001924750469644
C#CCN1C(=O)/C(=C/c2cc(OC(C)C)ccc2OC(C)C)N=C1C,CC(C)=O,377.7755846070264,4.383411082671089
C#CCN1C(=O)/C(=C/c2cc(OC(C)C)ccc2OC(C)C)N=C1C,CC#N,368.93680265807916,4.288561244720648
C#CCN1C(=O)/C(=C/c2cc(OC(C)C)ccc2OC(C)C)N=C1C,CN(C)C=O,376.8081332489299,4.32347482492267
C#CCN1C(=O)/C(=C/c2cc(OC(C)C)ccc2OC(C)C)N=C1C,CS(C)=O,380.89037716455005,4.3431655721969635
C#CCN1C(=O)/C(=C/c2cc(OC(C)C)ccc2OC(C)C)N=C1C,CCCCO,372.28614722949237,4.328349214515441
C#CCN1C(=O)/C(=C/c2cc(OC(C)C)ccc2OC(C)C)N=C1C,CCCO,370.7313450139681,4.289230978322302
C#CCN1C(=O)/C(=C/c2cc(OC(C)C)ccc2OC(C)C)N=C1C,CCO,368.2651306981575,4.279926778042459
C#CCN1C(=O)/C(=C/c2cc(OC(C)C)ccc2OC(C)C)N=C1C,CO,372.0247180983041,4.3557938075419855
CN(C)CCNCc1c2ccccc2cc2ccccc12,C1CCCCC1,355.4933243412686,4.18874323619766
CN(C)CCNCc1c2ccccc2cc2ccccc12,ClC(Cl)Cl,357.7402950500691,4.261045151883535
CN(C)CCNCc1c2ccccc2cc2ccccc12,C1CCOC1,355.81807233973757,4.240101908623979
CN(C)CCNCc1c2ccccc2cc2ccccc12,CO,348.108915964671,4.209281081506207
CN(C)CCNCc1c2ccccc2cc2ccccc12,CC(C)=O,369.00977980653545,4.398978527564459
CN(C)CCNCc1c2ccccc2cc2ccccc12,CCO,349.11495050160744,4.20991217732722
CN(C)CCNCc1c2ccccc2cc2ccccc12,CC#N,354.91114288061743,4.170563961241996
CN(C)CCNCc1c2ccccc2cc2ccccc12,CN(C)C=O,355.1215148537874,4.2671020585383355
CCCCC(CC)Cn1c2ccc(-n3c4ccccc4c4ccccc43)cc2c2cc(-n3c4ccccc4c4ccccc43)ccc21,C1CCOC1,359.4193126258199,4.178454053151382
CN(C)CCCN1c2ccccc2CCc2ccc(Cl)cc21,O,291.70057071646227,3.6746073086541537
c1ccc2c(c1)CCc1ccccc1N2,CO,282.5840398257301,3.921463183882896
CN1c2ccccc2CCc2ccccc21,CO,288.477913825473,3.8464910064693756
CN(C)CCCN1c2ccccc2CCc2ccc(Cl)cc21,CO,288.8278470251459,3.6659607020359837
CC(C)CCCN1c2ccccc2CCc2ccccc21,CO,279.7070083037665,3.8967149792557243
c1ccc2c(c1)CCc1ccccc1N2,CC#N,280.63884826184636,3.8195164038410945
CN1c2ccccc2CCc2ccccc21,CC#N,288.6154397580759,3.761172015243044
CN(C)CCCN1c2ccccc2CCc2ccc(Cl)cc21,CC#N,289.799206646989,3.7092745594252348
CC(C)CCCN1c2ccccc2CCc2ccccc21,CC#N,276.14212236240667,3.8565008351025707
c1ccc2c(c1)CCc1ccccc1N2,CCCCCC,289.7714117744655,3.802032753783391
COc1ccccc1-c1c(-c2ccccc2O)nc(-c2ccc(C(F)(F)F)cc2)n1-c1ccc(C)cc1,ClC(Cl)Cl,317.0033444808988,4.2401426376247064
COc1ccccc1-c1c(-c2ccccc2O)nc(-c2ccc(C(F)(F)F)cc2)n1-c1ccc(C)cc1,ClCCl,312.0656215878446,4.263135122669493
COc1ccccc1-c1c(-c2ccccc2O)nc(-c2ccc(C(F)(F)F)cc2)n1-c1ccc(C)cc1,C1CCOC1,313.01931286080145,4.277789107522152
COc1ccccc1-c1c(-c2ccccc2O)nc(-c2ccc(C(F)(F)F)cc2)n1-c1ccc(C)cc1,CS(C)=O,318.16943053446,4.364044674522694
COc1ccccc1-c1c(-c2ccccc2O)nc(-c2ccc(C(F)(F)F)cc2)n1-c1ccc(C)cc1,CC(C)O,311.69231372448616,4.269484374650033
COc1ccccc1-c1c(-c2ccccc2O)nc(-c2ccc(C(F)(F)F)cc2)n1-c1ccc(C)cc1,CO,307.45705441563166,4.231939496405436
COc1ccccc1-c1nc(-c2ccc(C(F)(F)F)cc2)n(-c2ccc(C)cc2)c1-c1ccccc1OC,CCCCCC,318.84104006205337,3.8666433792615873
COc1ccccc1-c1nc(-c2ccc(C(F)(F)F)cc2)n(-c2ccc(C)cc2)c1-c1ccccc1OC,ClCCl,317.93865567642774,4.255581490871476
COc1ccccc1-c1nc(-c2ccc(C(F)(F)F)cc2)n(-c2ccc(C)cc2)c1-c1ccccc1OC,CS(C)=O,326.9846754956683,4.38184064516713
COc1ccccc1-c1nc(-c2ccc(C(F)(F)F)cc2)n(-c2ccc(C)cc2)c1-c1ccccc1OC,CC(C)O,318.04926078910216,4.262695640546948
COc1ccccc1-c1nc(-c2ccc(C(F)(F)F)cc2)n(-c2ccc(C)cc2)c1-c1ccccc1OC,CO,312.21004004948304,4.267361188771017
CCCCCCn1c2cc(/C=C/c3ccccc3)ccc2c2ccc(/C=C/c3ccccc3)cc21,ClC(Cl)Cl,372.07531325709357,4.815124632375093
CCCCCCn1c2cc(/C=C/c3cccs3)ccc2c2ccc(/C=C/c3cccs3)cc21,ClC(Cl)Cl,390.0659378216143,4.726346491539048
Cc1cccc(NC(=O)c2ccc(N(C)C)cc2)c1,C1CCCCC1,309.3797453684249,4.422284000812049
Cc1cccc(NC(=O)c2ccc(N(C)C)cc2)c1,CCOCC,310.39015016833673,4.550107606098101
Cc1cccc(NC(=O)c2ccc(N(C)C)cc2)c1,C1CCOC1,309.7634544576648,4.511897529755154
Cc1cccc(NC(=O)c2ccc(N(C)C)cc2)c1,CC#N,309.82693564899887,4.518718872406944
CN(C)c1ccc(C(=O)Nc2ccccc2)cc1,C1CCCCC1,313.3669610372615,4.405831901642528
CN(C)c1ccc(C(=O)Nc2ccccc2)cc1,CCOCC,310.6193267587666,4.548484348560314
CN(C)c1ccc(C(=O)Nc2ccccc2)cc1,C1CCOC1,311.1786704737549,4.486706529643741
CN(C)c1ccc(C(=O)Nc2ccccc2)cc1,CC#N,315.9801035943049,4.499362285807215
CN(C)c1ccc(C(=O)Nc2cccc(Br)c2)cc1,C1CCCCC1,308.22022719579246,4.46313198834161
CN(C)c1ccc(C(=O)Nc2cccc(Br)c2)cc1,CCOCC,307.94598695085347,4.558335805746803
CN(C)c1ccc(C(=O)Nc2cccc(Br)c2)cc1,C1CCOC1,310.8317714852335,4.548535859565902
CN(C)c1ccc(C(=O)Nc2cccc(Br)c2)cc1,CC#N,309.5293457133056,4.546970287112054
CN(C)c1ccc(C(=O)Nc2ccc([N+](=O)[O-])cc2)cc1,C1CCCCC1,329.518366671819,4.439666032058201
CN(C)c1ccc(C(=O)Nc2ccc([N+](=O)[O-])cc2)cc1,CCOCC,335.2430740350172,4.609811541233449
CN(C)c1ccc(C(=O)Nc2ccc([N+](=O)[O-])cc2)cc1,C1CCOC1,339.4951276401628,4.56017495686302
CN(C)c1ccc(C(=O)Nc2ccc([N+](=O)[O-])cc2)cc1,CC#N,337.1759414573103,4.640805505079142
N#Cc1ccc(N)c2nonc12,CCCCCC,388.73592320384597,3.3079280350077043
N#Cc1ccc(N)c2nonc12,Cc1ccccc1,400.9374039992127,3.2840926162630364
N#Cc1ccc(N)c2nonc12,C1COCCO1,398.1544829688079,3.3538635400472705
N#Cc1ccc(N)c2nonc12,ClCCl,400.09999918079836,3.3042156214450324
N#Cc1ccc(N)c2nonc12,CC#N,390.56225297964806,3.446892886890379
N#Cc1ccc(N)c2nonc12,CCO,395.3343866085645,3.2562291636219833
N#Cc1ccc(N)c2nonc12,O,387.9244777475055,3.188545114531631
c1ccsc1,ClCCl,306.41306102313746,3.7707645413606694
C[Si](C)(C)[Si](c1ccc(-c2ccc([Si]([Si](C)(C)C)([Si](C)(C)C)[Si](C)(C)C)s2)s1)([Si](C)(C)C)[Si](C)(C)C,ClCCl,344.4168303977958,4.590070514148076
C[Si](C)(C)[Si](c1ccc(-c2ccc(-c3ccc([Si]([Si](C)(C)C)([Si](C)(C)C)[Si](C)(C)C)s3)s2)s1)([Si](C)(C)C)[Si](C)(C)C,ClCCl,398.85522966398156,4.675629298610967
c1cc2sccc2s1,ClCCl,305.85475368479763,4.171877971688238
CCCCCCCCCCCCCCCCOc1cc(C#Cc2ccc3ccccc3c2)c(OCCCCCCCCCCCCCCCC)cc1C#Cc1ccc(C=C(C#N)C#N)cc1,C1CCCCC1,454.9768591272647,4.314849211981469
CCCCCCCCCCCCCCCCOc1cc(C#Cc2ccc3ccccc3c2)c(OCCCCCCCCCCCCCCCC)cc1C#Cc1ccc(C=C(C#N)C#N)cc1,CCCCCC,448.95951817482984,4.381583241739914
CCCCCCCCCCCCCCCCOc1cc(C#Cc2ccc3ccccc3c2)c(OCCCCCCCCCCCCCCCC)cc1C#Cc1ccc(C=C(C#N)C#N)cc1,ClC(Cl)(Cl)Cl,473.07507488381503,4.795421899060131
CCCCCCCCCCCCCCCCOc1cc(C#Cc2ccc3ccccc3c2)c(OCCCCCCCCCCCCCCCC)cc1C#Cc1ccc(C=C(C#N)C#N)cc1,CCCCOCCCC,465.35756350242445,4.475713112390836
CCCCCCCCCCCCCCCCOc1cc(C#Cc2ccc3ccccc3c2)c(OCCCCCCCCCCCCCCCC)cc1C#Cc1ccc(C=C(C#N)C#N)cc1,Cc1ccccc1,468.7471410269508,4.43329173522758
CCCCCCCCCCCCCCCCOc1cc(C#Cc2ccc3ccccc3c2)c(OCCCCCCCCCCCCCCCC)cc1C#Cc1ccc(C=C(C#N)C#N)cc1,CCOCC,462.47220038625994,4.4233806963744335
CCCCCCCCCCCCCCCCOc1cc(C#Cc2ccc3ccccc3c2)c(OCCCCCCCCCCCCCCCC)cc1C#Cc1ccc(C=C(C#N)C#N)cc1,C1COCCO1,458.2815255637955,4.391272306860126
CCCCCCCCCCCCCCCCOc1cc(C#Cc2ccc3ccccc3c2)c(OCCCCCCCCCCCCCCCC)cc1C#Cc1ccc(C=C(C#N)C#N)cc1,Brc1ccccc1,471.6223744978617,4.4751204461337455
CCCCCCCCCCCCCCCCOc1cc(C#Cc2ccc3ccccc3c2)c(OCCCCCCCCCCCCCCCC)cc1C#Cc1ccc(C=C(C#N)C#N)cc1,C1CCOC1,468.0122251185424,4.405308268280537
CCCCCCCCCCCCCCCCOc1cc(C#Cc2ccc3ccccc3c2)c(OCCCCCCCCCCCCCCCC)cc1C#Cc1ccc(C=C(C#N)C#N)cc1,CCOC(C)=O,455.72977115428256,4.494919149250156
CCCCCCCCCCCCCCCCOc1cc(C#Cc2ccc3ccccc3c2)c(OCCCCCCCCCCCCCCCC)cc1C#Cc1ccc(C=C(C#N)C#N)cc1,ClC(Cl)Cl,472.6243134740669,4.995934381750575
CCCCCCCCCCCCCCCCOc1cc(C#Cc2ccc3ccccc3c2)c(OCCCCCCCCCCCCCCCC)cc1C#Cc1ccc(C=C(C#N)C#N)cc1,ClCCl,465.40172188817445,4.406276924140367
CCCCCCCCCCCCCCCCOc1cc(C#Cc2ccc3ccccc3c2)c(OCCCCCCCCCCCCCCCC)cc1C#Cc1ccc(C=C(C#N)C#N)cc1,CCCCCCCCO,466.272615407446,4.498803260129521
CCCCCCCCCCCCCCCCOc1cc(C#Cc2ccc3ccccc3c2-c2c(C#Cc3cc(OCCCCCCCCCCCCCCCC)c(C#Cc4ccc(C=C(C#N)C#N)cc4)cc3OCCCCCCCCCCCCCCCC)ccc3ccccc23)c(OCCCCCCCCCCCCCCCC)cc1C#Cc1ccc(C=C(C#N)C#N)cc1,C1CCCCC1,467.8946993822847,4.344857357930629
CCCCCCCCCCCCCCCCOc1cc(C#Cc2ccc3ccccc3c2-c2c(C#Cc3cc(OCCCCCCCCCCCCCCCC)c(C#Cc4ccc(C=C(C#N)C#N)cc4)cc3OCCCCCCCCCCCCCCCC)ccc3ccccc23)c(OCCCCCCCCCCCCCCCC)cc1C#Cc1ccc(C=C(C#N)C#N)cc1,CCCCCC,461.3586526977041,4.40966999889032
CCCCCCCCCCCCCCCCOc1cc(C#Cc2ccc3ccccc3c2-c2c(C#Cc3cc(OCCCCCCCCCCCCCCCC)c(C#Cc4ccc(C=C(C#N)C#N)cc4)cc3OCCCCCCCCCCCCCCCC)ccc3ccccc23)c(OCCCCCCCCCCCCCCCC)cc1C#Cc1ccc(C=C(C#N)C#N)cc1,ClC(Cl)(Cl)Cl,482.347411892853,4.795897538468497
CCCCCCCCCCCCCCCCOc1cc(C#Cc2ccc3ccccc3c2-c2c(C#Cc3cc(OCCCCCCCCCCCCCCCC)c(C#Cc4ccc(C=C(C#N)C#N)cc4)cc3OCCCCCCCCCCCCCCCC)ccc3ccccc23)c(OCCCCCCCCCCCCCCCC)cc1C#Cc1ccc(C=C(C#N)C#N)cc1,CCCCOCCCC,474.7624739996293,4.4840849453637315
CCCCCCCCCCCCCCCCOc1cc(C#Cc2ccc3ccccc3c2-c2c(C#Cc3cc(OCCCCCCCCCCCCCCCC)c(C#Cc4ccc(C=C(C#N)C#N)cc4)cc3OCCCCCCCCCCCCCCCC)ccc3ccccc23)c(OCCCCCCCCCCCCCCCC)cc1C#Cc1ccc(C=C(C#N)C#N)cc1,Cc1ccccc1,476.0294881549909,4.450534609808987
CCCCCCCCCCCCCCCCOc1cc(C#Cc2ccc3ccccc3c2-c2c(C#Cc3cc(OCCCCCCCCCCCCCCCC)c(C#Cc4ccc(C=C(C#N)C#N)cc4)cc3OCCCCCCCCCCCCCCCC)ccc3ccccc23)c(OCCCCCCCCCCCCCCCC)cc1C#Cc1ccc(C=C(C#N)C#N)cc1,CCOCC,471.2280924938377,4.44152339761084
CCCCCCCCCCCCCCCCOc1cc(C#Cc2ccc3ccccc3c2-c2c(C#Cc3cc(OCCCCCCCCCCCCCCCC)c(C#Cc4ccc(C=C(C#N)C#N)cc4)cc3OCCCCCCCCCCCCCCCC)ccc3ccccc23)c(OCCCCCCCCCCCCCCCC)cc1C#Cc1ccc(C=C(C#N)C#N)cc1,C1COCCO1,466.40964344223136,4.416572054942475
CCCCCCCCCCCCCCCCOc1cc(C#Cc2ccc3ccccc3c2-c2c(C#Cc3cc(OCCCCCCCCCCCCCCCC)c(C#Cc4ccc(C=C(C#N)C#N)cc4)cc3OCCCCCCCCCCCCCCCC)ccc3ccccc23)c(OCCCCCCCCCCCCCCCC)cc1C#Cc1ccc(C=C(C#N)C#N)cc1,Brc1ccccc1,480.1267751400957,4.488278140382428
CCCCCCCCCCCCCCCCOc1cc(C#Cc2ccc3ccccc3c2-c2c(C#Cc3cc(OCCCCCCCCCCCCCCCC)c(C#Cc4ccc(C=C(C#N)C#N)cc4)cc3OCCCCCCCCCCCCCCCC)ccc3ccccc23)c(OCCCCCCCCCCCCCCCC)cc1C#Cc1ccc(C=C(C#N)C#N)cc1,C1CCOC1,474.80177202862734,4.421659074542935
CCCCCCCCCCCCCCCCOc1cc(C#Cc2ccc3ccccc3c2-c2c(C#Cc3cc(OCCCCCCCCCCCCCCCC)c(C#Cc4ccc(C=C(C#N)C#N)cc4)cc3OCCCCCCCCCCCCCCCC)ccc3ccccc23)c(OCCCCCCCCCCCCCCCC)cc1C#Cc1ccc(C=C(C#N)C#N)cc1,CCOC(C)=O,464.4250367887342,4.502146478291508
CCCCCCCCCCCCCCCCOc1cc(C#Cc2ccc3ccccc3c2-c2c(C#Cc3cc(OCCCCCCCCCCCCCCCC)c(C#Cc4ccc(C=C(C#N)C#N)cc4)cc3OCCCCCCCCCCCCCCCC)ccc3ccccc23)c(OCCCCCCCCCCCCCCCC)cc1C#Cc1ccc(C=C(C#N)C#N)cc1,ClC(Cl)Cl,481.8224590258647,4.998650251992483
CCCCCCCCCCCCCCCCOc1cc(C#Cc2ccc3ccccc3c2-c2c(C#Cc3cc(OCCCCCCCCCCCCCCCC)c(C#Cc4ccc(C=C(C#N)C#N)cc4)cc3OCCCCCCCCCCCCCCCC)ccc3ccccc23)c(OCCCCCCCCCCCCCCCC)cc1C#Cc1ccc(C=C(C#N)C#N)cc1,ClCCl,472.9237763796068,4.4135858356605615
CCCCCCCCCCCCCCCCOc1cc(C#Cc2ccc3ccccc3c2-c2c(C#Cc3cc(OCCCCCCCCCCCCCCCC)c(C#Cc4ccc(C=C(C#N)C#N)cc4)cc3OCCCCCCCCCCCCCCCC)ccc3ccccc23)c(OCCCCCCCCCCCCCCCC)cc1C#Cc1ccc(C=C(C#N)C#N)cc1,CCCCCCCCO,479.33683762082694,4.520502538294119
COc1ccc(C2=[N+]3C(=C(c4ccc(I)cc4)c4ccc(-c5ccc(OC)cc5)n4[B-]3(F)F)C=C2)cc1,ClC(Cl)Cl,575.366161814507,4.8089037686337885
Cc1cc(C)c(C2=C3C=CC(c4ccc5ccccc5c4)=[N+]3[B-](F)(F)n3c2ccc3-c2ccc3ccccc3c2)c(C)c1,ClC(Cl)Cl,593.8983119075419,4.874147771264001
Cc1cc(C)c(C2=C3C=CC(c4ccc5c(ccc6ccccc65)c4)=[N+]3[B-](F)(F)n3c2ccc3-c2ccc3c(ccc4ccccc43)c2)c(C)c1,ClC(Cl)Cl,580.6003508613464,4.843552116947985
CCCC1=CC2=C(c3c(C)cc(C)cc3C)c3cc(CCC)c(-c4ccc5ccc6cccc7ccc4c5c67)n3[B-](F)(F)[N+]2=C1c1ccc2ccc3cccc4ccc1c2c34,ClC(Cl)Cl,635.6522164278545,5.075945584810932
F[B-]1(F)n2c(ccc2-c2nc3ccccc3s2)C(c2ccccc2)=C2C=CC(c3nc4ccccc4s3)=[N+]21,ClC(Cl)Cl,548.2116077356694,4.6268743219326645
F[B-]1(F)n2c(ccc2-c2cccs2)C(c2ccc(Br)cc2)=C2C=CC(c3cccs3)=[N+]21,ClC(Cl)Cl,550.7878902461318,4.819082922723665
F[B-]1(F)n2c(ccc2-c2cccs2)C(C(F)(F)F)=C2C=CC(c3cccs3)=[N+]21,CCCCCC,583.9384201542832,4.658735716627822
F[B-]1(F)n2c(cc(-c3ccccc3)c2-c2ccccc2)C(c2ccccc2)=C2C=C(c3ccccc3)C(c3ccccc3)=[N+]21,ClCCl,592.2334290109002,4.60753957092968
F[B-]1(F)n2c(c(-c3ccccc3)c(-c3ccccc3)c2-c2ccccc2)C=C2C(c3ccccc3)=C(c3ccccc3)C(c3ccccc3)=[N+]21,C1CCOC1,588.6797184562918,4.930909133415447
COc1ccc(C2=C(c3ccc(OC)cc3)C(c3ccc(OC)cc3)=[N+]3C2=C(c2ccc(OC)cc2)c2c(-c4ccc(OC)cc4)c(-c4ccc(OC)cc4)c(-c4ccc(OC)cc4)n2[B-]3(F)F)cc1,C1CCOC1,601.9612972595623,4.623049326495565
CC1=C(C#Cc2ccc(B(c3c(C)cc(C)cc3C)c3c(C)cc(C)cc3C)cc2)C(C)=[N+]2C1=C(c1ccccc1)c1c(C)c(C#Cc3ccc(B(c4c(C)cc(C)cc4C)c4c(C)cc(C)cc4C)cc3)c(C)n1[B-]2(F)F,ClCCl,577.6767198495995,4.850566159646339
CC1=C(C#Cc2ccc([Si](c3ccccc3)(c3ccccc3)c3ccccc3)cc2)C(C)=[N+]2C1=C(c1ccccc1)c1c(C)c(C#Cc3ccc([Si](c4ccccc4)(c4ccccc4)c4ccccc4)cc3)c(C)n1[B-]2(F)F,ClCCl,550.3512385425614,4.6209103795162445
CC1=CC(C)=[N+]2C1=C(c1ccccc1)c1c(C)cc(/C=C/c3ccc(N(C)C)cc3)n1[B-]2(F)F,CCOCC,559.6713862285502,4.961162189753347
CC1=CC(C)=[N+]2C1=C(c1ccc(C)cc1)c1c(C)cc(/C=C/c3ccc4ccc5cccc6ccc3c4c56)n1[B-]2(F)F,CC1CCCO1,601.8208994398613,4.993533842149555
CC1=CC(/C=C/c2c3ccccc3c(C)c3ccccc23)=[N+]2C1=C(c1ccccc1)c1c(C)cc(/C=C/c3c4ccccc4c(C)c4ccccc34)n1[B-]2(F)F,CC1CCCO1,674.3554526349579,5.018137308998634
CCOC(=O)c1ccc(/C=C/C2=[N+]3C(=C(c4ccccc4)c4ccc(/C=C/c5ccc(C(=O)OCC)o5)n4[B-]3(F)F)C=C2)o1,ClC(Cl)Cl,663.0204638797231,4.9677576987416225
CCOC(=O)/C=C/C1=[N+]2C(=C(c3c(C)cc(C)cc3C)c3ccc(/C=C/C(=O)OCC)n3[B-]2(F)F)C=C1,ClCCl,612.0970359084854,4.756679213404043
CN1/C(=C\C=C\C=C\C2=C3C=CC(c4ccccc4)=[N+]3[B-](F)(F)n3c2ccc3-c2ccccc2)C(C)(C)c2ccccc21,CC#N,683.9042524798195,5.120480207768119
CN1/C(=C\C=C\C2=C3C=CC(c4ccccc4)=[N+]3[B-](F)(F)n3c2ccc3-c2ccccc2)Sc2ccccc21,CC#N,665.5269720201669,4.9496855377083
CCC1=C(C)C2=C(/C=C/c3ccc([N+](=O)[O-])cc3)c3c(C)c(CC)c(/C=C/c4ccc(OC)cc4)n3[B-](F)(F)[N+]2=C1/C=C/c1ccc(OC)cc1,ClCCl,699.4517002576429,4.95984778097947
CC1=C2CCc3ccccc3C2=[N+]2C1=C(c1ccc(I)cc1)c1c(C)c3c(n1[B-]2(F)F)-c1ccccc1CC3,ClC(Cl)Cl,602.9766466998692,5.067705996613015
F[B-]1(F)n2c(cc3oc(-c4ccccc4)cc32)C=C2C=c3oc(-c4ccccc4)cc3=[N+]21,ClC(Cl)Cl,653.1547075909546,5.444101784906534
COc1ccc(-c2cc3c(o2)=CC2=Cc4cc5oc(-c6ccc(OC)cc6)cc5n4[B-](F)(F)[N+]=32)cc1,ClC(Cl)Cl,700.6160631789451,5.423800908329495
F[B-]1(F)n2c(cc3sc4ccccc4c32)C(c2ccc(I)cc2)=C2C=c3sc4ccccc4c3=[N+]21,ClC(Cl)Cl,663.8850267609132,5.14064492871703
COC(=O)c1ccc(C2=C3C=c4sc(-c5cccs5)cc4=[N+]3[B-](F)(F)n3c2cc2sc(-c4cccs4)cc23)cc1,ClCCl,649.2925563620081,5.029738492747175
COc1ccccc1C1=[N+]2C(=Cc3c4c(c(-c5ccccc5OC)n3[B-]2(F)F)C2CCC4CC2)C2=C1C1CCC2CC1,ClCCl,580.27972339654,4.89008554798001
F[B-]1(F)C2=C(C=c3c4cccc5cccc(c54)n31)c1cccc3ccc[n+]2c13,CS(C)=O,566.3482490294309,4.544524392477993
CC1=c2c3c4cccc5cccc(c=3c(C)[n+]2[B-](F)(F)n2c(C)c3cc6c(-c7ccccc7)c7c(c(-c8ccccc8)c6cc3c21)-c1cccc2cccc-7c12)c54,ClCCl,720.6295700965863,5.23167916106883
CC1=[N+]2C(=C(C3=CC4OCCOCCOCCOCCOC4C=C3)c3c4ccccc4c(/C=C/c4ccc(N(C)C)cc4)n3[B-]2(F)F)c2ccccc21,CC#N,640.3332800195964,4.941041248632735
COc1ccc(C#Cc2c3ccccc3c3n2[B-](F)(F)[N+]2=C(C)C=C(C)C2=C3)cc1,ClCCl,621.0740555185773,4.802206468828846
COc1ccccc1C1=[N+]2C(=C(c3ccccc3)c3c4ccccc4c(-c4ccccc4OC)n3[B-]2(F)F)c2ccccc21,ClCCl,645.5036881999264,4.981161423675519
CCCCCCOc1ccc2c(c1)C1=[N+]3C2=Cc2c4ccc(OCCCCCC)cc4c4n2[B-]3(Oc2ccccc21)Oc1ccccc1-4,C1CCOC1,750.0801229915755,5.195130500240569
F[B-]1(F)n2c(-c3ccccc3)cc(-c3ccccc3)c2N=C2C(c3ccccc3)=CC(c3ccccc3)=[N+]21,ClC(Cl)Cl,670.1433682063387,4.891446597298842
F[B-]1(F)n2c(-c3cccs3)cc(-c3ccccc3)c2N=C2C(c3ccccc3)=CC(c3cccs3)=[N+]21,ClCCl,716.3561771216552,5.021149679847752
F[B-]1(F)n2c(-c3ccccc3)cc(-c3cccs3)c2N=C2C(c3cccs3)=CC(c3ccccc3)=[N+]21,ClCCl,701.061255625016,4.96017582189309
F[B-]1(F)n2c(c(-c3ccccc3)c(-c3cccs3)c2-c2ccccc2)N=C2C(c3ccccc3)=C(c3cccs3)C(c3ccccc3)=[N+]21,ClCCl,667.0771417569373,4.897209601528964
COc1ccc(C2=[N+]3C(=Nc4c(-c5ccccc5)c5c(n4[B-]3(F)F)-c3ccc(OC)cc3CC5)C(c3ccccc3)=C2)cc1,ClC(Cl)Cl,710.7837671799168,5.037668833853546
COc1ccc2c(c1)CCc1c(-c3ccccc3)c3n(c1-2)[B-](F)(F)[N+]1=c2ccc4ccccc4c2=C(c2ccccc2)C1=N3,ClC(Cl)Cl,735.5184317304829,5.1452579248519195
COc1ccccc1C1=[N+]2C(=Nc3c(-c4ccccc4)cc(-c4ccccc4OC)n3[B-]2(F)F)C(c2ccccc2)=C1,Cc1ccccc1,688.7517981179928,5.026993073837035
Fc1ccc(C2=[N+]3C(=Nc4c5ccccc5c(-c5ccc(F)cc5)n4[B-]3(F)F)c3ccccc32)cc1,ClCCl,706.0301197633863,4.931556596881118
CN(C)c1ccc(C2=[N+]3C(=Nc4c5ccccc5c(-c5ccc(N(C)C)cc5)n4[B-]3(F)F)c3ccccc32)cc1,ClCCl,794.342421108644,5.0233609776103165
Cc1ccc(C2=[N+]3C(=Nc4c5ccccc5c(-c5ccc(C)s5)n4[B-]3(F)F)c3ccccc32)s1,ClCCl,718.5705768848234,4.951583931007393
F[B-]1(F)n2c(-c3ccccc3)c3ccc4ccccc4c3c2N=C2c3c(ccc4ccccc34)C(c3ccccc3)=[N+]21,ClCCl,710.5559391277766,5.0202472142721675
CC1=CC(C)=[N+]2C1=Cc1c(C)c(C3=C(C)C4=Cc5c(C)cc(C)n5[B-](F)(F)[N+]4=C3C)c(C)n1[B-]2(F)F,ClCCl,546.2223764074594,4.840606085755976
CCCCCCCCOc1ccc(-c2c3c4n(c(-c5ccc(OCCCCCCCC)cc5)c3c3n2[B-](F)(F)[n+]2c(ccc5cc(C(C)(C)C)ccc52)C=3C#N)[B-](F)(F)[n+]2c(ccc3cc(C(C)(C)C)ccc32)C=4C#N)cc1,ClC(Cl)Cl,588.0494890758425,4.832910757954538
O=C1C2=C(O[B-](F)(F)[n+]3c2ccc2ccccc23)c2cccc3c(N4CCOCC4)ccc1c23,ClCCl,465.5263508625753,4.154169882113743
O=C1c2ccccc2C2=Nc3cccc[n+]3[B-](F)(F)N12,ClCCl,382.9653717820359,4.375288859391161
O=C1c2cc3ccccc3cc2C2=Nc3cccc[n+]3[B-](F)(F)N12,ClCCl,422.61607319816454,4.643534755508442
F[B-]1(F)N(c2ccccc2)c2cccc3ccc4ccc[n+]1c4c23,ClCCl,435.8209632510661,4.244092861838661
Cc1ccc([N+]2=c3c4n(c5ccccc35)[B-](F)(F)[N+](c3ccc(C)cc3)=c3c=4n(c4ccccc34)[B-]2(F)F)cc1,ClCCl,629.433294754467,4.687840991884086
Cc1ccc(-c2ccc3ccc4cc(C(C)(C)C)cc5ccc2c3c45)cc1,C1CCOC1,386.7292482831312,4.341108309541619
COc1ccc(C2C3=C(CCCC3=O)Nc3c2c(=O)oc2ccccc32)cc1,CS(C)=O,371.6826388855213,4.2832616132183
CCCCC(CC)COC(=O)/C=C/c1c(OC)ccc(OC)c1OC,CO,345.6745858388823,4.222614030861599
CCCCC(CC)COC(=O)/C=C/c1c(OC)ccc(OC)c1OC,CCCCCC,359.65031848346655,4.04941905657618
CCCCC(CC)COC(=O)/C=C\c1c(OC)ccc(OC)c1OC,CO,316.75807283625386,4.049984681818561
CCCCC(CC)COC(=O)/C=C\c1c(OC)ccc(OC)c1OC,CCCCCC,328.3477105718322,3.914571427768634
CCCCC(CC)COC(=O)/C=C/c1ccccc1OC,CO,316.47012245203774,4.195575949292864
CCCCC(CC)COC(=O)/C=C/c1ccccc1OC,CCCCCC,321.6661653463349,4.0527142400464875
Nc1cc[nH]c(=S)n1,CCOC(C)=O,354.0853816914161,3.7161750425358746
Nc1cc[nH]c(=S)n1,CC#N,352.5654541744355,3.6956981051439532
Nc1cc[nH]c(=S)n1,CS(C)=O,365.5422508378018,3.7477602513332315
Nc1cc[nH]c(=S)n1,CCO,356.5768623704573,3.5579860298864654
Nc1cc[nH]c(=S)n1,CO,353.2325498446986,3.5582328481740504
Nc1cc[nH]c(=S)n1,O,351.2526209333933,3.5449198695178366
CCOC(=O)C1=C(C)NC2=C(C(=O)c3ccccc32)C1c1ccc(N(C)C)cc1,CCO,410.6755142713193,4.069684445782058
CCOC(=O)C1=C(C)NC2=C(C(=O)c3ccccc32)C1c1ccc(N(C)C)cc1,CS(C)=O,415.95367752854054,4.20906915309833
CCOC(=O)C1=C(C)NC2=C(C(=O)c3ccccc32)C1c1ccc(N(C)C)cc1,CO,406.07069616041593,4.10812630354435
CCOC(=O)C1=C(C)NC2=C(C(=O)c3ccccc32)C1c1ccc(N(C)C)cc1,CN(C)C=O,403.9707879223539,4.166354434790245
CCOC(=O)C1=C(C)NC2=C(C(=O)c3ccccc32)C1c1ccc(N(C)C)cc1,ClC(Cl)Cl,404.26041149296634,4.196945128116619
CCOC(=O)C1=C(C)NC2=C(C(=O)c3ccccc32)C1c1ccc(N(C)C)cc1,ClCCl,409.66707921136276,4.230338527109435
CCOC(=O)C1=C(C)NC2=C(C(=O)c3ccccc32)C1c1ccc(N(C)C)cc1,CC#N,405.119305518754,4.128958132753683
CCOC(=O)C1=C(C)NC2=C(C(=O)c3ccccc32)C1c1ccc(N(C)C)cc1,C1COCCO1,402.0587697760699,4.310359108975027
CCOC(=O)C1=C(C)NC2=C(C(=O)c3ccccc32)C1c1ccc(N(C)C)cc1,C1CCOC1,398.99111986958513,4.255847293092051
CCOC(=O)C1=C(C)NC2=C(C(=O)c3ccccc32)C1c1ccc(N(C)C)cc1,ClC(Cl)(Cl)Cl,405.2376740914426,4.231049234140139
CCC(C)(C)c1ccc(-c2ccc(-c3ccccc3)cc2)cc1,C1COCCO1,293.03420016603457,4.54635793079571
CCCC1(CCC)c2cc(-c3cccc(C)c3)ccc2-c2ccc(-c3cccc(C)c3)cc21,C1CCCCC1,335.8076620655759,4.897029340168108
CCC(C)(C)c1ccc2c(c1)C(CC)(CC)c1cc(-c3ccc4c(c3)C(CC)(CC)c3cc(C(C)(C)CC)ccc3-4)ccc1-2,C1CCCCC1,332.061834750569,4.789257199515429
CCCC1(CCC)c2cc(-c3ccc(OC)cc3)ccc2-c2ccc(-c3ccc4c(c3)C(CCC)(CCC)c3cc(-c5ccc(OC)cc5)ccc3-4)cc21,C1CCCCC1,342.0882419063133,4.968962965743378
CCCC1(CCC)c2ccccc2-c2ccc(-c3ccc4c(c3)C(CCC)(CCC)c3cc(-c5ccc6c(c5)C(CCC)(CCC)c5cc(-c7ccc8c(c7)C(CCC)(CCC)c7ccccc7-8)ccc5-6)ccc3-4)cc21,C1CCCCC1,356.5707814616887,5.054304878914551
CCCC1(CCC)c2cc(-c3ccc(-c4ccc(OC)cc4)o3)ccc2-c2ccc(-c3ccc(-c4ccc(OC)cc4)o3)cc21,C1CCCCC1,372.66116573864406,4.6783948511725
CCn1nc(-c2ccc(C)cc2)c2ccc3[o+]c(-c4ccc(C)cc4)c4ccc1c2c34.[O-][Cl+3]([O-])([O-])[O-],ClCCl,493.0156983014924,4.680686321424606
CCn1nc(-c2ccc(C)cc2)c2ccc3[o+]c(-c4ccc(C)cc4)c4ccc1c2c34.[O-][Cl+3]([O-])([O-])[O-],ClC(Cl)Cl,486.8815722162934,4.724726348199138
CCn1nc(-c2ccc(C)cc2)c2ccc3[o+]c(-c4ccc(C)cc4)c4ccc1c2c34.[O-][Cl+3]([O-])([O-])[O-],CC#N,484.59439196650277,4.707153472751088
CCn1nc(-c2ccc(C)cc2)c2ccc3[o+]c(-c4ccc(C)cc4)c4ccc1c2c34.[O-][Cl+3]([O-])([O-])[O-],CC(C)=O,482.8592883086957,4.6949480984027305
CCn1nc(-c2ccc(C)cc2)c2ccc3[o+]c(-c4ccc(C)cc4)c4ccc1c2c34.[O-][Cl+3]([O-])([O-])[O-],C1CCOC1,486.01173380336877,4.667302422343475
CCn1nc(-c2ccc(C)cc2)c2ccc3[o+]c(-c4ccc(C)cc4)c4ccc1c2c34.[O-][Cl+3]([O-])([O-])[O-],CS(C)=O,482.185968135309,4.581939542654035
CC(C)(C)c1ccc(/C=C/c2ccc(N(c3ccc(/C=C/c4ccc(C(C)(C)C)cc4)cc3)c3ccc(-c4nc5ccccc5nc4-c4ccc(N(c5ccc(/C=C/c6ccc(C(C)(C)C)cc6)cc5)c5ccc(/C=C/c6ccc(C(C)(C)C)cc6)cc5)cc4)cc3)cc2)cc1,Cc1ccccc1,386.37390220060166,4.9449270071400475
C(=C/c1ccccn1)\c1ccc(N(c2ccc(/C=C/c3ccccn3)cc2)c2ccc(-c3nc4ccccc4nc3-c3ccc(N(c4ccc(/C=C/c5ccccn5)cc4)c4ccc(/C=C/c5ccccn5)cc4)cc3)cc2)cc1,Cc1ccccc1,397.8529254586562,4.671890396260536
CC(C)(C)c1ccc(/C=C/c2ccc(N(c3ccc(/C=C/c4ccc(C(C)(C)C)cc4)cc3)c3ccc(-c4nc5ccccc5nc4-c4ccc(N(c5ccc(/C=C/c6ccc(C(C)(C)C)cc6)cc5)c5ccc(/C=C/c6ccc(C(C)(C)C)cc6)cc5)cc4)cc3)cc2)cc1,C1CCOC1,396.63699031262786,4.782451627016844
C(=C/c1ccccn1)\c1ccc(N(c2ccc(/C=C/c3ccccn3)cc2)c2ccc(-c3nc4ccccc4nc3-c3ccc(N(c4ccc(/C=C/c5ccccn5)cc4)c4ccc(/C=C/c5ccccn5)cc4)cc3)cc2)cc1,C1CCOC1,395.14277867164105,4.6190526699533745
CCNc1ccc2c(c1)C(C)(C)C(=O)C=C2,O,366.5482354288757,4.14641297648102
CN(C)c1ccc2c(c1)C(C)(C)C(=O)C=C2,O,392.32485183480327,4.226874289769468
CC1(C)C(=O)C=Cc2ccc(N3CCC3)cc21,O,489.1796812451389,4.845294076121145
COc1ccc(/C=C/c2nc3c4ccccc4c4ccccc4c3o2)cc1,CC#N,372.53281111505663,4.64513871226171
N#Cc1nc(N(Cc2ccc(Cl)cc2)Cc2ccc(Cl)cc2)c(C#N)nc1N(Cc1ccc(Cl)cc1)Cc1ccc(Cl)cc1,ClC(Cl)Cl,497.9639160689204,3.5510300705996842
Cc1ccccc1CN(Cc1ccccc1C)c1nc(C#N)c(N(Cc2ccccc2C)Cc2ccccc2C)nc1C#N,ClC(Cl)Cl,478.9340179959189,3.705287010101256
CCCCCCCCCCCCN1C(=O)c2cccc3c(N(Cc4ccccn4)Cc4ccccn4)c4ccccc4c(c23)C1=O,CCO,495.6990023089894,4.066110070850881
Cc1ccc2nc3c(nc2c1)c(-c1ccccc1)nn3C,C1CCCCC1,420.85418763235924,3.782988347415068
Cc1ccc2nc3c(nc2c1)c(-c1ccccc1)nn3C,C1CCOC1,423.23449038211453,3.802589326124966
Cc1ccc2nc3c(nc2c1)c(-c1ccccc1)nn3C,CC#N,423.4164728148347,3.7344298186842635
CN(C)c1ccc(C2=Cc3ccc4ccccc4[n+]3[B-](F)(F)O2)cc1,ClC(Cl)Cl,445.6920863788494,4.593288331528094
F[B-]1(F)OC(c2ccccc2)=Cc2ccc3ccccc3[n+]21,ClC(Cl)Cl,428.3494524117524,4.520439041247863
F[B-]1(F)OC(c2ccc(Br)cc2)=Cc2ccc3ccccc3[n+]21,ClC(Cl)Cl,431.64884955978147,4.529550831173968
CCCCCCCCCCCCN1C(=O)c2c(c3ccc4cc(-c5ccc(C=O)cc5)c(OC)cc4c3c3c2ccc2cc(-c4ccc(C=O)cc4)c(OC)cc23)C1=O,ClCCl,429.7261781170908,4.365216169677992
CCCCCCCCCCCCN1C(=O)c2c(c3ccc4cc(-c5ccc(OC)cc5)c(OC)cc4c3c3c2ccc2cc(-c4ccc(OC)cc4)c(OC)cc23)C1=O,ClCCl,443.30582368296143,4.291939551926161
CCCCCCCCCCCCN1C(=O)c2c(c3ccc4cc(-c5cccs5)c(OC)cc4c3c3c2ccc2cc(-c4cccs4)c(OC)cc23)C1=O,ClCCl,467.96865359667765,4.3065113590717505
O=C1CCCC2=C1CC1=C(CCCC1=O)N2NC(=O)c1ccc(O)cc1,CO,374.48399618244946,3.8103902469614095
O=C1CCCC2=C1CC1=C(CCCC1=O)N2NC(=O)c1ccc(O)cc1,CCCCCO,373.6020458978502,3.731687876088033
O=C1CCCC2=C1CC1=C(CCCC1=O)N2NC(=O)c1ccc(O)cc1,CC#N,367.7603840541976,3.7615590448583176
O=C1CCCC2=C1CC1=C(CCCC1=O)N2NC(=O)c1ccc(O)cc1,ClCCl,367.60248645289647,3.747536898164537
O=C1CCCC2=C1CC1=C(CCCC1=O)N2NC(=O)c1ccc(O)cc1,ClC(Cl)Cl,370.7491694436749,3.8411977029446907
O=C1CCCC2=C1CC1=C(CCCC1=O)N2NC(=O)c1ccc(O)cc1,CC(C)=O,368.77437871298207,3.890757265235059
COc1ccc(C2=C(c3ccc(F)cc3)C(c3ccccc3)=[N+]3C2=Nc2c(-c4ccc(OC)cc4)c(-c4ccc(F)cc4)c(-c4ccccc4)n2[B-]3(F)F)cc1,Cc1ccccc1,652.2084582515215,4.747529446559056
CCOC(=O)C1=CN(c2ccccc2)C=CC1c1ccccc1,CO,339.5541574064948,3.5985584516419316
CCOC(=O)C1=CN(c2ccccc2)C=C(C(=O)OCC)C1c1ccccc1,CO,351.5849232435769,3.405198484820576
CCOC(=O)C1=CN(c2ccccc2)C=CC1c1ccccc1,C1CCOC1,345.82459199389643,3.888365018091177
CCOC(=O)C1=CN(c2ccccc2)C=C(C(=O)OCC)C1c1ccccc1,C1CCOC1,359.08739739607125,3.841377964305547
Cc1ccc(N(c2ccc(C)cc2)c2c([O-])c(=[N+](c3ccc(C)cc3)c3ccc(C)cc3)c2=O)cc1,CN(C)C=O,409.9133435300264,4.636637042585449
COc1ccc(N(c2ccc(C)cc2)c2c([O-])/c(=[N+](\c3ccc(C)cc3)c3ccc(OC)cc3)c2=O)cc1,CN(C)C=O,426.79546962053604,4.5604398085290105
Cn1c(-c2ccc(-c3nc(-c4ccccc4)c(-c4ccccc4)n3C)s2)nc(-c2ccccc2)c1-c1ccccc1,CC#N,363.90162290067354,4.41966669402767
c1ccc(-c2nc(-c3ccc(-c4nc(-c5ccccc5)c(-c5ccccc5)[nH]4)cc3)[nH]c2-c2ccccc2)cc1,CC#N,347.66942983339936,4.5355478619428355
COc1ccc(-c2nc(-c3ccc(-c4nc(-c5ccc(OC)cc5)c(-c5ccc(OC)cc5)[nH]4)s3)[nH]c2-c2ccc(OC)cc2)cc1,CC#N,381.0231145375785,4.4922231229668155
COc1ccc(-c2nc(-c3ccc(-c4nc(-c5ccc(OC)cc5)c(-c5ccc(OC)cc5)[nH]4)cc3)[nH]c2-c2ccc(OC)cc2)cc1,CC#N,330.43118974272306,4.51461069317972
c1ccc(-c2nc(-c3ccccc3)c(-c3ccccc3)[nH]2)cc1,CC#N,339.345040323122,4.496699655674949
c1ccc(-c2ccc3c4ccc(-c5ccccc5)c5c(-c6ccccc6)ccc(c6ccc(-c7ccccc7)c2c36)c54)cc1,ClCCl,467.37398879199895,4.63488431046033
Cc1ccc(-c2cc(-c3ccc(N(C)C)cc3)c3c(N)nc(N4CCCC4)c(C#N)c3n2)cc1,c1ccccc1,429.8003196284684,3.7495766253510197
Cc1ccc(-c2cc(-c3ccc(N(C)C)cc3)c3c(N)nc(N4CCCC4)c(C#N)c3n2)cc1,ClC(Cl)Cl,422.1359842022351,3.9752066710215352
Cc1ccc(-c2cc(-c3ccc(N(C)C)cc3)c3c(N)nc(N4CCCC4)c(C#N)c3n2)cc1,ClCCl,422.0190515730955,4.378228805902215
Cc1ccc(-c2cc(-c3ccc(N(C)C)cc3)c3c(N)nc(N4CCCC4)c(C#N)c3n2)cc1,CC(C)=O,419.97398857456653,4.051879598803745
Cc1ccc(-c2cc(-c3ccc(N(C)C)cc3)c3c(N)nc(N4CCCC4)c(C#N)c3n2)cc1,CC(C)O,415.7284154450901,4.108978000452213
Cc1ccc(-c2cc(-c3ccc(N(C)C)cc3)c3c(N)nc(N4CCCC4)c(C#N)c3n2)cc1,CO,416.7417873414006,4.053765788792552
Cc1ccc(-c2cc(-c3ccc(N(C)C)cc3)c3c(N)nc(N4CCCC4)c(C#N)c3n2)cc1,CC#N,416.580916400468,4.440624114129889
Nc1ccc2c(c1)Cc1ccccc1-2,C1COCCO1,344.13647178469125,4.111764954071252
Nc1ccc2c(c1)Cc1ccccc1-2,CCOCC,353.5590646780562,3.9083834441630576
Nc1ccc2c(c1)Cc1ccccc1-2,ClCCl,345.4126010599729,4.0328154571116634
Nc1ccc2c(c1)Cc1ccccc1-2,CCOC(C)=O,360.05383735045064,4.0487806460113145
Nc1ccc2c(c1)Cc1ccccc1-2,CC#N,345.82695193590314,3.7877653459009646
Nc1ccc2c(c1)Cc1ccccc1-2,CO,349.0211209555257,3.9544656061956873
Nc1ccc2c(c1)Cc1ccccc1-2,CCO,355.43382008924215,3.9302693026132745
Nc1ccc2c(c1)Cc1ccccc1-2,CC(C)O,355.02328382856615,3.8961791561627974
Nc1ccc2c(c1)Cc1ccccc1-2,O,338.2070488172599,3.9159367500566455
COC(=O)c1nc(Br)c(-c2ccccc2)o1,C1CCCCC1,306.27192650196343,4.34316855512778
COOCc1noc(-c2ccccc2)c1Cl,C1CCCCC1,282.95250294041864,4.016940145411218
COC(=O)C(NC(=O)OC(C)(C)C)c1ccc2oc(-c3ccc(O)cc3O)nc2c1,CO,314.7191953206433,4.308313185077942
COC(=O)C(NC(=O)OC(C)(C)C)c1ccc2oc(-c3ccc(N(C)C)cc3OC)nc2c1,CO,348.9488992382408,4.53575796166475
COC(=O)C(NC(=O)OC(C)(C)C)c1ccc2oc(-c3ccc(OC(=O)c4ccccc4)cc3OC(=O)c3ccccc3)nc2c1,CO,332.6405949196337,4.511266714574066
COC(=O)C(NC(=O)OC(C)(C)C)c1ccc2oc(-c3ccc(O)cc3O)nc2c1,CC#N,315.3991458072869,4.301149411926701
COC(=O)C(NC(=O)OC(C)(C)C)c1ccc2oc(-c3ccc(N(C)C)cc3OC)nc2c1,CC#N,348.1370542149997,4.539217419073091
COC(=O)C(NC(=O)OC(C)(C)C)c1ccc2oc(-c3ccc(OC(=O)c4ccccc4)cc3OC(=O)c3ccccc3)nc2c1,CC#N,335.17025296738143,4.485043303548895
COC(=O)C(NC(=O)OC(C)(C)C)c1ccc2oc(-c3ccc(N(C)C)cc3OC)nc2c1,CC1CCCCC1,352.10529669929025,4.5594853068795915
COC(=O)C(NC(=O)OC(C)(C)C)c1ccc2oc(-c3ccc(OC(=O)c4ccccc4)cc3OC(=O)c3ccccc3)nc2c1,CC1CCCCC1,341.91679648978845,4.5158211474936385
CC1=C(I)C(C)=[N+]2C1=C(c1c(-c3ccccn3)nc3ccccn13)c1c(C)cc(C)n1[B-]2(F)F,ClCCl,532.0446564513851,5.0038576253827145
CC1=C(I)C(C)=[N+]2C1=C(c1c(-c3ccccn3)nc3ccccn13)c1c(C)c(I)c(C)n1[B-]2(F)F,ClCCl,534.4981470587045,4.617379060181302
CC1=C(c2ccccc2)C(C)=[N+]2C1=C(c1c(-c3ccccn3)nc3ccccn13)c1c(C)c(-c3ccccc3)c(C)n1[B-]2(F)F,ClCCl,540.8518351557874,4.950561532601926
COc1ccc(C2=C(C)C3=C(c4c(-c5ccccn5)nc5ccccn45)c4c(C)cc(C)n4[B-](F)(F)[N+]3=C2C)cc1,ClCCl,538.2815399056013,4.951884451102561
COc1ccc(C2=C(C)C3=C(c4c(-c5ccccn5)nc5ccccn45)c4c(C)c(-c5ccc(OC)cc5)c(C)n4[B-](F)(F)[N+]3=C2C)cc1,ClCCl,559.754621008533,4.74348794194627
CC1=C(c2ccc(N(c3ccccc3)c3ccccc3)cc2)C(C)=[N+]2C1=C(c1c(-c3ccccn3)nc3ccccn13)c1c(C)c(-c3ccc(N(c4ccccc4)c4ccccc4)cc3)c(C)n1[B-]2(F)F,ClCCl,544.1541681840511,4.545149676336688
N#Cc1c(-n2nnc3c2-c2ccccc2CN(C(=O)CCN)c2ccccc2-3)n([C@H]2C[C@H](O)[C@@H](CO)O2)c2ncnc(N)c12,CO,300.65274225992266,4.251692916912013
N#Cc1c(-n2nnc3ccccc32)n([C@H]2C[C@H](O)[C@@H](CO)O2)c2ncnc(N)c12,CO,278.8972610067536,4.235468760731895
Cc1ccc2nnn(-c3c(C#N)c4c(N)ncnc4n3[C@H]3C[C@H](O)[C@@H](CO)O3)c2c1,CO,277.6654087386455,4.239907995488707
Cc1nc2c(c[n+]1C)CN1C(=O)N([C@H]3O[C@@H](CO)[C@H](O)[C@@H]3O)C=CC1=N2,CC#N,394.61548459234444,4.4587632394704775
Cc1nc2c(c[n+]1C)CN1C(=O)N([C@H]3O[C@@H](CO)[C@H](O)[C@@H]3O)C=CC1=N2,CC(C)=O,391.3838312028587,4.474838765125156
Cc1nc2c(c[n+]1C)CN1C(=O)N([C@H]3O[C@@H](CO)[C@H](O)[C@@H]3O)C=CC1=N2,CO,386.8529579414991,4.514278551302036
Cc1nc2c(c[n+]1C)CN1C(=O)N([C@H]3O[C@@H](CO)[C@H](O)[C@@H]3O)C=CC1=N2,CCO,386.5421822980857,4.461801411086893
Cc1nc2c(c[n+]1C)CN1C(=O)N([C@H]3O[C@@H](CO)[C@H](O)[C@@H]3O)C=CC1=N2,O,380.9839132786892,4.462182139883206
Cc1nc2c(c[n+]1C)CN1C(=O)N([C@H]3O[C@@H](CO)[C@H](O)[C@@H]3O)C=CC1=N2,[2H]O[2H],391.1132931949831,4.494851578398537
Cn1ccc(-n2cncn2)nc1=O,O,328.8595682579763,3.9580850283612765
Cc1cn(C)c(=O)nc1-n1cncn1,O,321.1153623738471,3.961354320535279
C[N+]1=C(/C=C/C=C2/N(CCC[N+](C)(C)C)c3ccccc3C2(C)C)C(C)(C)c2ccccc21,CS(C)=O,551.7968591024946,5.044350743727117
CCCCN1/C(=C/C=C/C2=[N+](C)c3ccccc3C2(C)C)C(C)(C)c2cc(OC)ccc21,CS(C)=O,555.4222169969682,5.073316912109591
CCCCn1/c(=C/C=C/C2=[N+](C)c3ccccc3C2(C)C)c2cccc3cccc1c32,CS(C)=O,558.1522828183021,5.058044378756436
O=C(O)c1ccc(C2CC(c3cccc4ccccc34)=NN2c2ccccc2)cc1,O,365.17106567360287,4.930412092949576
O=C(O)c1ccc(C2CC(c3cccc4ccccc34)=NN2c2ccccc2)cc1,CO,361.51847479755963,5.1128911972337505
O=C(O)c1ccc(C2CC(c3cccc4ccccc34)=NN2c2ccccc2)cc1,CC#N,362.8039127329789,5.086467373090528
O=C(O)c1ccc(C2CC(c3cccc4ccccc34)=NN2c2ccccc2)cc1,C1CCOC1,361.9797185952159,4.898858496881834
O=C(O)c1ccc(C2CC(c3cccc4ccccc34)=NN2c2ccccc2)cc1,C1COCCO1,359.57717276772405,4.92011003667835
O=C(O)c1ccc(C2CC(c3cccc4ccccc34)=NN2c2ccccc2)cc1,CCCCCCC,351.0230260463644,4.816808834041108
O=C(O)c1ccc(C2CC(c3cccc4ccccc34)=NN2c2ccccc2)cc1,C1CCCCC1,357.40721857901565,4.901116073073321
O=C(O)c1cc2c(ccc3ccccc32)oc1=O,C1COCCO1,363.34268499581873,4.23029143391944
O=C(O)c1cc2c(ccc3ccccc32)oc1=O,CCCCO,365.73012844311415,4.139677020789635
O=C(O)c1cc2c(ccc3ccccc32)oc1=O,CC#N,363.76623839692854,4.158401352797048
O=C(O)c1cc2c(ccc3ccccc32)oc1=O,CCO,363.63797117860065,4.110881590116369
O=C(O)c1cc2c(ccc3ccccc32)oc1=O,CO,360.5332302259204,4.236981509509539
O=C([O-])c1cc2c(ccc3ccccc32)oc1=O,O,394.3071999988271,3.9665692259389806
COC(=O)c1ccc2c3ccc(C(=O)OC)c4c(C(=O)OC)ccc(c5ccc(C(=O)OC)c1c25)c43,CCCCO,417.34335872238864,4.201171402434862
COC(=O)c1ccc2c3ccc(C(=O)OC)c4c(C(=O)OC)ccc(c5ccc(C(=O)OC)c1c25)c43,CC(C)O,416.4359188789854,4.184006251533328
COC(=O)c1ccc2c3ccc(C(=O)OC)c4c(C(=O)OC)ccc(c5ccc(C(=O)OC)c1c25)c43,CO,409.89042150072044,4.104759330570647
COC(=O)c1ccc2c3ccc(C(=O)OC)c4c(C(=O)OC)ccc(c5ccc(C(=O)OC)c1c25)c43,CC(C)=O,410.7791207200003,4.359500305033981
COC(=O)c1ccc2c3ccc(C(=O)OC)c4c(C(=O)OC)ccc(c5ccc(C(=O)OC)c1c25)c43,CC#N,412.1923545096694,4.206747120253102
COC(=O)c1ccc2c3ccc(C(=O)OC)c4c(C(=O)OC)ccc(c5ccc(C(=O)OC)c1c25)c43,C1COCCO1,421.6769083671763,4.268972270157219
COC(=O)c1ccc2c3ccc(C(=O)OC)c4c(C(=O)OC)ccc(c5ccc(C(=O)OC)c1c25)c43,CN(C)C=O,427.7577484602395,4.172506822389851
COC(=O)c1ccc2c3ccc(C(=O)OC)c4c(C(=O)OC)ccc(c5ccc(C(=O)OC)c1c25)c43,ClC(Cl)Cl,420.9229474770443,4.269378446657698
CN(C)c1ccc(C2=Cc3ccc4ccccc4[n+]3[B-](F)(F)O2)cc1,CCOC(C)=O,454.32360002174335,4.67953988017229
CN(C)c1ccc(C2=Cc3ccc4ccccc4[n+]3[B-](F)(F)O2)cc1,C1CCOC1,452.4459009262818,4.676475980211783
CN(C)c1ccc(C2=Cc3ccc4ccccc4[n+]3[B-](F)(F)O2)cc1,COC(C)=O,454.42728763245105,4.690382829160893
CN(C)c1ccc(C2=Cc3ccc4ccccc4[n+]3[B-](F)(F)O2)cc1,CC#N,452.880705413341,4.657985231150975
CN(C)c1ccc(C2=Cc3ccc4ccccc4[n+]3[B-](F)(F)O2)cc1,CN(C)C=O,461.3209123552951,4.71784226894476
CN(C)c1ccc(C2=Cc3ccc4ccccc4[n+]3[B-](F)(F)O2)cc1,ClC(Cl)Cl,445.6920863788494,4.593288331528094
CN(C)c1ccc(C2=Cc3ccc4ccccc4[n+]3[B-](F)(F)O2)cc1,CO,450.7107738563516,4.640656784024696
Cc1cc(C)c(C2=C3C=CC=[N+]3[B-]3(c4cccc5ccccc45)Oc4cc(O)cc5c6ccc(C)cc6c6cc2n3c6c45)c(C)c1,ClC(Cl)Cl,642.702686767269,4.818978416036757
CCCCC1(CCCC)c2cc(-c3ccc(C=C4C(=O)c5ccccc5C4=O)cc3)ccc2-c2ccc(-c3ccc(C=C4C(=O)c5ccccc5C4=O)cc3)cc21,CCCCCC,424.65385346560663,4.728770894586594
CCCCC1(CCCC)c2cc(-c3ccc(C=C4C(=O)c5ccccc5C4=O)cc3)ccc2-c2ccc(-c3ccc(C=C4C(=O)c5ccccc5C4=O)cc3)cc21,Cc1ccccc1,434.74416674271896,4.638407337338133
CCCCC1(CCCC)c2cc(-c3ccc(C=C4C(=O)c5ccccc5C4=O)cc3)ccc2-c2ccc(-c3ccc(C=C4C(=O)c5ccccc5C4=O)cc3)cc21,ClC(Cl)Cl,442.72050129089774,4.704899626354733
CCCCC1(CCCC)c2cc(-c3ccc(C=C4C(=O)c5ccccc5C4=O)cc3)ccc2-c2ccc(-c3ccc(C=C4C(=O)c5ccccc5C4=O)cc3)cc21,C1CCOC1,434.6854752815655,4.6417824036051565
CCCCC1(CCCC)c2cc(-c3ccc(C=C4C(=O)c5ccccc5C4=O)cc3)ccc2-c2ccc(-c3ccc(C=C4C(=O)c5ccccc5C4=O)cc3)cc21,CC(C)=O,431.1503274189451,4.611308981555829
CCCCC1(CCCC)c2cc(-c3ccc(C=C4C(=O)c5ccccc5C4=O)cc3)ccc2-c2ccc(-c3ccc(C=C4C(=O)c5ccccc5C4=O)cc3)cc21,CS(C)=O,443.35095386692035,4.528922089107165
c1ccc(-c2nn(-c3ccccc3)c3nc4ccc(-n5c6ccccc6c6ccccc65)cc4cc23)cc1,C1CCCCC1,413.38330111632774,3.920528164076012
c1ccc(-c2nn(-c3ccccc3)c3nc4ccc(-n5c6ccccc6c6ccccc65)cc4cc23)cc1,CCCCOCCCC,416.2282408607781,3.912565775700786
c1ccc(-c2nn(-c3ccccc3)c3nc4ccc(-n5c6ccccc6c6ccccc65)cc4cc23)cc1,CCCCCl,419.7097406237591,3.9588814301510133
c1ccc(-c2nn(-c3ccccc3)c3nc4ccc(-n5c6ccccc6c6ccccc65)cc4cc23)cc1,C1CCOC1,415.21436326260897,3.919503049800303
c1ccc(-c2nn(-c3ccccc3)c3nc4ccc(-n5c6ccccc6c6ccccc65)cc4cc23)cc1,CC(C)=O,416.06423581696885,3.894174554231444
c1ccc(-c2nn(-c3ccccc3)c3nc4ccc(-n5c6ccccc6c6ccccc65)cc4cc23)cc1,CC#N,413.1875788889746,3.944298872685716
c1ccc(-c2nn(-c3ccccc3)c3nc4ccc(-n5c6ccccc6c6ccccc65)cc4cc23)cc1,CN(C)C=O,421.92904132469255,3.943952255219642
c1csc(-c2ccc(-c3cccs3)c3nsnc23)c1,ClC(Cl)Cl,408.6195552707077,3.636874383554008
COc1ccc(N(c2ccc(OC)cc2)c2ccc(-c3ccc(-c4ccc(-c5cccs5)c5nsnc45)s3)cc2)cc1,ClC(Cl)Cl,528.0203185201889,4.11944165100283
COc1cc(OC)c2c3c([nH]c2c1)C(=O)CCC3,C1COCCO1,399.21790530184416,4.219306788927416
COc1cc(OC)c2c3c([nH]c2c1)C(=O)CCC3,CCOC(C)=O,398.34967139975475,4.269133212627755
COc1cc(OC)c2c3c([nH]c2c1)C(=O)CCC3,CC#N,396.1345068405659,4.078713555565098
COc1cc(OC)c2c3c([nH]c2c1)C(=O)CCC3,CN(C)C=O,411.14767123994835,4.110893069194591
COc1cc(OC)c2c3c([nH]c2c1)C(=O)CCC3,CS(C)=O,415.1301763896208,4.225473715485717
COc1cc(OC)c2c3c([nH]c2c1)C(=O)CCC3,CO,402.4658722586938,4.073187230373658
COc1cc(OC)c2c3c([nH]c2c1)C(=O)CCC3,CCCCCCCCCCO,397.6830065125564,4.008376571999244
COc1cc(OC)c2c3c([nH]c2c1)C(=O)CCC3,CCCCCCO,398.6918473826463,4.004711631848401
COc1cc(OC)c2c3c([nH]c2c1)C(=O)CCC3,CCCCCCCCCCCCO,397.5087141818647,4.0031420036949905
COc1cc(OC)c2c3c([nH]c2c1)C(=O)CCC3,CCCCCCCCO,398.8545429083711,3.998945078881162
COc1cc(OC)c2c3c([nH]c2c1)C(=O)CCC3,O,399.35871829652785,3.978275278490462
CCN(CC)c1ccc(-n2cccc2)cc1,CCCCCC,350.34901287413453,4.168885879336926
CCN(CC)c1ccc(-n2cccc2)cc1,CC#N,343.8937286493392,4.246526580321137
Cc1ccc(C)n1-c1ccc(N(C)C)cc1,CCCCCC,284.6771086022356,3.6036668949321506
Cc1ccc(C)n1-c1ccc(N(C)C)cc1,CC#N,289.7016748638438,3.5954412844130794
CCN(CC)c1ccc2cc(C#N)/c(=N\C(=O)C(C)C)oc2c1,ClCCl,441.81180402138386,4.637577294969
Nc1cc([NH3+])cc(-c2nc3ccccc3s2)c1,O,332.67342183781176,3.974248548211793
[NH3+]c1cc([NH3+])cc(-c2[nH+]c3ccccc3s2)c1,O,329.89070059085725,4.01180881638776
COCCOCCOCCOc1ccc(/C=C/C2=[N+]3C(=C(c4cc(OC)cc(OC)c4)c4c(C)c(I)c(/C=C/c5ccc(OCCOCCOCCOC)cc5)n4[B-]3(F)F)C(C)=C2I)cc1,ClCCl,689.5169687326567,4.767232179874017
COCCOCCOCCOc1ccc(/C=C/C2=[N+]3C(=C(c4cc(OC)cc(OC)c4)c4c(C)c(I)c(/C=C/c5ccc(OCCOCCOCCOC)cc5)n4[B-]3(F)F)C(C)=C2I)cc1,C1CCOC1,675.3601636065362,4.91625741178799
COCCOCCOCCOc1ccc(/C=C/C2=[N+]3C(=C(c4cc(OC)cc(OC)c4)c4c(C)c(I)c(/C=C/c5ccc(OCCOCCOCCOC)cc5)n4[B-]3(F)F)C(C)=C2I)cc1,CS(C)=O,691.2231943170457,4.664511431130676
CN(C)c1ccc(C=C2Cc3ccccc3C2=O)cc1,Cc1ccccc1,408.2801263102578,4.442353539561883
CN(C)c1ccc(C=C2Cc3ccccc3C2=O)cc1,CCOC(C)=O,415.38519996393364,4.394943691544731
CN(C)c1ccc(C=C2Cc3ccccc3C2=O)cc1,CC#N,423.5323066349976,4.44406045042957
CC1=[N+]2C(=C(c3c4ccccc4cc4ccccc34)c3ccc(/C=C/C(C)(C)C)n3[B-]2(F)F)C=C1,ClC(Cl)Cl,539.5572009384214,4.958282425795241
CC1=CC(C)=[N+]2C1=C(c1ccc(I)cc1)c1c(C)cc(C)n1[B-]2(F)F,ClC(Cl)Cl,507.0864716793258,4.9149024822301035
CO[B-]1(OC)n2c(C)cc(C)c2C(c2ccc(I)cc2)=C2C(C)=CC(C)=[N+]21,ClC(Cl)Cl,507.87109620746304,4.900907602873552
CC1=CC(C)=[N+]2C1=C(c1ccc(I)cc1)c1c(C)cc(C)n1[B-]2(OCc1ccccc1)OCc1ccccc1,ClC(Cl)Cl,492.4934456326996,4.7976893248076955
CC1=CC(C)=[N+]2C1=C(c1ccc(I)cc1)c1c(C)cc(C)n1[B-]2(Oc1ccc([N+](=O)[O-])cc1)Oc1ccc([N+](=O)[O-])cc1,ClC(Cl)Cl,491.9033290231317,4.7908050644953
CC1=CC(C)=[N+]2C1=C(c1ccc(I)cc1)c1c(C)cc(C)n1[B-]21Oc2ccc3ccccc3c2-c2c(ccc3ccccc23)O1,ClC(Cl)Cl,513.6031206395286,4.83512618383987
CC1=CS[C@]2(C)C1=C1C(=C3C(C)=C(c4ccc(-c5nc(-c6ccccc6)c(-c6ccccc6)[nH]5)cc4)S[C@]32C)C(F)(F)C(F)(F)C1(F)F,C1CCOC1,537.5332946951179,3.8483616254687956
CC1=C(c2ccc(-c3nc(-c4ccccc4)c(-c4ccccc4)[nH]3)cc2)S[C@]2(C)C1=C1C(=C3c4ccccc4C(C)[C@]32C)C(F)(F)C(F)(F)C1(F)F,C1CCOC1,455.2467852983237,3.988546554898945
CC1(C)C(/C=C/C2=C(Oc3ccc(CCN=C=S)cc3I)/C(=C/C=C3/N(CCCS(=O)(=O)[O-])c4ccccc4C3(C)C)CCC2)=[N+](CCCS(=O)(=O)[O-])c2ccccc21,CO,761.9691612003655,5.317682225691694
CC1(C)C(/C=C/C2=C(Oc3ccc(CCN=C=S)cc3Br)/C(=C/C=C3/N(CCCS(=O)(=O)[O-])c4ccccc4C3(C)C)CCC2)=[N+](CCCS(=O)(=O)[O-])c2ccccc21,CO,766.5961708823347,5.3507336423036485
CC1(C)C(/C=C/C2=C(Oc3ccc(CCN=C=S)cc3Cl)/C(=C/C=C3/N(CCCS(=O)(=O)[O-])c4ccccc4C3(C)C)CCC2)=[N+](CCCS(=O)(=O)[O-])c2ccccc21,CO,765.6227509936602,5.347441283338392
CC(C)(C)c1ccc2c(c1)c1cc(C(C)(C)C)ccc1n2-c1ccc(C#Cc2ccc3c4ccc(C#Cc5ccc(C=C(C#N)C#N)cc5)cc4n(-c4ccc(C(F)(F)F)cc4)c3c2)cc1,ClCCl,410.1910487691816,4.7175161110345085
CC1(C)c2ccccc2N(c2ccc3c(c2)S(=O)(=O)c2cc(N4c5ccccc5C(C)(C)c5ccccc54)ccc2C3(C)C)c2ccccc21,ClCCl,361.4924779760888,4.06095973073573
Cc1cc2c(cc1N1c3ccccc3C(C)(C)c3ccccc31)C(C)(C)c1cc(N3c4ccccc4C(C)(C)c4ccccc43)c(C)cc1S2(=O)=O,ClCCl,367.90896675212826,4.363639586633537
O=P1(c2ccccc2)c2ccc(N3c4ccccc4Oc4ccccc43)cc2-c2cc(N3c4ccccc4Oc4ccccc43)ccc21,Cc1ccccc1,385.1225648028561,3.374040717787692
O=P1(c2ccccc2)c2cc(N3c4ccccc4Oc4ccccc43)ccc2-c2ccc(N3c4ccccc4Oc4ccccc43)cc21,Cc1ccccc1,405.7928754214535,3.387242454398797
N#Cc1nc2c(nc1C#N)C1c3ccc(N(c4ccccc4)c4ccccc4)cc3C2c2ccc(N(c3ccccc3)c3ccccc3)cc21,C1CCCCC1,419.8105001582733,4.037135247895236
N#Cc1nc2c(nc1C#N)C1c3ccc(N(c4ccccc4)c4ccccc4)cc3C2c2ccc(N(c3ccccc3)c3ccccc3)cc21,ClCCl,417.0901097870054,3.8672359459367684
N#Cc1nc2c(nc1C#N)C1c3ccc(N(c4ccccc4)c4ccccc4)cc3C2c2ccc(N(c3ccccc3)c3ccccc3)cc21,CC#N,405.5578614083351,3.9453947082225245
N#Cc1nc2c(nc1C#N)C1c3ccc(N(c4ccccc4)c4ccccc4)cc3C2c2ccc(N(c3ccccc3)c3ccccc3)cc21,Cc1ccccc1,414.65608714043327,3.947237082171428
CC(C)(C)c1ccc2c(c1)c1cc(C(C)(C)C)ccc1n2-c1ccc(-c2ccc3c(c2)C(=O)c2ccc(-c4ccc(-n5c6ccc(C(C)(C)C)cc6c6cc(C(C)(C)C)ccc65)cc4)cc2C3=O)cc1,Cc1ccccc1,438.83269505747757,4.16236456792366
Cc1nnc(-c2cc(-n3c4ccccc4c4ccccc43)c(-n3c4ccccc4c4ccccc43)cc2-c2nnc(C)o2)o1,ClCCl,361.9017531037348,3.82099123001726
COc1ccc(-c2nnc(-c3cc(-n4c5ccccc5c5ccccc54)c(-n4c5ccccc5c5ccccc54)cc3-c3nnc(-c4ccc(OC)cc4)o3)o2)cc1,ClCCl,365.8048724264591,3.703077957458091
S=P1(c2ccccc2)c2cccc3ccc4ccc1n4c23,ClCCl,397.61890411955653,3.604390837303834
COc1ccc(C2=CC(c3cc(OC)cc(OC)c3)=[O+][B-](F)(F)O2)cc1,ClCCl,382.56660401522936,4.637436449938254
c1ccc2c(c1)c1ccccc1n2-c1ccc(-c2ccc(-n3c4ccccc4c4ccccc43)nc2-n2c3ccccc3c3ccccc32)nn1,ClCCl,363.60990784706576,4.167805451837291
c1ccc2c(c1)c1ccccc1n2-c1ccc(-c2ccc(-c3ccc(-n4c5ccccc5c5ccccc54)nc3-n3c4ccccc4c4ccccc43)nn2)c(-n2c3ccccc3c3ccccc32)n1,ClCCl,367.00829925552864,4.144140680272822
Cc1cccc(-c2c3ccccc3c(-c3cccc(C)n3)c3ccccc23)n1,ClCCl,348.0092739688319,3.9046401783144375
Cc1cccc2[n+]1[B-](c1ccccc1)(c1ccccc1)c1cccc3c4c5c(cccc5c-2c13)[B-](c1ccccc1)(c1ccccc1)[n+]1c(C)cccc1-4,ClCCl,465.8463742946062,3.9738367498599136
CC[B-]1(CC)c2cccc3c4c5c(cccc5c(c23)-c2cccc(C)[n+]21)[B-](CC)(CC)[n+]1c(C)cccc1-4,ClCCl,375.26410685325635,3.9694637280196
CC[B-]1(CC)c2cccc3cc4ccccc4c(c23)-c2cccc(C)[n+]21,ClCCl,365.4609327302953,4.0161579023583425
CCCCC(CC)Cn1c2cc(C#N)c(-c3ccc(N(c4ccccc4)c4ccccc4)cc3)cc2c2cc(-c3ccc(N(c4ccccc4)c4ccccc4)cc3)c(C#N)cc21,ClCCl,403.44010376763504,3.7849330191430837
C(=C/c1cc(/C=C/c2ccc(-n3c4ccccc4c4ccccc43)cc2)cc(/C=C/c2ccc(-n3c4ccccc4c4ccccc43)cc2)c1)\c1ccc(-n2c3ccccc3c3ccccc32)cc1,Cc1ccccc1,373.2444023056421,4.657854072724092
C(=C/c1cc(/C=C/c2ccc(-n3c4ccccc4c4ccccc43)cc2)cc(/C=C/c2ccc(-n3c4ccccc4c4ccccc43)cc2)c1)\c1ccc(-n2c3ccccc3c3ccccc32)cc1,C1CCOC1,371.47412115249944,4.625082879603697
C(=C/c1cc(/C=C/c2ccc(-n3c4ccccc4c4ccccc43)cc2)cc(/C=C/c2ccc(-n3c4ccccc4c4ccccc43)cc2)c1)\c1ccc(-n2c3ccccc3c3ccccc32)cc1,ClCCl,374.1515377914453,4.740894937674106
C(=C/c1cc(/C=C/c2ccc(-n3c4ccccc4c4ccccc43)cc2)cc(/C=C/c2ccc(-n3c4ccccc4c4ccccc43)cc2)c1)\c1ccc(-n2c3ccccc3c3ccccc32)cc1,CC#N,364.4246372438706,4.686970537365753
C(=C/c1nc(/C=C/c2ccc(-n3c4ccccc4c4ccccc43)cc2)nc(/C=C/c2ccc(-n3c4ccccc4c4ccccc43)cc2)n1)\c1ccc(-n2c3ccccc3c3ccccc32)cc1,Cc1ccccc1,371.2552521394587,4.62374647228086
C(=C/c1nc(/C=C/c2ccc(-n3c4ccccc4c4ccccc43)cc2)nc(/C=C/c2ccc(-n3c4ccccc4c4ccccc43)cc2)n1)\c1ccc(-n2c3ccccc3c3ccccc32)cc1,C1CCOC1,362.87349356278,4.667281347190398
C(=C/c1nc(/C=C/c2ccc(-n3c4ccccc4c4ccccc43)cc2)nc(/C=C/c2ccc(-n3c4ccccc4c4ccccc43)cc2)n1)\c1ccc(-n2c3ccccc3c3ccccc32)cc1,ClCCl,362.92948911796054,4.790840008692413
C(=C/c1nc(/C=C/c2ccc(-n3c4ccccc4c4ccccc43)cc2)nc(/C=C/c2ccc(-n3c4ccccc4c4ccccc43)cc2)n1)\c1ccc(-n2c3ccccc3c3ccccc32)cc1,CC#N,364.7078365279092,4.709179330893535
C(=C/c1cc(/C=C/c2ccccc2)cc(/C=C/c2ccccc2)c1)\c1ccccc1,ClCCl,368.7854791809396,4.560427315525898
c1cc2ccc3cc4cccc5ccc6cc(c1)c2c3c6c54,ClCCl,409.2765806064289,4.237369797478024
O=P1(c2ccccc2)C(c2cc(C(F)(F)F)cc(C(F)(F)F)c2)=Cc2c3ccc4cccc5ccc(c6cc(-c7ccccc7)n1c26)c3c45,C1CCCCC1,423.6735051493081,4.587502351035725
O=P1(c2ccccc2)C(c2cc(C(F)(F)F)cc(C(F)(F)F)c2)=Cc2c3ccc4cccc5ccc(c6cc(-c7ccccc7)n1c26)c3c45,Cc1ccccc1,432.32180450404803,4.6514274365474595
O=P1(c2ccccc2)C(c2cc(C(F)(F)F)cc(C(F)(F)F)c2)=Cc2c3ccc4cccc5ccc(c6cc(-c7ccccc7)n1c26)c3c45,C1COCCO1,432.21783204584284,4.642262569463926
O=P1(c2ccccc2)C(c2cc(C(F)(F)F)cc(C(F)(F)F)c2)=Cc2c3ccc4cccc5ccc(c6cc(-c7ccccc7)n1c26)c3c45,ClC(Cl)Cl,435.2890761034228,4.680857783365878
O=P1(c2ccccc2)C(c2cc(C(F)(F)F)cc(C(F)(F)F)c2)=Cc2c3ccc4cccc5ccc(c6cc(-c7ccccc7)n1c26)c3c45,ClCCl,433.76896402087186,4.682723314635045
O=P1(c2ccccc2)C(c2cc(C(F)(F)F)cc(C(F)(F)F)c2)=Cc2c3ccc4cccc5ccc(c6cc(-c7ccccc7)n1c26)c3c45,C1CCOC1,432.60201171875667,4.639249836498776
O=P1(c2ccccc2)C(c2cc(C(F)(F)F)cc(C(F)(F)F)c2)=Cc2c3ccc4cccc5ccc(c6cc(-c7ccccc7)n1c26)c3c45,CC(C)=O,428.11120752564864,4.654379569394611
O=P1(c2ccccc2)C(c2cc(C(F)(F)F)cc(C(F)(F)F)c2)=Cc2c3ccc4cccc5ccc(c6cc(-c7ccccc7)n1c26)c3c45,CC#N,429.39757180073786,4.625413907974583
O=P1(c2ccccc2)C(c2cc(C(F)(F)F)cc(C(F)(F)F)c2)=Cc2c3ccc4cccc5ccc(c6cc(-c7ccccc7)n1c26)c3c45,CO,431.3196704268171,4.659240488270983
N#CC1=CC(C=O)=CC(C#N)=P1(c1ccccc1)c1ccccc1,ClC(Cl)Cl,488.5263206870842,4.162937906237528
O=C1NC(=O)c2c1c1c3ccccc3[nH]c1c1[nH]c3ccccc3c21,C1CCOC1,481.5438266666354,4.2436801581967005
O=C1NC(=O)c2c1c1c3ccccc3[nH]c1c1[nH]c3ccccc3c21,CCO,502.66377803468936,4.24461601992336
O=C1NC(=O)c2c1c1c3ccccc3[nH]c1c1[nH]c3ccccc3c21,CC#N,485.2856614342527,4.199789223645548
Cc1cccc(C2=Cc3c4ccccc4cc[n+]3[B-](F)(F)O2)c1,ClC(Cl)Cl,402.1432656890828,4.4931236783803294
F[B-]1(F)OC(c2ccccc2)=Cc2c3ccccc3cc[n+]21,ClC(Cl)Cl,401.8540916312336,4.478917857382089
c1cc2ccc1-c1ccc(cc1)-c1ccc([se]1)-c1ccc(cc1)-c1ccc(cc1)-c1ccc([se]1)-c1ccc(cc1)-c1ccc(cc1)-c1ccc-2[se]1,C1CCOC1,371.7770490522555,4.437860861005161
COC(=O)c1cccc2c1C#Cc1c(N)cccc1OCCCO2,ClCCl,352.6551444571563,3.9807411438237015
CCC(CC)n1c2ccccc2c2cc3c(cc21)c1ccccc1n3C(CC)CC,ClC(Cl)Cl,347.0518742155788,4.30750987592489
c1ccc(-c2pc3ccccc3s2)cc1,CC#N,319.9736873606199,4.626227238688827
COc1ccc(-c2pc3ccccc3s2)cc1,CC#N,333.86103455814316,4.564002957863187
CC1=[N+]2C(=C(NC(C)c3ccccc3)c3ccc(C)n3[B-]2(F)F)C=C1c1cc2n(c1)[B-](F)(F)[N+]1=CC=CC1=C2c1c(C)cc(C)cc1C,C1CCCCC1,568.6448721688648,4.567233014765095
CC1=[N+]2C(=C(NC(C)c3ccccc3)c3ccc(C)n3[B-]2(F)F)C=C1c1cc2n(c1)[B-](F)(F)[N+]1=CC=CC1=C2c1c(C)cc(C)cc1C,CCOC(C)=O,565.6905868839619,4.517029655433882
Oc1ccccc1/C=N/CC/N=C/c1ccccc1O,CC#N,318.92228949399885,4.131057790143503
Oc1ccccc1/C=N/C1CCCCC1/N=C/c1ccccc1O,CC#N,340.21308692822674,4.1899428541893124
Oc1ccc2ccccc2c1/C=N/c1cc2ccccc2cc1/N=C/c1c(O)ccc2ccccc12,CC#N,422.1649684106112,4.111446998089131
COC(=O)c1cc(=O)n(C)c2cc(-c3cccc(OC)c3)sc12,ClCCl,393.6354531201116,3.9736187560084963
COC(=O)c1cc(=O)n(C)c2cc(-c3ccccc3OC)sc12,ClCCl,387.6060916032821,3.9507822705504054
COc1ccc(-c2cc3c(ccc(=O)n3C)s2)cc1,ClCCl,366.2213085421519,4.5529277838631
COc1ccc(-c2cc3c(s2)c(C(C)=O)cc(=O)n3C)cc1,ClCCl,420.819369122911,4.2587719413323555
COC(=O)c1cc(=O)n(C)c2cc(-c3cc(OC)c(OC)c(OC)c3)sc12,ClCCl,393.13625671013045,4.121334793619456
COC(=O)c1cc(=O)n(C)c2cc(-c3ccc(N4CCN(C)CC4)cc3)sc12,ClCCl,429.1039923617286,4.473614930623847
COc1ccc(C#Cc2ccc(C#Cc3ccc(P(=O)(c4ccc(C#Cc5ccc(C#Cc6ccc(OC)cc6)cc5)cc4)c4ccc(C#Cc5ccc(C#Cc6ccc(OC)cc6)cc5)cc4)cc3)cc2)cc1,ClC(Cl)Cl,338.61014938764487,5.021039306881121
COc1ccc(C#Cc2ccc(C#Cc3ccc(P(=O)(c4ccc(C#Cc5ccc(C#Cc6ccc(OC)cc6)cc5)cc4)c4ccc(C#Cc5ccc(C#Cc6ccc(OC)cc6)cc5)cc4)cc3)cc2)cc1,ClCCl,334.7746317899171,4.964629740455009
O=Cc1ccc(C#CC(C#Cc2ccc(C=O)s2)=Cc2ccc(C=C(C#Cc3ccc(C=O)s3)C#Cc3ccc(C=O)s3)s2)s1,ClC(Cl)Cl,508.14169664766683,4.157390759374233
N#Cc1nc2cnc(N)nc2n1Cc1ccccc1,ClCCl,332.4050252587941,4.139660146182532
CNc1ncc2nc(C#N)n(Cc3ccccc3)c2n1,ClCCl,341.7320280144215,4.229347107730527
CN(C)c1ncc2nc(C#N)n(Cc3ccccc3)c2n1,ClCCl,336.7674092743701,4.23506318172287
N#Cc1nc2c(OCc3ccccc3)nc(N)nc2n1Cc1ccccc1,ClCCl,318.8138320534151,4.341813299665464
CN(C)c1nc(N)nc2c1nc(C#N)n2Cc1ccccc1,ClCCl,336.8918993368407,4.258786344497539
CN(C)c1nc(N(C)C)c2nc(C#N)n(Cc3ccccc3)c2n1,ClCCl,347.27503232956826,4.269980238238801
CNc1ncc2nc(C(=O)OC)n(Cc3ccccc3)c2n1,ClCCl,340.4023567744584,4.257910729825746
COC(=O)c1nc2cnc(N(C)C)nc2n1Cc1ccccc1,ClCCl,338.88929681358195,4.263154504930119
CCCCNC(=O)c1nc2c(N(C)C)nc(N(C)C)nc2n1Cc1ccccc1,ClCCl,356.5068132981945,4.278647566946917
COC(=O)CNC(=O)c1nc2c(N(C)C)nc(N(C)C)nc2n1Cc1ccccc1,ClCCl,355.51371473966526,4.25070749960634
N#Cc1nc2cnc(N)nc2n1Cc1ccccc1,C1COCCO1,335.40629711391546,4.19312373573404
CNc1ncc2nc(C#N)n(Cc3ccccc3)c2n1,C1COCCO1,343.4161650410863,4.1980625638747515
CN(C)c1ncc2nc(C#N)n(Cc3ccccc3)c2n1,C1COCCO1,337.6828357733609,4.196746109145292
N#Cc1nc2c(OCc3ccccc3)nc(N)nc2n1Cc1ccccc1,C1COCCO1,322.37901766995043,4.296835270153232
CN(C)c1nc(N)nc2c1nc(C#N)n2Cc1ccccc1,C1COCCO1,338.8824979330388,4.264926546892658
CN(C)c1nc(N(C)C)c2nc(C#N)n(Cc3ccccc3)c2n1,C1COCCO1,343.27680359803367,4.234738073949112
CNc1ncc2nc(C(=O)OC)n(Cc3ccccc3)c2n1,C1COCCO1,339.52857888162305,4.29587983605503
COC(=O)c1nc2cnc(N(C)C)nc2n1Cc1ccccc1,C1COCCO1,337.5488372673025,4.3286170717445
CCCCNC(=O)c1nc2c(N(C)C)nc(N(C)C)nc2n1Cc1ccccc1,C1COCCO1,351.23143140119544,4.2966460735792795
COC(=O)CNC(=O)c1nc2c(N(C)C)nc(N(C)C)nc2n1Cc1ccccc1,C1COCCO1,350.7053641171484,4.299025547080125
N#Cc1nc2cnc(N)nc2n1Cc1ccccc1,CC#N,330.4461984744272,4.388693781005383
CNc1ncc2nc(C#N)n(Cc3ccccc3)c2n1,CC#N,340.86436848975177,4.403541076409605
CN(C)c1ncc2nc(C#N)n(Cc3ccccc3)c2n1,CC#N,337.0858516076888,4.384852242240768
N#Cc1nc2c(OCc3ccccc3)nc(N)nc2n1Cc1ccccc1,CC#N,317.1993695050438,4.444915650810045
CN(C)c1nc(N)nc2c1nc(C#N)n2Cc1ccccc1,CC#N,337.05849376146284,4.471007957725738
CN(C)c1nc(N(C)C)c2nc(C#N)n(Cc3ccccc3)c2n1,CC#N,347.16746142804527,4.40880844337348
CNc1ncc2nc(C(=O)OC)n(Cc3ccccc3)c2n1,CC#N,337.00107474919895,4.293580743260445
COC(=O)c1nc2cnc(N(C)C)nc2n1Cc1ccccc1,CC#N,337.0856643107042,4.243973408812521
CCCCNC(=O)c1nc2c(N(C)C)nc(N(C)C)nc2n1Cc1ccccc1,CC#N,355.2339679633772,4.2553355507152695
COC(=O)CNC(=O)c1nc2c(N(C)C)nc(N(C)C)nc2n1Cc1ccccc1,CC#N,354.7365446315175,4.244599616067099
N#Cc1nc2cnc(N)nc2n1Cc1ccccc1,CO,332.9783663017693,4.125988944241411
N#Cc1nc2cnc(N)nc2n1Cc1ccccc1,O,323.0831669270121,4.028317975991064
CNc1ncc2nc(C#N)n(Cc3ccccc3)c2n1,CO,339.2874902029689,4.191599480719471
CN(C)c1ncc2nc(C#N)n(Cc3ccccc3)c2n1,CO,338.26357504723023,4.168561731170653
N#Cc1nc2c(OCc3ccccc3)nc(N)nc2n1Cc1ccccc1,CO,317.5386392630568,4.286219603292273
CN(C)c1nc(N)nc2c1nc(C#N)n2Cc1ccccc1,CO,335.60957677459965,4.289366645093787
CN(C)c1nc(N(C)C)c2nc(C#N)n(Cc3ccccc3)c2n1,CO,345.5883230909808,4.233446206898242
CNc1ncc2nc(C(=O)OC)n(Cc3ccccc3)c2n1,CO,341.05854551698144,4.155526640357592
COC(=O)c1nc2cnc(N(C)C)nc2n1Cc1ccccc1,CO,341.0513595560034,4.141189470821552
CCCCNC(=O)c1nc2c(N(C)C)nc(N(C)C)nc2n1Cc1ccccc1,CO,356.3270831117149,4.202788196201473
COC(=O)CNC(=O)c1nc2c(N(C)C)nc(N(C)C)nc2n1Cc1ccccc1,CO,356.08737418751434,4.185296000205408
CC(C)CCCC(C)CCN1C(=O)c2ccc3c(-c4ccccc4)c4c5ccc6c7c(ccc(c(-c8ccccc8)c4c4ccc(c2c34)C1=O)c75)C(=O)N(CCC(C)CCCC(C)C)C6=O,ClCCl,593.349406877832,4.290595992811687
COCCOCCOCN1C(=O)c2ccc3c(-c4ccccc4)c4c5ccc6c7c(ccc(c(-c8ccccc8)c4c4ccc(c2c34)C1=O)c75)C(=O)N(COCCOCCOC)C6=O,ClCCl,578.3835287238434,4.28382251284646
CC(C)c1cccc(C(C)C)c1N1C(=O)c2ccc3c4c(-c5ccc(C(=O)O)cc5)c5ccc6c7c(cc8c9cc(C(=O)O)ccc9c(c9ccc(c2c39)C1=O)c4c8c57)C(=O)N(c1c(C(C)C)cccc1C(C)C)C6=O,ClCCl,618.7523470696647,4.180549093561791
C(=C/c1ncc2ccccc2n1)\c1ccc(N(c2ccccc2)c2ccccc2)cc1,ClCCl,402.0835429239076,4.451090788349377
C(=C/c1ncc2ccccc2n1)\c1ccc(-c2ccc(N(c3ccccc3)c3ccccc3)cc2)cc1,ClCCl,389.2122693816986,4.526324549331697
c1ccc(N(c2ccccc2)c2ccc(-c3ncnc4ccccc34)cc2)cc1,ClCCl,367.20205174292647,4.294682110119646
CN(C)c1ccc(-c2nc(-c3ccc(N(C)C)cc3)c3ccccc3n2)cc1,ClCCl,367.20571027736014,4.345787396378845
C(#Cc1ncnc2ccccc12)c1ccc(N(c2ccccc2)c2ccccc2)cc1,ClCCl,375.108182113527,4.573479353369269
CCCCCCCCCC1(CCCCCCCCC)c2cc(C#Cc3ccc(/C=C/c4ccc(N(CCCCCCCC)CCCCCCCC)cc4)cc3)ccc2-c2ccc(C#Cc3ccc(/C=C/c4ccc(N(CCCCCCCC)CCCCCCCC)cc4)cc3)cc21,Cc1ccccc1,408.8109197215511,5.172375346043322
c1ccc([B-]2(c3ccccc3)Oc3ccc4ccccc4c3-c3c4ccccc4cn[n+]32)cc1,Cc1ccccc1,427.947913429977,3.5735045124487277
COc1ccc(N2c3ccc4ccccc4c3-c3c4ccccc4cc[n+]3[B-]2(c2ccccc2)c2ccccc2)cc1,Cc1ccccc1,515.7256262587898,3.798150435378385
CC(C)(C)OC(=O)/C=C/C1=CC2=C(c3ccccc3)c3cccn3[B-](F)(F)[N+]2=C1,ClCCl,524.5322618019366,4.4764503625267045
COC(=O)/C=C/C1=CC2=C(c3c(C)cc(C)cc3C)c3cc(/C=C/C(=O)OC)cn3[B-](F)(F)[N+]2=C1,ClCCl,586.6432882879474,4.781237017421455
Cc1cc(C)c(C2=C3C=C(/C=C/C(=O)OCc4ccccc4)C=[N+]3[B-](F)(F)n3cc(/C=C/C(=O)OCc4ccccc4)cc32)c(C)c1,ClCCl,570.884806754275,4.711503645069766
CCOCCOCCOC(=O)/C=C/C1=CC2=C(c3c(C)cc(C)cc3C)c3cc(/C=C/C(=O)OCCOCCOCC)cn3[B-](F)(F)[N+]2=C1,ClCCl,573.6857457546041,4.769745265137862
CCN(CC)c1ccc2n1[B-](F)(F)[N+]1=CC(/C=C/C(=O)OC(C)(C)C)=CC1=C2c1c(C)cc(C)cc1C,ClCCl,525.3523104331058,4.567714792040208
CN(C)c1ccc(C2=Nc3scc(-c4ccc([N+](=O)[O-])cc4)[n+]3[B-](F)(F)O2)cc1,Cc1ccccc1,397.5391405770227,4.646749440584781
CN(C)c1ccc(C2=Nc3scc(-c4ccc([N+](=O)[O-])cc4)[n+]3[B-](F)(F)O2)cc1,ClCCl,402.5354655749606,4.650856361458792
CN(C)c1ccc(C2=Nc3scc(-c4ccc([N+](=O)[O-])cc4)[n+]3[B-](F)(F)O2)cc1,C1CCOC1,396.5563215013348,4.620601856656764
CN(C)c1ccc(C2=Nc3scc(-c4ccc([N+](=O)[O-])cc4)[n+]3[B-](F)(F)O2)cc1,CC#N,399.8758764873379,4.681931185814489
Cc1cc(C)c(C2=C3C=C(c4ccc(C(C)(C)C)cc4)C(c4ccc(C(C)(C)C)cc4)=[N+]3[B-](F)(F)n3c2cc(-c2ccc(C(C)(C)C)cc2)c3-c2ccc(C(C)(C)C)cc2)c(C)c1,C1CCCCC1,593.1981458330207,4.881053070517869
Cc1cc(C)c(C2=C3C=C(c4ccc(C(C)(C)C)cc4)C(c4ccc(C(C)(C)C)cc4)=[N+]3[B-](F)(F)n3c2cc(-c2ccc(C(C)(C)C)cc2)c3-c2ccc(C(C)(C)C)cc2)c(C)c1,Cc1ccccc1,601.6781042187565,4.885506192424518
Cc1cc(C)c(C2=C3C=C(c4ccc(C(C)(C)C)cc4)C(c4ccc(C(C)(C)C)cc4)=[N+]3[B-](F)(F)n3c2cc(-c2ccc(C(C)(C)C)cc2)c3-c2ccc(C(C)(C)C)cc2)c(C)c1,ClCCl,592.4767902263017,4.829435095853754
Cc1cc(C)c(C2=C3C=C(c4ccc(C(C)(C)C)cc4)C(c4ccc(C(C)(C)C)cc4)=[N+]3[B-](F)(F)n3c2cc(-c2ccc(C(C)(C)C)cc2)c3-c2ccc(C(C)(C)C)cc2)c(C)c1,C1CCOC1,594.7987359180615,4.787283630928039
Cc1cc(C)c(C2=C3C=C(c4ccc(C(C)(C)C)cc4)C(c4ccc(C(C)(C)C)cc4)=[N+]3[B-](F)(F)n3c2cc(-c2ccc(C(C)(C)C)cc2)c3-c2ccc(C(C)(C)C)cc2)c(C)c1,CC#N,580.0185065352678,4.760575437064688
COc1ccc2c(c1)c1c(c3cc(OC)ccc32)=[N+]2C(=C(c3c(C)cc(C)cc3C)c3cc4c5cc(OC)ccc5c5ccc(OC)cc5c4n3[B-]2(F)F)C=1,C1CCCCC1,700.6049751974532,5.272330451696122
COc1ccc2c(c1)c1c(c3cc(OC)ccc32)=[N+]2C(=C(c3c(C)cc(C)cc3C)c3cc4c5cc(OC)ccc5c5ccc(OC)cc5c4n3[B-]2(F)F)C=1,Cc1ccccc1,704.146186799952,5.206063072947154
COc1ccc2c(c1)c1c(c3cc(OC)ccc32)=[N+]2C(=C(c3c(C)cc(C)cc3C)c3cc4c5cc(OC)ccc5c5ccc(OC)cc5c4n3[B-]2(F)F)C=1,ClCCl,698.235693314437,5.190872667510115
COc1ccc2c(c1)c1c(c3cc(OC)ccc32)=[N+]2C(=C(c3c(C)cc(C)cc3C)c3cc4c5cc(OC)ccc5c5ccc(OC)cc5c4n3[B-]2(F)F)C=1,C1CCOC1,703.4665235020182,5.240443382974277
COc1ccc2c(c1)c1c(c3cc(OC)ccc32)=[N+]2C(=C(c3c(C)cc(C)cc3C)c3cc4c5cc(OC)ccc5c5ccc(OC)cc5c4n3[B-]2(F)F)C=1,CC#N,692.6762942698997,5.161790259881287
CC(C)(C)c1ccc(C2=CC3=C(c4ccccc4)c4cc(-c5ccc(C(C)(C)C)cc5)c(-c5ccc(C(C)(C)C)cc5)n4[B-](F)(F)[N+]3=C2c2ccc(C(C)(C)C)cc2)cc1,C1CCCCC1,599.5950870470945,4.740514462359017
CC(C)(C)c1ccc(C2=CC3=C(c4ccccc4)c4cc(-c5ccc(C(C)(C)C)cc5)c(-c5ccc(C(C)(C)C)cc5)n4[B-](F)(F)[N+]3=C2c2ccc(C(C)(C)C)cc2)cc1,Cc1ccccc1,608.7058367042335,4.763039564240972
CC(C)(C)c1ccc(C2=CC3=C(c4ccccc4)c4cc(-c5ccc(C(C)(C)C)cc5)c(-c5ccc(C(C)(C)C)cc5)n4[B-](F)(F)[N+]3=C2c2ccc(C(C)(C)C)cc2)cc1,ClCCl,603.0917094807786,4.684088763663668
CC(C)(C)c1ccc(C2=CC3=C(c4ccccc4)c4cc(-c5ccc(C(C)(C)C)cc5)c(-c5ccc(C(C)(C)C)cc5)n4[B-](F)(F)[N+]3=C2c2ccc(C(C)(C)C)cc2)cc1,C1CCOC1,602.9795935057612,4.627991069670335
CC(C)(C)c1ccc(C2=CC3=C(c4ccccc4)c4cc(-c5ccc(C(C)(C)C)cc5)c(-c5ccc(C(C)(C)C)cc5)n4[B-](F)(F)[N+]3=C2c2ccc(C(C)(C)C)cc2)cc1,CC#N,590.0963829023965,4.616296297033259
CC(C)(C)c1ccc(C2=c3c(c4ccc(C(C)(C)C)cc4c4cc(C(C)(C)C)ccc34)=[N+]3C2=C(c2ccccc2)c2c(-c4ccc(C(C)(C)C)cc4)c4c5ccc(C(C)(C)C)cc5c5cc(C(C)(C)C)ccc5c4n2[B-]3(F)F)cc1,C1CCCCC1,673.0235213447132,5.08842243754867
CC(C)(C)c1ccc(C2=c3c(c4ccc(C(C)(C)C)cc4c4cc(C(C)(C)C)ccc34)=[N+]3C2=C(c2ccccc2)c2c(-c4ccc(C(C)(C)C)cc4)c4c5ccc(C(C)(C)C)cc5c5cc(C(C)(C)C)ccc5c4n2[B-]3(F)F)cc1,Cc1ccccc1,679.2938248242256,5.048029987461234
CC(C)(C)c1ccc(C2=c3c(c4ccc(C(C)(C)C)cc4c4cc(C(C)(C)C)ccc34)=[N+]3C2=C(c2ccccc2)c2c(-c4ccc(C(C)(C)C)cc4)c4c5ccc(C(C)(C)C)cc5c5cc(C(C)(C)C)ccc5c4n2[B-]3(F)F)cc1,ClCCl,669.9671342302394,4.981278097461111
CC(C)(C)c1ccc(C2=c3c(c4ccc(C(C)(C)C)cc4c4cc(C(C)(C)C)ccc34)=[N+]3C2=C(c2ccccc2)c2c(-c4ccc(C(C)(C)C)cc4)c4c5ccc(C(C)(C)C)cc5c5cc(C(C)(C)C)ccc5c4n2[B-]3(F)F)cc1,C1CCOC1,673.8665825320643,4.951836470728287
CC(C)(C)c1ccc(C2=c3c(c4ccc(C(C)(C)C)cc4c4cc(C(C)(C)C)ccc34)=[N+]3C2=C(c2ccccc2)c2c(-c4ccc(C(C)(C)C)cc4)c4c5ccc(C(C)(C)C)cc5c5cc(C(C)(C)C)ccc5c4n2[B-]3(F)F)cc1,CC#N,667.1772832114021,4.96120948210716
COc1cccc(C2=c3c(c4ccc(C(C)(C)C)cc4c4cc(C(C)(C)C)ccc34)=[N+]3C2=C(c2ccccc2)c2c(-c4cccc(OC)c4)c4c5ccc(C(C)(C)C)cc5c5cc(C(C)(C)C)ccc5c4n2[B-]3(F)F)c1,C1CCCCC1,680.5034137240905,5.136938888396527
COc1cccc(C2=c3c(c4ccc(C(C)(C)C)cc4c4cc(C(C)(C)C)ccc34)=[N+]3C2=C(c2ccccc2)c2c(-c4cccc(OC)c4)c4c5ccc(C(C)(C)C)cc5c5cc(C(C)(C)C)ccc5c4n2[B-]3(F)F)c1,Cc1ccccc1,690.52100543509,5.0653683927784
COc1cccc(C2=c3c(c4ccc(C(C)(C)C)cc4c4cc(C(C)(C)C)ccc34)=[N+]3C2=C(c2ccccc2)c2c(-c4cccc(OC)c4)c4c5ccc(C(C)(C)C)cc5c5cc(C(C)(C)C)ccc5c4n2[B-]3(F)F)c1,ClCCl,677.764782187325,5.035221508861158
COc1cccc(C2=c3c(c4ccc(C(C)(C)C)cc4c4cc(C(C)(C)C)ccc34)=[N+]3C2=C(c2ccccc2)c2c(-c4cccc(OC)c4)c4c5ccc(C(C)(C)C)cc5c5cc(C(C)(C)C)ccc5c4n2[B-]3(F)F)c1,C1CCOC1,680.4376350230779,5.041432088507147
COc1cccc(C2=c3c(c4ccc(C(C)(C)C)cc4c4cc(C(C)(C)C)ccc34)=[N+]3C2=C(c2ccccc2)c2c(-c4cccc(OC)c4)c4c5ccc(C(C)(C)C)cc5c5cc(C(C)(C)C)ccc5c4n2[B-]3(F)F)c1,CC#N,675.9098927429785,5.026230747165933
COc1ccc2c3c(c4ccc(OC)cc4c2c1)=[N+]1C(=C(c2c(C)cc(C)cc2C)c2cc4c5ccc(OC)cc5c5cc(OC)ccc5c4n2[B-]1(F)F)C=3,C1CCCCC1,707.2406076887776,5.250449735293563
COc1ccc2c3c(c4ccc(OC)cc4c2c1)=[N+]1C(=C(c2c(C)cc(C)cc2C)c2cc4c5ccc(OC)cc5c5cc(OC)ccc5c4n2[B-]1(F)F)C=3,Cc1ccccc1,710.908481998769,5.186061956021615
COc1ccc2c3c(c4ccc(OC)cc4c2c1)=[N+]1C(=C(c2c(C)cc(C)cc2C)c2cc4c5ccc(OC)cc5c5cc(OC)ccc5c4n2[B-]1(F)F)C=3,ClCCl,705.3862676489196,5.177022598354862
COc1ccc2c3c(c4ccc(OC)cc4c2c1)=[N+]1C(=C(c2c(C)cc(C)cc2C)c2cc4c5ccc(OC)cc5c5cc(OC)ccc5c4n2[B-]1(F)F)C=3,C1CCOC1,707.3655722369426,5.2198127635382665
COc1ccc2c3c(c4ccc(OC)cc4c2c1)=[N+]1C(=C(c2c(C)cc(C)cc2C)c2cc4c5ccc(OC)cc5c5cc(OC)ccc5c4n2[B-]1(F)F)C=3,CC#N,699.1839155154418,5.144334022007226
CCOC(=O)C1c2ccccc2C(=O)N1c1ccccc1,CCCCCC,288.470059838583,5.346355442204074
CCOC(=O)C1c2ccccc2C(=O)N1c1ccccc1,ClCCl,294.8310025722051,5.736937198484365
CCOC(=O)C1c2ccccc2C(=O)N1c1ccccc1,CO,292.7399316302026,5.834491112727286
CCOC(=O)C1c2ccccc2C(=O)N1c1ccccc1,CS(C)=O,303.03542212057494,5.38022205442784
CCOC(=O)C1c2ccccc2C(=O)N1c1ccccn1,CCCCCC,318.98284885237223,5.030873002276228
CCOC(=O)C1c2ccccc2C(=O)N1c1ccccn1,ClCCl,334.24882672164864,5.526267505935598
CCOC(=O)C1c2ccccc2C(=O)N1c1ccccn1,CO,330.17788930066905,5.526972256157571
CCOC(=O)C1c2ccccc2C(=O)N1c1ccccn1,CS(C)=O,340.15925153160265,5.258317068210322
CCOC(=O)C1c2cc(OC)c(OC)cc2C(=O)N1c1ccc(OC)c(OC)c1,CCCCCC,311.9307802453551,5.061966167808958
CCOC(=O)C1c2cc(OC)c(OC)cc2C(=O)N1c1ccc(OC)c(OC)c1,ClCCl,314.989727085286,5.641850163499575
CCOC(=O)C1c2cc(OC)c(OC)cc2C(=O)N1c1ccc(OC)c(OC)c1,CO,309.70456828568774,5.70587271254139
CCOC(=O)C1c2cc(OC)c(OC)cc2C(=O)N1c1ccc(OC)c(OC)c1,CS(C)=O,321.7522969863472,5.549513399779756
C(=C/c1ccccc1)\c1ccccc1,CC#N,286.76392165945344,4.488118411000601
COc1ccc(/C=C/c2ccccc2)cc1,CC#N,306.86098800518437,4.430276209442531
COc1cccc(/C=C/c2ccccc2)c1,CC#N,302.280215705495,4.528312059386328
COc1ccc(/C=C/c2ccccc2)cc1OC,CC#N,307.8184377043001,4.5652562776624235
C/C=C/c1cccc(OC)c1,CCCCCC,316.23598873474725,3.195493831497767
C(#Cc1cnc(C#Cc2ccccc2)nc1)c1ccccc1,C1CCCCC1,315.76458719728964,4.599344016041286
C[Si](C)(C)C#Cc1ccc(C#Cc2cnc(C#Cc3ccccc3)nc2)cc1,C1CCCCC1,334.583588865564,4.800305613140734
COc1ccc(C#Cc2nc3ccccc3nc2-c2csc(OC)c2)cc1,ClCCl,401.45063831819414,4.1575737909227355
CC(C)(C)c1cc2ccc3cc(C(C)(C)C)cc4c(N(c5ccccc5)c5ccccc5)cc(c1)c2c34,CCCCCC,398.25722160812666,4.1548611616193165
Cc1cc(C)c(B(c2c(C)cc(C)cc2C)c2cc3cccc4c(B(c5c(C)cc(C)cc5C)c5c(C)cc(C)cc5C)cc5cccc2c5c34)c(C)c1,CCCCCC,413.5516186732088,3.3608528140090193
CC(C)(C)c1ccc2c(c1)c1cc(C(C)(C)C)ccc1n2-c1ccc(C#Cc2ccc(C#Cc3ccc(-n4c5ccc(C(C)(C)C)cc5c5cc(C(C)(C)C)ccc54)cc3)cc2)cc1,ClCCl,343.4614846681411,4.694013187230656
C(=C1c2ccccc2-c2ccccc21)c1ccc(-c2ccc(C=C3c4ccccc4-c4ccccc43)cc2)cc1,C1CCOC1,372.7768091402059,3.613900873389311
C1=Cc2ccccc2C(=Cc2ccc(C=C3c4ccccc4-c4ccccc43)cc2)c2ccccc21,C1CCOC1,345.1001522301633,4.366241349587232
Cc1cccc2cc(-c3cc4cccc(C)c4oc3=O)oc12,Cc1ccccc1,357.4807014293305,4.430525114423752
Cc1cccc2cc(-c3cc4cccc(C)c4oc3=O)oc12,CCOC(C)=O,356.20408518188873,4.51965515056704
Cc1cccc2cc(-c3cc4cccc(C)c4oc3=O)oc12,CC#N,348.9048532306816,4.398135184220816
Cc1cccc2cc(-c3cc4cccc(C)c4oc3=O)oc12,CS(C)=O,359.50959601565876,4.415623175144456
Cc1cccc2cc(-c3cc4cccc(C)c4oc3=O)oc12,O,336.1831176010251,4.102524622006597
COc1cccc2cc(-c3cc4cccc(OC)c4oc3=O)oc12,Cc1ccccc1,367.26505844856604,4.262671514566298
COc1cccc2cc(-c3cc4cccc(OC)c4oc3=O)oc12,CCOC(C)=O,360.25644274199004,4.395763652377204
COc1cccc2cc(-c3cc4cccc(OC)c4oc3=O)oc12,CC#N,359.41360631102054,4.305948988347209
COc1cccc2cc(-c3cc4cccc(OC)c4oc3=O)oc12,CS(C)=O,365.8838243487261,4.388653469569705
COc1cccc2cc(-c3cc4cccc(OC)c4oc3=O)oc12,O,358.27935450161874,4.083456080604725
COc1ccc2cc(-c3cc4ccc(OC)cc4oc3=O)oc2c1,Cc1ccccc1,372.3757563501865,4.474863606284969
COc1ccc2cc(-c3cc4ccc(OC)cc4oc3=O)oc2c1,CCOC(C)=O,377.2571590399535,4.4570656757228715
COc1ccc2cc(-c3cc4ccc(OC)cc4oc3=O)oc2c1,CC#N,365.00646908348375,4.49824717664459
COc1ccc2cc(-c3cc4ccc(OC)cc4oc3=O)oc2c1,CS(C)=O,386.73653413583446,4.422723505566847
COc1ccc2cc(-c3cc4ccc(OC)cc4oc3=O)oc2c1,O,348.3813706450229,4.03904689464111
O=c1oc2ccc(Br)cc2cc1-c1cc2cc(Br)ccc2o1,Cc1ccccc1,380.96282988144935,4.485421407003973
O=c1oc2ccc(Br)cc2cc1-c1cc2cc(Br)ccc2o1,CCOC(C)=O,376.39962603892104,4.4578271785800005
O=c1oc2ccc(Br)cc2cc1-c1cc2cc(Br)ccc2o1,CC#N,374.7021097643187,4.507217424466587
O=c1oc2ccc(Br)cc2cc1-c1cc2cc(Br)ccc2o1,CS(C)=O,380.4785735276112,4.47240369776046
O=c1oc2ccc(Br)cc2cc1-c1cc2cc(Br)ccc2o1,O,344.05087706270166,3.9633573653676937
O=C(O)CCCc1cc2ccc3cccc4ccc(c1)c2c34,CO,376.35260200930577,3.3630193542299973
CC1(C)OB(c2cc3ccc4cccc5ccc(c2)c3c45)OC1(C)C,Cc1ccccc1,395.35478012857754,3.703139589606781
COC(=O)c1ccc(-c2cc3ccc4cccc5ccc(c2)c3c45)cc1,Cc1ccccc1,391.5736410887294,3.3946960335371017
C(#Cc1ccc2ccc3cccc4ccc1c2c34)c1ccccc1,Cc1ccccc1,402.8004127678441,4.81602162999859
COc1cc2c(cc1-c1ccc(C)cc1)Cc1c3c(c4c(c1-2)-c1cc(OC)c(-c2ccc(C)cc2)cc1C4)C(=O)N(CCC(C)C)C3=O,C1CCOC1,411.56146022492464,4.517537387375607
COc1ccc(-c2cc3c(cc2OC)-c2c(c4c(c5c2-c2cc(OC)c(-c6ccc(OC)cc6)cc2C5)C(=O)N(CCC(C)C)C4=O)C3)cc1,C1CCOC1,418.9725958812332,4.492252517735733
COc1cc2c(cc1-c1ccc(N(c3ccccc3)c3ccccc3)cc1)Cc1c3c(c4c(c1-2)-c1cc(OC)c(-c2ccc(N(c5ccccc5)c5ccccc5)cc2)cc1C4)C(=O)N(CCC(C)C)C3=O,C1CCOC1,423.4131201988093,4.50932732974012
COc1cc2c(cc1-c1ccc(N(C)C)cc1)Cc1c3c(c4c(c1-2)-c1cc(OC)c(-c2ccc(N(C)C)cc2)cc1C4)C(=O)N(CCC(C)C)C3=O,C1CCOC1,413.792654284384,4.401570393434347
Cc1ccsc1-c1ccc(-c2ccc(-c3sccc3C)s2)s1,CCCCCCCCCCCCCC,381.773076637088,4.422841120854123
Nc1ccc(C#Cc2ccc3ccc4ccc(C#Cc5ccc(N)cc5)c5ccc2c3c45)cc1,CCCCCC,408.56568553630314,4.614490152793382
Nc1ccc(C#Cc2ccc3ccc4ccc(C#Cc5ccc(N)cc5)c5ccc2c3c45)cc1,Cc1ccccc1,415.9798148227498,4.638352132749016
Nc1ccc(C#Cc2ccc3ccc4ccc(C#Cc5ccc(N)cc5)c5ccc2c3c45)cc1,C1COCCO1,409.1324243605691,4.698859929264366
Nc1ccc(C#Cc2ccc3ccc4ccc(C#Cc5ccc(N)cc5)c5ccc2c3c45)cc1,CCOC(C)=O,401.90449324980557,4.70086869553009
Nc1ccc(C#Cc2ccc3ccc4ccc(C#Cc5ccc(N)cc5)c5ccc2c3c45)cc1,ClCCl,407.13435261468305,4.726921676644681
Nc1ccc(C#Cc2ccc3ccc4ccc(C#Cc5ccc(N)cc5)c5ccc2c3c45)cc1,CC(C)=O,405.05826230983695,4.755271523540258
Nc1ccc(C#Cc2ccc3ccc4ccc(C#Cc5ccc(N)cc5)c5ccc2c3c45)cc1,CCCCCCO,413.64238279197497,4.592974069129502
Nc1ccc(C#Cc2ccc3ccc4ccc(C#Cc5ccc(N)cc5)c5ccc2c3c45)cc1,CCO,409.1215455273767,4.59193769304519
Nc1ccc(C#Cc2ccc3ccc4ccc(C#Cc5ccc(N)cc5)c5ccc2c3c45)cc1,CO,401.22716179933076,4.662948013267219
O=[N+]([O-])c1ccc(S(=O)(=O)Nc2ccc(C#Cc3ccc4ccc5ccc(C#Cc6ccc(NS(=O)(=O)c7ccc([N+](=O)[O-])cc7[N+](=O)[O-])cc6)c6ccc3c4c56)cc2)c([N+](=O)[O-])c1,CO,383.536752449905,4.505620538028849
Nc1ccc(C#Cc2ccc3ccc4ccc(C#Cc5ccc(NS(=O)(=O)c6ccc([N+](=O)[O-])cc6[N+](=O)[O-])cc5)c5ccc2c3c45)cc1,CO,394.220553292107,4.554710481089888
c1ccc2c(c1)Nc1ccccc1S2,CC#N,319.0688431412624,3.8445113905442474
c1ccc2c(c1)Nc1ccccc1S2,CO,318.44800358297744,3.612065959030672
CN(C)CCCN1c2ccccc2Sc2ccccc21,CC#N,308.91504906301805,3.7234424940336006
CN(C)CCCN1c2ccccc2Sc2ccccc21,CO,307.5876503598022,3.6209051389547953
CN(C)CCCN1c2ccccc2Sc2ccccc21,O,305.69068152623555,3.6369807008210775
CN(C)CCCN1c2ccccc2Sc2ccc(Cl)cc21,CC#N,312.63426771973764,3.7258877187530017
CN(C)CCCN1c2ccccc2Sc2ccc(Cl)cc21,CO,311.5572226526838,3.5477534274702274
CN(C)CCCN1c2ccccc2Sc2ccc(Cl)cc21,O,309.67441347115744,3.5897200683730794
C[Si](C)(C)C#C[Si](c1c2ccccc2cc2ccccc12)(c1c2ccccc2cc2ccccc12)c1c2ccccc2cc2ccccc12,ClC(Cl)Cl,400.29908026740975,4.4832721940351385
F[Si](c1ccccc1)(c1ccccc1)c1c2ccccc2cc2ccccc12,ClC(Cl)Cl,355.3657438785511,4.149993778971769
F[Si](c1ccccc1)(c1c2ccccc2cc2ccccc12)c1c2ccccc2cc2ccccc12,C1CCOC1,393.26836039502746,4.409077253420348
F[Si](c1ccccc1)(c1ccccc1)c1c2ccccc2cc2ccccc12,C1CCOC1,353.50620322575236,4.128444054728493
F[Si-](F)(c1ccccc1)(c1ccccc1)c1c2ccccc2cc2ccccc12,C1CCOC1,356.2119641417101,4.075013019408284
F[Si](c1ccccc1)(c1ccccc1)c1cccc2ccccc12,C1CCOC1,314.81952407209275,3.9180998863869205
F[Si-](F)(c1ccccc1)(c1ccccc1)c1cc2ccccc2c2ccccc12,C1CCOC1,308.390667451833,3.869300079743825
N#Cc1ccc(C#Cc2ccc(C#Cc3ccc(C#Cc4ccccc4C#N)cc3C#N)cc2C#N)cc1,ClC(Cl)Cl,348.6134565819478,4.781645882633474
N#Cc1ccc(C#Cc2ccc(C#Cc3ccc(C#Cc4ccccc4C#N)cc3C#N)cc2C#N)cc1,c1ccccc1,371.1628148342962,4.813474614462522
N#Cc1ccc(C#Cc2ccc(C#Cc3ccc(C#Cc4ccccc4C#N)cc3C#N)cc2C#N)cc1,C1CCOC1,365.95117010117696,4.843594339677346
N#Cc1ccc(C#Cc2ccc(C#Cc3ccc(C#Cc4ccccc4C#N)cc3C#N)cc2C#N)cc1,CC#N,365.3756938725766,4.839101131525927
N#Cc1ccc(C#Cc2ccc(C#Cc3ccc(C#Cc4ccccc4C#N)cc3C#N)cc2C#N)cc1,CN(C)C=O,373.0569242672304,4.813038735394498
COc1ccc(/C=C/C2=CC(/C=C/c3ccc(OC)cc3)=[O+][B-](F)(F)O2)cc1,ClCCl,503.0392460566042,5.034622713790222
COc1ccc(/C=C/C2=CC(/C=C/c3ccc(OC)c4ccccc34)=[O+][B-](F)(F)O2)c2ccccc12,ClCCl,555.057674632492,4.903110825448597
COc1ccc2cc(/C=C/C3=[O+][B-](F)(F)OC(/C=C/c4ccc5cc(OC)ccc5c4)=C3c3ccccc3)ccc2c1,ClCCl,563.0900306842876,4.8384286820540305
CCCCCCN(CCCCCC)c1ccc(C#Cc2c(F)c(F)c(F)c(F)c2F)cc1,CO,370.40623490799544,4.616848143760613
O=[N+]([O-])c1ccc(C#Cc2ccc([N+](=O)[O-])cc2)cc1,CO,365.3021922925633,4.231030757169593
O=[N+]([O-])c1ccc(C#Cc2ccc([N+](=O)[O-])cc2)cc1,ClCCl,376.3295519937269,4.337236248073227
O=c1c2ccccc2[nH]c2ccccc12,CS(C)=O,392.1150792119842,4.3102866540834235
O=c1c2cc(S(=O)(=O)Cl)ccc2[nH]c2ccc(S(=O)(=O)Cl)cc12,CS(C)=O,402.64055791305327,3.8598787258746463
COc1cc(-c2nc3c4cccnc4c4ncccc4c3[nH]2)c(OC)cc1/C=C/c1nc2ccccc2[nH]1,C1CCOC1,402.3828372621613,4.776698291284783
COc1cc(-c2nc3c4cccnc4c4ncccc4c3[nH]2)c(OC)cc1/C=C/c1nc2ccccc2[nH]1,ClCCl,396.330790958873,4.797849235247539
COc1cc(-c2nc3c4cccnc4c4ncccc4c3[nH]2)c(OC)cc1/C=C/c1nc2ccccc2[nH]1,CC#N,397.79622129655047,4.775050554703215
COc1cc(-c2nc3c4cccnc4c4ncccc4c3[nH]2)c(OC)cc1/C=C/c1nc2ccccc2[nH]1,CO,387.0105433811591,4.753850000844039
CCN(CC)c1ccc2cc(-c3ccc(S(C)(=O)=O)cc3)oc(=O)c2c1,CCO,396.1466686581031,4.6069912005162355
CCN(CC)c1ccc2cc(-c3nc4cc(C(=O)Nc5ccccc5Cl)ccc4o3)c(=O)oc2c1,ClCCl,443.25620461460346,5.366079105825699
COc1ccc(NC(=O)C(C(=O)Nc2ccc(OC)cc2)C(c2cc(F)ccc2O)c2c[nH]c3ccc(OC)cc23)cc1,CS(C)=O,279.9885156717103,4.3775008666748265
N#Cc1ccc(C2=Cc3ccccc3P2(=O)c2ccccc2)cc1,ClCCl,346.23888043749844,4.140284379904734
COc1ccc(C2=Cc3ccccc3P2(=O)c2ccccc2)cc1,ClCCl,348.44148049063307,4.045414161894255
Clc1ccc(/C=C/c2ccncn2)cc1,ClCCl,317.2105948376578,4.0502195864886845
CN(C)c1ccc(/C=C/c2ccncn2)cc1,ClCCl,381.36223445800374,4.310544838287971
Brc1ccc(/C=C/c2cnc3ccccc3n2)cc1,ClCCl,358.95221267577654,4.1170316058559635
CSc1ccc(/C=C/c2cnc3ccccc3n2)cc1,ClCCl,370.3872679666822,4.135810182845008
CN(C)c1ccc(-c2ccc(/C=C/c3ccncn3)cc2)cc1,ClCCl,362.2445253153609,4.448482113505917
CN(C)c1ccc(-c2ccc(/C=C/c3cnc4ccccc4n3)cc2)cc1,ClCCl,399.6938831289603,4.3541195278552545
c1ccc(-p2c3ccccc3c3sc4ccccc4c32)cc1,ClCCl,360.4821793111349,4.0525537502209925
O=P1(c2ccccc2)c2ccccc2-c2sc3ccccc3c21,ClCCl,353.8528087823311,2.7866260846671063
O=P1(c2ccccc2)C2=C(c3ccccc31)S(=O)(=O)c1ccccc12,ClCCl,401.5337295038221,4.210745931385683
CCCCCC(=O)c1cccc2sc3c(c12)P(=O)(c1ccccc1)c1ccccc1-3,ClCCl,373.6675623830842,2.8319727166150206
O=C(c1ccc2c3c(sc2c1)-c1ccccc1P3(=O)c1ccccc1)c1c(F)c(F)c(F)c(F)c1F,ClCCl,386.26113692937076,3.2405635895274196
Cc1ccc2ccc3c(c2n1)N/C(=C\C1=C([O-])/C(=C/C2=[NH+]c4c(ccc5ccc(C)nc45)C2(C)C)C1=O)C3(C)C,C1CCCCC1,607.3736806576072,5.034143634279549
Cc1ccc2ccc3c(c2n1)N/C(=C\C1=C([O-])/C(=C/C2=[NH+]c4c(ccc5ccc(C)nc45)C2(C)C)C1=O)C3(C)C,Cc1ccccc1,603.3091987393657,5.1199809946060535
Cc1ccc2ccc3c(c2n1)N/C(=C\C1=C([O-])/C(=C/C2=[NH+]c4c(ccc5ccc(C)nc45)C2(C)C)C1=O)C3(C)C,ClC(Cl)Cl,612.3806410026574,5.074314614201658
Cc1ccc2ccc3c(c2n1)N/C(=C\C1=C([O-])/C(=C/C2=[NH+]c4c(ccc5ccc(C)nc45)C2(C)C)C1=O)C3(C)C,C1CCOC1,606.6301865473014,5.0154862575265
Cc1ccc2ccc3c(c2n1)N/C(=C\C1=C([O-])/C(=C/C2=[NH+]c4c(ccc5ccc(C)nc45)C2(C)C)C1=O)C3(C)C,C1COCCO1,604.2901105074263,4.9888437877230025
Cc1ccc2ccc3c(c2n1)N/C(=C\C1=C([O-])/C(=C/C2=[NH+]c4c(ccc5ccc(C)nc45)C2(C)C)C1=O)C3(C)C,CN(C)C=O,602.537073163338,5.074813682517311
Cc1ccc2ccc3c(c2n1)N/C(=C\C1=C([O-])/C(=C/C2=[NH+]c4c(ccc5ccc(C)nc45)C2(C)C)C1=O)C3(C)C,CS(C)=O,609.1280041076569,5.091612607369624
Cc1ccc2ccc3c(c2n1)N/C(=C\C1=C([O-])/C(=C/C2=[NH+]c4c(ccc5ccc(C)nc45)C2(C)C)C1=O)C3(C)C,CC#N,602.3362907957827,4.993283185432028
Cc1ccc2ccc3c(c2n1)N/C(=C\C1=C([O-])/C(=C/C2=[NH+]c4c(ccc5ccc(C)nc45)C2(C)C)C1=O)C3(C)C,CO,592.5335162397223,5.0594900908036085
CCN1/C(=C\C2=C([O-])/C(=C/C3=[N+](CC)c4c(ccc5ccc(C)nc45)C3(C)C)C2=O)C(C)(C)c2ccc3ccc(C)nc3c21,C1CCCCC1,619.8632429450794,5.121397302831406
CCN1/C(=C\C2=C([O-])/C(=C/C3=[N+](CC)c4c(ccc5ccc(C)nc45)C3(C)C)C2=O)C(C)(C)c2ccc3ccc(C)nc3c21,Cc1ccccc1,618.5662737586379,5.1289996392357615
CCN1/C(=C\C2=C([O-])/C(=C/C3=[N+](CC)c4c(ccc5ccc(C)nc45)C3(C)C)C2=O)C(C)(C)c2ccc3ccc(C)nc3c21,ClC(Cl)Cl,625.9165066787679,5.121335308566684
CCN1/C(=C\C2=C([O-])/C(=C/C3=[N+](CC)c4c(ccc5ccc(C)nc45)C3(C)C)C2=O)C(C)(C)c2ccc3ccc(C)nc3c21,C1CCOC1,620.459609030702,5.081032880524868
CCN1/C(=C\C2=C([O-])/C(=C/C3=[N+](CC)c4c(ccc5ccc(C)nc45)C3(C)C)C2=O)C(C)(C)c2ccc3ccc(C)nc3c21,C1COCCO1,622.2006843407034,5.06407303130782
CCN1/C(=C\C2=C([O-])/C(=C/C3=[N+](CC)c4c(ccc5ccc(C)nc45)C3(C)C)C2=O)C(C)(C)c2ccc3ccc(C)nc3c21,CN(C)C=O,618.6982557004949,5.15561495033684
CCN1/C(=C\C2=C([O-])/C(=C/C3=[N+](CC)c4c(ccc5ccc(C)nc45)C3(C)C)C2=O)C(C)(C)c2ccc3ccc(C)nc3c21,CS(C)=O,622.8772634816232,5.124742313467753
CCN1/C(=C\C2=C([O-])/C(=C/C3=[N+](CC)c4c(ccc5ccc(C)nc45)C3(C)C)C2=O)C(C)(C)c2ccc3ccc(C)nc3c21,CC#N,615.2482452430597,5.0336930895122185
CCN1/C(=C\C2=C([O-])/C(=C/C3=[N+](CC)c4c(ccc5ccc(C)nc45)C3(C)C)C2=O)C(C)(C)c2ccc3ccc(C)nc3c21,CO,609.5618838158543,5.112457816766349
COc1ccc(-c2ncccn2)cc1,ClCCl,310.1473758168206,4.012370096237755
COc1ccc(/C=C/c2ccncn2)cc1,ClCCl,327.68705167460854,4.099870220961164
CN(C)c1ccc(-c2ccc(/C=C/c3ccncn3)cc2)cc1,ClCCl,362.2445253153609,4.448482113505917
CC(C)(C)C1Nc2ccccc2C(=O)N1c1ccccc1,c1ccccc1,345.9030694304689,3.484959248433025
CC(C)(C)C1Nc2ccccc2C(=O)N1c1ccccc1,ClC(Cl)Cl,343.7253673898284,3.585155016400861
CC(C)(C)C1Nc2ccccc2C(=O)N1c1ccccc1,CO,358.7872414916881,3.5888628673015264
CC(C)(C)C1Nc2ccccc2C(=O)N1c1ccccc1,CC#N,348.5167114461381,3.5261449499007176
CCN(CC)c1ccc2c(c1)oc(=O)c1c(-c3ccccc3C(=O)O)c3ccc(=[N+](CC)CC)cc-3oc12,ClC(Cl)Cl,587.4983989146449,4.956738869996154
CCN(CC)c1ccc2c(c1)oc(=O)c1c(-c3ccccc3C(=O)O)c3ccc(=[N+](CC)CC)cc-3oc12,CCO,596.0537505799392,4.695842633637208
CCN(CC)c1ccc2c(c1)oc(=O)c1c(-c3ccccc3C(=O)O)c3ccc(=[N+](CC)CC)cc-3oc12,O,599.1295166890925,4.669679098497971
Cn1cc(-c2nc3ccccc3nc2/C=C/N2CCCC2)c2ccccc21,CC#N,445.26384118827383,4.209537966619488
COc1ccc(C2=Cc3ccccc3P2(=O)c2ccccc2)cc1,C1CCOC1,346.82223562592014,4.01486666901053
O=P1(c2ccccc2)C(c2ccc(C(F)(F)F)cc2)=Cc2ccccc21,C1CCOC1,340.55161998476666,4.025744236291816
O=P1(c2ccccc2)C(c2cccs2)=Cc2ccccc21,C1CCOC1,334.9763131829989,3.9124475448162555
CC(C)(C)c1ccc(-c2cc3cc4c(cc(-c5ccc(C(C)(C)C)cc5)p4-c4ccccc4)cc3p2-c2ccccc2)cc1,C1CCOC1,386.95268734259764,4.418178037282297
c1csc(-c2ccc(-c3ccc(-c4ccc(-c5cccs5)s4)s3)s2)c1,CC#N,399.7199829637727,4.430201699542444
C(=C/c1ccc(/C=C/c2cccs2)s1)\c1cccs1,CC#N,398.03406661575366,4.516569342586581
COc1cc2c(cc1/C=C/C1=CC(=C(C#N)C#N)CC(C)(C)C1)c1ccccc1n2C,Cc1ccccc1,464.33148350570474,4.840239696754542
COc1cc2c(cc1/C=C/C1=CC(=C(C#N)C#N)CC(C)(C)C1)c1ccccc1n2C,C1CCOC1,464.33667787541265,4.7858522224641415
COc1cc2c(cc1/C=C/C1=CC(=C(C#N)C#N)CC(C)(C)C1)c1ccccc1n2C,CCOC(C)=O,450.8429384127686,4.705836492953382
COc1cc2c(cc1/C=C/C1=CC(=C(C#N)C#N)CC(C)(C)C1)c1ccccc1n2C,ClCCl,463.2086209137785,4.70727778718496
COc1cc2c(cc1/C=C/C1=CC(=C(C#N)C#N)CC(C)(C)C1)c1ccccc1n2C,ClC(Cl)Cl,465.11222162141024,4.700889408567135
COc1cc2c(cc1/C=C/C1=CC(=C(C#N)C#N)CC(C)(C)C1)c1ccccc1n2C,CC#N,457.81889108602815,4.7826315986848735
COc1cc2c(cc1/C=C/C1=CC(=C(C#N)C#N)CC(C)(C)C1)c1ccccc1n2C,CCO,459.75905684749017,4.709360244063249
COc1cc2c(cc1/C=C/C1=CC(=C(C#N)C#N)CC(C)(C)C1)c1ccccc1n2C,CN(C)C=O,466.1656735116298,4.723514164781167
COc1cc2c(cc1/C=C/C1=CC(=C(C#N)C#N)CC(C)(C)C1)c1ccccc1n2C,CS(C)=O,474.1753041959534,4.71976195466655
CCOC(=O)/C(C#N)=C\c1ccc2c(c1)c1ccccc1n2-c1ccc(C)cc1,Cc1ccccc1,393.61981382189254,4.279497761073245
CCOC(=O)/C(C#N)=C\c1ccc2c(c1)c1ccccc1n2-c1ccc(C)cc1,C1CCOC1,392.8911380246896,4.244596501869221
CCOC(=O)/C(C#N)=C\c1ccc2c(c1)c1ccccc1n2-c1ccc(C)cc1,CCOC(C)=O,388.7205461214054,4.285826073694221
CCOC(=O)/C(C#N)=C\c1ccc2c(c1)c1ccccc1n2-c1ccc(C)cc1,ClC(Cl)Cl,398.7459886976787,4.265826332809604
CCOC(=O)/C(C#N)=C\c1ccc2c(c1)c1ccccc1n2-c1ccc(C)cc1,CC#N,389.97171495186467,4.304709365586893
CCOC(=O)/C(C#N)=C\c1ccc2c(c1)c1ccccc1n2-c1ccc(C)cc1,CC(C)=O,390.7492971133787,4.3193944064157686
CCOC(=O)/C(C#N)=C\c1ccc2c(c1)c1ccccc1n2-c1ccc(C)cc1,CO,386.8571159345585,4.294578988526561
CCOC(=O)/C(C#N)=C\c1ccc2c(c1)c1ccccc1n2-c1ccc(C)cc1,CS(C)=O,397.1100806445638,4.228816589637473
CCOC(=O)/C(C#N)=C/c1cc2c3ccccc3n(C)c2cc1OC,Cc1ccccc1,413.91516524205,4.505680993300435
CCOC(=O)/C(C#N)=C/c1cc2c3ccccc3n(C)c2cc1OC,ClCCl,409.2185403924992,4.506856213724413
CCOC(=O)/C(C#N)=C/c1cc2c3ccccc3n(C)c2cc1OC,C1CCOC1,408.5673337497681,4.5335409243630735
CCOC(=O)/C(C#N)=C/c1cc2c3ccccc3n(C)c2cc1OC,ClC(Cl)Cl,420.3887171660825,4.523122701268702
CCOC(=O)/C(C#N)=C/c1cc2c3ccccc3n(C)c2cc1OC,CCOC(C)=O,407.3495974310706,4.618200773881695
CCOC(=O)/C(C#N)=C/c1cc2c3ccccc3n(C)c2cc1OC,CO,400.42863047008257,4.541760252168985
CCOC(=O)/C(C#N)=C/c1cc2c3ccccc3n(C)c2cc1OC,CC#N,401.97039057224174,4.509767662835342
CCOC(=O)/C(C#N)=C/c1cc2c3ccccc3n(C)c2cc1OC,CN(C)C=O,394.52586922841755,4.442395431860364
CCOC(=O)/C(C#N)=C/c1cc2c3ccccc3n(C)c2cc1OC,CS(C)=O,423.7374311709807,4.520683985584981
CN(C)c1ccc2c3c(c(=O)oc2c1)C=c1cc2c(cc1O3)=[N+](CCC(=O)O)CCC2,ClCCl,609.143012839361,4.719446515390853
CN(C)c1ccc2c3c(c(=O)oc2c1)C=c1cc2c(cc1O3)=[N+](CCC(=O)O)CCC2,CC#N,598.9781058066935,4.6735385492755395
CN(C)c1ccc2c3c(c(=O)oc2c1)C=c1cc2c(cc1O3)=[N+](CCC(=O)O)CCC2,CO,594.2882642296038,4.627584196096494
CN(C)c1ccc2c3c(c(=O)oc2c1)C=c1cc2c(cc1O3)=[N+](CCC(=O)O)CCC2,O,593.6975420264522,4.5793159576829465
CCCCn1c2ccccc2c2c1c1c3ccccc3n(CCCC)c1c1c3ccccc3n(CCCC)c21,C1CCOC1,320.60154431259684,4.804829818424514
CCCCCCc1ccc2c(/C=N/c3cc(/N=C/c4c(O)ccc5cc(CCCCCC)ccc45)cc(/N=C/c4c(O)ccc5cc(CCCCCC)ccc45)c3)c(O)ccc2c1,Cc1ccccc1,472.0262492291166,4.0343179851642965
CCCCCCc1ccc2c(/C=N/c3cc(/N=C/c4c(O)ccc5cc(CCCCCC)ccc45)cc(/N=C/c4c(O)ccc5cc(CCCCCC)ccc45)c3)c(O)ccc2c1,ClCCl,462.08710842094996,4.23491622598408
CCCCCCc1ccc2c(/C=N/c3cc(/N=C/c4c(O)ccc5cc(CCCCCC)ccc45)cc(/N=C/c4c(O)ccc5cc(CCCCCC)ccc45)c3)c(O)ccc2c1,C1CCOC1,458.5562153214977,4.222660761935561
CCCCCCc1ccc2c(/C=N/c3cc(/N=C/c4c(O)ccc5cc(CCCCCC)ccc45)cc(/N=C/c4c(O)ccc5cc(CCCCCC)ccc45)c3)c(O)ccc2c1,CC#N,454.7573548652843,4.336785481509827
Cc1nc2cc(/C=C/c3ccc(N(C)C)cc3)ccc2nc1-c1ccccc1,C1COCCO1,394.8543662881961,4.427909269682853
Cc1nc2cc(/C=C/c3ccc(N(C)C)cc3)ccc2nc1-c1ccccc1,ClCCl,400.04579231182134,4.429262040123897
Cc1nc2cc(/C=C/c3ccc(N(C)C)cc3)ccc2nc1-c1ccccc1,CC#N,400.4430991621476,4.493848589412399
CSc1sc(C(C)=O)c2nn[nH]c(=O)c12,CS(C)=O,388.25294671273633,3.92256492191103
CSc1sc(C(C)=O)c2nn[nH]c(=O)c12,CN(C)C=O,388.40639601065175,3.6099449730065514
CSc1sc(C(C)=O)c2nn[nH]c(=O)c12,CC#N,383.3268424759638,3.828147149777052
CSc1sc(C(C)=O)c2nn[nH]c(=O)c12,CO,383.74157418909624,3.7946695225951332
CSc1sc(C(C)=O)c2nn[nH]c(=O)c12,CCO,385.32113082275976,3.819826338953101
CSc1sc(C(C)=O)c2nn[nH]c(=O)c12,C1CCOC1,380.29083327342096,3.810207233518708
CSc1sc(C(=O)c2ccccc2)c2nn[nH]c(=O)c12,CS(C)=O,402.36662670813894,3.9187603498181494
CSc1sc(C(=O)c2ccccc2)c2nn[nH]c(=O)c12,CN(C)C=O,401.90009177066605,3.63666986041899
CSc1sc(C(=O)c2ccccc2)c2nn[nH]c(=O)c12,CC#N,393.4199929121917,3.885900021836415
CSc1sc(C(=O)c2ccccc2)c2nn[nH]c(=O)c12,CO,391.5520051653848,3.839204652514766
CSc1sc(C(=O)c2ccccc2)c2nn[nH]c(=O)c12,CCO,399.25900762512777,3.866441390938796
CSc1sc(C(=O)c2ccccc2)c2nn[nH]c(=O)c12,C1CCOC1,388.2038436865913,3.855003449097596
c1ccc(-c2c3ccccc3cc3ccccc23)cc1,C1CCOC1,356.10852001708247,4.209165548386116
c1cc(-c2c3ccccc3cc3ccccc23)cc(-c2c3ccccc3cc3ccccc23)c1,C1CCOC1,382.6686371692392,4.293402509749369
c1ccc2c(-c3cc(-c4c5ccccc5cc5ccccc45)cc(-c4c5ccccc5cc5ccccc45)c3)c3ccccc3cc2c1,C1CCOC1,416.7561514593158,4.388197556432195
CCCCCCCN1C(=CC2=C([O-])C(=Cc3sc4ccccc4[n+]3CCCCCCC)C2=C(C#N)C#N)Sc2ccccc21,C1COCCO1,682.6441433399591,5.163410584279212
CCCCCCCN1C(=CC2=C([O-])C(=Cc3sc4ccccc4[n+]3CCCCCCC)C2=C(C#N)C#N)Sc2ccccc21,ClC(Cl)Cl,680.6320243202235,5.155345608432049
CCCCCCCN1C(=CC2=C([O-])C(=Cc3sc4ccccc4[n+]3CCCCCCC)C2=C(C#N)C#N)Sc2ccccc21,CCO,661.0466783095147,5.012479463264278
CCCCCCCN1C(=CC2=C([O-])C(=Cc3sc4ccccc4[n+]3CCCCCCC)C2=C(C#N)C#N)Sc2ccccc21,CN(C)C=O,670.3375077741714,5.153437112095656
Cc1cc(-c2ccc(N(c3ccccc3)c3ccccc3)cc2)c2nsnc2c1-c1ccc(N(c2ccccc2)c2ccccc2)cc1,ClCCl,417.86225409273146,3.9850019821172227
Cc1cc(-c2ccc(C(C)(C)C)cc2)c2nsnc2c1-c1ccc(N(c2ccccc2)c2ccccc2)cc1,ClCCl,414.033346517754,3.8650629962620195
c1cc2ccc1CCCc1ccc(c3nsnc13)CCC2,C1CCCCC1,399.70497111045216,2.929030242200927
c1cc2ccc1CCCc1ccc(c3nsnc13)CCC2,ClC(Cl)Cl,400.38706926918655,2.953477709463311
c1cc2ccc1CCCc1ccc(c3nsnc13)CCC2,CC#N,399.5502232201098,2.989047498233183
CN(C)c1cc(-c2ccccc2)cc2ccccc12,ClCCl,277.1267426107637,4.84105778929461
CN(C)c1ccc(C#Cc2ccc(-c3cc(N(C)C)c4ccccc4c3)cc2)cc1,ClCCl,322.46974432931967,4.821854739892557
CN(C)c1ccc(C#Cc2ccc3c(N(C)C)cc(-c4ccccc4)cc3c2)cc1,ClCCl,326.63642796885733,4.764668832904895
Cc1cccc2cc(C)c3c4ccccc4[nH]c3c12,ClCCl,312.2028603317377,4.132360086136101
Cc1cc2ccccc2c2c1c1ccccc1n2C,ClCCl,324.69493239880427,4.300331120222814
Cc1cc2ccccc2c2c1c1ccccc1n2-c1ccccc1,ClCCl,309.81888187865843,4.2695098223542
Cc1cc2ccccc2c2c1c1ccccc1n2-c1ccc(N(c2ccccc2)c2ccccc2)cc1,ClCCl,350.8063296783457,4.455079451180155
Cc1c(C)c2c3ccccc3[nH]c2c2ccccc12,ClCCl,314.71030495710477,4.396760487654019
CCCCCc1c(C)c2c3ccccc3[nH]c2c2ccccc12,ClCCl,318.260481841936,4.251304637996428
Cc1cc2cc(C)c3c4ccccc4[nH]c3c2s1,ClCCl,331.2136790852352,4.249745248673831
Cc1cc2cc(C)c3c4ccccc4[nH]c3c2o1,ClCCl,314.8591061681842,4.349569517277726
Cc1cc2c3ccccc3[nH]c2c2[nH]c3ccccc3c12,ClCCl,345.4488617562031,4.438213304012904
Cc1cc2sccc2c2[nH]c3ccccc3c12,ClCCl,306.1628322516318,4.310241054622062
C(S/C=C/c1ccc(/C=C/SC=C2CCCCC2)cc1)=C1CCCCC1,ClCCl,354.0118738681699,4.728794939091136
C(S/C=C/c1ccc(/C=C/SC=C2CCCCCCC2)cc1)=C1CCCCCCC1,ClCCl,356.5525512218485,4.3788388848482
CC1CCC(=CS/C=C/c2ccc(/C=C/SC=C3CCC(C)CC3)cc2)CC1,ClCCl,369.8400049072045,4.5973324433763105
CC1CCC(=CS/C=C/c2ccc(-c3ccc(/C=C/SC=C4CCC(C)CC4)cc3)cc2)CC1,ClCCl,366.7791726109614,4.7091162140691125
CC(C)(C)C1CCC(=CS/C=C/c2ccc(-c3ccc(/C=C/SC=C4CCC(C(C)(C)C)CC4)cc3)cc2)CC1,ClCCl,363.3847706282718,4.7527616611090995
O=P12n3c4c5ccccc5c3/N=C3\N=C(/N=c5/c6ccccc6c(n51)=c1c5ccccc5c(n12)=N4)c1ccccc13,CN(C)C=O,691.5533114957416,5.107913984793621
CCN(CC)c1ccc2cc(/C=C(\C#N)c3nc4ccccc4o3)c(=O)oc2c1,CC#N,508.27357869779865,4.465446552543673
CCN(CC)c1ccc2cc(/C=C(\C#N)c3nc4ccccc4o3)c(=O)oc2c1,ClCCl,511.48630260536817,4.640400641249281
CCN(CC)c1ccc2cc(/C=C(\C#N)c3nc4ccccc4o3)c(=O)oc2c1,C1COCCO1,496.02992486471936,4.581512951862237
CCN(CC)c1ccc2cc(/C=C(\C#N)c3nc4ccccc4o3)c(=O)oc2c1,CN(C)C=O,524.0925571575162,4.619113831351222
CCN(CC)c1ccc2cc(/C=C(\C#N)c3nc4ccccc4o3)c(=O)oc2c1,CS(C)=O,527.2606544368741,4.5552860826289585
CCN(CC)c1ccc2cc(/C=C(\C#N)c3nc4ccccc4o3)c(=O)oc2c1,CCOC(C)=O,501.7825519650974,4.533496221138892
CCN(CC)c1ccc2cc(/C=C(\C#N)c3nc4ccccc4o3)c(=O)oc2c1,CCO,512.9750014717731,4.51300603935309
CCN(CC)c1ccc2cc(/C=C(\C#N)c3nc4ccccc4o3)c(=O)oc2c1,CO,512.80858185767,4.645739064431584
CCN(CC)c1ccc2cc(/C=C(\C#N)c3nc4ccccc4o3)c(=O)oc2c1,Cc1ccccc1,501.3799820695023,4.532853048748203
CCN(CC)c1ccc2c(C#N)c(/C=C(\C#N)c3nc4ccccc4o3)c(=O)oc2c1,CC#N,600.6607569439466,4.4605312257334555
CCN(CC)c1ccc2c(C#N)c(/C=C(\C#N)c3nc4ccccc4o3)c(=O)oc2c1,ClCCl,612.9742475793728,4.472312616525447
CCN(CC)c1ccc2c(C#N)c(/C=C(\C#N)c3nc4ccccc4o3)c(=O)oc2c1,C1COCCO1,561.293090926995,4.332226413505041
CCN(CC)c1ccc2c(C#N)c(/C=C(\C#N)c3nc4ccccc4o3)c(=O)oc2c1,CN(C)C=O,578.6030407898647,4.520378024696428
CCN(CC)c1ccc2c(C#N)c(/C=C(\C#N)c3nc4ccccc4o3)c(=O)oc2c1,CS(C)=O,533.6752390269028,4.352796201974083
CCN(CC)c1ccc2c(C#N)c(/C=C(\C#N)c3nc4ccccc4o3)c(=O)oc2c1,CCOC(C)=O,571.5986330222107,4.345810096527617
CCN(CC)c1ccc2c(C#N)c(/C=C(\C#N)c3nc4ccccc4o3)c(=O)oc2c1,CCO,594.7601277662902,4.347146795806505
CCN(CC)c1ccc2c(C#N)c(/C=C(\C#N)c3nc4ccccc4o3)c(=O)oc2c1,CO,594.9340517462455,4.443002333803972
CCN(CC)c1ccc2c(C#N)c(/C=C(\C#N)c3nc4ccccc4o3)c(=O)oc2c1,Cc1ccccc1,561.7075791540474,4.458747568899181
Cc1ccc(C2=C3C=C(I)C=[N+]3[B-](F)(F)n3cccc32)cc1,C1CCCCC1,529.0220577129438,4.710184564999073
Cc1ccc(C2=C3C=C(I)C=[N+]3[B-](F)(F)n3cccc32)cc1,CCOC(C)=O,511.68106025325034,4.608090838271382
Cc1ccc(C2=C3C=C(I)C=[N+]3[B-](F)(F)n3cccc32)cc1,CC#N,511.5346876597386,4.644539392122527
Cc1ccc(C2=C3C=C(I)C=[N+]3[B-](F)(F)n3cccc32)cc1,CCO,526.0627466256192,4.6078806661262615
Cc1ccc(C2=C3C=C(I)C=[N+]3[B-](F)(F)n3cccc32)cc1,CO,509.5999410243661,4.69411012569249
Cc1ccc(C2=C3C=C(I)C=[N+]3[B-](F)(F)n3cccc32)cc1,OCC(F)(F)F,503.12620804658184,4.570758485926116
Cc1ccc(C2=C3C=C(I)C=[N+]3[B-](F)(F)n3cc(I)cc32)cc1,C1CCCCC1,549.9873704472298,4.664163763528109
Cc1ccc(C2=C3C=C(I)C=[N+]3[B-](F)(F)n3cc(I)cc32)cc1,CCOC(C)=O,539.8027098259136,4.520751809917822
Cc1ccc(C2=C3C=C(I)C=[N+]3[B-](F)(F)n3cc(I)cc32)cc1,CC#N,545.3853336965486,4.545552095883332
Cc1ccc(C2=C3C=C(I)C=[N+]3[B-](F)(F)n3cc(I)cc32)cc1,CCO,545.6850962772639,4.577412259383981
Cc1ccc(C2=C3C=C(I)C=[N+]3[B-](F)(F)n3cc(I)cc32)cc1,CO,544.2903892809942,4.573086493685876
Cc1ccc(C2=C3C=C(I)C=[N+]3[B-](F)(F)n3cc(I)cc32)cc1,OCC(F)(F)F,533.8381249712287,4.568641410755143
CCC1=C(C)C2=C(C)c3cc(I)c(I)n3[B-](F)(F)[N+]2=C1C,C1CCCCC1,532.7962043320314,4.519600235670749
CCC1=C(C)C2=C(C)c3cc(I)c(I)n3[B-](F)(F)[N+]2=C1C,CCOC(C)=O,512.1449574248559,4.338350795956002
CCC1=C(C)C2=C(C)c3cc(I)c(I)n3[B-](F)(F)[N+]2=C1C,CC(C)=O,507.2866734262288,4.231992564509963
CCC1=C(C)C2=C(C)c3cc(I)c(I)n3[B-](F)(F)[N+]2=C1C,CCO,512.8358273257052,4.27001357101957
CCC1=C(C)C2=C(C)c3cc(I)c(I)n3[B-](F)(F)[N+]2=C1C,CO,513.0339063734486,4.299093371412965
CCC1=C(C)C2=C(C)c3cc(I)c(I)n3[B-](F)(F)[N+]2=C1C,OCC(F)(F)F,504.26631600837067,4.185403602984392
CCOC(=O)C1=C(N)n2c(=O)c3ccccc3c(=O)n2C1c1ccc([N+](=O)[O-])cc1,CS(C)=O,365.120589136237,4.172415514832318
CCC1(CC)c2cc(B(c3c(C)cc(C)cc3C)c3c(C)cc(C)cc3C)ccc2-c2ccc(N(c3ccccc3)c3ccc4c(c3)C(CC)(CC)c3cc(B(c5c(C)cc(C)cc5C)c5c(C)cc(C)cc5C)ccc3-4)cc21,CCCCCC,377.8256740639573,4.7165277515360735
CCC1(CC)c2cc(B(c3c(C)cc(C)cc3C)c3c(C)cc(C)cc3C)ccc2-c2ccc(N(c3ccccc3)c3ccc4c(c3)C(CC)(CC)c3cc(B(c5c(C)cc(C)cc5C)c5c(C)cc(C)cc5C)ccc3-4)cc21,Cc1ccccc1,372.379595938372,4.792126498320203
CCC1(CC)c2cc(B(c3c(C)cc(C)cc3C)c3c(C)cc(C)cc3C)ccc2-c2ccc(N(c3ccccc3)c3ccc4c(c3)C(CC)(CC)c3cc(B(c5c(C)cc(C)cc5C)c5c(C)cc(C)cc5C)ccc3-4)cc21,ClC(Cl)Cl,389.86650399234844,4.814919167738392
CCC1(CC)c2cc(B(c3c(C)cc(C)cc3C)c3c(C)cc(C)cc3C)ccc2-c2ccc(N(c3ccccc3)c3ccc4c(c3)C(CC)(CC)c3cc(B(c5c(C)cc(C)cc5C)c5c(C)cc(C)cc5C)ccc3-4)cc21,C1CCOC1,382.5887799782131,4.783502415319239
CCC1(CC)c2cc(B(c3c(C)cc(C)cc3C)c3c(C)cc(C)cc3C)ccc2-c2ccc(N(c3ccccc3)c3ccc4c(c3)C(CC)(CC)c3cc(B(c5c(C)cc(C)cc5C)c5c(C)cc(C)cc5C)ccc3-4)cc21,CC(C)=O,384.43274376512096,4.721241669409151
CCC1(CC)c2cc(B(c3c(C)cc(C)cc3C)c3c(C)cc(C)cc3C)ccc2-c2ccc(N(c3ccccc3)c3ccc4c(c3)C(CC)(CC)c3cc(B(c5c(C)cc(C)cc5C)c5c(C)cc(C)cc5C)ccc3-4)cc21,CN(C)C=O,383.1405069491585,4.762064096073286
CCC1(CC)c2cc(B(c3c(C)cc(C)cc3C)c3c(C)cc(C)cc3C)ccc2-c2ccc(N(c3ccccc3)c3ccc4c(c3)C(CC)(CC)c3cc(B(c5c(C)cc(C)cc5C)c5c(C)cc(C)cc5C)ccc3-4)cc21,CC#N,368.49513139531985,4.745057606311284
COc1c(C)c2c(c(C)c1Cl)Oc1c(C=O)c(O)c(Cl)c(C)c1C(=O)O2,ClC(Cl)Cl,361.360945546995,3.2655433673572176
N#C/C(=C\c1cn(-c2ccccc2)nc1-c1ccc([N+](=O)[O-])cc1)c1nc2ccccc2s1,Cc1ccccc1,372.3290819416093,4.486952596540559
N#C/C(=C\c1cn(-c2ccccc2)nc1-c1ccc([N+](=O)[O-])cc1)c1nc2ccccc2s1,C1COCCO1,369.76012274324705,4.4136128585694685
N#C/C(=C\c1cn(-c2ccccc2)nc1-c1ccc([N+](=O)[O-])cc1)c1nc2ccccc2s1,C1CCOC1,370.20985401957955,4.401180604947553
N#C/C(=C\c1cn(-c2ccccc2)nc1-c1ccc([N+](=O)[O-])cc1)c1nc2ccccc2s1,ClC(Cl)Cl,372.73027832598353,4.479948991836834
N#C/C(=C\c1cn(-c2ccccc2)nc1-c1ccc([N+](=O)[O-])cc1)c1nc2ccccc2s1,CCOC(C)=O,367.9041781925538,4.377055157005236
N#C/C(=C\c1cn(-c2ccccc2)nc1-c1ccc([N+](=O)[O-])cc1)c1nc2ccccc2s1,CN(C)C=O,369.81492584095855,4.395243961553514
N#C/C(=C\c1cn(-c2ccccc2)nc1-c1ccc([N+](=O)[O-])cc1)c1nc2ccccc2s1,CS(C)=O,375.21929917129285,4.425204901151419
CC1=NN(c2ccccc2)C(=O)/C1=C\c1cn(-c2ccccc2)nc1-c1ccc([N+](=O)[O-])cc1,Cc1ccccc1,364.26160146195707,4.492353339892014
CC1=NN(c2ccccc2)C(=O)/C1=C\c1cn(-c2ccccc2)nc1-c1ccc([N+](=O)[O-])cc1,C1COCCO1,363.6447763023766,4.494950291228929
CC1=NN(c2ccccc2)C(=O)/C1=C\c1cn(-c2ccccc2)nc1-c1ccc([N+](=O)[O-])cc1,C1CCOC1,362.90316764838303,4.460040295975627
CC1=NN(c2ccccc2)C(=O)/C1=C\c1cn(-c2ccccc2)nc1-c1ccc([N+](=O)[O-])cc1,ClC(Cl)Cl,360.43433741802,4.5763008166461825
CC1=NN(c2ccccc2)C(=O)/C1=C\c1cn(-c2ccccc2)nc1-c1ccc([N+](=O)[O-])cc1,CCOC(C)=O,361.16552611643374,4.530209493077937
CC1=NN(c2ccccc2)C(=O)/C1=C\c1cn(-c2ccccc2)nc1-c1ccc([N+](=O)[O-])cc1,CO,359.68485604743785,4.554422236728214
CC1=NN(c2ccccc2)C(=O)/C1=C\c1cn(-c2ccccc2)nc1-c1ccc([N+](=O)[O-])cc1,CCO,361.854185912864,4.561903753118407
CC1=NN(c2ccccc2)C(=O)/C1=C\c1cn(-c2ccccc2)nc1-c1ccc([N+](=O)[O-])cc1,CN(C)C=O,362.06942136440233,4.515306010279054
CC1=NN(c2ccccc2)C(=O)/C1=C\c1cn(-c2ccccc2)nc1-c1ccc([N+](=O)[O-])cc1,CS(C)=O,364.8675259370302,4.510265391321676
N#CC(C#N)=C(/C=C/c1cn(-c2ccccc2)nc1-c1ccc([N+](=O)[O-])cc1)c1ccccc1,Cc1ccccc1,401.81897344660985,4.448733806780585
N#CC(C#N)=C(/C=C/c1cn(-c2ccccc2)nc1-c1ccc([N+](=O)[O-])cc1)c1ccccc1,C1COCCO1,399.04494902297637,4.438274863738387
N#CC(C#N)=C(/C=C/c1cn(-c2ccccc2)nc1-c1ccc([N+](=O)[O-])cc1)c1ccccc1,C1CCOC1,397.5011099242875,4.406430610710906
N#CC(C#N)=C(/C=C/c1cn(-c2ccccc2)nc1-c1ccc([N+](=O)[O-])cc1)c1ccccc1,ClC(Cl)Cl,402.79467211526423,4.559327768299759
N#CC(C#N)=C(/C=C/c1cn(-c2ccccc2)nc1-c1ccc([N+](=O)[O-])cc1)c1ccccc1,CCOC(C)=O,395.0065950340948,4.513844944512114
N#CC(C#N)=C(/C=C/c1cn(-c2ccccc2)nc1-c1ccc([N+](=O)[O-])cc1)c1ccccc1,CO,393.22140504097325,4.505168753014108
N#CC(C#N)=C(/C=C/c1cn(-c2ccccc2)nc1-c1ccc([N+](=O)[O-])cc1)c1ccccc1,CCO,396.31033188491534,4.563423173883945
N#CC(C#N)=C(/C=C/c1cn(-c2ccccc2)nc1-c1ccc([N+](=O)[O-])cc1)c1ccccc1,CN(C)C=O,400.6576946823216,4.566090574894935
N#CC(C#N)=C(/C=C/c1cn(-c2ccccc2)nc1-c1ccc([N+](=O)[O-])cc1)c1ccccc1,CS(C)=O,402.1150774928915,4.575635102532486
COc1cc(/C=C/C2=[O+][B-](F)(F)OC(/C=C/c3ccc(OS(=O)(=O)c4ccc(C)cc4)c(OC)c3)=C2)ccc1O,ClCCl,481.1882277331766,5.142593619933004
COc1cc(/C=C/C2=CC(/C=C/c3ccc(OS(=O)(=O)c4ccc(C)cc4)c(OC)c3)=[O+][B-](F)(F)O2)ccc1OS(=O)(=O)c1ccc(C)cc1,ClCCl,491.40343024945804,5.133676005676295
C#Cc1ccc2c(C)cc(=O)oc2c1,CCO,329.24840928459594,4.286062698415497
CCCCCCN1C(=O)c2cccc3c(-c4ccc(-c5cc(-c6ccc(Cl)cc6)nn5-c5ccccc5)s4)ccc(c23)C1=O,ClCCl,379.57001458472456,4.354221925216275
CCCCCCN1C(=O)c2cccc3c(-c4ccc(-c5cc(-c6ccc(Cl)cc6)n(-c6ccccc6)n5)s4)ccc(c23)C1=O,ClCCl,392.45976809608663,4.581645993292487
CCn1c2ccccc2c2cc(/C=C3\C(=O)c4ccccc4S3(=O)=O)ccc21,Cc1ccccc1,379.0824493174907,4.429548763598236
CCn1c2ccccc2c2cc(/C=C3\C(=O)c4ccccc4S3(=O)=O)ccc21,ClC(Cl)Cl,378.8863244016206,4.535364757971126
CCn1c2ccccc2c2cc(/C=C3\C(=O)c4ccccc4S3(=O)=O)ccc21,ClCCl,375.5288511410731,4.5962674420196485
CCn1c2ccccc2c2cc(/C=C3\C(=O)c4ccccc4S3(=O)=O)ccc21,C1CCOC1,373.2814995950704,4.5024459391972815
CCn1c2ccccc2c2cc(/C=C3\C(=O)c4ccccc4S3(=O)=O)ccc21,CC(C)=O,372.6937491707421,4.569152356476654
CCn1c2ccccc2c2cc(/C=C3\C(=O)c4ccccc4S3(=O)=O)ccc21,C1COCCO1,373.4113026486725,4.500801144808476
CCn1c2ccccc2c2cc(/C=C3\C(=O)c4ccccc4S3(=O)=O)ccc21,CCOC(C)=O,371.3543010281797,4.55051333900644
CCn1c2ccccc2c2cc(/C=C3\C(=O)c4ccccc4S3(=O)=O)ccc21,CN(C)C=O,373.1798410350299,4.359042945695568
CCn1c2ccccc2c2cc(/C=C3\C(=O)c4ccccc4S3(=O)=O)ccc21,CS(C)=O,380.40133225113743,4.461325943683642
CCn1c2ccccc2c2cc(/C=C3\C(=O)c4ccccc4S3(=O)=O)ccc21,CC#N,370.86719776017475,4.551464400553553
CCn1c2ccccc2c2cc(/C=C3\C(=O)c4ccccc4S3(=O)=O)ccc21,CO,367.747672832172,4.537173762927658
CN(c1ccccc1)c1ccc(/C=C2\C(=O)c3ccccc3S2(=O)=O)cc1,Cc1ccccc1,398.09911485852604,4.4937097179140295
CN(c1ccccc1)c1ccc(/C=C2\C(=O)c3ccccc3S2(=O)=O)cc1,ClC(Cl)Cl,399.1897701731318,4.482006317862484
CN(c1ccccc1)c1ccc(/C=C2\C(=O)c3ccccc3S2(=O)=O)cc1,ClCCl,399.47513898057605,4.52844501028757
CN(c1ccccc1)c1ccc(/C=C2\C(=O)c3ccccc3S2(=O)=O)cc1,C1CCOC1,402.38147623740605,4.477467962894744
CN(c1ccccc1)c1ccc(/C=C2\C(=O)c3ccccc3S2(=O)=O)cc1,CC(C)=O,388.65779538831146,4.571387264204522
CN(c1ccccc1)c1ccc(/C=C2\C(=O)c3ccccc3S2(=O)=O)cc1,C1COCCO1,395.857912896853,4.493888603233962
CN(c1ccccc1)c1ccc(/C=C2\C(=O)c3ccccc3S2(=O)=O)cc1,CCOC(C)=O,389.7158079601075,4.501673853499111
CN(c1ccccc1)c1ccc(/C=C2\C(=O)c3ccccc3S2(=O)=O)cc1,CN(C)C=O,393.7661864154042,4.407479468482205
CN(c1ccccc1)c1ccc(/C=C2\C(=O)c3ccccc3S2(=O)=O)cc1,CS(C)=O,398.4764121476577,4.472174188619217
CN(c1ccccc1)c1ccc(/C=C2\C(=O)c3ccccc3S2(=O)=O)cc1,CC#N,397.35415358850696,4.548600153267429
CN(c1ccccc1)c1ccc(/C=C2\C(=O)c3ccccc3S2(=O)=O)cc1,CO,391.2739940078213,4.550084394460433
O=C1/C(=C\c2ccc(N(c3ccccc3)c3ccccc3)cc2)S(=O)(=O)c2ccccc21,Cc1ccccc1,429.0064582373711,4.509710077333313
O=C1/C(=C\c2ccc(N(c3ccccc3)c3ccccc3)cc2)S(=O)(=O)c2ccccc21,ClC(Cl)Cl,438.17896478297916,4.548127121094495
O=C1/C(=C\c2ccc(N(c3ccccc3)c3ccccc3)cc2)S(=O)(=O)c2ccccc21,ClCCl,425.26201301803013,4.5504010649306394
O=C1/C(=C\c2ccc(N(c3ccccc3)c3ccccc3)cc2)S(=O)(=O)c2ccccc21,C1CCOC1,431.9977768185659,4.566786507591524
O=C1/C(=C\c2ccc(N(c3ccccc3)c3ccccc3)cc2)S(=O)(=O)c2ccccc21,CC(C)=O,427.1073300256522,4.605241745541208
O=C1/C(=C\c2ccc(N(c3ccccc3)c3ccccc3)cc2)S(=O)(=O)c2ccccc21,C1COCCO1,428.52019312337245,4.522911080659452
O=C1/C(=C\c2ccc(N(c3ccccc3)c3ccccc3)cc2)S(=O)(=O)c2ccccc21,CCOC(C)=O,425.2283370201883,4.504583609717589
O=C1/C(=C\c2ccc(N(c3ccccc3)c3ccccc3)cc2)S(=O)(=O)c2ccccc21,CN(C)C=O,433.0289645601381,4.537526319096661
O=C1/C(=C\c2ccc(N(c3ccccc3)c3ccccc3)cc2)S(=O)(=O)c2ccccc21,CS(C)=O,427.0435991050052,4.525809212953295
O=C1/C(=C\c2ccc(N(c3ccccc3)c3ccccc3)cc2)S(=O)(=O)c2ccccc21,CC#N,424.2031420017211,4.5284425478985515
O=C1/C(=C\c2ccc(N(c3ccccc3)c3ccccc3)cc2)S(=O)(=O)c2ccccc21,CO,433.46610635748505,4.598864302827557
Cc1cc(-c2ccc(C(C)(C)C)cc2)cc(C)[o+]1,ClCCl,357.2962451156046,4.444406732938314
Cc1cc(-c2ccc(C(C)(C)C)cc2)cc(C)[o+]1,CC#N,338.6335178080976,4.400390454185822
CCOC(=O)c1sc2nc(C)c(C)c(C#N)c2c1N,c1ccccc1,410.4834349703177,3.734682068712332
Cc1cc2nc3cc(C)c(N)cc3[n+](-c3ccccc3)c2cc1N,O,384.3112254814736,4.018595848545495
Cc1cc2nc3cc(C)c(N)cc3[n+](-c3ccccc3)c2cc1N,CCO,403.1421954270678,4.018414754317765
O=C(O)CCCOc1cccc(-c2c3nc(cc4ccc([nH]4)c(-c4cccc(OCCCC(=O)O)c4)c4nc(cc5ccc2[nH]5)C=C4)C=C3)c1,CS(C)=O,621.3587719081916,3.674753024145533
COc1ccc(-c2c3nc(cc4ccc([nH]4)c(-c4ccc(OC)c(OCCCC(=O)O)c4)c4nc(cc5ccc2[nH]5)CC4)C=C3)cc1OCCCC(=O)O,CS(C)=O,680.6856911495614,4.381603851800213
c1ccc(-c2nc(-c3ccc(-c4nc(-c5ccccc5)c(-c5ccccc5)[nH]4)cc3)[nH]c2-c2ccccc2)cc1,CC#N,347.66942983339936,4.5355478619428355
COc1ccc(-c2nc(-c3ccc(-c4nc(-c5ccc(OC)cc5)c(-c5ccc(OC)cc5)[nH]4)cc3)[nH]c2-c2ccc(OC)cc2)cc1,CC#N,330.43118974272306,4.51461069317972
c1ccc(-c2nc(-c3ccccc3)c(-c3ccccc3)[nH]2)cc1,CC#N,339.345040323122,4.496699655674949
Cc1cc(-c2ccc(-c3ccccc3)cc2)cc(C)[o+]1,ClCCl,369.9246444145723,4.547715684858648
Cc1cc(-c2cccc3ccccc23)cc(C)[o+]1,ClCCl,363.1780946489324,4.144780919523649
CC(=O)c1ccc(-c2cc(C)[o+]c(C)c2)cc1,ClCCl,398.68263549261746,4.311413771918968
O=C(/C=C/c1ccc(O)c(O)c1)O[C@H](Cc1ccc(O)c(O)c1)C(=O)O,O,325.74167281374014,3.7445771065633027
O=C(/C=C/c1ccc(O)c(O)c1)O[C@H](Cc1ccc(O)c(O)c1)C(=O)O,CS(C)=O,350.4285391738211,3.9727107138460154
O=C(/C=C/c1ccc(O)c(O)c1)O[C@H](Cc1ccc(O)c(O)c1)C(=O)O,CN(C)C=O,344.9857387454674,4.019350281087094
O=C(/C=C/c1ccc(O)c(O)c1)O[C@H](Cc1ccc(O)c(O)c1)C(=O)O,CO,341.5534403395483,3.8417881693468847
O=C(/C=C/c1ccc(O)c(O)c1)O[C@H](Cc1ccc(O)c(O)c1)C(=O)O,CCO,341.2156689574126,3.81962637848009
O=C(/C=C/c1ccc(O)c(O)c1)O[C@H](Cc1ccc(O)c(O)c1)C(=O)O,CC#N,343.0601009867822,3.942194761268699
O=C(/C=C/c1ccc(O)c(O)c1)O[C@H](Cc1ccc(O)c(O)c1)C(=O)O,CCCC#N,342.21015975686123,3.881907221829968
O=C(/C=C/c1ccc(O)c(O)c1)O[C@H](Cc1ccc(O)c(O)c1)C(=O)O,C1CCOC1,344.88820071908935,3.849661803082605
O=C(/C=C/c1ccc(O)c(O)c1)O[C@H](Cc1ccc(O)c(O)c1)C(=O)O,ClCCl,344.1628869027611,3.8548331821392297
CN(C)c1ccc2cc(C(/C=C/c3cn(C)c4ccccc34)=C(C#N)C#N)c(=O)oc2c1,ClCCl,445.28210342468225,4.711991306730403
CN(C)c1ccc2cc(C(/C=C/c3cn(C)c4ccccc34)=C(C#N)C#N)c(=O)oc2c1,C1COCCO1,441.9122432975644,4.595506201696644
CN(C)c1ccc2cc(C(/C=C/c3cn(C)c4ccccc34)=C(C#N)C#N)c(=O)oc2c1,CN(C)C=O,465.5917627736596,4.58168588037344
CN(C)c1ccc2cc(C(/C=C/c3cn(C)c4ccccc34)=C(C#N)C#N)c(=O)oc2c1,CS(C)=O,471.2913676584887,4.70559879998981
CN(C)c1ccc2cc(C(/C=C/c3cn(C)c4ccccc34)=C(C#N)C#N)c(=O)oc2c1,C1CCOC1,445.9311986841134,4.61875702031884
c1ccc(-c2ccc(-c3ccc(-c4cc(-c5ccc(-c6ccc(-c7ccccc7)cc6)cc5)cc(-c5ccc(-c6ccc(-c7ccccc7)cc6)cc5)c4)cc3)cc2)cc1,C1COCCO1,286.17776950272753,4.8826338880566755
c1ccc(-c2ccc(-c3ccc(-c4ccccc4)cc3)cc2)cc1,C1COCCO1,285.5909056174599,4.630087848237699
CCOC(=O)c1c(-c2c(Cl)c3cc(C)ccc3oc2=O)nn(-c2cccc(C)c2)c1C(=O)OCC,ClCCl,330.5289462822499,4.314453903488409
CCOC(=O)c1c(-c2cc3ccccc3oc2=O)nn(-c2ccc(OC)cc2)c1C(=O)OCC,ClCCl,325.82144884273964,4.285915371507775
COC(=O)c1c(-c2cc3ccccc3oc2=O)nn(-c2cccc(F)c2)c1C(=O)OC,ClCCl,310.6398420218197,4.308373160545784
CCOC(=O)c1c(C(=O)OC)c(-c2cc3cc(OC)ccc3oc2=O)nn1-c1ccccc1,ClCCl,344.90744236264675,4.301736610231704
CCOC(=O)c1c(-c2cc3ccc(OC)cc3oc2=O)nn(-c2ccccc2)c1C(=O)OCC,ClCCl,340.8864632907088,4.5927535223600575
CCOC(=O)c1c(-c2cc3cc4c(cc3oc2=O)OC(C)(C)CC4)nn(-c2cccc(Cl)c2)c1C(=O)OCC,ClCCl,345.45220188576286,4.5115812304538805
Cc1c2ccc3c(C)[n+](C)ccc3c2cc[n+]1C,CC#N,384.82261492515613,3.7816920444428037
Cc1cc2c(ccc3c[n+](C)c(C)cc32)c[n+]1C,CC#N,397.32475108353174,3.8676454267460416
O=P(c1c2ccccc2cc2ccccc12)(c1c2ccccc2cc2ccccc12)c1c2ccccc2cc2ccccc12,C1CCOC1,414.66778539793347,4.3420234853899355
COc1ccc(N(c2ccc(OC)cc2)c2ccc(-c3ccc(C=C(C#N)C#N)cc3)cc2)cc1,ClC(Cl)Cl,484.7907478819874,4.654976372827369
CN(C)c1ccc(/C=C/C=C/C2=NC3C(=O)NC(N)=NC3N2[C@H]2C[C@H](O)[C@@H](CO)O2)cc1,C1COCCO1,407.7672665852457,4.377159120518096
CN(C)c1ccc(/C=C/C=C/C2=NC3C(=O)NC(N)=NC3N2[C@H]2C[C@H](O)[C@@H](CO)O2)cc1,CC#N,404.77109232972356,4.364893975806681
CN(C)c1ccc(/C=C/C=C/C2=NC3C(=O)NC(N)=NC3N2[C@H]2C[C@H](O)[C@@H](CO)O2)cc1,CO,410.1928187256866,4.424202229016809
C[N+](C)=c1ccc2c(-c3c(Cl)c(Cl)c(Cl)c(Cl)c3C(=O)O)c3ccc4cc(O)ccc4c3oc-2c1,O,580.1289118644919,4.505578233823382
COc1ccc(-c2cnc(-c3ccccc3)o2)cc1OC,ClCCl,323.8860216949895,4.249580087551519
COc1ccc(-c2cnc(-c3cccnc3)o2)cc1OC,ClCCl,327.3941566499974,4.393681223789231
N#Cc1ccc(/C=C/c2ncc(-c3ccccc3)o2)cc1,ClCCl,368.64975129938944,4.380011777827963
C(=C/c1cccc2ccccc12)\c1ncc(-c2ccccc2)o1,ClCCl,366.828113313053,4.541758423483023
CN1CCN(c2cccc(/C=C/c3ncc(-c4ccc(OCc5ccccc5)c(OCc5ccccc5)c4)o3)c2)CC1,ClCCl,366.87411969571826,4.161694146301544
C(=C/c1ncc(-c2ccc(OCc3ccccc3)c(OCc3ccccc3)c2)o1)\c1cccc(N2CCN(c3ccccc3)CC2)c1,ClCCl,381.6647503043935,4.463764541679653
C(#Cc1ncc(-c2ccccc2)o1)c1cccnc1,ClCCl,336.1975144959126,4.611329929968295
CN(C)c1ccc(/C=C/c2cnc(-c3ccncc3)o2)cc1,ClCCl,413.90428640885773,4.397836861717319
CCC1(CC)c2ccccc2-c2c1c1c(c3c2C(CC)(CC)c2cc(/C=C/c4cccs4)ccc2-3)C(CC)(CC)c2cc(/C=C/c3cccs3)ccc2-1,C1CCOC1,388.51892716065186,4.839943485840157
CCN(CC)c1ccc(/N=N/c2cc3c(=O)[nH][nH]c(=O)c3cc2[N+](=O)[O-])cc1,CC(=O)O,512.4155765947581,4.514871561569357
CCN(CC)c1ccc(/N=N/c2cc3c(=O)[nH][nH]c(=O)c3cc2[N+](=O)[O-])cc1,CN(C)C=O,508.267429113469,4.424273126809474
CCN(CC)c1ccc(/N=N/c2cc3c(=O)[nH][nH]c(=O)c3cc2[N+](=O)[O-])cc1,CS(C)=O,504.4765069277888,4.368904819376047
c1ccc(-c2nc(-c3ccc(-c4nc(-c5ccccc5)c(-c5ccccc5)o4)cc3)oc2-c2ccccc2)cc1,C1COCCO1,346.2049734400422,4.623420205735799
CC(C)(C)c1cc2c(c(C(C)(C)C)c1)O[B-](F)(F)[n+]1c-2nc(-c2ccccc2)c2cc(Cl)ccc21,Cc1ccccc1,387.5648175910959,3.780837595453096
COc1ccc2c(c1)-c1nc(-c3ccccc3)c3cc(Cl)ccc3[n+]1[B-](F)(F)O2,Cc1ccccc1,389.05239891882576,3.817031165300129
CCn1c2ccccc2c2cc(/C=C/c3cccc(/C=C/c4ccc5c(c4)c4ccccc4n5CC)[n+]3CCCS(=O)(=O)[O-])ccc21,Cc1ccccc1,456.5769700441864,4.543139425395231
CCn1c2ccccc2c2cc(/C=C/c3cccc(/C=C/c4ccc5c(c4)c4ccccc4n5CC)[n+]3CCCS(=O)(=O)[O-])ccc21,C1CCOC1,458.41257570315383,4.591507969949713
CCn1c2ccccc2c2cc(/C=C/c3cccc(/C=C/c4ccc5c(c4)c4ccccc4n5CC)[n+]3CCCS(=O)(=O)[O-])ccc21,CC(C)=O,450.3848646165777,4.689562201808598
CCn1c2ccccc2c2cc(/C=C/c3cccc(/C=C/c4ccc5c(c4)c4ccccc4n5CC)[n+]3CCCS(=O)(=O)[O-])ccc21,CC#N,448.5717564470844,4.580064198040394
Oc1cccc(C2=[N+]3C(=C(c4ccccc4)c4cccn4[B-]3(F)F)C=C2)c1,ClC(Cl)Cl,536.100254249321,4.818151379230691
F[B-]1(F)n2cccc2C(c2ccccc2)=C2C=CC(c3cccc(OC4=[N+]5C(=C(c6ccccc6)c6cc(Br)c(-c7ccc[nH]7)n6[B-]5(F)F)C=C4Br)c3)=[N+]21,ClC(Cl)Cl,555.9504943854344,5.167625832164274
c1ccc2[nH]c(-c3ccc(-c4ccc(-c5ccc(-c6nc7ccccc7[nH]6)cc5)cc4)cc3)nc2c1,CN(C)C=O,345.7002267960823,4.601872672294518
Cc1ccc2[nH]c(-c3ccc(-c4ccc(-c5ccc(-c6nc7cc(C)ccc7[nH]6)cc5)cc4)cc3)nc2c1,CN(C)C=O,346.28145304211165,4.700061828587021
CC(=O)OC[C@H]1O[C@@H]([C@@H]2C=C(F)C(=S)NC2=O)[C@H](OC(C)=O)[C@@H]1OC(C)=O,ClC(Cl)(Cl)Cl,431.0273232458861,1.6598074655999384
c1ccc2c[n+]3ccccc3cc2c1,O,378.1549296765237,4.005072770167367
Clc1ccc2cc3cccc[n+]3cc2c1,O,372.47155875784006,3.871215202803609
COc1c2ccccc2c(-c2ccccc2)c2ccccc12,ClC(Cl)Cl,373.2981003511441,4.135734066055028
COc1c2ccccc2c(-c2ccccc2)c2ccccc12,ClCCl,372.453952841282,4.234363446807943
COc1c2ccccc2c(-c2ccccc2)c2ccccc12,ClC(Cl)(Cl)Cl,379.6797955906665,4.233196401153392
COc1c2ccccc2c(-c2ccccc2)c2ccccc12,C1COCCO1,367.6773115982681,4.177778924020847
COc1c2ccccc2c(-c2ccccc2)c2ccccc12,CN(C)C=O,375.34805960501376,4.249872143184433
COc1c2ccccc2c(-c2ccccc2)c2ccccc12,OCCO,361.52694062126625,4.143738115879765
COc1c2ccccc2c(-c2ccccc2)c2ccccc12,OCC(O)CO,371.16438188573454,4.068044241213961
Nc1ccc2c(c1)-c1ccccc1C2=O,C1CCCCC1,420.03283728714666,3.362042365174975
Nc1ccc2c(c1)-c1ccccc1C2=O,c1ccccc1,428.8267600474597,3.3464013425473977
Nc1ccc2c(c1)-c1ccccc1C2=O,CC#N,435.80564860095376,3.387619779304406
Nc1ccc2c(c1)-c1ccccc1C2=O,CCO,449.3225793323192,3.5278694912927255
Nc1cccc2c1-c1ccccc1C2=O,C1CCCCC1,404.4372292113345,3.25453105670033
Nc1cccc2c1-c1ccccc1C2=O,c1ccccc1,408.47083210003854,3.1758876383170045
Nc1cccc2c1-c1ccccc1C2=O,CC#N,419.14852706054063,3.26195595624888
Nc1cccc2c1-c1ccccc1C2=O,CCO,420.4868108401817,3.338815663480527
CNc1ccc2c(c1)-c1ccccc1C2=O,C1CCCCC1,418.51634666983455,3.55035371027464
CNc1ccc2c(c1)-c1ccccc1C2=O,c1ccccc1,429.4239143412262,3.542654906159292
CNc1ccc2c(c1)-c1ccccc1C2=O,CC#N,435.8191062795036,3.5654855253376603
CNc1ccc2c(c1)-c1ccccc1C2=O,CCO,443.87173996130304,3.5678290678752047
CNc1cccc2c1-c1ccccc1C2=O,C1CCCCC1,413.3858483553191,3.2283119005385377
CNc1cccc2c1-c1ccccc1C2=O,c1ccccc1,423.6271319767145,3.1599171625232825
CNc1cccc2c1-c1ccccc1C2=O,CC#N,439.2418569289781,3.2269448400935703
CNc1cccc2c1-c1ccccc1C2=O,CCO,437.6624656434339,3.2120772248876825
COc1ccc(C#Cc2nc(C#Cc3ccc(OC)cc3)c(C#Cc3ccc(OC)cc3)c(C#Cc3ccc(OC)cc3)c2C#Cc2ccc(OC)cc2)cc1,ClCCl,428.5771056533737,4.625284614445266
Fc1ccc(C#Cc2nc(C#Cc3ccc(F)cc3)c(C#Cc3ccc(F)cc3)c(C#Cc3ccc(F)cc3)c2C#Cc2ccc(F)cc2)cc1,ClCCl,418.2512387137059,4.429614279441371
COc1ccc(C#Cc2cc(C#Cc3ccc(OC)cc3)c(C#Cc3ccc(OC)cc3)c(C#Cc3ccc(OC)cc3)c2C#Cc2ccc(OC)cc2)cc1,ClCCl,377.9127983779882,4.845519855467256
O=C(NCc1cc(=O)oc2cc([O-])c(Br)cc12)c1cccnc1,O,347.78304418429406,3.9675155799776745
Cc1c2ccncc2c(C)c2c1[nH]c1ccccc12,CO,310.9775259986958,4.0800883471873535
Cc1c2ccncc2c(C)c2c1[nH]c1ccccc12,CC#N,313.8952134527962,4.136497334227814
Cc1c2ccncc2c(C)c2c1[nH]c1ccccc12,CCO,322.12260809795106,4.168010844050785
Cc1c2ccncc2c(C)c2c1[nH]c1ccccc12,CC(C)O,319.47808705274423,4.171872847746381
Cc1c2ccncc2c(C)c2c1[nH]c1ccccc12,CN(C)C=O,335.2982392402323,4.2332312005040915
Cc1c2ccncc2c(C)c2c1[nH]c1ccccc12,CCCCO,322.72163380075597,4.149095278566738
Cc1c2ccncc2c(C)c2c1[nH]c1ccccc12,CS(C)=O,335.8540742583746,4.304745848777142
Cc1c2ccncc2c(C)c2c1[nH]c1ccccc12,CC(C)(C)O,321.9963324708933,4.1777544087654634
Cc1c2ccncc2c(C)c2c1[nH]c1ccccc12,C1CCOC1,318.4584422682558,4.28708055226476
Cc1c2ccncc2c(C)c2c1[nH]c1ccccc12,CCOC(C)=O,325.3237258357044,4.3174685239833765
Cc1c2ccncc2c(C)c2c1[nH]c1ccccc12,CCC(C)(C)O,320.8346041938419,4.1407523786648195
Cc1c2ccncc2c(C)c2c1[nH]c1ccccc12,CCOCC,325.79010781397324,4.237586777404551
Cc1c2ccncc2c(C)c2c1[nH]c1ccccc12,C1COCCO1,311.7419099660241,4.283802225295752
Cc1c2ccncc2c(C)c2c1[nH]c1ccccc12,Cc1ccccc1,329.527381900014,4.059490444934858
Cc1c2ccncc2c(C)c2c1[nH]c1ccccc12,C1CCCCC1,319.3553450954638,4.210391075779876
Cc1c2ccncc2c(C)c2c1[nH]c1ccccc12,CCCCCC,320.8290352301647,4.057589625458348
C(#Cc1ccncc1)C(C#Cc1ccncc1)=Cc1ccc(C=C(C#Cc2ccncc2)C#Cc2ccncc2)s1,ClC(Cl)Cl,471.0033111393146,4.082370456740026
C(#Cc1ccccc1)C(C#Cc1ccccc1)=Cc1ccc2cc(C=C(C#Cc3ccccc3)C#Cc3ccccc3)ccc2c1,ClC(Cl)Cl,390.5344175261112,4.674211451392477
C(#Cc1ccccc1)C(C#Cc1ccccc1)=Cc1c2ccccc2c(C=C(C#Cc2ccccc2)C#Cc2ccccc2)c2ccccc12,ClC(Cl)Cl,438.5883284864908,4.49321068580998
CCCCCCCCCCCCC(CCCCCCCCCC)Cn1c2cc(/C=C/c3nc4ccccc4s3)c3cccc4c5cccc6c(/C=C/c7nc8ccccc8s7)cc1c(c65)c2c34,ClCCl,476.38986940479134,4.559443047938627
CCCCCCCCCCCCC(CCCCCCCCCC)Cn1c2cc(/C=C/c3nc4ccccc4s3)c3cccc4c5cccc6c(/C=C/c7nc8ccccc8s7)cc1c(c65)c2c34,Cc1ccccc1,456.4650803863588,4.514824595119973
CCCCCCCCCCCCC(CCCCCCCCCC)Cn1c2cc(/C=C/c3nc4ccccc4s3)c3cccc4c5cccc6c(/C=C/c7nc8ccccc8s7)cc1c(c65)c2c34,CC#N,448.03549942666774,4.486584324535756
CCCCCCCCCCCCC(CCCCCCCCCC)Cn1c2cc(/C=C/c3nc4ccccc4s3)c3cccc4c5cccc6c(/C=C/c7nc8ccccc8s7)cc1c(c65)c2c34,C1CCCCC1,472.59832289582897,4.4625215421873365
CCCCCCCCCCCCC(CCCCCCCCCC)Cn1c2cc(/C=C/C=C/c3nc4ccccc4s3)c3cccc4c5cccc6c(/C=C/C=C/c7nc8ccccc8s7)cc1c(c65)c2c34,ClCCl,608.1941163692114,4.581551770700895
CCCCCCCCCCCCC(CCCCCCCCCC)Cn1c2cc(/C=C/C=C/c3nc4ccccc4s3)c3cccc4c5cccc6c(/C=C/C=C/c7nc8ccccc8s7)cc1c(c65)c2c34,Cc1ccccc1,580.2161797728777,4.585845633976558
CCCCCCCCCCCCC(CCCCCCCCCC)Cn1c2cc(/C=C/C=C/c3nc4ccccc4s3)c3cccc4c5cccc6c(/C=C/C=C/c7nc8ccccc8s7)cc1c(c65)c2c34,CC#N,566.4414604954634,4.5431742066401295
CCCCCCCCCCCCC(CCCCCCCCCC)Cn1c2cc(/C=C/C=C/c3nc4ccccc4s3)c3cccc4c5cccc6c(/C=C/C=C/c7nc8ccccc8s7)cc1c(c65)c2c34,C1CCCCC1,606.7559752021989,4.523563713331484
CCCCCCCCCCCCC(CCCCCCCCCC)Cn1c2cc(C=C(C#N)C#N)c3cccc4c5cccc6c(C=C(C#N)C#N)cc1c(c65)c2c34,ClCCl,513.2032103611156,4.830277341533175
CCCCCCCCCCCCC(CCCCCCCCCC)Cn1c2cc(C=C(C#N)C#N)c3cccc4c5cccc6c(C=C(C#N)C#N)cc1c(c65)c2c34,Cc1ccccc1,504.16262839766296,4.736960836676489
CCCCCCCCCCCCC(CCCCCCCCCC)Cn1c2cc(C=C(C#N)C#N)c3cccc4c5cccc6c(C=C(C#N)C#N)cc1c(c65)c2c34,CC#N,494.80113178069405,4.718657935307413
CCCCCCCCCCCCC(CCCCCCCCCC)Cn1c2cc(C=C(C#N)C#N)c3cccc4c5cccc6c(C=C(C#N)C#N)cc1c(c65)c2c34,C1CCCCC1,517.8823572803811,4.681704374437686
F[B-]1(F)OC(c2ccccc2)=C(c2ccccc2)c2oc3ccccc3[n+]21,C1CCOC1,347.9532097380904,3.9713846087242963
CN(C)c1ccc(C2=C(c3ccccc3)c3oc4ccccc4[n+]3[B-](F)(F)O2)cc1,C1CCOC1,418.5534798578516,4.4624413334861925
F[B-]1(F)OC(c2ccccc2)=C(c2ccccc2)c2sc3ccccc3[n+]21,C1CCOC1,367.99272596366814,3.9454404796890015
COC(=O)C[C@H](NC(=O)[C@H](Cc1c[nH]c2ccccc12)NC(=O)OC(C)(C)C)C(=O)OC,CCOC(C)=O,294.8157690841194,4.272391442156971
COC(=O)C[C@H](NC(=O)[C@H](Cc1c[nH]c2ccccc12)NC(=O)OC(C)(C)C)C(=O)OC,CC#N,288.4971180096335,4.224355030427273
COC(=O)C[C@H](NC(=O)[C@H](Cc1c[nH]c2ccccc12)NC(=O)OC(C)(C)C)C(=O)OC,CO,292.1033341522749,4.200450194039222
Oc1ccccc1-c1nc2c(c3c1-c1ccccc1CC3)-c1ccccc1CC2,ClCCl,317.0894386615141,4.190540725864366
CCCCn1c2ccccc2c2cc(C#Cc3ccc4ccc5cccc6ccc3c4c56)ccc21,ClCCl,396.2579636480045,4.934894944582472
CCCCCCCCN1c2ccccc2Sc2cc(/C=C/c3ccc(N(c4ccc(/C=C/c5ccc6c(c5)Sc5ccccc5N6CCCCCCCC)cc4)c4ccc(/C=C/c5ccc(/C=C/c6ccc(N(c7ccc(/C=C/c8ccc9c(c8)Sc8ccccc8N9CCCCCCCC)cc7)c7ccc(/C=C/c8ccc9c(c8)Sc8ccccc8N9CCCCCCCC)cc7)cc6)c6nsnc56)cc4)cc3)ccc21,Cc1ccccc1,537.4393153114484,4.6318510093045475
CCCCCCCCN1c2ccccc2Sc2cc(/C=C/c3ccc(N(c4ccc(/C=C/c5ccc6c(c5)Sc5ccccc5N6CCCCCCCC)cc4)c4ccc(/C=C/c5ccc(/C=C/c6ccc(N(c7ccc(/C=C/c8ccc9c(c8)Sc8ccccc8N9CCCCCCCC)cc7)c7ccc(/C=C/c8ccc9c(c8)Sc8ccccc8N9CCCCCCCC)cc7)cc6)c6nsnc56)cc4)cc3)ccc21,CCOC(C)=O,522.5162532481529,4.527071811975857
CCCCCCCCN1c2ccccc2Sc2cc(/C=C/c3ccc(N(c4ccc(/C=C/c5ccc6c(c5)Sc5ccccc5N6CCCCCCCC)cc4)c4ccc(/C=C/c5ccc(/C=C/c6ccc(N(c7ccc(/C=C/c8ccc9c(c8)Sc8ccccc8N9CCCCCCCC)cc7)c7ccc(/C=C/c8ccc9c(c8)Sc8ccccc8N9CCCCCCCC)cc7)cc6)c6nsnc56)cc4)cc3)ccc21,C1CCOC1,543.1328439699334,4.576888784447753
CCCCCCCCN1c2ccccc2Sc2cc(/C=C/c3ccc(N(c4ccc(/C=C/c5ccc6c(c5)Sc5ccccc5N6CCCCCCCC)cc4)c4ccc(/C=C/c5ccc(/C=C/c6ccc(N(c7ccc(/C=C/c8ccc9c(c8)Sc8ccccc8N9CCCCCCCC)cc7)c7ccc(/C=C/c8ccc9c(c8)Sc8ccccc8N9CCCCCCCC)cc7)cc6)c6nsnc56)cc4)cc3)ccc21,ClC(Cl)Cl,536.6947785812613,4.608319369699338
CCCCCCCCN1c2ccccc2Sc2cc(/C=C/c3ccc(N(c4ccc(/C=C/c5ccc6c(c5)Sc5ccccc5N6CCCCCCCC)cc4)c4ccc(/C=C/c5ccc(/C=C/c6ccc(N(c7ccc(/C=C/c8ccc9c(c8)Sc8ccccc8N9CCCCCCCC)cc7)c7ccc(/C=C/c8ccc9c(c8)Sc8ccccc8N9CCCCCCCC)cc7)cc6)c6nsnc56)cc4)cc3)ccc21,ClCCl,538.8030496296883,4.599819872719271
CCCCCCCCN1c2ccccc2Sc2cc(/C=C/c3ccc(N(c4ccc(/C=C/c5ccc6c(c5)Sc5ccccc5N6CCCCCCCC)cc4)c4ccc(/C=C/c5ccc(/C=C/c6ccc(N(c7ccc(/C=C/c8ccc9c(c8)Sc8ccccc8N9CCCCCCCC)cc7)c7ccc(/C=C/c8ccc9c(c8)Sc8ccccc8N9CCCCCCCC)cc7)cc6)c6nsnc56)cc4)cc3)ccc21,CN(C)C=O,529.2691398951072,4.6023978853877
Oc1c(-c2nc3c4ccccc4c4ccccc4c3[nH]2)cc2c3c1CCCN3CCC2,CCCCCC,414.03562529773404,4.655133386338956
Oc1c(-c2nc3c4ccccc4c4ccccc4c3[nH]2)cc2c3c1CCCN3CCC2,Cc1ccccc1,419.578350228212,4.7341113094070755
Oc1c(-c2nc3c4ccccc4c4ccccc4c3[nH]2)cc2c3c1CCCN3CCC2,C1CCOC1,412.380712843909,4.694563169060444
Oc1c(-c2nc3c4ccccc4c4ccccc4c3[nH]2)cc2c3c1CCCN3CCC2,ClCCl,417.8910915851362,4.763855013334006
Oc1c(-c2nc3c4ccccc4c4ccccc4c3[nH]2)cc2c3c1CCCN3CCC2,CO,417.7446940186933,4.645712992077262
Oc1c(-c2nc3c4ccccc4c4ccccc4c3[nH]2)cc2c3c1CCCN3CCC2,CC#N,412.1874442070549,4.716288972224405
Oc1c(-c2nc3c4ccccc4c4ccccc4c3[nH]2)cc2c3c1CCCN3CCC2,CS(C)=O,428.4335409538237,4.68292074029583
CCN(CC)c1ccc(-c2nc3c4ccc(-c5ccccc5)cc4c4cc(-c5ccccc5)ccc4c3[nH]2)c(O)c1,CCCCCC,398.92624019409897,4.6830237079896015
CCN(CC)c1ccc(-c2nc3c4ccc(-c5ccccc5)cc4c4cc(-c5ccccc5)ccc4c3[nH]2)c(O)c1,Cc1ccccc1,400.2633346378874,4.7534946201699855
CCN(CC)c1ccc(-c2nc3c4ccc(-c5ccccc5)cc4c4cc(-c5ccccc5)ccc4c3[nH]2)c(O)c1,C1CCOC1,401.2932994862306,4.75896373102833
CCN(CC)c1ccc(-c2nc3c4ccc(-c5ccccc5)cc4c4cc(-c5ccccc5)ccc4c3[nH]2)c(O)c1,ClCCl,405.45744525162615,4.91689846579989
CCN(CC)c1ccc(-c2nc3c4ccc(-c5ccccc5)cc4c4cc(-c5ccccc5)ccc4c3[nH]2)c(O)c1,CO,399.3426045126143,4.701937843115321
CCN(CC)c1ccc(-c2nc3c4ccc(-c5ccccc5)cc4c4cc(-c5ccccc5)ccc4c3[nH]2)c(O)c1,CC#N,395.8415712349414,4.717798923655699
CCN(CC)c1ccc(-c2nc3c4ccc(-c5ccccc5)cc4c4cc(-c5ccccc5)ccc4c3[nH]2)c(O)c1,CS(C)=O,406.0510424634923,4.7580935299912195
Oc1c(-c2nc3c4ccc(-c5ccccc5)cc4c4cc(-c5ccccc5)ccc4c3[nH]2)cc2c3c1CCCN3CCC2,CCCCCC,411.678489624173,4.658833415533325
Oc1c(-c2nc3c4ccc(-c5ccccc5)cc4c4cc(-c5ccccc5)ccc4c3[nH]2)cc2c3c1CCCN3CCC2,Cc1ccccc1,417.8940680463841,4.7261971548873465
Oc1c(-c2nc3c4ccc(-c5ccccc5)cc4c4cc(-c5ccccc5)ccc4c3[nH]2)cc2c3c1CCCN3CCC2,C1CCOC1,415.9467069590948,4.717922079318269
Oc1c(-c2nc3c4ccc(-c5ccccc5)cc4c4cc(-c5ccccc5)ccc4c3[nH]2)cc2c3c1CCCN3CCC2,ClCCl,425.8015688065891,4.812339923875453
Oc1c(-c2nc3c4ccc(-c5ccccc5)cc4c4cc(-c5ccccc5)ccc4c3[nH]2)cc2c3c1CCCN3CCC2,CO,418.30743717395313,4.670058306406948
Oc1c(-c2nc3c4ccc(-c5ccccc5)cc4c4cc(-c5ccccc5)ccc4c3[nH]2)cc2c3c1CCCN3CCC2,CC#N,410.6096762595949,4.701220092927789
Oc1c(-c2nc3c4ccc(-c5ccccc5)cc4c4cc(-c5ccccc5)ccc4c3[nH]2)cc2c3c1CCCN3CCC2,CS(C)=O,426.688741555444,4.691533923604223
NS(=O)(=O)c1ccc(N2N=C(c3ccc(O)cc3)CC2c2ccc(Cl)cc2)cc1,C1COCCO1,360.24203960386967,5.555933572185213
NS(=O)(=O)c1ccc(N2N=C(c3ccc(O)cc3)CC2c2ccc(Cl)cc2)cc1,C1CCOC1,358.5067455274615,5.546806292745829
NS(=O)(=O)c1ccc(N2N=C(c3ccc(O)cc3)CC2c2ccc(Cl)cc2)cc1,CCOC(C)=O,357.2659529499523,5.49660252603408
NS(=O)(=O)c1ccc(N2N=C(c3ccc(O)cc3)CC2c2ccc(Cl)cc2)cc1,CN(C)C=O,361.41160938134556,5.582708359186897
NS(=O)(=O)c1ccc(N2N=C(c3ccc(O)cc3)CC2c2ccc(Cl)cc2)cc1,CS(C)=O,361.34893981027835,5.549584446945284
NS(=O)(=O)c1ccc(N2N=C(c3ccc(O)cc3)CC2c2ccc(Cl)cc2)cc1,CC#N,357.1540117854539,5.5376933531013215
NS(=O)(=O)c1ccc(N2N=C(c3ccc(O)cc3)CC2c2ccc(Cl)cc2)cc1,CC(C)O,357.2455625515557,5.642890015897796
NS(=O)(=O)c1ccc(N2N=C(c3ccc(O)cc3)CC2c2ccc(Cl)cc2)cc1,CCO,357.44957891371286,5.648066681848492
NS(=O)(=O)c1ccc(N2N=C(c3ccc(O)cc3)CC2c2ccc(Cl)cc2)cc1,CO,354.79437569714764,5.592539230076952
NS(=O)(=O)c1ccc(N2N=C(c3ccc(O)cc3)CC2c2ccc(Cl)cc2)cc1,O,358.5031119659591,5.2697765197438375
CCCCN1C(=O)c2cccc3c(N(C)C)ccc(c23)C1=O,Cc1ccccc1,382.06236931636084,4.1656317598246755
CCCCN1C(=S)c2cccc3c(N(C)C)ccc(c23)C1=S,Cc1ccccc1,480.84748457221764,4.261921880062127
CSc1nccc(/C=C/c2ccc(N(c3ccccc3)c3ccc(/C=C/c4ccnc(SC)n4)cc3)cc2)n1,ClCCl,427.07117546437996,4.6052629474348965
CN(C)c1ccc2nc(-c3ccccc3)c(=O)oc2c1,c1ccccc1,410.56601733247066,4.271895877313931
O=c1oc2ccc3ccc(O)cc3c2nc1-c1ccccc1,c1ccccc1,401.33875022117473,4.16930457599922
O=c1oc2cc3ccccc3cc2nc1-c1ccccc1,c1ccccc1,388.7589794626576,4.258097690333199
O=c1oc2c(ccc3ccccc32)nc1-c1ccccc1,c1ccccc1,390.50891079841693,4.261551842741667
CCCCn1c(-c2ccc(-c3ccc(-c4ccc(-c5n(CCCC)c6ccccc6[n+]5CCCC)cc4)cc3)cc2)[n+](CCCC)c2ccccc21,O,321.82195897817496,4.765802111239438
CCCCn1c(-c2ccc(-c3ccc(-c4ccc(-c5n(CCCC)c6cc(C)ccc6[n+]5CCCC)cc4)cc3)cc2)[n+](CCCC)c2ccc(C)cc21,O,325.12978605132196,4.781017140566671
COc1ccc2cc(C3=[N+]4C(=Nc5c(-c6ccccc6)cc(-c6ccc7cc(OC)ccc7c6)n5[B-]4(F)F)C(c4ccccc4)=C3)ccc2c1,ClCCl,715.7133488973711,4.975627204354575
COc1ccc(C2=[N+]3C(=Nc4c(-c5ccc6ccccc6c5)c(Br)c(-c5ccc(OC)cc5)n4[B-]3(F)F)C(c3ccc4ccccc4c3)=C2Br)cc1,ClCCl,694.3603688642362,4.940021892001939
Cc1nc2c(ccc3c2sc(/C=C/c2cc4c5c(c2)CCCN5CCC4)[n+]3C)s1,CO,571.1406294623891,4.688172943650854
Cc1nc2c(ccc3c2sc(/C=C/c2cc4c5c(c2)CCCN5CCC4)[n+]3C)s1,ClC(Cl)Cl,575.2412846716013,4.71619630673175
CCCCCCC1(CCCCCC)c2cc(-c3nc(-c4ccc5c(c4)C(CCCCCC)(CCCCCC)c4cc(-n6c7ccc(C(C)(C)C)cc7c7cc(C(C)(C)C)ccc76)ccc4-5)nc(-c4ccc5c(c4)C(CCCCCC)(CCCCCC)c4cc(-n6c7ccc(C(C)(C)C)cc7c7cc(C(C)(C)C)ccc76)ccc4-5)n3)ccc2-c2ccc(-n3c4ccc(C(C)(C)C)cc4c4cc(C(C)(C)C)ccc43)cc21,C1CCOC1,351.18865276989914,4.689563433003108
CCCCCCC1(CCCCCC)c2cc(-c3nc(-c4ccc5c(c4)C(CCCCCC)(CCCCCC)c4cc(N6c7ccccc7Oc7ccccc76)ccc4-5)nc(-c4ccc5c(c4)C(CCCCCC)(CCCCCC)c4cc(N6c7ccccc7Oc7ccccc76)ccc4-5)n3)ccc2-c2ccc(N3c4ccccc4Oc4ccccc43)cc21,C1CCOC1,368.97002289992497,4.515511275751937
CC[N+]1(CC)CN2C(C)=CC(C)=C(C(=O)O)C2=N1,O,345.59425416216175,3.566515817872631
CC[N+]1(CC)CN2C(=N1)C(C(=O)O)=Cc1ccccc12,O,375.776264214576,3.595385808236938
CC[N+]1(CC)CN2C(=N1)C(C(=O)O)=Cc1cc(F)ccc12,O,382.04284048409363,3.631339946963444
CC[N+]1(CC)CN2C(=N1)C(C(=O)O)=Cc1ccc(Cl)cc12,O,369.8383691802052,3.6217708135415028
CC[N+]1(CC)CN2C(=N1)C(C(=O)O)=Cc1ccc(OC)cc12,O,377.9641926705789,3.666635686320106
CC[N+]1(CC)CN2C(=N1)C(C(=O)[O-])=Cc1ccccc12,O,360.50567883947696,3.6588913280079005
CC[N+]1(CC)CN2C(C)=CC(C)=C(C(=O)O)C2=N1,CN(C)C=O,360.2139325697051,3.5324636573939374
CC[N+]1(CC)CN2C(=N1)C(C(=O)O)=Cc1ccccc12,CN(C)C=O,380.93476654991446,3.6664554249592496
CC[N+]1(CC)CN2C(=N1)C(C(=O)[O-])=Cc1ccccc12,CN(C)C=O,375.50124980876706,3.6687358144607685
CN1/C(=C/C=C(/C=C/c2sc3ccccc3[n+]2C)c2ccccc2)Sc2ccccc21,CS(C)=O,658.8560527769328,5.39941876679933
CN1/C(=C/C=C(/C=C/c2sc3ccccc3[n+]2C)c2ccccc2)Sc2ccccc21,CO,648.2067832554692,5.385281974169738
CN1/C(=C/C=C(/C=C/c2sc3ccccc3[n+]2C)c2ccccc2)Sc2ccccc21,CCO,642.1837492551048,5.202264403345599
CN1/C(=C/C=C(/C=C/c2sc3ccccc3[n+]2C)c2ccccc2)Sc2ccccc21,O,639.0803505974812,4.7154132308120005
CN1/C(=C/C=C(/C=C/c2sc3ccccc3[n+]2C)c2ccc(C(F)(F)F)cc2)Sc2ccccc21,CS(C)=O,659.3946439860207,5.156837309215319
CN1/C(=C/C=C(/C=C/c2sc3ccccc3[n+]2C)c2ccc(C(F)(F)F)cc2)Sc2ccccc21,CO,642.9944205505753,5.221482842679024
CN1/C(=C/C=C(/C=C/c2sc3ccccc3[n+]2C)c2ccc(C(F)(F)F)cc2)Sc2ccccc21,CCO,639.8822439076041,5.121685112653842
CN1/C(=C/C=C(/C=C/c2sc3ccccc3[n+]2C)c2ccc(C(F)(F)F)cc2)Sc2ccccc21,O,635.4346397640078,4.616204446301677
N#C/C(=C\c1ccc(Cl)cc1)c1nc2ccccc2s1,CO,355.392789563136,1.3136772628590352
C(=C/c1nc2ccccc2o1)\c1ccccc1,CO,327.5726881357752,1.6755522706823593
c1cc(N2CCCC2)ccn1,ClC(Cl)Cl,384.78080399494723,4.467301654871111
c1cc(N2CCCC2)ccn1,CCO,380.5313038720258,4.471174087508436
c1cc(N2CCCC2)ccn1,CC#N,387.4707632886325,4.5896779441575095
c1cc(N2CCCC2)ccn1,CN(C)C=O,393.8064583887225,4.522603372561044
c1cc(N2CCCC2)ccn1,O,385.26899982869605,4.464061974735646
O=[N+]([O-])c1ccc(/N=N/c2cc3c4c(c2)CCCN4CCC3)cc1,CCOC(C)=O,490.7109620810063,4.4475429927349674
N#Cc1ccc(/N=N/c2cc3c4c(c2)CCCN4CCC3)cc1,CCOC(C)=O,477.7355233207788,4.405427626251218
FC(F)(F)c1cc(/N=N/c2cc3c4c(c2)CCCN4CCC3)cc(C(F)(F)F)c1,CCOC(C)=O,462.2984839937961,4.377957184929647
COC(=O)c1cc(/N=N/c2cc3c4c(c2)CCCN4CCC3)cc(C(=O)OC)c1,CCOC(C)=O,471.81962319563985,4.4538665616359205
CCOC(=O)c1c2c3c(ccc(C)c3c3cc4c(cc13)[Si](C)(C)O[Si]4(C)C)N(C)C2=O,CC#N,377.6814741154676,3.786828950053158
COC(=O)C(N)Cc1ccc(O[Si]2(Oc3ccc(CC(N)C(=O)OC)cc3)n3c4c5ccccc5c3/N=C3\N=C(/N=c5/c6ccccc6/c(n52)=N/C2=N/C(=N\4)c4ccccc42)c2ccccc23)cc1,CN(C)C=O,675.5233117666405,5.173499643900265
CCN(CC)c1ccc2cc(-c3ccc(-c4ccc(-c5cc6ccccc6oc5=O)cc4)cc3)c(=O)oc2c1,ClCCl,397.32343688302274,5.345921627197433
CC1=CC(c2ccc3cc(N(C)C)ccc3c2)=[O+][B-](F)(F)O1,Cc1ccccc1,493.0938760628894,4.812690234925056
CC1=CC(c2ccc3cc(N(C)C)ccc3c2)=[O+][B-](F)(F)O1,ClCCl,508.90212864861877,4.844129293691795
CC1=CC(c2ccc3cc(N(C)C)ccc3c2)=[O+][B-](F)(F)O1,ClC(Cl)Cl,505.3522951415928,4.8923259598715685
CC1=CC(c2ccc3cc(N(C)C)ccc3c2)=[O+][B-](F)(F)O1,C1CCOC1,493.39091035086153,4.850455026236041
CC1=CC(c2ccc3cc(N(C)C)ccc3c2)=[O+][B-](F)(F)O1,CC(C)=O,501.68475796617366,4.838120086771344
CC1=CC(c2ccc3cc(N(C)C)ccc3c2)=[O+][B-](F)(F)O1,CC#N,505.8264437014921,4.803935355613242
CC1=CC(c2ccc3cc(N(C)C)ccc3c2)=[O+][B-](F)(F)O1,CS(C)=O,531.4289862898768,4.808419474652251
CCN(CC)c1ccc2cc(/C=C/C(=C(C#N)C#N)c3ccc(N(c4ccccc4)c4ccccc4)cc3)c(=O)oc2c1,Cc1ccccc1,507.4754125976706,4.594942893996869
CCN(CC)c1ccc2cc(/C=C/C(=C(C#N)C#N)c3ccc(N(c4ccccc4)c4ccccc4)cc3)c(=O)oc2c1,ClCCl,520.1185896287279,4.679943856817873
CCN(CC)c1ccc2cc(/C=C/C(=C(C#N)C#N)c3ccc(N(c4ccccc4)c4ccccc4)cc3)c(=O)oc2c1,CCOC(C)=O,501.22436949141405,4.668288355664495
CCN(CC)c1ccc2cc(/C=C/C(=C(C#N)C#N)c3ccc(N(c4ccccc4)c4ccccc4)cc3)c(=O)oc2c1,CC(C)=O,508.7000476886364,4.664496819748775
CCN(CC)c1ccc2cc(/C=C/C(=C(C#N)C#N)c3ccc(N(c4ccccc4)c4ccccc4)cc3)c(=O)oc2c1,CN(C)C=O,523.961037214888,4.549697871807605
CCN(CC)c1ccc2cc(/C=C/C(=C(C#N)C#N)c3ccc(N(c4ccccc4)c4ccccc4)cc3)c(=O)oc2c1,CS(C)=O,537.0481455589862,4.577910893160395
CC(=O)c1ccc(/N=N/c2ccc(Nc3ccccc3)cc2)cc1,CS(C)=O,454.9847568167845,2.9599277202298264
CC(=O)c1ccc(/N=N/c2ccc(Nc3ccccc3)cc2)cc1,CC#N,418.7232723784868,3.5877140179775964
CC(=O)c1ccc(/N=N/c2ccc(Nc3ccccc3)cc2)cc1,CN(C)C=O,458.6454482874143,3.5216205273473182
CC(=O)c1ccc(/N=N/c2ccc(Nc3ccccc3)cc2)cc1,CO,429.75721010583254,2.675857252789507
CC(=O)c1ccc(/N=N/c2ccc(Nc3ccccc3)cc2)cc1,ClCCl,443.83391650585713,3.0262569483971022
CC(=O)c1ccc(/N=N/c2ccc(Nc3ccccc3)cc2)cc1,C1CCOC1,442.51430506498053,3.033916426711347
CC(=O)c1ccc(/N=N/c2ccc(Nc3ccccc3)cc2)cc1,CC(=O)O,460.15897180832775,3.172689139827308
CC(=O)c1ccc(/N=N/c2ccc(Nc3ccccc3)cc2)cc1,ClC(Cl)Cl,438.8081870519338,3.1824483841661833
CC(=O)c1ccc(/N=N/c2ccc(Nc3ccccc3)cc2)cc1,Cc1ccccc1,437.019418125597,2.972414784639674
C#CCOc1ccc(-c2cc(-c3ccccc3)c3n2[B-](F)(F)[N+]2=C(c4ccc(OCCCS(=O)(=O)[O-])cc4)C=C(c4ccccc4)C2=N3)cc1,O,708.016316880445,4.891819685446873
O=S(=O)([O-])CCCOc1ccc(C2=[N+]3C(=Nc4c(-c5ccccc5)cc(-c5ccc(OCc6cn([C@@H]7O[C@H](CO)[C@@H](O)[C@@H](O)[C@H]7O)nn6)cc5)n4[B-]3(F)F)C(c3ccccc3)=C2)cc1,O,676.7606705660976,4.886728080552154
COc1ccc(C#Cc2ccc3nc4ccc(C#Cc5ccc(OC)cc5)cn4c(=O)c3c2)cc1,ClCCl,371.68591658275284,5.165123900074221
O=c1c2cc(C#Cc3ccc(Cl)cc3)ccc2nc2ccc(C#Cc3ccc(Cl)cc3)cn12,ClCCl,369.13747264744376,5.126979466315021
Cc1ccc(C#Cc2ccc3nc4ccc(C#Cc5ccc(C)cc5)cn4c(=O)c3c2)cc1,ClCCl,369.47271552028644,5.2652431891360445
COc1ccc2cc(C3=[N+]4C(=Nc5c(-c6ccccc6)cc(-c6ccc7cc(OC)ccc7c6)n5[B-]4(F)F)C(c4ccccc4)=C3)ccc2c1,ClC(Cl)Cl,720.4236183322544,4.945909645205173
O=C1O/C(=C\c2cccs2)c2ccccc21,CC#N,349.81780116624213,4.388139269330354
CCCCCCc1ccc(-n2c3[n+](c4c5ccccc5c5ccccc5c42)[B-](C)(C)c2ccc4ccccc4c2-3)cc1,Cc1ccccc1,378.7979514410252,3.7782779058558997
CCCCCCc1ccc(-n2c3[n+](c4c5ccccc5c5ccccc5c42)[B-](C)(C)c2ccc4ccccc4c2-3)cc1,C1CCOC1,372.58373092195285,3.968035325118769
CCCCCCc1ccc(-n2c3[n+](c4c5ccccc5c5ccccc5c42)[B-](C)(C)c2ccc4ccccc4c2-3)cc1,ClCCl,363.7857110401004,3.9784380496469605
CCCCCCc1ccc(-n2c3[n+](c4c5ccccc5c5ccccc5c42)[B-](C)(C)c2ccc4ccccc4c2-3)cc1,CC#N,363.0716163131533,3.871335063210285
CCCCCCc1ccc(-n2c3[n+](c4c5ccccc5c5ccccc5c42)[B-](C)(C)c2cc(-n4c5ccccc5c5ccccc54)ccc2-3)cc1,Cc1ccccc1,370.3268334729653,4.052481363226145
CCCCCCc1ccc(-n2c3[n+](c4c5ccccc5c5ccccc5c42)[B-](C)(C)c2cc(-n4c5ccccc5c5ccccc54)ccc2-3)cc1,C1CCOC1,363.6823480774994,4.151068738519318
CCCCCCc1ccc(-n2c3[n+](c4c5ccccc5c5ccccc5c42)[B-](C)(C)c2cc(-n4c5ccccc5c5ccccc54)ccc2-3)cc1,ClCCl,361.5123876455582,4.252902818998981
CCCCCCc1ccc(-n2c3[n+](c4c5ccccc5c5ccccc5c42)[B-](C)(C)c2cc(-n4c5ccccc5c5ccccc54)ccc2-3)cc1,CC#N,359.2383712521728,4.130748923273792
CCC1(CC)c2cc(/C=C/c3ccc(/C=C/c4ccc5c(c4)C(CC)(CC)c4cc(N6c7ccccc7Sc7ccccc76)ccc4-5)cc3)ccc2-c2ccc(N3c4ccccc4Sc4ccccc43)cc21,ClCCl,413.53893866734734,4.5123888397348155
CCC1(CC)c2cc(/C=C/c3cc(C#N)c(/C=C/c4ccc5c(c4)C(CC)(CC)c4cc(N6c7ccccc7Sc7ccccc76)ccc4-5)cc3C#N)ccc2-c2ccc(N3c4ccccc4Sc4ccccc43)cc21,ClCCl,432.026061784866,4.495487680473696
CCCCCCCCCCCCOc1cc(/C=C/c2ccc3c(c2)C(CC)(CC)c2cc(N4c5ccccc5Sc5ccccc54)ccc2-3)c(OCCCCCCCCCCCC)cc1/C=C/c1ccc2c(c1)C(CC)(CC)c1cc(N3c4ccccc4Sc4ccccc43)ccc1-2,ClCCl,439.26800300273356,4.458995708910283
N#Cc1ccc(N)cc1,O,307.15681734922185,3.920630063527488
CCOC(=O)c1ccc2nc(N)sc2c1,CC#N,317.5954401952713,3.589993828093464
CCOC(=O)c1ccc2nc(N)sc2c1,ClCCl,319.50395900955857,3.456902715523574
COc1cnc(-c2cc[n+](C3=C(F)C(F)(F)C(F)(F)[C-]3F)cc2)s1,ClCCl,445.4013296614798,3.906210675546325
COc1cnc(-c2cc[n+](C3=C(F)C(F)(F)C(F)(F)[C-]3F)cc2)s1,ClC(Cl)Cl,450.19961307107116,3.852738775431877
COc1cnc(-c2cc[n+](C3=C(F)C(F)(F)C(F)(F)[C-]3F)cc2)s1,CC#N,423.7686286053922,3.842267357492367
COc1cnc(-c2cc[n+](C3=C(F)C(F)(F)C(F)(F)[C-]3F)cc2)s1,CC(C)=O,446.0550796411818,4.035632357726571
COc1cnc(-c2cc[n+](C3=C(F)C(F)(F)C(F)(F)[C-]3F)cc2)s1,CCO,443.24225215985246,3.6599879601999796
COc1cnc(-c2cc[n+](C3=C(F)C(F)(F)C(F)(F)[C-]3F)cc2)s1,CO,434.4239056776388,3.770505411127988
COc1cnc(-c2cc[n+](C3=C(F)C(F)(F)C(F)(F)[C-]3F)cc2)s1,CN(C)C=O,446.0170427452138,3.801058878926246
COc1cnc(-c2cc[n+](C3=C(F)C(F)(F)C(F)(F)[C-]3F)cc2)s1,CS(C)=O,450.70840454949564,3.874799318656053
CCOC(=O)CN(CC(=O)OCC)c1ccc(-c2cc(-c3ccccn3)nc(-c3ccccn3)c2)cc1,c1ccccc1,323.6365171384913,4.458530579919754
CCOC(=O)CN(CC(=O)OCC)c1ccc(-c2cc(-c3ccccn3)nc(-c3ccccn3)c2)cc1,CCOC(C)=O,328.0341504465802,4.531323887061398
CCOC(=O)CN(CC(=O)OCC)c1ccc(-c2cc(-c3ccccn3)nc(-c3ccccn3)c2)cc1,CC#N,320.97064423703324,4.496451732933466
CCOC(=O)CN(CC(=O)OCC)c1ccc(-c2cc(-c3ccccn3)nc(-c3ccccn3)c2)cc1,CN(C)C=O,327.1084288566659,4.487514799786435
CCOC(=O)CN(CC(=O)OCC)c1ccc(-c2cc(-c3ccccn3)nc(-c3ccccn3)c2)cc1,CS(C)=O,335.75126070026204,4.470674629918048
CCOC(=O)CN(CC(=O)OCC)c1ccc(-c2cc(-c3ccncc3)nc(-c3ccncc3)c2)cc1,c1ccccc1,336.64908752592765,4.489416633187836
CCOC(=O)CN(CC(=O)OCC)c1ccc(-c2cc(-c3ccncc3)nc(-c3ccncc3)c2)cc1,CCOC(C)=O,337.1203267393319,4.5453120310597495
CCOC(=O)CN(CC(=O)OCC)c1ccc(-c2cc(-c3ccncc3)nc(-c3ccncc3)c2)cc1,CC#N,334.56045144472574,4.523291909037674
CCOC(=O)CN(CC(=O)OCC)c1ccc(-c2cc(-c3ccncc3)nc(-c3ccncc3)c2)cc1,CN(C)C=O,339.41279812893913,4.46770805769411
CCOC(=O)CN(CC(=O)OCC)c1ccc(-c2cc(-c3ccncc3)nc(-c3ccncc3)c2)cc1,CS(C)=O,345.08851484418307,4.4431760861291485
F[B-]1(F)OC(c2ccccc2)=Cc2ccc3ccccc3[n+]21,ClCCl,434.21507968499634,4.443212003513097
N#CC1=c2c3cccc4cccc(c43)n2[B-](F)(F)[n+]2ccccc21,ClCCl,516.9508544568737,4.521805902529012
CCCCCCCCCCCCNc1cccc2[n+]1[B-](F)(F)n1c(c3cccc4cccc1c43)=N2,ClCCl,460.2321768347821,4.524284088860249
OCCSc1cccc2[n+]1[B-](F)(F)n1c(c3cccc4cccc1c43)=N2,ClCCl,446.8801228586086,4.51155428902108
Cc1oc(-c2ccccc2)nc1C(=O)O,C1CCCCC1,291.6396617370509,4.0117706493579615
Cc1oc(-c2ccccc2)nc1C(=O)O,CCOC(C)=O,301.1285515197526,4.011071801627313
Cc1oc(-c2ccccc2)nc1C(=O)O,CC#N,287.81429563589177,3.981404142067156
Cc1oc(-c2ccccc2)nc1C(=O)O,CCO,290.14074894174917,4.001264359644545
Cc1oc(-c2ccccc2)nc1C(=O)O,O,291.2374477057266,3.9872143300162812
CSc1cc(-c2cc3cc4c5c(c3oc2=O)CCCN5CCC4)oc(=O)c1C#N,Cc1ccccc1,534.1240213318463,4.70679030658234
CSc1cc(-c2cc3cc4c5c(c3oc2=O)CCCN5CCC4)oc(=O)c1C#N,ClC(Cl)Cl,556.2392064440547,4.840948864792108
CSc1cc(-c2cc3cc4c5c(c3oc2=O)CCCN5CCC4)oc(=O)c1C#N,CCOC(C)=O,534.7650327753792,4.72888076059078
CSc1cc(-c2cc3cc4c5c(c3oc2=O)CCCN5CCC4)oc(=O)c1C#N,ClCCl,554.1263341330379,4.791347948850857
CSc1cc(-c2cc3cc4c5c(c3oc2=O)CCCN5CCC4)oc(=O)c1C#N,CC(C)=O,533.9858835624268,4.778002705656169
CSc1cc(-c2cc3cc4c5c(c3oc2=O)CCCN5CCC4)oc(=O)c1C#N,C1CCOC1,538.2555555705962,4.785078489138023
CSc1cc(-c2cc3cc4c5c(c3oc2=O)CCCN5CCC4)oc(=O)c1C#N,CO,548.7780187902122,4.469437831662784
CSc1cc(-c2cc3cc4c5c(c3oc2=O)CCCN5CCC4)oc(=O)c1C#N,CC#N,547.1736078466844,4.7740076243187195
CSc1cc(-c2cc3cc4c5c(c3oc2=O)CCCN5CCC4)oc(=O)c1C#N,CN(C)C=O,557.872223880373,4.792388815173968
CSc1cc(-c2cc3cc4c5c(c3oc2=O)CCCN5CCC4)oc(=O)c1C#N,CS(C)=O,542.864690876996,4.690828485361789
C=CCNc1ccc2ccc3oc4cc(=[N+]5CCCC5)ccc-4nc3c2c1,ClCCl,549.9197312628363,4.833697817150643
C=CCNc1ccc2ccc3oc4cc(=[N+]5CCCC5)ccc-4nc3c2c1,CC#N,548.6481970069116,4.722041583724401
C=CCNc1ccc2ccc3oc4cc(=[N+]5CCCC5)ccc-4nc3c2c1,CCO,546.9155375747544,4.788425274142928
C=CCNc1ccc2ccc3oc4cc(=[N+]5CCCC5)ccc-4nc3c2c1,O,540.1576188821456,4.655111061885567
C=CCNc1ccc2ccc3oc4cc(=O)ccc-4nc3c2c1,ClCCl,420.2853822980292,4.2203806621268685
C=CCNc1ccc2ccc3oc4cc(=O)ccc-4nc3c2c1,CC#N,412.4896385269544,4.186110181892329
C=CCNc1ccc2ccc3oc4cc(=O)ccc-4nc3c2c1,CCO,420.27693052159646,4.1749617699247175
C=CCNc1ccc2ccc3oc4cc(=O)ccc-4nc3c2c1,O,395.70752278302035,3.90266034511969
Clc1ccc(-c2c3nc(c(-c4ccc(Cl)cc4)c4ccc([nH]4)c(-c4ccc(Cl)cc4)c4nc(c(-c5ccc(Cl)cc5)c5ccc2[nH]5)C=C4N2CCOCC2)C=C3)cc1,CS(C)=O,633.3374379673742,3.8176336901661974
Cc1ccc(-c2c3nc(c(-c4ccc(C)cc4)c4ccc([nH]4)c(-c4ccc(C)cc4)c4nc(c(-c5ccc(C)cc5)c5ccc2[nH]5)C=C4N2CCOCC2)C=C3)cc1,CS(C)=O,639.285116147577,3.74745093181848
COc1ccc(C2=N/C(=C\c3ccccc3)C(=O)N2)cc1OC,C1COCCO1,388.19857439808953,4.269551529068215
O=C1OC(c2ccccc2)=N/C1=C\c1ccccc1,C1COCCO1,375.49151036556475,4.444716115823372
COC(=O)c1ccc(/C=C2\N=C(c3ccc(OC)c(OC)c3)OC2=O)cc1,C1COCCO1,385.87591073455513,4.610364057875462
CC(C)CN1C(=O)/C(=C/c2ccc(C#N)cc2)C=C1c1ccccc1,C1COCCO1,443.3346276179898,4.2402778970156545
COc1ccc(C2=C/C(=C\c3ccccc3)C(=O)N2)cc1OC,C1COCCO1,434.8225403855458,4.208795121790922
COC(=O)c1ccc(/C=C2\C=C(c3ccc(OC)c(OC)c3)NC2=O)cc1,C1COCCO1,442.2035848302585,4.28881128584092
COC(=O)c1ccc(/C=C2\C=C(c3ccc(C#N)cc3)N(CC(C)C)C2=O)cc1,C1COCCO1,437.19733231172955,4.262660560556323
CC(=O)Nc1ccc(C2=C/C(=C\c3ccc(C#N)cc3)C(=O)N2)cc1,C1COCCO1,447.09464775221136,4.273787191244594
CC(C)CN1C(=O)/C(=C/c2ccc([N+](=O)[O-])cc2)C=C1c1ccccc1,C1COCCO1,440.490908303618,4.0663478724492625
N#Cc1ccc(/C=C2\C=C(c3ccccc3)OC2=O)cc1,C1COCCO1,418.0500536576335,4.459510130945704
COc1ccc(C2=C/C(=C\c3ccc(C#N)cc3)C(=O)O2)cc1OC,C1COCCO1,421.8802286088738,4.510450514090265
COC(=O)c1ccc(/C=C2\C=C(c3ccc([N+](=O)[O-])cc3)OC2=O)cc1,C1COCCO1,415.7189194879678,4.364387323423377
O=Cc1ccc(Oc2ccc3c4c(cccc24)C(=O)N(CCO)C3=O)cc1,ClC(Cl)Cl,355.2635484004878,4.311939134385013
CC(=O)OCCN1C(=O)c2cccc3c(Oc4ccc(C#N)cc4)ccc(c23)C1=O,ClC(Cl)Cl,345.32898544278794,4.3168427241093354
CCCCCn1c2cc(/C=C/c3ccc(N(c4ccccc4)c4ccccc4)cc3)ccc2c2ccc(/C=C/c3ccc(N(c4ccccc4)c4ccccc4)cc3)cc21,Cc1ccccc1,391.01072624456697,5.030629008493695
C=C(C)C(CN1C(=O)c2cccc3c2c(cc2oc(C)nc23)C1=O)OO,CCO,362.37437831482555,4.249840693407032
Clc1nnc(Oc2ccc(N(c3ccccc3)c3ccccc3)cc2)nn1,ClCCl,511.2712294778832,2.819597473635933
CCCCCCCCCCCCOc1cc(C(=O)Nc2ccc(-c3ccc4c(c3)C(=O)c3ccccc3-4)cc2)cc(OCCCCCCCCCCCC)c1OCCCCCCCCCCCC,C1CCOC1,437.9444941262173,3.425024337586504
COc1ccc(N(c2ccc(OC)cc2)c2ccc(-c3ccc4nc5ccccc5c(=O)n4c3)cc2)cc1,ClCCl,374.80311278491297,4.607082363227356
F[B-]1(F)n2c(-c3ccccc3)cnc2-c2cccc[n+]21,CCCCCC,435.9447482184299,4.297435622323106
F[B-]1(F)n2c(-c3ccccc3)cnc2-c2cccc[n+]21,C1CCCCC1,434.8747650281018,4.374267672942789
F[B-]1(F)n2c(-c3ccccc3)cnc2-c2cccc[n+]21,C1CCOC1,414.125484147741,4.264416615096038
F[B-]1(F)n2c(-c3ccccc3)cnc2-c2cccc[n+]21,ClC(Cl)Cl,401.8341101645868,4.522110279159923
F[B-]1(F)n2c(-c3ccccc3)cnc2-c2cccc[n+]21,C1COCCO1,411.91188351837405,4.3242340871868485
F[B-]1(F)n2c(-c3ccccc3)cnc2-c2cccc[n+]21,CC#N,390.29535477650774,4.278431121141538
F[B-]1(F)n2c(-c3ccccc3)cnc2-c2cccc[n+]21,CO,392.9312008497084,4.273721295179624
CC(C)(C)C#Cc1ccc2c3cccc4cccc(c5cccc1c52)c43,C1CCCCC1,453.97824311172894,4.511773115739372
C[Si](C)(C)C#CC#Cc1ccc2c3cccc4cccc(c5cccc1c52)c43,C1CCCCC1,441.1365249361488,4.615104192949276
C(/C=C/Nc1ccccc1)=[NH+]c1ccccc1,CS(C)=O,378.1503658733308,4.582653925162466
Cc1ccc(C2=C3C=CC4=[N+]3[P-](=O)(=O)n3c2ccc3-c2ccc([nH]2)/C(c2ccc(C)cc2)=c2/cc/c(o2)=C(\c2ccc(C)cc2)c2ccc4[nH]2)cc1,ClC(Cl)Cl,732.3760628135846,4.84147520044499
CCOC(=O)/C=C/C1=C(c2ccc(C)cc2)C2=Nc3c(-c4ccc(C)cc4)c(Br)c(-c4ccc(C)cc4)n3[B-](F)(F)[N+]2=C1c1ccc(C)cc1,ClC(Cl)Cl,668.7434605971281,4.64026153437549
COc1ccc(C(=O)OCc2ccc3c4cccc5cccc(c6cccc2c63)c54)cc1,CCO,442.42510546133934,4.295237460319612
CC(C)(C)OC(=O)NC(Cc1ccccc1)C(=O)OCc1ccc2c3cccc4cccc(c5cccc1c52)c43,CCO,432.05275784841285,4.443622851310392
OCc1ccc2c3cccc4cccc(c5cccc1c52)c43,CCO,439.0572151717273,4.276574959624706
CCCCCCCCOc1ccc(C2=C(c3ccc(OCCCCCCCC)cc3)C(C)(C)c3ccccc32)cc1,C1CCCCC1,333.29775760647703,4.228674404777409
COc1ccc(C2=C(c3ccc(OC)cc3)C(C)(C)c3cc(-c4ccccc4)ccc32)cc1,C1CCCCC1,299.15588973145213,4.188555786833564
COc1ccc2c3c(c4ccc(OC)cc4c2c1)C(C)(C)c1ccccc1-3,C1CCCCC1,387.2965958225973,3.381801878283794
COc1ccc2c3c(c4ccc(OC)cc4c2c1)C(C)(C)c1cc(-c2ccccc2)ccc1-3,C1CCCCC1,392.54440760345443,3.4880590340923296
COc1ccc2c3c(c4ccc(OC)cc4c2c1)C(C)(C)c1c-3ccc2ccccc12,C1CCCCC1,391.89670653595283,3.519825011212988
COc1ccc2c3c(c4ccc(OC)cc4c2c1)C(C)(C)c1ccc2ccccc2c1-3,C1CCCCC1,387.49208392871964,3.577701437262556
COc1ccc2c3c(c4ccc(OC)cc4c2c1)C(C)(C)c1sccc1-3,C1CCCCC1,390.00130787544094,3.4504133065327496
N#C/C(=C\c1cn(-c2ccccc2)nc1-c1ccccc1)c1nc2ccccc2s1,Cc1ccccc1,374.1141220971431,4.38247252501886
N#C/C(=C\c1cn(-c2ccccc2)nc1-c1ccccc1)c1nc2ccccc2s1,C1CCOC1,373.12548745008155,4.311579553164984
N#C/C(=C\c1cn(-c2ccccc2)nc1-c1ccccc1)c1nc2ccccc2s1,C1COCCO1,375.11904533863725,4.386136035235731
N#C/C(=C\c1cn(-c2ccccc2)nc1-c1ccccc1)c1nc2ccccc2s1,CCOC(C)=O,370.4009281600968,4.443472328728685
N#C/C(=C\c1cn(-c2ccccc2)nc1-c1ccccc1)c1nc2ccccc2s1,ClC(Cl)Cl,379.6206909055407,4.4945655701033616
N#C/C(=C\c1cn(-c2ccccc2)nc1-c1ccccc1)c1nc2ccccc2s1,ClCCl,378.134295792047,4.3154127414773145
N#C/C(=C\c1cn(-c2ccccc2)nc1-c1ccccc1)c1nc2ccccc2s1,CCO,369.3960735941637,4.337328827563323
N#C/C(=C\c1cn(-c2ccccc2)nc1-c1ccccc1)c1nc2ccccc2s1,CO,362.0283408924336,4.414041997752842
N#C/C(=C\c1cn(-c2ccccc2)nc1-c1ccccc1)c1nc2ccccc2s1,CN(C)C=O,373.94014192809254,4.350099718519252
N#C/C(=C\c1cn(-c2ccccc2)nc1-c1ccccc1)c1nc2ccccc2s1,CS(C)=O,378.66160547942565,4.296248913768004
O=C1CC(c2cccc([N+](=O)[O-])c2)c2c(c3ccccc3c3nc4ccccc4nc23)O1,ClC(Cl)Cl,410.1781315204729,3.6824522628001195
COc1ccc(C2CC(=O)Oc3c2c2nc4ccccc4nc2c2ccccc32)cc1,ClC(Cl)Cl,413.5727894757082,4.014443391580428
Cc1ccccc1C1CC(=O)Oc2c1c1nc3ccccc3nc1c1ccccc21,ClC(Cl)Cl,408.8669277631972,4.0072360875556585
Cc1ccc2nc3c4c(c5ccccc5c3nc2c1)OC(=O)CC4c1ccc(F)cc1,ClC(Cl)Cl,410.53356812987835,3.76382589122023
O=C1CC(c2cccc([N+](=O)[O-])c2)c2c(c3ccccc3c3nc4ccccc4nc23)O1,CCCCCC,408.71952503626994,3.8362230977399925
O=C1CC(c2cccc([N+](=O)[O-])c2)c2c(c3ccccc3c3nc4ccccc4nc23)O1,CCOC(C)=O,405.2228183189427,3.7912246041454876
O=C1CC(c2cccc([N+](=O)[O-])c2)c2c(c3ccccc3c3nc4ccccc4nc23)O1,CN(C)C=O,427.0411767306703,3.8508576188559185
O=C1CC(c2cccc([N+](=O)[O-])c2)c2c(c3ccccc3c3nc4ccccc4nc23)O1,CS(C)=O,411.7558682517688,3.8589423300268395
O=C1CC(c2cccc([N+](=O)[O-])c2)c2c(c3ccccc3c3nc4ccccc4nc23)O1,CO,406.5434868171765,3.85724168829296
Cc1cc(C)c(B(c2ccc(-c3ccc(-c4nc5c6ccccc6c6ccccc6c5[nH]4)cc3)cc2)c2c(C)cc(C)cc2C)c(C)c1,Cc1ccccc1,365.83847350550707,4.586246858540296
Cc1cc(C)c(B(c2ccc(-c3ccc(-c4nc5c6ccccc6c6ccccc6c5[nH]4)cc3)cc2)c2c(C)cc(C)cc2C)c(C)c1,ClCCl,364.84777234838145,4.583837519519691
Cc1cc(C)c(B(c2ccc(-c3ccc(-c4nc5c6ccccc6c6ccccc6c5[nH]4)cc3)cc2)c2c(C)cc(C)cc2C)c(C)c1,C1CCOC1,371.39383317840856,4.553397593203346
Cc1cc(C)c(B(c2ccc(-c3ccc(-c4nc5c6ccccc6c6ccccc6c5[nH]4)cc3)cc2)c2c(C)cc(C)cc2C)c(C)c1,CC(C)=O,373.8994547797916,4.541238080850475
Cc1cc(C)c(B(c2ccc(-c3ccc(-c4nc5c6ccccc6c6ccccc6c5[nH]4)cc3)cc2)c2c(C)cc(C)cc2C)c(C)c1,CS(C)=O,371.7190244464079,4.4897403468148696
CCCCCCc1ccsc1-c1ccc(-c2sc(C(=O)O)cc2CCCCCC)s1,CCCCCC,371.3195262213612,4.220224897915594
CCCCCCc1ccsc1-c1ccc(-c2sc(C(=O)O)cc2CCCCCC)s1,ClCCl,387.291345263794,4.3544034698258205
CCCCCCc1ccsc1-c1ccc(-c2sc(C(=O)O)cc2CCCCCC)s1,CC(C)=O,383.44557003453974,4.456917556686329
CCCCCCc1ccsc1-c1ccc(-c2sc(C(=O)O)cc2CCCCCC)s1,CCO,379.06536158925695,4.30876178799805
CCCCCCc1ccsc1-c1ccc(-c2sc(C(=O)O)cc2CCCCCC)s1,CO,368.00776591153635,4.238844677971595
CCCCCCc1ccsc1-c1ccc(-c2sc(C(=O)O)cc2CCCCCC)s1,O,372.64096263723206,4.08867596510387
COc1ccc2cc(C(C)C(=O)Oc3ccc(-c4c5nc(c(-c6ccc(C)cc6)c6ccc([nH]6)c(-c6ccc(C)cc6)c6nc(c(-c7ccc(C)cc7)c7ccc4[nH]7)C=C6)C=C5)cc3)ccc2c1,ClCCl,644.4764766172577,3.7502392252668386
COc1ccc(-c2cc3c(ccc4sc5ccc6sccc6c5c43)s2)cc1,ClCCl,364.130674626447,4.6310918149371245
COc1ccc(-c2cc3c(ccc4sc5ccc6sc(-c7ccc(C#N)cc7)cc6c5c43)s2)cc1,ClCCl,361.222195940759,4.70482213352383
C(=C/c1ccc(-c2cccc3ccccc23)s1)\c1ccc(-c2cccc3ccccc23)s1,ClCCl,380.16094905779215,4.6785574774825855
CC(C)(C)c1ccc(-c2cc(-c3ccc(-c4cc(-c5ccc(C(C)(C)C)cc5)c(C(=O)NCc5cccs5)s4)s3)sc2C(=O)NCc2cccs2)cc1,ClCCl,392.0647462689733,4.539352415929915
O=S(=O)([O-])c1ccccc1/C=C/c1ccc(-c2nnc(-c3ccc(/C=C/c4ccccc4S(=O)(=O)[O-])cc3)o2)cc1,CN(C)C=O,369.7349874879057,4.5833208342590686
O=S(=O)([O-])c1ccccc1/C=C/c1ccc(-c2nnc(-c3ccc(/C=C/c4ccccc4S(=O)(=O)[O-])cc3)o2)cc1,CC(C)=O,359.33067120621314,3.8288088444027903
O=S(=O)([O-])c1ccccc1/C=C/c1ccc(-c2nnc(-c3ccc(/C=C/c4ccccc4S(=O)(=O)[O-])cc3)o2)cc1,C1CCOC1,366.55843062807406,4.194824232621507
CC[N+]1=C(/C=C/C=C/C=C/C=C2/N(CCCCCC(=O)O)c3ccccc3C2(C)C)C(C)(C)c2cc(S(=O)(=O)[O-])ccc21,O,726.978887930694,5.305227824147956
CC[N+]1=C(/C=C/C=C/C=C/C=C2/N(CCCCCC(=O)O)c3ccccc3C2(C)C)C(C)(C)c2cc(S(=O)(=O)[O-])ccc21,CO,725.8233404541363,5.409109571208108
CC1(C)C(/C=C/C=C/C=C/C=C2/N(CCCCCC(=O)O)c3ccc(S(=O)(=O)[O-])cc3C2(C)C)=[N+](CCCCS(=O)(=O)[O-])c2ccc(S(=O)(=O)[O-])cc21,O,759.3247275604183,5.200545293694075
CC1(C)C(/C=C/C=C/C=C/C=C2/N(CCCCCC(=O)O)c3ccc(S(=O)(=O)[O-])cc3C2(C)C)=[N+](CCCCS(=O)(=O)[O-])c2ccc(S(=O)(=O)[O-])cc21,CO,764.5558074773124,5.22276849943994
C(=C/c1c[nH]c2ccc(Oc3ccccc3)cc12)\C1=[NH+]c2cccc3cccc1c23,CO,475.67463528785424,4.200490153543381
C(=C/c1c[nH]c2ccc(Oc3ccccc3)cc12)\C1=[NH+]c2cccc3cccc1c23,O,510.15560747522227,4.13763693148712
N#CC(C#N)=C(/C=C/c1ccc(N(c2ccccc2)c2ccc(/C=C/C(=C(C#N)C#N)c3ccccc3)cc2)cc1)c1ccccc1,Cc1ccccc1,485.5607289075406,4.423335979570901
N#CC(C#N)=C(/C=C/c1ccc(N(c2ccccc2)c2ccc(/C=C/C(=C(C#N)C#N)c3ccccc3)cc2)cc1)c1ccccc1,C1COCCO1,479.62300244045593,4.485284427561872
N#CC(C#N)=C(/C=C/c1ccc(N(c2ccccc2)c2ccc(/C=C/C(=C(C#N)C#N)c3ccccc3)cc2)cc1)c1ccccc1,ClCCl,486.50791785351333,4.528494656395592
N#CC(C#N)=C(/C=C/c1ccc(N(c2ccccc2)c2ccc(/C=C/C(=C(C#N)C#N)c3ccccc3)cc2)cc1)c1ccccc1,ClC(Cl)Cl,487.17172021846284,4.53055667182386
N#CC(C#N)=C(/C=C/c1ccc(N(c2ccccc2)c2ccc(/C=C/C(=C(C#N)C#N)c3ccccc3)cc2)cc1)c1ccccc1,CCOC(C)=O,483.2324775506305,4.563998105508356
N#CC(C#N)=C(/C=C/c1ccc(N(c2ccccc2)c2ccc(/C=C/C(=C(C#N)C#N)c3ccccc3)cc2)cc1)c1ccccc1,CC(C)=O,485.09329806615773,4.599481728768352
N#CC(C#N)=C(/C=C/c1ccc(N(c2ccccc2)c2ccc(/C=C/C(=C(C#N)C#N)c3ccccc3)cc2)cc1)c1ccccc1,CO,485.1763361843067,4.536324999159657
N#CC(C#N)=C(/C=C/c1ccc(N(c2ccccc2)c2ccc(/C=C/C(=C(C#N)C#N)c3ccccc3)cc2)cc1)c1ccccc1,CCO,488.076964004721,4.58021941907762
N#CC(C#N)=C(/C=C/c1ccc(N(c2ccccc2)c2ccc(/C=C/C(=C(C#N)C#N)c3ccccc3)cc2)cc1)c1ccccc1,CC#N,486.28754734297894,4.538198388346723
N#CC(C#N)=C(/C=C/c1ccc(N(c2ccccc2)c2ccc(/C=C/C(=C(C#N)C#N)c3ccccc3)cc2)cc1)c1ccccc1,CN(C)C=O,487.8633486721,4.542457144473059
CCOC(=O)/C(C#N)=C(\C=C\c1ccc(N(c2ccccc2)c2ccc(/C=C/C(=C(/C#N)C(=O)OCC)c3ccccc3)cc2)cc1)c1ccccc1,Cc1ccccc1,467.83446155040167,4.461695338248145
CCOC(=O)/C(C#N)=C(\C=C\c1ccc(N(c2ccccc2)c2ccc(/C=C/C(=C(/C#N)C(=O)OCC)c3ccccc3)cc2)cc1)c1ccccc1,C1COCCO1,460.6208055914857,4.471074297382847
CCOC(=O)/C(C#N)=C(\C=C\c1ccc(N(c2ccccc2)c2ccc(/C=C/C(=C(/C#N)C(=O)OCC)c3ccccc3)cc2)cc1)c1ccccc1,ClCCl,459.84780752367124,4.476609639263492
CCOC(=O)/C(C#N)=C(\C=C\c1ccc(N(c2ccccc2)c2ccc(/C=C/C(=C(/C#N)C(=O)OCC)c3ccccc3)cc2)cc1)c1ccccc1,ClC(Cl)Cl,477.9303527658384,4.496777229981959
CCOC(=O)/C(C#N)=C(\C=C\c1ccc(N(c2ccccc2)c2ccc(/C=C/C(=C(/C#N)C(=O)OCC)c3ccccc3)cc2)cc1)c1ccccc1,CCOC(C)=O,460.76749502906307,4.507791758599544
CCOC(=O)/C(C#N)=C(\C=C\c1ccc(N(c2ccccc2)c2ccc(/C=C/C(=C(/C#N)C(=O)OCC)c3ccccc3)cc2)cc1)c1ccccc1,CC(C)=O,463.5229973417219,4.634327991599978
CCOC(=O)/C(C#N)=C(\C=C\c1ccc(N(c2ccccc2)c2ccc(/C=C/C(=C(/C#N)C(=O)OCC)c3ccccc3)cc2)cc1)c1ccccc1,CO,462.3874672303998,4.643801616918412
CCOC(=O)/C(C#N)=C(\C=C\c1ccc(N(c2ccccc2)c2ccc(/C=C/C(=C(/C#N)C(=O)OCC)c3ccccc3)cc2)cc1)c1ccccc1,CCO,469.78466955185786,4.570164706162227
CCOC(=O)/C(C#N)=C(\C=C\c1ccc(N(c2ccccc2)c2ccc(/C=C/C(=C(/C#N)C(=O)OCC)c3ccccc3)cc2)cc1)c1ccccc1,CC#N,463.6611070165937,4.554228450333553
CCOC(=O)/C(C#N)=C(\C=C\c1ccc(N(c2ccccc2)c2ccc(/C=C/C(=C(/C#N)C(=O)OCC)c3ccccc3)cc2)cc1)c1ccccc1,CN(C)C=O,466.91721827065965,4.434109175958791
Cc1ccc2nc3cc4c(cc3c(-c3ccccc3)c2c1)[Si](C)(C)O[Si]4(C)C,ClCCl,366.80784153608,3.8655935324608754
C[Si]1(C)O[Si](C)(C)c2cc3c(-c4ccccc4)c4cc(Cl)ccc4nc3cc21,ClCCl,368.38084277528037,3.9225518133106627
C[Si]1(C)O[Si](C)(C)c2cc3c(-c4ccc(F)cc4)c4ccccc4nc3cc21,ClCCl,367.5741733920487,3.916094524011899
C[Si]1(C)O[Si](C)(C)c2cc3nc4ccc(Cl)cc4c(-c4ccccc4)c3cc2[Si](C)(C)O1,ClCCl,367.3991318734184,4.143359632202853
C[Si]1(C)O[Si](C)(C)c2cc3nc4ccc([N+](=O)[O-])cc4c(-c4ccccc4)c3cc2[Si](C)(C)O1,ClCCl,372.7209696658459,3.9370656049414348
Fc1ccccc1-c1c2cc(Cl)ccc2nc2cc3ccccc3cc12,ClCCl,409.84834523311656,4.194718657692303
F[B-]1(F)OC(c2ccccc2)=Nc2sc(-c3ccccc3)n[n+]21,ClC(Cl)Cl,352.86635926675723,4.374018305132015
F[B-]1(F)OC(c2ccccc2)=Nc2sc(-c3ccccc3)n[n+]21,Cc1ccccc1,347.093816253677,4.287723072846591
F[B-]1(F)OC(c2ccccc2)=Nc2sc(-c3ccccc3)n[n+]21,ClCCl,359.78675809355843,4.31715442906345
F[B-]1(F)OC(c2ccccc2)=Nc2sc(-c3ccccc3)n[n+]21,C1CCOC1,350.1176823683811,4.312836050532403
F[B-]1(F)OC(c2ccccc2)=Nc2sc(-c3ccccc3)n[n+]21,CCO,346.1316841299448,4.254725638682143
F[B-]1(F)OC(c2ccccc2)=Nc2sc(-c3ccccc3)n[n+]21,CC#N,347.9682247130273,4.352991307829036
F[B-]1(F)OC(c2ccccc2)=Nc2sc(-c3ccccc3)n[n+]21,CCOC(C)=O,345.95048054051915,4.257817865169274
F[B-]1(F)OC(c2ccccc2)=Nc2sc(-c3ccccc3)n[n+]21,CN(C)C=O,355.2786882400812,4.318807416327484
O=Cc1ccc(-c2ccc(O)c(-c3nc4ccccc4s3)c2)o1,O,358.0174259118047,3.2694983986615007
O=Cc1ccc(-c2ccc(O)c(-c3nc4ccccc4s3)c2)s1,O,371.00152091433995,3.1683688782928936
Oc1cc(-c2ccco2)ccc1-c1nc2ccccc2s1,O,336.6750781041656,3.3602315677440835
Oc1cc(-c2cccs2)ccc1-c1nc2ccccc2s1,O,339.566462818387,3.337733515929737
O=Cc1ccc(-c2ccc(O)c(-c3nc4ccccc4s3)c2)o1,CCO,370.19882847041595,3.6407382340413683
O=Cc1ccc(-c2ccc(O)c(-c3nc4ccccc4s3)c2)s1,CCO,378.2572188030793,3.6417576630953707
Oc1cc(-c2ccco2)ccc1-c1nc2ccccc2s1,CCO,358.75502641032665,3.4746642172128266
Oc1cc(-c2cccs2)ccc1-c1nc2ccccc2s1,CCO,360.67432728769757,3.4571314280095464
N#CC(C#N)=Cc1ccc(-c2cccc(-c3nc4ccccc4s3)c2O)o1,CCO,422.6280430362925,3.5068034635395327
O=Cc1ccc(-c2cccc(-c3nc4ccccc4s3)c2O)s1,CCO,366.6540956846055,3.4999751863657247
O=Cc1ccc(-c2ccc(O)c(-c3nc4ccccc4s3)c2)o1,ClCCl,371.910067370761,3.6558331856923054
O=Cc1ccc(-c2ccc(O)c(-c3nc4ccccc4s3)c2)s1,ClCCl,382.82141531962634,3.665948390090887
Oc1cc(-c2ccco2)ccc1-c1nc2ccccc2s1,ClCCl,362.6737787880372,3.4982228344624393
Oc1cc(-c2cccs2)ccc1-c1nc2ccccc2s1,ClCCl,364.81473940352026,3.503983521149955
N#CC(C#N)=Cc1ccc(-c2cccc(-c3nc4ccccc4s3)c2O)o1,ClCCl,430.72795008681805,3.5685567038304162
O=Cc1ccc(-c2cccc(-c3nc4ccccc4s3)c2O)s1,ClCCl,369.99756537393324,3.386528651276017
O=CN1N=C(c2ccc(Br)cc2)C[C@@H]1c1ccccc1,C1CCCCC1,340.07631018356244,4.368995179773833
O=CN1N=C(c2ccc(Br)cc2)C[C@@H]1c1ccccc1,C1COCCO1,342.76791769071275,4.230311984004271
O=CN1N=C(c2ccc(Br)cc2)C[C@@H]1c1ccccc1,ClC(Cl)(Cl)Cl,344.9207716647217,4.317864366597585
O=CN1N=C(c2ccc(Br)cc2)C[C@@H]1c1ccccc1,Cc1ccccc1,343.7589996850405,4.264912786483433
O=CN1N=C(c2ccc(Br)cc2)C[C@@H]1c1ccccc1,CCOC(C)=O,341.80512378430143,4.360980605951909
O=CN1N=C(c2ccc(Br)cc2)C[C@@H]1c1ccccc1,CCO,341.7868061392017,4.257021246109918
O=CN1N=C(c2ccc(Br)cc2)C[C@@H]1c1ccccc1,CO,330.78443185579164,4.265535082884862
O=CN1N=C(c2ccc(Br)cc2)C[C@@H]1c1ccccc1,CC#N,333.7747655670088,4.346585993497027
O=CN1N=C(c2ccc(Br)cc2)C[C@@H]1c1ccccc1,CS(C)=O,355.781299698416,4.302727042844424
CCCCCN1c2ccccc2Sc2cc(/C=C/c3ccc(/C=C(\C#N)C(=O)O)s3)ccc21,ClCCl,520.7582462907384,4.295336173150004
COc1ccccc1C1=[N+]2C(=C(c3ccccc3)c3c4ccccc4c(-c4ccccc4OC)n3[B-]2(F)F)c2ccccc21,ClCCl,645.5036881999264,4.981161423675519
c1ccc(C2=C3C4=C(C5=[N+]3[B-]3(Oc6ccccc65)Oc5ccccc5-c5c6c(c2n53)C2CCC6CC2)C2CCC4CC2)cc1,ClCCl,616.6744368624509,4.803091045872438
CC(C)(C)c1cc2c(c(C(C)(C)C)c1)O[B-]1(c3ccc([B-]45OC(c6ccccc6)=N[N+]4=Cc4cc(C(C)(C)C)cc(C(C)(C)C)c4O5)cc3)OC(c3ccccc3)=N[N+]1=C2,C1CCOC1,422.4256998605316,4.479182202085634
CN1C(=CC2=C([O-])C(=O)C2=C(C#N)C#N)Sc2ccccc21,CCO,453.2454015174256,4.691354748591464
CCCCOC(=O)/C(C#N)=C1\C(=O)C([O-])=C1C=C1N(C)c2ccccc2C1(C)C,CCO,457.0747195849611,4.6473862216275
CN1C(=Cc2c([O-])c(=O)/c2=N\C#N)C(C)(C)c2ccccc21,CCO,457.6159828976969,4.681187435695842
CN1C(=CC2=C([O-])C(=CC3=[N+](C)c4ccccc4C3(C)C)C2=C(C#N)C#N)C(C)(C)c2ccccc21,ClC(Cl)Cl,688.6488097493611,5.151429830505664
CCN(CC)c1ccc2cc(-c3nc4ccccc4n3-c3ccccc3)c(=O)oc2c1,ClCCl,424.89501238063013,5.214674409463783
CCN(CC)c1ccc2cc(-c3nc4c5cccc6ccc7cccc(c7c65)c4n3-c3ccc(C(C)(C)C)cc3)c(=O)oc2c1,ClCCl,413.6433941956921,5.607537351900865
Cc1cc(C)n2c1C=[N+]1[N+](=C3C=NC=CN3[B-]1(F)F)[B-]2(F)F,ClCCl,521.000933236995,4.761660445332131
Cc1ccc(/C(C#N)=C/c2cc(/C=C(\C#N)c3ccc(C)cc3)c(-c3ccc(N(c4ccccc4)c4ccccc4)cc3)cc2-c2ccc(N(c3ccccc3)c3ccccc3)cc2)cc1,CCCCCC,430.00749350562535,4.6826193511221845
Cc1ccc(/C(C#N)=C/c2cc(/C=C(\C#N)c3ccc(C)cc3)c(-c3ccc(N(c4ccccc4)c4ccccc4)cc3)cc2-c2ccc(N(c3ccccc3)c3ccccc3)cc2)cc1,C1CCCCC1,443.43909777891156,4.767115976839267
Cc1ccc(/C(C#N)=C/c2cc(/C=C(\C#N)c3ccc(C)cc3)c(-c3ccc(N(c4ccccc4)c4ccccc4)cc3)cc2-c2ccc(N(c3ccccc3)c3ccccc3)cc2)cc1,Cc1ccccc1,432.14796012531133,4.719246047955397
Cc1ccc(/C(C#N)=C/c2cc(/C=C(\C#N)c3ccc(C)cc3)c(-c3ccc(N(c4ccccc4)c4ccccc4)cc3)cc2-c2ccc(N(c3ccccc3)c3ccccc3)cc2)cc1,ClC(Cl)Cl,449.1532558345497,4.708778758138655
Cc1ccc(/C(C#N)=C/c2cc(/C=C(\C#N)c3ccc(C)cc3)c(-c3ccc(N(c4ccccc4)c4ccccc4)cc3)cc2-c2ccc(N(c3ccccc3)c3ccccc3)cc2)cc1,CCOC(C)=O,431.92903648398345,4.648015199069724
Cc1ccc(/C(C#N)=C/c2cc(/C=C(\C#N)c3ccc(C)cc3)c(-c3ccc(N(c4ccccc4)c4ccccc4)cc3)cc2-c2ccc(N(c3ccccc3)c3ccccc3)cc2)cc1,C1CCOC1,434.2751528516137,4.714357481519963
Cc1ccc(/C(C#N)=C/c2cc(/C=C(\C#N)c3ccc(C)cc3)c(-c3ccc(N(c4ccccc4)c4ccccc4)cc3)cc2-c2ccc(N(c3ccccc3)c3ccccc3)cc2)cc1,ClCCl,431.63332185934905,4.651178753362308
N#C/C(=C\c1cc(/C=C(\C#N)c2ccc(C(F)(F)F)cc2)c(-c2ccc(N(c3ccccc3)c3ccccc3)cc2)cc1-c1ccc(N(c2ccccc2)c2ccccc2)cc1)c1ccc(C(F)(F)F)cc1,CCCCCC,434.26728832926824,4.62281138005077
N#C/C(=C\c1cc(/C=C(\C#N)c2ccc(C(F)(F)F)cc2)c(-c2ccc(N(c3ccccc3)c3ccccc3)cc2)cc1-c1ccc(N(c2ccccc2)c2ccccc2)cc1)c1ccc(C(F)(F)F)cc1,C1CCCCC1,445.15656449909756,4.71613601441238
N#C/C(=C\c1cc(/C=C(\C#N)c2ccc(C(F)(F)F)cc2)c(-c2ccc(N(c3ccccc3)c3ccccc3)cc2)cc1-c1ccc(N(c2ccccc2)c2ccccc2)cc1)c1ccc(C(F)(F)F)cc1,Cc1ccccc1,433.5043235268008,4.637752070271967
N#C/C(=C\c1cc(/C=C(\C#N)c2ccc(C(F)(F)F)cc2)c(-c2ccc(N(c3ccccc3)c3ccccc3)cc2)cc1-c1ccc(N(c2ccccc2)c2ccccc2)cc1)c1ccc(C(F)(F)F)cc1,ClC(Cl)Cl,453.876695369071,4.662244458028153
N#C/C(=C\c1cc(/C=C(\C#N)c2ccc(C(F)(F)F)cc2)c(-c2ccc(N(c3ccccc3)c3ccccc3)cc2)cc1-c1ccc(N(c2ccccc2)c2ccccc2)cc1)c1ccc(C(F)(F)F)cc1,CCOC(C)=O,435.6312251623728,4.616433647644293
N#C/C(=C\c1cc(/C=C(\C#N)c2ccc(C(F)(F)F)cc2)c(-c2ccc(N(c3ccccc3)c3ccccc3)cc2)cc1-c1ccc(N(c2ccccc2)c2ccccc2)cc1)c1ccc(C(F)(F)F)cc1,C1CCOC1,436.6647584084758,4.65049853650152
N#C/C(=C\c1cc(/C=C(\C#N)c2ccc(C(F)(F)F)cc2)c(-c2ccc(N(c3ccccc3)c3ccccc3)cc2)cc1-c1ccc(N(c2ccccc2)c2ccccc2)cc1)c1ccc(C(F)(F)F)cc1,ClCCl,441.5899182099582,4.6667954961099225
CC1(C)c2ccccc2N(c2ccc(-c3ccc(C#N)nc3)cc2)c2ccccc21,Cc1ccccc1,363.80752489558046,3.27002998499685
CC1(C)c2ccccc2N(c2ccc(-c3ccc(C#N)cn3)cc2)c2ccccc21,Cc1ccccc1,376.72958089356354,3.2774390238631876
FC(F)(F)c1ccc(C2=CC3=c4cc(-c5ccc(C(F)(F)F)cc5)c5nc(C(F)(F)C(F)(F)C(F)(F)F)nc6c(-c7ccc(C(F)(F)F)cc7)cc(c4c65)C4=CC(c5ccc(C(F)(F)F)cc5)=C5N=C(C(F)(F)C(F)(F)C(F)(F)F)N=C2C5C43)cc1,C1CCOC1,490.99141746421964,4.6840189295868475
CC(C)[Si](C#CC1=CC2=c3cc(C#C[Si](C(C)C)(C(C)C)C(C)C)c4nc(C(F)(F)C(F)(F)C(F)(F)F)nc5c(C#C[Si](C(C)C)(C(C)C)C(C)C)cc(c3c54)C3=CC(C#C[Si](C(C)C)(C(C)C)C(C)C)=C4N=C(C(F)(F)C(F)(F)C(F)(F)F)N=C1C4C32)(C(C)C)C(C)C,C1CCOC1,541.430738919207,4.776402080370398
FC(F)(F)C(F)(F)C(F)(F)C1=NC2=C(c3ccc4ccc5cccc6ccc3c4c56)C=C3c4cc(-c5ccc6ccc7cccc8ccc5c6c78)c5nc(C(F)(F)C(F)(F)C(F)(F)F)nc6c(-c7ccc8ccc9cccc%10ccc7c8c9%10)cc(c4c56)=C4C=C(c5ccc6ccc7cccc8ccc5c6c78)C(=N1)C2C34,C1CCOC1,495.89510225192834,4.8328817886719575
FC(F)(F)C(F)(F)C(F)(F)C1=NC2=C(c3ccc4ccc5cccc6ccc3c4c56)C=C3c4cc(-c5ccc6ccc7cccc8ccc5c6c78)c5nc(C(F)(F)C(F)(F)C(F)(F)F)nc6c(-c7ccc8ccc9cccc%10ccc7c8c9%10)cc(c4c56)=C4C=C(c5ccc6ccc7cccc8ccc5c6c78)C(=N1)C2C34,Cc1ccccc1,504.9398734246045,4.890176982278154
FC(F)(F)C(F)(F)C(F)(F)C1=NC2=C(c3ccc(N(c4ccccc4)c4ccccc4)cc3)C=C3c4cc(-c5ccc(N(c6ccccc6)c6ccccc6)cc5)c5nc(C(F)(F)C(F)(F)C(F)(F)F)nc6c(-c7ccc(N(c8ccccc8)c8ccccc8)cc7)cc(c4c56)=C4C=C(c5ccc(N(c6ccccc6)c6ccccc6)cc5)C(=N1)C2C34,C1CCOC1,494.67620469192593,4.747727125701063
FC(F)(F)C(F)(F)C(F)(F)C1=NC2=C(c3ccc(N(c4ccccc4)c4ccccc4)cc3)C=C3c4cc(-c5ccc(N(c6ccccc6)c6ccccc6)cc5)c5nc(C(F)(F)C(F)(F)C(F)(F)F)nc6c(-c7ccc(N(c8ccccc8)c8ccccc8)cc7)cc(c4c56)=C4C=C(c5ccc(N(c6ccccc6)c6ccccc6)cc5)C(=N1)C2C34,Cc1ccccc1,500.7214084120412,4.7198722552099746
FC(F)(F)C(F)(F)C(F)(F)C1=NC2=C(Sc3ccccc3)C=C3c4cc(Sc5ccccc5)c5nc(C(F)(F)C(F)(F)C(F)(F)F)nc6c(Sc7ccccc7)cc(c4c56)=C4C=C(Sc5ccccc5)C(=N1)C2C34,C1CCOC1,545.9769299522953,4.76589104693696
CC1=C(c2cccs2)C(C)=[N+]2C1=C(c1ccc(OS(=O)(=O)c3ccc([N+](=O)[O-])cc3[N+](=O)[O-])cc1)c1c(C)c(-c3cccs3)c(C)n1[B-]2(F)F,Cc1ccccc1,543.2009513967887,4.802675662571838
CC1=C(c2cccs2)C(C)=[N+]2C1=C(c1ccc(OS(=O)(=O)c3ccc([N+](=O)[O-])cc3[N+](=O)[O-])cc1)c1c(C)c(-c3cccs3)c(C)n1[B-]2(F)F,ClCCl,535.7078733096914,4.7361425268668
CC1=C(c2cccs2)C(C)=[N+]2C1=C(c1ccc(OS(=O)(=O)c3ccc([N+](=O)[O-])cc3[N+](=O)[O-])cc1)c1c(C)c(-c3cccs3)c(C)n1[B-]2(F)F,CO,527.7793359764927,4.780218529869137
CC1=C(c2cccs2)C(C)=[N+]2C1=C(c1ccccc1)c1c(C)c(-c3cccs3)c(C)n1[B-]2(F)F,Cc1ccccc1,532.5377719525976,4.786375588765559
CC1=C(c2cccs2)C(C)=[N+]2C1=C(c1ccccc1)c1c(C)c(-c3cccs3)c(C)n1[B-]2(F)F,ClCCl,527.2057826636016,4.776731569748146
CC1=C(c2cccs2)C(C)=[N+]2C1=C(c1ccccc1)c1c(C)c(-c3cccs3)c(C)n1[B-]2(F)F,CO,522.9587673473433,4.620643409471465
c1ccc(-c2cccc(N3c4cc(-c5ccccc5)ccc4B4c5ccc(N(c6ccccc6)c6ccccc6)cc5N(c5ccccc5)c5cccc3c54)c2)cc1,ClCCl,423.56894192519707,4.496388163464004
CCC1(CC)c2cc(C#Cc3cc(C#Cc4ccc5c(c4)C(CC)(CC)c4cc(N(c6ccccc6)c6ccccc6)ccc4-5)c4ccc5c(C#Cc6ccc7c(c6)C(CC)(CC)c6cc(N(c8ccccc8)c8ccccc8)ccc6-7)cc(C#Cc6ccc7c(c6)C(CC)(CC)c6cc(N(c8ccccc8)c8ccccc8)ccc6-7)c6ccc3c4c65)ccc2-c2ccc(N(c3ccccc3)c3ccccc3)cc21,Cc1ccccc1,449.8531370615735,4.704954667991636
CCC1(CC)c2cc(C#Cc3cc(C#Cc4ccc5c(c4)C(CC)(CC)c4cc(N(c6ccccc6)c6ccccc6)ccc4-5)c4ccc5c(C#Cc6ccc7c(c6)C(CC)(CC)c6cc(N(c8ccccc8)c8ccccc8)ccc6-7)cc(C#Cc6ccc7c(c6)C(CC)(CC)c6cc(N(c8ccccc8)c8ccccc8)ccc6-7)c6ccc3c4c65)ccc2-c2ccc(N(c3ccccc3)c3ccccc3)cc21,ClC(Cl)Cl,456.9876483384091,4.762187794909904
CCC1(CC)c2cc(C#Cc3cc(C#Cc4ccc5c(c4)C(CC)(CC)c4cc(N(c6ccccc6)c6ccccc6)ccc4-5)c4ccc5c(C#Cc6ccc7c(c6)C(CC)(CC)c6cc(N(c8ccccc8)c8ccccc8)ccc6-7)cc(C#Cc6ccc7c(c6)C(CC)(CC)c6cc(N(c8ccccc8)c8ccccc8)ccc6-7)c6ccc3c4c65)ccc2-c2ccc(N(c3ccccc3)c3ccccc3)cc21,CCOC(C)=O,446.823465520749,4.706443471846646
CCC1(CC)c2cc(C#Cc3cc(C#Cc4ccc5c(c4)C(CC)(CC)c4cc(N(c6ccccc6)c6ccccc6)ccc4-5)c4ccc5c(C#Cc6ccc7c(c6)C(CC)(CC)c6cc(N(c8ccccc8)c8ccccc8)ccc6-7)cc(C#Cc6ccc7c(c6)C(CC)(CC)c6cc(N(c8ccccc8)c8ccccc8)ccc6-7)c6ccc3c4c65)ccc2-c2ccc(N(c3ccccc3)c3ccccc3)cc21,C1CCOC1,456.07876786903216,4.756129774748304
CCC1(CC)c2cc(C#Cc3cc(C#Cc4ccc5c(c4)C(CC)(CC)c4cc(N(c6ccccc6)c6ccccc6)ccc4-5)c4ccc5c(C#Cc6ccc7c(c6)C(CC)(CC)c6cc(N(c8ccccc8)c8ccccc8)ccc6-7)cc(C#Cc6ccc7c(c6)C(CC)(CC)c6cc(N(c8ccccc8)c8ccccc8)ccc6-7)c6ccc3c4c65)ccc2-c2ccc(N(c3ccccc3)c3ccccc3)cc21,ClCCl,456.8632753365539,4.727356360729798
CCC1(CC)c2cc(C#Cc3cc(C#Cc4ccc5c(c4)C(CC)(CC)c4cc(N(c6ccccc6)c6ccccc6)ccc4-5)c4ccc5c(C#Cc6ccc7c(c6)C(CC)(CC)c6cc(N(c8ccccc8)c8ccccc8)ccc6-7)cc(C#Cc6ccc7c(c6)C(CC)(CC)c6cc(N(c8ccccc8)c8ccccc8)ccc6-7)c6ccc3c4c65)ccc2-c2ccc(N(c3ccccc3)c3ccccc3)cc21,CN(C)C=O,449.0519016321092,4.71537303593242
N#Cc1cc(C#N)c(-n2c3ccccc3c3ccccc32)cc1-n1c2ccccc2c2ccccc21,Cc1ccccc1,365.25002383910265,3.9493921071025806
FC(F)(F)c1ccc(-c2nnc(-c3cc(-c4nnc(-c5ccc(C(F)(F)F)cc5)o4)c(-n4c5ccccc5c5ccccc54)cc3-n3c4ccccc4c4ccccc43)o2)cc1,Cc1ccccc1,373.77769925329704,3.2293466833123077
CC1(C)c2ccccc2N(c2ccc3c(c2)C2(c4cc(N5c6ccccc6C(C)(C)c6ccccc65)ccc4-3)c3ccccc3S(=O)(=O)c3ccccc32)c2ccccc21,Cc1ccccc1,388.6505626030872,3.83975358420806
CCCCN1C(=O)C(=CC=C2N(CCCC)c3ccccc3N2CCCC)C(=O)N(CCCC)C1=S,CCCCCC,512.8051043769882,4.692190295124288
CCCCN1C(=O)C(=CC=C2N(CCCC)c3ccccc3N2CCCC)C(=O)N(CCCC)C1=S,Cc1ccccc1,560.6351540792817,5.0882709282007745
CCCCN1C(=O)C(=CC=C2N(CCCC)c3ccccc3N2CCCC)C(=O)N(CCCC)C1=S,ClC(Cl)Cl,548.8442969498506,4.831501474780211
CCCCN1C(=O)C(=CC=C2N(CCCC)c3ccccc3N2CCCC)C(=O)N(CCCC)C1=S,ClCCl,531.4372648165987,4.736260866386141
CCCCN1C(=O)C(=CC=C2N(CCCC)c3ccccc3N2CCCC)C(=O)N(CCCC)C1=S,CN(C)C=O,485.4532454112771,4.5459373873416515
CCCCN1C(=O)C(=CC=C2N(CCCC)c3ccccc3N2CCCC)C(=O)N(CCCC)C1=S,CCO,451.209615182466,4.504500567458492
CCCCN1C(=O)C(=C/C=C/C=C/C=C2N(CCCC)c3ccccc3N2CCCC)C(=O)N(CCCC)C1=S,ClC(Cl)Cl,563.5810984051345,4.878526297268005
CCCCN1C(=O)C(=C/C=C/C=C/C=C2N(CCCC)c3ccccc3N2CCCC)C(=O)N(CCCC)C1=S,ClCCl,559.5633158684014,4.808544477106585
CCCCN1C(=O)C(=C/C=C/C=C/C=C2N(CCCC)c3ccccc3N2CCCC)C(=O)N(CCCC)C1=S,CN(C)C=O,516.3979662446234,4.651508206528454
CCCCN1C(=O)C(=C/C=C/C=C/C=C2N(CCCC)c3ccccc3N2CCCC)C(=O)N(CCCC)C1=S,CC#N,540.9992441259476,4.8146388175062205
CCCCN1C(=O)C(=C/C=C/C=C/C=C2N(CCCC)c3ccccc3N2CCCC)C(=O)N(CCCC)C1=S,CCO,477.8498681299136,4.547126395333558
CCCCN1C(=O)C(=C/C=C/C=C/C=C2N(CCCC)c3ccccc3N2CCCC)C(=O)N(CCCC)C1=S,CO,528.105370080923,4.729923328859244
CCCCN1C(=O)C(=C/C=C/C=C/C=C2N(CCCC)c3ccccc3N2CCCC)C(=O)N(CCCC)C1=S,OCC(F)(F)F,515.7473776819417,4.627176598290589
c1ccc(-c2cccc(N3c4cc(-c5ccccc5)ccc4B4c5ccc(N(c6ccccc6)c6ccccc6)cc5N(c5ccccc5)c5cccc3c54)c2)cc1,ClCCl,423.56894192519707,4.496388163464004
CC1(C)c2ccccc2N(c2ccc3c(c2)c(=O)c2cccc4c(=O)c5cc(N6c7ccccc7C(C)(C)c7ccccc76)ccc5n3c24)c2ccccc21,Cc1ccccc1,452.9476757914185,3.4822001415368664
II,ClC(Cl)(Cl)Cl,429.30339185321395,3.152727855665317
II,CCCCCCC,391.3573630173098,3.156494152093588
CC(C)=C(C)C,CCCCCCC,300.56042981941664,3.1309781528432277
N=C(N)N,O,261.1570649971888,3.2993016344641335
CC(C)=N[O-],CCO,308.4116322276492,2.8285201575170946
CCSSCC,CCCCCC,315.77222891426374,3.495136954058774
O=C1CCC(=O)N1,CC#N,348.63065044513957,3.625790446345939
C1=Cc2ccc(N(c3ccccc3)c3ccccc3)cc2Cc2cc(N(c3ccccc3)c3ccccc3)ccc21,ClCCl,406.26865970835223,4.361393305067419
Fc1ccc(N(c2ccccc2)c2ccc3ccc4c(N(c5ccccc5)c5ccc(F)cc5)ccc5ccc2c3c54)cc1,ClCCl,417.1610391550961,4.418321776978076
c1ccc(N(c2ccccc2)c2ccc3ccc4c(N(c5ccccc5)c5ccccc5)ccc5ccc2c3c54)cc1,ClCCl,421.9962341179393,4.369843816801223
CCCCC(CC)Cn1c2ccccc2c2cc(-c3ccc4c(c3)-c3cc(-c5ccc6c(c5)c5ccccc5n6CC(CC)CCCC)ccc3S4(=O)=O)ccc21,Cc1ccccc1,343.4525693316713,4.379705092990249
CCCCC(CC)Cn1c2ccccc2c2ccc(-c3ccc4c(c3)S(=O)(=O)c3cc(-c5ccc6c7ccccc7n(CC(CC)CCCC)c6c5)ccc3-4)cc21,Cc1ccccc1,378.3429383897253,4.640634912216347
c1ccc(N2c3ccccc3C3(c4ccccc4-c4ccccc43)c3ccccc32)cc1,ClCCl,354.662662214302,4.090719874730525
c1ccc(N(c2ccccc2)c2ccc(-c3ccc4c(c3)C3(c5cc(-c6ccc(N(c7ccccc7)c7ccccc7)cc6)ccc5-4)c4ccccc4N(c4ccccc4)c4ccccc43)cc2)cc1,ClCCl,340.48858206296296,4.727007534355928
c1ccc(N(c2ccccc2)c2ccc(-c3ccc4c(c3)C3(c5ccccc5Oc5ccccc53)c3cc(-c5ccc(N(c6ccccc6)c6ccccc6)cc5)ccc3-4)cc2)cc1,ClCCl,338.5178868930014,4.802542476295175
O=S1(=O)c2ccccc2C2(c3cc(-c4ccc(N(c5ccccc5)c5ccccc5)cc4)ccc3-c3ccc(-c4ccc(N(c5ccccc5)c5ccccc5)cc4)cc32)c2ccccc21,ClCCl,343.37246241133226,4.820068095601017
O=S1(=O)c2ccccc2C2(c3cc(-c4ccc(-n5c6ccccc6c6ccccc65)cc4)ccc3-c3ccc(-c4ccc(-n5c6ccccc6c6ccccc65)cc4)cc32)c2ccccc21,ClCCl,349.9126983051365,4.9389775493649175
c1ccc2c(c1)OB1Oc3ccccc3-c3c1c-2c1c2c3-c3ccccc3OB2Oc2ccccc2-1,ClCCl,408.64258655658807,4.4702181102361855
Cc1cc(C)c(B2c3cc(C(C)(C)C)ccc3-c3cccc4cc(C(C)(C)C)cc2c34)c(C)c1,C1CCCCC1,388.73719370172523,3.988833278373284
Cc1cc(C)c(B2c3cc(C(C)(C)C)cc4ccc5ccc6cc(C(C)(C)C)cc2c6c5c34)c(C)c1,C1CCCCC1,404.0873147413601,3.99955332518054
Cc1cc(C)c(B2c3cc(C(C)(C)C)ccc3-c3cc4ccccc4c4cc(C(C)(C)C)cc2c34)c(C)c1,C1CCCCC1,406.10713478878154,4.2474077987385295
c1cc2c3c(c1)ccc1[n+]3[B-]3(Oc4cccc5ccc6[n+](c45)[B-](O2)(O3)n2c-6cc3c4ccccc4c4ccccc4c32)n2c-1cc1c3ccccc3c3ccccc3c12,ClCCl,619.1749889587825,4.526390264338651
O=[N+]([O-])c1ccc2c(ccc3[n+]2[B-](F)(F)n2c-3cc3c4ccccc4c4ccccc4c32)c1,ClCCl,505.032135919248,4.147697003719791
CCC12C(=C3C(=C4c5ccc(-c6ccc(CO)cc6)cc5S(=O)(=O)C41CC)C(F)(F)C(F)(F)C3(F)F)c1ccc(-c3ccc(CO)cc3)cc1S2(=O)=O,C1COCCO1,459.7961525761103,4.60867326569766
CCC12C(=C3C(=C4c5ccc(-c6ccc(C(C)=O)s6)cc5S(=O)(=O)C41CC)C(F)(F)C(F)(F)C3(F)F)c1ccc(-c3ccc(C(C)=O)s3)cc1S2(=O)=O,C1COCCO1,461.8358651241108,4.67314730100849
c1cc2c(C3SCCCS3)c3ccc(=[N+]4CCCCC4)cc-3oc2cc1N1CCCCC1,CO,566.3200421035411,4.808473538575867
CCC1=C(C)C2=Cc3c4ccccc4c4n3[B-](c3ccc5cc6ccccc6cc5c3)(Oc3ccccc3-4)[N+]2=C1C,CCCCCC,642.3738307216032,4.88243577437543
CCC1=C(C)C2=Cc3c4ccccc4c4n3[B-](c3ccc5cc6ccccc6cc5c3)(Oc3ccccc3-4)[N+]2=C1C,Cc1ccccc1,649.0211255718391,4.85358439677518
CCC1=C(C)C2=Cc3c4ccccc4c4n3[B-](c3ccc5cc6ccccc6cc5c3)(Oc3ccccc3-4)[N+]2=C1C,ClCCl,648.1360349411302,4.8121784201250675
CCC1=C(C)C2=Cc3c4ccccc4c4n3[B-](c3ccc5cc6ccccc6cc5c3)(Oc3ccccc3-4)[N+]2=C1C,CC#N,641.017962876719,4.783814631762249
CCC1=C(C)C2=Cc3c4ccccc4c4n3[B-](c3cc[n+](C)cc3)(Oc3ccccc3-4)[N+]2=C1C,CO,620.2394102090702,4.742532462583564
CCC1=C(C)C2=Cc3c4ccccc4c4n3[B-](c3cc[n+](C)cc3)(Oc3ccccc3-4)[N+]2=C1C,CS(C)=O,633.4617157599288,4.702736345178045
F[B-]1(F)OC(c2ccccc2)=Cc2cc(Cl)nc[n+]21,CCCCCC,379.66458083227934,4.4839985897429395
F[B-]1(F)OC(c2ccccc2)=Cc2cc(Cl)nc[n+]21,Cc1ccccc1,380.7154917267403,4.440207771221805
F[B-]1(F)OC(c2ccccc2)=Cc2cc(Cl)nc[n+]21,ClC(Cl)Cl,378.63524030721834,4.487904382319736
F[B-]1(F)OC(c2ccccc2)=Cc2cc(Cl)nc[n+]21,C1CCOC1,377.55846369917583,4.417809758487819
F[B-]1(F)OC(c2ccccc2)=Cc2cc(Cl)nc[n+]21,ClCCl,379.67294052102795,4.43797423500841
F[B-]1(F)OC(c2ccccc2)=Cc2cc(Cl)nc[n+]21,CC#N,372.2396601178998,4.485196306625423
CC(C)[Si]1(C(C)C)c2cc(N(C)C)ccc2-c2ccc(C(F)(F)F)cc21,C1CCCCC1,349.1604137230172,4.389536373524066
CC(C)[Si]1(C(C)C)c2cc(N(C)C)ccc2-c2ccc(C(F)(F)F)cc21,c1ccccc1,352.2682325894787,4.430305364309578
CC(C)[Si]1(C(C)C)c2cc(N(C)C)ccc2-c2ccc(C(F)(F)F)cc21,CCOCC,349.7856859766058,4.515204527261014
CC(C)[Si]1(C(C)C)c2cc(N(C)C)ccc2-c2ccc(C(F)(F)F)cc21,ClCCl,347.09088193425066,4.38220617050061
CC(C)[Si]1(C(C)C)c2cc(N(C)C)ccc2-c2ccc(C(F)(F)F)cc21,CCO,340.4346530178466,4.425532136356867
CC(C)[Si]1(C(C)C)c2cc(N(C)C)ccc2-c2ccc(C(F)(F)F)cc21,CC#N,324.39673062629447,4.275799542459038
CC(C)[Si]1(C(C)C)c2cc(N(C)C)ccc2-c2ccc(C(F)(F)F)cc21,CS(C)=O,353.5178093955684,4.370260013731282
CC(C)[Si]1(C(C)C)c2cc(C=C(C#N)C#N)ccc2-c2ccc(N(C)C)cc21,C1CCCCC1,466.7091781449487,4.708224648186099
CC(C)[Si]1(C(C)C)c2cc(C=C(C#N)C#N)ccc2-c2ccc(N(C)C)cc21,c1ccccc1,468.74396009982803,4.573979127811184
CC(C)[Si]1(C(C)C)c2cc(C=C(C#N)C#N)ccc2-c2ccc(N(C)C)cc21,CCOCC,458.2752292634945,4.575850362407859
CC(C)[Si]1(C(C)C)c2cc(C=C(C#N)C#N)ccc2-c2ccc(N(C)C)cc21,ClCCl,482.2334479209203,4.558418368202157
CC(C)[Si]1(C(C)C)c2cc(C=C(C#N)C#N)ccc2-c2ccc(N(C)C)cc21,CCO,470.64854255582105,4.552649298528494
CC(C)[Si]1(C(C)C)c2cc(C=C(C#N)C#N)ccc2-c2ccc(N(C)C)cc21,CC#N,468.2323677510788,4.564348181182537
CC(C)[Si]1(C(C)C)c2cc(C=C(C#N)C#N)ccc2-c2ccc(N(C)C)cc21,CS(C)=O,473.4552097222643,4.53034448088186
CC1=[N+]2C(=C(c3ccc(C(=C(c4ccccc4)c4ccccc4)c4ccccc4)cc3)c3ccc(C)n3[B-]2(F)F)C=C1,C1CCOC1,555.2975646104443,4.737765096384125
CC1=[N+]2C(=C(c3ccc(C(=C(c4ccccc4)c4ccccc4)c4ccccc4)cc3)c3ccc(/C=C/c4ccc(C(=C(c5ccccc5)c5ccccc5)c5ccccc5)cc4)n3[B-]2(F)F)C=C1,C1CCOC1,614.7616476769134,4.77519576323215
Cc1cc(C)c(B(c2c(C)cc(C)cc2C)c2cc3ccc4ccccc4c3c3c2cc(N(C)C)c2ccccc23)c(C)c1,C1CCCCC1,418.3918347560491,3.3816442129633506
Cc1cc(C)c(B(c2c(C)cc(C)cc2C)c2cc3ccc4ccccc4c3c3c2cc(N(C)C)c2ccccc23)c(C)c1,c1ccccc1,420.5582693222541,3.38300692801593
Cc1cc(C)c(B(c2c(C)cc(C)cc2C)c2cc3ccc4ccccc4c3c3c2cc(N(C)C)c2ccccc23)c(C)c1,ClC(Cl)Cl,418.4257058549166,3.4009379000082776
Cc1cc(C)c(B(c2c(C)cc(C)cc2C)c2cc3ccc4ccccc4c3c3c2cc(N(C)C)c2ccccc23)c(C)c1,C1CCOC1,419.14682890121304,3.4463946876532034
Cc1cc(C)c(B(c2c(C)cc(C)cc2C)c2cc3ccc4ccccc4c3c3c2cc(N(C)C)c2ccccc23)c(C)c1,CC#N,409.69818299728195,3.2950573448732863
CN1/C(=C/C=C/C2=[N+](C)c3c(F)c(F)c4c(F)c(F)c(F)c(F)c4c3C2(C)C)C(C)(C)c2c1c(F)c(F)c1c(F)c(F)c(F)c(F)c21,ClCCl,584.0110039790717,4.892746376585015
CN1/C(=C/C=C/C2=[N+](C)c3ccc4ccccc4c3C2(C)C)C(C)(C)c2c1ccc1ccccc21,ClCCl,600.4851348046639,5.070272312933603
C[N+]1=C(/C=C/C2=C3Oc4c(cc5c6c4CCCN6CCC5)C(c4ccccc4C(=O)O)=C3CCC2)C(C)(C)c2ccccc21,CCO,717.7797340967954,5.1162570657535555
C[N+]1=C(/C=C/C2=C3Oc4c(cc5c6c4CCCN6CCC5)C(c4ccccc4C(=O)O)=C3CCC2)C(C)(C)c2ccccc21,CO,718.9086604286001,5.1160513838472355
C[N+]1=C(/C=C/C2=C3Oc4c(cc5c6c4CCCN6CCC5)C(c4ccccc4C(=O)O)=C3CCC2)C(C)(C)c2ccccc21,CC#N,725.8410212894883,5.107085028772584
C[N+]1=C(/C=C/C2=C3Oc4c(cc5c6c4CCCN6CCC5)C(c4ccccc4C(=O)O)=C3CCC2)C(C)(C)c2ccccc21,ClC(Cl)Cl,732.7315275175376,5.104842516608039
CCc1c(C)[nH]c(C2=[N+]3C(=Cc4c(C)c(CC)c(C)n4[B-]3(F)F)c3ccccc32)c1C,CCCCCC,617.3328981417212,4.906782790650467
CCc1c(C)[nH]c(C2=[N+]3C(=Cc4c(C)c(CC)c(C)n4[B-]3(F)F)c3ccccc32)c1C,Cc1ccccc1,623.5853085159658,4.7134293057060885
CCc1c(C)[nH]c(C2=[N+]3C(=Cc4c(C)c(CC)c(C)n4[B-]3(F)F)c3ccccc32)c1C,ClCCl,622.295681371323,4.918270559657705
CCc1c(C)[nH]c(C2=[N+]3C(=Cc4c(C)c(CC)c(C)n4[B-]3(F)F)c3ccccc32)c1C,C1CCOC1,620.6852644378203,4.729512363374238
CCc1c(C)[nH]c(C2=[N+]3C(=Cc4c(C)c(CC)c(C)n4[B-]3(F)F)c3ccccc32)c1C,CC#N,615.3298442960432,4.811100473120253
CCc1c(C)[nH]c(C2=[N+]3C(=Cc4c(C)c(CC)c(C)n4[B-]3(F)F)c3ccccc32)c1C,CO,613.1762536205613,4.733933872551271
CC1=C2c3ccccc3C(c3ccc[nH]3)=[N+]2[B-](F)(F)n2cccc21,CCCCCC,585.9434593479986,4.891635621867678
CC1=C2c3ccccc3C(c3ccc[nH]3)=[N+]2[B-](F)(F)n2cccc21,Cc1ccccc1,590.8182754271384,4.7154822501277485
CC1=C2c3ccccc3C(c3ccc[nH]3)=[N+]2[B-](F)(F)n2cccc21,ClCCl,577.0468650631196,4.75222906084886
CC1=C2c3ccccc3C(c3ccc[nH]3)=[N+]2[B-](F)(F)n2cccc21,C1CCOC1,582.3687590446425,4.6479571156581505
CC1=C2c3ccccc3C(c3ccc[nH]3)=[N+]2[B-](F)(F)n2cccc21,CC#N,571.8821007652607,4.637009732405845
CC1=C2c3ccccc3C(c3ccc[nH]3)=[N+]2[B-](F)(F)n2cccc21,CO,570.1379537847108,4.524925296771463
Cc1ccc(C2=[N+]3C(=Cc4c(C)cc(C)n4[B-]3(F)F)c3ccccc32)[nH]1,CCCCCC,601.3998558183458,5.042453255718104
Cc1ccc(C2=[N+]3C(=Cc4c(C)cc(C)n4[B-]3(F)F)c3ccccc32)[nH]1,Cc1ccccc1,608.6437290241203,4.946949280333776
Cc1ccc(C2=[N+]3C(=Cc4c(C)cc(C)n4[B-]3(F)F)c3ccccc32)[nH]1,ClCCl,603.2463668442451,4.888237343962987
Cc1ccc(C2=[N+]3C(=Cc4c(C)cc(C)n4[B-]3(F)F)c3ccccc32)[nH]1,C1CCOC1,602.3441822420697,4.925510888664616
Cc1ccc(C2=[N+]3C(=Cc4c(C)cc(C)n4[B-]3(F)F)c3ccccc32)[nH]1,CC#N,598.2850819905207,4.877074646517904
Cc1ccc(C2=[N+]3C(=Cc4c(C)cc(C)n4[B-]3(F)F)c3ccccc32)[nH]1,CO,598.3873211712137,4.959960652546724
CCc1c(C)[nH]c(C2=[N+]3C(=Cc4c(C)cc(C)n4[B-]3(F)F)c3ccccc32)c1C,CCCCCC,604.3909761768986,5.019053607406651
CCc1c(C)[nH]c(C2=[N+]3C(=Cc4c(C)cc(C)n4[B-]3(F)F)c3ccccc32)c1C,Cc1ccccc1,612.4970398353908,4.920372643224942
CCc1c(C)[nH]c(C2=[N+]3C(=Cc4c(C)cc(C)n4[B-]3(F)F)c3ccccc32)c1C,ClCCl,606.5667303288985,4.9258713389631215
CCc1c(C)[nH]c(C2=[N+]3C(=Cc4c(C)cc(C)n4[B-]3(F)F)c3ccccc32)c1C,C1CCOC1,606.5776060404745,4.874638909238548
CCc1c(C)[nH]c(C2=[N+]3C(=Cc4c(C)cc(C)n4[B-]3(F)F)c3ccccc32)c1C,CC#N,600.1037232251025,4.853287823744764
CCc1c(C)[nH]c(C2=[N+]3C(=Cc4c(C)cc(C)n4[B-]3(F)F)c3ccccc32)c1C,CO,601.0371239913878,4.926027012645387
CCOC(=O)COc1ccc(/C=C/c2cc(C)c3n2[B-](F)(F)[N+]2=C(c4[nH]c(C)cc4C)c4ccccc4C2=C3)cc1,CCCCCC,655.095104352031,5.048039185208454
CCOC(=O)COc1ccc(/C=C/c2cc(C)c3n2[B-](F)(F)[N+]2=C(c4[nH]c(C)cc4C)c4ccccc4C2=C3)cc1,Cc1ccccc1,666.8712898843305,5.042881494137848
CCOC(=O)COc1ccc(/C=C/c2cc(C)c3n2[B-](F)(F)[N+]2=C(c4[nH]c(C)cc4C)c4ccccc4C2=C3)cc1,ClCCl,663.2396512976378,5.112972383648183
CCOC(=O)COc1ccc(/C=C/c2cc(C)c3n2[B-](F)(F)[N+]2=C(c4[nH]c(C)cc4C)c4ccccc4C2=C3)cc1,C1CCOC1,663.5907207656843,5.08338706927376
CCOC(=O)COc1ccc(/C=C/c2cc(C)c3n2[B-](F)(F)[N+]2=C(c4[nH]c(C)cc4C)c4ccccc4C2=C3)cc1,CC#N,657.7471047901585,5.0174108318147255
CCOC(=O)COc1ccc(/C=C/c2cc(C)c3n2[B-](F)(F)[N+]2=C(c4[nH]c(C)cc4C)c4ccccc4C2=C3)cc1,CO,654.5530918513565,5.04600887303881
CCOC(=O)COc1ccc(/C=C/c2c(CC)c(C)c3n2[B-](F)(F)[N+]2=C(c4[nH]c(C)c(CC)c4C)c4ccccc4C2=C3C)cc1,CCCCCC,650.6432048642531,5.07440434655445
CCOC(=O)COc1ccc(/C=C/c2c(CC)c(C)c3n2[B-](F)(F)[N+]2=C(c4[nH]c(C)c(CC)c4C)c4ccccc4C2=C3C)cc1,Cc1ccccc1,661.5027090077647,5.007876968494325
CCOC(=O)COc1ccc(/C=C/c2c(CC)c(C)c3n2[B-](F)(F)[N+]2=C(c4[nH]c(C)c(CC)c4C)c4ccccc4C2=C3C)cc1,ClCCl,661.1712432907792,5.063563244357613
CCOC(=O)COc1ccc(/C=C/c2c(CC)c(C)c3n2[B-](F)(F)[N+]2=C(c4[nH]c(C)c(CC)c4C)c4ccccc4C2=C3C)cc1,C1CCOC1,657.1156142766793,5.051647671469869
CCOC(=O)COc1ccc(/C=C/c2c(CC)c(C)c3n2[B-](F)(F)[N+]2=C(c4[nH]c(C)c(CC)c4C)c4ccccc4C2=C3C)cc1,CC#N,651.8515201446223,4.994391695029965
CCOC(=O)COc1ccc(/C=C/c2c(CC)c(C)c3n2[B-](F)(F)[N+]2=C(c4[nH]c(C)c(CC)c4C)c4ccccc4C2=C3C)cc1,CO,651.284984225423,5.052612203733381
CCOC(=O)COc1ccc(/C=C/C2=C3c4ccccc4C(c4ccc[nH]4)=[N+]3[B-](F)(F)n3ccc(C)c32)cc1,CCCCCC,609.6654715348369,4.85357440237269
CCOC(=O)COc1ccc(/C=C/C2=C3c4ccccc4C(c4ccc[nH]4)=[N+]3[B-](F)(F)n3ccc(C)c32)cc1,Cc1ccccc1,619.3686165815238,4.800938809234733
CCOC(=O)COc1ccc(/C=C/C2=C3c4ccccc4C(c4ccc[nH]4)=[N+]3[B-](F)(F)n3ccc(C)c32)cc1,ClCCl,609.3951395536444,4.133890460911615
CCOC(=O)COc1ccc(/C=C/C2=C3c4ccccc4C(c4ccc[nH]4)=[N+]3[B-](F)(F)n3ccc(C)c32)cc1,C1CCOC1,610.594814199788,4.76609672884328
CCOC(=O)COc1ccc(/C=C/C2=C3c4ccccc4C(c4ccc[nH]4)=[N+]3[B-](F)(F)n3ccc(C)c32)cc1,CC#N,605.1390403336302,4.71208411706947
CCOC(=O)COc1ccc(/C=C/C2=C3c4ccccc4C(c4ccc[nH]4)=[N+]3[B-](F)(F)n3ccc(C)c32)cc1,CO,606.1742307678453,4.710901663377746
CCc1c(C)[nH]c(C2=[N+]3C(=Cc4c(C)c(CC)c(/C=C/c5ccc(N(C)C)cc5)n4[B-]3(F)F)c3ccccc32)c1C,CCCCCC,652.587722158992,4.963459490073572
CCc1c(C)[nH]c(C2=[N+]3C(=Cc4c(C)c(CC)c(/C=C/c5ccc(N(C)C)cc5)n4[B-]3(F)F)c3ccccc32)c1C,Cc1ccccc1,662.8892061528736,4.91005287947974
CCc1c(C)[nH]c(C2=[N+]3C(=Cc4c(C)c(CC)c(/C=C/c5ccc(N(C)C)cc5)n4[B-]3(F)F)c3ccccc32)c1C,ClCCl,665.5717734588976,4.956158035880417
CCc1c(C)[nH]c(C2=[N+]3C(=Cc4c(C)c(CC)c(/C=C/c5ccc(N(C)C)cc5)n4[B-]3(F)F)c3ccccc32)c1C,C1CCOC1,663.7044974406324,4.868285692087453
CCc1c(C)[nH]c(C2=[N+]3C(=Cc4c(C)c(CC)c(/C=C/c5ccc(N(C)C)cc5)n4[B-]3(F)F)c3ccccc32)c1C,CC#N,657.3962850514249,4.878181852498124
CCc1c(C)[nH]c(C2=[N+]3C(=Cc4c(C)c(CC)c(/C=C/c5ccc(N(C)C)cc5)n4[B-]3(F)F)c3ccccc32)c1C,CO,649.9384562568406,4.934611371517613
CCN(CC)c1ccc(OC)c(C=O)c1,CCCCCC,384.6214704500971,3.6906916337284166
CCN(CC)c1ccc(OC)c(C=O)c1,Cc1ccccc1,402.7110939574762,3.6409775927386887
CCN(CC)c1ccc(OC)c(C=O)c1,CCOC(C)=O,395.4682664931994,3.5637078253121173
CCN(CC)c1ccc(OC)c(C=O)c1,ClCCl,410.5926759366206,3.707526770183956
CCN(CC)c1ccc(OC)c(C=O)c1,CS(C)=O,415.52814970505074,3.7357826117575597
CCN(CC)c1ccc(OC)c(C=O)c1,CC#N,383.810081182852,3.6976592531514365
CCN(CC)c1ccc(OC)c(C=O)c1,CC(C)O,402.5815437548033,3.6917886280365284
CCN(CC)c1ccc(OC)c(C=O)c1,CO,400.89151935958745,3.7506442882605184
COc1ccc(-c2cc3c(o2)=CC2=Cc4cc5oc(-c6ccc(OC)cc6)cc5n4[B-](F)(F)[N+]=32)cc1,ClC(Cl)Cl,700.6160631789451,5.423800908329495
CCCCN1C(=O)C2=C(c3ccc(Br)cc3)[N-]C(=O)C2=C1c1ccc(Br)cc1,ClCCl,557.4031323390594,4.4517878254998635
CCCCN1C(=O)C2=C(c3ccc(-c4ccccc4)cc3)[N-]C(=O)C2=C1c1ccc(-c2ccccc2)cc1,ClCCl,598.7642875690058,4.346951431943878
CC1(C)C(/C=C/C=C/c2cc3ccc(O)cc3oc2=O)=[N+](CCCS(=O)(=O)[O-])c2ccccc21,O,606.9677956053836,4.496247707707993
CC1(C)C(/C=C/C=C/c2cc3ccc(O)cc3oc2=O)=[N+](CCCS(=O)(=O)[O-])c2ccccc21,CS(C)=O,640.9970355602998,4.61175570599902
CC1(C)C(/C=C/c2cc3ccc(O)cc3oc2=O)=[N+](CCCS(=O)(=O)[O-])c2ccc(S(=O)(=O)O)cc21,O,570.4623396756762,4.396610202710958
CC1(C)C(/C=C/c2cc3ccc(O)cc3oc2=O)=[N+](CCCS(=O)(=O)[O-])c2ccc(S(=O)(=O)O)cc21,CS(C)=O,599.6279763976007,4.319120506375422
CC1(C)C(/C=C/c2cc3ccc(O)cc3oc2=O)=[N+](CCCS(=O)(=O)[O-])c2ccc(S(=O)(=O)O)cc21,CCO,639.6820733768652,4.365730294099298
CC1(C)C(/C=C/C=C/c2cc3ccc(O)cc3oc2=O)=[N+](CCCS(=O)(=O)[O-])c2ccc(S(=O)(=O)O)cc21,O,619.2286557881204,4.531892065221807
CC1(C)C(/C=C/C=C/c2cc3ccc(O)cc3oc2=O)=[N+](CCCS(=O)(=O)[O-])c2ccc(S(=O)(=O)O)cc21,CS(C)=O,646.9608087947177,4.559136426188315
CC1(C)C(/C=C/C=C/c2cc3ccc(O)cc3oc2=O)=[N+](CCCS(=O)(=O)[O-])c2ccc(S(=O)(=O)O)cc21,CCO,659.8404607553738,4.548072640737442
CC1(C)C(/C=C/c2cc3ccc(O)cc3oc2=O)=[N+](CCCS(=O)(=O)[O-])c2ccc3c(S(=O)(=O)O)cc(S(=O)(=O)O)cc3c21,O,594.1507882428634,4.361607804499125
CC1(C)C(/C=C/c2cc3ccc(O)cc3oc2=O)=[N+](CCCS(=O)(=O)[O-])c2ccc3c(S(=O)(=O)O)cc(S(=O)(=O)O)cc3c21,CS(C)=O,618.8280400243985,4.23838083449298
CC1(C)C(/C=C/c2cc3ccc(O)cc3oc2=O)=[N+](CCCS(=O)(=O)[O-])c2ccc3c(S(=O)(=O)O)cc(S(=O)(=O)O)cc3c21,CCO,651.7266554881824,4.32208628194409
COc1cccc(-c2c3ccccc3c3n2[B-](F)(F)[N+]2=Cc4c5ccccc5c(-c5cccc(OC)c5)n4[B-](F)(F)[N+]2=C3)c1,CC#N,555.2699570349055,4.717456868851632
COc1cccc(-c2c3ccccc3c3n2[B-](F)(F)[N+]2=Cc4c5ccccc5c(-c5cccc(OC)c5)n4[B-](F)(F)[N+]2=C3)c1,CN(C)C=O,565.6392175643025,4.750666602592888
COc1cccc(-c2c3ccccc3c3n2[B-](F)(F)[N+]2=Cc4c5ccccc5c(-c5cccc(OC)c5)n4[B-](F)(F)[N+]2=C3)c1,ClCCl,564.186417286624,4.730436411065345
COc1cccc(-c2c3ccccc3c3n2[B-](F)(F)[N+]2=Cc4c5ccccc5c(-c5cccc(OC)c5)n4[B-](F)(F)[N+]2=C3)c1,CCCCCC,565.7944742781199,4.752059228429732
COc1cccc(-c2c3ccccc3c3n2[B-](F)(F)[N+]2=Cc4c5ccccc5c(-c5cccc(OC)c5)n4[B-](F)(F)[N+]2=C3)c1,Cc1ccccc1,570.8690113752353,4.7526383243885135
CC(C)(C)c1ccc(-c2sc3c(-c4ccc(C(C)(C)C)cc4)c4n(c3c2-c2ccc(C(C)(C)C)cc2)[B-](F)(F)[N+]2=Cc3c(-c5ccc(C(C)(C)C)cc5)c5sc(-c6ccc(C(C)(C)C)cc6)c(-c6ccc(C(C)(C)C)cc6)c5n3[B-](F)(F)[N+]2=C4)cc1,CC#N,575.2431076955854,4.906447471204599
CC(C)(C)c1ccc(-c2sc3c(-c4ccc(C(C)(C)C)cc4)c4n(c3c2-c2ccc(C(C)(C)C)cc2)[B-](F)(F)[N+]2=Cc3c(-c5ccc(C(C)(C)C)cc5)c5sc(-c6ccc(C(C)(C)C)cc6)c(-c6ccc(C(C)(C)C)cc6)c5n3[B-](F)(F)[N+]2=C4)cc1,CN(C)C=O,580.6775421919576,4.900052139958954
CC(C)(C)c1ccc(-c2sc3c(-c4ccc(C(C)(C)C)cc4)c4n(c3c2-c2ccc(C(C)(C)C)cc2)[B-](F)(F)[N+]2=Cc3c(-c5ccc(C(C)(C)C)cc5)c5sc(-c6ccc(C(C)(C)C)cc6)c(-c6ccc(C(C)(C)C)cc6)c5n3[B-](F)(F)[N+]2=C4)cc1,ClCCl,584.3587770201882,4.9149069362573
CC(C)(C)c1ccc(-c2sc3c(-c4ccc(C(C)(C)C)cc4)c4n(c3c2-c2ccc(C(C)(C)C)cc2)[B-](F)(F)[N+]2=Cc3c(-c5ccc(C(C)(C)C)cc5)c5sc(-c6ccc(C(C)(C)C)cc6)c(-c6ccc(C(C)(C)C)cc6)c5n3[B-](F)(F)[N+]2=C4)cc1,CCCCCC,585.2183203421894,4.959096028096511
CC(C)(C)c1ccc(-c2sc3c(-c4ccc(C(C)(C)C)cc4)c4n(c3c2-c2ccc(C(C)(C)C)cc2)[B-](F)(F)[N+]2=Cc3c(-c5ccc(C(C)(C)C)cc5)c5sc(-c6ccc(C(C)(C)C)cc6)c(-c6ccc(C(C)(C)C)cc6)c5n3[B-](F)(F)[N+]2=C4)cc1,Cc1ccccc1,594.2580344962797,4.938108362252697
CCN(CC)c1ccc2c(c1)oc(=O)c1cnc3c(cnn3-c3ccccc3)c12,ClCCl,399.8111622575215,4.682650855216991
CCN(CC)c1ccc2c(c1)oc(=O)c1cnc3c(c(C)nn3-c3ccccc3)c12,ClCCl,393.2667558841922,4.611045741306182
CCN(CC)c1ccc2c(c1)oc(=O)c1c(C)nc3c(c(C)nn3-c3ccccc3)c12,ClCCl,408.2010370368688,4.630824410353107
CCN(CC)c1ccc2c(c1)oc(=O)c1c(C)nc3c(c(-c4ccccc4)nn3C)c12,ClCCl,380.4113838559809,4.708620984183401
O=C1c2ccccc2-c2cc3ccccc3c(=O)n21,ClC(Cl)Cl,369.31988118080403,4.019223431840995
O=C1c2ccccc2C2=Cc3ccccc3B(O)N12,ClC(Cl)Cl,370.0422419480074,3.666278929605129
CCC1=C(C)C2=Cc3cscc3B(O)N2C1=O,ClC(Cl)Cl,368.8717544153068,4.225959747624208
O=C1c2ccccc2-c2cc3ccccc3c(=O)n21,CO,373.01334650213283,4.124593367158904
O=C1c2ccccc2C2=Cc3ccccc3B(O)N12,CO,378.78309254690885,3.693443208611105
CCC1=C(C)C2=Cc3cscc3B(O)N2C1=O,CO,362.6441733779953,4.207376695186779
O=C1c2ccccc2-c2cc3ccccc3c(=O)n21,CS(C)=O,383.2845133574307,4.063933825920238
O=C1c2ccccc2C2=Cc3ccccc3B(O)N12,CS(C)=O,390.13769441805385,3.719037207654813
CCC1=C(C)C2=Cc3cscc3B(O)N2C1=O,CS(C)=O,372.6373665351266,4.23622045929745
O=C1c2ccccc2-c2cc3ccccc3c(=O)n21,CC#N,372.8725865749281,3.9644745657504052
O=C1c2ccccc2C2=Cc3ccccc3B(O)N12,CC#N,384.8674538232837,3.5215482489872802
CCC1=C(C)C2=Cc3cscc3B(O)N2C1=O,CC#N,370.50887365558907,4.2007470386566625
CCC1=C(C)C2=Cc3cscc3B(O)N2C1=O,CCCCCC,380.3892453523941,4.269179871278511
CCC1(CC)c2ccccc2-c2c1c1c(c3c2C(CC)(CC)c2cc(N(c4ccccc4)c4ccccc4)ccc2-3)C(CC)(CC)c2ccccc2-1,C1CCOC1,358.7111614565193,4.463253043731193
CCC1(CC)c2ccccc2-c2c1c1c(c3c2C(CC)(CC)c2cc(B(c4c(C)cc(C)cc4C)c4c(C)cc(C)cc4C)ccc2-3)C(CC)(CC)c2ccccc2-1,C1CCOC1,355.80223950130096,4.514529189913761
c1ccc(N(c2ccccc2)c2ccc(-c3cnc(-c4ccncc4)s3)cc2)cc1,CO,388.59846906842046,4.529169685944219
c1ccc(Nc2ncnc3ccc(-c4ccccc4)cc23)cc1,ClC(Cl)Cl,338.59407930636104,4.232451419840235
N#Cc1ccc(-c2ccc3ncnc(Nc4ccccc4)c3c2)cc1,ClC(Cl)Cl,339.40883991933003,4.311465011337532
CN(C)c1ccc(/C=C/c2ccc3ncnc(Nc4ccccc4)c3c2)cc1,ClC(Cl)Cl,387.2660851437962,4.365400226467511
O=[N+]([O-])c1ccc(/C=C/c2ccc3ncnc(Nc4ccccc4)c3c2)cc1,ClC(Cl)Cl,355.79052095329405,4.382358200602479
CN(C)c1ccc(/C=C/C=C/c2ccc3ncnc(Nc4ccccc4)c3c2)cc1,ClC(Cl)Cl,430.2234859491433,4.565966658788698
C(/C=C/c1ccc2ncnc(Nc3ccccc3)c2c1)=C\c1ccccc1,ClC(Cl)Cl,365.5292399406008,4.670507312181141
O=[N+]([O-])c1ccc(/C=C/C=C/c2ccc3ncnc(Nc4ccccc4)c3c2)cc1,ClC(Cl)Cl,375.65800489846174,4.535539515168292
CCOC(=O)c1cc(C(=O)OCC)c2ccccc2n1,CCO,321.6685502612729,3.521726554921562
CCOC(=O)c1cc(C(=O)OCC)c2cc(N)ccc2n1,CCO,351.8895617891262,3.544672616691013
CCOC(=O)c1cc(C(=O)OCC)c2cc(N(C)C)ccc2n1,CCO,396.32942993411785,3.669373862909601
CCOC(=O)c1cc(C(=O)OCC)c2cc([N+](=O)[O-])ccc2n1,CCO,346.96076671900744,3.6300432094519413
CCOC(=O)c1cc(C(=O)NCc2ccccc2)c2ccc(N(C)C)cc2n1,CCO,435.84393990865925,3.807712398902888
CCOC(=O)c1cc(C(=O)O)nc2cc(OC)ccc12,CCO,357.7277149359328,3.360968618716134
CCC1=C(C)C(=O)n2c1cc1c(C)c(CC(=O)O)c(C)n1c2=O,c1ccccc1,421.97430788426846,4.206515347886658
CCC1=C(C)C(=O)n2c1cc1c(C)c(CC(=O)O)c(C)n1c2=O,ClC(Cl)Cl,425.06310986355413,4.24270250827992
CCC1=C(C)C(=O)n2c1cc1c(C)c(CC(=O)O)c(C)n1c2=O,CC(C)=O,414.52863778560504,4.200723790807392
CCC1=C(C)C(=O)n2c1cc1c(C)c(CC(=O)O)c(C)n1c2=O,CO,423.96700420669475,4.237609129016642
CCC1=C(C)C(=O)n2c1cc1c(C)c(CC(=O)O)c(C)n1c2=O,CC#N,415.3917959394101,4.200144441367388
CCC1=C(C)C(=O)n2c1cc1c(C)c(CC(=O)O)c(C)n1c2=O,CS(C)=O,424.1508798997682,4.244060461506675
CC[n+]1nc2ccc(N(C)C)cc2c2cc(C)ccc21,O,414.23686654290185,4.422344582824246
CC[n+]1nc2cc3c4c(c2c2ccccc21)CCCN4CCC3,O,509.5179111883179,4.7491465843358975
CC[n+]1nc2cc3c4c(c2c2cc(F)ccc21)CCCN4CCC3,O,510.5695088383893,4.711264177737636
Cc1ccc(C2=Nc3cccc4[n+]3[B-](F)(O2)OC(c2ccc(C)cc2)=N4)cc1,ClCCl,390.9125326787426,4.662320647241339
c1ccc(C2=Nc3cccc4[n+]3[B-](c3ccccc3)(N2)NC(c2ccccc2)=N4)cc1,ClCCl,409.8761463488729,4.270199191697704
c1ccc([B-]23NC(C4CCCCC4)=Nc4cccc([n+]42)N=C(C2CCCCC2)N3)cc1,ClCCl,383.12046617179993,3.8599956531414614
Nc1cc2nc3cc(F)c(F)cc3nc2cc1N,CCO,434.89092875787793,4.30567865967623
CC1(C)Nc2cc3nc4cc(Cl)c(Cl)cc4nc3cc2N1,CCO,451.73178746963623,4.435646376621512
CC1(C)Nc2cc3nc4cc(Br)c(Br)cc4nc3cc2N1,CCO,454.02467559503435,4.440864640651413
CNc1cc2nc3cc(Cl)c(Cl)cc3nc2cc1NC,CCO,454.8238780718109,4.153197709201949
CN1CCc2cc(C3=Cc4cccc[n+]4[B-](F)(F)O3)ccc21,ClC(Cl)Cl,426.20446803271557,4.50328052612262
F[B-]1(F)OC(c2ccc(N3CCCC3)cc2)=Cc2cccc[n+]21,ClC(Cl)Cl,420.3461476830857,4.44127708175925
F[B-]1(F)OC(c2cc3c4c(c2)CCCN4CCC3)=Cc2cccc[n+]21,ClC(Cl)Cl,448.05628002711575,4.479935675019748
O=C1/C(=C2\Nc3cc4ccc5cccc6ccc(c3C2=O)c4c56)Nc2cc3ccc4cccc5ccc(c21)c3c45,C1CCOC1,437.7121814819006,4.4509169409687415
COc1ccc2c3ccc(OC)cc3c3cc4c(C)cc(=O)oc4cc3c2c1,ClC(Cl)Cl,380.4022500063623,4.133125327841263
COc1cc2c3cc(OC)c(OC)cc3c3cc4c(C)cc(=O)oc4cc3c2cc1OC,ClC(Cl)Cl,402.8533148011612,4.204789720146552
COc1cc(OC)c2c(c1)c1cc3oc(=O)cc(C)c3cc1c1cc(OC)cc(OC)c12,ClC(Cl)Cl,412.1047120073142,4.162480698535204
CCCCCCn1c2ccccc2c2cc3c4cc5c6ccccc6n(CCCCCC)c5cc4c4cc5c(C)cc(=O)oc5cc4c3cc21,ClC(Cl)Cl,432.05438108894657,4.904491791149203
Cc1cc(=O)oc2cc3c(cc12)c1c2ccccc2c2ccccc2c1c1c2ccccc2c2ccccc2c31,ClC(Cl)Cl,408.7959515708604,4.246844925577993
c1ccc(-c2cnc3nn4ccccc4c3c2)cc1,C1CCOC1,380.80167955584795,3.946467766660904
CC(=O)c1ccc(-c2cnc3nn4ccccc4c3c2)cc1,C1CCOC1,384.1475528898122,4.094548998290393
C1=[N+](c2ccccc2)[B-]2(Oc3c1ccc1c4c(ccc31)C=[N+](c1ccccc1)[B-]1(O4)c3ccccc3Oc3ccccc31)c1ccccc1Oc1ccccc12,ClCCl,512.3186941078264,4.169484022599004
C1=[N+](c2ccccc2)[B-]2(Oc3c1ccc1c4c(ccc31)C=[N+](c1ccccc1)[B-]1(O4)c3ccccc3Oc3ccccc31)c1ccccc1Oc1ccccc12,Cc1ccccc1,511.63979872752975,4.191256846529752
O=[N+]([O-])c1ccc([N+]2=Cc3ccc4c5c(ccc4c3O[B-]2(c2ccccc2)c2ccccc2)C=[N+](c2ccc([N+](=O)[O-])cc2)[B-](c2ccccc2)(c2ccccc2)O5)cc1,ClCCl,545.1683438965874,4.117740466094903
CCCCCCOc1ccc(N(c2ccc(OCCCCCC)cc2)c2ccc(-c3sc(-c4ccc(N(c5ccc(OCCCCCC)cc5)c5ccc(OCCCCCC)cc5)cc4)c4nc(CC)c(CC)nc34)cc2)cc1,ClCCl,592.8215790021292,4.043358211909528
CCCCCCOc1ccc(N(c2ccc(OCCCCCC)cc2)c2ccc(-c3sc(-c4ccc(N(c5ccc(OCCCCCC)cc5)c5ccc(OCCCCCC)cc5)cc4)c4nc(-c5ccc(C(=O)OC)cc5)c(-c5ccc(C(=O)OC)cc5)nc34)cc2)cc1,ClCCl,586.260440764837,4.078498893181178
COc1ccc(-c2nc(-c3ccc(C)cc3)c3ccccn23)cc1,ClC(Cl)Cl,331.71551013946726,4.347221581820065
CN(C)c1ccc(-c2nc(-c3ccccc3)n3ccccc23)cc1,ClC(Cl)Cl,357.6774194523188,4.177884064410812
COc1ccc(-c2cc(-c3ccc(C(F)(F)F)cc3)nn2C)cc1,ClCCl,263.0527976706567,4.474892113869608
COc1ccc(-c2cc(-c3ccc(C#N)cc3)nn2C)cc1,ClCCl,273.82051380521915,4.585736836214667
CN(C)c1ccc(-c2cc(-c3ccccc3)nn2C)cc1,ClCCl,280.4368172477266,4.569482334711046
c1ccc2cc3c(cc2c1)-c1cccc2cc4ccccc4c-3c12,CCCCCCC,424.47423877893425,4.111708337229609
c1ccc2cc3c(cc2c1)-c1cccc2c1c-3cc1ccccc12,CCCCCCC,410.94490040273917,4.199891774905883
c1cc2c3c(cccc3c1)-c1c-2ccc2ccc3ccccc3c12,CCCCCCC,396.3326483206376,3.806705209370776
CC1(C)CC(/C=C/c2ccc(-n3cccn3)cc2)=CC(=C(C#N)C#N)C1,c1ccccc1,407.66296401610504,5.3402689235107355
CC1(C)CC(/C=C/c2ccc(-n3cccn3)cc2)=CC(=C(C#N)C#N)C1,ClCCl,400.04664139148514,5.32792771943868
CC1(C)CC(/C=C/c2ccc(-n3cccn3)cc2)=CC(=C(C#N)C#N)C1,C1CCOC1,402.09898556029276,5.302550700321499
CC1(C)CC(/C=C/c2ccc(-n3cccn3)cc2)=CC(=C(C#N)C#N)C1,CCOC(C)=O,399.1054709219528,5.285479753905756
CC1(C)CC(/C=C/c2ccc(-n3cccn3)cc2)=CC(=C(C#N)C#N)C1,CCO,399.4063604061925,5.305597110077649
CC1(C)CC(/C=C/c2ccc(-n3cccn3)cc2)=CC(=C(C#N)C#N)C1,CC#N,394.72174753659124,5.257333343797099
CC1(C)CC(/C=C/c2ccc(-n3cncn3)cc2)=CC(=C(C#N)C#N)C1,c1ccccc1,403.75726311660884,5.251378780185915
CC1(C)CC(/C=C/c2ccc(-n3cncn3)cc2)=CC(=C(C#N)C#N)C1,ClCCl,397.09495641305256,5.279229920881871
CC1(C)CC(/C=C/c2ccc(-n3cncn3)cc2)=CC(=C(C#N)C#N)C1,C1CCOC1,400.01151384201216,5.220935902623907
CC1(C)CC(/C=C/c2ccc(-n3cncn3)cc2)=CC(=C(C#N)C#N)C1,CCOC(C)=O,395.9714741802687,5.245132061359907
CC1(C)CC(/C=C/c2ccc(-n3cncn3)cc2)=CC(=C(C#N)C#N)C1,CCO,397.7801199991025,5.257462401950995
CC1(C)CC(/C=C/c2ccc(-n3cncn3)cc2)=CC(=C(C#N)C#N)C1,CC#N,393.1300603015546,5.22909944645505
Nc1nc2ccc(F)cc2[n+]([O-])n1,CC#N,419.79529788635176,3.783245160105143
Nc1nc2ccc(F)cc2[n+]([O-])n1,O,424.9606943115339,3.791455018576811
COc1ccc(-c2c3ccc(=[N+]4CCCCC4)cc-3oc3cc(N4CCCCC4)ccc23)cc1,ClCCl,569.5419872659887,5.035548282368664
COc1cccc(OC)c1-c1c2ccc(=[N+]3CCCCC3)cc-2oc2cc(N3CCCCC3)ccc12,ClCCl,580.2758775651216,4.995824733016009
Cc1ccccc1-c1c2ccc(=[N+]3CCCCC3)cc-2oc2cc(N3CCCCC3)ccc12,ClCCl,565.0640160379463,5.067544782555456
CC(C)(C)OC(=O)N1CCN(c2ccc3c(-c4ccc(I)cc4)c4ccc(=[N+]5CCN(C(=O)OC(C)(C)C)CC5)cc-4oc3c2)CC1,ClCCl,555.198983964185,5.045935435907468
COc1ccc(-c2c3ccc(=[N+]4CCCCC4)cc-3oc3cc(N4CCCCC4)ccc23)cc1,CCO,576.3078161345829,4.952223464131958
Cc1ccccc1-c1c2ccc(=[N+]3CCCCC3)cc-2oc2cc(N3CCCCC3)ccc12,CCO,568.0322986508362,4.937758811646762
Oc1cccc(O)c1-c1c2ccc(=[N+]3CCCCC3)cc-2oc2cc(N3CCCCC3)ccc12,CCO,558.7539931112204,4.8479117042835025
O=C(O)COc1cccc(OCC(=O)O)c1-c1c2ccc(=[N+]3CCCCC3)cc-2oc2cc(N3CCCCC3)ccc12,CCO,597.3228000292007,4.8211408281349675
COc1cccc(OC)c1-c1c2ccc(=[N+]3CCNCC3)cc-2oc2cc(N3CCNCC3)ccc12,CCO,558.0602825394371,4.807633936343482
O=C(O)COc1cccc(OCC(=O)O)c1-c1c2ccc(=[N+]3CCCCC3)cc-2oc2cc(N3CCCCC3)ccc12,O,600.5308477553865,4.710528864922541
COc1cccc(OC)c1-c1c2ccc(=[N+]3CCNCC3)cc-2oc2cc(N3CCNCC3)ccc12,O,559.404587917135,4.7377270742007385
CCCCCCCCn1c(=O)c2cc3c(-c4ccc(N(c5ccccc5)c5ccccc5)cc4)c4cc5c(=O)n(CCCCCCCC)c(=O)c5cc4c(-c4ccc(N(c5ccccc5)c5ccccc5)cc4)c3cc2c1=O,ClC(Cl)Cl,531.3360495260886,4.110445475672924
CCCCCCCCn1c(=O)c2cc3cc4cc5c(=O)n(CCCCCCCC)c(=O)c5cc4c(-c4ccc(N(c5ccccc5)c5ccccc5)cc4)c3cc2c1=O,ClC(Cl)Cl,466.7547350148508,4.0176026729038306
CCCCCCCCn1c(=O)c2cc3c(C#Cc4ccc(N(c5ccccc5)c5ccccc5)cc4)c4cc5c(=O)n(CCCCCCCC)c(=O)c5cc4c(C#Cc4ccc(N(c5ccccc5)c5ccccc5)cc4)c3cc2c1=O,ClC(Cl)Cl,561.4507200692848,4.210078967971676
F[B-]1(F)n2c(cc(Cl)c2-c2ccccc2)C(c2ccccc2)=C2C=C(Cl)C(c3ccccc3)=[N+]21,Cc1ccccc1,581.9440444022277,4.758742079804987
F[B-]1(F)n2c(cc(Cl)c2-c2ccccc2)C(c2ccccc2)=C2C=C(Cl)C(c3ccccc3)=[N+]21,C1CCOC1,576.3528298432295,4.788386238034651
F[B-]1(F)n2c(cc(Cl)c2-c2ccccc2)C(c2ccccc2)=C2C=C(Cl)C(c3ccccc3)=[N+]21,CC#N,567.6747112477235,4.6919736048905865
F[B-]1(F)n2c(cc(-c3ccccc3)c2-c2ccccc2)C(c2ccccc2)=C2C=C(c3ccccc3)C(c3ccccc3)=[N+]21,Cc1ccccc1,600.5477419434028,4.570886312885501
F[B-]1(F)n2c(cc(-c3ccccc3)c2-c2ccccc2)C(c2ccccc2)=C2C=C(c3ccccc3)C(c3ccccc3)=[N+]21,C1CCOC1,593.9528278165436,4.511831190098045
F[B-]1(F)n2c(cc(-c3ccccc3)c2-c2ccccc2)C(c2ccccc2)=C2C=C(c3ccccc3)C(c3ccccc3)=[N+]21,CC#N,589.698951187414,4.448182245219607
O=C1c2ccc3c4c(-c5ccccc5)cc5c6c(ccc(c7c(-c8ccccc8)cc(c2c37)C(=O)N1C1CCCCC1)c64)C(=O)N(C1CCCCC1)C5=O,ClC(Cl)Cl,609.5587247400464,4.458791321568778
O=C1c2ccc3c4c(NC5CCCCC5)cc5c6c(ccc(c7c(NC8CCCCC8)cc(c2c37)C(=O)N1C1CCCCC1)c64)C(=O)N(C1CCCCC1)C5=O,ClC(Cl)Cl,598.4848529543589,4.487874417218068
CCCCCCCCCCCCOc1cc2c3c(ccc4c5c(OC6CCC(C(C)(C)C)CC6)cc6c7c(ccc(c1c34)c75)C(=O)N(C1CCCCC1)C6=O)C(=O)N(C1CCCCC1)C2=O,ClC(Cl)Cl,581.6340429196844,4.623395599951408
CCCCCCCCCCCCOc1cc2c3c(ccc4c5c(NC6CCCCC6)cc6c7c(ccc(c1c34)c75)C(=O)N(C1CCCCC1)C6=O)C(=O)N(C1CCCCC1)C2=O,ClC(Cl)Cl,586.8486282154629,4.579427851536913
CCCCCCOc1cc2cc(=O)oc3ccc4cccc1c4c23,CC1CCCO1,469.1938193624334,4.409004861899049
COc1cc2oc(=O)c3c4ccc(N(C)C)cc4c4ccc5cccc6c(c1)c2c3c4c56,C1CCOC1,455.0402107715177,4.1290889471703345
CCCCCOc1cc2oc(=O)c3c4ccc(N(c5ccc(C)cc5)c5ccc(C)cc5)cc4c4ccc5cccc6c(c1)c2c3c4c56,C1CCOC1,478.236945443261,4.184035057863693
CCCCCCc1ccc(-n2c3c(c4c2c2c(n4-c4ccc(CCCCCC)cc4)-c4cccc(OC)c4NB2c2ccccc2)B(c2ccccc2)Nc2c(OC)cccc2-3)cc1,Cc1ccccc1,398.3104607760162,4.6999271214230225
F[B-]1(F)n2c(-c3ccccc3)cc(-c3ccccc3)c2N=C2C(c3ccccc3)=CC(c3ccccc3)=[N+]21,CC#N,657.629657094311,4.8866676071747674
F[B-]1(F)n2c(-c3cccs3)cc(-c3ccccc3)c2N=C2C(c3ccccc3)=CC(c3cccs3)=[N+]21,CC#N,706.2029074749679,4.974676142807462
C(#Cc1nc2ccccc2s1)c1ccc(N(c2ccccc2)c2ccccc2)cc1,Cc1ccccc1,395.3915964725289,4.625661577234843
C(#Cc1ccc2ncsc2c1)c1ccc(N(c2ccc(C#Cc3ccc4ncsc4c3)cc2)c2ccc(C#Cc3ccc4ncsc4c3)cc2)cc1,Cc1ccccc1,371.30791380831226,4.854210748876171
O=Cc1ccc(C2=C3C=c4c(oc5ccccc45)=[N+]3[B-](F)(F)n3c2cc2c4ccccc4oc23)cc1,C1CCCCC1,578.7344983001647,5.230790383479265
O=Cc1ccc(C2=C3C=c4c(oc5ccccc45)=[N+]3[B-](F)(F)n3c2cc2c4ccccc4oc23)cc1,Cc1ccccc1,581.9850999012652,5.251291799914967
O=Cc1ccc(C2=C3C=c4c(oc5ccccc45)=[N+]3[B-](F)(F)n3c2cc2c4ccccc4oc23)cc1,C1CCOC1,576.6445511400702,5.228583648378707
O=Cc1ccc(C2=C3C=c4c(oc5ccccc45)=[N+]3[B-](F)(F)n3c2cc2c4ccccc4oc23)cc1,CCOC(C)=O,575.4094274179633,5.158061116557925
O=Cc1ccc(C2=C3C=c4c(oc5ccccc45)=[N+]3[B-](F)(F)n3c2cc2c4ccccc4oc23)cc1,ClCCl,575.1310042070336,5.170721055161571
O=Cc1ccc(C2=C3C=c4c(oc5ccccc45)=[N+]3[B-](F)(F)n3c2cc2c4ccccc4oc23)cc1,CN(C)C=O,576.3877919470327,5.181555422000209
O=Cc1ccc(C2=C3C=c4c(oc5ccccc45)=[N+]3[B-](F)(F)n3c2cc2c4ccccc4oc23)cc1,CC#N,575.1646177725472,5.152597437440065
O=Cc1ccc(C2=C3C=c4c(oc5ccccc45)=[N+]3[B-](F)(F)n3c2cc2c4ccccc4oc23)cc1,CO,573.2509795073458,5.178260817915553
CCCCCCOc1ccc2oc3c(c2c1)=CC1=C(c2ccccc2C)c2cc4c5cc(OCCCCCC)ccc5oc4n2[B-](F)(F)[N+]=31,CO,601.6370112603222,5.222645379988974
CCCCCCOc1ccc2oc3c(c2c1)=CC1=C(c2ccccc2C)c2cc4c5cc(OCCCCCC)ccc5oc4n2[B-](F)(F)[N+]=31,CCOC(C)=O,602.5805760096417,5.230308262193922
CCCCCCOc1ccc2oc3c(c2c1)=CC1=C(c2ccccc2C)c2cc4c5cc(OCCCCCC)ccc5oc4n2[B-](F)(F)[N+]=31,C1CCCCC1,610.4650049029531,5.298712632495635
Nc1ccc2c(c1)oc(=O)c1c(=O)oc3ccccc3c12,ClCCl,399.0488978677363,4.079057095044898
Nc1ccc2c(c1)oc(=O)c1c(=O)oc3ccccc3c12,CS(C)=O,411.33853935378244,3.8874905078732827
CCNc1cc2oc(=O)c3c(=O)oc4ccccc4c3c2cc1C,ClCCl,394.7597126353818,4.318259122863697
CCNc1cc2oc(=O)c3c(=O)oc4ccccc4c3c2cc1C,CS(C)=O,413.01902408924633,4.1202201461547725
CCCCCCCCCCCCN(CCCCCCCCCCCC)c1ccc2c(c1)oc(=O)c1c(=O)oc3ccccc3c12,ClCCl,450.4194599304526,4.5840741261351665
CCCCCCCCCCCCN(CCCCCCCCCCCC)c1ccc2c(c1)oc(=O)c1c(=O)oc3ccccc3c12,CS(C)=O,447.9997139965362,4.487570257856776
CCN(CC)c1ccc2c(c1)oc(=O)c1c(=O)oc3cc(C#Cc4ccc(C#N)cc4)ccc3c12,ClCCl,449.7780520416356,4.739272078463955
CCN(CC)c1ccc2c(c1)oc(=O)c1c(=O)oc3cc(C#Cc4ccc(C#N)cc4)ccc3c12,CS(C)=O,463.09834981406,4.585626771046663
CC[N+](CC)=c1ccc2c(-c3ccccc3C(=O)O)c3oc4cc(N)ccc4c3oc-2c1,ClCCl,612.1477059860688,4.834763524633567
CC[N+](CC)=c1ccc2c(-c3ccccc3C(=O)O)c3oc4cc(N)ccc4c3oc-2c1,CCO,601.1983242628518,4.658401737011274
CC[N+](CC)=c1ccc2c(-c3ccccc3C(=O)O)c3oc4cc(N)ccc4c3oc-2c1,O,592.5989453196968,4.663175729934103
CCOC(=O)c1ccccc1-c1c2ccc(=[N+](CC)CC)cc-2oc2c1oc1cc(N)ccc12,ClCCl,616.8042211863547,4.972909813225332
CCOC(=O)c1ccccc1-c1c2ccc(=[N+](CC)CC)cc-2oc2c1oc1cc(N)ccc12,CCO,605.8719334346042,4.843053555594778
CCOC(=O)c1ccccc1-c1c2ccc(=[N+](CC)CC)cc-2oc2c1oc1cc(N)ccc12,O,596.8702530548655,4.924448802342013
F[B-]1(F)n2c(Cl)c(Cl)c(Br)c2C(Cl)=C2C(Br)=C(Cl)C(Cl)=[N+]21,ClCCl,530.5863184261934,4.725869186396933
F[B-]1(F)n2c(Oc3ccccc3)c(Cl)c(Br)c2C(Oc2ccccc2)=C2C(Br)=C(Cl)C(Oc3ccccc3)=[N+]21,ClCCl,465.94785336170315,4.498557772618355
CC1(C)C(/C=C/C2=C(c3ccc(C(=O)O)cc3)/C(=C/C=C3/N(CCCCS(=O)(=O)[O-])c4ccc(S(=O)(=O)[O-])cc4C3(C)C)CCC2)=[N+](CCCCS(=O)(=O)[O-])c2ccc(S(=O)(=O)[O-])cc21,CO,803.9439637843859,5.444621928375264
CCOC(=O)c1cc2ccc3ccccc3c2c(C#N)c1N,Cc1ccccc1,434.0678689374783,4.490832660773264
COc1ccc(C2=[N+]3C(=Nc4c(-c5cc(OC)c(OC)c(OC)c5)c(Br)c(-c5ccc(OC)cc5)n4[B-]3(F)F)C(c3cc(OC)c(OC)c(OC)c3)=C2Br)cc1,Cc1ccccc1,701.5146142196181,4.90436972183473
COc1ccc2c3c(c4ccc(C(C)(C)C)cc4c2c1)=C(c1cc(OC)c(OC)c(OC)c1)C1=Nc2c(-c4cc(OC)c(OC)c(OC)c4)c4c5ccc(C(C)(C)C)cc5c5cc(OC)ccc5c4n2[B-](F)(F)[N+]=31,Cc1ccccc1,784.3389640767534,5.129142530222089
Nc1cc2oc3cc(O)c(F)cc3c(=O)c2cc1F,CCO,381.12275029018474,4.032025392352491
CN(C)c1ccc(C2=CC3=C(c4ccc([N+](=O)[O-])cc4)[C@H]4c5ccccc5[C@]3(S2)c2ccccc24)cc1,ClCCl,472.8719887633483,4.334880180847417
CN(C)c1ccc(C2=C3C=C(c4ccc(C#N)cc4)S[C@]34c3ccccc3[C@H]2c2ccccc24)cc1,ClCCl,473.5217469760648,4.155916585006925
Cc1cc(C)c(-c2nnc(-c3ccc(-n4c5ccccc5c5ccccc54)cc3)o2)c(C)c1,Cc1ccccc1,338.80948332518557,4.312646070882531
COc1ccc2c3ccc(OC)cc3n(-c3ccc(-c4nnc(C)o4)cc3)c2c1,Cc1ccccc1,339.0006823303592,4.182723093373034
CCCCN(CCCC)c1ccc(C#Cc2cc(C#Cc3ccc(N(CCCC)CCCC)cc3)c(C#Cc3ccc(C(F)(F)F)cc3)cc2C#Cc2ccc(C(F)(F)F)cc2)cc1,ClCCl,421.5328988372877,4.570482173287704
CCCCN(CCCC)c1ccc(C#Cc2cc(C#Cc3cc(C(F)(F)F)cc(C(F)(F)F)c3)c(C#Cc3ccc(N(CCCC)CCCC)cc3)cc2C#Cc2cc(C(F)(F)F)cc(C(F)(F)F)c2)cc1,ClCCl,407.0910120924327,4.787702454330945
CCCCN(CCCC)c1ccc(C#Cc2cc(C#Cc3ccc(C#N)cc3)c(C#Cc3ccc(C#N)cc3)cc2C#Cc2ccc(N(CCCC)CCCC)cc2)cc1,ClCCl,441.94550392532256,4.532054012564331
CCC(CC)COC1=CC2=C3c4cc(OCC(CC)CC)c(-c5ccccc5)n4[B-](F)(F)[n+]4c3n(c3cc(C(C)(C)C)ccc34)[B-](F)(F)[N+]2=C1c1ccccc1,ClCCl,665.7053037224945,4.930487340661077
CCC(CC)COC1=CC2=C3c4cc(OCC(CC)CC)c(-c5ccccc5)n4[B-](F)(F)[n+]4c3n(c3cc(C(C)(C)C)ccc34)[B-](F)(F)[N+]2=C1c1ccccc1,C1CCOC1,656.5446331757107,4.95925296918489
CCC(CC)COC1=CC2=C3c4cc(OCC(CC)CC)c(-c5ccccc5)n4[B-](F)(F)[n+]4c3n(c3cc(C(C)(C)C)ccc34)[B-](F)(F)[N+]2=C1c1ccccc1,CC#N,652.8676437457991,4.911979662675762
CCC(CC)COC1=CC2=C3c4cc(OCC(CC)CC)c(-c5cccs5)n4[B-](F)(F)[n+]4c3n(c3cc(C(C)(C)C)ccc34)[B-](F)(F)[N+]2=C1c1cccs1,ClCCl,745.7406516404563,5.097166018840278
CCC(CC)COC1=CC2=C3c4cc(OCC(CC)CC)c(-c5cccs5)n4[B-](F)(F)[n+]4c3n(c3cc(C(C)(C)C)ccc34)[B-](F)(F)[N+]2=C1c1cccs1,C1CCOC1,741.0678915483677,5.130013057163628
CCCCCCCc1ccc(C2=[N+]3C(=C4c5cc(OCC(CC)CC)c(-c6ccc(CCCCCCC)o6)n5[B-](F)(F)[n+]5c4n(c4cc(C(C)(C)C)ccc45)[B-]3(F)F)C=C2OCC(CC)CC)o1,ClCCl,714.9574931860777,5.046504537463759
CCCCCCCc1ccc(C2=[N+]3C(=C4c5cc(OCC(CC)CC)c(-c6ccc(CCCCCCC)o6)n5[B-](F)(F)[n+]5c4n(c4cc(C(C)(C)C)ccc45)[B-]3(F)F)C=C2OCC(CC)CC)o1,C1CCOC1,708.2379516456258,5.095127740117925
CCCCCCCc1ccc(C2=[N+]3C(=C4c5cc(OCC(CC)CC)c(-c6ccc(CCCCCCC)o6)n5[B-](F)(F)[n+]5nnn(c54)[B-]3(F)F)C=C2OCC(CC)CC)o1,ClCCl,756.6168127291369,5.085240596396457
CCCCCCCc1ccc(C2=[N+]3C(=C4c5cc(OCC(CC)CC)c(-c6ccc(CCCCCCC)o6)n5[B-](F)(F)[n+]5nnn(c54)[B-]3(F)F)C=C2OCC(CC)CC)o1,C1CCOC1,751.3446273673427,5.124711171488979
CCCCC(CC)CN1C(=O)c2cc(Oc3ccc(C(C)(C)C)cc3)c3c4c(Oc5ccc(OC)cc5)cc5c6c(cc(Oc7ccc(OC)cc7)c(c7c(Oc8ccc(C(C)(C)C)cc8)cc(c2c37)C1=O)c64)C(=O)N(c1c(C(C)C)cccc1C(C)C)C5=O,Cc1ccccc1,580.9423301824041,4.790360494642502
CCCCOC(=O)c1cc(Oc2ccc(C(C)(C)C)cc2)c2c3c(Cl)cc4c5c(cc(Cl)c(c6c(Oc7ccc(C(C)(C)C)cc7)cc(C(=O)OCCCC)c1c26)c53)C(=O)N(c1c(C(C)C)cccc1C(C)C)C4=O,Cc1ccccc1,525.5300240553839,4.482357633784076
CC(C)c1cccc(C(C)C)c1N1C(=O)c2cc(Cl)c3c4c(Cl)cc5c6c(cc(Cl)c(c7c(Cl)cc(c2c37)C1=O)c64)C(=O)N(c1c(C(C)C)cccc1C(C)C)C5=O,Cc1ccccc1,521.9862339977296,4.623216099034219
CCCCC(CC)CN1C(=O)c2cc(Oc3ccc(C(C)(C)C)cc3)c3c4c(Cl)cc5c6c(cc(Cl)c(c7c(Oc8ccc(C(C)(C)C)cc8)cc(c2c37)C1=O)c64)C(=O)N(c1c(C(C)C)cccc1C(C)C)C5=O,Cc1ccccc1,546.5454262466008,4.704094425145412
COc1ccc(-c2c3ccccc3c(C#Cc3ccccc3)c3cc4cc(C)sc4cc23)cc1,ClCCl,496.2956930427189,4.222773814560831
COc1ccc(C#Cc2c3cc4ccccc4cc3c(C#Cc3ccc(OC)cc3)c3cc4sc(C)cc4cc23)cc1,ClCCl,629.7990982519734,4.509596246158574
COc1ccc(-c2cccc3ncc(-c4ccccc4)n23)cc1,ClCCl,332.14330893889604,3.8395383786500914
COc1ccc(-c2cnc3cccc(-c4ccccc4)n23)cc1,ClCCl,336.96186724707684,3.8234389171256806
N#Cc1ccc(-c2cnc3cccc(-c4ccccc4)n23)cc1,ClCCl,338.0424397406751,4.0471023830482284
Cc1ccc(-c2cnc3ccc4ccccc4n23)cc1,ClCCl,358.85708453726784,3.8063716642934664
c1ccc2c(c1)ncc1ccc3cnc4ccccc4c3c12,CC#N,365.04331664359916,3.83229949810731
CCCCCCn1c(=O)c2c3[nH]c4cc5sc6c([nH]c5cc4sc3c3c(=O)n(CCCCCC)c(=O)c3c2c1=O)c1c(=O)n(CCCCCC)c(=O)c1c1c(=O)n(CCCCCC)c(=O)c61,ClCCl,577.9069952490061,4.5119027261202165
CCCCCCn1c(=O)c2c3[nH]c4cc5[nH]c6c(oc5cc4oc3c3c(=O)n(CCCCCC)c(=O)c3c2c1=O)c1c(=O)n(CCCCCC)c(=O)c1c1c(=O)n(CCCCCC)c(=O)c61,ClCCl,512.3749331490869,4.080565489377253
Cc1ccsc1-c1cc2c3cc(-c4sccc4C)c4nc(C(F)(F)C(F)(F)C(F)(F)F)nc5c(-c6sccc6C)cc(c6cc(-c7sccc7C)c7nc(C(F)(F)C(F)(F)C(F)(F)F)nc1c7c26)c3c45,C1CCOC1,502.41930552384565,4.60482491377648
C1=C(c2ccccc2)C=C(c2ccccc2)/C1=C/c1ccccc1,C1CCOC1,438.1270013806966,3.026150775976445
C1=C(c2ccccc2)C=C(c2ccccc2)/C1=C/c1ccc(-c2cccs2)s1,C1CCOC1,470.5313758054507,4.0523681295428595
COC(=O)/C=C/c1sc(-c2ccc(N(C)C)cc2)cc1N,CC#N,451.96365645422054,4.446973343478177
c1ccc2c(c1)-c1ccccc1C21c2ccccc2-c2oc3c(c21)C1(c2ccccc2-c2ccccc21)c1ccccc1-3,C1CCOC1,370.6385955471645,5.3467033632878636
CC(C)[Si](C#Cc1c2ccc(C(C)(C)C)cc2c(C#Cc2c3ccc(C(C)(C)C)cc3c(C#Cc3c4ccc(C(C)(C)C)cc4c(C#C[Si](C(C)C)(C(C)C)C(C)C)c4ccc(C(C)(C)C)cc34)c3ccc(C(C)(C)C)cc23)c2ccc(C(C)(C)C)cc12)(C(C)C)C(C)C,Cc1ccccc1,527.8350193700321,4.740887043544603
COC(=O)c1[nH]c(-c2ccccc2)c2nnc3c4ccccc4oc3c12,ClCCl,387.4671734297599,3.9523127539607286
CC(C)(C)c1ccc2c(c1)c1cc(C(C)(C)C)ccc1n2-c1ccc(N(c2ccc(-c3ccc(N(c4ccc(-n5c6ccc(C(C)(C)C)cc6c6cc(C(C)(C)C)ccc65)cc4)c4ccc(-n5c6ccc(C(C)(C)C)cc6c6cc(C(C)(C)C)ccc65)cc4)cc3)cc2)c2ccc(-n3c4ccc(C(C)(C)C)cc4c4cc(C(C)(C)C)ccc43)cc2)cc1,ClCCl,375.74517291512245,4.638984405447133
CC(C)(C)c1ccc2c(c1)c1cc(C(C)(C)C)ccc1n2-c1ccc(N(c2ccc(-c3ccc(-c4ccc(N(c5ccc(-n6c7ccc(C(C)(C)C)cc7c7cc(C(C)(C)C)ccc76)cc5)c5ccc(-n6c7ccc(C(C)(C)C)cc7c7cc(C(C)(C)C)ccc76)cc5)cc4)s3)cc2)c2ccc(-n3c4ccc(C(C)(C)C)cc4c4cc(C(C)(C)C)ccc43)cc2)cc1,ClCCl,408.87904275648833,4.661791360342795
CC(C)(C)c1ccc2c(c1)c1cc(C(C)(C)C)ccc1n2-c1ccc(N(c2ccc(-c3ccc(-c4ccc(-c5ccc(N(c6ccc(-n7c8ccc(C(C)(C)C)cc8c8cc(C(C)(C)C)ccc87)cc6)c6ccc(-n7c8ccc(C(C)(C)C)cc8c8cc(C(C)(C)C)ccc87)cc6)cc5)s4)s3)cc2)c2ccc(-n3c4ccc(C(C)(C)C)cc4c4cc(C(C)(C)C)ccc43)cc2)cc1,ClCCl,425.19310489656556,4.812749404684727
Cc1ccc(C#Cc2cc3ccccc3oc2=O)cc1,CC#N,347.7714942035734,4.578073954009719
CC(C)Oc1ccc(C#Cc2cc3ccccc3oc2=O)cc1,CC#N,350.40516451013553,4.490936868714446
O=c1ccc2ccc(C#Cc3ccccc3)cc2o1,CC#N,311.0369990345581,4.58174256963829
Cc1ccc(C#Cc2ccc3ccc(=O)oc3c2)cc1,CC#N,317.69811640226186,4.743240906389067
COc1ccc(C#Cc2ccc3ccc(=O)oc3c2)cc1,CC#N,314.81411743246895,4.678247560476381
CC(C)Oc1ccc(C#Cc2ccc3ccc(=O)oc3c2)cc1,CC#N,315.8420532301449,4.702969475479611
COc1ccc2c(c1)SC1=Nc3sc4cc(OC)ccc4[n+]3CN12,CO,477.5482200928861,4.593382010945638
C1=CC2=Nc3cccc[n+]3CN2C=C1,CO,428.91567538890644,4.308824624182548
ClC1=CN2C[n+]3cc(Cl)ccc3N=C2C=C1,CO,434.3639082102194,4.257911961020255
BrC1=CN2C[n+]3cc(Br)cc(Br)c3N=C2C(Br)=C1,CS(C)=O,446.3626306548426,4.285109255955472
Cc1cc(Br)cn(Cn2cccc(C)c2=O)c1=N,CC(=O)O,342.49774803357366,3.968735041927894
O=c1cccc2n1CN1C=C(Br)C=CC1=N2,CO,411.66676483293327,4.293522071410319
CCN(CC)c1ccc(-c2nc3c(nc2-c2ccc(B(c4c(C)cc(C)cc4C)c4c(C)cc(C)cc4C)cc2)c2ccccc2n3C)cc1,C1CCOC1,382.9513494811177,4.6478099517026426
CCN(CC)c1ccc(-c2nc3c4ccccc4n(C)c3nc2-c2ccc(B(c3c(C)cc(C)cc3C)c3c(C)cc(C)cc3C)cc2)cc1,C1CCOC1,382.4107604375267,4.648197868502195
COC(=O)C1=C(C(=O)OC)C2(c3ccccc3-c3c(C(=O)OC)cccc32)[C@@H](c2ccc(Cl)cc2)C=C2c3cc(OC)c(OC)cc3CCN21,ClCCl,317.3872158941921,3.9939268024829744
COc1cc2c(cc1OC)C1=C[C@H](c3ccccc3)C3(C(C(=O)O[C@@H]4C[C@H]5CC[C@@H]4C5)=C(C(=O)O[C@H]4C[C@@H]5CC[C@H]4C5)N1CC2)c1ccccc1-c1ccccc13,ClCCl,312.1560485720384,3.9573712614501
COC(=O)C1=C(C(=O)OC)C2(c3cc(Cl)ccc3-c3c(Cl)cc(Cl)cc32)C2(/C=C/c3ccccc3)c3cc(OC)c(OC)cc3CCN12,ClCCl,325.0358129108853,3.961069914603546
CCOC(=O)C1=C(C(=O)OCC)C2(c3ccccc3-c3c(Br)cc(Br)cc32)C2(/C=C/c3ccc(Cl)cc3)c3cc(OC)c(OC)cc3CCN12,ClCCl,330.91752509309094,4.073279062999437
COC(=O)C1=C(C(=O)OC)C2(c3cc([N+](=O)[O-])ccc3-c3ccc([N+](=O)[O-])cc32)C2(/C=C/c3ccccc3)c3cc(OC)c(OC)cc3CCN12,ClCCl,346.2667939314456,4.0915485772703395
COc1cc2c(cc1OC)C1=C[C@H](c3ccccc3)C3(C(C#N)=C(C#N)N1CC2)c1ccccc1-c1ccccc13,ClCCl,306.97883526793237,4.037395681745633
COc1cc2c(cc1OC)C1=C[C@H](c3ccc(Cl)cc3)C3(C(C#N)=C(C#N)N1CC2)c1cc(Cl)ccc1-c1ccc(Cl)cc13,ClCCl,313.0455344386538,3.99147143851467
COc1cc2c(cc1OC)C1=C[C@H](c3ccc(Cl)cc3)C3(C(C#N)=C(C#N)N1CC2)c1cc(Br)ccc1-c1ccc(Br)cc13,ClCCl,312.1387423306558,4.0726322513426245
CC(C)[Si](C#Cc1cc2c3c(c1)c(=C(c1ccccc1)c1ccccc1)c1cc(C#C[Si](C(C)C)(C(C)C)C(C)C)cc4c1-n-3-c1c(cc(C#C[Si](C(C)C)(C(C)C)C(C)C)cc1c4=C(c1ccccc1)c1ccccc1)c2=C(c1ccccc1)c1ccccc1)(C(C)C)C(C)C,ClCCl,522.9250851062685,4.529656541896684
CCCCCCc1cc2c(=S)c3cc(CCCCCC)cc4c(=S)c5cc(CCCCCC)cc6c(=S)c(c1)c2n(c34)c65,ClCCl,478.9896139841988,4.512221107588675
CC(C)[Si](C#Cc1c2ccccc2c(C#C[Si](C(C)C)(C(C)C)C(C)C)c2nc3c(ccc4ccccc43)nc12)(C(C)C)C(C)C,CCCCCC,590.1391989930898,4.331405188661293
CC(C)[Si](C#Cc1c2nc3ccccc3nc2c(C#C[Si](C(C)C)(C(C)C)C(C)C)c2nc3c(ccc4ccccc43)nc12)(C(C)C)C(C)C,CCCCCC,604.4985595648873,4.5924615844148535
CC(C)[Si](C#Cc1c2ccccc2c(C#C[Si](C(C)C)(C(C)C)C(C)C)c2nc3c(ccc4cc5ccccc5cc43)nc12)(C(C)C)C(C)C,CCCCCC,591.3629100855981,4.317110508915188
CC(C)[Si](C#Cc1ccc(C#C[Si](C(C)C)(C(C)C)C(C)C)c2nc3c(nc12)Cc1ccccc1-3)(C(C)C)C(C)C,CCCCCC,404.02023432630415,4.642608335957324
CC(C)(C)c1cc2ccc3c(N(c4ccccc4)c4ccccc4)cc(N(c4ccccc4)c4ccccc4)c4ccc(c1)c2c34,ClCCl,424.09441141970143,4.535638336633494
O=C1C2=C(O[B-](F)(F)[n+]3c2ccc2ccccc23)c2cccc3c(N4CCOCC4)ccc1c23,ClCCl,465.5263508625753,4.154169882113743
O=C1C2=C(O[B-](F)(F)[n+]3c2ccc2ccccc23)c2cccc3c(N4CCOCC4)ccc1c23,C1CCOC1,461.0807804520709,4.299190581461824
O=C1C2=C(O[B-](F)(F)[n+]3c2ccc2ccccc23)c2cccc3c(N4CCOCC4)ccc1c23,CC#N,464.2049503452932,4.169893123186443
O=C1C2=C(O[B-](F)(F)[n+]3c2ccc2ccccc23)c2cccc3c(N4CCOCC4)ccc1c23,CCO,458.8846078071265,3.888616145559545
O=C1C2=C(O[B-](F)(F)[n+]3c2ccc2ccccc23)c2cccc3c(N4CCOCC4)ccc1c23,CO,451.7551699373628,4.171216910765556
COc1ccc(-c2nc(-c3ccccc3)c(N(c3ccccc3)c3ccccc3)s2)cc1,ClC(Cl)Cl,370.81155806926506,3.982010360516753
Clc1ccc(-c2nc(-c3ccccc3)c(N(c3ccccc3)c3ccccc3)s2)cc1,ClC(Cl)Cl,369.2278933884047,4.0092200850847775
C[C@H](Nc1c2ccc(=[N+]3CCCCC3)cc-2oc2cc(N3CCCCC3)ccc12)C(=O)OC(C)(C)C,ClCCl,566.5976037483415,5.001580350079073
c1ccc(CSc2c3ccc(=[N+]4CCCCC4)cc-3oc3cc(N4CCCCC4)ccc23)cc1,ClCCl,568.1145220271019,4.991728983421592
O=S(=O)(/N=c1\oc2cccc3c4c(-c5ccccc5)oc5cccc(c(c1-c1ccccc1)c23)c54)C(F)(F)F,ClC(Cl)Cl,398.1972584784878,4.299015996269773
O=S(=O)(/N=c1\oc2cccc3c4c(-c5ccccc5)oc5cccc(c(c1-c1ccccc1)c23)c54)C(F)(F)F,CCCCCC,391.7039966684363,4.226677045166699
O=S(=O)(/N=c1\oc2cccc3c4c(-c5ccccc5)oc5cccc(c(c1-c1ccccc1)c23)c54)C(F)(F)F,ClCCl,405.26245972574594,4.295511392045111
O=S(=O)(/N=c1\oc2cccc3c4c(-c5ccccc5)oc5cccc(c(c1-c1ccccc1)c23)c54)C(F)(F)F,CO,386.20107078639035,4.165173339033643
O=S(=O)(/N=c1\oc2cccc3c4c(-c5ccccc5)oc5cccc(c(c1-c1ccccc1)c23)c54)C(F)(F)F,CS(C)=O,403.6362848726006,4.221494965581321
N#CC1=c2c3cccc4cccc(c43)n2[B-](F)(F)[n+]2ccccc21,CCCCCC,528.21806043336,4.5324757510012965
N#CC1=c2c3cccc4cccc(c43)n2[B-](F)(F)[n+]2ccccc21,Cc1ccccc1,523.6573726136589,4.55630303118814
N#CC1=c2c3cccc4cccc(c43)n2[B-](F)(F)[n+]2ccccc21,C1CCOC1,515.8855092081283,4.5121048411836195
N#CC1=c2c3cccc4cccc(c43)n2[B-](F)(F)[n+]2ccccc21,CC#N,513.8659232819376,4.519169326645267
CCCCCCCCCCCCNc1cccc2[n+]1[B-](F)(F)n1c(c3cccc4cccc1c43)=N2,ClCCl,460.2321768347821,4.524284088860249
CCCCCCCCCCCCNc1cccc2[n+]1[B-](F)(F)n1c(c3cccc4cccc1c43)=N2,CCCCCC,482.2068954517283,4.556196279381831
CCCCCCCCCCCCNc1cccc2[n+]1[B-](F)(F)n1c(c3cccc4cccc1c43)=N2,Cc1ccccc1,488.90523497351677,4.559637377507337
CCCCCCCCCCCCNc1cccc2[n+]1[B-](F)(F)n1c(c3cccc4cccc1c43)=N2,C1CCOC1,485.72933365313145,4.562811849598293
CCCCCCCCCCCCNc1cccc2[n+]1[B-](F)(F)n1c(c3cccc4cccc1c43)=N2,CC#N,479.5793903375779,4.523558797606346
OCCSc1cccc2[n+]1[B-](F)(F)n1c(c3cccc4cccc1c43)=N2,ClCCl,446.8801228586086,4.51155428902108
OCCSc1cccc2[n+]1[B-](F)(F)n1c(c3cccc4cccc1c43)=N2,CCCCCC,477.70225001145394,4.574144144087083
OCCSc1cccc2[n+]1[B-](F)(F)n1c(c3cccc4cccc1c43)=N2,Cc1ccccc1,484.06178801769113,4.538194405070368
OCCSc1cccc2[n+]1[B-](F)(F)n1c(c3cccc4cccc1c43)=N2,C1CCOC1,479.01166508252606,4.505345954494492
OCCSc1cccc2[n+]1[B-](F)(F)n1c(c3cccc4cccc1c43)=N2,CC#N,470.9149569084177,4.511654178728578
C1CCN2CCCn3c2c(c2c3=NCCN=2)C1,CC#N,585.0606037946401,4.774855193103814
CCCCCCCCCCCCOc1ccc(C2=C3C(=O)N(CC(OCC)OCC)C(c4ccc(OCCCCCCCCCCCC)c(OCCCCCCCCCCCC)c4)=C3C(=O)N2CC(OCC)OCC)cc1OCCCCCCCCCCCC,ClC(Cl)Cl,555.0534542071042,4.846645312095502
CCOC(CN1C(=O)C2=C(c3ccsc3)N(CC(OCC)OCC)C(=O)C2=C1c1ccsc1)OCC,ClC(Cl)Cl,514.9926582390218,4.383494194524361
CCOC(CN1C(=O)C2=C(c3cc4cc(C(C)(C)C)cc(C(C)(C)C)c4o3)N(CC(OCC)OCC)C(=O)C2=C1c1cc2cc(C(C)(C)C)cc(C(C)(C)C)c2o1)OCC,ClC(Cl)Cl,577.3249885988739,4.711283659580172
COc1cc2c(cc1OC)C1=C3C(=O)N4C=Cc5cc(OC)c(OC)cc5C4=C3C(=O)N1C=C2,ClC(Cl)Cl,605.5394937732987,4.822060204529258
COc1cc2c(cc1OC)C1=C3C(=O)N4C=Cc5cc(OC)c(OC)cc5C4=C3C(=O)N1C=C2,CN(C)C=O,592.9295369840871,4.786163968156309
O=C1C2=C3c4ccsc4C=CN3C(=O)C2=C2c3ccsc3C=CN12,ClC(Cl)Cl,594.2083009036197,4.742398877979266
O=C1C2=C3c4ccsc4C=CN3C(=O)C2=C2c3ccsc3C=CN12,CN(C)C=O,579.5733890079907,4.726320165703503
Cc1c(COC(=O)c2ccccc2Br)n2c(OCC(=O)c3ccccc3Br)c(C)c(=O)n2c1=O,CCO,380.9674748466689,3.9588862100826394
C[N+]1=c2ccc3c(c2C(C)(C)CC1)Oc1cc2c(cc1C=3c1ccccc1C(=O)O)C(c1ccccc1C(=O)O)=c1ccc3c(c1O2)C(C)(C)CC[N+]=3C,ClC(Cl)Cl,604.7985469019841,4.985092700168085
CC1(C)CC[N+]2=c3c(cc4c(c31)Oc1cc3c(cc1C=4c1ccccc1C(=O)O)C(c1ccccc1C(=O)O)=c1cc4c5c(c1O3)C(C)(C)CC[N+]=5CCC4)CCC2,ClC(Cl)Cl,633.0790180744061,5.054894838354301
C=Cc1cc2ccccc2oc1=O,CC#N,334.0596193077452,4.248885141621119
C=Cc1cc2ccc(N(CC)CC)cc2oc1=O,CC#N,426.6572959525278,4.58476305188653
C=Cc1cc2ccc(OC(=O)c3ccccc3)cc2oc1=O,CC#N,340.7923090965203,4.4195680332514575
O=c1oc2ccccc2cc1/C=C/c1ccccc1,CC#N,351.39728912434464,4.404752675915474
O=c1oc2ccccc2cc1/C=C/c1ccc([N+](=O)[O-])cc1,CC#N,377.1685862959078,4.54558327407371
CC(C)(C)c1cc2ccc3cccc4c3c2c(c1)c1nc2c3cc(C(C)(C)C)cc5ccc6cccc(c(=O)n2c41)c6c53,CCO,399.6292563044034,3.9731981220254298
CC(C)(C)c1cc2ccc3cccc4c3c2c(c1)c1nc2c3cc(C(C)(C)C)cc5ccc6cccc(c(=O)n2c41)c6c53,CC#N,395.2594927876318,3.7978011744652758
CC(C)(C)c1cc2ccc3cccc4c3c2c(c1)c1nc2c3cc(C(C)(C)C)cc5ccc6cccc(c(=O)n2c41)c6c53,CS(C)=O,394.9138955131538,4.01864114926113
CC(C)(C)c1cc2ccc3cccc4c3c2c(c1)c1nc2c3cc(C(C)(C)C)cc5ccc6cccc(c(=O)n2c41)c6c53,CC(C)=O,396.5488015274007,4.302573034895906
CC(C)(C)c1cc2ccc3cccc4c3c2c(c1)c1nc2c3cc(C(C)(C)C)cc5ccc6cccc(c(=O)n2c41)c6c53,ClC(Cl)Cl,398.9112533137097,4.131512625985816
CC(C)(C)c1cc2ccc3cccc4c3c2c(c1)c1nc2c3cc(C(C)(C)C)cc5ccc6cccc(c(=O)n2c41)c6c53,CCOC(C)=O,388.4806124408232,4.323565480671345
CC(C)(C)c1cc2ccc3cccc4c3c2c(c1)c1nc2c3cc(C(C)(C)C)cc5ccc6cccc(c(=O)n2c41)c6c53,C1CCOC1,399.83635682357465,3.952803240126417
CC(C)(C)c1cc2ccc3cccc4c3c2c(c1)c1nc2c3cc(C(C)(C)C)cc5ccc6cccc(c(=O)n2c41)c6c53,c1ccccc1,400.27844013970025,3.8852449901456696
CC(C)(C)c1cc2ccc3cccc4c3c2c(c1)c1nc2c3cc(C(C)(C)C)cc5ccc6cccc(c(=O)n2c41)c6c53,Cc1ccc(C)cc1,400.408202612289,4.009424861701017
CC(C)(C)c1cc2ccc3cccc4c3c2c(c1)c1nc2c3cc(C(C)(C)C)cc5ccc6cccc(c(=O)n2c41)c6c53,ClC(Cl)(Cl)Cl,397.2139898900367,4.236297653382627
CC(C)(C)c1cc2ccc3cccc4c3c2c(c1)c1nc2c3cc(C(C)(C)C)cc5ccc6cccc(c(=O)n2c41)c6c53,CCCCCC,393.6246835434937,4.290931964066413
CC(C)(C)c1cc2ccc3cccc4c3c2c(c1)c1nc2c3cc(C(C)(C)C)cc5ccc6cccc(c(=O)n2c41)c6c53,CO,385.3816027758736,3.616162432857153
CC(C)(C)c1cc2ccc3cc(C(C)(C)C)cc4c3c2c(c1)c(=O)n1c4nc2c3ccccc3c3ccccc3c21,CCO,397.53055301027604,3.9967797336430904
CC(C)(C)c1cc2ccc3cc(C(C)(C)C)cc4c3c2c(c1)c(=O)n1c4nc2c3ccccc3c3ccccc3c21,CC#N,393.36945082088124,3.7991282210886785
CC(C)(C)c1cc2ccc3cc(C(C)(C)C)cc4c3c2c(c1)c(=O)n1c4nc2c3ccccc3c3ccccc3c21,CS(C)=O,392.5098325800862,4.033505686480744
CC(C)(C)c1cc2ccc3cc(C(C)(C)C)cc4c3c2c(c1)c(=O)n1c4nc2c3ccccc3c3ccccc3c21,CC(C)=O,395.05045374466937,4.269655592162984
CC(C)(C)c1cc2ccc3cc(C(C)(C)C)cc4c3c2c(c1)c(=O)n1c4nc2c3ccccc3c3ccccc3c21,ClC(Cl)Cl,397.860860607573,4.148862437957998
CC(C)(C)c1cc2ccc3cc(C(C)(C)C)cc4c3c2c(c1)c(=O)n1c4nc2c3ccccc3c3ccccc3c21,CCOC(C)=O,386.43481118001307,4.30323793424853
CC(C)(C)c1cc2ccc3cc(C(C)(C)C)cc4c3c2c(c1)c(=O)n1c4nc2c3ccccc3c3ccccc3c21,C1CCOC1,397.70837588912855,3.9514068482828377
CC(C)(C)c1cc2ccc3cc(C(C)(C)C)cc4c3c2c(c1)c(=O)n1c4nc2c3ccccc3c3ccccc3c21,c1ccccc1,398.96078087968664,3.9180532820535694
CC(C)(C)c1cc2ccc3cc(C(C)(C)C)cc4c3c2c(c1)c(=O)n1c4nc2c3ccccc3c3ccccc3c21,Cc1ccc(C)cc1,398.9766699072186,4.036527834462732
CC(C)(C)c1cc2ccc3cc(C(C)(C)C)cc4c3c2c(c1)c(=O)n1c4nc2c3ccccc3c3ccccc3c21,ClC(Cl)(Cl)Cl,394.86777050906494,4.22927472073568
CC(C)(C)c1cc2ccc3cc(C(C)(C)C)cc4c3c2c(c1)c(=O)n1c4nc2c3ccccc3c3ccccc3c21,CCCCCC,393.1985735385432,4.2860088336557
CC(C)(C)c1cc2ccc3cc(C(C)(C)C)cc4c3c2c(c1)c(=O)n1c4nc2c3ccccc3c3ccccc3c21,CO,385.27179055376746,3.652848335661639
COc1ccc(C2=c3sc(-c4ccc(OC)cc4)cc3=[N+]3C2=Nc2c(-c4ccc(OC)cc4)c4sc(-c5ccc(OC)cc5)cc4n2[B-]3(F)F)cc1,ClC(Cl)Cl,774.4216636578062,5.252033123856198
CCCCCCc1ccc(-n2c3c4cccc(OC)c4nc(-c4ccc(C)cc4)c3c3c2c2c(-c4ccc(C)cc4)nc4c(OC)cccc4c2n3-c2ccc(CCCCCC)cc2)cc1,ClC(Cl)Cl,327.91707734470214,4.813593678213928
CCCCc1ccc(-n2c3c4ccc(C(F)(F)F)cc4nc(-c4ccc(C#N)cc4)c3c3c2c2c(-c4ccc(C#N)cc4)nc4cc(C(F)(F)F)ccc4c2n3-c2ccc(CCCC)cc2)cc1,ClC(Cl)Cl,316.8652566573419,4.82826183990925
CCCCCCOc1cc(C=O)c(OCCCCCC)cc1C=O,ClCCl,398.31836470876885,3.913150520669671
CCCCCCOc1cc(/C=C/c2cc(OCCCCCC)c(/C=C/c3cc(OCCCCCC)c(C=O)cc3OCCCCCC)cc2OCCCCCC)c(OCCCCCC)cc1C=O,ClCCl,452.588897491645,4.823029190819968
CCCCCCOc1cc(C=C(C#N)C#N)c(OCCCCCC)cc1C=C(C#N)C#N,ClCCl,434.126531913882,4.531153728737841
CCCCCCCCOc1cc(/C=C/c2cc[n+](Cc3ccc(C)cc3)cc2)c(OCCCCCCCC)cc1/C=C/c1cc[n+](Cc2ccc(C)cc2)cc1,ClCCl,515.7527281324701,3.8718843570196118
CCCCCCOc1cc(/C=C/c2cc(OCCCCCC)c(/C=C/c3cc(OCCCCCC)c(C=C(C#N)C#N)cc3OCCCCCC)cc2OCCCCCC)c(OCCCCCC)cc1C=C(C#N)C#N,ClCCl,502.7249617163449,5.034692529761241
CN1/C(=C/C=O)C(C)(C)c2ccccc21,CS(C)=O,497.1945874611971,4.915012275811083
CN1/C(=C/C=N/c2sc3ccccc3[n+]2C)C(C)(C)c2ccccc21,CS(C)=O,567.541380767577,5.0525290618923755
CC(C)(C)c1ccc(C#Cc2c(C#Cc3ccc(C(C)(C)C)cc3)c3cccc4c(C#Cc5ccc(C(C)(C)C)cc5)c(C#Cc5ccc(C(C)(C)C)cc5)c5cccc2c5c34)cc1,ClCCl,425.7664662300474,4.600961171923929
Brc1ccc(C2=c3cc4c5c(c3Oc3c2cc2c6c3CCCN6CCC2)CCC[N+]=5CCC4)cc1,CCO,653.0316659584986,4.944306159202747
CC1=CC(C)(C)N(C)c2cc3c(cc21)C(c1ccc(Br)cc1)=c1cc2c(cc1O3)=[N+](C)C(C)(C)C=C2C,CCO,587.181542362463,4.762483752343066
C[Si]1(C)c2cc3c(cc2-c2sc4ccccc4c21)[Si](C)(C)c1c-3sc2ccccc12,C1CCOC1,401.21497813047864,4.435780703563677
C[Si]1(C)C2=C(c3ccccc31)S(=O)(=O)c1cc3c(cc12)S(=O)(=O)C1=C3[Si](C)(C)c2ccccc21,C1CCOC1,431.02182139696174,4.397250602650774
c1ccc(C2(c3ccccc3)c3cc4c(cc3-c3sc5ccccc5c32)C(c2ccccc2)(c2ccccc2)c2c-4sc3ccccc23)cc1,C1CCOC1,390.7894442220405,4.171419913013238
CCCc1cc2c(s1)-c1cc3c(cc1NB2c1ccccc1)-c1sc(CCC)cc1B(c1ccccc1)N3,ClCCl,420.1393203053504,4.785817930075886
c1ccc(B2Nc3cc4c(cc3-c3occc32)NB(c2ccccc2)c2ccoc2-4)cc1,ClCCl,391.2771936646426,4.786809476195406
c1ccc(B2Nc3cc4c(cc3-c3sc5ccccc5c32)NB(c2ccccc2)c2c-4sc3ccccc23)cc1,ClCCl,406.62633451672434,4.713342578916364
c1ccc2c(c1)-c1ccccc1[Si]21c2ccccc2-c2cc3c(cc21)-c1ccccc1[Si]31c2ccccc2-c2ccccc21,ClCCl,351.26646218055964,4.647970423422336
CC(C)(C)c1cc2c3c(c1)-c1cccc4c1N(B3N1c3ccccc3Sc3cccc-2c31)c1ccccc1S4,C1CCOC1,372.6801451664229,4.1567711969488474
c1cc2c3c4c5c(cccc5cc3c1)-c1cccn1B4n1cccc1-2,C1CCOC1,481.60604360332303,4.150127961067521
CCCCCCn1c2c(c3cc(-c4ccc5ccc6cccc7ccc4c5c67)ccc31)-c1c(c3cc(-c4ccc5ccc6cccc7ccc4c5c67)ccc3n1CCCCCC)-c1c(c3cc(-c4ccc5ccc6cccc7ccc4c5c67)ccc3n1CCCCCC)-c1c-2c2cc(-c3ccc4ccc5cccc6ccc3c4c56)ccc2n1CCCCCC,ClCCl,369.969689339383,4.931482725210539
c1ccc(-c2nc3sc4cc5c(cc4c3s2)OCO5)cc1,CS(C)=O,369.7945604154932,3.9150493122964
Fc1ccc2sc3nc(-c4ccccc4)sc3c2c1,CS(C)=O,355.979884448018,4.242110611519398
COc1cc(-c2nc3sc4ccccc4c3s2)cc(OC)c1OC,CS(C)=O,359.3783445320419,4.545105317122737
Clc1ccc(-c2nc3sc4ccccc4c3s2)cc1,CS(C)=O,356.85004126581657,4.480174110321186
Brc1ccc(-c2nc3sc4ccccc4c3s2)cc1,CS(C)=O,361.36444800060815,4.44440241017818
c1ccc2c(-c3nc4sc5ccccc5c4s3)cccc2c1,CS(C)=O,362.1687012527377,4.468861949483789
COc1ccc(-c2sc3c(c2Br)=[N+]2C(=C(C(F)(F)F)c4cc5sc(-c6ccc(OC)cc6)c(Br)c5n4[B-]2(F)F)C=3)cc1,ClC(Cl)Cl,765.2367443947419,5.267071585406104
COc1ccc(-c2sc3c(c2Br)=[N+]2C(=C(C(F)(F)F)c4cc5sc(-c6ccc(OC)cc6)c(Br)c5n4[B-]2(F)F)C=3)cc1,C1CCOC1,756.0414863381243,5.1803327010057
COc1ccc(-c2oc3c(c2Br)=[N+]2C(=C(C(F)(F)F)c4c(Br)c5oc(-c6ccc(OC)cc6)c(Br)c5n4[B-]2(F)F)C=3Br)cc1,ClC(Cl)Cl,765.4086081078658,5.026807018619662
COc1ccc(-c2oc3c(c2Br)=[N+]2C(=C(C(F)(F)F)c4c(Br)c5oc(-c6ccc(OC)cc6)c(Br)c5n4[B-]2(F)F)C=3Br)cc1,C1CCOC1,753.9952293213182,4.814892588421624
CC(C)(C)c1ccc(C2=CC(c3ccccc3)=[N+]3C2=Nc2c(-c4ccc(C(C)(C)C)cc4)cc(-c4ccccc4)n2[B-]3(F)F)cc1,Cc1ccccc1,652.72359987813,4.949731852348824
CC(C)(C)c1ccc(C2=CC(c3ccccc3)=[N+]3C2=Nc2c(-c4ccc(C(C)(C)C)cc4)cc(-c4ccccc4)n2[B-]3(F)F)cc1,ClC(Cl)Cl,657.4220321435828,4.903933154746244
CC(C)(C)c1ccc(C2=CC(c3ccccc3)=[N+]3C2=Nc2c(-c4ccc(C(C)(C)C)cc4)cc(-c4ccccc4)n2[B-]3(F)F)cc1,C1CCOC1,653.9387327687408,4.934614051176252
CCCCCCCCCCCCOc1ccc(C2=c3sc4ccccc4c3=[N+]3C2=Nc2c(-c4ccc(OCCCCCCCCCCCC)cc4)c4sc5ccccc5c4n2[B-]3(F)F)cc1,Cc1ccccc1,725.3403639630267,4.985580615309945
CCCCCCCCCCCCOc1ccc(C2=c3sc4ccccc4c3=[N+]3C2=Nc2c(-c4ccc(OCCCCCCCCCCCC)cc4)c4sc5ccccc5c4n2[B-]3(F)F)cc1,ClC(Cl)Cl,732.886259799798,5.009035667374333
CCCCCCCCCCCCOc1ccc(C2=c3sc4ccccc4c3=[N+]3C2=Nc2c(-c4ccc(OCCCCCCCCCCCC)cc4)c4sc5ccccc5c4n2[B-]3(F)F)cc1,C1CCOC1,720.5445872114134,4.972713618759056
CCCCCCCC(CCCCCCC)N1C(=O)c2ccc3c4ccc5c6c(ccc(c7ccc(c2c37)C1=O)c64)C(=O)N(C(CCCCCCC)CCCCCCC)C5=O,ClCCl,518.2229943063821,4.892408305057303
CCCCCCn1c2cc(C=O)sc2c2sc3c(sc4c5sc(C=O)cc5n(CCCCCC)c43)c21,ClCCl,493.7585181426535,4.6733617823343945
CCCCCCn1c2cc(C=C(C#N)C#N)sc2c2sc3c(sc4c5sc(C=C(C#N)C#N)cc5n(CCCCCC)c43)c21,ClCCl,547.559427148618,4.598336754085967
CCCCCCCCCCCCc1sc(CCCCCC)c2c3cc(CCCCCC)sc3c3sc(CCCCCC)cc3c12,ClC(Cl)Cl,391.1917643883228,3.8427099719185915
c1cc2c3c(c1)-c1ccc4c5c(ccc(c15)B3c1ccc3c5c(ccc-2c15)CC3)CC4,Cc1ccccc1,450.63188514681696,4.321337602520953
