Chromophore,Solvent,Absorption max (nm),log(e/mol-1 dm3 cm-1)
C[Si](C)(C)c1cccc2ccccc12,C1CCCCC1,295.1410851692446,3.7818959763033972
C[SiH](C)c1cccc2ccccc12,C1CCCCC1,301.3315874887137,3.8630797794522937
CC(C)(C)[Si](C)(C)c1cccc2ccccc12,C1CCCCC1,300.43699293210017,3.86022564441366
CCCCCCCC[Si](C)(C)c1cccc2ccccc12,C1CCCCC1,300.7071540373354,3.8385702457499953
C[Si](C)(C)c1ccc(C#N)c2ccccc12,C1CCCCC1,316.0204380559135,3.818471184260006
CCC12C(=C3C(=C4c5ccc(-c6ccc(C)s6)cc5S(=O)(=O)C41CC)C(F)(F)C(F)(F)C3(F)F)c1ccc(-c3ccc(C)s3)cc1S2(=O)=O,CCCCCC,487.40658329953425,4.565680177303168
CCC12C(=C3C(=C4c5ccc(-c6ccc(C)s6)cc5S(=O)(=O)C41CC)C(F)(F)C(F)(F)C3(F)F)c1ccc(-c3ccc(C)s3)cc1S2(=O)=O,C1COCCO1,475.71035767675784,4.6318269312165095
CCC12C(=C3C(=C4c5ccc(-c6ccc(C)s6)cc5S(=O)(=O)C41CC)C(F)(F)C(F)(F)C3(F)F)c1ccc(-c3ccc(C)s3)cc1S2(=O)=O,CCO,493.03718891753243,4.5347136189387225
CCC12C(=C3C(=C4c5ccc(-c6ccc(C)s6)cc5S(=O)(=O)C41CC)C(F)(F)C(F)(F)C3(F)F)c1ccc(-c3ccc(C)s3)cc1S2(=O)=O,CC#N,485.3523306373264,4.546468998989113
ClP1(Cl)=NP(Cl)(Cl)=NP(Cl)(Oc2ccc3ccc4cccc5ccc2c3c45)=N1,ClCCl,337.8823222513581,4.696548752206002
ClP1(Cl)=N[P@](Cl)(Oc2ccc3ccc4cccc5ccc2c3c45)=N[P@@](Cl)(Oc2ccc3ccc4cccc5ccc2c3c45)=N1,ClCCl,337.82550840856584,4.754957724176399
COc1ccccc1-c1nc(-c2ccccc2)c2ccccn12,CC#N,358.49350179844345,4.045887873976203
C(=C/c1nc(-c2ccccc2)c2ccccn12)\c1nc(-c2ccccc2)c2ccccn12,CC#N,382.9228541189297,4.086048424457987
CCCCCCCCCCCCN1C(=O)c2cccc3c(N(Cc4ccccn4)Cc4ccccn4)c4ccccc4c(c23)C1=O,CCO,481.1469123611392,3.968540807193319
CCCCCCCCCCCCN1C(=O)c2cccc3c(N(Cc4ccccn4)Cc4ccccn4)c4ccccc4c(c23)C1=O,CCCCCC,472.5248069490865,3.87731894222762
CCCCCCCCCCCCN1C(=O)c2cccc3c(N(Cc4ccccn4)Cc4ccccn4)c4ccccc4c(c23)C1=O,Cc1ccccc1,473.62923267324027,3.999181875928479
CCCCCCCCCCCCN1C(=O)c2cccc3c(N(Cc4ccccn4)Cc4ccccn4)c4ccccc4c(c23)C1=O,ClCCl,483.30723232353637,3.999660568007074
CCCCCCCCCCCCN1C(=O)c2cccc3c(N(Cc4ccccn4)Cc4ccccn4)c4ccccc4c(c23)C1=O,C1CCOC1,473.9558263203094,3.9013187055884933
c1ccc2[nH]ccc2c1,O,257.1546460342581,3.8804424704502316
N#Cc1ccc2cc[nH]c2c1,O,294.6164025489014,3.7466175170038047
N#Cc1c[nH]c2ccccc12,C1COCCO1,313.01401126696544,4.060317666980697
N#Cc1ccc2cc[nH]c2c1,C1COCCO1,304.5050491007552,4.015114749758701
N#Cc1c[nH]c2ccccc12,CC#N,312.7770170942702,4.046685633807887
N#Cc1ccc2cc[nH]c2c1,CC#N,296.5673757835006,3.8038709854139143
CCOC(=O)CN1C(=O)C2=C(c3ccc(N4CCCCC4)cc3)N(CC(=O)OCC)C(=O)C2=C1c1ccccc1,CS(C)=O,532.9449098190508,4.623970805853634
CCOC(=O)CN1C(=O)C2=C(c3ccc(N4CCCCC4)cc3)N(CC(=O)OCC)C(=O)C2=C1c1ccccc1,CC#N,505.55286155395305,4.558572263831411
CCOC(=O)CN1C(=O)C2=C(c3ccc(N4CCCCC4)cc3)N(CC(=O)OCC)C(=O)C2=C1c1ccccc1,Cc1ccccc1,514.0134110001252,4.567291471265248
FC(F)(F)C(F)(F)C(F)(F)C(F)(F)C(F)(F)C(F)(F)C(F)(F)C(F)(F)CCOc1nnc(Cl)nn1,ClCCl,521.5104629312616,2.8026357973463414
C=CCOc1nnc(OCCC(F)(F)C(F)(F)C(F)(F)C(F)(F)C(F)(F)C(F)(F)F)nn1,ClCCl,530.5071652807039,2.6887078785917127
CCCCCCN1C(=O)c2cccc3c(-c4ccc(C)s4)ccc(c23)C1=O,ClC(Cl)Cl,388.1008273706221,4.142770830841368
COc1ccc2cc(-c3cccc(-c4cc5ccc(OC)cc5oc4=O)c3)c(=O)oc2c1,ClC(Cl)Cl,350.66290529129253,4.700226443119857
O=c1oc2ccccc2cc1-c1ccc(-c2cc3ccccc3oc2=O)cc1,ClC(Cl)Cl,359.49281034938605,4.674967268432865
COc1ccc2cc(-c3ccccc3CC#N)c(=O)oc2c1,ClC(Cl)Cl,327.3618787640453,4.429845841407223
COc1cc(OC)c2cc(-c3ccccc3CC#N)c(=O)oc2c1,ClC(Cl)Cl,333.1821691071457,4.309227661778432
CC1(C)c2ccccc2-c2ccc(N3c4ccc(-c5ccc(/C=C6\C(=O)c7ccc(C(=O)O)cc7C6=O)s5)cc4C4CCCC43)cc21,ClC(Cl)Cl,587.4468873959244,4.68753410228756
c1cc2c3c(cccc3c1)C(N1CCOCCNCCOCCOCC1)=N2,CC#N,401.9716811179864,3.6865678732489555
CS(=O)(=O)Nc1ccc(-c2c3nc(c(-c4ccc(NS(C)(=O)=O)cc4)c4ccc([nH]4)c(-c4ccc(NS(C)(=O)=O)cc4)c4nc(c(-c5ccc(NS(C)(=O)=O)cc5)c5ccc2[nH]5)C=C4)C=C3)cc1,CN(C)C=O,654.5304276649863,3.6780256563410405
CCCCCCCCCCCCCCCCN(CCCCCCCCCCCCCCCC)c1ccc(/C=C/c2cc[n+](Cc3cc(C[n+]4ccc(/C=C/c5ccc(N(CCCCCCCCCCCCCCCC)CCCCCCCCCCCCCCCC)cc5)cc4)cc(C[n+]4ccc(/C=C/c5ccc(N(CCCCCCCCCCCCCCCC)CCCCCCCCCCCCCCCC)cc5)cc4)c3)cc2)cc1,CO,469.8948523481429,4.5574078420036175
CCCCCCCCCCCCCCCCN(CCCCCCCCCCCCCCCC)c1ccc(/C=C/c2cc[n+](Cc3cc(C[n+]4ccc(/C=C/c5ccc(N(CCCCCCCCCCCCCCCC)CCCCCCCCCCCCCCCC)cc5)cc4)cc(C[n+]4ccc(/C=C/c5ccc(N(CCCCCCCCCCCCCCCC)CCCCCCCCCCCCCCCC)cc5)cc4)c3)cc2)cc1,CCO,470.82896468604514,4.575261309061274
CCCCCCCCCCCCCCCCN(CCCCCCCCCCCCCCCC)c1ccc(/C=C/c2cc[n+](Cc3cc(C[n+]4ccc(/C=C/c5ccc(N(CCCCCCCCCCCCCCCC)CCCCCCCCCCCCCCCC)cc5)cc4)cc(C[n+]4ccc(/C=C/c5ccc(N(CCCCCCCCCCCCCCCC)CCCCCCCCCCCCCCCC)cc5)cc4)c3)cc2)cc1,CCCO,483.2350726798798,4.630881703399613
CCCCCCCCCCCCCCCCN(CCCCCCCCCCCCCCCC)c1ccc(/C=C/c2cc[n+](Cc3cc(C[n+]4ccc(/C=C/c5ccc(N(CCCCCCCCCCCCCCCC)CCCCCCCCCCCCCCCC)cc5)cc4)cc(C[n+]4ccc(/C=C/c5ccc(N(CCCCCCCCCCCCCCCC)CCCCCCCCCCCCCCCC)cc5)cc4)c3)cc2)cc1,CCCCO,482.9831390106202,4.641538309477748
CCCCCCCCCCCCCCCCN(CCCCCCCCCCCCCCCC)c1ccc(/C=C/c2cc[n+](Cc3cc(C[n+]4ccc(/C=C/c5ccc(N(CCCCCCCCCCCCCCCC)CCCCCCCCCCCCCCCC)cc5)cc4)cc(C[n+]4ccc(/C=C/c5ccc(N(CCCCCCCCCCCCCCCC)CCCCCCCCCCCCCCCC)cc5)cc4)c3)cc2)cc1,CC(C)O,471.9135346316061,4.588479140264332
CCCCCCCCCCCCCCCCN(CCCCCCCCCCCCCCCC)c1ccc(/C=C/c2cc[n+](Cc3cc(C[n+]4ccc(/C=C/c5ccc(N(CCCCCCCCCCCCCCCC)CCCCCCCCCCCCCCCC)cc5)cc4)cc(C[n+]4ccc(/C=C/c5ccc(N(CCCCCCCCCCCCCCCC)CCCCCCCCCCCCCCCC)cc5)cc4)c3)cc2)cc1,CCCCCCCCO,484.21979803187486,4.591180543188251
CCCCCCCCCCCCCCCCN(CCCCCCCCCCCCCCCC)c1ccc(/C=C/c2cc[n+](Cc3cc(C[n+]4ccc(/C=C/c5ccc(N(CCCCCCCCCCCCCCCC)CCCCCCCCCCCCCCCC)cc5)cc4)cc(C[n+]4ccc(/C=C/c5ccc(N(CCCCCCCCCCCCCCCC)CCCCCCCCCCCCCCCC)cc5)cc4)c3)cc2)cc1,CS(C)=O,490.44684586040825,4.543216164932558
CCCCCCCCCCCCCCCCN(CCCCCCCCCCCCCCCC)c1ccc(/C=C/c2cc[n+](Cc3cc(C[n+]4ccc(/C=C/c5ccc(N(CCCCCCCCCCCCCCCC)CCCCCCCCCCCCCCCC)cc5)cc4)cc(C[n+]4ccc(/C=C/c5ccc(N(CCCCCCCCCCCCCCCC)CCCCCCCCCCCCCCCC)cc5)cc4)c3)cc2)cc1,ClCCl,483.6660490270027,4.596195359175093
CCCCCCCCCCCCCCCCN(CCCCCCCCCCCCCCCC)c1ccc(/C=C/c2cc[n+](Cc3cc(C[n+]4ccc(/C=C/c5ccc(N(CCCCCCCCCCCCCCCC)CCCCCCCCCCCCCCCC)cc5)cc4)cc(C[n+]4ccc(/C=C/c5ccc(N(CCCCCCCCCCCCCCCC)CCCCCCCCCCCCCCCC)cc5)cc4)c3)cc2)cc1,ClC(Cl)Cl,482.8917299194031,4.691426880829503
CCCCCCCCCCCCCCCCN(CCCCCCCCCCCCCCCC)c1ccc(/C=C/c2cc[n+](Cc3cc(C[n+]4ccc(/C=C/c5ccc(N(CCCCCCCCCCCCCCCC)CCCCCCCCCCCCCCCC)cc5)cc4)cc(C[n+]4ccc(/C=C/c5ccc(N(CCCCCCCCCCCCCCCC)CCCCCCCCCCCCCCCC)cc5)cc4)c3)cc2)cc1,C1COCCO1,493.5503825024424,4.647528129079285
CCCCCCCCCCCCCCCCN(CCCCCCCCCCCCCCCC)c1ccc(/C=C/c2cc[n+](Cc3cc(C[n+]4ccc(/C=C/c5ccc(N(CCCCCCCCCCCCCCCC)CCCCCCCCCCCCCCCC)cc5)cc4)cc(C[n+]4ccc(/C=C/c5ccc(N(CCCCCCCCCCCCCCCC)CCCCCCCCCCCCCCCC)cc5)cc4)c3)cc2)cc1,c1ccccc1,472.42035861526125,4.5770600856286965
CCCCCCCCCCCCCCCCN(CCCCCCCCCCCCCCCC)c1ccc(/C=C/c2cc[n+](Cc3cc(C[n+]4ccc(/C=C/c5ccc(N(CCCCCCCCCCCCCCCC)CCCCCCCCCCCCCCCC)cc5)cc4)cc(C[n+]4ccc(/C=C/c5ccc(N(CCCCCCCCCCCCCCCC)CCCCCCCCCCCCCCCC)cc5)cc4)c3)cc2)cc1,Cc1ccccc1,475.56985764986354,4.578092976578118
CCCCCCCCCCCCCCCCN(CCCCCCCCCCCCCCCC)c1ccc(/C=C/c2cc[n+](Cc3cc(C[n+]4ccc(/C=C/c5ccc(N(CCCCCCCCCCCCCCCC)CCCCCCCCCCCCCCCC)cc5)cc4)cc(C[n+]4ccc(/C=C/c5ccc(N(CCCCCCCCCCCCCCCC)CCCCCCCCCCCCCCCC)cc5)cc4)c3)cc2)cc1,Cc1ccc(C)cc1,477.5712407464055,4.572839918029297
CCCCCCCCCCCCCCCCN(CCCCCCCCCCCCCCCC)c1ccc(/C=C/c2cc[n+](Cc3cc(C[n+]4ccc(/C=C/c5ccc(N(CCCCCCCCCCCCCCCC)CCCCCCCCCCCCCCCC)cc5)cc4)cc(C[n+]4ccc(/C=C/c5ccc(N(CCCCCCCCCCCCCCCC)CCCCCCCCCCCCCCCC)cc5)cc4)c3)cc2)cc1,CCCCCC,479.5035552373877,4.52113733850517
CCCCCCCCCCCCN1C(=O)c2ccc3c4ccc5c6c(ccc(c7ccc(c2c37)C1=O)c64)C(=O)NC5=O,CN(C)C=O,527.4697843549413,4.821667016354726
Cc1cc(=O)oc2cc(/[NH+]=C/C=C3/C=C(C(=O)O)NC(C(=O)O)C3)ccc12,O,392.14529288654325,4.190291086611173
O=C(O)C1=C/C(=C/C=[NH+]/c2ccc3c(C(F)(F)F)cc(=O)oc3c2)CC(C(=O)O)N1,O,495.84074484413884,4.302801290269001
COc1ccc2cc(C#CC3=C4CCc5ccccc5C4=[O+][B-](F)(F)O3)ccc2c1,ClCCl,446.58519458926395,4.6206400952420825
O=C1/C(=C2\Sc3ccc(S(=O)(=O)O)cc3C2=O)Sc2ccc(S(=O)(=O)O)cc21,CS(C)=O,551.155999860134,4.078713809711611
O=C1/C(=C2\Sc3ccc(S(=O)(=O)O)cc3C2=O)Sc2ccc(S(=O)(=O)O)cc21,O,542.0206039752229,3.9412960245660793
O=C1/C(=C2\Sc3ccc(S(=O)(=O)O)cc3C2=O)Sc2ccc(S(=O)(=O)O)cc21,CO,542.8569594985769,3.998165953204049
CCCCn1c(-c2ccc(-c3nnc(-c4ccccc4)o3)cc2)nc(-c2ccccc2)c1-c1ccccc1,ClCCl,329.7056794974274,4.351959314411627
CCCCn1c(-c2ccc(-c3nnc(-c4ccc5ccccc5c4)o3)cc2)nc2c3ccccc3c3ccccc3c21,ClCCl,353.6653065422542,4.40884680371528
COc1c2ccccc2c(OC)c2c1c1ccccc1n2C,C1CCCCC1,403.48067028435395,3.881552243016085
COc1c2ccccc2c(OC)c2c1c1c(C)ccc(OC)c1n2C,C1CCCCC1,400.1740314990689,4.051069586384974
COc1c2ccccc2c(OC)c2c1c1ccc(C(F)(F)F)cc1n2C,C1CCCCC1,387.13881755440735,3.741066338681149
COc1c2ccccc2c(OC)c2c1c1cc(F)ccc1n2C,C1CCCCC1,420.19404610339086,3.656353289452384
[O-][n+]1c(/C=C/c2ccccc2)nc(Nc2ccccc2)c2c1CCCC2,ClCCl,393.72462270347097,3.3495559147048164
COc1ccc(Nc2nc(/C=C/c3ccccc3)[n+]([O-])c3c2CCCC3)cc1,ClCCl,394.30407826885397,3.429359611434692
[O-][n+]1c(-c2ccccc2)cc(N2CCOCC2)nc1/C=C/c1ccccc1,ClCCl,442.6368176961983,3.528761427131678
C(=C/c1nc2c(c(N3CCOCC3)n1)CCCC2)\c1ccccc1,ClCCl,389.628015844206,3.6904775838363055
COc1ccc2cc(C#N)c(=N)oc2c1,ClCCl,364.0951254181903,4.148573819070079
COc1cc(OC)c2cc(C#N)c(=N)oc2c1,ClCCl,378.3441609570362,4.187730693616686
CCOC(=O)/N=c1/oc2c(OC)cccc2cc1C#N,ClCCl,358.6716193526701,3.959940015538579
CCN(CC)c1ccc2cc(C#N)c(=O)oc2c1,ClCCl,442.8674928603375,4.721238894392644
CCN(CC)c1ccc2ccc(=O)oc2c1,ClCCl,424.01088432343755,4.712170590150828
NCc1ccc2ccc3cccc4ccc1c2c34,C1CCCCC1,347.9195699127619,4.471103804604407
NCc1ccc2ccc3cccc4ccc1c2c34,CO,352.25064873264523,4.115072609485308
NCc1ccc2ccc3cccc4ccc1c2c34,CC#N,344.0578725725921,4.569296634270758
NCc1ccc2ccc3cccc4ccc1c2c34,ClC(Cl)Cl,354.6703658617488,4.493476354986151
CC1(C)CC(NCc2ccc3ccc4cccc5ccc2c3c45)CC(C)(C)N1,C1CCCCC1,351.53765969640176,4.530988008165591
CC1(C)CC(NCc2ccc3ccc4cccc5ccc2c3c45)CC(C)(C)N1,CO,343.0955564654436,4.451817978763245
CC1(C)CC(NCc2ccc3ccc4cccc5ccc2c3c45)CC(C)(C)N1,CC#N,343.32116786690716,4.538111098972922
CC1(C)CC(NCc2ccc3ccc4cccc5ccc2c3c45)CC(C)(C)N1,ClC(Cl)Cl,350.68453318171623,4.49213300702468
CC1(C)CC(/N=C/c2ccc3ccc4cccc5ccc2c3c45)CC(C)(C)N1[O],C1CCCCC1,352.05912938735827,4.478505622928441
CC1(C)CC(/N=C/c2ccc3ccc4cccc5ccc2c3c45)CC(C)(C)N1[O],CO,350.7569303571173,4.415728947536713
CC1(C)CC(/N=C/c2ccc3ccc4cccc5ccc2c3c45)CC(C)(C)N1[O],CC#N,348.5883342886736,4.565757040829808
CC1(C)CC(/N=C/c2ccc3ccc4cccc5ccc2c3c45)CC(C)(C)N1[O],ClC(Cl)Cl,355.02525078975947,4.45488172022296
C(=C/c1nc2ccccc2[nH]1)\c1ccc(/C=C/c2nc3ccccc3[nH]2)cc1,C1CCOC1,360.7320009589706,4.669164207844986
C(=C/c1nc2ccccc2[nH]1)\c1ccc(/C=C/c2nc3ccccc3[nH]2)cc1,CN(C)C=O,360.7747754254936,4.564865883401503
C(=C/c1nc2ccccc2[nH]1)\c1ccc(/C=C/c2nc3ccccc3[nH]2)cc1,CS(C)=O,374.17452246257886,4.5561883548486675
C(=C/c1nc2ccccc2[nH]1)\c1ccc(/C=C/c2nc3ccccc3[nH]2)cc1,CO,356.9035143071884,4.419520830263209
C(=C/c1nc2ccccc2[nH]1)\c1ccc(/C=C/c2nc3ccccc3[nH]2)cc1,CC#N,356.35722879976305,4.607277473343043
Clc1ccc(Nc2ccc3ccccc3n2)cc1,Cc1ccccc1,347.0968224580357,3.985954728482489
Clc1ccc(Nc2ccc3ccccc3n2)cc1,CCOC(C)=O,344.4211836266985,4.106681442341442
Clc1ccc(Nc2ccc3ccccc3n2)cc1,CCO,346.0144903115417,4.214986384388563
COc1cc(/C=C/CO)ccc1O,O,292.2451356448483,4.103542682513881
O=C(O)c1cc(O)c(O)c(O)c1,O,332.10581275927734,3.0419925458004955
[NH3+]C(Cc1ccc(O)c(O)c1)C(=O)[O-],O,278.04921345424816,2.9644653408678625
c1ccc2[nH]ccc2c1,O,257.1546460342581,3.8804424704502316
[NH3+]C(Cc1c[nH]c2ccccc12)C(=O)[O-],O,281.04767667891883,3.4042721088747454
O=c1ccc2ccccc2o1,O,319.3492329272121,3.773103107236121
COc1ccc(C2=[O+][B-](F)(F)OC(c3ccc4c(c3)Cc3ccccc3-4)=C2)cc1,CC#N,420.95838418959335,4.740026445955262
Fc1ccc(-c2ccc(-c3cc(-c4ccccn4)nc(-c4ccccn4)c3)cc2)c(F)c1,ClCCl,302.4787532997959,4.637686504314915
FC(F)(F)c1ccc(-c2ccc(-c3cc(-c4ccccn4)nc(-c4ccccn4)c3)cc2)cc1,ClCCl,298.07804017375065,4.558012583753577
CCCCCCn1c2ccccc2c2cc(-c3ccc(-c4cc(-c5ccccn5)nc(-c5ccccn5)c4)cc3)ccc21,ClCCl,322.69710534809826,4.672416770554658
Cc1ccc(-c2nc(/C=C/c3ccccc3)c(/C=C/c3ccccc3)[nH]2)cc1,ClCCl,367.9447836494133,4.416019761295763
COc1ccc(/C=C/c2nc(-c3ccc([N+](=O)[O-])cc3)[nH]c2/C=C/c2ccc(OC)cc2)cc1,ClCCl,441.51457162172323,4.531709790870448
Clc1ccc(/C=C/c2nc(-c3ccccc3)[nH]c2/C=C/c2ccc(Cl)cc2)cc1,ClCCl,386.11267416716737,4.953933534211594
CCCCCCCCC1(CCCCCCCC)c2cc(-c3ccccc3)ccc2-c2ccc(-c3ccccc3)cc21,ClC(Cl)Cl,340.315409917345,4.756895900681756
CCCCCCCCC1(CCCCCCCC)c2cc(-c3ccc(C#N)cc3)ccc2-c2ccc(-c3ccc(C#N)cc3)cc21,ClC(Cl)Cl,347.19346037305047,4.778817798162663
COc1ccc(O)c(-c2nc3ncccc3o2)c1,CO,339.27802752808714,2.0913699187441717
CCN(CC)c1ccc(-c2nc3ncccc3o2)c(O)c1,CO,368.8535050939915,2.756604801801099
CCN(CC)c1ccc2cc(-c3cn4cc5ccccc5cc4n3)c(=O)oc2c1,ClC(Cl)Cl,424.6785282371069,4.610501743617869
O=C1c2cccc3c(C#CC#Cc4ccc5c6c(cccc46)C(=O)N(c4ccccc4)C5=O)ccc(c23)C(=O)N1c1ccccc1,ClCCl,357.4031373284828,4.487134797466989
COc1ccc([C@@H]2C[C@](O)(c3ccccn3)C[C@](O)(c3ccccn3)[C@H]2C(=O)c2ccc(N(c3ccccc3)c3ccccc3)cc2)cc1,c1ccccc1,368.7155741604395,4.40026557164825
COc1ccc([C@@H]2C[C@](O)(c3ccccn3)C[C@](O)(c3ccccn3)[C@H]2C(=O)c2ccc(N(c3ccccc3)c3ccccc3)cc2)cc1,ClCCl,369.0859549093636,4.425877967615818
COc1ccc([C@@H]2C[C@](O)(c3ccccn3)C[C@](O)(c3ccccn3)[C@H]2C(=O)c2ccc(N(c3ccccc3)c3ccccc3)cc2)cc1,C1CCOC1,364.5294584639136,4.3918266338858905
COc1ccc([C@@H]2C[C@](O)(c3ccccn3)C[C@](O)(c3ccccn3)[C@H]2C(=O)c2ccc(N(c3ccccc3)c3ccccc3)cc2)cc1,CCO,364.39770960655494,4.388135149505559
COc1ccc([C@@H]2C[C@](O)(c3ccccn3)C[C@](O)(c3ccccn3)[C@H]2C(=O)c2ccc(N(c3ccccc3)c3ccccc3)cc2)cc1,CCOC(C)=O,365.30042399833053,4.403856847625234
COc1ccc([C@@H]2C[C@](O)(c3ccccn3)C[C@](O)(c3ccccn3)[C@H]2C(=O)c2ccc(N(c3ccccc3)c3ccccc3)cc2)cc1,CC#N,361.3599036239863,4.403069907750451
COc1ccc([C@@H]2C[C@](O)(c3ccccn3)C[C@](O)(c3ccccn3)[C@H]2C(=O)c2ccc(N(c3ccccc3)c3ccccc3)cc2)cc1,CN(C)C=O,361.3148163483718,4.379844520903746
COc1ccc(/C=C(\C#N)c2nc(-c3ccc(Cl)cc3)cs2)cc1,CC#N,371.0383970902776,3.9644004879362567
COc1ccc(-c2csc(/C(C#N)=C/c3ccc(Cl)cc3)n2)cc1,CC#N,378.82855694333864,4.052893471583834
N#C/C(=C\c1ccc(C#N)cc1)c1nc(-c2ccccc2)cs1,CC#N,372.8361123429666,4.087024133574575
N#C/C(=C\c1ccc(C#N)cc1)c1nc(-c2ccc(Cl)cc2)cs1,CC#N,364.3948717272913,3.9471833112259844
N#C/C(=C\c1ccc([N+](=O)[O-])cc1)c1nc(-c2ccccc2)cs1,CC#N,385.56257565015864,4.285822573198214
COc1ccc(-c2csc(/C(C#N)=C/c3ccncc3)n2)cc1,CC#N,374.0258775971811,3.8478408662266763
COc1ccc(-c2csc(/C(C#N)=C/c3ccccc3Cl)n2)cc1,CC#N,377.1724606170774,3.9226911075445194
COc1ccc(-c2csc(/C(C#N)=C/c3c(Cl)cccc3Cl)n2)cc1,CC#N,388.28983700550293,3.932708510818742
COc1ccc(-c2nc(/C(C#N)=C/c3ccc(Cl)cc3)sc2-c2ccc(OC)cc2)cc1,CC#N,395.1060698246923,4.269072565368967
N#C/C(=C\c1ccc(Cl)cc1)c1nc(-c2ccccc2)c(-c2ccccc2)s1,CC#N,374.8169583198591,4.36548927367128
N#C/C(=C\c1ccc(C#N)cc1)c1nc(-c2ccccc2)c(-c2ccccc2)s1,CC#N,381.73058227972683,4.09203983596123
N#C/C(=C\c1ccc(C#N)cc1)c1nc(-c2ccccc2)cs1,Cc1ccccc1,390.6295965738102,4.0027593855736745
N#C/C(=C\c1ccc(C#N)cc1)c1nc(-c2ccccc2)cs1,ClCCl,398.8680163338269,4.01773067841494
N#C/C(=C\c1ccc(C#N)cc1)c1nc(-c2ccccc2)cs1,CCO,384.77596427477914,3.8847432099836516
N#C/C(=C\c1ccc(C#N)cc1)c1nc(-c2ccccc2)cs1,CN(C)C=O,389.4561647524504,4.004803785338253
COc1ccc(-c2csc(/C(C#N)=C\Nc3ccc(C#N)cc3)n2)cc1,Cc1ccccc1,378.71872351483125,4.356644303741526
COc1ccc(-c2csc(/C(C#N)=C\Nc3ccc(C#N)cc3)n2)cc1,ClCCl,376.24233631214923,4.406004867980195
COc1ccc(-c2csc(/C(C#N)=C\Nc3ccc(C#N)cc3)n2)cc1,CCO,373.64332647176707,4.072241987599525
COc1ccc(-c2csc(/C(C#N)=C\Nc3ccc(C#N)cc3)n2)cc1,CN(C)C=O,377.7562011301152,4.398660717652158
COc1ccc(-c2csc(/C(C#N)=C\Nc3ccc(C#N)cc3)n2)cc1,CC#N,375.4329656451418,4.402696810310802
COc1ccc(-c2csc(/C(C#N)=C/c3ccncc3)n2)cc1,Cc1ccccc1,382.075115824344,3.9786197881198553
COc1ccc(-c2csc(/C(C#N)=C/c3ccncc3)n2)cc1,ClCCl,407.04791577299187,3.9422267443697105
COc1ccc(-c2csc(/C(C#N)=C/c3ccncc3)n2)cc1,CCO,376.7201939246415,3.827027149409918
COc1ccc(-c2csc(/C(C#N)=C/c3ccncc3)n2)cc1,CN(C)C=O,369.2446761213981,3.9011777137488526
COc1ccc(-c2csc(/C(C#N)=C/c3ccncc3)n2)cc1,CS(C)=O,369.1298982821031,3.87461701469973
c1ccc(-c2csc(-c3ccncc3)n2)cc1,ClCCl,380.8063837667413,3.5157275872040863
c1ccc(-c2csc(-c3ccncc3)n2)cc1,CCO,334.1611374397533,3.8933951233908712
c1ccc(-c2csc(-c3ccncc3)n2)cc1,CN(C)C=O,342.25582549098294,3.8959703861944655
c1ccc(-c2csc(-c3ccncc3)n2)cc1,CC#N,366.47451840824084,3.9996124491600833
c1ccc(-c2csc(-c3ccncc3)n2)cc1,CS(C)=O,332.11500148728976,3.966377485135464
COc1ccc(-n2nc(C#N)c(N3CCCC3)n2)cc1OC,CC#N,336.4943992646804,4.081348298494547
N#Cc1nn(-c2cc(F)cc(F)c2)nc1N1CCCC1,CC#N,342.2423174357212,3.964113402935603
N#Cc1nn(-c2ccccc2Cl)nc1N1CCCC1,CC#N,323.3259893942691,3.7399179986785347
CCOC(=O)c1nn(-c2ccc(OC)cc2)nc1N1CCCC1,CC#N,335.2923011122561,4.036661790567677
COc1ccc(-n2nc(C#N)c(N3CCOCC3)n2)cc1,CC#N,342.87042637830456,4.060094221868657
COc1ccc(-n2nc(C#N)c(NC3CCCCC3)n2)cc1,CC#N,342.397219387337,4.149665031509237
COc1ccc(-n2nc(C#N)c(NC3CCCCC3)n2)cc1,CCCCCC,340.67061363796023,4.240185573324945
COc1ccc(-n2nc(C#N)c(NC3CCCCC3)n2)cc1,ClC(Cl)Cl,338.91249117658447,4.255544421872197
COc1ccc(-n2nc(C#N)c(NC3CCCCC3)n2)cc1,CN(C)C=O,340.5153428870569,4.270197804707068
COc1ccc(-n2nc(C#N)c(NC3CCCCC3)n2)cc1,CCO,338.1033955463339,4.099284815787741
COc1ccccc1-c1nc(-c2ccccc2)c2ccccn12,ClCCl,370.77606203094143,3.9125997170206013
c1ccc(-c2nc(-c3cccc4ccccc34)n3ccccc23)cc1,ClCCl,372.74219979217867,3.9213689246398085
Oc1ccc2ccccc2c1-c1nc(-c2ccccc2)c2ccccn12,ClCCl,366.79476120656125,4.087420046764512
C[Si](C)(C)c1ccc(-c2ccc(-c3ccc(-c4ccc(-c5ccc([Si](C)(C)C)cc5)s4)c4nsnc34)s2)cc1,C1CCOC1,486.17298093678176,4.463302373727952
C[Si](C)(C)c1ccc(-c2ccc(-c3ccc(-c4ccc(-c5ccc([Si](C)(C)C)s5)s4)c4nsnc34)s2)s1,C1CCOC1,475.4842930897291,4.4683168821883275
C1=C(c2ccc(-c3cccs3)s2)CCC(c2ccccc2)C1,CCCCCC,359.9960526043669,4.392062721501386
C1=C(c2ccc(-c3cccs3)s2)CCC(c2ccccc2)C1,C1CCOC1,360.8629247060588,4.410353889168734
C1=C(c2ccc(-c3cccs3)s2)CCC(c2ccccc2)C1,CC#N,357.7844632901618,4.382830338322759
C1=C(c2ccc(-c3cccs3)s2)CCC(c2ccccc2)C1,c1ccncc1,365.24175365742957,4.371744931812647
C1=C(c2ccc(-c3cccs3)s2)CCC(c2ccccc2)C1,CCO,361.86875912914076,4.417091348571714
C1=C(c2ccc(-c3cccs3)s2)CCC(c2ccccc2)C1,OCCOCCO,366.15887622476197,4.287068534763905
N#Cc1ccc(-c2ccc(C3=CCCCC3)s2)s1,CCCCCC,351.3055661786465,4.0917115966835444
N#Cc1ccc(-c2ccc(C3=CCCCC3)s2)s1,C1CCOC1,351.56737616781055,4.112160225316107
N#Cc1ccc(-c2ccc(C3=CCCCC3)s2)s1,CC#N,349.0725239974084,4.121281803995663
N#Cc1ccc(-c2ccc(C3=CCCCC3)s2)s1,c1ccncc1,354.33138930978674,4.1606880101468064
N#Cc1ccc(-c2ccc(C3=CCCCC3)s2)s1,OCCOCCO,354.4729769820376,4.115147446955232
N#Cc1ccc(-c2ccc(C3=CCCCC3)s2)s1,CCO,353.7651011291371,4.140589527530164
CCCCCCN1C(=O)c2cccc3cc(/N=C\c4nc5ccccc5s4)cc(c23)C1=O,ClC(Cl)Cl,364.0252785836253,4.383642251155539
CCCCCCN1C(=O)c2cccc3cc(/N=C\c4cnc5ccccc5c4)cc(c23)C1=O,ClC(Cl)Cl,329.49593896700026,4.366026560847715
CCCCCCN1C(=O)c2cccc3cc(/N=C\c4ccc(N5CCOCC5)cc4)cc(c23)C1=O,ClC(Cl)Cl,372.87873053860505,4.577333096771095
CCCCCCN1C(=O)c2cccc3cc(/N=C\c4ccc(N(c5ccccc5)c5ccccc5)cc4)cc(c23)C1=O,ClC(Cl)Cl,355.89945512135506,4.392137276318309
Cc1cc(C#Cc2ccccc2)c2ccc3c(C#Cc4ccccc4)cc(C#Cc4ccccc4)c4ccc1c2c43,ClC(Cl)(Cl)Cl,437.9191844815157,4.844053495876388
Cc1cc(C#Cc2ccccc2)c2ccc3c(C#Cc4ccccc4)cc(C#Cc4ccccc4)c4ccc1c2c43,CS(C)=O,444.2124927278133,4.888732243282446
CN(C)c1ccc2nc(-c3ccc(C(=O)O)cc3)sc2c1,c1ccccc1,391.14886284529433,4.310797439667639
CN(C)c1ccc2nc(-c3ccc(C(=O)O)cc3)sc2c1,ClC(Cl)Cl,386.8135615861101,4.273612216786674
CN(C)c1ccc2nc(-c3ccc(C(=O)O)cc3)sc2c1,CS(C)=O,396.80115886207005,4.290356978576211
CN(C)c1ccc2nc(-c3ccc(C(=O)O)cc3)sc2c1,CC#N,387.15375705097176,4.28845311840647
CN(C)c1ccc2nc(-c3ccc(C(=O)O)cc3)sc2c1,CC(C)O,387.16161435104766,4.2804019850847395
CN(C)c1ccc2nc(-c3ccc(C(=O)O)cc3)sc2c1,CO,388.64154338372157,4.29313515457781
C[Si](C)(C)c1ccc2ccc3cccc4ccc1c2c34,CCCCCC,336.7177978704185,4.626068244888655
Cc1ccc2ccc3c(C)ccc4ccc1c2c43,CCCCCC,345.366703739174,4.605933401789889
C[Si](C)(C)c1ccc2ccc3c([Si](C)(C)C)ccc4ccc1c2c43,CCCCCC,344.8935092498772,4.638235800852082
Cc1ccc(-c2ccc(/C=C/c3ccc(F)cc3)cn2)nc1,CC#N,339.0833640126027,4.650691418664937
Cc1ccc(-c2ccc(/C=C/c3ccc(N(C)C)cc3)cn2)nc1,CC#N,381.0411713945465,4.518419166343972
Cc1ccc(-c2ccc(/C=C/c3ccc(C#N)cc3)cn2)nc1,CC#N,352.2607313301173,4.499480908723355
CCCCCCc1ccc(/C=C/c2ccc(CCCCCC)s2)s1,Cc1ccccc1,385.4800833756147,4.350016674250068
COC(=O)/C(C#N)=c1\s/c(=c2/s/c(=C(/C#N)C(=O)OC)c3cc(-c4ccccc4)sc23)c2sc(-c3ccccc3)cc12,Cc1ccccc1,613.2507859153696,4.91530129981552
CCCCCCCCCCC1(CCCCCCCCCC)c2cc(-c3nc4ccccc4s3)ccc2-c2ccc(N3C(=O)c4ccc5c6ccc7c8c(ccc(c9ccc(c4c59)C3=O)c86)C(=O)N(c3ccc4c(c3)C(CCCCCCCCCC)(CCCCCCCCCC)c3cc(-c5nc6ccccc6s5)ccc3-4)C7=O)cc21,Cc1ccccc1,510.44914090912937,4.878358688181327
CCCCCCCCCCC1(CCCCCCCCCC)c2cc(-c3nc4ccccc4s3)ccc2-c2ccc(N3C(=O)c4ccc5c6ccc7c8c(ccc(c9ccc(c4c59)C3=O)c86)C(=O)N(c3ccc4c(c3)C(CCCCCCCCCC)(CCCCCCCCCC)c3cc(-c5nc6ccccc6s5)ccc3-4)C7=O)cc21,ClCCl,511.2980168557548,4.974528328364338
C(=C/c1nc(/C=C/c2ccc(N(c3ccccc3)c3ccccc3)cc2)cc(/C=C/c2ccc(N(c3ccccc3)c3ccccc3)cc2)n1)\c1ccccc1,ClCCl,427.9052829089114,4.815176290409894
COc1ccc(/C=C/c2cc(/C=C/c3ccc(OC)cc3)nc(/C=C/c3ccc(N(c4ccccc4)c4ccccc4)cc3)n2)cc1,ClCCl,389.552662023669,4.878011002377132
COc1ccc(/C=C/c2nc(/C=C/c3ccc(N(C)C)cc3)cc(/C=C/c3ccc(N(c4ccccc4)c4ccccc4)cc3)n2)cc1,ClCCl,415.7994509824763,4.772696538131715
COc1ccc(/C=C/c2cc(/C=C/c3ccc(N(c4ccccc4)c4ccccc4)cc3)nc(/C=C/c3ccc(N(C)C)cc3)n2)cc1,ClCCl,398.3627206794228,4.973208099157174
C1=C(c2ccccc2)[Si](c2ccccc2)(c2ccccc2)c2ccccc21,ClCCl,349.2642371185922,4.031797662549042
c1ccc(C2=C(c3ccccn3)[Si](c3ccccc3)(c3ccccc3)c3ccccc32)cc1,ClCCl,343.1968262494768,3.968493882272607
COc1ccc(N(c2ccccc2)c2ccc(OC)cc2)cc1,Cc1ccccc1,323.1104230852654,4.34873690286294
COc1ccc(N(c2ccc(C=C(c3ccccc3)c3ccccc3)cc2)c2ccc(OC)cc2)cc1,Cc1ccccc1,378.1842145812667,4.526321900056197
COc1ccc(N(c2ccc(/C=C(\C)c3ccccc3)cc2)c2ccc(OC)cc2)cc1,Cc1ccccc1,352.4885742798124,4.417001252362152
O=c1oc2cc3ccccc3cc2nc1-c1ccccc1,CCCCCC,380.7773423855539,4.379995154602577
O=c1oc2cc3ccccc3cc2nc1-c1ccccc1,c1ccccc1,392.9610019006286,4.294123815985542
O=c1oc2cc3ccccc3cc2nc1-c1ccccc1,CC#N,382.77205896616033,4.262197630329687
O=c1oc2cc3ccccc3cc2nc1-c1ccccc1,CO,384.49546428782116,4.285895764497057
O=c1oc2c(ccc3ccccc32)nc1-c1ccccc1,CCCCCC,388.5348822541709,4.29597092847746
O=c1oc2c(ccc3ccccc32)nc1-c1ccccc1,c1ccccc1,400.28029257515516,4.283440111398839
O=c1oc2c(ccc3ccccc32)nc1-c1ccccc1,CC#N,391.3174447501449,4.262932853750075
O=c1oc2c(ccc3ccccc32)nc1-c1ccccc1,CO,397.0238292454861,4.249836251288786
CC(C)(C)c1cc(-c2cc3c(cc(-c4cc(C(C)(C)C)cc(C(C)(C)C)c4)n3-c3ccc(C(=C(c4ccccc4)c4ccccc4)c4ccccc4)cc3)n2-c2ccc(C(=C(c3ccccc3)c3ccccc3)c3ccccc3)cc2)cc(C(C)(C)C)c1,ClCCl,394.6662079150731,4.688464605013686
CC(C)(C)c1cc2c3cc(C(C)(C)C)c(-c4cc5cc6c7cccc8cccc(c9cc(C(C)(C)C)cc(c5cc4C(C)(C)C)c96)c87)cc3cc3c4cccc5cccc(c(c1)c23)c54,CC1CCCCC1,438.33719854944115,4.490354798550879
CC(C)(C)c1ccc2cc3c4cccc5cccc(c6cc(C(C)(C)C)cc(c2c1)c63)c54,CC1CCCCC1,411.84926056579525,4.354304843639202
B1C=Cc2ccc3ccccc3c2N1,C1CCCCC1,332.1390171968296,3.8830313367774862
C=CB1C=Cc2ccc3ccccc3c2N1,C1CCCCC1,343.08776167372156,3.8785588165782685
C1=Cc2ccc3ccccc3c2N(c2ccccc2)B1c1ccccc1,C1CCCCC1,364.1990893122734,3.8099574045052744
C1=C(c2ccccc2)B(c2ccccc2)Nc2c1ccc1ccccc21,C1CCCCC1,372.89158225615165,3.8366874601880534
c1ccc(-p2c3ccccc3c3sc4ccccc4c32)cc1,ClCCl,355.50523368628177,3.9849271197523612
O=P1(c2ccccc2)c2ccccc2-c2sc3ccccc3c21,ClCCl,356.1901252174805,3.2943568678041095
O=P1(c2ccccc2)C2=C(c3ccccc31)S(=O)(=O)c1ccccc12,ClCCl,394.52580477612725,4.2699404683695255
CCCCCC(=O)c1cccc2sc3c(c12)P(=O)(c1ccccc1)c1ccccc1-3,ClCCl,367.97960705332963,3.313205852300705
O=C(c1ccc2c3c(sc2c1)-c1ccccc1P3(=O)c1ccccc1)c1c(F)c(F)c(F)c(F)c1F,ClCCl,369.839724395643,3.475256887236719
C#CCN1C(=O)/C(=C/c2cc(OC(C)C)ccc2OC(C)C)N=C1C,CCCCCC,390.1501512491308,4.523796112834001
C#CCN1C(=O)/C(=C/c2cc(OC(C)C)ccc2OC(C)C)N=C1C,CCOC(C)=O,391.27269501964093,4.524259139152636
C#CCN1C(=O)/C(=C/c2cc(OC(C)C)ccc2OC(C)C)N=C1C,C1COCCO1,400.78438181833036,4.576004817606445
C#CCN1C(=O)/C(=C/c2cc(OC(C)C)ccc2OC(C)C)N=C1C,CC(C)=O,398.1083741877056,4.583957886165193
C#CCN1C(=O)/C(=C/c2cc(OC(C)C)ccc2OC(C)C)N=C1C,CC#N,383.1949404814627,4.524434501597269
C#CCN1C(=O)/C(=C/c2cc(OC(C)C)ccc2OC(C)C)N=C1C,CN(C)C=O,384.9620516441186,4.466542572064723
C#CCN1C(=O)/C(=C/c2cc(OC(C)C)ccc2OC(C)C)N=C1C,CS(C)=O,390.74971575193956,4.540661162696118
C#CCN1C(=O)/C(=C/c2cc(OC(C)C)ccc2OC(C)C)N=C1C,CCCCO,389.50261158476064,4.5409056281465805
C#CCN1C(=O)/C(=C/c2cc(OC(C)C)ccc2OC(C)C)N=C1C,CCCO,390.9321932638456,4.5150621983991845
C#CCN1C(=O)/C(=C/c2cc(OC(C)C)ccc2OC(C)C)N=C1C,CCO,396.79143881305015,4.528840722708434
C#CCN1C(=O)/C(=C/c2cc(OC(C)C)ccc2OC(C)C)N=C1C,CO,392.22904157899904,4.635535700393195
CN(C)CCNCc1c2ccccc2cc2ccccc12,C1CCCCC1,380.8974521874302,4.324444288380181
CN(C)CCNCc1c2ccccc2cc2ccccc12,ClC(Cl)Cl,389.058583493359,4.381787131669393
CN(C)CCNCc1c2ccccc2cc2ccccc12,C1CCOC1,383.24922273592506,4.382014330413293
CN(C)CCNCc1c2ccccc2cc2ccccc12,CO,372.46094970497484,4.370276765416287
CN(C)CCNCc1c2ccccc2cc2ccccc12,CC(C)=O,386.5353744082437,4.370562117188735
CN(C)CCNCc1c2ccccc2cc2ccccc12,CCO,375.3520360794435,4.386745204500859
CN(C)CCNCc1c2ccccc2cc2ccccc12,CC#N,380.69200598091084,4.374223255942816
CN(C)CCNCc1c2ccccc2cc2ccccc12,CN(C)C=O,398.2679517641875,4.377901728109567
CCCCC(CC)Cn1c2ccc(-n3c4ccccc4c4ccccc43)cc2c2cc(-n3c4ccccc4c4ccccc43)ccc21,C1CCOC1,362.45489996296544,4.563920691764191
CN(C)CCCN1c2ccccc2CCc2ccc(Cl)cc21,O,289.98703386456134,3.659984489600537
c1ccc2c(c1)CCc1ccccc1N2,CO,286.0240792420291,3.9671523794699315
CN1c2ccccc2CCc2ccccc21,CO,285.53026324680513,3.9163930378855696
CN(C)CCCN1c2ccccc2CCc2ccc(Cl)cc21,CO,298.124708910717,3.7314034229729507
CC(C)CCCN1c2ccccc2CCc2ccccc21,CO,284.0657425233493,3.914453052401002
c1ccc2c(c1)CCc1ccccc1N2,CC#N,285.4568534360721,3.8475076522561635
CN1c2ccccc2CCc2ccccc21,CC#N,287.74283394216536,3.8274750526623555
CN(C)CCCN1c2ccccc2CCc2ccc(Cl)cc21,CC#N,293.78966706120116,3.689415568321601
CC(C)CCCN1c2ccccc2CCc2ccccc21,CC#N,286.9596667770817,3.8915318386248146
c1ccc2c(c1)CCc1ccccc1N2,CCCCCC,288.4516036645255,3.862584878919976
COc1ccccc1-c1c(-c2ccccc2O)nc(-c2ccc(C(F)(F)F)cc2)n1-c1ccc(C)cc1,ClC(Cl)Cl,322.4262691526418,4.234218157930926
COc1ccccc1-c1c(-c2ccccc2O)nc(-c2ccc(C(F)(F)F)cc2)n1-c1ccc(C)cc1,ClCCl,316.2012622218608,4.24468982301951
COc1ccccc1-c1c(-c2ccccc2O)nc(-c2ccc(C(F)(F)F)cc2)n1-c1ccc(C)cc1,C1CCOC1,317.4455785164591,4.206727435535168
COc1ccccc1-c1c(-c2ccccc2O)nc(-c2ccc(C(F)(F)F)cc2)n1-c1ccc(C)cc1,CS(C)=O,321.4843182671698,4.3792309106332095
COc1ccccc1-c1c(-c2ccccc2O)nc(-c2ccc(C(F)(F)F)cc2)n1-c1ccc(C)cc1,CC(C)O,318.5551643052212,4.289409371951653
COc1ccccc1-c1c(-c2ccccc2O)nc(-c2ccc(C(F)(F)F)cc2)n1-c1ccc(C)cc1,CO,314.18794315515584,4.240267863789216
COc1ccccc1-c1nc(-c2ccc(C(F)(F)F)cc2)n(-c2ccc(C)cc2)c1-c1ccccc1OC,CCCCCC,328.76220340812205,4.022235579342019
COc1ccccc1-c1nc(-c2ccc(C(F)(F)F)cc2)n(-c2ccc(C)cc2)c1-c1ccccc1OC,ClCCl,325.07717342837014,4.311268733021264
COc1ccccc1-c1nc(-c2ccc(C(F)(F)F)cc2)n(-c2ccc(C)cc2)c1-c1ccccc1OC,CS(C)=O,332.1826730311416,4.432915068596394
COc1ccccc1-c1nc(-c2ccc(C(F)(F)F)cc2)n(-c2ccc(C)cc2)c1-c1ccccc1OC,CC(C)O,328.04444498448174,4.335936778526853
COc1ccccc1-c1nc(-c2ccc(C(F)(F)F)cc2)n(-c2ccc(C)cc2)c1-c1ccccc1OC,CO,321.07425096440164,4.321176887518536
CCCCCCn1c2cc(/C=C/c3ccccc3)ccc2c2ccc(/C=C/c3ccccc3)cc21,ClC(Cl)Cl,384.4445324811239,4.897356008973156
CCCCCCn1c2cc(/C=C/c3cccs3)ccc2c2ccc(/C=C/c3cccs3)cc21,ClC(Cl)Cl,408.11058279137234,4.8391521028860245
Cc1cccc(NC(=O)c2ccc(N(C)C)cc2)c1,C1CCCCC1,314.194106478843,4.464819826893504
Cc1cccc(NC(=O)c2ccc(N(C)C)cc2)c1,CCOCC,314.2273234180661,4.53412038229654
Cc1cccc(NC(=O)c2ccc(N(C)C)cc2)c1,C1CCOC1,315.1122666848489,4.536672888141671
Cc1cccc(NC(=O)c2ccc(N(C)C)cc2)c1,CC#N,321.51234701302525,4.507626108964015
CN(C)c1ccc(C(=O)Nc2ccccc2)cc1,C1CCCCC1,312.5301466016705,4.374267297802912
CN(C)c1ccc(C(=O)Nc2ccccc2)cc1,CCOCC,311.7861721744356,4.525388919028553
CN(C)c1ccc(C(=O)Nc2ccccc2)cc1,C1CCOC1,316.09073495062603,4.505277565524831
CN(C)c1ccc(C(=O)Nc2ccccc2)cc1,CC#N,320.01532194558,4.505202058732598
CN(C)c1ccc(C(=O)Nc2cccc(Br)c2)cc1,C1CCCCC1,309.0378548801051,4.422391644090159
CN(C)c1ccc(C(=O)Nc2cccc(Br)c2)cc1,CCOCC,309.1554205919807,4.537210100697713
CN(C)c1ccc(C(=O)Nc2cccc(Br)c2)cc1,C1CCOC1,313.51636590332197,4.517958545967687
CN(C)c1ccc(C(=O)Nc2cccc(Br)c2)cc1,CC#N,316.85684983678595,4.538311949934626
CN(C)c1ccc(C(=O)Nc2ccc([N+](=O)[O-])cc2)cc1,C1CCCCC1,349.8070159073679,4.257873880580713
CN(C)c1ccc(C(=O)Nc2ccc([N+](=O)[O-])cc2)cc1,CCOCC,344.6065083941213,4.495857541455182
CN(C)c1ccc(C(=O)Nc2ccc([N+](=O)[O-])cc2)cc1,C1CCOC1,356.06607738931314,4.463925775098463
CN(C)c1ccc(C(=O)Nc2ccc([N+](=O)[O-])cc2)cc1,CC#N,356.58270893368353,4.505670774290849
N#Cc1ccc(N)c2nonc12,CCCCCC,390.1687724877355,3.494822806373888
N#Cc1ccc(N)c2nonc12,Cc1ccccc1,393.90563439447976,3.639869002579319
N#Cc1ccc(N)c2nonc12,C1COCCO1,392.37952106458164,3.781227667023993
N#Cc1ccc(N)c2nonc12,ClCCl,392.4745306369792,3.611082788767096
N#Cc1ccc(N)c2nonc12,CC#N,389.1916387753126,3.768689523579571
N#Cc1ccc(N)c2nonc12,CCO,388.48589758269526,3.5866062870251754
N#Cc1ccc(N)c2nonc12,O,381.1637065205513,3.6376454776933502
c1ccsc1,ClCCl,295.5756932517247,3.894594331888875
C[Si](C)(C)[Si](c1ccc(-c2ccc([Si]([Si](C)(C)C)([Si](C)(C)C)[Si](C)(C)C)s2)s1)([Si](C)(C)C)[Si](C)(C)C,ClCCl,337.59747168297383,4.569035363403434
C[Si](C)(C)[Si](c1ccc(-c2ccc(-c3ccc([Si]([Si](C)(C)C)([Si](C)(C)C)[Si](C)(C)C)s3)s2)s1)([Si](C)(C)C)[Si](C)(C)C,ClCCl,395.87015944018833,4.601331358679223
c1cc2sccc2s1,ClCCl,275.75235649458926,4.142228842580209
CCCCCCCCCCCCCCCCOc1cc(C#Cc2ccc3ccccc3c2)c(OCCCCCCCCCCCCCCCC)cc1C#Cc1ccc(C=C(C#N)C#N)cc1,C1CCCCC1,422.2789856792006,4.413083371972443
CCCCCCCCCCCCCCCCOc1cc(C#Cc2ccc3ccccc3c2)c(OCCCCCCCCCCCCCCCC)cc1C#Cc1ccc(C=C(C#N)C#N)cc1,CCCCCC,418.1688145071555,4.460674596257887
CCCCCCCCCCCCCCCCOc1cc(C#Cc2ccc3ccccc3c2)c(OCCCCCCCCCCCCCCCC)cc1C#Cc1ccc(C=C(C#N)C#N)cc1,ClC(Cl)(Cl)Cl,436.6054174990448,4.608287806321713
CCCCCCCCCCCCCCCCOc1cc(C#Cc2ccc3ccccc3c2)c(OCCCCCCCCCCCCCCCC)cc1C#Cc1ccc(C=C(C#N)C#N)cc1,CCCCOCCCC,444.8711545817151,4.535730627050678
CCCCCCCCCCCCCCCCOc1cc(C#Cc2ccc3ccccc3c2)c(OCCCCCCCCCCCCCCCC)cc1C#Cc1ccc(C=C(C#N)C#N)cc1,Cc1ccccc1,435.78332403797054,4.516525635445522
CCCCCCCCCCCCCCCCOc1cc(C#Cc2ccc3ccccc3c2)c(OCCCCCCCCCCCCCCCC)cc1C#Cc1ccc(C=C(C#N)C#N)cc1,CCOCC,426.56807451240144,4.535133139307352
CCCCCCCCCCCCCCCCOc1cc(C#Cc2ccc3ccccc3c2)c(OCCCCCCCCCCCCCCCC)cc1C#Cc1ccc(C=C(C#N)C#N)cc1,C1COCCO1,444.07983515526087,4.572046879633351
CCCCCCCCCCCCCCCCOc1cc(C#Cc2ccc3ccccc3c2)c(OCCCCCCCCCCCCCCCC)cc1C#Cc1ccc(C=C(C#N)C#N)cc1,Brc1ccccc1,436.44321925982877,4.517936693498829
CCCCCCCCCCCCCCCCOc1cc(C#Cc2ccc3ccccc3c2)c(OCCCCCCCCCCCCCCCC)cc1C#Cc1ccc(C=C(C#N)C#N)cc1,C1CCOC1,441.4419211898198,4.482680421329249
CCCCCCCCCCCCCCCCOc1cc(C#Cc2ccc3ccccc3c2)c(OCCCCCCCCCCCCCCCC)cc1C#Cc1ccc(C=C(C#N)C#N)cc1,CCOC(C)=O,434.13442164188024,4.577861300610671
CCCCCCCCCCCCCCCCOc1cc(C#Cc2ccc3ccccc3c2)c(OCCCCCCCCCCCCCCCC)cc1C#Cc1ccc(C=C(C#N)C#N)cc1,ClC(Cl)Cl,431.3427946532471,4.697084354770549
CCCCCCCCCCCCCCCCOc1cc(C#Cc2ccc3ccccc3c2)c(OCCCCCCCCCCCCCCCC)cc1C#Cc1ccc(C=C(C#N)C#N)cc1,ClCCl,445.9266874435379,4.528939293985596
CCCCCCCCCCCCCCCCOc1cc(C#Cc2ccc3ccccc3c2)c(OCCCCCCCCCCCCCCCC)cc1C#Cc1ccc(C=C(C#N)C#N)cc1,CCCCCCCCO,435.9848966799387,4.510002818209501
CCCCCCCCCCCCCCCCOc1cc(C#Cc2ccc3ccccc3c2-c2c(C#Cc3cc(OCCCCCCCCCCCCCCCC)c(C#Cc4ccc(C=C(C#N)C#N)cc4)cc3OCCCCCCCCCCCCCCCC)ccc3ccccc23)c(OCCCCCCCCCCCCCCCC)cc1C#Cc1ccc(C=C(C#N)C#N)cc1,C1CCCCC1,456.3368529116768,4.50304094362938
CCCCCCCCCCCCCCCCOc1cc(C#Cc2ccc3ccccc3c2-c2c(C#Cc3cc(OCCCCCCCCCCCCCCCC)c(C#Cc4ccc(C=C(C#N)C#N)cc4)cc3OCCCCCCCCCCCCCCCC)ccc3ccccc23)c(OCCCCCCCCCCCCCCCC)cc1C#Cc1ccc(C=C(C#N)C#N)cc1,CCCCCC,445.4343384412428,4.497701144527432
CCCCCCCCCCCCCCCCOc1cc(C#Cc2ccc3ccccc3c2-c2c(C#Cc3cc(OCCCCCCCCCCCCCCCC)c(C#Cc4ccc(C=C(C#N)C#N)cc4)cc3OCCCCCCCCCCCCCCCC)ccc3ccccc23)c(OCCCCCCCCCCCCCCCC)cc1C#Cc1ccc(C=C(C#N)C#N)cc1,ClC(Cl)(Cl)Cl,464.11568312560684,4.6629705886456305
CCCCCCCCCCCCCCCCOc1cc(C#Cc2ccc3ccccc3c2-c2c(C#Cc3cc(OCCCCCCCCCCCCCCCC)c(C#Cc4ccc(C=C(C#N)C#N)cc4)cc3OCCCCCCCCCCCCCCCC)ccc3ccccc23)c(OCCCCCCCCCCCCCCCC)cc1C#Cc1ccc(C=C(C#N)C#N)cc1,CCCCOCCCC,467.48567412749435,4.58036120134037
CCCCCCCCCCCCCCCCOc1cc(C#Cc2ccc3ccccc3c2-c2c(C#Cc3cc(OCCCCCCCCCCCCCCCC)c(C#Cc4ccc(C=C(C#N)C#N)cc4)cc3OCCCCCCCCCCCCCCCC)ccc3ccccc23)c(OCCCCCCCCCCCCCCCC)cc1C#Cc1ccc(C=C(C#N)C#N)cc1,Cc1ccccc1,456.88693267617936,4.5415539662955045
CCCCCCCCCCCCCCCCOc1cc(C#Cc2ccc3ccccc3c2-c2c(C#Cc3cc(OCCCCCCCCCCCCCCCC)c(C#Cc4ccc(C=C(C#N)C#N)cc4)cc3OCCCCCCCCCCCCCCCC)ccc3ccccc23)c(OCCCCCCCCCCCCCCCC)cc1C#Cc1ccc(C=C(C#N)C#N)cc1,CCOCC,451.865938997513,4.552049663672895
CCCCCCCCCCCCCCCCOc1cc(C#Cc2ccc3ccccc3c2-c2c(C#Cc3cc(OCCCCCCCCCCCCCCCC)c(C#Cc4ccc(C=C(C#N)C#N)cc4)cc3OCCCCCCCCCCCCCCCC)ccc3ccccc23)c(OCCCCCCCCCCCCCCCC)cc1C#Cc1ccc(C=C(C#N)C#N)cc1,C1COCCO1,472.186027298439,4.640171191529456
CCCCCCCCCCCCCCCCOc1cc(C#Cc2ccc3ccccc3c2-c2c(C#Cc3cc(OCCCCCCCCCCCCCCCC)c(C#Cc4ccc(C=C(C#N)C#N)cc4)cc3OCCCCCCCCCCCCCCCC)ccc3ccccc23)c(OCCCCCCCCCCCCCCCC)cc1C#Cc1ccc(C=C(C#N)C#N)cc1,Brc1ccccc1,458.22892764988353,4.553520816015563
CCCCCCCCCCCCCCCCOc1cc(C#Cc2ccc3ccccc3c2-c2c(C#Cc3cc(OCCCCCCCCCCCCCCCC)c(C#Cc4ccc(C=C(C#N)C#N)cc4)cc3OCCCCCCCCCCCCCCCC)ccc3ccccc23)c(OCCCCCCCCCCCCCCCC)cc1C#Cc1ccc(C=C(C#N)C#N)cc1,C1CCOC1,463.7746484860951,4.530899874698472
CCCCCCCCCCCCCCCCOc1cc(C#Cc2ccc3ccccc3c2-c2c(C#Cc3cc(OCCCCCCCCCCCCCCCC)c(C#Cc4ccc(C=C(C#N)C#N)cc4)cc3OCCCCCCCCCCCCCCCC)ccc3ccccc23)c(OCCCCCCCCCCCCCCCC)cc1C#Cc1ccc(C=C(C#N)C#N)cc1,CCOC(C)=O,455.51643389313057,4.603928021706873
CCCCCCCCCCCCCCCCOc1cc(C#Cc2ccc3ccccc3c2-c2c(C#Cc3cc(OCCCCCCCCCCCCCCCC)c(C#Cc4ccc(C=C(C#N)C#N)cc4)cc3OCCCCCCCCCCCCCCCC)ccc3ccccc23)c(OCCCCCCCCCCCCCCCC)cc1C#Cc1ccc(C=C(C#N)C#N)cc1,ClC(Cl)Cl,459.73790900270683,4.77344266969674
CCCCCCCCCCCCCCCCOc1cc(C#Cc2ccc3ccccc3c2-c2c(C#Cc3cc(OCCCCCCCCCCCCCCCC)c(C#Cc4ccc(C=C(C#N)C#N)cc4)cc3OCCCCCCCCCCCCCCCC)ccc3ccccc23)c(OCCCCCCCCCCCCCCCC)cc1C#Cc1ccc(C=C(C#N)C#N)cc1,ClCCl,475.0597394759618,4.571799194199896
CCCCCCCCCCCCCCCCOc1cc(C#Cc2ccc3ccccc3c2-c2c(C#Cc3cc(OCCCCCCCCCCCCCCCC)c(C#Cc4ccc(C=C(C#N)C#N)cc4)cc3OCCCCCCCCCCCCCCCC)ccc3ccccc23)c(OCCCCCCCCCCCCCCCC)cc1C#Cc1ccc(C=C(C#N)C#N)cc1,CCCCCCCCO,463.8066558886716,4.575693347566038
COc1ccc(C2=[N+]3C(=C(c4ccc(I)cc4)c4ccc(-c5ccc(OC)cc5)n4[B-]3(F)F)C=C2)cc1,ClC(Cl)Cl,614.7222950727833,4.692604671013659
Cc1cc(C)c(C2=C3C=CC(c4ccc5ccccc5c4)=[N+]3[B-](F)(F)n3c2ccc3-c2ccc3ccccc3c2)c(C)c1,ClC(Cl)Cl,611.8579872770935,4.874999811763472
Cc1cc(C)c(C2=C3C=CC(c4ccc5c(ccc6ccccc65)c4)=[N+]3[B-](F)(F)n3c2ccc3-c2ccc3c(ccc4ccccc43)c2)c(C)c1,ClC(Cl)Cl,600.428959863581,4.806083745846662
CCCC1=CC2=C(c3c(C)cc(C)cc3C)c3cc(CCC)c(-c4ccc5ccc6cccc7ccc4c5c67)n3[B-](F)(F)[N+]2=C1c1ccc2ccc3cccc4ccc1c2c34,ClC(Cl)Cl,615.4862096648885,4.957638395993185
F[B-]1(F)n2c(ccc2-c2nc3ccccc3s2)C(c2ccccc2)=C2C=CC(c3nc4ccccc4s3)=[N+]21,ClC(Cl)Cl,534.7130461187095,4.58173020062704
F[B-]1(F)n2c(ccc2-c2cccs2)C(c2ccc(Br)cc2)=C2C=CC(c3cccs3)=[N+]21,ClC(Cl)Cl,591.858014413717,4.676027239801063
F[B-]1(F)n2c(ccc2-c2cccs2)C(C(F)(F)F)=C2C=CC(c3cccs3)=[N+]21,CCCCCC,606.2636521314028,4.6071667095460045
F[B-]1(F)n2c(cc(-c3ccccc3)c2-c2ccccc2)C(c2ccccc2)=C2C=C(c3ccccc3)C(c3ccccc3)=[N+]21,ClCCl,591.475675816706,4.529389051441724
F[B-]1(F)n2c(c(-c3ccccc3)c(-c3ccccc3)c2-c2ccccc2)C=C2C(c3ccccc3)=C(c3ccccc3)C(c3ccccc3)=[N+]21,C1CCOC1,592.7106408615718,4.93895312411511
COc1ccc(C2=C(c3ccc(OC)cc3)C(c3ccc(OC)cc3)=[N+]3C2=C(c2ccc(OC)cc2)c2c(-c4ccc(OC)cc4)c(-c4ccc(OC)cc4)c(-c4ccc(OC)cc4)n2[B-]3(F)F)cc1,C1CCOC1,606.3527390372753,4.615362380306628
CC1=C(C#Cc2ccc(B(c3c(C)cc(C)cc3C)c3c(C)cc(C)cc3C)cc2)C(C)=[N+]2C1=C(c1ccccc1)c1c(C)c(C#Cc3ccc(B(c4c(C)cc(C)cc4C)c4c(C)cc(C)cc4C)cc3)c(C)n1[B-]2(F)F,ClCCl,563.9663118731479,4.858830793787155
CC1=C(C#Cc2ccc([Si](c3ccccc3)(c3ccccc3)c3ccccc3)cc2)C(C)=[N+]2C1=C(c1ccccc1)c1c(C)c(C#Cc3ccc([Si](c4ccccc4)(c4ccccc4)c4ccccc4)cc3)c(C)n1[B-]2(F)F,ClCCl,552.1292674308727,4.877430102973163
CC1=CC(C)=[N+]2C1=C(c1ccccc1)c1c(C)cc(/C=C/c3ccc(N(C)C)cc3)n1[B-]2(F)F,CCOCC,578.6106814957652,4.97878648452715
CC1=CC(C)=[N+]2C1=C(c1ccc(C)cc1)c1c(C)cc(/C=C/c3ccc4ccc5cccc6ccc3c4c56)n1[B-]2(F)F,CC1CCCO1,562.7624134801334,4.890259926225433
CC1=CC(/C=C/c2c3ccccc3c(C)c3ccccc23)=[N+]2C1=C(c1ccccc1)c1c(C)cc(/C=C/c3c4ccccc4c(C)c4ccccc34)n1[B-]2(F)F,CC1CCCO1,633.363148798925,4.822420022040751
CCOC(=O)c1ccc(/C=C/C2=[N+]3C(=C(c4ccccc4)c4ccc(/C=C/c5ccc(C(=O)OCC)o5)n4[B-]3(F)F)C=C2)o1,ClC(Cl)Cl,639.7869072915305,4.853521982499077
CCOC(=O)/C=C/C1=[N+]2C(=C(c3c(C)cc(C)cc3C)c3ccc(/C=C/C(=O)OCC)n3[B-]2(F)F)C=C1,ClCCl,592.8250061457317,4.871815827455657
CN1/C(=C\C=C\C=C\C2=C3C=CC(c4ccccc4)=[N+]3[B-](F)(F)n3c2ccc3-c2ccccc2)C(C)(C)c2ccccc21,CC#N,681.9990486635207,5.103757714845671
CN1/C(=C\C=C\C2=C3C=CC(c4ccccc4)=[N+]3[B-](F)(F)n3c2ccc3-c2ccccc2)Sc2ccccc21,CC#N,660.365282454528,4.868302934547849
CCC1=C(C)C2=C(/C=C/c3ccc([N+](=O)[O-])cc3)c3c(C)c(CC)c(/C=C/c4ccc(OC)cc4)n3[B-](F)(F)[N+]2=C1/C=C/c1ccc(OC)cc1,ClCCl,687.307958163972,4.969345168772199
CC1=C2CCc3ccccc3C2=[N+]2C1=C(c1ccc(I)cc1)c1c(C)c3c(n1[B-]2(F)F)-c1ccccc1CC3,ClC(Cl)Cl,605.6400562919656,5.005280287525081
F[B-]1(F)n2c(cc3oc(-c4ccccc4)cc32)C=C2C=c3oc(-c4ccccc4)cc3=[N+]21,ClC(Cl)Cl,676.2542809135127,5.5067445200088105
COc1ccc(-c2cc3c(o2)=CC2=Cc4cc5oc(-c6ccc(OC)cc6)cc5n4[B-](F)(F)[N+]=32)cc1,ClC(Cl)Cl,689.2238892154164,5.465091688307183
F[B-]1(F)n2c(cc3sc4ccccc4c32)C(c2ccc(I)cc2)=C2C=c3sc4ccccc4c3=[N+]21,ClC(Cl)Cl,645.1604879348499,5.094624757686884
COC(=O)c1ccc(C2=C3C=c4sc(-c5cccs5)cc4=[N+]3[B-](F)(F)n3c2cc2sc(-c4cccs4)cc23)cc1,ClCCl,647.6080775389245,5.23597173612586
COc1ccccc1C1=[N+]2C(=Cc3c4c(c(-c5ccccc5OC)n3[B-]2(F)F)C2CCC4CC2)C2=C1C1CCC2CC1,ClCCl,575.7353347247898,4.917489585786475
F[B-]1(F)C2=C(C=c3c4cccc5cccc(c54)n31)c1cccc3ccc[n+]2c13,CS(C)=O,599.474919862479,4.748968085472782
CC1=c2c3c4cccc5cccc(c=3c(C)[n+]2[B-](F)(F)n2c(C)c3cc6c(-c7ccccc7)c7c(c(-c8ccccc8)c6cc3c21)-c1cccc2cccc-7c12)c54,ClCCl,714.7825799644737,5.104274721103938
CC1=[N+]2C(=C(C3=CC4OCCOCCOCCOCCOC4C=C3)c3c4ccccc4c(/C=C/c4ccc(N(C)C)cc4)n3[B-]2(F)F)c2ccccc21,CC#N,647.5568831971411,4.927631229752851
COc1ccc(C#Cc2c3ccccc3c3n2[B-](F)(F)[N+]2=C(C)C=C(C)C2=C3)cc1,ClCCl,618.6442192118642,4.812070490183541
COc1ccccc1C1=[N+]2C(=C(c3ccccc3)c3c4ccccc4c(-c4ccccc4OC)n3[B-]2(F)F)c2ccccc21,ClCCl,632.5365758329447,5.03122285837809
CCCCCCOc1ccc2c(c1)C1=[N+]3C2=Cc2c4ccc(OCCCCCC)cc4c4n2[B-]3(Oc2ccccc21)Oc1ccccc1-4,C1CCOC1,746.8539410886185,5.078993006535987
F[B-]1(F)n2c(-c3ccccc3)cc(-c3ccccc3)c2N=C2C(c3ccccc3)=CC(c3ccccc3)=[N+]21,ClC(Cl)Cl,663.3386048192899,4.951829546671833
F[B-]1(F)n2c(-c3cccs3)cc(-c3ccccc3)c2N=C2C(c3ccccc3)=CC(c3cccs3)=[N+]21,ClCCl,716.0078437128259,5.046269006779072
F[B-]1(F)n2c(-c3ccccc3)cc(-c3cccs3)c2N=C2C(c3cccs3)=CC(c3ccccc3)=[N+]21,ClCCl,693.2071715546128,5.0026260808687555
F[B-]1(F)n2c(c(-c3ccccc3)c(-c3cccs3)c2-c2ccccc2)N=C2C(c3ccccc3)=C(c3cccs3)C(c3ccccc3)=[N+]21,ClCCl,671.4971701572942,4.94081170553522
COc1ccc(C2=[N+]3C(=Nc4c(-c5ccccc5)c5c(n4[B-]3(F)F)-c3ccc(OC)cc3CC5)C(c3ccccc3)=C2)cc1,ClC(Cl)Cl,714.7590518200936,5.026006920082662
COc1ccc2c(c1)CCc1c(-c3ccccc3)c3n(c1-2)[B-](F)(F)[N+]1=c2ccc4ccccc4c2=C(c2ccccc2)C1=N3,ClC(Cl)Cl,730.0907257963675,5.211404278909253
COc1ccccc1C1=[N+]2C(=Nc3c(-c4ccccc4)cc(-c4ccccc4OC)n3[B-]2(F)F)C(c2ccccc2)=C1,Cc1ccccc1,692.7543110328156,5.043906841726436
Fc1ccc(C2=[N+]3C(=Nc4c5ccccc5c(-c5ccc(F)cc5)n4[B-]3(F)F)c3ccccc32)cc1,ClCCl,717.5305722153644,4.9554726499031885
CN(C)c1ccc(C2=[N+]3C(=Nc4c5ccccc5c(-c5ccc(N(C)C)cc5)n4[B-]3(F)F)c3ccccc32)cc1,ClCCl,789.3452447687948,4.9554678741980736
Cc1ccc(C2=[N+]3C(=Nc4c5ccccc5c(-c5ccc(C)s5)n4[B-]3(F)F)c3ccccc32)s1,ClCCl,722.9167670444858,4.8688188554185885
F[B-]1(F)n2c(-c3ccccc3)c3ccc4ccccc4c3c2N=C2c3c(ccc4ccccc34)C(c3ccccc3)=[N+]21,ClCCl,722.8218543600367,5.036984240084967
CC1=CC(C)=[N+]2C1=Cc1c(C)c(C3=C(C)C4=Cc5c(C)cc(C)n5[B-](F)(F)[N+]4=C3C)c(C)n1[B-]2(F)F,ClCCl,539.4044668458924,4.870870056944997
CCCCCCCCOc1ccc(-c2c3c4n(c(-c5ccc(OCCCCCCCC)cc5)c3c3n2[B-](F)(F)[n+]2c(ccc5cc(C(C)(C)C)ccc52)C=3C#N)[B-](F)(F)[n+]2c(ccc3cc(C(C)(C)C)ccc32)C=4C#N)cc1,ClC(Cl)Cl,635.7134504011049,4.699653901199839
O=C1C2=C(O[B-](F)(F)[n+]3c2ccc2ccccc23)c2cccc3c(N4CCOCC4)ccc1c23,ClCCl,459.07392964128053,4.159228019205865
O=C1c2ccccc2C2=Nc3cccc[n+]3[B-](F)(F)N12,ClCCl,374.76139464414337,4.256824971120387
O=C1c2cc3ccccc3cc2C2=Nc3cccc[n+]3[B-](F)(F)N12,ClCCl,430.40602492895283,4.274776177324768
F[B-]1(F)N(c2ccccc2)c2cccc3ccc4ccc[n+]1c4c23,ClCCl,472.54390950201565,4.408207327303262
Cc1ccc([N+]2=c3c4n(c5ccccc35)[B-](F)(F)[N+](c3ccc(C)cc3)=c3c=4n(c4ccccc34)[B-]2(F)F)cc1,ClCCl,546.941649140185,4.846529554260097
Cc1ccc(-c2ccc3ccc4cc(C(C)(C)C)cc5ccc2c3c45)cc1,C1CCOC1,375.7663852044487,4.339653584093679
COc1ccc(C2C3=C(CCCC3=O)Nc3c2c(=O)oc2ccccc32)cc1,CS(C)=O,368.444069125597,4.247517347973961
CCCCC(CC)COC(=O)/C=C/c1c(OC)ccc(OC)c1OC,CO,356.1224974294763,4.169279539827991
CCCCC(CC)COC(=O)/C=C/c1c(OC)ccc(OC)c1OC,CCCCCC,365.86128645386805,4.083376001381015
CCCCC(CC)COC(=O)/C=C\c1c(OC)ccc(OC)c1OC,CO,314.8447434321452,4.0464389975823725
CCCCC(CC)COC(=O)/C=C\c1c(OC)ccc(OC)c1OC,CCCCCC,328.35313623901516,3.983295746121048
CCCCC(CC)COC(=O)/C=C/c1ccccc1OC,CO,335.61730704713807,4.135969412717189
CCCCC(CC)COC(=O)/C=C/c1ccccc1OC,CCCCCC,343.573857887248,4.057052821302188
Nc1cc[nH]c(=S)n1,CCOC(C)=O,345.66372468404813,3.770828677675178
Nc1cc[nH]c(=S)n1,CC#N,342.29271792141094,3.834749898735627
Nc1cc[nH]c(=S)n1,CS(C)=O,349.5630207990442,3.9437323577663324
Nc1cc[nH]c(=S)n1,CCO,349.60235105527136,3.798124509695729
Nc1cc[nH]c(=S)n1,CO,349.4445174618612,3.8225653383676246
Nc1cc[nH]c(=S)n1,O,339.78815195282425,3.8039713475804944
CCOC(=O)C1=C(C)NC2=C(C(=O)c3ccccc32)C1c1ccc(N(C)C)cc1,CCO,401.63442979659,3.8243466763754608
CCOC(=O)C1=C(C)NC2=C(C(=O)c3ccccc32)C1c1ccc(N(C)C)cc1,CS(C)=O,410.7174499318304,4.015705381470821
CCOC(=O)C1=C(C)NC2=C(C(=O)c3ccccc32)C1c1ccc(N(C)C)cc1,CO,400.80642538930704,3.78829632564689
CCOC(=O)C1=C(C)NC2=C(C(=O)c3ccccc32)C1c1ccc(N(C)C)cc1,CN(C)C=O,414.69093564927346,3.795737561627913
CCOC(=O)C1=C(C)NC2=C(C(=O)c3ccccc32)C1c1ccc(N(C)C)cc1,ClC(Cl)Cl,396.29666956543036,4.018032597045116
CCOC(=O)C1=C(C)NC2=C(C(=O)c3ccccc32)C1c1ccc(N(C)C)cc1,ClCCl,398.39205584987326,4.030755184009807
CCOC(=O)C1=C(C)NC2=C(C(=O)c3ccccc32)C1c1ccc(N(C)C)cc1,CC#N,399.47797910129464,3.887103276620404
CCOC(=O)C1=C(C)NC2=C(C(=O)c3ccccc32)C1c1ccc(N(C)C)cc1,C1COCCO1,388.3369901822114,4.122771751632325
CCOC(=O)C1=C(C)NC2=C(C(=O)c3ccccc32)C1c1ccc(N(C)C)cc1,C1CCOC1,387.4133104885627,4.0766878434451845
CCOC(=O)C1=C(C)NC2=C(C(=O)c3ccccc32)C1c1ccc(N(C)C)cc1,ClC(Cl)(Cl)Cl,391.6810433426789,4.008050070890066
CCC(C)(C)c1ccc(-c2ccc(-c3ccccc3)cc2)cc1,C1COCCO1,282.5564658185541,4.580431335464348
CCCC1(CCC)c2cc(-c3cccc(C)c3)ccc2-c2ccc(-c3cccc(C)c3)cc21,C1CCCCC1,342.78482743857546,4.818272647764768
CCC(C)(C)c1ccc2c(c1)C(CC)(CC)c1cc(-c3ccc4c(c3)C(CC)(CC)c3cc(C(C)(C)CC)ccc3-4)ccc1-2,C1CCCCC1,337.71837534094374,4.827813167939606
CCCC1(CCC)c2cc(-c3ccc(OC)cc3)ccc2-c2ccc(-c3ccc4c(c3)C(CCC)(CCC)c3cc(-c5ccc(OC)cc5)ccc3-4)cc21,C1CCCCC1,342.5617476254419,4.918125839954275
CCCC1(CCC)c2ccccc2-c2ccc(-c3ccc4c(c3)C(CCC)(CCC)c3cc(-c5ccc6c(c5)C(CCC)(CCC)c5cc(-c7ccc8c(c7)C(CCC)(CCC)c7ccccc7-8)ccc5-6)ccc3-4)cc21,C1CCCCC1,359.0383621154016,5.021030345916324
CCCC1(CCC)c2cc(-c3ccc(-c4ccc(OC)cc4)o3)ccc2-c2ccc(-c3ccc(-c4ccc(OC)cc4)o3)cc21,C1CCCCC1,369.81732765246716,4.657039524688839
CCn1nc(-c2ccc(C)cc2)c2ccc3[o+]c(-c4ccc(C)cc4)c4ccc1c2c34.[O-][Cl+3]([O-])([O-])[O-],ClCCl,501.5456447660767,4.707516159002236
CCn1nc(-c2ccc(C)cc2)c2ccc3[o+]c(-c4ccc(C)cc4)c4ccc1c2c34.[O-][Cl+3]([O-])([O-])[O-],ClC(Cl)Cl,493.16149302995046,4.702325618774919
CCn1nc(-c2ccc(C)cc2)c2ccc3[o+]c(-c4ccc(C)cc4)c4ccc1c2c34.[O-][Cl+3]([O-])([O-])[O-],CC#N,487.71365558770356,4.6840313396633295
CCn1nc(-c2ccc(C)cc2)c2ccc3[o+]c(-c4ccc(C)cc4)c4ccc1c2c34.[O-][Cl+3]([O-])([O-])[O-],CC(C)=O,489.6110497868209,4.664792954301953
CCn1nc(-c2ccc(C)cc2)c2ccc3[o+]c(-c4ccc(C)cc4)c4ccc1c2c34.[O-][Cl+3]([O-])([O-])[O-],C1CCOC1,487.77549510214345,4.6546841071286575
CCn1nc(-c2ccc(C)cc2)c2ccc3[o+]c(-c4ccc(C)cc4)c4ccc1c2c34.[O-][Cl+3]([O-])([O-])[O-],CS(C)=O,494.06315728138173,4.692416030661623
CC(C)(C)c1ccc(/C=C/c2ccc(N(c3ccc(/C=C/c4ccc(C(C)(C)C)cc4)cc3)c3ccc(-c4nc5ccccc5nc4-c4ccc(N(c5ccc(/C=C/c6ccc(C(C)(C)C)cc6)cc5)c5ccc(/C=C/c6ccc(C(C)(C)C)cc6)cc5)cc4)cc3)cc2)cc1,Cc1ccccc1,383.9946161027918,4.978417886923287
C(=C/c1ccccn1)\c1ccc(N(c2ccc(/C=C/c3ccccn3)cc2)c2ccc(-c3nc4ccccc4nc3-c3ccc(N(c4ccc(/C=C/c5ccccn5)cc4)c4ccc(/C=C/c5ccccn5)cc4)cc3)cc2)cc1,Cc1ccccc1,412.0017340678649,4.7350903567436475
CC(C)(C)c1ccc(/C=C/c2ccc(N(c3ccc(/C=C/c4ccc(C(C)(C)C)cc4)cc3)c3ccc(-c4nc5ccccc5nc4-c4ccc(N(c5ccc(/C=C/c6ccc(C(C)(C)C)cc6)cc5)c5ccc(/C=C/c6ccc(C(C)(C)C)cc6)cc5)cc4)cc3)cc2)cc1,C1CCOC1,381.83724653469517,4.915203687297339
C(=C/c1ccccn1)\c1ccc(N(c2ccc(/C=C/c3ccccn3)cc2)c2ccc(-c3nc4ccccc4nc3-c3ccc(N(c4ccc(/C=C/c5ccccn5)cc4)c4ccc(/C=C/c5ccccn5)cc4)cc3)cc2)cc1,C1CCOC1,408.2040202786712,4.644299607703315
CCNc1ccc2c(c1)C(C)(C)C(=O)C=C2,O,385.81589075403775,4.00861552161158
CN(C)c1ccc2c(c1)C(C)(C)C(=O)C=C2,O,384.0540615472802,3.9322783355625637
CC1(C)C(=O)C=Cc2ccc(N3CCC3)cc21,O,404.0143197280534,4.38330117830097
COc1ccc(/C=C/c2nc3c4ccccc4c4ccccc4c3o2)cc1,CC#N,369.5171187815479,4.657102332447017
N#Cc1nc(N(Cc2ccc(Cl)cc2)Cc2ccc(Cl)cc2)c(C#N)nc1N(Cc1ccc(Cl)cc1)Cc1ccc(Cl)cc1,ClC(Cl)Cl,485.51402412158535,3.602220671975655
Cc1ccccc1CN(Cc1ccccc1C)c1nc(C#N)c(N(Cc2ccccc2C)Cc2ccccc2C)nc1C#N,ClC(Cl)Cl,481.02455850936053,3.71437897490773
CCCCCCCCCCCCN1C(=O)c2cccc3c(N(Cc4ccccn4)Cc4ccccn4)c4ccccc4c(c23)C1=O,CCO,481.1469123611392,3.968540807193319
Cc1ccc2nc3c(nc2c1)c(-c1ccccc1)nn3C,C1CCCCC1,423.21512328776686,3.8008116397736793
Cc1ccc2nc3c(nc2c1)c(-c1ccccc1)nn3C,C1CCOC1,422.38216665615204,3.8514013352877114
Cc1ccc2nc3c(nc2c1)c(-c1ccccc1)nn3C,CC#N,421.60016995999376,3.7975504120535897
CN(C)c1ccc(C2=Cc3ccc4ccccc4[n+]3[B-](F)(F)O2)cc1,ClC(Cl)Cl,443.63564454213923,4.529175790882637
F[B-]1(F)OC(c2ccccc2)=Cc2ccc3ccccc3[n+]21,ClC(Cl)Cl,428.3965024633883,4.48489725299214
F[B-]1(F)OC(c2ccc(Br)cc2)=Cc2ccc3ccccc3[n+]21,ClC(Cl)Cl,427.23400882259364,4.51636156103116
CCCCCCCCCCCCN1C(=O)c2c(c3ccc4cc(-c5ccc(C=O)cc5)c(OC)cc4c3c3c2ccc2cc(-c4ccc(C=O)cc4)c(OC)cc23)C1=O,ClCCl,438.64103251420505,4.35570081706712
CCCCCCCCCCCCN1C(=O)c2c(c3ccc4cc(-c5ccc(OC)cc5)c(OC)cc4c3c3c2ccc2cc(-c4ccc(OC)cc4)c(OC)cc23)C1=O,ClCCl,432.94643318762326,4.361507929768431
CCCCCCCCCCCCN1C(=O)c2c(c3ccc4cc(-c5cccs5)c(OC)cc4c3c3c2ccc2cc(-c4cccs4)c(OC)cc23)C1=O,ClCCl,440.4886577573449,4.313660710051284
O=C1CCCC2=C1CC1=C(CCCC1=O)N2NC(=O)c1ccc(O)cc1,CO,378.7536719354553,3.9523853927406623
O=C1CCCC2=C1CC1=C(CCCC1=O)N2NC(=O)c1ccc(O)cc1,CCCCCO,373.41223308767303,3.9079728908947566
O=C1CCCC2=C1CC1=C(CCCC1=O)N2NC(=O)c1ccc(O)cc1,CC#N,370.1103043068488,3.8620170403459047
O=C1CCCC2=C1CC1=C(CCCC1=O)N2NC(=O)c1ccc(O)cc1,ClCCl,367.0793429890241,3.788460219163331
O=C1CCCC2=C1CC1=C(CCCC1=O)N2NC(=O)c1ccc(O)cc1,ClC(Cl)Cl,374.237655899943,3.8998361385870086
O=C1CCCC2=C1CC1=C(CCCC1=O)N2NC(=O)c1ccc(O)cc1,CC(C)=O,368.9532559250267,3.8996695316017522
COc1ccc(C2=C(c3ccc(F)cc3)C(c3ccccc3)=[N+]3C2=Nc2c(-c4ccc(OC)cc4)c(-c4ccc(F)cc4)c(-c4ccccc4)n2[B-]3(F)F)cc1,Cc1ccccc1,652.6035701532932,4.843354361591243
CCOC(=O)C1=CN(c2ccccc2)C=CC1c1ccccc1,CO,341.7090461675624,3.6383796338160046
CCOC(=O)C1=CN(c2ccccc2)C=C(C(=O)OCC)C1c1ccccc1,CO,357.83334482285363,3.5361196309669545
CCOC(=O)C1=CN(c2ccccc2)C=CC1c1ccccc1,C1CCOC1,338.70930777247366,3.84510970559475
CCOC(=O)C1=CN(c2ccccc2)C=C(C(=O)OCC)C1c1ccccc1,C1CCOC1,357.7715615659322,3.8381074726884505
Cc1ccc(N(c2ccc(C)cc2)c2c([O-])c(=[N+](c3ccc(C)cc3)c3ccc(C)cc3)c2=O)cc1,CN(C)C=O,420.8586771144058,4.589076573738282
COc1ccc(N(c2ccc(C)cc2)c2c([O-])/c(=[N+](\c3ccc(C)cc3)c3ccc(OC)cc3)c2=O)cc1,CN(C)C=O,423.70073349884234,4.604923846672278
Cn1c(-c2ccc(-c3nc(-c4ccccc4)c(-c4ccccc4)n3C)s2)nc(-c2ccccc2)c1-c1ccccc1,CC#N,374.7440235726151,4.36748828388625
c1ccc(-c2nc(-c3ccc(-c4nc(-c5ccccc5)c(-c5ccccc5)[nH]4)cc3)[nH]c2-c2ccccc2)cc1,CC#N,341.5224962364046,4.48502988734783
COc1ccc(-c2nc(-c3ccc(-c4nc(-c5ccc(OC)cc5)c(-c5ccc(OC)cc5)[nH]4)s3)[nH]c2-c2ccc(OC)cc2)cc1,CC#N,377.871972852236,4.523435881758984
COc1ccc(-c2nc(-c3ccc(-c4nc(-c5ccc(OC)cc5)c(-c5ccc(OC)cc5)[nH]4)cc3)[nH]c2-c2ccc(OC)cc2)cc1,CC#N,331.88548331371214,4.451255793249205
c1ccc(-c2nc(-c3ccccc3)c(-c3ccccc3)[nH]2)cc1,CC#N,330.1611278650731,4.41200145994765
c1ccc(-c2ccc3c4ccc(-c5ccccc5)c5c(-c6ccccc6)ccc(c6ccc(-c7ccccc7)c2c36)c54)cc1,ClCCl,500.4545364467055,4.569765467412657
Cc1ccc(-c2cc(-c3ccc(N(C)C)cc3)c3c(N)nc(N4CCCC4)c(C#N)c3n2)cc1,c1ccccc1,429.4024525269249,3.5857214791138983
Cc1ccc(-c2cc(-c3ccc(N(C)C)cc3)c3c(N)nc(N4CCCC4)c(C#N)c3n2)cc1,ClC(Cl)Cl,426.92807106104624,4.025207732184324
Cc1ccc(-c2cc(-c3ccc(N(C)C)cc3)c3c(N)nc(N4CCCC4)c(C#N)c3n2)cc1,ClCCl,433.24191642699327,4.302008034795551
Cc1ccc(-c2cc(-c3ccc(N(C)C)cc3)c3c(N)nc(N4CCCC4)c(C#N)c3n2)cc1,CC(C)=O,424.57243593357606,4.051176171440038
Cc1ccc(-c2cc(-c3ccc(N(C)C)cc3)c3c(N)nc(N4CCCC4)c(C#N)c3n2)cc1,CC(C)O,424.8989045639375,3.925681241640173
Cc1ccc(-c2cc(-c3ccc(N(C)C)cc3)c3c(N)nc(N4CCCC4)c(C#N)c3n2)cc1,CO,421.9307610162901,3.9473195635400944
Cc1ccc(-c2cc(-c3ccc(N(C)C)cc3)c3c(N)nc(N4CCCC4)c(C#N)c3n2)cc1,CC#N,425.17874196234493,4.498083906438511
Nc1ccc2c(c1)Cc1ccccc1-2,C1COCCO1,335.87697925060127,4.164955012217957
Nc1ccc2c(c1)Cc1ccccc1-2,CCOCC,334.07531346995046,4.066194425381599
Nc1ccc2c(c1)Cc1ccccc1-2,ClCCl,333.5182765256671,4.078944671638413
Nc1ccc2c(c1)Cc1ccccc1-2,CCOC(C)=O,337.68234552579855,4.0920817500095295
Nc1ccc2c(c1)Cc1ccccc1-2,CC#N,334.30105613895705,3.9170527726035176
Nc1ccc2c(c1)Cc1ccccc1-2,CO,338.97033015637953,4.141378115837252
Nc1ccc2c(c1)Cc1ccccc1-2,CCO,343.04294943486383,4.185991323926526
Nc1ccc2c(c1)Cc1ccccc1-2,CC(C)O,344.5364240278118,4.101823935186717
Nc1ccc2c(c1)Cc1ccccc1-2,O,336.07464316706927,3.947568044924403
COC(=O)c1nc(Br)c(-c2ccccc2)o1,C1CCCCC1,319.3262173513334,4.226577527216462
COOCc1noc(-c2ccccc2)c1Cl,C1CCCCC1,283.42908243796256,4.108891942577098
COC(=O)C(NC(=O)OC(C)(C)C)c1ccc2oc(-c3ccc(O)cc3O)nc2c1,CO,329.4249794837372,4.40931022800934
COC(=O)C(NC(=O)OC(C)(C)C)c1ccc2oc(-c3ccc(N(C)C)cc3OC)nc2c1,CO,332.7642257517955,4.482637919362706
COC(=O)C(NC(=O)OC(C)(C)C)c1ccc2oc(-c3ccc(OC(=O)c4ccccc4)cc3OC(=O)c3ccccc3)nc2c1,CO,332.6096175894427,4.557854117174766
COC(=O)C(NC(=O)OC(C)(C)C)c1ccc2oc(-c3ccc(O)cc3O)nc2c1,CC#N,327.4890707624101,4.378741423471178
COC(=O)C(NC(=O)OC(C)(C)C)c1ccc2oc(-c3ccc(N(C)C)cc3OC)nc2c1,CC#N,332.1458431090674,4.4414087053676194
COC(=O)C(NC(=O)OC(C)(C)C)c1ccc2oc(-c3ccc(OC(=O)c4ccccc4)cc3OC(=O)c3ccccc3)nc2c1,CC#N,331.88769610943757,4.516982909210268
COC(=O)C(NC(=O)OC(C)(C)C)c1ccc2oc(-c3ccc(N(C)C)cc3OC)nc2c1,CC1CCCCC1,336.7636915037974,4.442704974645145
COC(=O)C(NC(=O)OC(C)(C)C)c1ccc2oc(-c3ccc(OC(=O)c4ccccc4)cc3OC(=O)c3ccccc3)nc2c1,CC1CCCCC1,338.123804523858,4.516226104667902
CC1=C(I)C(C)=[N+]2C1=C(c1c(-c3ccccn3)nc3ccccn13)c1c(C)cc(C)n1[B-]2(F)F,ClCCl,533.9836923954344,4.898989227763263
CC1=C(I)C(C)=[N+]2C1=C(c1c(-c3ccccn3)nc3ccccn13)c1c(C)c(I)c(C)n1[B-]2(F)F,ClCCl,536.9940259564967,4.661722139733526
CC1=C(c2ccccc2)C(C)=[N+]2C1=C(c1c(-c3ccccn3)nc3ccccn13)c1c(C)c(-c3ccccc3)c(C)n1[B-]2(F)F,ClCCl,553.0350134778088,4.800733943089681
COc1ccc(C2=C(C)C3=C(c4c(-c5ccccn5)nc5ccccn45)c4c(C)cc(C)n4[B-](F)(F)[N+]3=C2C)cc1,ClCCl,530.9796909306148,4.97384999734011
COc1ccc(C2=C(C)C3=C(c4c(-c5ccccn5)nc5ccccn45)c4c(C)c(-c5ccc(OC)cc5)c(C)n4[B-](F)(F)[N+]3=C2C)cc1,ClCCl,556.4483571484922,4.725005587083639
CC1=C(c2ccc(N(c3ccccc3)c3ccccc3)cc2)C(C)=[N+]2C1=C(c1c(-c3ccccn3)nc3ccccn13)c1c(C)c(-c3ccc(N(c4ccccc4)c4ccccc4)cc3)c(C)n1[B-]2(F)F,ClCCl,542.888282434679,4.4484622137896315
N#Cc1c(-n2nnc3c2-c2ccccc2CN(C(=O)CCN)c2ccccc2-3)n([C@H]2C[C@H](O)[C@@H](CO)O2)c2ncnc(N)c12,CO,311.72501400105244,4.223157652019641
N#Cc1c(-n2nnc3ccccc32)n([C@H]2C[C@H](O)[C@@H](CO)O2)c2ncnc(N)c12,CO,281.26239287431054,4.208567836714216
Cc1ccc2nnn(-c3c(C#N)c4c(N)ncnc4n3[C@H]3C[C@H](O)[C@@H](CO)O3)c2c1,CO,284.5193531453925,4.231912297356206
Cc1nc2c(c[n+]1C)CN1C(=O)N([C@H]3O[C@@H](CO)[C@H](O)[C@@H]3O)C=CC1=N2,CC#N,383.3504800182875,4.3642394793308865
Cc1nc2c(c[n+]1C)CN1C(=O)N([C@H]3O[C@@H](CO)[C@H](O)[C@@H]3O)C=CC1=N2,CC(C)=O,384.37436060311904,4.445413315004336
Cc1nc2c(c[n+]1C)CN1C(=O)N([C@H]3O[C@@H](CO)[C@H](O)[C@@H]3O)C=CC1=N2,CO,380.58561051186393,4.4977678235011185
Cc1nc2c(c[n+]1C)CN1C(=O)N([C@H]3O[C@@H](CO)[C@H](O)[C@@H]3O)C=CC1=N2,CCO,379.33742495016384,4.425404892417672
Cc1nc2c(c[n+]1C)CN1C(=O)N([C@H]3O[C@@H](CO)[C@H](O)[C@@H]3O)C=CC1=N2,O,373.8263384300983,4.396784618529621
Cc1nc2c(c[n+]1C)CN1C(=O)N([C@H]3O[C@@H](CO)[C@H](O)[C@@H]3O)C=CC1=N2,[2H]O[2H],383.9503039307647,4.419078810715652
Cn1ccc(-n2cncn2)nc1=O,O,355.69707807500856,3.8599506072145466
Cc1cn(C)c(=O)nc1-n1cncn1,O,355.0798705893325,4.0354304545989
C[N+]1=C(/C=C/C=C2/N(CCC[N+](C)(C)C)c3ccccc3C2(C)C)C(C)(C)c2ccccc21,CS(C)=O,546.6697753060549,5.045997587538379
CCCCN1/C(=C/C=C/C2=[N+](C)c3ccccc3C2(C)C)C(C)(C)c2cc(OC)ccc21,CS(C)=O,550.329351884129,5.124687387229802
CCCCn1/c(=C/C=C/C2=[N+](C)c3ccccc3C2(C)C)c2cccc3cccc1c32,CS(C)=O,534.9105912693052,4.9389718651397265
O=C(O)c1ccc(C2CC(c3cccc4ccccc34)=NN2c2ccccc2)cc1,O,362.3227885571546,4.682255356233956
O=C(O)c1ccc(C2CC(c3cccc4ccccc34)=NN2c2ccccc2)cc1,CO,373.8413404350165,5.003442654084225
O=C(O)c1ccc(C2CC(c3cccc4ccccc34)=NN2c2ccccc2)cc1,CC#N,370.3816718233128,4.923311097962299
O=C(O)c1ccc(C2CC(c3cccc4ccccc34)=NN2c2ccccc2)cc1,C1CCOC1,375.2618427757082,4.885940771283653
O=C(O)c1ccc(C2CC(c3cccc4ccccc34)=NN2c2ccccc2)cc1,C1COCCO1,369.28879451752834,4.8843142818962075
O=C(O)c1ccc(C2CC(c3cccc4ccccc34)=NN2c2ccccc2)cc1,CCCCCCC,365.04702763359137,4.843288152952151
O=C(O)c1ccc(C2CC(c3cccc4ccccc34)=NN2c2ccccc2)cc1,C1CCCCC1,365.9721012635304,4.83983075952651
O=C(O)c1cc2c(ccc3ccccc32)oc1=O,C1COCCO1,377.901970611237,4.020345051349057
O=C(O)c1cc2c(ccc3ccccc32)oc1=O,CCCCO,385.6648580695238,3.8932322067232037
O=C(O)c1cc2c(ccc3ccccc32)oc1=O,CC#N,377.987732072686,3.9545884399819724
O=C(O)c1cc2c(ccc3ccccc32)oc1=O,CCO,378.9602245398373,3.892010530703409
O=C(O)c1cc2c(ccc3ccccc32)oc1=O,CO,380.8643227599025,4.044045681907737
O=C([O-])c1cc2c(ccc3ccccc32)oc1=O,O,388.22809437901145,3.7986059152431384
COC(=O)c1ccc2c3ccc(C(=O)OC)c4c(C(=O)OC)ccc(c5ccc(C(=O)OC)c1c25)c43,CCCCO,485.7287184390532,4.749532197549681
COC(=O)c1ccc2c3ccc(C(=O)OC)c4c(C(=O)OC)ccc(c5ccc(C(=O)OC)c1c25)c43,CC(C)O,471.3108259585999,4.663582059798252
COC(=O)c1ccc2c3ccc(C(=O)OC)c4c(C(=O)OC)ccc(c5ccc(C(=O)OC)c1c25)c43,CO,488.0158741021983,4.699228393110023
COC(=O)c1ccc2c3ccc(C(=O)OC)c4c(C(=O)OC)ccc(c5ccc(C(=O)OC)c1c25)c43,CC(C)=O,479.6978624552552,4.7653863807842605
COC(=O)c1ccc2c3ccc(C(=O)OC)c4c(C(=O)OC)ccc(c5ccc(C(=O)OC)c1c25)c43,CC#N,475.3222620603595,4.690387549914094
COC(=O)c1ccc2c3ccc(C(=O)OC)c4c(C(=O)OC)ccc(c5ccc(C(=O)OC)c1c25)c43,C1COCCO1,471.6163261616705,4.645033890454514
COC(=O)c1ccc2c3ccc(C(=O)OC)c4c(C(=O)OC)ccc(c5ccc(C(=O)OC)c1c25)c43,CN(C)C=O,497.36334832996965,4.788084873040092
COC(=O)c1ccc2c3ccc(C(=O)OC)c4c(C(=O)OC)ccc(c5ccc(C(=O)OC)c1c25)c43,ClC(Cl)Cl,490.9886557696997,4.645231412894473
CN(C)c1ccc(C2=Cc3ccc4ccccc4[n+]3[B-](F)(F)O2)cc1,CCOC(C)=O,431.2914823269459,4.566327086358516
CN(C)c1ccc(C2=Cc3ccc4ccccc4[n+]3[B-](F)(F)O2)cc1,C1CCOC1,431.80823888802394,4.575429942103246
CN(C)c1ccc(C2=Cc3ccc4ccccc4[n+]3[B-](F)(F)O2)cc1,COC(C)=O,431.00118884365224,4.57347000357799
CN(C)c1ccc(C2=Cc3ccc4ccccc4[n+]3[B-](F)(F)O2)cc1,CC#N,428.73058148582805,4.571245013418861
CN(C)c1ccc(C2=Cc3ccc4ccccc4[n+]3[B-](F)(F)O2)cc1,CN(C)C=O,441.75642913968466,4.560588515879479
CN(C)c1ccc(C2=Cc3ccc4ccccc4[n+]3[B-](F)(F)O2)cc1,ClC(Cl)Cl,443.63564454213923,4.529175790882637
CN(C)c1ccc(C2=Cc3ccc4ccccc4[n+]3[B-](F)(F)O2)cc1,CO,430.50393645167674,4.524759955046971
Cc1cc(C)c(C2=C3C=CC=[N+]3[B-]3(c4cccc5ccccc45)Oc4cc(O)cc5c6ccc(C)cc6c6cc2n3c6c45)c(C)c1,ClC(Cl)Cl,660.9401842863349,4.815297130221133
CCCCC1(CCCC)c2cc(-c3ccc(C=C4C(=O)c5ccccc5C4=O)cc3)ccc2-c2ccc(-c3ccc(C=C4C(=O)c5ccccc5C4=O)cc3)cc21,CCCCCC,418.57973192353563,4.679973148062409
CCCCC1(CCCC)c2cc(-c3ccc(C=C4C(=O)c5ccccc5C4=O)cc3)ccc2-c2ccc(-c3ccc(C=C4C(=O)c5ccccc5C4=O)cc3)cc21,Cc1ccccc1,426.89485724724085,4.590676308323209
CCCCC1(CCCC)c2cc(-c3ccc(C=C4C(=O)c5ccccc5C4=O)cc3)ccc2-c2ccc(-c3ccc(C=C4C(=O)c5ccccc5C4=O)cc3)cc21,ClC(Cl)Cl,438.08542818325594,4.686526319969576
CCCCC1(CCCC)c2cc(-c3ccc(C=C4C(=O)c5ccccc5C4=O)cc3)ccc2-c2ccc(-c3ccc(C=C4C(=O)c5ccccc5C4=O)cc3)cc21,C1CCOC1,428.85384561550933,4.641938926013632
CCCCC1(CCCC)c2cc(-c3ccc(C=C4C(=O)c5ccccc5C4=O)cc3)ccc2-c2ccc(-c3ccc(C=C4C(=O)c5ccccc5C4=O)cc3)cc21,CC(C)=O,425.28130566930236,4.561515418736976
CCCCC1(CCCC)c2cc(-c3ccc(C=C4C(=O)c5ccccc5C4=O)cc3)ccc2-c2ccc(-c3ccc(C=C4C(=O)c5ccccc5C4=O)cc3)cc21,CS(C)=O,432.2595874890131,4.573918521883359
c1ccc(-c2nn(-c3ccccc3)c3nc4ccc(-n5c6ccccc6c6ccccc65)cc4cc23)cc1,C1CCCCC1,422.0265988243758,3.8878523387317503
c1ccc(-c2nn(-c3ccccc3)c3nc4ccc(-n5c6ccccc6c6ccccc65)cc4cc23)cc1,CCCCOCCCC,426.044781140222,3.9283130531338775
c1ccc(-c2nn(-c3ccccc3)c3nc4ccc(-n5c6ccccc6c6ccccc65)cc4cc23)cc1,CCCCCl,426.7814967848689,3.949302638909448
c1ccc(-c2nn(-c3ccccc3)c3nc4ccc(-n5c6ccccc6c6ccccc65)cc4cc23)cc1,C1CCOC1,420.9012781202469,3.9450826522079696
c1ccc(-c2nn(-c3ccccc3)c3nc4ccc(-n5c6ccccc6c6ccccc65)cc4cc23)cc1,CC(C)=O,418.61693064489737,3.9638608332582796
c1ccc(-c2nn(-c3ccccc3)c3nc4ccc(-n5c6ccccc6c6ccccc65)cc4cc23)cc1,CC#N,416.984293703827,3.9152717602119393
c1ccc(-c2nn(-c3ccccc3)c3nc4ccc(-n5c6ccccc6c6ccccc65)cc4cc23)cc1,CN(C)C=O,426.1259935562214,3.9406354215381105
c1csc(-c2ccc(-c3cccs3)c3nsnc23)c1,ClC(Cl)Cl,427.33827588219276,4.281977913503261
COc1ccc(N(c2ccc(OC)cc2)c2ccc(-c3ccc(-c4ccc(-c5cccs5)c5nsnc45)s3)cc2)cc1,ClC(Cl)Cl,542.0029203619256,4.463738645244068
COc1cc(OC)c2c3c([nH]c2c1)C(=O)CCC3,C1COCCO1,360.4382617026723,4.116920337030157
COc1cc(OC)c2c3c([nH]c2c1)C(=O)CCC3,CCOC(C)=O,371.31954716411536,4.1563055771122555
COc1cc(OC)c2c3c([nH]c2c1)C(=O)CCC3,CC#N,365.67068598138235,4.061225629825865
COc1cc(OC)c2c3c([nH]c2c1)C(=O)CCC3,CN(C)C=O,380.052370497882,4.092349298034713
COc1cc(OC)c2c3c([nH]c2c1)C(=O)CCC3,CS(C)=O,383.1309944354989,4.183707632392027
COc1cc(OC)c2c3c([nH]c2c1)C(=O)CCC3,CO,360.60482771311194,4.043168544068312
COc1cc(OC)c2c3c([nH]c2c1)C(=O)CCC3,CCCCCCCCCCO,365.0879080969935,4.032211303735239
COc1cc(OC)c2c3c([nH]c2c1)C(=O)CCC3,CCCCCCO,364.56318797163806,4.099004785806008
COc1cc(OC)c2c3c([nH]c2c1)C(=O)CCC3,CCCCCCCCCCCCO,365.26868850709315,4.018674169611795
COc1cc(OC)c2c3c([nH]c2c1)C(=O)CCC3,CCCCCCCCO,365.2923229156747,4.056635091822976
COc1cc(OC)c2c3c([nH]c2c1)C(=O)CCC3,O,351.1997082814425,3.8877272297295753
CCN(CC)c1ccc(-n2cccc2)cc1,CCCCCC,359.7492383692857,4.411792884644718
CCN(CC)c1ccc(-n2cccc2)cc1,CC#N,362.62381628750893,4.344062489277747
Cc1ccc(C)n1-c1ccc(N(C)C)cc1,CCCCCC,292.2426228090245,3.652908558881215
Cc1ccc(C)n1-c1ccc(N(C)C)cc1,CC#N,285.03360937231747,3.5079152572278893
CCN(CC)c1ccc2cc(C#N)/c(=N\C(=O)C(C)C)oc2c1,ClCCl,432.03396905535976,4.584162771150536
Nc1cc([NH3+])cc(-c2nc3ccccc3s2)c1,O,330.7763475850976,4.005594200714343
[NH3+]c1cc([NH3+])cc(-c2[nH+]c3ccccc3s2)c1,O,335.8720035856367,4.267942514146168
COCCOCCOCCOc1ccc(/C=C/C2=[N+]3C(=C(c4cc(OC)cc(OC)c4)c4c(C)c(I)c(/C=C/c5ccc(OCCOCCOCCOC)cc5)n4[B-]3(F)F)C(C)=C2I)cc1,ClCCl,666.0585433209835,4.719404951269377
COCCOCCOCCOc1ccc(/C=C/C2=[N+]3C(=C(c4cc(OC)cc(OC)c4)c4c(C)c(I)c(/C=C/c5ccc(OCCOCCOCCOC)cc5)n4[B-]3(F)F)C(C)=C2I)cc1,C1CCOC1,661.5309132333304,4.7721068109092
COCCOCCOCCOc1ccc(/C=C/C2=[N+]3C(=C(c4cc(OC)cc(OC)c4)c4c(C)c(I)c(/C=C/c5ccc(OCCOCCOCCOC)cc5)n4[B-]3(F)F)C(C)=C2I)cc1,CS(C)=O,668.3274965514946,4.579022520545262
CN(C)c1ccc(C=C2Cc3ccccc3C2=O)cc1,Cc1ccccc1,398.65820079337516,4.416355996261556
CN(C)c1ccc(C=C2Cc3ccccc3C2=O)cc1,CCOC(C)=O,405.39609189271465,4.339830719337939
CN(C)c1ccc(C=C2Cc3ccccc3C2=O)cc1,CC#N,414.40578816620854,4.344651047447448
CC1=[N+]2C(=C(c3c4ccccc4cc4ccccc34)c3ccc(/C=C/C(C)(C)C)n3[B-]2(F)F)C=C1,ClC(Cl)Cl,546.7325086899546,4.964505498152485
CC1=CC(C)=[N+]2C1=C(c1ccc(I)cc1)c1c(C)cc(C)n1[B-]2(F)F,ClC(Cl)Cl,511.91163011108586,4.8758666384214
CO[B-]1(OC)n2c(C)cc(C)c2C(c2ccc(I)cc2)=C2C(C)=CC(C)=[N+]21,ClC(Cl)Cl,509.415590281961,4.856590047419105
CC1=CC(C)=[N+]2C1=C(c1ccc(I)cc1)c1c(C)cc(C)n1[B-]2(OCc1ccccc1)OCc1ccccc1,ClC(Cl)Cl,466.88409060485697,4.764066585732107
CC1=CC(C)=[N+]2C1=C(c1ccc(I)cc1)c1c(C)cc(C)n1[B-]2(Oc1ccc([N+](=O)[O-])cc1)Oc1ccc([N+](=O)[O-])cc1,ClC(Cl)Cl,490.30835547708944,4.81000239279131
CC1=CC(C)=[N+]2C1=C(c1ccc(I)cc1)c1c(C)cc(C)n1[B-]21Oc2ccc3ccccc3c2-c2c(ccc3ccccc23)O1,ClC(Cl)Cl,514.659728626178,4.837508934710261
CC1=CS[C@]2(C)C1=C1C(=C3C(C)=C(c4ccc(-c5nc(-c6ccccc6)c(-c6ccccc6)[nH]5)cc4)S[C@]32C)C(F)(F)C(F)(F)C1(F)F,C1CCOC1,497.905827078647,3.989800401205799
CC1=C(c2ccc(-c3nc(-c4ccccc4)c(-c4ccccc4)[nH]3)cc2)S[C@]2(C)C1=C1C(=C3c4ccccc4C(C)[C@]32C)C(F)(F)C(F)(F)C1(F)F,C1CCOC1,467.7959562196326,4.075671956900339
CC1(C)C(/C=C/C2=C(Oc3ccc(CCN=C=S)cc3I)/C(=C/C=C3/N(CCCS(=O)(=O)[O-])c4ccccc4C3(C)C)CCC2)=[N+](CCCS(=O)(=O)[O-])c2ccccc21,CO,757.6055779733914,5.315776735320767
CC1(C)C(/C=C/C2=C(Oc3ccc(CCN=C=S)cc3Br)/C(=C/C=C3/N(CCCS(=O)(=O)[O-])c4ccccc4C3(C)C)CCC2)=[N+](CCCS(=O)(=O)[O-])c2ccccc21,CO,764.485672452267,5.3506403233283
CC1(C)C(/C=C/C2=C(Oc3ccc(CCN=C=S)cc3Cl)/C(=C/C=C3/N(CCCS(=O)(=O)[O-])c4ccccc4C3(C)C)CCC2)=[N+](CCCS(=O)(=O)[O-])c2ccccc21,CO,761.2475146940158,5.332356681014466
CC(C)(C)c1ccc2c(c1)c1cc(C(C)(C)C)ccc1n2-c1ccc(C#Cc2ccc3c4ccc(C#Cc5ccc(C=C(C#N)C#N)cc5)cc4n(-c4ccc(C(F)(F)F)cc4)c3c2)cc1,ClCCl,414.21080742082853,4.739497826050467
CC1(C)c2ccccc2N(c2ccc3c(c2)S(=O)(=O)c2cc(N4c5ccccc5C(C)(C)c5ccccc54)ccc2C3(C)C)c2ccccc21,ClCCl,377.76058296571836,3.720551646127831
Cc1cc2c(cc1N1c3ccccc3C(C)(C)c3ccccc31)C(C)(C)c1cc(N3c4ccccc4C(C)(C)c4ccccc43)c(C)cc1S2(=O)=O,ClCCl,365.14752231403713,3.81925620887805
O=P1(c2ccccc2)c2ccc(N3c4ccccc4Oc4ccccc43)cc2-c2cc(N3c4ccccc4Oc4ccccc43)ccc21,Cc1ccccc1,409.4015803246077,3.112459377235014
O=P1(c2ccccc2)c2cc(N3c4ccccc4Oc4ccccc43)ccc2-c2ccc(N3c4ccccc4Oc4ccccc43)cc21,Cc1ccccc1,397.2992816828726,3.610440818224992
N#Cc1nc2c(nc1C#N)C1c3ccc(N(c4ccccc4)c4ccccc4)cc3C2c2ccc(N(c3ccccc3)c3ccccc3)cc21,C1CCCCC1,426.20302416334977,3.974749983613881
N#Cc1nc2c(nc1C#N)C1c3ccc(N(c4ccccc4)c4ccccc4)cc3C2c2ccc(N(c3ccccc3)c3ccccc3)cc21,ClCCl,429.2284605240507,3.7048171449577962
N#Cc1nc2c(nc1C#N)C1c3ccc(N(c4ccccc4)c4ccccc4)cc3C2c2ccc(N(c3ccccc3)c3ccccc3)cc21,CC#N,408.35377779276706,3.810337905192341
N#Cc1nc2c(nc1C#N)C1c3ccc(N(c4ccccc4)c4ccccc4)cc3C2c2ccc(N(c3ccccc3)c3ccccc3)cc21,Cc1ccccc1,421.0740308950065,3.787779500286545
CC(C)(C)c1ccc2c(c1)c1cc(C(C)(C)C)ccc1n2-c1ccc(-c2ccc3c(c2)C(=O)c2ccc(-c4ccc(-n5c6ccc(C(C)(C)C)cc6c6cc(C(C)(C)C)ccc65)cc4)cc2C3=O)cc1,Cc1ccccc1,421.19163411189436,4.26326143673381
Cc1nnc(-c2cc(-n3c4ccccc4c4ccccc43)c(-n3c4ccccc4c4ccccc43)cc2-c2nnc(C)o2)o1,ClCCl,350.8527369110261,4.310152909419953
COc1ccc(-c2nnc(-c3cc(-n4c5ccccc5c5ccccc54)c(-n4c5ccccc5c5ccccc54)cc3-c3nnc(-c4ccc(OC)cc4)o3)o2)cc1,ClCCl,367.56708942309155,4.3429586682534955
S=P1(c2ccccc2)c2cccc3ccc4ccc1n4c23,ClCCl,372.3661620372333,3.90715324241463
COc1ccc(C2=CC(c3cc(OC)cc(OC)c3)=[O+][B-](F)(F)O2)cc1,ClCCl,388.9563573315122,4.548090188067473
c1ccc2c(c1)c1ccccc1n2-c1ccc(-c2ccc(-n3c4ccccc4c4ccccc43)nc2-n2c3ccccc3c3ccccc32)nn1,ClCCl,354.1814942773124,4.101713478916143
c1ccc2c(c1)c1ccccc1n2-c1ccc(-c2ccc(-c3ccc(-n4c5ccccc5c5ccccc54)nc3-n3c4ccccc4c4ccccc43)nn2)c(-n2c3ccccc3c3ccccc32)n1,ClCCl,355.2047435277703,4.035325714702632
Cc1cccc(-c2c3ccccc3c(-c3cccc(C)n3)c3ccccc23)n1,ClCCl,377.8225850018782,3.7040403692849506
Cc1cccc2[n+]1[B-](c1ccccc1)(c1ccccc1)c1cccc3c4c5c(cccc5c-2c13)[B-](c1ccccc1)(c1ccccc1)[n+]1c(C)cccc1-4,ClCCl,495.36063693090887,4.132341866707041
CC[B-]1(CC)c2cccc3c4c5c(cccc5c(c23)-c2cccc(C)[n+]21)[B-](CC)(CC)[n+]1c(C)cccc1-4,ClCCl,434.52888685953343,4.100561756122406
CC[B-]1(CC)c2cccc3cc4ccccc4c(c23)-c2cccc(C)[n+]21,ClCCl,401.2111513532408,4.076993524752119
CCCCC(CC)Cn1c2cc(C#N)c(-c3ccc(N(c4ccccc4)c4ccccc4)cc3)cc2c2cc(-c3ccc(N(c4ccccc4)c4ccccc4)cc3)c(C#N)cc21,ClCCl,387.8577011284166,4.6084073255781295
C(=C/c1cc(/C=C/c2ccc(-n3c4ccccc4c4ccccc43)cc2)cc(/C=C/c2ccc(-n3c4ccccc4c4ccccc43)cc2)c1)\c1ccc(-n2c3ccccc3c3ccccc32)cc1,Cc1ccccc1,387.51975596429264,4.899856199139528
C(=C/c1cc(/C=C/c2ccc(-n3c4ccccc4c4ccccc43)cc2)cc(/C=C/c2ccc(-n3c4ccccc4c4ccccc43)cc2)c1)\c1ccc(-n2c3ccccc3c3ccccc32)cc1,C1CCOC1,386.51567177511777,5.033317439225958
C(=C/c1cc(/C=C/c2ccc(-n3c4ccccc4c4ccccc43)cc2)cc(/C=C/c2ccc(-n3c4ccccc4c4ccccc43)cc2)c1)\c1ccc(-n2c3ccccc3c3ccccc32)cc1,ClCCl,380.48214043377607,5.069948255203488
C(=C/c1cc(/C=C/c2ccc(-n3c4ccccc4c4ccccc43)cc2)cc(/C=C/c2ccc(-n3c4ccccc4c4ccccc43)cc2)c1)\c1ccc(-n2c3ccccc3c3ccccc32)cc1,CC#N,383.3456856275491,4.995532422153174
C(=C/c1nc(/C=C/c2ccc(-n3c4ccccc4c4ccccc43)cc2)nc(/C=C/c2ccc(-n3c4ccccc4c4ccccc43)cc2)n1)\c1ccc(-n2c3ccccc3c3ccccc32)cc1,Cc1ccccc1,372.2490651380114,3.6762361417471743
C(=C/c1nc(/C=C/c2ccc(-n3c4ccccc4c4ccccc43)cc2)nc(/C=C/c2ccc(-n3c4ccccc4c4ccccc43)cc2)n1)\c1ccc(-n2c3ccccc3c3ccccc32)cc1,C1CCOC1,359.6262531831334,4.049381664063552
C(=C/c1nc(/C=C/c2ccc(-n3c4ccccc4c4ccccc43)cc2)nc(/C=C/c2ccc(-n3c4ccccc4c4ccccc43)cc2)n1)\c1ccc(-n2c3ccccc3c3ccccc32)cc1,ClCCl,355.01169897865003,4.159798010465196
C(=C/c1nc(/C=C/c2ccc(-n3c4ccccc4c4ccccc43)cc2)nc(/C=C/c2ccc(-n3c4ccccc4c4ccccc43)cc2)n1)\c1ccc(-n2c3ccccc3c3ccccc32)cc1,CC#N,352.66749194096803,4.437202453340795
C(=C/c1cc(/C=C/c2ccccc2)cc(/C=C/c2ccccc2)c1)\c1ccccc1,ClCCl,343.3851764212248,4.83954016510619
c1cc2ccc3cc4cccc5ccc6cc(c1)c2c3c6c54,ClCCl,409.3736328396122,4.445853534617577
O=P1(c2ccccc2)C(c2cc(C(F)(F)F)cc(C(F)(F)F)c2)=Cc2c3ccc4cccc5ccc(c6cc(-c7ccccc7)n1c26)c3c45,C1CCCCC1,431.9409972552969,4.636606597995821
O=P1(c2ccccc2)C(c2cc(C(F)(F)F)cc(C(F)(F)F)c2)=Cc2c3ccc4cccc5ccc(c6cc(-c7ccccc7)n1c26)c3c45,Cc1ccccc1,435.6591062652162,4.604569937979601
O=P1(c2ccccc2)C(c2cc(C(F)(F)F)cc(C(F)(F)F)c2)=Cc2c3ccc4cccc5ccc(c6cc(-c7ccccc7)n1c26)c3c45,C1COCCO1,429.7494528074549,4.677499043376247
O=P1(c2ccccc2)C(c2cc(C(F)(F)F)cc(C(F)(F)F)c2)=Cc2c3ccc4cccc5ccc(c6cc(-c7ccccc7)n1c26)c3c45,ClC(Cl)Cl,438.8674005597578,4.611930746744941
O=P1(c2ccccc2)C(c2cc(C(F)(F)F)cc(C(F)(F)F)c2)=Cc2c3ccc4cccc5ccc(c6cc(-c7ccccc7)n1c26)c3c45,ClCCl,435.3303146681557,4.6482315868247435
O=P1(c2ccccc2)C(c2cc(C(F)(F)F)cc(C(F)(F)F)c2)=Cc2c3ccc4cccc5ccc(c6cc(-c7ccccc7)n1c26)c3c45,C1CCOC1,433.37335039851956,4.6472243110209375
O=P1(c2ccccc2)C(c2cc(C(F)(F)F)cc(C(F)(F)F)c2)=Cc2c3ccc4cccc5ccc(c6cc(-c7ccccc7)n1c26)c3c45,CC(C)=O,431.56793177257595,4.641407285113555
O=P1(c2ccccc2)C(c2cc(C(F)(F)F)cc(C(F)(F)F)c2)=Cc2c3ccc4cccc5ccc(c6cc(-c7ccccc7)n1c26)c3c45,CC#N,427.3425452027591,4.644477737886141
O=P1(c2ccccc2)C(c2cc(C(F)(F)F)cc(C(F)(F)F)c2)=Cc2c3ccc4cccc5ccc(c6cc(-c7ccccc7)n1c26)c3c45,CO,436.6119757973928,4.649848922777386
N#CC1=CC(C=O)=CC(C#N)=P1(c1ccccc1)c1ccccc1,ClC(Cl)Cl,492.7811547002619,4.164871328839695
O=C1NC(=O)c2c1c1c3ccccc3[nH]c1c1[nH]c3ccccc3c21,C1CCOC1,490.50134689410896,3.998498588301215
O=C1NC(=O)c2c1c1c3ccccc3[nH]c1c1[nH]c3ccccc3c21,CCO,486.2644056550874,4.007984043148896
O=C1NC(=O)c2c1c1c3ccccc3[nH]c1c1[nH]c3ccccc3c21,CC#N,475.84035942562707,4.019407674501933
Cc1cccc(C2=Cc3c4ccccc4cc[n+]3[B-](F)(F)O2)c1,ClC(Cl)Cl,395.21084945279284,4.519235974726739
F[B-]1(F)OC(c2ccccc2)=Cc2c3ccccc3cc[n+]21,ClC(Cl)Cl,403.34563973841944,4.52325426929118
c1cc2ccc1-c1ccc(cc1)-c1ccc([se]1)-c1ccc(cc1)-c1ccc(cc1)-c1ccc([se]1)-c1ccc(cc1)-c1ccc(cc1)-c1ccc-2[se]1,C1CCOC1,370.46462040883966,4.428680727644883
COC(=O)c1cccc2c1C#Cc1c(N)cccc1OCCCO2,ClCCl,348.13932428147194,4.028910531729615
CCC(CC)n1c2ccccc2c2cc3c(cc21)c1ccccc1n3C(CC)CC,ClC(Cl)Cl,379.1908553621131,4.483818124534108
c1ccc(-c2pc3ccccc3s2)cc1,CC#N,325.89015707822875,4.562834309299525
COc1ccc(-c2pc3ccccc3s2)cc1,CC#N,338.790581134118,4.569603039169376
CC1=[N+]2C(=C(NC(C)c3ccccc3)c3ccc(C)n3[B-]2(F)F)C=C1c1cc2n(c1)[B-](F)(F)[N+]1=CC=CC1=C2c1c(C)cc(C)cc1C,C1CCCCC1,566.8121922061298,4.638982004776277
CC1=[N+]2C(=C(NC(C)c3ccccc3)c3ccc(C)n3[B-]2(F)F)C=C1c1cc2n(c1)[B-](F)(F)[N+]1=CC=CC1=C2c1c(C)cc(C)cc1C,CCOC(C)=O,565.2867008343521,4.5938270616829335
Oc1ccccc1/C=N/CC/N=C/c1ccccc1O,CC#N,312.77010367033705,4.304244326552296
Oc1ccccc1/C=N/C1CCCCC1/N=C/c1ccccc1O,CC#N,361.52340672508853,4.300181345678916
Oc1ccc2ccccc2c1/C=N/c1cc2ccccc2cc1/N=C/c1c(O)ccc2ccccc12,CC#N,409.1042968446475,3.9996115084908936
COC(=O)c1cc(=O)n(C)c2cc(-c3cccc(OC)c3)sc12,ClCCl,388.49230156354474,3.9816823537430843
COC(=O)c1cc(=O)n(C)c2cc(-c3ccccc3OC)sc12,ClCCl,384.04757318015305,3.952911769511237
COc1ccc(-c2cc3c(ccc(=O)n3C)s2)cc1,ClCCl,385.2838571512847,4.449240938637576
COc1ccc(-c2cc3c(s2)c(C(C)=O)cc(=O)n3C)cc1,ClCCl,410.45402722713766,4.178686611606494
COC(=O)c1cc(=O)n(C)c2cc(-c3cc(OC)c(OC)c(OC)c3)sc12,ClCCl,400.9404683032511,4.2441797451516186
COC(=O)c1cc(=O)n(C)c2cc(-c3ccc(N4CCN(C)CC4)cc3)sc12,ClCCl,415.91313336287044,4.297231226203391
COc1ccc(C#Cc2ccc(C#Cc3ccc(P(=O)(c4ccc(C#Cc5ccc(C#Cc6ccc(OC)cc6)cc5)cc4)c4ccc(C#Cc5ccc(C#Cc6ccc(OC)cc6)cc5)cc4)cc3)cc2)cc1,ClC(Cl)Cl,353.9770232011128,4.91135682064775
COc1ccc(C#Cc2ccc(C#Cc3ccc(P(=O)(c4ccc(C#Cc5ccc(C#Cc6ccc(OC)cc6)cc5)cc4)c4ccc(C#Cc5ccc(C#Cc6ccc(OC)cc6)cc5)cc4)cc3)cc2)cc1,ClCCl,364.888406434923,4.863922636108765
O=Cc1ccc(C#CC(C#Cc2ccc(C=O)s2)=Cc2ccc(C=C(C#Cc3ccc(C=O)s3)C#Cc3ccc(C=O)s3)s2)s1,ClC(Cl)Cl,524.0996027025747,4.253630413329088
N#Cc1nc2cnc(N)nc2n1Cc1ccccc1,ClCCl,328.3862531648721,4.0901255379814465
CNc1ncc2nc(C#N)n(Cc3ccccc3)c2n1,ClCCl,346.59136115649403,4.143427200857985
CN(C)c1ncc2nc(C#N)n(Cc3ccccc3)c2n1,ClCCl,343.93146817948553,4.209869632423229
N#Cc1nc2c(OCc3ccccc3)nc(N)nc2n1Cc1ccccc1,ClCCl,312.8172349691217,4.318428442090257
CN(C)c1nc(N)nc2c1nc(C#N)n2Cc1ccccc1,ClCCl,325.3980163068873,4.196767322632532
CN(C)c1nc(N(C)C)c2nc(C#N)n(Cc3ccccc3)c2n1,ClCCl,343.62329574428884,4.283274228005267
CNc1ncc2nc(C(=O)OC)n(Cc3ccccc3)c2n1,ClCCl,347.7821202935343,4.208190320842847
COC(=O)c1nc2cnc(N(C)C)nc2n1Cc1ccccc1,ClCCl,342.7193686904491,4.212890320177742
CCCCNC(=O)c1nc2c(N(C)C)nc(N(C)C)nc2n1Cc1ccccc1,ClCCl,350.38268659192676,4.268683399671484
COC(=O)CNC(=O)c1nc2c(N(C)C)nc(N(C)C)nc2n1Cc1ccccc1,ClCCl,346.69055566318025,4.266161311811772
N#Cc1nc2cnc(N)nc2n1Cc1ccccc1,C1COCCO1,331.5673783010925,4.212215589022142
CNc1ncc2nc(C#N)n(Cc3ccccc3)c2n1,C1COCCO1,348.8803295619001,4.256093935486869
CN(C)c1ncc2nc(C#N)n(Cc3ccccc3)c2n1,C1COCCO1,342.61786762550673,4.275767072821825
N#Cc1nc2c(OCc3ccccc3)nc(N)nc2n1Cc1ccccc1,C1COCCO1,312.95797877859593,4.320137601827607
CN(C)c1nc(N)nc2c1nc(C#N)n2Cc1ccccc1,C1COCCO1,330.27609322942953,4.294295035867784
CN(C)c1nc(N(C)C)c2nc(C#N)n(Cc3ccccc3)c2n1,C1COCCO1,341.61267078763376,4.294184434878875
CNc1ncc2nc(C(=O)OC)n(Cc3ccccc3)c2n1,C1COCCO1,351.196139054439,4.278559440265328
COC(=O)c1nc2cnc(N(C)C)nc2n1Cc1ccccc1,C1COCCO1,342.3704033035457,4.266759098036668
CCCCNC(=O)c1nc2c(N(C)C)nc(N(C)C)nc2n1Cc1ccccc1,C1COCCO1,347.138359259153,4.303540574847717
COC(=O)CNC(=O)c1nc2c(N(C)C)nc(N(C)C)nc2n1Cc1ccccc1,C1COCCO1,344.9468288756906,4.289691075239157
N#Cc1nc2cnc(N)nc2n1Cc1ccccc1,CC#N,329.126127044096,4.316366567586508
CNc1ncc2nc(C#N)n(Cc3ccccc3)c2n1,CC#N,348.17956090882967,4.311451114305233
CN(C)c1ncc2nc(C#N)n(Cc3ccccc3)c2n1,CC#N,344.23904053448547,4.347672144483507
N#Cc1nc2c(OCc3ccccc3)nc(N)nc2n1Cc1ccccc1,CC#N,314.35787836586667,4.375821920968785
CN(C)c1nc(N)nc2c1nc(C#N)n2Cc1ccccc1,CC#N,328.2088419550436,4.400149903256327
CN(C)c1nc(N(C)C)c2nc(C#N)n(Cc3ccccc3)c2n1,CC#N,343.3064033937335,4.385388562803418
CNc1ncc2nc(C(=O)OC)n(Cc3ccccc3)c2n1,CC#N,351.0771231487547,4.339836349785731
COC(=O)c1nc2cnc(N(C)C)nc2n1Cc1ccccc1,CC#N,344.72007357135203,4.3472958971588085
CCCCNC(=O)c1nc2c(N(C)C)nc(N(C)C)nc2n1Cc1ccccc1,CC#N,349.09032012574255,4.375091780779978
COC(=O)CNC(=O)c1nc2c(N(C)C)nc(N(C)C)nc2n1Cc1ccccc1,CC#N,346.7608650595635,4.3642317142876275
N#Cc1nc2cnc(N)nc2n1Cc1ccccc1,CO,328.878206411152,4.250748980794173
N#Cc1nc2cnc(N)nc2n1Cc1ccccc1,O,325.8071209810065,4.132400966057837
CNc1ncc2nc(C#N)n(Cc3ccccc3)c2n1,CO,347.84695395812247,4.207933481974587
CN(C)c1ncc2nc(C#N)n(Cc3ccccc3)c2n1,CO,343.9625473330077,4.19722633301732
N#Cc1nc2c(OCc3ccccc3)nc(N)nc2n1Cc1ccccc1,CO,319.06241959651766,4.331664363085417
CN(C)c1nc(N)nc2c1nc(C#N)n2Cc1ccccc1,CO,327.42991285634935,4.251179879642034
CN(C)c1nc(N(C)C)c2nc(C#N)n(Cc3ccccc3)c2n1,CO,341.4359034138497,4.203785890621099
CNc1ncc2nc(C(=O)OC)n(Cc3ccccc3)c2n1,CO,349.08515068488117,4.2142835416960365
COC(=O)c1nc2cnc(N(C)C)nc2n1Cc1ccccc1,CO,343.8717601999111,4.152312870558743
CCCCNC(=O)c1nc2c(N(C)C)nc(N(C)C)nc2n1Cc1ccccc1,CO,346.985920136678,4.168211952657319
COC(=O)CNC(=O)c1nc2c(N(C)C)nc(N(C)C)nc2n1Cc1ccccc1,CO,345.3368309968806,4.180470970609611
CC(C)CCCC(C)CCN1C(=O)c2ccc3c(-c4ccccc4)c4c5ccc6c7c(ccc(c(-c8ccccc8)c4c4ccc(c2c34)C1=O)c75)C(=O)N(CCC(C)CCCC(C)C)C6=O,ClCCl,596.6126123341118,4.270912261046123
COCCOCCOCN1C(=O)c2ccc3c(-c4ccccc4)c4c5ccc6c7c(ccc(c(-c8ccccc8)c4c4ccc(c2c34)C1=O)c75)C(=O)N(COCCOCCOC)C6=O,ClCCl,579.0045716365632,4.288040508338423
CC(C)c1cccc(C(C)C)c1N1C(=O)c2ccc3c4c(-c5ccc(C(=O)O)cc5)c5ccc6c7c(cc8c9cc(C(=O)O)ccc9c(c9ccc(c2c39)C1=O)c4c8c57)C(=O)N(c1c(C(C)C)cccc1C(C)C)C6=O,ClCCl,633.4174560567288,4.242488150602399
C(=C/c1ncc2ccccc2n1)\c1ccc(N(c2ccccc2)c2ccccc2)cc1,ClCCl,397.12803067131375,4.3547014148453265
C(=C/c1ncc2ccccc2n1)\c1ccc(-c2ccc(N(c3ccccc3)c3ccccc3)cc2)cc1,ClCCl,395.4132733804047,4.574888243278761
c1ccc(N(c2ccccc2)c2ccc(-c3ncnc4ccccc34)cc2)cc1,ClCCl,398.9191669197626,4.518307751314418
CN(C)c1ccc(-c2nc(-c3ccc(N(C)C)cc3)c3ccccc3n2)cc1,ClCCl,368.08048303473373,4.406277139702341
C(#Cc1ncnc2ccccc12)c1ccc(N(c2ccccc2)c2ccccc2)cc1,ClCCl,369.1377618330144,4.645199213064532
CCCCCCCCCC1(CCCCCCCCC)c2cc(C#Cc3ccc(/C=C/c4ccc(N(CCCCCCCC)CCCCCCCC)cc4)cc3)ccc2-c2ccc(C#Cc3ccc(/C=C/c4ccc(N(CCCCCCCC)CCCCCCCC)cc4)cc3)cc21,Cc1ccccc1,410.1576532437256,5.08894137916355
c1ccc([B-]2(c3ccccc3)Oc3ccc4ccccc4c3-c3c4ccccc4cn[n+]32)cc1,Cc1ccccc1,440.7439166756894,3.481339616010491
COc1ccc(N2c3ccc4ccccc4c3-c3c4ccccc4cc[n+]3[B-]2(c2ccccc2)c2ccccc2)cc1,Cc1ccccc1,520.9908497384137,3.753603288199292
CC(C)(C)OC(=O)/C=C/C1=CC2=C(c3ccccc3)c3cccn3[B-](F)(F)[N+]2=C1,ClCCl,533.0274020935948,4.555258322457137
COC(=O)/C=C/C1=CC2=C(c3c(C)cc(C)cc3C)c3cc(/C=C/C(=O)OC)cn3[B-](F)(F)[N+]2=C1,ClCCl,586.8085270833136,4.674278770945476
Cc1cc(C)c(C2=C3C=C(/C=C/C(=O)OCc4ccccc4)C=[N+]3[B-](F)(F)n3cc(/C=C/C(=O)OCc4ccccc4)cc32)c(C)c1,ClCCl,575.0513308122155,4.6567101638440445
CCOCCOCCOC(=O)/C=C/C1=CC2=C(c3c(C)cc(C)cc3C)c3cc(/C=C/C(=O)OCCOCCOCC)cn3[B-](F)(F)[N+]2=C1,ClCCl,569.2752088719285,4.721357889045089
CCN(CC)c1ccc2n1[B-](F)(F)[N+]1=CC(/C=C/C(=O)OC(C)(C)C)=CC1=C2c1c(C)cc(C)cc1C,ClCCl,499.21699605766196,4.51406108216959
CN(C)c1ccc(C2=Nc3scc(-c4ccc([N+](=O)[O-])cc4)[n+]3[B-](F)(F)O2)cc1,Cc1ccccc1,403.0378142245865,4.693850985330296
CN(C)c1ccc(C2=Nc3scc(-c4ccc([N+](=O)[O-])cc4)[n+]3[B-](F)(F)O2)cc1,ClCCl,410.8168882210965,4.678306029001902
CN(C)c1ccc(C2=Nc3scc(-c4ccc([N+](=O)[O-])cc4)[n+]3[B-](F)(F)O2)cc1,C1CCOC1,402.85909033932774,4.694411949783369
CN(C)c1ccc(C2=Nc3scc(-c4ccc([N+](=O)[O-])cc4)[n+]3[B-](F)(F)O2)cc1,CC#N,408.1832893831248,4.722540635832281
Cc1cc(C)c(C2=C3C=C(c4ccc(C(C)(C)C)cc4)C(c4ccc(C(C)(C)C)cc4)=[N+]3[B-](F)(F)n3c2cc(-c2ccc(C(C)(C)C)cc2)c3-c2ccc(C(C)(C)C)cc2)c(C)c1,C1CCCCC1,606.125433659423,4.8712559122105255
Cc1cc(C)c(C2=C3C=C(c4ccc(C(C)(C)C)cc4)C(c4ccc(C(C)(C)C)cc4)=[N+]3[B-](F)(F)n3c2cc(-c2ccc(C(C)(C)C)cc2)c3-c2ccc(C(C)(C)C)cc2)c(C)c1,Cc1ccccc1,611.6197679406633,4.855327235212071
Cc1cc(C)c(C2=C3C=C(c4ccc(C(C)(C)C)cc4)C(c4ccc(C(C)(C)C)cc4)=[N+]3[B-](F)(F)n3c2cc(-c2ccc(C(C)(C)C)cc2)c3-c2ccc(C(C)(C)C)cc2)c(C)c1,ClCCl,599.946857933864,4.780142332740347
Cc1cc(C)c(C2=C3C=C(c4ccc(C(C)(C)C)cc4)C(c4ccc(C(C)(C)C)cc4)=[N+]3[B-](F)(F)n3c2cc(-c2ccc(C(C)(C)C)cc2)c3-c2ccc(C(C)(C)C)cc2)c(C)c1,C1CCOC1,603.3808418629806,4.757978249122783
Cc1cc(C)c(C2=C3C=C(c4ccc(C(C)(C)C)cc4)C(c4ccc(C(C)(C)C)cc4)=[N+]3[B-](F)(F)n3c2cc(-c2ccc(C(C)(C)C)cc2)c3-c2ccc(C(C)(C)C)cc2)c(C)c1,CC#N,584.1238182898362,4.741129308220533
COc1ccc2c(c1)c1c(c3cc(OC)ccc32)=[N+]2C(=C(c3c(C)cc(C)cc3C)c3cc4c5cc(OC)ccc5c5ccc(OC)cc5c4n3[B-]2(F)F)C=1,C1CCCCC1,683.2262876758538,5.195804438151622
COc1ccc2c(c1)c1c(c3cc(OC)ccc32)=[N+]2C(=C(c3c(C)cc(C)cc3C)c3cc4c5cc(OC)ccc5c5ccc(OC)cc5c4n3[B-]2(F)F)C=1,Cc1ccccc1,683.4463420846622,5.17123763216753
COc1ccc2c(c1)c1c(c3cc(OC)ccc32)=[N+]2C(=C(c3c(C)cc(C)cc3C)c3cc4c5cc(OC)ccc5c5ccc(OC)cc5c4n3[B-]2(F)F)C=1,ClCCl,679.2538067801984,5.146816846985283
COc1ccc2c(c1)c1c(c3cc(OC)ccc32)=[N+]2C(=C(c3c(C)cc(C)cc3C)c3cc4c5cc(OC)ccc5c5ccc(OC)cc5c4n3[B-]2(F)F)C=1,C1CCOC1,679.1518931601208,5.150507019855687
COc1ccc2c(c1)c1c(c3cc(OC)ccc32)=[N+]2C(=C(c3c(C)cc(C)cc3C)c3cc4c5cc(OC)ccc5c5ccc(OC)cc5c4n3[B-]2(F)F)C=1,CC#N,668.8551920744922,5.094308765198452
CC(C)(C)c1ccc(C2=CC3=C(c4ccccc4)c4cc(-c5ccc(C(C)(C)C)cc5)c(-c5ccc(C(C)(C)C)cc5)n4[B-](F)(F)[N+]3=C2c2ccc(C(C)(C)C)cc2)cc1,C1CCCCC1,615.666758794079,4.671521796180221
CC(C)(C)c1ccc(C2=CC3=C(c4ccccc4)c4cc(-c5ccc(C(C)(C)C)cc5)c(-c5ccc(C(C)(C)C)cc5)n4[B-](F)(F)[N+]3=C2c2ccc(C(C)(C)C)cc2)cc1,Cc1ccccc1,619.8697579969732,4.683327574391406
CC(C)(C)c1ccc(C2=CC3=C(c4ccccc4)c4cc(-c5ccc(C(C)(C)C)cc5)c(-c5ccc(C(C)(C)C)cc5)n4[B-](F)(F)[N+]3=C2c2ccc(C(C)(C)C)cc2)cc1,ClCCl,612.6714834954535,4.567560412204424
CC(C)(C)c1ccc(C2=CC3=C(c4ccccc4)c4cc(-c5ccc(C(C)(C)C)cc5)c(-c5ccc(C(C)(C)C)cc5)n4[B-](F)(F)[N+]3=C2c2ccc(C(C)(C)C)cc2)cc1,C1CCOC1,612.0673027507146,4.607921144325605
CC(C)(C)c1ccc(C2=CC3=C(c4ccccc4)c4cc(-c5ccc(C(C)(C)C)cc5)c(-c5ccc(C(C)(C)C)cc5)n4[B-](F)(F)[N+]3=C2c2ccc(C(C)(C)C)cc2)cc1,CC#N,596.0292343695262,4.528120233423713
CC(C)(C)c1ccc(C2=c3c(c4ccc(C(C)(C)C)cc4c4cc(C(C)(C)C)ccc34)=[N+]3C2=C(c2ccccc2)c2c(-c4ccc(C(C)(C)C)cc4)c4c5ccc(C(C)(C)C)cc5c5cc(C(C)(C)C)ccc5c4n2[B-]3(F)F)cc1,C1CCCCC1,673.4649331357309,5.074682426155664
CC(C)(C)c1ccc(C2=c3c(c4ccc(C(C)(C)C)cc4c4cc(C(C)(C)C)ccc34)=[N+]3C2=C(c2ccccc2)c2c(-c4ccc(C(C)(C)C)cc4)c4c5ccc(C(C)(C)C)cc5c5cc(C(C)(C)C)ccc5c4n2[B-]3(F)F)cc1,Cc1ccccc1,678.3062551462236,5.026152723807002
CC(C)(C)c1ccc(C2=c3c(c4ccc(C(C)(C)C)cc4c4cc(C(C)(C)C)ccc34)=[N+]3C2=C(c2ccccc2)c2c(-c4ccc(C(C)(C)C)cc4)c4c5ccc(C(C)(C)C)cc5c5cc(C(C)(C)C)ccc5c4n2[B-]3(F)F)cc1,ClCCl,673.3289399611475,4.993821706693703
CC(C)(C)c1ccc(C2=c3c(c4ccc(C(C)(C)C)cc4c4cc(C(C)(C)C)ccc34)=[N+]3C2=C(c2ccccc2)c2c(-c4ccc(C(C)(C)C)cc4)c4c5ccc(C(C)(C)C)cc5c5cc(C(C)(C)C)ccc5c4n2[B-]3(F)F)cc1,C1CCOC1,672.6436483764843,4.984497648971153
CC(C)(C)c1ccc(C2=c3c(c4ccc(C(C)(C)C)cc4c4cc(C(C)(C)C)ccc34)=[N+]3C2=C(c2ccccc2)c2c(-c4ccc(C(C)(C)C)cc4)c4c5ccc(C(C)(C)C)cc5c5cc(C(C)(C)C)ccc5c4n2[B-]3(F)F)cc1,CC#N,658.2863046129644,4.946630468062644
COc1cccc(C2=c3c(c4ccc(C(C)(C)C)cc4c4cc(C(C)(C)C)ccc34)=[N+]3C2=C(c2ccccc2)c2c(-c4cccc(OC)c4)c4c5ccc(C(C)(C)C)cc5c5cc(C(C)(C)C)ccc5c4n2[B-]3(F)F)c1,C1CCCCC1,678.0348438739119,5.1121776447589795
COc1cccc(C2=c3c(c4ccc(C(C)(C)C)cc4c4cc(C(C)(C)C)ccc34)=[N+]3C2=C(c2ccccc2)c2c(-c4cccc(OC)c4)c4c5ccc(C(C)(C)C)cc5c5cc(C(C)(C)C)ccc5c4n2[B-]3(F)F)c1,Cc1ccccc1,682.1206649167242,5.057191985045904
COc1cccc(C2=c3c(c4ccc(C(C)(C)C)cc4c4cc(C(C)(C)C)ccc34)=[N+]3C2=C(c2ccccc2)c2c(-c4cccc(OC)c4)c4c5ccc(C(C)(C)C)cc5c5cc(C(C)(C)C)ccc5c4n2[B-]3(F)F)c1,ClCCl,677.3787311888146,5.027272843733937
COc1cccc(C2=c3c(c4ccc(C(C)(C)C)cc4c4cc(C(C)(C)C)ccc34)=[N+]3C2=C(c2ccccc2)c2c(-c4cccc(OC)c4)c4c5ccc(C(C)(C)C)cc5c5cc(C(C)(C)C)ccc5c4n2[B-]3(F)F)c1,C1CCOC1,676.5909759105601,5.02821054619732
COc1cccc(C2=c3c(c4ccc(C(C)(C)C)cc4c4cc(C(C)(C)C)ccc34)=[N+]3C2=C(c2ccccc2)c2c(-c4cccc(OC)c4)c4c5ccc(C(C)(C)C)cc5c5cc(C(C)(C)C)ccc5c4n2[B-]3(F)F)c1,CC#N,665.4560628034687,4.988323350563984
COc1ccc2c3c(c4ccc(OC)cc4c2c1)=[N+]1C(=C(c2c(C)cc(C)cc2C)c2cc4c5ccc(OC)cc5c5cc(OC)ccc5c4n2[B-]1(F)F)C=3,C1CCCCC1,684.7883964413024,5.168646160910213
COc1ccc2c3c(c4ccc(OC)cc4c2c1)=[N+]1C(=C(c2c(C)cc(C)cc2C)c2cc4c5ccc(OC)cc5c5cc(OC)ccc5c4n2[B-]1(F)F)C=3,Cc1ccccc1,685.8217095367263,5.148873005114727
COc1ccc2c3c(c4ccc(OC)cc4c2c1)=[N+]1C(=C(c2c(C)cc(C)cc2C)c2cc4c5ccc(OC)cc5c5cc(OC)ccc5c4n2[B-]1(F)F)C=3,ClCCl,682.3715484456395,5.118442790996304
COc1ccc2c3c(c4ccc(OC)cc4c2c1)=[N+]1C(=C(c2c(C)cc(C)cc2C)c2cc4c5ccc(OC)cc5c5cc(OC)ccc5c4n2[B-]1(F)F)C=3,C1CCOC1,681.2116434320476,5.125349328902386
COc1ccc2c3c(c4ccc(OC)cc4c2c1)=[N+]1C(=C(c2c(C)cc(C)cc2C)c2cc4c5ccc(OC)cc5c5cc(OC)ccc5c4n2[B-]1(F)F)C=3,CC#N,671.6281876669132,5.0730856040272645
CCOC(=O)C1c2ccccc2C(=O)N1c1ccccc1,CCCCCC,305.4673402045621,5.616608747865719
CCOC(=O)C1c2ccccc2C(=O)N1c1ccccc1,ClCCl,312.69739395316685,5.651326676867249
CCOC(=O)C1c2ccccc2C(=O)N1c1ccccc1,CO,311.9714969418584,5.687960821366525
CCOC(=O)C1c2ccccc2C(=O)N1c1ccccc1,CS(C)=O,314.0103069152536,5.674060480397263
CCOC(=O)C1c2ccccc2C(=O)N1c1ccccn1,CCCCCC,315.1184175068654,5.363421846835658
CCOC(=O)C1c2ccccc2C(=O)N1c1ccccn1,ClCCl,316.7804896317524,5.435458872224602
CCOC(=O)C1c2ccccc2C(=O)N1c1ccccn1,CO,320.91696744450513,5.465073092000902
CCOC(=O)C1c2ccccc2C(=O)N1c1ccccn1,CS(C)=O,321.2098815905329,5.423004846313453
CCOC(=O)C1c2cc(OC)c(OC)cc2C(=O)N1c1ccc(OC)c(OC)c1,CCCCCC,305.97155758986264,5.19528909615423
CCOC(=O)C1c2cc(OC)c(OC)cc2C(=O)N1c1ccc(OC)c(OC)c1,ClCCl,314.45229098348517,5.721621582917633
CCOC(=O)C1c2cc(OC)c(OC)cc2C(=O)N1c1ccc(OC)c(OC)c1,CO,306.32490481236925,5.706531512501429
CCOC(=O)C1c2cc(OC)c(OC)cc2C(=O)N1c1ccc(OC)c(OC)c1,CS(C)=O,313.5455823079002,5.701849584868842
C(=C/c1ccccc1)\c1ccccc1,CC#N,284.73820739380744,4.48926223842221
COc1ccc(/C=C/c2ccccc2)cc1,CC#N,308.93120312680753,4.463918584406104
COc1cccc(/C=C/c2ccccc2)c1,CC#N,312.5490491278674,4.486414995594367
COc1ccc(/C=C/c2ccccc2)cc1OC,CC#N,322.2017141423579,4.506945200144411
C/C=C/c1cccc(OC)c1,CCCCCC,322.8709785851002,3.235982845312054
C(#Cc1cnc(C#Cc2ccccc2)nc1)c1ccccc1,C1CCCCC1,318.18083927917064,4.692396855481995
C[Si](C)(C)C#Cc1ccc(C#Cc2cnc(C#Cc3ccccc3)nc2)cc1,C1CCCCC1,327.41979900470034,4.7564295458413755
COc1ccc(C#Cc2nc3ccccc3nc2-c2csc(OC)c2)cc1,ClCCl,402.9395292144485,4.1987372105434435
CC(C)(C)c1cc2ccc3cc(C(C)(C)C)cc4c(N(c5ccccc5)c5ccccc5)cc(c1)c2c34,CCCCCC,397.35326702265434,4.14186733617485
Cc1cc(C)c(B(c2c(C)cc(C)cc2C)c2cc3cccc4c(B(c5c(C)cc(C)cc5C)c5c(C)cc(C)cc5C)cc5cccc2c5c34)c(C)c1,CCCCCC,404.70350558316,3.0204691664395886
CC(C)(C)c1ccc2c(c1)c1cc(C(C)(C)C)ccc1n2-c1ccc(C#Cc2ccc(C#Cc3ccc(-n4c5ccc(C(C)(C)C)cc5c5cc(C(C)(C)C)ccc54)cc3)cc2)cc1,ClCCl,353.85858237228365,4.649683491628616
C(=C1c2ccccc2-c2ccccc21)c1ccc(-c2ccc(C=C3c4ccccc4-c4ccccc43)cc2)cc1,C1CCOC1,381.001509844044,3.5326202692236386
C1=Cc2ccccc2C(=Cc2ccc(C=C3c4ccccc4-c4ccccc43)cc2)c2ccccc21,C1CCOC1,349.59737539030687,4.087342369197228
Cc1cccc2cc(-c3cc4cccc(C)c4oc3=O)oc12,Cc1ccccc1,346.30095984629,4.367375317657023
Cc1cccc2cc(-c3cc4cccc(C)c4oc3=O)oc12,CCOC(C)=O,345.15336272756645,4.413773047557544
Cc1cccc2cc(-c3cc4cccc(C)c4oc3=O)oc12,CC#N,344.10669159693003,4.3486051616907355
Cc1cccc2cc(-c3cc4cccc(C)c4oc3=O)oc12,CS(C)=O,351.93062471356313,4.460260539006471
Cc1cccc2cc(-c3cc4cccc(C)c4oc3=O)oc12,O,343.7348168983495,3.984250272091085
COc1cccc2cc(-c3cc4cccc(OC)c4oc3=O)oc12,Cc1ccccc1,368.83323988568117,4.406145464105633
COc1cccc2cc(-c3cc4cccc(OC)c4oc3=O)oc12,CCOC(C)=O,362.04174474751835,4.474984001695944
COc1cccc2cc(-c3cc4cccc(OC)c4oc3=O)oc12,CC#N,360.7954094330915,4.437616700535027
COc1cccc2cc(-c3cc4cccc(OC)c4oc3=O)oc12,CS(C)=O,368.0636995417315,4.493609360182578
COc1cccc2cc(-c3cc4cccc(OC)c4oc3=O)oc12,O,361.819502546326,4.122687941625517
COc1ccc2cc(-c3cc4ccc(OC)cc4oc3=O)oc2c1,Cc1ccccc1,386.8238192069729,4.393039939985002
COc1ccc2cc(-c3cc4ccc(OC)cc4oc3=O)oc2c1,CCOC(C)=O,382.36031018867425,4.418183669010637
COc1ccc2cc(-c3cc4ccc(OC)cc4oc3=O)oc2c1,CC#N,380.4952984422564,4.410214835198072
COc1ccc2cc(-c3cc4ccc(OC)cc4oc3=O)oc2c1,CS(C)=O,385.56041911195166,4.396652746206423
COc1ccc2cc(-c3cc4ccc(OC)cc4oc3=O)oc2c1,O,349.8096350073932,3.788422845652849
O=c1oc2ccc(Br)cc2cc1-c1cc2cc(Br)ccc2o1,Cc1ccccc1,373.42402216320454,4.435195553715243
O=c1oc2ccc(Br)cc2cc1-c1cc2cc(Br)ccc2o1,CCOC(C)=O,367.91631109424566,4.470002751318347
O=c1oc2ccc(Br)cc2cc1-c1cc2cc(Br)ccc2o1,CC#N,368.41745306853795,4.409301456721395
O=c1oc2ccc(Br)cc2cc1-c1cc2cc(Br)ccc2o1,CS(C)=O,374.2282671451983,4.493169289810121
O=c1oc2ccc(Br)cc2cc1-c1cc2cc(Br)ccc2o1,O,353.75449971232825,3.9510945775354553
O=C(O)CCCc1cc2ccc3cccc4ccc(c1)c2c34,CO,383.09444580101695,3.465336372888993
CC1(C)OB(c2cc3ccc4cccc5ccc(c2)c3c45)OC1(C)C,Cc1ccccc1,396.64803214770296,3.6676905239583446
COC(=O)c1ccc(-c2cc3ccc4cccc5ccc(c2)c3c45)cc1,Cc1ccccc1,390.5334587256261,3.2714423110714157
C(#Cc1ccc2ccc3cccc4ccc1c2c34)c1ccccc1,Cc1ccccc1,391.383250419635,4.421924660629503
COc1cc2c(cc1-c1ccc(C)cc1)Cc1c3c(c4c(c1-2)-c1cc(OC)c(-c2ccc(C)cc2)cc1C4)C(=O)N(CCC(C)C)C3=O,C1CCOC1,411.4033228441842,4.490445862564318
COc1ccc(-c2cc3c(cc2OC)-c2c(c4c(c5c2-c2cc(OC)c(-c6ccc(OC)cc6)cc2C5)C(=O)N(CCC(C)C)C4=O)C3)cc1,C1CCOC1,409.2570703868155,4.4334857879698575
COc1cc2c(cc1-c1ccc(N(c3ccccc3)c3ccccc3)cc1)Cc1c3c(c4c(c1-2)-c1cc(OC)c(-c2ccc(N(c5ccccc5)c5ccccc5)cc2)cc1C4)C(=O)N(CCC(C)C)C3=O,C1CCOC1,414.14707077785005,4.460248319351907
COc1cc2c(cc1-c1ccc(N(C)C)cc1)Cc1c3c(c4c(c1-2)-c1cc(OC)c(-c2ccc(N(C)C)cc2)cc1C4)C(=O)N(CCC(C)C)C3=O,C1CCOC1,412.8716565772234,4.42308980604898
Cc1ccsc1-c1ccc(-c2ccc(-c3sccc3C)s2)s1,CCCCCCCCCCCCCC,379.32464824264184,4.422820715869019
Nc1ccc(C#Cc2ccc3ccc4ccc(C#Cc5ccc(N)cc5)c5ccc2c3c45)cc1,CCCCCC,419.6082725061449,4.548291020939385
Nc1ccc(C#Cc2ccc3ccc4ccc(C#Cc5ccc(N)cc5)c5ccc2c3c45)cc1,Cc1ccccc1,427.4238873235926,4.67055605453908
Nc1ccc(C#Cc2ccc3ccc4ccc(C#Cc5ccc(N)cc5)c5ccc2c3c45)cc1,C1COCCO1,421.7580426211251,4.610098485972339
Nc1ccc(C#Cc2ccc3ccc4ccc(C#Cc5ccc(N)cc5)c5ccc2c3c45)cc1,CCOC(C)=O,413.17539404471614,4.661172029155714
Nc1ccc(C#Cc2ccc3ccc4ccc(C#Cc5ccc(N)cc5)c5ccc2c3c45)cc1,ClCCl,411.78139837146426,4.582351404087811
Nc1ccc(C#Cc2ccc3ccc4ccc(C#Cc5ccc(N)cc5)c5ccc2c3c45)cc1,CC(C)=O,409.64913840909946,4.701070621358074
Nc1ccc(C#Cc2ccc3ccc4ccc(C#Cc5ccc(N)cc5)c5ccc2c3c45)cc1,CCCCCCO,420.42653186106634,4.523638179904058
Nc1ccc(C#Cc2ccc3ccc4ccc(C#Cc5ccc(N)cc5)c5ccc2c3c45)cc1,CCO,412.38218178717267,4.550079540594686
Nc1ccc(C#Cc2ccc3ccc4ccc(C#Cc5ccc(N)cc5)c5ccc2c3c45)cc1,CO,418.0750676035052,4.692724570155709
O=[N+]([O-])c1ccc(S(=O)(=O)Nc2ccc(C#Cc3ccc4ccc5ccc(C#Cc6ccc(NS(=O)(=O)c7ccc([N+](=O)[O-])cc7[N+](=O)[O-])cc6)c6ccc3c4c56)cc2)c([N+](=O)[O-])c1,CO,416.48688972909343,4.550588822511724
Nc1ccc(C#Cc2ccc3ccc4ccc(C#Cc5ccc(NS(=O)(=O)c6ccc([N+](=O)[O-])cc6[N+](=O)[O-])cc5)c5ccc2c3c45)cc1,CO,417.025843006615,4.660349974733238
c1ccc2c(c1)Nc1ccccc1S2,CC#N,330.9666355158141,3.7508123227146775
c1ccc2c(c1)Nc1ccccc1S2,CO,328.875281020193,3.622304682758616
CN(C)CCCN1c2ccccc2Sc2ccccc21,CC#N,314.35146500876414,3.65206318671672
CN(C)CCCN1c2ccccc2Sc2ccccc21,CO,312.30726681526914,3.6072379119946385
CN(C)CCCN1c2ccccc2Sc2ccccc21,O,307.6500819134766,3.6042303755189824
CN(C)CCCN1c2ccccc2Sc2ccc(Cl)cc21,CC#N,312.5362849220162,3.6485021749619215
CN(C)CCCN1c2ccccc2Sc2ccc(Cl)cc21,CO,313.22366428569717,3.551624391777298
CN(C)CCCN1c2ccccc2Sc2ccc(Cl)cc21,O,305.14987277715153,3.5622220432229734
C[Si](C)(C)C#C[Si](c1c2ccccc2cc2ccccc12)(c1c2ccccc2cc2ccccc12)c1c2ccccc2cc2ccccc12,ClC(Cl)Cl,399.65798128238913,4.389863343096036
F[Si](c1ccccc1)(c1ccccc1)c1c2ccccc2cc2ccccc12,ClC(Cl)Cl,356.2757741638926,4.269292564375611
F[Si](c1ccccc1)(c1c2ccccc2cc2ccccc12)c1c2ccccc2cc2ccccc12,C1CCOC1,393.66833080543313,4.363671864617992
F[Si](c1ccccc1)(c1ccccc1)c1c2ccccc2cc2ccccc12,C1CCOC1,348.0379419824019,4.252301537201299
F[Si-](F)(c1ccccc1)(c1ccccc1)c1c2ccccc2cc2ccccc12,C1CCOC1,354.86179769534033,4.182378937162159
F[Si](c1ccccc1)(c1ccccc1)c1cccc2ccccc12,C1CCOC1,298.0538369391493,4.030314733751715
F[Si-](F)(c1ccccc1)(c1ccccc1)c1cc2ccccc2c2ccccc12,C1CCOC1,317.4791330007928,4.099399034735072
N#Cc1ccc(C#Cc2ccc(C#Cc3ccc(C#Cc4ccccc4C#N)cc3C#N)cc2C#N)cc1,ClC(Cl)Cl,355.2683207744465,4.8374827045117135
N#Cc1ccc(C#Cc2ccc(C#Cc3ccc(C#Cc4ccccc4C#N)cc3C#N)cc2C#N)cc1,c1ccccc1,365.2267516525114,4.7867728565985415
N#Cc1ccc(C#Cc2ccc(C#Cc3ccc(C#Cc4ccccc4C#N)cc3C#N)cc2C#N)cc1,C1CCOC1,360.9514865417592,4.86883195242807
N#Cc1ccc(C#Cc2ccc(C#Cc3ccc(C#Cc4ccccc4C#N)cc3C#N)cc2C#N)cc1,CC#N,355.2697959715968,4.868609556523972
N#Cc1ccc(C#Cc2ccc(C#Cc3ccc(C#Cc4ccccc4C#N)cc3C#N)cc2C#N)cc1,CN(C)C=O,382.91921613273706,4.910542418207333
COc1ccc(/C=C/C2=CC(/C=C/c3ccc(OC)cc3)=[O+][B-](F)(F)O2)cc1,ClCCl,507.29587574620905,4.913520468321863
COc1ccc(/C=C/C2=CC(/C=C/c3ccc(OC)c4ccccc34)=[O+][B-](F)(F)O2)c2ccccc12,ClCCl,548.9045614703648,4.9247732234987085
COc1ccc2cc(/C=C/C3=[O+][B-](F)(F)OC(/C=C/c4ccc5cc(OC)ccc5c4)=C3c3ccccc3)ccc2c1,ClCCl,531.2357751545684,4.8685031885464145
CCCCCCN(CCCCCC)c1ccc(C#Cc2c(F)c(F)c(F)c(F)c2F)cc1,CO,404.5440311454619,4.603256022109881
O=[N+]([O-])c1ccc(C#Cc2ccc([N+](=O)[O-])cc2)cc1,CO,382.9540082824765,4.199022776001561
O=[N+]([O-])c1ccc(C#Cc2ccc([N+](=O)[O-])cc2)cc1,ClCCl,377.8140338590748,4.186008925294241
O=c1c2ccccc2[nH]c2ccccc12,CS(C)=O,391.037388572499,4.082498755002836
O=c1c2cc(S(=O)(=O)Cl)ccc2[nH]c2ccc(S(=O)(=O)Cl)cc12,CS(C)=O,379.96900935721993,4.314976163553333
COc1cc(-c2nc3c4cccnc4c4ncccc4c3[nH]2)c(OC)cc1/C=C/c1nc2ccccc2[nH]1,C1CCOC1,400.9012880670731,4.905936359162821
COc1cc(-c2nc3c4cccnc4c4ncccc4c3[nH]2)c(OC)cc1/C=C/c1nc2ccccc2[nH]1,ClCCl,399.6335311397902,4.850624504318568
COc1cc(-c2nc3c4cccnc4c4ncccc4c3[nH]2)c(OC)cc1/C=C/c1nc2ccccc2[nH]1,CC#N,398.47195715315115,4.784095675906247
COc1cc(-c2nc3c4cccnc4c4ncccc4c3[nH]2)c(OC)cc1/C=C/c1nc2ccccc2[nH]1,CO,395.6597375687045,4.8014011669815595
CCN(CC)c1ccc2cc(-c3ccc(S(C)(=O)=O)cc3)oc(=O)c2c1,CCO,400.89591234864406,4.595539658480783
CCN(CC)c1ccc2cc(-c3nc4cc(C(=O)Nc5ccccc5Cl)ccc4o3)c(=O)oc2c1,ClCCl,450.24278691778125,5.499135736373342
COc1ccc(NC(=O)C(C(=O)Nc2ccc(OC)cc2)C(c2cc(F)ccc2O)c2c[nH]c3ccc(OC)cc23)cc1,CS(C)=O,280.86177683464086,4.428137052510611
N#Cc1ccc(C2=Cc3ccccc3P2(=O)c2ccccc2)cc1,ClCCl,350.5217051708354,4.204046311268195
COc1ccc(C2=Cc3ccccc3P2(=O)c2ccccc2)cc1,ClCCl,352.06081711291154,4.188015951548337
Clc1ccc(/C=C/c2ccncn2)cc1,ClCCl,315.68978136584565,3.9972984391340214
CN(C)c1ccc(/C=C/c2ccncn2)cc1,ClCCl,392.54949378030483,4.361260160669686
Brc1ccc(/C=C/c2cnc3ccccc3n2)cc1,ClCCl,359.5838287633918,3.978716568507599
CSc1ccc(/C=C/c2cnc3ccccc3n2)cc1,ClCCl,377.9436699340742,4.16819165591058
CN(C)c1ccc(-c2ccc(/C=C/c3ccncn3)cc2)cc1,ClCCl,379.7615878867197,4.509713363446082
CN(C)c1ccc(-c2ccc(/C=C/c3cnc4ccccc4n3)cc2)cc1,ClCCl,411.0155647728965,4.451169002949149
c1ccc(-p2c3ccccc3c3sc4ccccc4c32)cc1,ClCCl,355.50523368628177,3.9849271197523612
O=P1(c2ccccc2)c2ccccc2-c2sc3ccccc3c21,ClCCl,356.1901252174805,3.2943568678041095
O=P1(c2ccccc2)C2=C(c3ccccc31)S(=O)(=O)c1ccccc12,ClCCl,394.52580477612725,4.2699404683695255
CCCCCC(=O)c1cccc2sc3c(c12)P(=O)(c1ccccc1)c1ccccc1-3,ClCCl,367.97960705332963,3.313205852300705
O=C(c1ccc2c3c(sc2c1)-c1ccccc1P3(=O)c1ccccc1)c1c(F)c(F)c(F)c(F)c1F,ClCCl,369.839724395643,3.475256887236719
Cc1ccc2ccc3c(c2n1)N/C(=C\C1=C([O-])/C(=C/C2=[NH+]c4c(ccc5ccc(C)nc45)C2(C)C)C1=O)C3(C)C,C1CCCCC1,615.1534651958029,5.030813016048235
Cc1ccc2ccc3c(c2n1)N/C(=C\C1=C([O-])/C(=C/C2=[NH+]c4c(ccc5ccc(C)nc45)C2(C)C)C1=O)C3(C)C,Cc1ccccc1,616.8185002166613,5.038907619140385
Cc1ccc2ccc3c(c2n1)N/C(=C\C1=C([O-])/C(=C/C2=[NH+]c4c(ccc5ccc(C)nc45)C2(C)C)C1=O)C3(C)C,ClC(Cl)Cl,619.4149097095242,5.012077418368532
Cc1ccc2ccc3c(c2n1)N/C(=C\C1=C([O-])/C(=C/C2=[NH+]c4c(ccc5ccc(C)nc45)C2(C)C)C1=O)C3(C)C,C1CCOC1,616.8403906421711,4.95457156117902
Cc1ccc2ccc3c(c2n1)N/C(=C\C1=C([O-])/C(=C/C2=[NH+]c4c(ccc5ccc(C)nc45)C2(C)C)C1=O)C3(C)C,C1COCCO1,611.7303452185812,5.014950222072614
Cc1ccc2ccc3c(c2n1)N/C(=C\C1=C([O-])/C(=C/C2=[NH+]c4c(ccc5ccc(C)nc45)C2(C)C)C1=O)C3(C)C,CN(C)C=O,615.4561306450275,4.968497372575561
Cc1ccc2ccc3c(c2n1)N/C(=C\C1=C([O-])/C(=C/C2=[NH+]c4c(ccc5ccc(C)nc45)C2(C)C)C1=O)C3(C)C,CS(C)=O,621.2177006405439,5.003665520322918
Cc1ccc2ccc3c(c2n1)N/C(=C\C1=C([O-])/C(=C/C2=[NH+]c4c(ccc5ccc(C)nc45)C2(C)C)C1=O)C3(C)C,CC#N,612.784736130915,4.958123745115273
Cc1ccc2ccc3c(c2n1)N/C(=C\C1=C([O-])/C(=C/C2=[NH+]c4c(ccc5ccc(C)nc45)C2(C)C)C1=O)C3(C)C,CO,606.7207882246017,4.9660219654243685
CCN1/C(=C\C2=C([O-])/C(=C/C3=[N+](CC)c4c(ccc5ccc(C)nc45)C3(C)C)C2=O)C(C)(C)c2ccc3ccc(C)nc3c21,C1CCCCC1,620.8122714576297,5.067546220249059
CCN1/C(=C\C2=C([O-])/C(=C/C3=[N+](CC)c4c(ccc5ccc(C)nc45)C3(C)C)C2=O)C(C)(C)c2ccc3ccc(C)nc3c21,Cc1ccccc1,624.1796964915926,5.058511165045126
CCN1/C(=C\C2=C([O-])/C(=C/C3=[N+](CC)c4c(ccc5ccc(C)nc45)C3(C)C)C2=O)C(C)(C)c2ccc3ccc(C)nc3c21,ClC(Cl)Cl,624.2541814460114,5.046386300991059
CCN1/C(=C\C2=C([O-])/C(=C/C3=[N+](CC)c4c(ccc5ccc(C)nc45)C3(C)C)C2=O)C(C)(C)c2ccc3ccc(C)nc3c21,C1CCOC1,622.1845798575216,4.997850013958072
CCN1/C(=C\C2=C([O-])/C(=C/C3=[N+](CC)c4c(ccc5ccc(C)nc45)C3(C)C)C2=O)C(C)(C)c2ccc3ccc(C)nc3c21,C1COCCO1,619.8364035393718,5.061795620058274
CCN1/C(=C\C2=C([O-])/C(=C/C3=[N+](CC)c4c(ccc5ccc(C)nc45)C3(C)C)C2=O)C(C)(C)c2ccc3ccc(C)nc3c21,CN(C)C=O,619.7105242164373,5.01452171107731
CCN1/C(=C\C2=C([O-])/C(=C/C3=[N+](CC)c4c(ccc5ccc(C)nc45)C3(C)C)C2=O)C(C)(C)c2ccc3ccc(C)nc3c21,CS(C)=O,624.184147086385,5.0210182619351995
CCN1/C(=C\C2=C([O-])/C(=C/C3=[N+](CC)c4c(ccc5ccc(C)nc45)C3(C)C)C2=O)C(C)(C)c2ccc3ccc(C)nc3c21,CC#N,617.1007504375264,4.958053773799423
CCN1/C(=C\C2=C([O-])/C(=C/C3=[N+](CC)c4c(ccc5ccc(C)nc45)C3(C)C)C2=O)C(C)(C)c2ccc3ccc(C)nc3c21,CO,614.5616861084632,4.998528164084379
COc1ccc(-c2ncccn2)cc1,ClCCl,322.58576546826373,4.220916598125125
COc1ccc(/C=C/c2ccncn2)cc1,ClCCl,334.33066009532894,4.214874625652959
CN(C)c1ccc(-c2ccc(/C=C/c3ccncn3)cc2)cc1,ClCCl,379.7615878867197,4.509713363446082
CC(C)(C)C1Nc2ccccc2C(=O)N1c1ccccc1,c1ccccc1,344.6328806686004,3.5365157974139807
CC(C)(C)C1Nc2ccccc2C(=O)N1c1ccccc1,ClC(Cl)Cl,344.91876262482276,3.6049594664998486
CC(C)(C)C1Nc2ccccc2C(=O)N1c1ccccc1,CO,354.2998663469524,3.5667339991689726
CC(C)(C)C1Nc2ccccc2C(=O)N1c1ccccc1,CC#N,347.77555066554726,3.570475619408114
CCN(CC)c1ccc2c(c1)oc(=O)c1c(-c3ccccc3C(=O)O)c3ccc(=[N+](CC)CC)cc-3oc12,ClC(Cl)Cl,601.5087666725804,4.88979570598052
CCN(CC)c1ccc2c(c1)oc(=O)c1c(-c3ccccc3C(=O)O)c3ccc(=[N+](CC)CC)cc-3oc12,CCO,588.9804173420039,4.69671760232548
CCN(CC)c1ccc2c(c1)oc(=O)c1c(-c3ccccc3C(=O)O)c3ccc(=[N+](CC)CC)cc-3oc12,O,592.1331886889291,4.635640476469048
Cn1cc(-c2nc3ccccc3nc2/C=C/N2CCCC2)c2ccccc21,CC#N,435.2135475005002,4.233498030442047
COc1ccc(C2=Cc3ccccc3P2(=O)c2ccccc2)cc1,C1CCOC1,349.81882373540554,4.159930192576083
O=P1(c2ccccc2)C(c2ccc(C(F)(F)F)cc2)=Cc2ccccc21,C1CCOC1,345.513129558011,4.0853347278902
O=P1(c2ccccc2)C(c2cccs2)=Cc2ccccc21,C1CCOC1,352.4438683051562,3.949349600009744
CC(C)(C)c1ccc(-c2cc3cc4c(cc(-c5ccc(C(C)(C)C)cc5)p4-c4ccccc4)cc3p2-c2ccccc2)cc1,C1CCOC1,401.12587745695157,4.545683323138553
c1csc(-c2ccc(-c3ccc(-c4ccc(-c5cccs5)s4)s3)s2)c1,CC#N,398.31642386716175,4.44679693988792
C(=C/c1ccc(/C=C/c2cccs2)s1)\c1cccs1,CC#N,393.27335927011393,4.519483117466432
COc1cc2c(cc1/C=C/C1=CC(=C(C#N)C#N)CC(C)(C)C1)c1ccccc1n2C,Cc1ccccc1,456.65647531458546,4.805073503316952
COc1cc2c(cc1/C=C/C1=CC(=C(C#N)C#N)CC(C)(C)C1)c1ccccc1n2C,C1CCOC1,463.0004325172793,4.754872376537263
COc1cc2c(cc1/C=C/C1=CC(=C(C#N)C#N)CC(C)(C)C1)c1ccccc1n2C,CCOC(C)=O,457.89253425564334,4.841173420075881
COc1cc2c(cc1/C=C/C1=CC(=C(C#N)C#N)CC(C)(C)C1)c1ccccc1n2C,ClCCl,464.78653996866285,4.739328975930991
COc1cc2c(cc1/C=C/C1=CC(=C(C#N)C#N)CC(C)(C)C1)c1ccccc1n2C,ClC(Cl)Cl,463.2535272792112,4.766382657994468
COc1cc2c(cc1/C=C/C1=CC(=C(C#N)C#N)CC(C)(C)C1)c1ccccc1n2C,CC#N,458.3389689186673,4.753416727146425
COc1cc2c(cc1/C=C/C1=CC(=C(C#N)C#N)CC(C)(C)C1)c1ccccc1n2C,CCO,462.5075994659192,4.858370336218999
COc1cc2c(cc1/C=C/C1=CC(=C(C#N)C#N)CC(C)(C)C1)c1ccccc1n2C,CN(C)C=O,461.93425565483153,4.799214400553141
COc1cc2c(cc1/C=C/C1=CC(=C(C#N)C#N)CC(C)(C)C1)c1ccccc1n2C,CS(C)=O,472.05166246647275,4.7282152227166545
CCOC(=O)/C(C#N)=C\c1ccc2c(c1)c1ccccc1n2-c1ccc(C)cc1,Cc1ccccc1,397.4983832914786,4.326897540058497
CCOC(=O)/C(C#N)=C\c1ccc2c(c1)c1ccccc1n2-c1ccc(C)cc1,C1CCOC1,395.3426764455938,4.290392922993117
CCOC(=O)/C(C#N)=C\c1ccc2c(c1)c1ccccc1n2-c1ccc(C)cc1,CCOC(C)=O,394.23845387358995,4.287404435068544
CCOC(=O)/C(C#N)=C\c1ccc2c(c1)c1ccccc1n2-c1ccc(C)cc1,ClC(Cl)Cl,403.7716966780962,4.31172779315298
CCOC(=O)/C(C#N)=C\c1ccc2c(c1)c1ccccc1n2-c1ccc(C)cc1,CC#N,396.03845693202896,4.344425689339893
CCOC(=O)/C(C#N)=C\c1ccc2c(c1)c1ccccc1n2-c1ccc(C)cc1,CC(C)=O,393.78821870265335,4.317483734354883
CCOC(=O)/C(C#N)=C\c1ccc2c(c1)c1ccccc1n2-c1ccc(C)cc1,CO,395.40072170295645,4.292304878344823
CCOC(=O)/C(C#N)=C\c1ccc2c(c1)c1ccccc1n2-c1ccc(C)cc1,CS(C)=O,402.7238785191671,4.268836982006427
CCOC(=O)/C(C#N)=C/c1cc2c3ccccc3n(C)c2cc1OC,Cc1ccccc1,400.0443047869565,4.47005890203303
CCOC(=O)/C(C#N)=C/c1cc2c3ccccc3n(C)c2cc1OC,ClCCl,398.1078991242165,4.587213397510978
CCOC(=O)/C(C#N)=C/c1cc2c3ccccc3n(C)c2cc1OC,C1CCOC1,393.9640859561423,4.575326287594503
CCOC(=O)/C(C#N)=C/c1cc2c3ccccc3n(C)c2cc1OC,ClC(Cl)Cl,399.9217634101164,4.442231519561364
CCOC(=O)/C(C#N)=C/c1cc2c3ccccc3n(C)c2cc1OC,CCOC(C)=O,396.55620112509746,4.548784166761869
CCOC(=O)/C(C#N)=C/c1cc2c3ccccc3n(C)c2cc1OC,CO,394.3649364021388,4.449859993935536
CCOC(=O)/C(C#N)=C/c1cc2c3ccccc3n(C)c2cc1OC,CC#N,394.8946384432942,4.538697714751195
CCOC(=O)/C(C#N)=C/c1cc2c3ccccc3n(C)c2cc1OC,CN(C)C=O,387.67733952428756,4.461061952976159
CCOC(=O)/C(C#N)=C/c1cc2c3ccccc3n(C)c2cc1OC,CS(C)=O,401.7456040292869,4.484405292051039
CN(C)c1ccc2c3c(c(=O)oc2c1)C=c1cc2c(cc1O3)=[N+](CCC(=O)O)CCC2,ClCCl,605.8736000035296,4.720298695537952
CN(C)c1ccc2c3c(c(=O)oc2c1)C=c1cc2c(cc1O3)=[N+](CCC(=O)O)CCC2,CC#N,586.2128349730243,4.617334710339473
CN(C)c1ccc2c3c(c(=O)oc2c1)C=c1cc2c(cc1O3)=[N+](CCC(=O)O)CCC2,CO,584.6241351538581,4.591636062243164
CN(C)c1ccc2c3c(c(=O)oc2c1)C=c1cc2c(cc1O3)=[N+](CCC(=O)O)CCC2,O,576.2880960976715,4.526850167210046
CCCCn1c2ccccc2c2c1c1c3ccccc3n(CCCC)c1c1c3ccccc3n(CCCC)c21,C1CCOC1,309.88348039233153,4.3947443093192815
CCCCCCc1ccc2c(/C=N/c3cc(/N=C/c4c(O)ccc5cc(CCCCCC)ccc45)cc(/N=C/c4c(O)ccc5cc(CCCCCC)ccc45)c3)c(O)ccc2c1,Cc1ccccc1,473.2096047177545,4.117388645568085
CCCCCCc1ccc2c(/C=N/c3cc(/N=C/c4c(O)ccc5cc(CCCCCC)ccc45)cc(/N=C/c4c(O)ccc5cc(CCCCCC)ccc45)c3)c(O)ccc2c1,ClCCl,479.4697288417148,4.124952747417063
CCCCCCc1ccc2c(/C=N/c3cc(/N=C/c4c(O)ccc5cc(CCCCCC)ccc45)cc(/N=C/c4c(O)ccc5cc(CCCCCC)ccc45)c3)c(O)ccc2c1,C1CCOC1,471.3425208194073,4.118136586112321
CCCCCCc1ccc2c(/C=N/c3cc(/N=C/c4c(O)ccc5cc(CCCCCC)ccc45)cc(/N=C/c4c(O)ccc5cc(CCCCCC)ccc45)c3)c(O)ccc2c1,CC#N,465.03183681345496,4.236932486011302
Cc1nc2cc(/C=C/c3ccc(N(C)C)cc3)ccc2nc1-c1ccccc1,C1COCCO1,396.74174779717634,4.479458466547812
Cc1nc2cc(/C=C/c3ccc(N(C)C)cc3)ccc2nc1-c1ccccc1,ClCCl,407.4407839022048,4.447958191479647
Cc1nc2cc(/C=C/c3ccc(N(C)C)cc3)ccc2nc1-c1ccccc1,CC#N,401.3075736144348,4.434990989823709
CSc1sc(C(C)=O)c2nn[nH]c(=O)c12,CS(C)=O,390.7411271041239,3.7899342477829436
CSc1sc(C(C)=O)c2nn[nH]c(=O)c12,CN(C)C=O,385.66348288573965,3.43482034079684
CSc1sc(C(C)=O)c2nn[nH]c(=O)c12,CC#N,383.47611555864205,3.3720227129034095
CSc1sc(C(C)=O)c2nn[nH]c(=O)c12,CO,385.4118117515661,3.7145452562767285
CSc1sc(C(C)=O)c2nn[nH]c(=O)c12,CCO,385.83756240030914,3.7128965526245823
CSc1sc(C(C)=O)c2nn[nH]c(=O)c12,C1CCOC1,384.2158331669814,3.7175836177581254
CSc1sc(C(=O)c2ccccc2)c2nn[nH]c(=O)c12,CS(C)=O,390.4288509954986,3.911868708521773
CSc1sc(C(=O)c2ccccc2)c2nn[nH]c(=O)c12,CN(C)C=O,394.97656814265366,3.544482976010568
CSc1sc(C(=O)c2ccccc2)c2nn[nH]c(=O)c12,CC#N,394.12339162128507,3.5027651657757115
CSc1sc(C(=O)c2ccccc2)c2nn[nH]c(=O)c12,CO,390.8536077614158,3.843140487006146
CSc1sc(C(=O)c2ccccc2)c2nn[nH]c(=O)c12,CCO,390.84291258207617,3.9020135706827026
CSc1sc(C(=O)c2ccccc2)c2nn[nH]c(=O)c12,C1CCOC1,390.17169162785916,3.7022376853224346
c1ccc(-c2c3ccccc3cc3ccccc23)cc1,C1CCOC1,372.1310431151529,4.250425282054305
c1cc(-c2c3ccccc3cc3ccccc23)cc(-c2c3ccccc3cc3ccccc23)c1,C1CCOC1,379.5143986015155,4.303120615801628
c1ccc2c(-c3cc(-c4c5ccccc5cc5ccccc45)cc(-c4c5ccccc5cc5ccccc45)c3)c3ccccc3cc2c1,C1CCOC1,407.5049956086724,4.16982454908443
CCCCCCCN1C(=CC2=C([O-])C(=Cc3sc4ccccc4[n+]3CCCCCCC)C2=C(C#N)C#N)Sc2ccccc21,C1COCCO1,678.0754242972157,5.125989779901953
CCCCCCCN1C(=CC2=C([O-])C(=Cc3sc4ccccc4[n+]3CCCCCCC)C2=C(C#N)C#N)Sc2ccccc21,ClC(Cl)Cl,680.0768667766938,5.095713907889742
CCCCCCCN1C(=CC2=C([O-])C(=Cc3sc4ccccc4[n+]3CCCCCCC)C2=C(C#N)C#N)Sc2ccccc21,CCO,664.2264984803734,4.933270324465122
CCCCCCCN1C(=CC2=C([O-])C(=Cc3sc4ccccc4[n+]3CCCCCCC)C2=C(C#N)C#N)Sc2ccccc21,CN(C)C=O,670.6789108023727,5.138638886131127
Cc1cc(-c2ccc(N(c3ccccc3)c3ccccc3)cc2)c2nsnc2c1-c1ccc(N(c2ccccc2)c2ccccc2)cc1,ClCCl,429.4339809592402,3.927502738986475
Cc1cc(-c2ccc(C(C)(C)C)cc2)c2nsnc2c1-c1ccc(N(c2ccccc2)c2ccccc2)cc1,ClCCl,418.26945295681503,3.9278004969644686
c1cc2ccc1CCCc1ccc(c3nsnc13)CCC2,C1CCCCC1,398.1187849540353,3.103167446983237
c1cc2ccc1CCCc1ccc(c3nsnc13)CCC2,ClC(Cl)Cl,398.6327473916973,3.186746628043069
c1cc2ccc1CCCc1ccc(c3nsnc13)CCC2,CC#N,403.3913958534199,3.0782805240381137
CN(C)c1cc(-c2ccccc2)cc2ccccc12,ClCCl,304.9443953164553,4.695571505457086
CN(C)c1ccc(C#Cc2ccc(-c3cc(N(C)C)c4ccccc4c3)cc2)cc1,ClCCl,324.8403042723826,4.872048606900421
CN(C)c1ccc(C#Cc2ccc3c(N(C)C)cc(-c4ccccc4)cc3c2)cc1,ClCCl,348.8296665411243,4.855285339253564
Cc1cccc2cc(C)c3c4ccccc4[nH]c3c12,ClCCl,313.558208995373,4.279628583158121
Cc1cc2ccccc2c2c1c1ccccc1n2C,ClCCl,320.4927857554431,4.266103523970904
Cc1cc2ccccc2c2c1c1ccccc1n2-c1ccccc1,ClCCl,315.6124460304924,4.257251844989505
Cc1cc2ccccc2c2c1c1ccccc1n2-c1ccc(N(c2ccccc2)c2ccccc2)cc1,ClCCl,362.78417521841374,4.467462609846118
Cc1c(C)c2c3ccccc3[nH]c2c2ccccc12,ClCCl,307.83191871475594,4.334822917667985
CCCCCc1c(C)c2c3ccccc3[nH]c2c2ccccc12,ClCCl,308.8807213802578,4.243195443383782
Cc1cc2cc(C)c3c4ccccc4[nH]c3c2s1,ClCCl,312.20556572359453,4.249134340220554
Cc1cc2cc(C)c3c4ccccc4[nH]c3c2o1,ClCCl,308.3762289582004,4.336822101997205
Cc1cc2c3ccccc3[nH]c2c2[nH]c3ccccc3c12,ClCCl,346.0696164287807,4.530060372671513
Cc1cc2sccc2c2[nH]c3ccccc3c12,ClCCl,299.40197960945227,4.361536258382862
C(S/C=C/c1ccc(/C=C/SC=C2CCCCC2)cc1)=C1CCCCC1,ClCCl,350.16613890176797,4.652798083493929
C(S/C=C/c1ccc(/C=C/SC=C2CCCCCCC2)cc1)=C1CCCCCCC1,ClCCl,350.1601005947884,4.290895023262691
CC1CCC(=CS/C=C/c2ccc(/C=C/SC=C3CCC(C)CC3)cc2)CC1,ClCCl,358.08669743174505,4.571046749297427
CC1CCC(=CS/C=C/c2ccc(-c3ccc(/C=C/SC=C4CCC(C)CC4)cc3)cc2)CC1,ClCCl,357.1609737149262,4.697535116210139
CC(C)(C)C1CCC(=CS/C=C/c2ccc(-c3ccc(/C=C/SC=C4CCC(C(C)(C)C)CC4)cc3)cc2)CC1,ClCCl,353.03445973377325,4.533737602295669
O=P12n3c4c5ccccc5c3/N=C3\N=C(/N=c5/c6ccccc6c(n51)=c1c5ccccc5c(n12)=N4)c1ccccc13,CN(C)C=O,648.0652136321235,5.037789091115155
CCN(CC)c1ccc2cc(/C=C(\C#N)c3nc4ccccc4o3)c(=O)oc2c1,CC#N,497.6628633581614,4.389103811517511
CCN(CC)c1ccc2cc(/C=C(\C#N)c3nc4ccccc4o3)c(=O)oc2c1,ClCCl,508.64006163771484,4.616951948428394
CCN(CC)c1ccc2cc(/C=C(\C#N)c3nc4ccccc4o3)c(=O)oc2c1,C1COCCO1,499.7787148776469,4.594493905689178
CCN(CC)c1ccc2cc(/C=C(\C#N)c3nc4ccccc4o3)c(=O)oc2c1,CN(C)C=O,523.7449615571438,4.557442447775908
CCN(CC)c1ccc2cc(/C=C(\C#N)c3nc4ccccc4o3)c(=O)oc2c1,CS(C)=O,518.2736491026177,4.505240924650929
CCN(CC)c1ccc2cc(/C=C(\C#N)c3nc4ccccc4o3)c(=O)oc2c1,CCOC(C)=O,496.61264175302773,4.451228604291676
CCN(CC)c1ccc2cc(/C=C(\C#N)c3nc4ccccc4o3)c(=O)oc2c1,CCO,504.98828610219823,4.36315966119953
CCN(CC)c1ccc2cc(/C=C(\C#N)c3nc4ccccc4o3)c(=O)oc2c1,CO,500.3598800465071,4.484967079589653
CCN(CC)c1ccc2cc(/C=C(\C#N)c3nc4ccccc4o3)c(=O)oc2c1,Cc1ccccc1,494.93279225231265,4.4634599177273655
CCN(CC)c1ccc2c(C#N)c(/C=C(\C#N)c3nc4ccccc4o3)c(=O)oc2c1,CC#N,589.6349048099017,4.430244734890409
CCN(CC)c1ccc2c(C#N)c(/C=C(\C#N)c3nc4ccccc4o3)c(=O)oc2c1,ClCCl,604.4621113674596,4.439439527481048
CCN(CC)c1ccc2c(C#N)c(/C=C(\C#N)c3nc4ccccc4o3)c(=O)oc2c1,C1COCCO1,563.0611284013962,4.3609416378715835
CCN(CC)c1ccc2c(C#N)c(/C=C(\C#N)c3nc4ccccc4o3)c(=O)oc2c1,CN(C)C=O,531.5083865872735,4.414689214123428
CCN(CC)c1ccc2c(C#N)c(/C=C(\C#N)c3nc4ccccc4o3)c(=O)oc2c1,CS(C)=O,583.7715462110154,4.3868745272939815
CCN(CC)c1ccc2c(C#N)c(/C=C(\C#N)c3nc4ccccc4o3)c(=O)oc2c1,CCOC(C)=O,574.3636389067653,4.356778679239706
CCN(CC)c1ccc2c(C#N)c(/C=C(\C#N)c3nc4ccccc4o3)c(=O)oc2c1,CCO,583.6190883360343,4.316050778608237
CCN(CC)c1ccc2c(C#N)c(/C=C(\C#N)c3nc4ccccc4o3)c(=O)oc2c1,CO,587.2841781509157,4.431760442391024
CCN(CC)c1ccc2c(C#N)c(/C=C(\C#N)c3nc4ccccc4o3)c(=O)oc2c1,Cc1ccccc1,580.0718267681144,4.405590781332867
Cc1ccc(C2=C3C=C(I)C=[N+]3[B-](F)(F)n3cccc32)cc1,C1CCCCC1,519.5842305031067,4.632518956213359
Cc1ccc(C2=C3C=C(I)C=[N+]3[B-](F)(F)n3cccc32)cc1,CCOC(C)=O,521.3926971926537,4.540910856096498
Cc1ccc(C2=C3C=C(I)C=[N+]3[B-](F)(F)n3cccc32)cc1,CC#N,507.8400484712751,4.533174159541078
Cc1ccc(C2=C3C=C(I)C=[N+]3[B-](F)(F)n3cccc32)cc1,CCO,518.6014429100803,4.5251423461173115
Cc1ccc(C2=C3C=C(I)C=[N+]3[B-](F)(F)n3cccc32)cc1,CO,514.7797571671944,4.509150173948581
Cc1ccc(C2=C3C=C(I)C=[N+]3[B-](F)(F)n3cccc32)cc1,OCC(F)(F)F,511.51350815473387,4.506014064275562
Cc1ccc(C2=C3C=C(I)C=[N+]3[B-](F)(F)n3cc(I)cc32)cc1,C1CCCCC1,553.9273202286723,4.586146931907416
Cc1ccc(C2=C3C=C(I)C=[N+]3[B-](F)(F)n3cc(I)cc32)cc1,CCOC(C)=O,547.82237934392,4.508837166275845
Cc1ccc(C2=C3C=C(I)C=[N+]3[B-](F)(F)n3cc(I)cc32)cc1,CC#N,539.2260742549089,4.481186349219987
Cc1ccc(C2=C3C=C(I)C=[N+]3[B-](F)(F)n3cc(I)cc32)cc1,CCO,543.7990166482505,4.514969687202377
Cc1ccc(C2=C3C=C(I)C=[N+]3[B-](F)(F)n3cc(I)cc32)cc1,CO,534.8207105073391,4.509199975146236
Cc1ccc(C2=C3C=C(I)C=[N+]3[B-](F)(F)n3cc(I)cc32)cc1,OCC(F)(F)F,536.6802777761387,4.528228247572351
CCC1=C(C)C2=C(C)c3cc(I)c(I)n3[B-](F)(F)[N+]2=C1C,C1CCCCC1,524.8135106116193,4.58415875521669
CCC1=C(C)C2=C(C)c3cc(I)c(I)n3[B-](F)(F)[N+]2=C1C,CCOC(C)=O,518.6721461090926,4.371529394766285
CCC1=C(C)C2=C(C)c3cc(I)c(I)n3[B-](F)(F)[N+]2=C1C,CC(C)=O,512.3815054067945,4.299073155969872
CCC1=C(C)C2=C(C)c3cc(I)c(I)n3[B-](F)(F)[N+]2=C1C,CCO,515.8674650321174,4.37056700595505
CCC1=C(C)C2=C(C)c3cc(I)c(I)n3[B-](F)(F)[N+]2=C1C,CO,514.9691824826281,4.409151867708058
CCC1=C(C)C2=C(C)c3cc(I)c(I)n3[B-](F)(F)[N+]2=C1C,OCC(F)(F)F,505.75056922626874,4.267396093885945
CCOC(=O)C1=C(N)n2c(=O)c3ccccc3c(=O)n2C1c1ccc([N+](=O)[O-])cc1,CS(C)=O,358.28754302342276,4.200052157531315
CCC1(CC)c2cc(B(c3c(C)cc(C)cc3C)c3c(C)cc(C)cc3C)ccc2-c2ccc(N(c3ccccc3)c3ccc4c(c3)C(CC)(CC)c3cc(B(c5c(C)cc(C)cc5C)c5c(C)cc(C)cc5C)ccc3-4)cc21,CCCCCC,384.73577765410454,4.652396942354074
CCC1(CC)c2cc(B(c3c(C)cc(C)cc3C)c3c(C)cc(C)cc3C)ccc2-c2ccc(N(c3ccccc3)c3ccc4c(c3)C(CC)(CC)c3cc(B(c5c(C)cc(C)cc5C)c5c(C)cc(C)cc5C)ccc3-4)cc21,Cc1ccccc1,369.2546149496564,4.768044133039838
CCC1(CC)c2cc(B(c3c(C)cc(C)cc3C)c3c(C)cc(C)cc3C)ccc2-c2ccc(N(c3ccccc3)c3ccc4c(c3)C(CC)(CC)c3cc(B(c5c(C)cc(C)cc5C)c5c(C)cc(C)cc5C)ccc3-4)cc21,ClC(Cl)Cl,388.4522524612485,4.670280637454333
CCC1(CC)c2cc(B(c3c(C)cc(C)cc3C)c3c(C)cc(C)cc3C)ccc2-c2ccc(N(c3ccccc3)c3ccc4c(c3)C(CC)(CC)c3cc(B(c5c(C)cc(C)cc5C)c5c(C)cc(C)cc5C)ccc3-4)cc21,C1CCOC1,375.52382778826296,4.767637185076719
CCC1(CC)c2cc(B(c3c(C)cc(C)cc3C)c3c(C)cc(C)cc3C)ccc2-c2ccc(N(c3ccccc3)c3ccc4c(c3)C(CC)(CC)c3cc(B(c5c(C)cc(C)cc5C)c5c(C)cc(C)cc5C)ccc3-4)cc21,CC(C)=O,375.3365277568593,4.693453407879486
CCC1(CC)c2cc(B(c3c(C)cc(C)cc3C)c3c(C)cc(C)cc3C)ccc2-c2ccc(N(c3ccccc3)c3ccc4c(c3)C(CC)(CC)c3cc(B(c5c(C)cc(C)cc5C)c5c(C)cc(C)cc5C)ccc3-4)cc21,CN(C)C=O,387.1419179687571,4.634838031381209
CCC1(CC)c2cc(B(c3c(C)cc(C)cc3C)c3c(C)cc(C)cc3C)ccc2-c2ccc(N(c3ccccc3)c3ccc4c(c3)C(CC)(CC)c3cc(B(c5c(C)cc(C)cc5C)c5c(C)cc(C)cc5C)ccc3-4)cc21,CC#N,371.9611266569482,4.5666394970681115
COc1c(C)c2c(c(C)c1Cl)Oc1c(C=O)c(O)c(Cl)c(C)c1C(=O)O2,ClC(Cl)Cl,349.67173532801803,3.246503940757555
N#C/C(=C\c1cn(-c2ccccc2)nc1-c1ccc([N+](=O)[O-])cc1)c1nc2ccccc2s1,Cc1ccccc1,378.5803737753086,4.23387040881246
N#C/C(=C\c1cn(-c2ccccc2)nc1-c1ccc([N+](=O)[O-])cc1)c1nc2ccccc2s1,C1COCCO1,380.1893950603036,4.3602050384963835
N#C/C(=C\c1cn(-c2ccccc2)nc1-c1ccc([N+](=O)[O-])cc1)c1nc2ccccc2s1,C1CCOC1,384.37582954943394,4.094243118369837
N#C/C(=C\c1cn(-c2ccccc2)nc1-c1ccc([N+](=O)[O-])cc1)c1nc2ccccc2s1,ClC(Cl)Cl,386.51598431688694,4.142789155800767
N#C/C(=C\c1cn(-c2ccccc2)nc1-c1ccc([N+](=O)[O-])cc1)c1nc2ccccc2s1,CCOC(C)=O,379.3219416309212,4.091202586113388
N#C/C(=C\c1cn(-c2ccccc2)nc1-c1ccc([N+](=O)[O-])cc1)c1nc2ccccc2s1,CN(C)C=O,383.5994257882342,4.0973230321036915
N#C/C(=C\c1cn(-c2ccccc2)nc1-c1ccc([N+](=O)[O-])cc1)c1nc2ccccc2s1,CS(C)=O,385.0733040122578,4.036620256405011
CC1=NN(c2ccccc2)C(=O)/C1=C\c1cn(-c2ccccc2)nc1-c1ccc([N+](=O)[O-])cc1,Cc1ccccc1,363.88595996461834,4.453456805388903
CC1=NN(c2ccccc2)C(=O)/C1=C\c1cn(-c2ccccc2)nc1-c1ccc([N+](=O)[O-])cc1,C1COCCO1,368.1329775502767,4.46752132931128
CC1=NN(c2ccccc2)C(=O)/C1=C\c1cn(-c2ccccc2)nc1-c1ccc([N+](=O)[O-])cc1,C1CCOC1,363.1136379989234,4.45138580458504
CC1=NN(c2ccccc2)C(=O)/C1=C\c1cn(-c2ccccc2)nc1-c1ccc([N+](=O)[O-])cc1,ClC(Cl)Cl,365.5891625863227,4.428052139026486
CC1=NN(c2ccccc2)C(=O)/C1=C\c1cn(-c2ccccc2)nc1-c1ccc([N+](=O)[O-])cc1,CCOC(C)=O,361.00534999025086,4.523073299010995
CC1=NN(c2ccccc2)C(=O)/C1=C\c1cn(-c2ccccc2)nc1-c1ccc([N+](=O)[O-])cc1,CO,358.1710462043976,4.519148483447239
CC1=NN(c2ccccc2)C(=O)/C1=C\c1cn(-c2ccccc2)nc1-c1ccc([N+](=O)[O-])cc1,CCO,361.73290347293573,4.5494845673324615
CC1=NN(c2ccccc2)C(=O)/C1=C\c1cn(-c2ccccc2)nc1-c1ccc([N+](=O)[O-])cc1,CN(C)C=O,362.0261864182511,4.507255051148425
CC1=NN(c2ccccc2)C(=O)/C1=C\c1cn(-c2ccccc2)nc1-c1ccc([N+](=O)[O-])cc1,CS(C)=O,364.18317468538936,3.872781371136005
N#CC(C#N)=C(/C=C/c1cn(-c2ccccc2)nc1-c1ccc([N+](=O)[O-])cc1)c1ccccc1,Cc1ccccc1,397.5614479696535,4.344629513811174
N#CC(C#N)=C(/C=C/c1cn(-c2ccccc2)nc1-c1ccc([N+](=O)[O-])cc1)c1ccccc1,C1COCCO1,395.56319966705587,4.441976548464139
N#CC(C#N)=C(/C=C/c1cn(-c2ccccc2)nc1-c1ccc([N+](=O)[O-])cc1)c1ccccc1,C1CCOC1,394.9593345895039,4.376167791010097
N#CC(C#N)=C(/C=C/c1cn(-c2ccccc2)nc1-c1ccc([N+](=O)[O-])cc1)c1ccccc1,ClC(Cl)Cl,395.852557087751,4.481737662768975
N#CC(C#N)=C(/C=C/c1cn(-c2ccccc2)nc1-c1ccc([N+](=O)[O-])cc1)c1ccccc1,CCOC(C)=O,391.1667714886654,4.475580928655715
N#CC(C#N)=C(/C=C/c1cn(-c2ccccc2)nc1-c1ccc([N+](=O)[O-])cc1)c1ccccc1,CO,389.4744234426029,4.485554925473789
N#CC(C#N)=C(/C=C/c1cn(-c2ccccc2)nc1-c1ccc([N+](=O)[O-])cc1)c1ccccc1,CCO,394.53896903544296,4.479460845355473
N#CC(C#N)=C(/C=C/c1cn(-c2ccccc2)nc1-c1ccc([N+](=O)[O-])cc1)c1ccccc1,CN(C)C=O,398.8965388956776,4.496075948560121
N#CC(C#N)=C(/C=C/c1cn(-c2ccccc2)nc1-c1ccc([N+](=O)[O-])cc1)c1ccccc1,CS(C)=O,397.08123066680434,4.506287527662764
COc1cc(/C=C/C2=[O+][B-](F)(F)OC(/C=C/c3ccc(OS(=O)(=O)c4ccc(C)cc4)c(OC)c3)=C2)ccc1O,ClCCl,502.24249414536234,4.938810793630854
COc1cc(/C=C/C2=CC(/C=C/c3ccc(OS(=O)(=O)c4ccc(C)cc4)c(OC)c3)=[O+][B-](F)(F)O2)ccc1OS(=O)(=O)c1ccc(C)cc1,ClCCl,506.6160161374933,4.915117073372756
C#Cc1ccc2c(C)cc(=O)oc2c1,CCO,334.396668916969,3.8713164235920274
CCCCCCN1C(=O)c2cccc3c(-c4ccc(-c5cc(-c6ccc(Cl)cc6)nn5-c5ccccc5)s4)ccc(c23)C1=O,ClCCl,389.14607018537356,4.187864286731357
CCCCCCN1C(=O)c2cccc3c(-c4ccc(-c5cc(-c6ccc(Cl)cc6)n(-c6ccccc6)n5)s4)ccc(c23)C1=O,ClCCl,396.19379019128615,4.649938213991199
CCn1c2ccccc2c2cc(/C=C3\C(=O)c4ccccc4S3(=O)=O)ccc21,Cc1ccccc1,388.95594477637695,4.574745822345545
CCn1c2ccccc2c2cc(/C=C3\C(=O)c4ccccc4S3(=O)=O)ccc21,ClC(Cl)Cl,391.26728179619965,4.5753619606645275
CCn1c2ccccc2c2cc(/C=C3\C(=O)c4ccccc4S3(=O)=O)ccc21,ClCCl,384.9552694877285,4.667214291064554
CCn1c2ccccc2c2cc(/C=C3\C(=O)c4ccccc4S3(=O)=O)ccc21,C1CCOC1,385.8631658220362,4.637670241591816
CCn1c2ccccc2c2cc(/C=C3\C(=O)c4ccccc4S3(=O)=O)ccc21,CC(C)=O,381.88996608031186,4.632871544351213
CCn1c2ccccc2c2cc(/C=C3\C(=O)c4ccccc4S3(=O)=O)ccc21,C1COCCO1,385.28165685723,4.654279311850798
CCn1c2ccccc2c2cc(/C=C3\C(=O)c4ccccc4S3(=O)=O)ccc21,CCOC(C)=O,379.50782897352843,4.651705858026414
CCn1c2ccccc2c2cc(/C=C3\C(=O)c4ccccc4S3(=O)=O)ccc21,CN(C)C=O,374.39813984755534,4.448933416694296
CCn1c2ccccc2c2cc(/C=C3\C(=O)c4ccccc4S3(=O)=O)ccc21,CS(C)=O,385.3419961711781,4.641326496102029
CCn1c2ccccc2c2cc(/C=C3\C(=O)c4ccccc4S3(=O)=O)ccc21,CC#N,377.7709155966058,4.623405264683161
CCn1c2ccccc2c2cc(/C=C3\C(=O)c4ccccc4S3(=O)=O)ccc21,CO,375.1236368053993,4.541630160499836
CN(c1ccccc1)c1ccc(/C=C2\C(=O)c3ccccc3S2(=O)=O)cc1,Cc1ccccc1,391.2607621748956,4.562196065254594
CN(c1ccccc1)c1ccc(/C=C2\C(=O)c3ccccc3S2(=O)=O)cc1,ClC(Cl)Cl,391.6893757062439,4.518588821459198
CN(c1ccccc1)c1ccc(/C=C2\C(=O)c3ccccc3S2(=O)=O)cc1,ClCCl,395.23883756821834,4.58901251778445
CN(c1ccccc1)c1ccc(/C=C2\C(=O)c3ccccc3S2(=O)=O)cc1,C1CCOC1,390.10088841548065,4.5645845871343225
CN(c1ccccc1)c1ccc(/C=C2\C(=O)c3ccccc3S2(=O)=O)cc1,CC(C)=O,388.26097064770613,4.556263789281732
CN(c1ccccc1)c1ccc(/C=C2\C(=O)c3ccccc3S2(=O)=O)cc1,C1COCCO1,390.6717115772003,4.581865675080089
CN(c1ccccc1)c1ccc(/C=C2\C(=O)c3ccccc3S2(=O)=O)cc1,CCOC(C)=O,386.9127560927963,4.528070757842315
CN(c1ccccc1)c1ccc(/C=C2\C(=O)c3ccccc3S2(=O)=O)cc1,CN(C)C=O,382.199469943445,4.425976665521525
CN(c1ccccc1)c1ccc(/C=C2\C(=O)c3ccccc3S2(=O)=O)cc1,CS(C)=O,388.53188185318726,4.583199489721122
CN(c1ccccc1)c1ccc(/C=C2\C(=O)c3ccccc3S2(=O)=O)cc1,CC#N,388.7760301069778,4.538329931187976
CN(c1ccccc1)c1ccc(/C=C2\C(=O)c3ccccc3S2(=O)=O)cc1,CO,387.0227520430236,4.529072760471722
O=C1/C(=C\c2ccc(N(c3ccccc3)c3ccccc3)cc2)S(=O)(=O)c2ccccc21,Cc1ccccc1,422.9977551754641,4.656845276501252
O=C1/C(=C\c2ccc(N(c3ccccc3)c3ccccc3)cc2)S(=O)(=O)c2ccccc21,ClC(Cl)Cl,430.0042352949401,4.577671375883396
O=C1/C(=C\c2ccc(N(c3ccccc3)c3ccccc3)cc2)S(=O)(=O)c2ccccc21,ClCCl,418.5625186856009,4.550254559333269
O=C1/C(=C\c2ccc(N(c3ccccc3)c3ccccc3)cc2)S(=O)(=O)c2ccccc21,C1CCOC1,421.8849064506323,4.5828691882071375
O=C1/C(=C\c2ccc(N(c3ccccc3)c3ccccc3)cc2)S(=O)(=O)c2ccccc21,CC(C)=O,422.54069096687203,4.6418079920984
O=C1/C(=C\c2ccc(N(c3ccccc3)c3ccccc3)cc2)S(=O)(=O)c2ccccc21,C1COCCO1,419.66135616292263,4.561862218141357
O=C1/C(=C\c2ccc(N(c3ccccc3)c3ccccc3)cc2)S(=O)(=O)c2ccccc21,CCOC(C)=O,417.91826227251545,4.53520567937368
O=C1/C(=C\c2ccc(N(c3ccccc3)c3ccccc3)cc2)S(=O)(=O)c2ccccc21,CN(C)C=O,414.1201390536042,4.524471015842626
O=C1/C(=C\c2ccc(N(c3ccccc3)c3ccccc3)cc2)S(=O)(=O)c2ccccc21,CS(C)=O,421.9291201720021,4.649811314099606
O=C1/C(=C\c2ccc(N(c3ccccc3)c3ccccc3)cc2)S(=O)(=O)c2ccccc21,CC#N,419.04340170241824,4.596939319965066
O=C1/C(=C\c2ccc(N(c3ccccc3)c3ccccc3)cc2)S(=O)(=O)c2ccccc21,CO,426.17569551105714,4.662173154430205
Cc1cc(-c2ccc(C(C)(C)C)cc2)cc(C)[o+]1,ClCCl,362.34792941706337,4.432391658551724
Cc1cc(-c2ccc(C(C)(C)C)cc2)cc(C)[o+]1,CC#N,343.0151207157405,4.33862181018892
CCOC(=O)c1sc2nc(C)c(C)c(C#N)c2c1N,c1ccccc1,401.2788885308641,3.785927684448681
Cc1cc2nc3cc(C)c(N)cc3[n+](-c3ccccc3)c2cc1N,O,383.53898646092006,4.1496446985829145
Cc1cc2nc3cc(C)c(N)cc3[n+](-c3ccccc3)c2cc1N,CCO,400.40201196714247,4.189944956529099
O=C(O)CCCOc1cccc(-c2c3nc(cc4ccc([nH]4)c(-c4cccc(OCCCC(=O)O)c4)c4nc(cc5ccc2[nH]5)C=C4)C=C3)c1,CS(C)=O,633.0685969340269,3.769485763868718
COc1ccc(-c2c3nc(cc4ccc([nH]4)c(-c4ccc(OC)c(OCCCC(=O)O)c4)c4nc(cc5ccc2[nH]5)CC4)C=C3)cc1OCCCC(=O)O,CS(C)=O,655.7949716628825,4.554744228655399
c1ccc(-c2nc(-c3ccc(-c4nc(-c5ccccc5)c(-c5ccccc5)[nH]4)cc3)[nH]c2-c2ccccc2)cc1,CC#N,341.5224962364046,4.48502988734783
COc1ccc(-c2nc(-c3ccc(-c4nc(-c5ccc(OC)cc5)c(-c5ccc(OC)cc5)[nH]4)cc3)[nH]c2-c2ccc(OC)cc2)cc1,CC#N,331.88548331371214,4.451255793249205
c1ccc(-c2nc(-c3ccccc3)c(-c3ccccc3)[nH]2)cc1,CC#N,330.1611278650731,4.41200145994765
Cc1cc(-c2ccc(-c3ccccc3)cc2)cc(C)[o+]1,ClCCl,365.44223044981976,4.520822169102278
Cc1cc(-c2cccc3ccccc23)cc(C)[o+]1,ClCCl,353.8504125304386,4.103114877020468
CC(=O)c1ccc(-c2cc(C)[o+]c(C)c2)cc1,ClCCl,364.1714981248947,4.4232479108319485
O=C(/C=C/c1ccc(O)c(O)c1)O[C@H](Cc1ccc(O)c(O)c1)C(=O)O,O,320.5054999546113,3.523031521663057
O=C(/C=C/c1ccc(O)c(O)c1)O[C@H](Cc1ccc(O)c(O)c1)C(=O)O,CS(C)=O,342.32390333913463,3.6837643896282066
O=C(/C=C/c1ccc(O)c(O)c1)O[C@H](Cc1ccc(O)c(O)c1)C(=O)O,CN(C)C=O,344.05770380003673,3.554288801076369
O=C(/C=C/c1ccc(O)c(O)c1)O[C@H](Cc1ccc(O)c(O)c1)C(=O)O,CO,342.3195777610499,3.3851805764456504
O=C(/C=C/c1ccc(O)c(O)c1)O[C@H](Cc1ccc(O)c(O)c1)C(=O)O,CCO,336.1949842498547,3.4971742622696
O=C(/C=C/c1ccc(O)c(O)c1)O[C@H](Cc1ccc(O)c(O)c1)C(=O)O,CC#N,337.5287625004485,3.660939413546
O=C(/C=C/c1ccc(O)c(O)c1)O[C@H](Cc1ccc(O)c(O)c1)C(=O)O,CCCC#N,340.27393562458155,3.5534385808475903
O=C(/C=C/c1ccc(O)c(O)c1)O[C@H](Cc1ccc(O)c(O)c1)C(=O)O,C1CCOC1,341.49574266096715,3.590280975033541
O=C(/C=C/c1ccc(O)c(O)c1)O[C@H](Cc1ccc(O)c(O)c1)C(=O)O,ClCCl,346.7500386126809,3.5194563275112514
CN(C)c1ccc2cc(C(/C=C/c3cn(C)c4ccccc34)=C(C#N)C#N)c(=O)oc2c1,ClCCl,440.09605279806846,4.702202065494864
CN(C)c1ccc2cc(C(/C=C/c3cn(C)c4ccccc34)=C(C#N)C#N)c(=O)oc2c1,C1COCCO1,439.4905521992055,4.590623576579233
CN(C)c1ccc2cc(C(/C=C/c3cn(C)c4ccccc34)=C(C#N)C#N)c(=O)oc2c1,CN(C)C=O,455.0699867284358,4.575545517784984
CN(C)c1ccc2cc(C(/C=C/c3cn(C)c4ccccc34)=C(C#N)C#N)c(=O)oc2c1,CS(C)=O,462.2045620919894,4.657329305068516
CN(C)c1ccc2cc(C(/C=C/c3cn(C)c4ccccc34)=C(C#N)C#N)c(=O)oc2c1,C1CCOC1,437.23536731264835,4.600928064854108
c1ccc(-c2ccc(-c3ccc(-c4cc(-c5ccc(-c6ccc(-c7ccccc7)cc6)cc5)cc(-c5ccc(-c6ccc(-c7ccccc7)cc6)cc5)c4)cc3)cc2)cc1,C1COCCO1,290.31246485624933,4.970623321122934
c1ccc(-c2ccc(-c3ccc(-c4ccccc4)cc3)cc2)cc1,C1COCCO1,282.78318361788035,4.743814412241768
CCOC(=O)c1c(-c2c(Cl)c3cc(C)ccc3oc2=O)nn(-c2cccc(C)c2)c1C(=O)OCC,ClCCl,330.4992730559293,4.25432719594126
CCOC(=O)c1c(-c2cc3ccccc3oc2=O)nn(-c2ccc(OC)cc2)c1C(=O)OCC,ClCCl,322.37067422274913,4.4668717791462855
COC(=O)c1c(-c2cc3ccccc3oc2=O)nn(-c2cccc(F)c2)c1C(=O)OC,ClCCl,303.7788520493483,4.320875823631036
CCOC(=O)c1c(C(=O)OC)c(-c2cc3cc(OC)ccc3oc2=O)nn1-c1ccccc1,ClCCl,335.1023882316625,4.342367909912831
CCOC(=O)c1c(-c2cc3ccc(OC)cc3oc2=O)nn(-c2ccccc2)c1C(=O)OCC,ClCCl,340.52099364224273,4.637734586982321
CCOC(=O)c1c(-c2cc3cc4c(cc3oc2=O)OC(C)(C)CC4)nn(-c2cccc(Cl)c2)c1C(=O)OCC,ClCCl,341.2243063853139,4.463447544309568
Cc1c2ccc3c(C)[n+](C)ccc3c2cc[n+]1C,CC#N,385.7347299074303,3.90424559777096
Cc1cc2c(ccc3c[n+](C)c(C)cc32)c[n+]1C,CC#N,408.27991792188647,3.841296594497223
O=P(c1c2ccccc2cc2ccccc12)(c1c2ccccc2cc2ccccc12)c1c2ccccc2cc2ccccc12,C1CCOC1,427.314653975282,4.265819523279804
COc1ccc(N(c2ccc(OC)cc2)c2ccc(-c3ccc(C=C(C#N)C#N)cc3)cc2)cc1,ClC(Cl)Cl,476.4674869870554,4.668468818146805
CN(C)c1ccc(/C=C/C=C/C2=NC3C(=O)NC(N)=NC3N2[C@H]2C[C@H](O)[C@@H](CO)O2)cc1,C1COCCO1,411.4009068963088,4.498732488799629
CN(C)c1ccc(/C=C/C=C/C2=NC3C(=O)NC(N)=NC3N2[C@H]2C[C@H](O)[C@@H](CO)O2)cc1,CC#N,405.7388376984124,4.383123813542473
CN(C)c1ccc(/C=C/C=C/C2=NC3C(=O)NC(N)=NC3N2[C@H]2C[C@H](O)[C@@H](CO)O2)cc1,CO,404.7057152534677,4.567207010025926
C[N+](C)=c1ccc2c(-c3c(Cl)c(Cl)c(Cl)c(Cl)c3C(=O)O)c3ccc4cc(O)ccc4c3oc-2c1,O,580.2556888400577,4.44316516086642
COc1ccc(-c2cnc(-c3ccccc3)o2)cc1OC,ClCCl,324.8095876673126,4.324899409459666
COc1ccc(-c2cnc(-c3cccnc3)o2)cc1OC,ClCCl,322.8132208661651,4.337981793344364
N#Cc1ccc(/C=C/c2ncc(-c3ccccc3)o2)cc1,ClCCl,369.0673961791127,4.338728074150174
C(=C/c1cccc2ccccc12)\c1ncc(-c2ccccc2)o1,ClCCl,370.20179153350824,4.561509756632049
CN1CCN(c2cccc(/C=C/c3ncc(-c4ccc(OCc5ccccc5)c(OCc5ccccc5)c4)o3)c2)CC1,ClCCl,360.4958944048997,4.380157641637682
C(=C/c1ncc(-c2ccc(OCc3ccccc3)c(OCc3ccccc3)c2)o1)\c1cccc(N2CCN(c3ccccc3)CC2)c1,ClCCl,356.3423518115525,4.441529477342138
C(#Cc1ncc(-c2ccccc2)o1)c1cccnc1,ClCCl,324.7348651811492,4.595677158990548
CN(C)c1ccc(/C=C/c2cnc(-c3ccncc3)o2)cc1,ClCCl,403.6215766155481,4.516829562042622
CCC1(CC)c2ccccc2-c2c1c1c(c3c2C(CC)(CC)c2cc(/C=C/c4cccs4)ccc2-3)C(CC)(CC)c2cc(/C=C/c3cccs3)ccc2-1,C1CCOC1,382.8337984672341,4.66071786683521
CCN(CC)c1ccc(/N=N/c2cc3c(=O)[nH][nH]c(=O)c3cc2[N+](=O)[O-])cc1,CC(=O)O,513.8617094762253,4.645995055378253
CCN(CC)c1ccc(/N=N/c2cc3c(=O)[nH][nH]c(=O)c3cc2[N+](=O)[O-])cc1,CN(C)C=O,501.2459797178357,4.408194472244749
CCN(CC)c1ccc(/N=N/c2cc3c(=O)[nH][nH]c(=O)c3cc2[N+](=O)[O-])cc1,CS(C)=O,502.4630798751782,4.363450022713778
c1ccc(-c2nc(-c3ccc(-c4nc(-c5ccccc5)c(-c5ccccc5)o4)cc3)oc2-c2ccccc2)cc1,C1COCCO1,352.13473949214597,4.770989115014406
CC(C)(C)c1cc2c(c(C(C)(C)C)c1)O[B-](F)(F)[n+]1c-2nc(-c2ccccc2)c2cc(Cl)ccc21,Cc1ccccc1,408.1463688239376,3.595767391900473
COc1ccc2c(c1)-c1nc(-c3ccccc3)c3cc(Cl)ccc3[n+]1[B-](F)(F)O2,Cc1ccccc1,397.2768786888615,3.723933424222486
CCn1c2ccccc2c2cc(/C=C/c3cccc(/C=C/c4ccc5c(c4)c4ccccc4n5CC)[n+]3CCCS(=O)(=O)[O-])ccc21,Cc1ccccc1,444.25808710244826,4.497021728115677
CCn1c2ccccc2c2cc(/C=C/c3cccc(/C=C/c4ccc5c(c4)c4ccccc4n5CC)[n+]3CCCS(=O)(=O)[O-])ccc21,C1CCOC1,448.9959234077646,4.634469614675266
CCn1c2ccccc2c2cc(/C=C/c3cccc(/C=C/c4ccc5c(c4)c4ccccc4n5CC)[n+]3CCCS(=O)(=O)[O-])ccc21,CC(C)=O,443.6470585675478,4.617041312001376
CCn1c2ccccc2c2cc(/C=C/c3cccc(/C=C/c4ccc5c(c4)c4ccccc4n5CC)[n+]3CCCS(=O)(=O)[O-])ccc21,CC#N,437.1576280170584,4.645451294317469
Oc1cccc(C2=[N+]3C(=C(c4ccccc4)c4cccn4[B-]3(F)F)C=C2)c1,ClC(Cl)Cl,529.1045465800418,4.891824584703475
F[B-]1(F)n2cccc2C(c2ccccc2)=C2C=CC(c3cccc(OC4=[N+]5C(=C(c6ccccc6)c6cc(Br)c(-c7ccc[nH]7)n6[B-]5(F)F)C=C4Br)c3)=[N+]21,ClC(Cl)Cl,560.9676236184034,5.156913845344753
c1ccc2[nH]c(-c3ccc(-c4ccc(-c5ccc(-c6nc7ccccc7[nH]6)cc5)cc4)cc3)nc2c1,CN(C)C=O,347.8464788946334,4.597907955972942
Cc1ccc2[nH]c(-c3ccc(-c4ccc(-c5ccc(-c6nc7cc(C)ccc7[nH]6)cc5)cc4)cc3)nc2c1,CN(C)C=O,348.7104381070369,4.693787924315029
CC(=O)OC[C@H]1O[C@@H]([C@@H]2C=C(F)C(=S)NC2=O)[C@H](OC(C)=O)[C@@H]1OC(C)=O,ClC(Cl)(Cl)Cl,433.2010765940212,1.7893349350244585
c1ccc2c[n+]3ccccc3cc2c1,O,408.32381128794293,3.7456472529146394
Clc1ccc2cc3cccc[n+]3cc2c1,O,387.3809624154578,3.657717766291029
COc1c2ccccc2c(-c2ccccc2)c2ccccc12,ClC(Cl)Cl,368.02205022557735,4.098757028013383
COc1c2ccccc2c(-c2ccccc2)c2ccccc12,ClCCl,374.46191712096385,4.1038066125806445
COc1c2ccccc2c(-c2ccccc2)c2ccccc12,ClC(Cl)(Cl)Cl,372.7907687831014,4.104015585859003
COc1c2ccccc2c(-c2ccccc2)c2ccccc12,C1COCCO1,363.39966372435964,4.183514469591965
COc1c2ccccc2c(-c2ccccc2)c2ccccc12,CN(C)C=O,380.025835701683,4.121451685233289
COc1c2ccccc2c(-c2ccccc2)c2ccccc12,OCCO,369.6635696037264,4.030436767489233
COc1c2ccccc2c(-c2ccccc2)c2ccccc12,OCC(O)CO,369.61776973287823,4.031293500043168
Nc1ccc2c(c1)-c1ccccc1C2=O,C1CCCCC1,410.3992167770855,3.68316568986881
Nc1ccc2c(c1)-c1ccccc1C2=O,c1ccccc1,422.6284198787577,3.9268685470549745
Nc1ccc2c(c1)-c1ccccc1C2=O,CC#N,424.6228754869869,3.7209983916335743
Nc1ccc2c(c1)-c1ccccc1C2=O,CCO,434.0456972844599,3.974685366876494
Nc1cccc2c1-c1ccccc1C2=O,C1CCCCC1,401.9515971839022,3.3665926638286665
Nc1cccc2c1-c1ccccc1C2=O,c1ccccc1,432.298490344371,3.545330880745958
Nc1cccc2c1-c1ccccc1C2=O,CC#N,425.64777183256814,3.401633242362122
Nc1cccc2c1-c1ccccc1C2=O,CCO,433.1358334997155,3.5405928747578557
CNc1ccc2c(c1)-c1ccccc1C2=O,C1CCCCC1,428.973303767797,3.782979518670703
CNc1ccc2c(c1)-c1ccccc1C2=O,c1ccccc1,441.74875526255954,3.811907520273419
CNc1ccc2c(c1)-c1ccccc1C2=O,CC#N,445.0294480022031,3.776919619214564
CNc1ccc2c(c1)-c1ccccc1C2=O,CCO,450.94644814492506,3.834871932473145
CNc1cccc2c1-c1ccccc1C2=O,C1CCCCC1,425.03600882451025,3.0939732016088097
CNc1cccc2c1-c1ccccc1C2=O,c1ccccc1,458.46906599277617,3.0914319476143666
CNc1cccc2c1-c1ccccc1C2=O,CC#N,455.37097070294254,3.1443217240145422
CNc1cccc2c1-c1ccccc1C2=O,CCO,457.56664695297246,3.075941586278536
COc1ccc(C#Cc2nc(C#Cc3ccc(OC)cc3)c(C#Cc3ccc(OC)cc3)c(C#Cc3ccc(OC)cc3)c2C#Cc2ccc(OC)cc2)cc1,ClCCl,426.9315027696713,4.6095122500797
Fc1ccc(C#Cc2nc(C#Cc3ccc(F)cc3)c(C#Cc3ccc(F)cc3)c(C#Cc3ccc(F)cc3)c2C#Cc2ccc(F)cc2)cc1,ClCCl,412.8238408119644,4.476929061367196
COc1ccc(C#Cc2cc(C#Cc3ccc(OC)cc3)c(C#Cc3ccc(OC)cc3)c(C#Cc3ccc(OC)cc3)c2C#Cc2ccc(OC)cc2)cc1,ClCCl,376.78939692316203,4.923625643267362
O=C(NCc1cc(=O)oc2cc([O-])c(Br)cc12)c1cccnc1,O,383.98308331151094,3.993803020965384
Cc1c2ccncc2c(C)c2c1[nH]c1ccccc12,CO,329.470135518541,4.157418280224429
Cc1c2ccncc2c(C)c2c1[nH]c1ccccc12,CC#N,322.90425803267703,4.20788453099716
Cc1c2ccncc2c(C)c2c1[nH]c1ccccc12,CCO,329.6357826561794,4.180259573299111
Cc1c2ccncc2c(C)c2c1[nH]c1ccccc12,CC(C)O,332.7339717085438,4.2244425880424155
Cc1c2ccncc2c(C)c2c1[nH]c1ccccc12,CN(C)C=O,335.9743047575081,4.286736541854358
Cc1c2ccncc2c(C)c2c1[nH]c1ccccc12,CCCCO,331.18467715562934,4.222140282111843
Cc1c2ccncc2c(C)c2c1[nH]c1ccccc12,CS(C)=O,336.2853963328284,4.270524506352424
Cc1c2ccncc2c(C)c2c1[nH]c1ccccc12,CC(C)(C)O,331.0587728293534,4.23072021623629
Cc1c2ccncc2c(C)c2c1[nH]c1ccccc12,C1CCOC1,323.2922223815324,4.3008403025358035
Cc1c2ccncc2c(C)c2c1[nH]c1ccccc12,CCOC(C)=O,328.0662353966254,4.286903148839615
Cc1c2ccncc2c(C)c2c1[nH]c1ccccc12,CCC(C)(C)O,329.07879571857904,4.236184744454779
Cc1c2ccncc2c(C)c2c1[nH]c1ccccc12,CCOCC,323.34150396768865,4.306041276050715
Cc1c2ccncc2c(C)c2c1[nH]c1ccccc12,C1COCCO1,320.1218611838407,4.29350131005974
Cc1c2ccncc2c(C)c2c1[nH]c1ccccc12,Cc1ccccc1,331.69570795149696,4.059044941567592
Cc1c2ccncc2c(C)c2c1[nH]c1ccccc12,C1CCCCC1,331.4308475546662,4.415414424843888
Cc1c2ccncc2c(C)c2c1[nH]c1ccccc12,CCCCCC,329.0491792605364,4.313793927802768
C(#Cc1ccncc1)C(C#Cc1ccncc1)=Cc1ccc(C=C(C#Cc2ccncc2)C#Cc2ccncc2)s1,ClC(Cl)Cl,478.10694984036354,4.1253618661552345
C(#Cc1ccccc1)C(C#Cc1ccccc1)=Cc1ccc2cc(C=C(C#Cc3ccccc3)C#Cc3ccccc3)ccc2c1,ClC(Cl)Cl,376.279078722528,4.673040217149651
C(#Cc1ccccc1)C(C#Cc1ccccc1)=Cc1c2ccccc2c(C=C(C#Cc2ccccc2)C#Cc2ccccc2)c2ccccc12,ClC(Cl)Cl,451.10718368866156,4.558048021656304
CCCCCCCCCCCCC(CCCCCCCCCC)Cn1c2cc(/C=C/c3nc4ccccc4s3)c3cccc4c5cccc6c(/C=C/c7nc8ccccc8s7)cc1c(c65)c2c34,ClCCl,526.2784626427166,4.3607551422905235
CCCCCCCCCCCCC(CCCCCCCCCC)Cn1c2cc(/C=C/c3nc4ccccc4s3)c3cccc4c5cccc6c(/C=C/c7nc8ccccc8s7)cc1c(c65)c2c34,Cc1ccccc1,511.2040855524607,4.387359488050845
CCCCCCCCCCCCC(CCCCCCCCCC)Cn1c2cc(/C=C/c3nc4ccccc4s3)c3cccc4c5cccc6c(/C=C/c7nc8ccccc8s7)cc1c(c65)c2c34,CC#N,495.49565497517267,4.406214460833933
CCCCCCCCCCCCC(CCCCCCCCCC)Cn1c2cc(/C=C/c3nc4ccccc4s3)c3cccc4c5cccc6c(/C=C/c7nc8ccccc8s7)cc1c(c65)c2c34,C1CCCCC1,502.33750684317755,4.268725386078952
CCCCCCCCCCCCC(CCCCCCCCCC)Cn1c2cc(/C=C/C=C/c3nc4ccccc4s3)c3cccc4c5cccc6c(/C=C/C=C/c7nc8ccccc8s7)cc1c(c65)c2c34,ClCCl,617.2228667575605,4.498175395562066
CCCCCCCCCCCCC(CCCCCCCCCC)Cn1c2cc(/C=C/C=C/c3nc4ccccc4s3)c3cccc4c5cccc6c(/C=C/C=C/c7nc8ccccc8s7)cc1c(c65)c2c34,Cc1ccccc1,610.0371939401721,4.551348449061657
CCCCCCCCCCCCC(CCCCCCCCCC)Cn1c2cc(/C=C/C=C/c3nc4ccccc4s3)c3cccc4c5cccc6c(/C=C/C=C/c7nc8ccccc8s7)cc1c(c65)c2c34,CC#N,593.2103826487386,4.5464480329200665
CCCCCCCCCCCCC(CCCCCCCCCC)Cn1c2cc(/C=C/C=C/c3nc4ccccc4s3)c3cccc4c5cccc6c(/C=C/C=C/c7nc8ccccc8s7)cc1c(c65)c2c34,C1CCCCC1,612.7731720854573,4.429964682296435
CCCCCCCCCCCCC(CCCCCCCCCC)Cn1c2cc(C=C(C#N)C#N)c3cccc4c5cccc6c(C=C(C#N)C#N)cc1c(c65)c2c34,ClCCl,544.4346953524821,4.656184528754946
CCCCCCCCCCCCC(CCCCCCCCCC)Cn1c2cc(C=C(C#N)C#N)c3cccc4c5cccc6c(C=C(C#N)C#N)cc1c(c65)c2c34,Cc1ccccc1,520.0418916664778,4.722567770520433
CCCCCCCCCCCCC(CCCCCCCCCC)Cn1c2cc(C=C(C#N)C#N)c3cccc4c5cccc6c(C=C(C#N)C#N)cc1c(c65)c2c34,CC#N,512.047373252254,4.646251351552749
CCCCCCCCCCCCC(CCCCCCCCCC)Cn1c2cc(C=C(C#N)C#N)c3cccc4c5cccc6c(C=C(C#N)C#N)cc1c(c65)c2c34,C1CCCCC1,537.6398497665542,4.6029087523709045
F[B-]1(F)OC(c2ccccc2)=C(c2ccccc2)c2oc3ccccc3[n+]21,C1CCOC1,354.1269682402702,3.8007070084161634
CN(C)c1ccc(C2=C(c3ccccc3)c3oc4ccccc4[n+]3[B-](F)(F)O2)cc1,C1CCOC1,428.2896803748265,4.462232670051604
F[B-]1(F)OC(c2ccccc2)=C(c2ccccc2)c2sc3ccccc3[n+]21,C1CCOC1,375.6634464473683,3.74493560049336
COC(=O)C[C@H](NC(=O)[C@H](Cc1c[nH]c2ccccc12)NC(=O)OC(C)(C)C)C(=O)OC,CCOC(C)=O,288.7303659192471,4.438125715627632
COC(=O)C[C@H](NC(=O)[C@H](Cc1c[nH]c2ccccc12)NC(=O)OC(C)(C)C)C(=O)OC,CC#N,286.67800413474254,4.375678025717512
COC(=O)C[C@H](NC(=O)[C@H](Cc1c[nH]c2ccccc12)NC(=O)OC(C)(C)C)C(=O)OC,CO,283.8443129307567,4.426479511995023
Oc1ccccc1-c1nc2c(c3c1-c1ccccc1CC3)-c1ccccc1CC2,ClCCl,327.90680158935726,3.9844333407871537
CCCCn1c2ccccc2c2cc(C#Cc3ccc4ccc5cccc6ccc3c4c56)ccc21,ClCCl,393.6355983059522,4.805257006168031
CCCCCCCCN1c2ccccc2Sc2cc(/C=C/c3ccc(N(c4ccc(/C=C/c5ccc6c(c5)Sc5ccccc5N6CCCCCCCC)cc4)c4ccc(/C=C/c5ccc(/C=C/c6ccc(N(c7ccc(/C=C/c8ccc9c(c8)Sc8ccccc8N9CCCCCCCC)cc7)c7ccc(/C=C/c8ccc9c(c8)Sc8ccccc8N9CCCCCCCC)cc7)cc6)c6nsnc56)cc4)cc3)ccc21,Cc1ccccc1,533.5961781067267,4.56272873727282
CCCCCCCCN1c2ccccc2Sc2cc(/C=C/c3ccc(N(c4ccc(/C=C/c5ccc6c(c5)Sc5ccccc5N6CCCCCCCC)cc4)c4ccc(/C=C/c5ccc(/C=C/c6ccc(N(c7ccc(/C=C/c8ccc9c(c8)Sc8ccccc8N9CCCCCCCC)cc7)c7ccc(/C=C/c8ccc9c(c8)Sc8ccccc8N9CCCCCCCC)cc7)cc6)c6nsnc56)cc4)cc3)ccc21,CCOC(C)=O,529.1153605252537,4.481772386124914
CCCCCCCCN1c2ccccc2Sc2cc(/C=C/c3ccc(N(c4ccc(/C=C/c5ccc6c(c5)Sc5ccccc5N6CCCCCCCC)cc4)c4ccc(/C=C/c5ccc(/C=C/c6ccc(N(c7ccc(/C=C/c8ccc9c(c8)Sc8ccccc8N9CCCCCCCC)cc7)c7ccc(/C=C/c8ccc9c(c8)Sc8ccccc8N9CCCCCCCC)cc7)cc6)c6nsnc56)cc4)cc3)ccc21,C1CCOC1,533.4670233460517,4.567280364132897
CCCCCCCCN1c2ccccc2Sc2cc(/C=C/c3ccc(N(c4ccc(/C=C/c5ccc6c(c5)Sc5ccccc5N6CCCCCCCC)cc4)c4ccc(/C=C/c5ccc(/C=C/c6ccc(N(c7ccc(/C=C/c8ccc9c(c8)Sc8ccccc8N9CCCCCCCC)cc7)c7ccc(/C=C/c8ccc9c(c8)Sc8ccccc8N9CCCCCCCC)cc7)cc6)c6nsnc56)cc4)cc3)ccc21,ClC(Cl)Cl,537.5352920431097,4.5821572101696
CCCCCCCCN1c2ccccc2Sc2cc(/C=C/c3ccc(N(c4ccc(/C=C/c5ccc6c(c5)Sc5ccccc5N6CCCCCCCC)cc4)c4ccc(/C=C/c5ccc(/C=C/c6ccc(N(c7ccc(/C=C/c8ccc9c(c8)Sc8ccccc8N9CCCCCCCC)cc7)c7ccc(/C=C/c8ccc9c(c8)Sc8ccccc8N9CCCCCCCC)cc7)cc6)c6nsnc56)cc4)cc3)ccc21,ClCCl,532.9328269542564,4.571713358136373
CCCCCCCCN1c2ccccc2Sc2cc(/C=C/c3ccc(N(c4ccc(/C=C/c5ccc6c(c5)Sc5ccccc5N6CCCCCCCC)cc4)c4ccc(/C=C/c5ccc(/C=C/c6ccc(N(c7ccc(/C=C/c8ccc9c(c8)Sc8ccccc8N9CCCCCCCC)cc7)c7ccc(/C=C/c8ccc9c(c8)Sc8ccccc8N9CCCCCCCC)cc7)cc6)c6nsnc56)cc4)cc3)ccc21,CN(C)C=O,533.4092906304583,4.578734531055003
Oc1c(-c2nc3c4ccccc4c4ccccc4c3[nH]2)cc2c3c1CCCN3CCC2,CCCCCC,396.5279942304336,4.64852205461652
Oc1c(-c2nc3c4ccccc4c4ccccc4c3[nH]2)cc2c3c1CCCN3CCC2,Cc1ccccc1,403.4735974641186,4.55922065624971
Oc1c(-c2nc3c4ccccc4c4ccccc4c3[nH]2)cc2c3c1CCCN3CCC2,C1CCOC1,398.02207827983136,4.6006006577068606
Oc1c(-c2nc3c4ccccc4c4ccccc4c3[nH]2)cc2c3c1CCCN3CCC2,ClCCl,406.60939466756224,4.647008156095115
Oc1c(-c2nc3c4ccccc4c4ccccc4c3[nH]2)cc2c3c1CCCN3CCC2,CO,402.9073561647343,4.619946713510826
Oc1c(-c2nc3c4ccccc4c4ccccc4c3[nH]2)cc2c3c1CCCN3CCC2,CC#N,398.22884341261636,4.668172814878646
Oc1c(-c2nc3c4ccccc4c4ccccc4c3[nH]2)cc2c3c1CCCN3CCC2,CS(C)=O,410.8320214935577,4.651928561456978
CCN(CC)c1ccc(-c2nc3c4ccc(-c5ccccc5)cc4c4cc(-c5ccccc5)ccc4c3[nH]2)c(O)c1,CCCCCC,397.30642326229724,4.745913551717247
CCN(CC)c1ccc(-c2nc3c4ccc(-c5ccccc5)cc4c4cc(-c5ccccc5)ccc4c3[nH]2)c(O)c1,Cc1ccccc1,402.90464955301366,4.735987067738128
CCN(CC)c1ccc(-c2nc3c4ccc(-c5ccccc5)cc4c4cc(-c5ccccc5)ccc4c3[nH]2)c(O)c1,C1CCOC1,400.5740318314534,4.769175794254134
CCN(CC)c1ccc(-c2nc3c4ccc(-c5ccccc5)cc4c4cc(-c5ccccc5)ccc4c3[nH]2)c(O)c1,ClCCl,407.0821047171169,4.803921907151759
CCN(CC)c1ccc(-c2nc3c4ccc(-c5ccccc5)cc4c4cc(-c5ccccc5)ccc4c3[nH]2)c(O)c1,CO,402.73849297229157,4.72075220662594
CCN(CC)c1ccc(-c2nc3c4ccc(-c5ccccc5)cc4c4cc(-c5ccccc5)ccc4c3[nH]2)c(O)c1,CC#N,401.150515124612,4.776098576793523
CCN(CC)c1ccc(-c2nc3c4ccc(-c5ccccc5)cc4c4cc(-c5ccccc5)ccc4c3[nH]2)c(O)c1,CS(C)=O,409.357871358195,4.777087473368554
Oc1c(-c2nc3c4ccc(-c5ccccc5)cc4c4cc(-c5ccccc5)ccc4c3[nH]2)cc2c3c1CCCN3CCC2,CCCCCC,399.21038708940165,4.682560205410453
Oc1c(-c2nc3c4ccc(-c5ccccc5)cc4c4cc(-c5ccccc5)ccc4c3[nH]2)cc2c3c1CCCN3CCC2,Cc1ccccc1,408.67882123266133,4.65405270102514
Oc1c(-c2nc3c4ccc(-c5ccccc5)cc4c4cc(-c5ccccc5)ccc4c3[nH]2)cc2c3c1CCCN3CCC2,C1CCOC1,404.3242486479926,4.709027742030252
Oc1c(-c2nc3c4ccc(-c5ccccc5)cc4c4cc(-c5ccccc5)ccc4c3[nH]2)cc2c3c1CCCN3CCC2,ClCCl,412.9157593462652,4.7427412534151285
Oc1c(-c2nc3c4ccc(-c5ccccc5)cc4c4cc(-c5ccccc5)ccc4c3[nH]2)cc2c3c1CCCN3CCC2,CO,408.2316239677206,4.689869349729549
Oc1c(-c2nc3c4ccc(-c5ccccc5)cc4c4cc(-c5ccccc5)ccc4c3[nH]2)cc2c3c1CCCN3CCC2,CC#N,402.63848585700566,4.751731518293818
Oc1c(-c2nc3c4ccc(-c5ccccc5)cc4c4cc(-c5ccccc5)ccc4c3[nH]2)cc2c3c1CCCN3CCC2,CS(C)=O,415.08247860138533,4.734972483658313
NS(=O)(=O)c1ccc(N2N=C(c3ccc(O)cc3)CC2c2ccc(Cl)cc2)cc1,C1COCCO1,361.06005730151924,5.590778912597088
NS(=O)(=O)c1ccc(N2N=C(c3ccc(O)cc3)CC2c2ccc(Cl)cc2)cc1,C1CCOC1,361.5480725215082,5.57063346888015
NS(=O)(=O)c1ccc(N2N=C(c3ccc(O)cc3)CC2c2ccc(Cl)cc2)cc1,CCOC(C)=O,361.57466357522566,5.566315435505481
NS(=O)(=O)c1ccc(N2N=C(c3ccc(O)cc3)CC2c2ccc(Cl)cc2)cc1,CN(C)C=O,364.802563712614,5.582578737478231
NS(=O)(=O)c1ccc(N2N=C(c3ccc(O)cc3)CC2c2ccc(Cl)cc2)cc1,CS(C)=O,368.46108389950837,5.559357667308167
NS(=O)(=O)c1ccc(N2N=C(c3ccc(O)cc3)CC2c2ccc(Cl)cc2)cc1,CC#N,360.8952915316698,5.646778179541204
NS(=O)(=O)c1ccc(N2N=C(c3ccc(O)cc3)CC2c2ccc(Cl)cc2)cc1,CC(C)O,361.4127919421583,5.627373187194572
NS(=O)(=O)c1ccc(N2N=C(c3ccc(O)cc3)CC2c2ccc(Cl)cc2)cc1,CCO,361.9349804791838,5.631696647506872
NS(=O)(=O)c1ccc(N2N=C(c3ccc(O)cc3)CC2c2ccc(Cl)cc2)cc1,CO,358.35927761027324,5.6185329228719905
NS(=O)(=O)c1ccc(N2N=C(c3ccc(O)cc3)CC2c2ccc(Cl)cc2)cc1,O,360.9978114827795,5.255306901874981
CCCCN1C(=O)c2cccc3c(N(C)C)ccc(c23)C1=O,Cc1ccccc1,369.6506116219783,4.229809196216258
CCCCN1C(=S)c2cccc3c(N(C)C)ccc(c23)C1=S,Cc1ccccc1,495.36631268943626,4.234629022334035
CSc1nccc(/C=C/c2ccc(N(c3ccccc3)c3ccc(/C=C/c4ccnc(SC)n4)cc3)cc2)n1,ClCCl,421.3316403227934,4.667449422182292
CN(C)c1ccc2nc(-c3ccccc3)c(=O)oc2c1,c1ccccc1,412.6624911236515,4.2947800955531985
O=c1oc2ccc3ccc(O)cc3c2nc1-c1ccccc1,c1ccccc1,411.55768722395703,4.070564231741264
O=c1oc2cc3ccccc3cc2nc1-c1ccccc1,c1ccccc1,392.9610019006286,4.294123815985542
O=c1oc2c(ccc3ccccc32)nc1-c1ccccc1,c1ccccc1,400.28029257515516,4.283440111398839
CCCCn1c(-c2ccc(-c3ccc(-c4ccc(-c5n(CCCC)c6ccccc6[n+]5CCCC)cc4)cc3)cc2)[n+](CCCC)c2ccccc21,O,311.8615072424665,4.658623919130065
CCCCn1c(-c2ccc(-c3ccc(-c4ccc(-c5n(CCCC)c6cc(C)ccc6[n+]5CCCC)cc4)cc3)cc2)[n+](CCCC)c2ccc(C)cc21,O,324.15311243376306,4.687031531683392
COc1ccc2cc(C3=[N+]4C(=Nc5c(-c6ccccc6)cc(-c6ccc7cc(OC)ccc7c6)n5[B-]4(F)F)C(c4ccccc4)=C3)ccc2c1,ClCCl,715.6229922799911,4.99751947727679
COc1ccc(C2=[N+]3C(=Nc4c(-c5ccc6ccccc6c5)c(Br)c(-c5ccc(OC)cc5)n4[B-]3(F)F)C(c3ccc4ccccc4c3)=C2Br)cc1,ClCCl,692.041190729029,4.922385334761703
Cc1nc2c(ccc3c2sc(/C=C/c2cc4c5c(c2)CCCN5CCC4)[n+]3C)s1,CO,546.1533187850753,4.480338480664182
Cc1nc2c(ccc3c2sc(/C=C/c2cc4c5c(c2)CCCN5CCC4)[n+]3C)s1,ClC(Cl)Cl,574.8939597806236,4.632718070555022
CCCCCCC1(CCCCCC)c2cc(-c3nc(-c4ccc5c(c4)C(CCCCCC)(CCCCCC)c4cc(-n6c7ccc(C(C)(C)C)cc7c7cc(C(C)(C)C)ccc76)ccc4-5)nc(-c4ccc5c(c4)C(CCCCCC)(CCCCCC)c4cc(-n6c7ccc(C(C)(C)C)cc7c7cc(C(C)(C)C)ccc76)ccc4-5)n3)ccc2-c2ccc(-n3c4ccc(C(C)(C)C)cc4c4cc(C(C)(C)C)ccc43)cc21,C1CCOC1,385.46756295234337,4.386176680775912
CCCCCCC1(CCCCCC)c2cc(-c3nc(-c4ccc5c(c4)C(CCCCCC)(CCCCCC)c4cc(N6c7ccccc7Oc7ccccc76)ccc4-5)nc(-c4ccc5c(c4)C(CCCCCC)(CCCCCC)c4cc(N6c7ccccc7Oc7ccccc76)ccc4-5)n3)ccc2-c2ccc(N3c4ccccc4Oc4ccccc43)cc21,C1CCOC1,399.1395713753524,4.096457489821002
CC[N+]1(CC)CN2C(C)=CC(C)=C(C(=O)O)C2=N1,O,350.84335440711686,3.6167957621903097
CC[N+]1(CC)CN2C(=N1)C(C(=O)O)=Cc1ccccc12,O,377.5134311855265,3.6255169233216944
CC[N+]1(CC)CN2C(=N1)C(C(=O)O)=Cc1cc(F)ccc12,O,392.0936359829416,3.687536111281405
CC[N+]1(CC)CN2C(=N1)C(C(=O)O)=Cc1ccc(Cl)cc12,O,368.97116456839785,3.6162209409564867
CC[N+]1(CC)CN2C(=N1)C(C(=O)O)=Cc1ccc(OC)cc12,O,374.63415888993086,3.60982735719524
CC[N+]1(CC)CN2C(=N1)C(C(=O)[O-])=Cc1ccccc12,O,362.6970510748513,3.66684782908308
CC[N+]1(CC)CN2C(C)=CC(C)=C(C(=O)O)C2=N1,CN(C)C=O,368.58781333605486,3.5317557942386837
CC[N+]1(CC)CN2C(=N1)C(C(=O)O)=Cc1ccccc12,CN(C)C=O,381.0965100401885,3.6193887529901634
CC[N+]1(CC)CN2C(=N1)C(C(=O)[O-])=Cc1ccccc12,CN(C)C=O,376.0759828301126,3.5748675314937266
CN1/C(=C/C=C(/C=C/c2sc3ccccc3[n+]2C)c2ccccc2)Sc2ccccc21,CS(C)=O,647.4796603768248,5.374366098698001
CN1/C(=C/C=C(/C=C/c2sc3ccccc3[n+]2C)c2ccccc2)Sc2ccccc21,CO,638.6775090278298,5.327551959873094
CN1/C(=C/C=C(/C=C/c2sc3ccccc3[n+]2C)c2ccccc2)Sc2ccccc21,CCO,644.2314262719368,5.214398863093764
CN1/C(=C/C=C(/C=C/c2sc3ccccc3[n+]2C)c2ccccc2)Sc2ccccc21,O,636.5392607651686,5.06802711928229
CN1/C(=C/C=C(/C=C/c2sc3ccccc3[n+]2C)c2ccc(C(F)(F)F)cc2)Sc2ccccc21,CS(C)=O,642.1936289338737,5.288363826165735
CN1/C(=C/C=C(/C=C/c2sc3ccccc3[n+]2C)c2ccc(C(F)(F)F)cc2)Sc2ccccc21,CO,633.5697764133315,5.391327666645877
CN1/C(=C/C=C(/C=C/c2sc3ccccc3[n+]2C)c2ccc(C(F)(F)F)cc2)Sc2ccccc21,CCO,640.5151171119305,5.285264538264539
CN1/C(=C/C=C(/C=C/c2sc3ccccc3[n+]2C)c2ccc(C(F)(F)F)cc2)Sc2ccccc21,O,633.3654491063457,4.944982632720518
N#C/C(=C\c1ccc(Cl)cc1)c1nc2ccccc2s1,CO,354.6639525046462,1.0922918298459705
C(=C/c1nc2ccccc2o1)\c1ccccc1,CO,332.16598330067006,1.5063127569586139
c1cc(N2CCCC2)ccn1,ClC(Cl)Cl,373.87053808708856,4.385888432375504
c1cc(N2CCCC2)ccn1,CCO,364.06441506395566,4.403026485465735
c1cc(N2CCCC2)ccn1,CC#N,366.73030884293144,4.358113963676347
c1cc(N2CCCC2)ccn1,CN(C)C=O,362.502862622856,4.430137222733501
c1cc(N2CCCC2)ccn1,O,358.87118352309443,4.294991266741298
O=[N+]([O-])c1ccc(/N=N/c2cc3c4c(c2)CCCN4CCC3)cc1,CCOC(C)=O,478.02060392580626,4.3786158441344085
N#Cc1ccc(/N=N/c2cc3c4c(c2)CCCN4CCC3)cc1,CCOC(C)=O,479.3454622343091,4.368800691519555
FC(F)(F)c1cc(/N=N/c2cc3c4c(c2)CCCN4CCC3)cc(C(F)(F)F)c1,CCOC(C)=O,466.776166806559,4.316529859617362
COC(=O)c1cc(/N=N/c2cc3c4c(c2)CCCN4CCC3)cc(C(=O)OC)c1,CCOC(C)=O,443.6849905900354,4.312254350821476
CCOC(=O)c1c2c3c(ccc(C)c3c3cc4c(cc13)[Si](C)(C)O[Si]4(C)C)N(C)C2=O,CC#N,370.8193615676366,3.8394761101792785
COC(=O)C(N)Cc1ccc(O[Si]2(Oc3ccc(CC(N)C(=O)OC)cc3)n3c4c5ccccc5c3/N=C3\N=C(/N=c5/c6ccccc6/c(n52)=N/C2=N/C(=N\4)c4ccccc42)c2ccccc23)cc1,CN(C)C=O,681.8234501959532,5.352994890668254
CCN(CC)c1ccc2cc(-c3ccc(-c4ccc(-c5cc6ccccc6oc5=O)cc4)cc3)c(=O)oc2c1,ClCCl,395.9203473974751,5.264854621787075
CC1=CC(c2ccc3cc(N(C)C)ccc3c2)=[O+][B-](F)(F)O1,Cc1ccccc1,483.7005817670738,4.723736117833112
CC1=CC(c2ccc3cc(N(C)C)ccc3c2)=[O+][B-](F)(F)O1,ClCCl,499.7905789632031,4.769222285019836
CC1=CC(c2ccc3cc(N(C)C)ccc3c2)=[O+][B-](F)(F)O1,ClC(Cl)Cl,497.51730015460726,4.821814448160355
CC1=CC(c2ccc3cc(N(C)C)ccc3c2)=[O+][B-](F)(F)O1,C1CCOC1,485.7534154896498,4.756725531019742
CC1=CC(c2ccc3cc(N(C)C)ccc3c2)=[O+][B-](F)(F)O1,CC(C)=O,491.7992203462652,4.770512774608785
CC1=CC(c2ccc3cc(N(C)C)ccc3c2)=[O+][B-](F)(F)O1,CC#N,494.97673562505224,4.6985786801369
CC1=CC(c2ccc3cc(N(C)C)ccc3c2)=[O+][B-](F)(F)O1,CS(C)=O,512.9671461737887,4.729261391573478
CCN(CC)c1ccc2cc(/C=C/C(=C(C#N)C#N)c3ccc(N(c4ccccc4)c4ccccc4)cc3)c(=O)oc2c1,Cc1ccccc1,508.9186238657042,4.550299440107474
CCN(CC)c1ccc2cc(/C=C/C(=C(C#N)C#N)c3ccc(N(c4ccccc4)c4ccccc4)cc3)c(=O)oc2c1,ClCCl,524.5962940820746,4.602242650046137
CCN(CC)c1ccc2cc(/C=C/C(=C(C#N)C#N)c3ccc(N(c4ccccc4)c4ccccc4)cc3)c(=O)oc2c1,CCOC(C)=O,503.68906872043476,4.596439046764495
CCN(CC)c1ccc2cc(/C=C/C(=C(C#N)C#N)c3ccc(N(c4ccccc4)c4ccccc4)cc3)c(=O)oc2c1,CC(C)=O,508.71435281623684,4.608691425763086
CCN(CC)c1ccc2cc(/C=C/C(=C(C#N)C#N)c3ccc(N(c4ccccc4)c4ccccc4)cc3)c(=O)oc2c1,CN(C)C=O,529.5405110938,4.54857569999769
CCN(CC)c1ccc2cc(/C=C/C(=C(C#N)C#N)c3ccc(N(c4ccccc4)c4ccccc4)cc3)c(=O)oc2c1,CS(C)=O,537.052965083319,4.55612898415099
CC(=O)c1ccc(/N=N/c2ccc(Nc3ccccc3)cc2)cc1,CS(C)=O,458.42651655632693,3.264179404260931
CC(=O)c1ccc(/N=N/c2ccc(Nc3ccccc3)cc2)cc1,CC#N,446.36310983098787,3.6257840010122835
CC(=O)c1ccc(/N=N/c2ccc(Nc3ccccc3)cc2)cc1,CN(C)C=O,456.04176503764467,3.3463184931511325
CC(=O)c1ccc(/N=N/c2ccc(Nc3ccccc3)cc2)cc1,CO,442.4223284842665,2.870899726257887
CC(=O)c1ccc(/N=N/c2ccc(Nc3ccccc3)cc2)cc1,ClCCl,457.2816932458044,3.196262582280233
CC(=O)c1ccc(/N=N/c2ccc(Nc3ccccc3)cc2)cc1,C1CCOC1,455.6574277360201,3.205488810407096
CC(=O)c1ccc(/N=N/c2ccc(Nc3ccccc3)cc2)cc1,CC(=O)O,448.38076228932186,2.971019489623804
CC(=O)c1ccc(/N=N/c2ccc(Nc3ccccc3)cc2)cc1,ClC(Cl)Cl,448.7125855415429,3.456674546275702
CC(=O)c1ccc(/N=N/c2ccc(Nc3ccccc3)cc2)cc1,Cc1ccccc1,455.70186805017255,3.0186445576490453
C#CCOc1ccc(-c2cc(-c3ccccc3)c3n2[B-](F)(F)[N+]2=C(c4ccc(OCCCS(=O)(=O)[O-])cc4)C=C(c4ccccc4)C2=N3)cc1,O,704.3312832181631,4.836140224860264
O=S(=O)([O-])CCCOc1ccc(C2=[N+]3C(=Nc4c(-c5ccccc5)cc(-c5ccc(OCc6cn([C@@H]7O[C@H](CO)[C@@H](O)[C@@H](O)[C@H]7O)nn6)cc5)n4[B-]3(F)F)C(c3ccccc3)=C2)cc1,O,685.9618282626623,4.837538203993882
COc1ccc(C#Cc2ccc3nc4ccc(C#Cc5ccc(OC)cc5)cn4c(=O)c3c2)cc1,ClCCl,377.2971147762768,5.334112910390865
O=c1c2cc(C#Cc3ccc(Cl)cc3)ccc2nc2ccc(C#Cc3ccc(Cl)cc3)cn12,ClCCl,377.23811314110065,5.2801543890733225
Cc1ccc(C#Cc2ccc3nc4ccc(C#Cc5ccc(C)cc5)cn4c(=O)c3c2)cc1,ClCCl,375.5859735936366,5.287209335633806
COc1ccc2cc(C3=[N+]4C(=Nc5c(-c6ccccc6)cc(-c6ccc7cc(OC)ccc7c6)n5[B-]4(F)F)C(c4ccccc4)=C3)ccc2c1,ClC(Cl)Cl,720.8745691183134,4.967757283001098
O=C1O/C(=C\c2cccs2)c2ccccc21,CC#N,347.17495164948264,4.370761830754762
CCCCCCc1ccc(-n2c3[n+](c4c5ccccc5c5ccccc5c42)[B-](C)(C)c2ccc4ccccc4c2-3)cc1,Cc1ccccc1,361.26969781858025,3.861231762470771
CCCCCCc1ccc(-n2c3[n+](c4c5ccccc5c5ccccc5c42)[B-](C)(C)c2ccc4ccccc4c2-3)cc1,C1CCOC1,351.96757965234497,3.982497913930196
CCCCCCc1ccc(-n2c3[n+](c4c5ccccc5c5ccccc5c42)[B-](C)(C)c2ccc4ccccc4c2-3)cc1,ClCCl,353.98575561814226,4.089946032974422
CCCCCCc1ccc(-n2c3[n+](c4c5ccccc5c5ccccc5c42)[B-](C)(C)c2ccc4ccccc4c2-3)cc1,CC#N,351.59700512752397,3.9427351398869357
CCCCCCc1ccc(-n2c3[n+](c4c5ccccc5c5ccccc5c42)[B-](C)(C)c2cc(-n4c5ccccc5c5ccccc54)ccc2-3)cc1,Cc1ccccc1,371.26000795709626,4.076799746899126
CCCCCCc1ccc(-n2c3[n+](c4c5ccccc5c5ccccc5c42)[B-](C)(C)c2cc(-n4c5ccccc5c5ccccc54)ccc2-3)cc1,C1CCOC1,363.30343836448014,4.16707528057061
CCCCCCc1ccc(-n2c3[n+](c4c5ccccc5c5ccccc5c42)[B-](C)(C)c2cc(-n4c5ccccc5c5ccccc54)ccc2-3)cc1,ClCCl,365.8269568659469,4.28104009345623
CCCCCCc1ccc(-n2c3[n+](c4c5ccccc5c5ccccc5c42)[B-](C)(C)c2cc(-n4c5ccccc5c5ccccc54)ccc2-3)cc1,CC#N,363.9190581379691,4.236768303058187
CCC1(CC)c2cc(/C=C/c3ccc(/C=C/c4ccc5c(c4)C(CC)(CC)c4cc(N6c7ccccc7Sc7ccccc76)ccc4-5)cc3)ccc2-c2ccc(N3c4ccccc4Sc4ccccc43)cc21,ClCCl,400.6025012612034,4.626318625701135
CCC1(CC)c2cc(/C=C/c3cc(C#N)c(/C=C/c4ccc5c(c4)C(CC)(CC)c4cc(N6c7ccccc7Sc7ccccc76)ccc4-5)cc3C#N)ccc2-c2ccc(N3c4ccccc4Sc4ccccc43)cc21,ClCCl,422.1118477173235,4.53120964429842
CCCCCCCCCCCCOc1cc(/C=C/c2ccc3c(c2)C(CC)(CC)c2cc(N4c5ccccc5Sc5ccccc54)ccc2-3)c(OCCCCCCCCCCCC)cc1/C=C/c1ccc2c(c1)C(CC)(CC)c1cc(N3c4ccccc4Sc4ccccc43)ccc1-2,ClCCl,429.4089979329249,4.470227526030106
N#Cc1ccc(N)cc1,O,310.671823249112,3.726859122478674
CCOC(=O)c1ccc2nc(N)sc2c1,CC#N,327.308821673318,3.761689135832066
CCOC(=O)c1ccc2nc(N)sc2c1,ClCCl,323.9115926562509,3.7335503918587456
COc1cnc(-c2cc[n+](C3=C(F)C(F)(F)C(F)(F)[C-]3F)cc2)s1,ClCCl,424.6917893843711,4.148163723483134
COc1cnc(-c2cc[n+](C3=C(F)C(F)(F)C(F)(F)[C-]3F)cc2)s1,ClC(Cl)Cl,421.64747940758684,4.107953842138289
COc1cnc(-c2cc[n+](C3=C(F)C(F)(F)C(F)(F)[C-]3F)cc2)s1,CC#N,407.62394588058527,4.024374878155963
COc1cnc(-c2cc[n+](C3=C(F)C(F)(F)C(F)(F)[C-]3F)cc2)s1,CC(C)=O,413.8775972645069,4.133326892066561
COc1cnc(-c2cc[n+](C3=C(F)C(F)(F)C(F)(F)[C-]3F)cc2)s1,CCO,412.53330510879965,3.9087431180628616
COc1cnc(-c2cc[n+](C3=C(F)C(F)(F)C(F)(F)[C-]3F)cc2)s1,CO,407.4808892620195,4.026701370138575
COc1cnc(-c2cc[n+](C3=C(F)C(F)(F)C(F)(F)[C-]3F)cc2)s1,CN(C)C=O,413.5987599997607,3.936375022241077
COc1cnc(-c2cc[n+](C3=C(F)C(F)(F)C(F)(F)[C-]3F)cc2)s1,CS(C)=O,428.3131702328398,4.068352139603903
CCOC(=O)CN(CC(=O)OCC)c1ccc(-c2cc(-c3ccccn3)nc(-c3ccccn3)c2)cc1,c1ccccc1,328.1722745680555,4.387535386970876
CCOC(=O)CN(CC(=O)OCC)c1ccc(-c2cc(-c3ccccn3)nc(-c3ccccn3)c2)cc1,CCOC(C)=O,323.15539159500764,4.389187993495669
CCOC(=O)CN(CC(=O)OCC)c1ccc(-c2cc(-c3ccccn3)nc(-c3ccccn3)c2)cc1,CC#N,322.95438973244535,4.4495366208119265
CCOC(=O)CN(CC(=O)OCC)c1ccc(-c2cc(-c3ccccn3)nc(-c3ccccn3)c2)cc1,CN(C)C=O,329.6224683768145,4.45412586539468
CCOC(=O)CN(CC(=O)OCC)c1ccc(-c2cc(-c3ccccn3)nc(-c3ccccn3)c2)cc1,CS(C)=O,333.3672313394824,4.43697136981404
CCOC(=O)CN(CC(=O)OCC)c1ccc(-c2cc(-c3ccncc3)nc(-c3ccncc3)c2)cc1,c1ccccc1,335.34852112568706,4.43081108557908
CCOC(=O)CN(CC(=O)OCC)c1ccc(-c2cc(-c3ccncc3)nc(-c3ccncc3)c2)cc1,CCOC(C)=O,332.59554070816114,4.446507756471383
CCOC(=O)CN(CC(=O)OCC)c1ccc(-c2cc(-c3ccncc3)nc(-c3ccncc3)c2)cc1,CC#N,331.5266603594104,4.4682231499305525
CCOC(=O)CN(CC(=O)OCC)c1ccc(-c2cc(-c3ccncc3)nc(-c3ccncc3)c2)cc1,CN(C)C=O,339.7278438930531,4.461957940378955
CCOC(=O)CN(CC(=O)OCC)c1ccc(-c2cc(-c3ccncc3)nc(-c3ccncc3)c2)cc1,CS(C)=O,341.0307430168569,4.435878900134332
F[B-]1(F)OC(c2ccccc2)=Cc2ccc3ccccc3[n+]21,ClCCl,426.0719457080859,4.435784046309447
N#CC1=c2c3cccc4cccc(c43)n2[B-](F)(F)[n+]2ccccc21,ClCCl,505.5192008054178,4.489126899642601
CCCCCCCCCCCCNc1cccc2[n+]1[B-](F)(F)n1c(c3cccc4cccc1c43)=N2,ClCCl,473.8128384609328,4.540675417452294
OCCSc1cccc2[n+]1[B-](F)(F)n1c(c3cccc4cccc1c43)=N2,ClCCl,454.1624607561245,4.508493722527899
Cc1oc(-c2ccccc2)nc1C(=O)O,C1CCCCC1,285.3482014154521,4.200327719334399
Cc1oc(-c2ccccc2)nc1C(=O)O,CCOC(C)=O,283.28200028141043,4.17151460600132
Cc1oc(-c2ccccc2)nc1C(=O)O,CC#N,282.13725979445667,4.200213663195198
Cc1oc(-c2ccccc2)nc1C(=O)O,CCO,282.26940245444445,4.131087249175829
Cc1oc(-c2ccccc2)nc1C(=O)O,O,274.188572505258,4.1715350836459795
CSc1cc(-c2cc3cc4c5c(c3oc2=O)CCCN5CCC4)oc(=O)c1C#N,Cc1ccccc1,551.6266627611008,4.619035657311209
CSc1cc(-c2cc3cc4c5c(c3oc2=O)CCCN5CCC4)oc(=O)c1C#N,ClC(Cl)Cl,568.4809277215345,4.748314320386228
CSc1cc(-c2cc3cc4c5c(c3oc2=O)CCCN5CCC4)oc(=O)c1C#N,CCOC(C)=O,546.7891787635331,4.6536853335271395
CSc1cc(-c2cc3cc4c5c(c3oc2=O)CCCN5CCC4)oc(=O)c1C#N,ClCCl,574.0572729629943,4.732718206125771
CSc1cc(-c2cc3cc4c5c(c3oc2=O)CCCN5CCC4)oc(=O)c1C#N,CC(C)=O,553.8144551450044,4.705225412448818
CSc1cc(-c2cc3cc4c5c(c3oc2=O)CCCN5CCC4)oc(=O)c1C#N,C1CCOC1,540.0677367375029,4.701745913297229
CSc1cc(-c2cc3cc4c5c(c3oc2=O)CCCN5CCC4)oc(=O)c1C#N,CO,544.014057887082,4.480060286796347
CSc1cc(-c2cc3cc4c5c(c3oc2=O)CCCN5CCC4)oc(=O)c1C#N,CC#N,541.1664085676869,4.589487845161713
CSc1cc(-c2cc3cc4c5c(c3oc2=O)CCCN5CCC4)oc(=O)c1C#N,CN(C)C=O,558.0438703782254,4.678685010146433
CSc1cc(-c2cc3cc4c5c(c3oc2=O)CCCN5CCC4)oc(=O)c1C#N,CS(C)=O,566.5408434421719,4.625913124921383
C=CCNc1ccc2ccc3oc4cc(=[N+]5CCCC5)ccc-4nc3c2c1,ClCCl,586.7533697118977,4.616061804028447
C=CCNc1ccc2ccc3oc4cc(=[N+]5CCCC5)ccc-4nc3c2c1,CC#N,572.2544945336454,4.5253641360133745
C=CCNc1ccc2ccc3oc4cc(=[N+]5CCCC5)ccc-4nc3c2c1,CCO,579.2077237864971,4.5481344356989535
C=CCNc1ccc2ccc3oc4cc(=[N+]5CCCC5)ccc-4nc3c2c1,O,570.5373025423548,4.394700828242741
C=CCNc1ccc2ccc3oc4cc(=O)ccc-4nc3c2c1,ClCCl,444.6506465966642,4.193971943238645
C=CCNc1ccc2ccc3oc4cc(=O)ccc-4nc3c2c1,CC#N,441.4531981851965,4.177486914684104
C=CCNc1ccc2ccc3oc4cc(=O)ccc-4nc3c2c1,CCO,448.03201021217586,4.153433298012144
C=CCNc1ccc2ccc3oc4cc(=O)ccc-4nc3c2c1,O,451.0650460259932,3.854908258564126
Clc1ccc(-c2c3nc(c(-c4ccc(Cl)cc4)c4ccc([nH]4)c(-c4ccc(Cl)cc4)c4nc(c(-c5ccc(Cl)cc5)c5ccc2[nH]5)C=C4N2CCOCC2)C=C3)cc1,CS(C)=O,642.7594795560465,3.655365586803633
Cc1ccc(-c2c3nc(c(-c4ccc(C)cc4)c4ccc([nH]4)c(-c4ccc(C)cc4)c4nc(c(-c5ccc(C)cc5)c5ccc2[nH]5)C=C4N2CCOCC2)C=C3)cc1,CS(C)=O,654.7301793604721,3.7985153577438773
COc1ccc(C2=N/C(=C\c3ccccc3)C(=O)N2)cc1OC,C1COCCO1,394.9387880936014,4.327461331041586
O=C1OC(c2ccccc2)=N/C1=C\c1ccccc1,C1COCCO1,369.8261100761797,4.464808674536674
COC(=O)c1ccc(/C=C2\N=C(c3ccc(OC)c(OC)c3)OC2=O)cc1,C1COCCO1,382.2803182482834,4.627885961468408
CC(C)CN1C(=O)/C(=C/c2ccc(C#N)cc2)C=C1c1ccccc1,C1COCCO1,437.8591315339636,4.1568214618034105
COc1ccc(C2=C/C(=C\c3ccccc3)C(=O)N2)cc1OC,C1COCCO1,449.7238667863064,4.157756577426523
COC(=O)c1ccc(/C=C2\C=C(c3ccc(OC)c(OC)c3)NC2=O)cc1,C1COCCO1,456.6678658993614,4.245323843097985
COC(=O)c1ccc(/C=C2\C=C(c3ccc(C#N)cc3)N(CC(C)C)C2=O)cc1,C1COCCO1,451.5140114959927,4.169952208747291
CC(=O)Nc1ccc(C2=C/C(=C\c3ccc(C#N)cc3)C(=O)N2)cc1,C1COCCO1,444.9446249474159,4.175637161082539
CC(C)CN1C(=O)/C(=C/c2ccc([N+](=O)[O-])cc2)C=C1c1ccccc1,C1COCCO1,445.7094607563857,3.994049693370482
N#Cc1ccc(/C=C2\C=C(c3ccccc3)OC2=O)cc1,C1COCCO1,413.7806780619,4.4310635241054115
COc1ccc(C2=C/C(=C\c3ccc(C#N)cc3)C(=O)O2)cc1OC,C1COCCO1,429.28409374031014,4.4991451440921555
COC(=O)c1ccc(/C=C2\C=C(c3ccc([N+](=O)[O-])cc3)OC2=O)cc1,C1COCCO1,413.6808240920809,4.381223743184178
O=Cc1ccc(Oc2ccc3c4c(cccc24)C(=O)N(CCO)C3=O)cc1,ClC(Cl)Cl,356.79558738347276,4.277925031256322
CC(=O)OCCN1C(=O)c2cccc3c(Oc4ccc(C#N)cc4)ccc(c23)C1=O,ClC(Cl)Cl,347.81466214253606,4.307208049551481
CCCCCn1c2cc(/C=C/c3ccc(N(c4ccccc4)c4ccccc4)cc3)ccc2c2ccc(/C=C/c3ccc(N(c4ccccc4)c4ccccc4)cc3)cc21,Cc1ccccc1,403.2074212664398,5.190210857356281
C=C(C)C(CN1C(=O)c2cccc3c2c(cc2oc(C)nc23)C1=O)OO,CCO,359.06947877393605,4.049383617761099
Clc1nnc(Oc2ccc(N(c3ccccc3)c3ccccc3)cc2)nn1,ClCCl,521.7344928713733,2.89517449063829
CCCCCCCCCCCCOc1cc(C(=O)Nc2ccc(-c3ccc4c(c3)C(=O)c3ccccc3-4)cc2)cc(OCCCCCCCCCCCC)c1OCCCCCCCCCCCC,C1CCOC1,447.6377106416603,3.4319272765256037
COc1ccc(N(c2ccc(OC)cc2)c2ccc(-c3ccc4nc5ccccc5c(=O)n4c3)cc2)cc1,ClCCl,360.08776486110014,4.6710923987851025
F[B-]1(F)n2c(-c3ccccc3)cnc2-c2cccc[n+]21,CCCCCC,423.33271400298395,4.251215842148732
F[B-]1(F)n2c(-c3ccccc3)cnc2-c2cccc[n+]21,C1CCCCC1,424.41916701270395,4.3215439701023115
F[B-]1(F)n2c(-c3ccccc3)cnc2-c2cccc[n+]21,C1CCOC1,399.8413745416787,4.241101857474479
F[B-]1(F)n2c(-c3ccccc3)cnc2-c2cccc[n+]21,ClC(Cl)Cl,405.52999728828036,4.335398299685363
F[B-]1(F)n2c(-c3ccccc3)cnc2-c2cccc[n+]21,C1COCCO1,381.2235457676687,4.593379321238626
F[B-]1(F)n2c(-c3ccccc3)cnc2-c2cccc[n+]21,CC#N,380.51433223599633,4.282709428516268
F[B-]1(F)n2c(-c3ccccc3)cnc2-c2cccc[n+]21,CO,387.2146276859273,4.234732975324348
CC(C)(C)C#Cc1ccc2c3cccc4cccc(c5cccc1c52)c43,C1CCCCC1,428.36300345521863,4.424512070728493
C[Si](C)(C)C#CC#Cc1ccc2c3cccc4cccc(c5cccc1c52)c43,C1CCCCC1,410.0510233683518,4.432993673265524
C(/C=C/Nc1ccccc1)=[NH+]c1ccccc1,CS(C)=O,371.2492002627198,4.478742228364235
Cc1ccc(C2=C3C=CC4=[N+]3[P-](=O)(=O)n3c2ccc3-c2ccc([nH]2)/C(c2ccc(C)cc2)=c2/cc/c(o2)=C(\c2ccc(C)cc2)c2ccc4[nH]2)cc1,ClC(Cl)Cl,728.5262667168148,4.864701437838327
CCOC(=O)/C=C/C1=C(c2ccc(C)cc2)C2=Nc3c(-c4ccc(C)cc4)c(Br)c(-c4ccc(C)cc4)n3[B-](F)(F)[N+]2=C1c1ccc(C)cc1,ClC(Cl)Cl,670.1894703919165,4.652021940963807
COc1ccc(C(=O)OCc2ccc3c4cccc5cccc(c6cccc2c63)c54)cc1,CCO,440.87445238263734,4.381329387287399
CC(C)(C)OC(=O)NC(Cc1ccccc1)C(=O)OCc1ccc2c3cccc4cccc(c5cccc1c52)c43,CCO,434.485023184945,4.403054368619036
OCc1ccc2c3cccc4cccc(c5cccc1c52)c43,CCO,439.235569977996,4.3400010528203685
CCCCCCCCOc1ccc(C2=C(c3ccc(OCCCCCCCC)cc3)C(C)(C)c3ccccc32)cc1,C1CCCCC1,314.34467660153865,4.1951253845626315
COc1ccc(C2=C(c3ccc(OC)cc3)C(C)(C)c3cc(-c4ccccc4)ccc32)cc1,C1CCCCC1,308.2828914842677,4.136382655927959
COc1ccc2c3c(c4ccc(OC)cc4c2c1)C(C)(C)c1ccccc1-3,C1CCCCC1,386.0370578115443,3.4295422459757505
COc1ccc2c3c(c4ccc(OC)cc4c2c1)C(C)(C)c1cc(-c2ccccc2)ccc1-3,C1CCCCC1,394.6167544309438,3.578225720499481
COc1ccc2c3c(c4ccc(OC)cc4c2c1)C(C)(C)c1c-3ccc2ccccc12,C1CCCCC1,401.3554112576177,3.5166032778601437
COc1ccc2c3c(c4ccc(OC)cc4c2c1)C(C)(C)c1ccc2ccccc2c1-3,C1CCCCC1,394.8348835824544,3.6404471523348887
COc1ccc2c3c(c4ccc(OC)cc4c2c1)C(C)(C)c1sccc1-3,C1CCCCC1,387.73630365445143,3.462033900442912
N#C/C(=C\c1cn(-c2ccccc2)nc1-c1ccccc1)c1nc2ccccc2s1,Cc1ccccc1,386.0570917389454,4.0354074082037625
N#C/C(=C\c1cn(-c2ccccc2)nc1-c1ccccc1)c1nc2ccccc2s1,C1CCOC1,384.04728564172547,4.1435171071247305
N#C/C(=C\c1cn(-c2ccccc2)nc1-c1ccccc1)c1nc2ccccc2s1,C1COCCO1,377.5017671267026,4.389746549745168
N#C/C(=C\c1cn(-c2ccccc2)nc1-c1ccccc1)c1nc2ccccc2s1,CCOC(C)=O,378.71306650881,4.110276354366639
N#C/C(=C\c1cn(-c2ccccc2)nc1-c1ccccc1)c1nc2ccccc2s1,ClC(Cl)Cl,383.0266179862806,4.3576687738927244
N#C/C(=C\c1cn(-c2ccccc2)nc1-c1ccccc1)c1nc2ccccc2s1,ClCCl,389.43779979809636,4.042690358503896
N#C/C(=C\c1cn(-c2ccccc2)nc1-c1ccccc1)c1nc2ccccc2s1,CCO,374.57450091703953,4.136392008350477
N#C/C(=C\c1cn(-c2ccccc2)nc1-c1ccccc1)c1nc2ccccc2s1,CO,372.18285003880374,4.247510256775458
N#C/C(=C\c1cn(-c2ccccc2)nc1-c1ccccc1)c1nc2ccccc2s1,CN(C)C=O,378.12541297282274,4.130953493253029
N#C/C(=C\c1cn(-c2ccccc2)nc1-c1ccccc1)c1nc2ccccc2s1,CS(C)=O,377.9252612238725,3.9286145737886278
O=C1CC(c2cccc([N+](=O)[O-])c2)c2c(c3ccccc3c3nc4ccccc4nc23)O1,ClC(Cl)Cl,413.0948770341531,3.7132627623758885
COc1ccc(C2CC(=O)Oc3c2c2nc4ccccc4nc2c2ccccc32)cc1,ClC(Cl)Cl,414.73518218752906,3.9712031180765064
Cc1ccccc1C1CC(=O)Oc2c1c1nc3ccccc3nc1c1ccccc21,ClC(Cl)Cl,409.7956829938087,4.038339365528017
Cc1ccc2nc3c4c(c5ccccc5c3nc2c1)OC(=O)CC4c1ccc(F)cc1,ClC(Cl)Cl,414.3204283209329,3.796235356526967
O=C1CC(c2cccc([N+](=O)[O-])c2)c2c(c3ccccc3c3nc4ccccc4nc23)O1,CCCCCC,409.3845718015317,3.689238577795678
O=C1CC(c2cccc([N+](=O)[O-])c2)c2c(c3ccccc3c3nc4ccccc4nc23)O1,CCOC(C)=O,413.18928340093623,3.812312478359407
O=C1CC(c2cccc([N+](=O)[O-])c2)c2c(c3ccccc3c3nc4ccccc4nc23)O1,CN(C)C=O,430.8448351355189,3.8089678928773134
O=C1CC(c2cccc([N+](=O)[O-])c2)c2c(c3ccccc3c3nc4ccccc4nc23)O1,CS(C)=O,423.6946123682939,3.8779415928717595
O=C1CC(c2cccc([N+](=O)[O-])c2)c2c(c3ccccc3c3nc4ccccc4nc23)O1,CO,413.87471562939555,3.835699757539302
Cc1cc(C)c(B(c2ccc(-c3ccc(-c4nc5c6ccccc6c6ccccc6c5[nH]4)cc3)cc2)c2c(C)cc(C)cc2C)c(C)c1,Cc1ccccc1,370.9593802802064,4.533834038977362
Cc1cc(C)c(B(c2ccc(-c3ccc(-c4nc5c6ccccc6c6ccccc6c5[nH]4)cc3)cc2)c2c(C)cc(C)cc2C)c(C)c1,ClCCl,374.51111744626013,4.542170936744924
Cc1cc(C)c(B(c2ccc(-c3ccc(-c4nc5c6ccccc6c6ccccc6c5[nH]4)cc3)cc2)c2c(C)cc(C)cc2C)c(C)c1,C1CCOC1,369.81137060634757,4.561602448726777
Cc1cc(C)c(B(c2ccc(-c3ccc(-c4nc5c6ccccc6c6ccccc6c5[nH]4)cc3)cc2)c2c(C)cc(C)cc2C)c(C)c1,CC(C)=O,376.6602546641579,4.483144343092593
Cc1cc(C)c(B(c2ccc(-c3ccc(-c4nc5c6ccccc6c6ccccc6c5[nH]4)cc3)cc2)c2c(C)cc(C)cc2C)c(C)c1,CS(C)=O,381.9770902238743,4.507248638317125
CCCCCCc1ccsc1-c1ccc(-c2sc(C(=O)O)cc2CCCCCC)s1,CCCCCC,362.2004472070467,4.289036812683319
CCCCCCc1ccsc1-c1ccc(-c2sc(C(=O)O)cc2CCCCCC)s1,ClCCl,372.1637787400515,4.374072814448026
CCCCCCc1ccsc1-c1ccc(-c2sc(C(=O)O)cc2CCCCCC)s1,CC(C)=O,368.38836168066746,4.290275701140298
CCCCCCc1ccsc1-c1ccc(-c2sc(C(=O)O)cc2CCCCCC)s1,CCO,365.83343273140326,4.256999818005945
CCCCCCc1ccsc1-c1ccc(-c2sc(C(=O)O)cc2CCCCCC)s1,CO,363.45582748027215,4.221783117256588
CCCCCCc1ccsc1-c1ccc(-c2sc(C(=O)O)cc2CCCCCC)s1,O,359.8183788594524,4.094772081980682
COc1ccc2cc(C(C)C(=O)Oc3ccc(-c4c5nc(c(-c6ccc(C)cc6)c6ccc([nH]6)c(-c6ccc(C)cc6)c6nc(c(-c7ccc(C)cc7)c7ccc4[nH]7)C=C6)C=C5)cc3)ccc2c1,ClCCl,660.054915976112,3.597533462123775
COc1ccc(-c2cc3c(ccc4sc5ccc6sccc6c5c43)s2)cc1,ClCCl,370.87605664455657,4.457695858731257
COc1ccc(-c2cc3c(ccc4sc5ccc6sc(-c7ccc(C#N)cc7)cc6c5c43)s2)cc1,ClCCl,380.29567176347825,4.493115988237693
C(=C/c1ccc(-c2cccc3ccccc23)s1)\c1ccc(-c2cccc3ccccc23)s1,ClCCl,391.8432150158446,4.551765020794175
CC(C)(C)c1ccc(-c2cc(-c3ccc(-c4cc(-c5ccc(C(C)(C)C)cc5)c(C(=O)NCc5cccs5)s4)s3)sc2C(=O)NCc2cccs2)cc1,ClCCl,403.4196433785138,4.376195934204159
O=S(=O)([O-])c1ccccc1/C=C/c1ccc(-c2nnc(-c3ccc(/C=C/c4ccccc4S(=O)(=O)[O-])cc3)o2)cc1,CN(C)C=O,371.26809653808135,4.511464301558291
O=S(=O)([O-])c1ccccc1/C=C/c1ccc(-c2nnc(-c3ccc(/C=C/c4ccccc4S(=O)(=O)[O-])cc3)o2)cc1,CC(C)=O,372.9145290728411,4.4630907141154665
O=S(=O)([O-])c1ccccc1/C=C/c1ccc(-c2nnc(-c3ccc(/C=C/c4ccccc4S(=O)(=O)[O-])cc3)o2)cc1,C1CCOC1,378.6739237776443,4.571828988087487
CC[N+]1=C(/C=C/C=C/C=C/C=C2/N(CCCCCC(=O)O)c3ccccc3C2(C)C)C(C)(C)c2cc(S(=O)(=O)[O-])ccc21,O,706.179680244134,5.242077402756017
CC[N+]1=C(/C=C/C=C/C=C/C=C2/N(CCCCCC(=O)O)c3ccccc3C2(C)C)C(C)(C)c2cc(S(=O)(=O)[O-])ccc21,CO,710.2630509594763,5.32506200852905
CC1(C)C(/C=C/C=C/C=C/C=C2/N(CCCCCC(=O)O)c3ccc(S(=O)(=O)[O-])cc3C2(C)C)=[N+](CCCCS(=O)(=O)[O-])c2ccc(S(=O)(=O)[O-])cc21,O,759.301579632735,5.264690583552297
CC1(C)C(/C=C/C=C/C=C/C=C2/N(CCCCCC(=O)O)c3ccc(S(=O)(=O)[O-])cc3C2(C)C)=[N+](CCCCS(=O)(=O)[O-])c2ccc(S(=O)(=O)[O-])cc21,CO,760.9417488304414,5.3475045664062275
C(=C/c1c[nH]c2ccc(Oc3ccccc3)cc12)\C1=[NH+]c2cccc3cccc1c23,CO,471.79639397653654,4.1805810650843425
C(=C/c1c[nH]c2ccc(Oc3ccccc3)cc12)\C1=[NH+]c2cccc3cccc1c23,O,522.6295874948175,4.172934672771094
N#CC(C#N)=C(/C=C/c1ccc(N(c2ccccc2)c2ccc(/C=C/C(=C(C#N)C#N)c3ccccc3)cc2)cc1)c1ccccc1,Cc1ccccc1,492.02728832603407,4.461858953036575
N#CC(C#N)=C(/C=C/c1ccc(N(c2ccccc2)c2ccc(/C=C/C(=C(C#N)C#N)c3ccccc3)cc2)cc1)c1ccccc1,C1COCCO1,485.0454646267247,4.5387556382655045
N#CC(C#N)=C(/C=C/c1ccc(N(c2ccccc2)c2ccc(/C=C/C(=C(C#N)C#N)c3ccccc3)cc2)cc1)c1ccccc1,ClCCl,490.92847585205385,4.5708299431390875
N#CC(C#N)=C(/C=C/c1ccc(N(c2ccccc2)c2ccc(/C=C/C(=C(C#N)C#N)c3ccccc3)cc2)cc1)c1ccccc1,ClC(Cl)Cl,499.89264885416526,4.504579191010953
N#CC(C#N)=C(/C=C/c1ccc(N(c2ccccc2)c2ccc(/C=C/C(=C(C#N)C#N)c3ccccc3)cc2)cc1)c1ccccc1,CCOC(C)=O,482.53137238501495,4.593716496873609
N#CC(C#N)=C(/C=C/c1ccc(N(c2ccccc2)c2ccc(/C=C/C(=C(C#N)C#N)c3ccccc3)cc2)cc1)c1ccccc1,CC(C)=O,489.79793726308935,4.622298838728845
N#CC(C#N)=C(/C=C/c1ccc(N(c2ccccc2)c2ccc(/C=C/C(=C(C#N)C#N)c3ccccc3)cc2)cc1)c1ccccc1,CO,491.8652072899814,4.565807818876237
N#CC(C#N)=C(/C=C/c1ccc(N(c2ccccc2)c2ccc(/C=C/C(=C(C#N)C#N)c3ccccc3)cc2)cc1)c1ccccc1,CCO,492.650987304255,4.619829654466136
N#CC(C#N)=C(/C=C/c1ccc(N(c2ccccc2)c2ccc(/C=C/C(=C(C#N)C#N)c3ccccc3)cc2)cc1)c1ccccc1,CC#N,486.8105380170459,4.563411066141103
N#CC(C#N)=C(/C=C/c1ccc(N(c2ccccc2)c2ccc(/C=C/C(=C(C#N)C#N)c3ccccc3)cc2)cc1)c1ccccc1,CN(C)C=O,503.6316172924335,4.544525088019659
CCOC(=O)/C(C#N)=C(\C=C\c1ccc(N(c2ccccc2)c2ccc(/C=C/C(=C(/C#N)C(=O)OCC)c3ccccc3)cc2)cc1)c1ccccc1,Cc1ccccc1,472.1458469285998,4.6135146165821945
CCOC(=O)/C(C#N)=C(\C=C\c1ccc(N(c2ccccc2)c2ccc(/C=C/C(=C(/C#N)C(=O)OCC)c3ccccc3)cc2)cc1)c1ccccc1,C1COCCO1,466.2990936739073,4.536668347603853
CCOC(=O)/C(C#N)=C(\C=C\c1ccc(N(c2ccccc2)c2ccc(/C=C/C(=C(/C#N)C(=O)OCC)c3ccccc3)cc2)cc1)c1ccccc1,ClCCl,467.1969542920083,4.521259960160931
CCOC(=O)/C(C#N)=C(\C=C\c1ccc(N(c2ccccc2)c2ccc(/C=C/C(=C(/C#N)C(=O)OCC)c3ccccc3)cc2)cc1)c1ccccc1,ClC(Cl)Cl,480.29497350517636,4.550218307389898
CCOC(=O)/C(C#N)=C(\C=C\c1ccc(N(c2ccccc2)c2ccc(/C=C/C(=C(/C#N)C(=O)OCC)c3ccccc3)cc2)cc1)c1ccccc1,CCOC(C)=O,463.6743710221789,4.505883582605133
CCOC(=O)/C(C#N)=C(\C=C\c1ccc(N(c2ccccc2)c2ccc(/C=C/C(=C(/C#N)C(=O)OCC)c3ccccc3)cc2)cc1)c1ccccc1,CC(C)=O,469.80534976171737,4.660432428005637
CCOC(=O)/C(C#N)=C(\C=C\c1ccc(N(c2ccccc2)c2ccc(/C=C/C(=C(/C#N)C(=O)OCC)c3ccccc3)cc2)cc1)c1ccccc1,CO,470.0854528206286,4.62729525739712
CCOC(=O)/C(C#N)=C(\C=C\c1ccc(N(c2ccccc2)c2ccc(/C=C/C(=C(/C#N)C(=O)OCC)c3ccccc3)cc2)cc1)c1ccccc1,CCO,469.448639589775,4.554298134382172
CCOC(=O)/C(C#N)=C(\C=C\c1ccc(N(c2ccccc2)c2ccc(/C=C/C(=C(/C#N)C(=O)OCC)c3ccccc3)cc2)cc1)c1ccccc1,CC#N,466.4285156577948,4.556889207664063
CCOC(=O)/C(C#N)=C(\C=C\c1ccc(N(c2ccccc2)c2ccc(/C=C/C(=C(/C#N)C(=O)OCC)c3ccccc3)cc2)cc1)c1ccccc1,CN(C)C=O,476.0456962425272,4.566291033402857
Cc1ccc2nc3cc4c(cc3c(-c3ccccc3)c2c1)[Si](C)(C)O[Si]4(C)C,ClCCl,366.490533048491,4.0577694665060875
C[Si]1(C)O[Si](C)(C)c2cc3c(-c4ccccc4)c4cc(Cl)ccc4nc3cc21,ClCCl,370.1859081608011,4.058759339929891
C[Si]1(C)O[Si](C)(C)c2cc3c(-c4ccc(F)cc4)c4ccccc4nc3cc21,ClCCl,367.53744796170736,3.9474025595062567
C[Si]1(C)O[Si](C)(C)c2cc3nc4ccc(Cl)cc4c(-c4ccccc4)c3cc2[Si](C)(C)O1,ClCCl,372.30398497768283,4.260848620263289
C[Si]1(C)O[Si](C)(C)c2cc3nc4ccc([N+](=O)[O-])cc4c(-c4ccccc4)c3cc2[Si](C)(C)O1,ClCCl,374.4536910216004,3.936880849007824
Fc1ccccc1-c1c2cc(Cl)ccc2nc2cc3ccccc3cc12,ClCCl,380.08376219317336,4.183181563147918
F[B-]1(F)OC(c2ccccc2)=Nc2sc(-c3ccccc3)n[n+]21,ClC(Cl)Cl,346.40685524850636,4.376082434326065
F[B-]1(F)OC(c2ccccc2)=Nc2sc(-c3ccccc3)n[n+]21,Cc1ccccc1,342.98900472551213,4.3468616697892
F[B-]1(F)OC(c2ccccc2)=Nc2sc(-c3ccccc3)n[n+]21,ClCCl,341.09572045065886,4.333772090689695
F[B-]1(F)OC(c2ccccc2)=Nc2sc(-c3ccccc3)n[n+]21,C1CCOC1,338.01131449031305,4.38763924498978
F[B-]1(F)OC(c2ccccc2)=Nc2sc(-c3ccccc3)n[n+]21,CCO,340.58262062827964,4.276330560800896
F[B-]1(F)OC(c2ccccc2)=Nc2sc(-c3ccccc3)n[n+]21,CC#N,335.07638475647093,4.386735614649821
F[B-]1(F)OC(c2ccccc2)=Nc2sc(-c3ccccc3)n[n+]21,CCOC(C)=O,337.06387537137516,4.341854374633424
F[B-]1(F)OC(c2ccccc2)=Nc2sc(-c3ccccc3)n[n+]21,CN(C)C=O,344.64018164432724,4.342771943158198
O=Cc1ccc(-c2ccc(O)c(-c3nc4ccccc4s3)c2)o1,O,383.3338340436637,3.1914454877210625
O=Cc1ccc(-c2ccc(O)c(-c3nc4ccccc4s3)c2)s1,O,390.0288787918733,3.21739174889166
Oc1cc(-c2ccco2)ccc1-c1nc2ccccc2s1,O,336.8113541235896,3.4662153920667977
Oc1cc(-c2cccs2)ccc1-c1nc2ccccc2s1,O,335.9465385467386,3.2095176241856436
O=Cc1ccc(-c2ccc(O)c(-c3nc4ccccc4s3)c2)o1,CCO,382.4237436661367,3.5069886257172733
O=Cc1ccc(-c2ccc(O)c(-c3nc4ccccc4s3)c2)s1,CCO,386.0562978828518,3.634433092411935
Oc1cc(-c2ccco2)ccc1-c1nc2ccccc2s1,CCO,361.16410245646233,3.509979230147522
Oc1cc(-c2cccs2)ccc1-c1nc2ccccc2s1,CCO,354.4705766612507,3.4221160245221722
N#CC(C#N)=Cc1ccc(-c2cccc(-c3nc4ccccc4s3)c2O)o1,CCO,418.26531490379176,3.567342250338599
O=Cc1ccc(-c2cccc(-c3nc4ccccc4s3)c2O)s1,CCO,369.51584986196525,3.6313871332178556
O=Cc1ccc(-c2ccc(O)c(-c3nc4ccccc4s3)c2)o1,ClCCl,385.8847812107892,3.5311866893791652
O=Cc1ccc(-c2ccc(O)c(-c3nc4ccccc4s3)c2)s1,ClCCl,389.3115016691913,3.6903089146147496
Oc1cc(-c2ccco2)ccc1-c1nc2ccccc2s1,ClCCl,362.5439243604842,3.4706023113697904
Oc1cc(-c2cccs2)ccc1-c1nc2ccccc2s1,ClCCl,354.50471247327494,3.3918746678332905
N#CC(C#N)=Cc1ccc(-c2cccc(-c3nc4ccccc4s3)c2O)o1,ClCCl,426.0663824645954,3.685065407476159
O=Cc1ccc(-c2cccc(-c3nc4ccccc4s3)c2O)s1,ClCCl,371.9717780804401,3.6484115089239078
O=CN1N=C(c2ccc(Br)cc2)C[C@@H]1c1ccccc1,C1CCCCC1,331.27428913167404,4.272938643377768
O=CN1N=C(c2ccc(Br)cc2)C[C@@H]1c1ccccc1,C1COCCO1,331.7310376730793,4.329421183640329
O=CN1N=C(c2ccc(Br)cc2)C[C@@H]1c1ccccc1,ClC(Cl)(Cl)Cl,336.92061247524174,4.337247094527946
O=CN1N=C(c2ccc(Br)cc2)C[C@@H]1c1ccccc1,Cc1ccccc1,344.19322816196654,4.256884233279312
O=CN1N=C(c2ccc(Br)cc2)C[C@@H]1c1ccccc1,CCOC(C)=O,336.78851982193703,4.335182492988038
O=CN1N=C(c2ccc(Br)cc2)C[C@@H]1c1ccccc1,CCO,336.4072001110934,4.347160386526175
O=CN1N=C(c2ccc(Br)cc2)C[C@@H]1c1ccccc1,CO,337.971284140523,4.353885427286877
O=CN1N=C(c2ccc(Br)cc2)C[C@@H]1c1ccccc1,CC#N,330.95650916249434,4.333126475054482
O=CN1N=C(c2ccc(Br)cc2)C[C@@H]1c1ccccc1,CS(C)=O,339.74859666652327,4.415262588173883
CCCCCN1c2ccccc2Sc2cc(/C=C/c3ccc(/C=C(\C#N)C(=O)O)s3)ccc21,ClCCl,528.9804487451913,4.311077994253344
COc1ccccc1C1=[N+]2C(=C(c3ccccc3)c3c4ccccc4c(-c4ccccc4OC)n3[B-]2(F)F)c2ccccc21,ClCCl,632.5365758329447,5.03122285837809
c1ccc(C2=C3C4=C(C5=[N+]3[B-]3(Oc6ccccc65)Oc5ccccc5-c5c6c(c2n53)C2CCC6CC2)C2CCC4CC2)cc1,ClCCl,590.5891573394067,4.676922521701966
CC(C)(C)c1cc2c(c(C(C)(C)C)c1)O[B-]1(c3ccc([B-]45OC(c6ccccc6)=N[N+]4=Cc4cc(C(C)(C)C)cc(C(C)(C)C)c4O5)cc3)OC(c3ccccc3)=N[N+]1=C2,C1CCOC1,442.95021641579063,4.477464627752158
CN1C(=CC2=C([O-])C(=O)C2=C(C#N)C#N)Sc2ccccc21,CCO,465.4668246341846,4.677988625509687
CCCCOC(=O)/C(C#N)=C1\C(=O)C([O-])=C1C=C1N(C)c2ccccc2C1(C)C,CCO,465.5259169064738,4.746559574372782
CN1C(=Cc2c([O-])c(=O)/c2=N\C#N)C(C)(C)c2ccccc21,CCO,461.3345911386566,4.803663657279715
CN1C(=CC2=C([O-])C(=CC3=[N+](C)c4ccccc4C3(C)C)C2=C(C#N)C#N)C(C)(C)c2ccccc21,ClC(Cl)Cl,681.9674694431679,5.201006121690874
CCN(CC)c1ccc2cc(-c3nc4ccccc4n3-c3ccccc3)c(=O)oc2c1,ClCCl,430.61589125744206,5.635876547229053
CCN(CC)c1ccc2cc(-c3nc4c5cccc6ccc7cccc(c7c65)c4n3-c3ccc(C(C)(C)C)cc3)c(=O)oc2c1,ClCCl,422.5416348430148,5.731704398880096
Cc1cc(C)n2c1C=[N+]1[N+](=C3C=NC=CN3[B-]1(F)F)[B-]2(F)F,ClCCl,522.7429276419745,4.736312647816373
Cc1ccc(/C(C#N)=C/c2cc(/C=C(\C#N)c3ccc(C)cc3)c(-c3ccc(N(c4ccccc4)c4ccccc4)cc3)cc2-c2ccc(N(c3ccccc3)c3ccccc3)cc2)cc1,CCCCCC,421.864033348581,4.613840775533788
Cc1ccc(/C(C#N)=C/c2cc(/C=C(\C#N)c3ccc(C)cc3)c(-c3ccc(N(c4ccccc4)c4ccccc4)cc3)cc2-c2ccc(N(c3ccccc3)c3ccccc3)cc2)cc1,C1CCCCC1,416.4031988568649,4.663396747967962
Cc1ccc(/C(C#N)=C/c2cc(/C=C(\C#N)c3ccc(C)cc3)c(-c3ccc(N(c4ccccc4)c4ccccc4)cc3)cc2-c2ccc(N(c3ccccc3)c3ccccc3)cc2)cc1,Cc1ccccc1,415.2395902233088,4.659310625728036
Cc1ccc(/C(C#N)=C/c2cc(/C=C(\C#N)c3ccc(C)cc3)c(-c3ccc(N(c4ccccc4)c4ccccc4)cc3)cc2-c2ccc(N(c3ccccc3)c3ccccc3)cc2)cc1,ClC(Cl)Cl,418.3273825737231,4.673283723841131
Cc1ccc(/C(C#N)=C/c2cc(/C=C(\C#N)c3ccc(C)cc3)c(-c3ccc(N(c4ccccc4)c4ccccc4)cc3)cc2-c2ccc(N(c3ccccc3)c3ccccc3)cc2)cc1,CCOC(C)=O,408.676627189442,4.590451524566554
Cc1ccc(/C(C#N)=C/c2cc(/C=C(\C#N)c3ccc(C)cc3)c(-c3ccc(N(c4ccccc4)c4ccccc4)cc3)cc2-c2ccc(N(c3ccccc3)c3ccccc3)cc2)cc1,C1CCOC1,407.62987479794566,4.669927759879805
Cc1ccc(/C(C#N)=C/c2cc(/C=C(\C#N)c3ccc(C)cc3)c(-c3ccc(N(c4ccccc4)c4ccccc4)cc3)cc2-c2ccc(N(c3ccccc3)c3ccccc3)cc2)cc1,ClCCl,406.7676751957023,4.626481325291297
N#C/C(=C\c1cc(/C=C(\C#N)c2ccc(C(F)(F)F)cc2)c(-c2ccc(N(c3ccccc3)c3ccccc3)cc2)cc1-c1ccc(N(c2ccccc2)c2ccccc2)cc1)c1ccc(C(F)(F)F)cc1,CCCCCC,406.1701828448228,4.502371775084851
N#C/C(=C\c1cc(/C=C(\C#N)c2ccc(C(F)(F)F)cc2)c(-c2ccc(N(c3ccccc3)c3ccccc3)cc2)cc1-c1ccc(N(c2ccccc2)c2ccccc2)cc1)c1ccc(C(F)(F)F)cc1,C1CCCCC1,400.30707740476953,4.574520296907413
N#C/C(=C\c1cc(/C=C(\C#N)c2ccc(C(F)(F)F)cc2)c(-c2ccc(N(c3ccccc3)c3ccccc3)cc2)cc1-c1ccc(N(c2ccccc2)c2ccccc2)cc1)c1ccc(C(F)(F)F)cc1,Cc1ccccc1,399.7895207367625,4.66102369286048
N#C/C(=C\c1cc(/C=C(\C#N)c2ccc(C(F)(F)F)cc2)c(-c2ccc(N(c3ccccc3)c3ccccc3)cc2)cc1-c1ccc(N(c2ccccc2)c2ccccc2)cc1)c1ccc(C(F)(F)F)cc1,ClC(Cl)Cl,409.21022662645845,4.559198496254386
N#C/C(=C\c1cc(/C=C(\C#N)c2ccc(C(F)(F)F)cc2)c(-c2ccc(N(c3ccccc3)c3ccccc3)cc2)cc1-c1ccc(N(c2ccccc2)c2ccccc2)cc1)c1ccc(C(F)(F)F)cc1,CCOC(C)=O,401.2791510659502,4.52131211303156
N#C/C(=C\c1cc(/C=C(\C#N)c2ccc(C(F)(F)F)cc2)c(-c2ccc(N(c3ccccc3)c3ccccc3)cc2)cc1-c1ccc(N(c2ccccc2)c2ccccc2)cc1)c1ccc(C(F)(F)F)cc1,C1CCOC1,396.5242156004448,4.597503034066539
N#C/C(=C\c1cc(/C=C(\C#N)c2ccc(C(F)(F)F)cc2)c(-c2ccc(N(c3ccccc3)c3ccccc3)cc2)cc1-c1ccc(N(c2ccccc2)c2ccccc2)cc1)c1ccc(C(F)(F)F)cc1,ClCCl,398.51663499904816,4.575357727653176
CC1(C)c2ccccc2N(c2ccc(-c3ccc(C#N)nc3)cc2)c2ccccc21,Cc1ccccc1,376.7986856645405,3.189676161335182
CC1(C)c2ccccc2N(c2ccc(-c3ccc(C#N)cn3)cc2)c2ccccc21,Cc1ccccc1,390.5684696546039,3.2223285255153744
FC(F)(F)c1ccc(C2=CC3=c4cc(-c5ccc(C(F)(F)F)cc5)c5nc(C(F)(F)C(F)(F)C(F)(F)F)nc6c(-c7ccc(C(F)(F)F)cc7)cc(c4c65)C4=CC(c5ccc(C(F)(F)F)cc5)=C5N=C(C(F)(F)C(F)(F)C(F)(F)F)N=C2C5C43)cc1,C1CCOC1,459.64547633719576,4.672889384463106
CC(C)[Si](C#CC1=CC2=c3cc(C#C[Si](C(C)C)(C(C)C)C(C)C)c4nc(C(F)(F)C(F)(F)C(F)(F)F)nc5c(C#C[Si](C(C)C)(C(C)C)C(C)C)cc(c3c54)C3=CC(C#C[Si](C(C)C)(C(C)C)C(C)C)=C4N=C(C(F)(F)C(F)(F)C(F)(F)F)N=C1C4C32)(C(C)C)C(C)C,C1CCOC1,501.047928249574,4.928459995488198
FC(F)(F)C(F)(F)C(F)(F)C1=NC2=C(c3ccc4ccc5cccc6ccc3c4c56)C=C3c4cc(-c5ccc6ccc7cccc8ccc5c6c78)c5nc(C(F)(F)C(F)(F)C(F)(F)F)nc6c(-c7ccc8ccc9cccc%10ccc7c8c9%10)cc(c4c56)=C4C=C(c5ccc6ccc7cccc8ccc5c6c78)C(=N1)C2C34,C1CCOC1,493.29327939232144,4.764801212189355
FC(F)(F)C(F)(F)C(F)(F)C1=NC2=C(c3ccc4ccc5cccc6ccc3c4c56)C=C3c4cc(-c5ccc6ccc7cccc8ccc5c6c78)c5nc(C(F)(F)C(F)(F)C(F)(F)F)nc6c(-c7ccc8ccc9cccc%10ccc7c8c9%10)cc(c4c56)=C4C=C(c5ccc6ccc7cccc8ccc5c6c78)C(=N1)C2C34,Cc1ccccc1,494.0365099701458,4.698223686056696
FC(F)(F)C(F)(F)C(F)(F)C1=NC2=C(c3ccc(N(c4ccccc4)c4ccccc4)cc3)C=C3c4cc(-c5ccc(N(c6ccccc6)c6ccccc6)cc5)c5nc(C(F)(F)C(F)(F)C(F)(F)F)nc6c(-c7ccc(N(c8ccccc8)c8ccccc8)cc7)cc(c4c56)=C4C=C(c5ccc(N(c6ccccc6)c6ccccc6)cc5)C(=N1)C2C34,C1CCOC1,494.0427295513515,4.692988138426631
FC(F)(F)C(F)(F)C(F)(F)C1=NC2=C(c3ccc(N(c4ccccc4)c4ccccc4)cc3)C=C3c4cc(-c5ccc(N(c6ccccc6)c6ccccc6)cc5)c5nc(C(F)(F)C(F)(F)C(F)(F)F)nc6c(-c7ccc(N(c8ccccc8)c8ccccc8)cc7)cc(c4c56)=C4C=C(c5ccc(N(c6ccccc6)c6ccccc6)cc5)C(=N1)C2C34,Cc1ccccc1,497.2229920722891,4.678175963396692
FC(F)(F)C(F)(F)C(F)(F)C1=NC2=C(Sc3ccccc3)C=C3c4cc(Sc5ccccc5)c5nc(C(F)(F)C(F)(F)C(F)(F)F)nc6c(Sc7ccccc7)cc(c4c56)=C4C=C(Sc5ccccc5)C(=N1)C2C34,C1CCOC1,522.21756993141,4.650288450456079
CC1=C(c2cccs2)C(C)=[N+]2C1=C(c1ccc(OS(=O)(=O)c3ccc([N+](=O)[O-])cc3[N+](=O)[O-])cc1)c1c(C)c(-c3cccs3)c(C)n1[B-]2(F)F,Cc1ccccc1,531.8341113682245,4.725733665036147
CC1=C(c2cccs2)C(C)=[N+]2C1=C(c1ccc(OS(=O)(=O)c3ccc([N+](=O)[O-])cc3[N+](=O)[O-])cc1)c1c(C)c(-c3cccs3)c(C)n1[B-]2(F)F,ClCCl,531.068559057249,4.737949701642406
CC1=C(c2cccs2)C(C)=[N+]2C1=C(c1ccc(OS(=O)(=O)c3ccc([N+](=O)[O-])cc3[N+](=O)[O-])cc1)c1c(C)c(-c3cccs3)c(C)n1[B-]2(F)F,CO,525.5067595097246,4.611225461930481
CC1=C(c2cccs2)C(C)=[N+]2C1=C(c1ccccc1)c1c(C)c(-c3cccs3)c(C)n1[B-]2(F)F,Cc1ccccc1,532.9638248469186,4.6879536769255665
CC1=C(c2cccs2)C(C)=[N+]2C1=C(c1ccccc1)c1c(C)c(-c3cccs3)c(C)n1[B-]2(F)F,ClCCl,526.4284451868862,4.734859169200588
CC1=C(c2cccs2)C(C)=[N+]2C1=C(c1ccccc1)c1c(C)c(-c3cccs3)c(C)n1[B-]2(F)F,CO,519.8162240074959,4.391406813905079
c1ccc(-c2cccc(N3c4cc(-c5ccccc5)ccc4B4c5ccc(N(c6ccccc6)c6ccccc6)cc5N(c5ccccc5)c5cccc3c54)c2)cc1,ClCCl,418.36498759938473,4.581234920209089
CCC1(CC)c2cc(C#Cc3cc(C#Cc4ccc5c(c4)C(CC)(CC)c4cc(N(c6ccccc6)c6ccccc6)ccc4-5)c4ccc5c(C#Cc6ccc7c(c6)C(CC)(CC)c6cc(N(c8ccccc8)c8ccccc8)ccc6-7)cc(C#Cc6ccc7c(c6)C(CC)(CC)c6cc(N(c8ccccc8)c8ccccc8)ccc6-7)c6ccc3c4c65)ccc2-c2ccc(N(c3ccccc3)c3ccccc3)cc21,Cc1ccccc1,431.3126187454377,4.792162058922719
CCC1(CC)c2cc(C#Cc3cc(C#Cc4ccc5c(c4)C(CC)(CC)c4cc(N(c6ccccc6)c6ccccc6)ccc4-5)c4ccc5c(C#Cc6ccc7c(c6)C(CC)(CC)c6cc(N(c8ccccc8)c8ccccc8)ccc6-7)cc(C#Cc6ccc7c(c6)C(CC)(CC)c6cc(N(c8ccccc8)c8ccccc8)ccc6-7)c6ccc3c4c65)ccc2-c2ccc(N(c3ccccc3)c3ccccc3)cc21,ClC(Cl)Cl,439.8702077227979,4.82514423619251
CCC1(CC)c2cc(C#Cc3cc(C#Cc4ccc5c(c4)C(CC)(CC)c4cc(N(c6ccccc6)c6ccccc6)ccc4-5)c4ccc5c(C#Cc6ccc7c(c6)C(CC)(CC)c6cc(N(c8ccccc8)c8ccccc8)ccc6-7)cc(C#Cc6ccc7c(c6)C(CC)(CC)c6cc(N(c8ccccc8)c8ccccc8)ccc6-7)c6ccc3c4c65)ccc2-c2ccc(N(c3ccccc3)c3ccccc3)cc21,CCOC(C)=O,429.1503368020848,4.789471672682191
CCC1(CC)c2cc(C#Cc3cc(C#Cc4ccc5c(c4)C(CC)(CC)c4cc(N(c6ccccc6)c6ccccc6)ccc4-5)c4ccc5c(C#Cc6ccc7c(c6)C(CC)(CC)c6cc(N(c8ccccc8)c8ccccc8)ccc6-7)cc(C#Cc6ccc7c(c6)C(CC)(CC)c6cc(N(c8ccccc8)c8ccccc8)ccc6-7)c6ccc3c4c65)ccc2-c2ccc(N(c3ccccc3)c3ccccc3)cc21,C1CCOC1,425.75958677589176,4.826320434474961
CCC1(CC)c2cc(C#Cc3cc(C#Cc4ccc5c(c4)C(CC)(CC)c4cc(N(c6ccccc6)c6ccccc6)ccc4-5)c4ccc5c(C#Cc6ccc7c(c6)C(CC)(CC)c6cc(N(c8ccccc8)c8ccccc8)ccc6-7)cc(C#Cc6ccc7c(c6)C(CC)(CC)c6cc(N(c8ccccc8)c8ccccc8)ccc6-7)c6ccc3c4c65)ccc2-c2ccc(N(c3ccccc3)c3ccccc3)cc21,ClCCl,428.3547312559442,4.825288954529323
CCC1(CC)c2cc(C#Cc3cc(C#Cc4ccc5c(c4)C(CC)(CC)c4cc(N(c6ccccc6)c6ccccc6)ccc4-5)c4ccc5c(C#Cc6ccc7c(c6)C(CC)(CC)c6cc(N(c8ccccc8)c8ccccc8)ccc6-7)cc(C#Cc6ccc7c(c6)C(CC)(CC)c6cc(N(c8ccccc8)c8ccccc8)ccc6-7)c6ccc3c4c65)ccc2-c2ccc(N(c3ccccc3)c3ccccc3)cc21,CN(C)C=O,427.8156967175626,4.845833278162103
N#Cc1cc(C#N)c(-n2c3ccccc3c3ccccc32)cc1-n1c2ccccc2c2ccccc21,Cc1ccccc1,378.0904457996926,3.6303436416502626
FC(F)(F)c1ccc(-c2nnc(-c3cc(-c4nnc(-c5ccc(C(F)(F)F)cc5)o4)c(-n4c5ccccc5c5ccccc54)cc3-n3c4ccccc4c4ccccc43)o2)cc1,Cc1ccccc1,368.23565377227095,3.1060270813186697
CC1(C)c2ccccc2N(c2ccc3c(c2)C2(c4cc(N5c6ccccc6C(C)(C)c6ccccc65)ccc4-3)c3ccccc3S(=O)(=O)c3ccccc32)c2ccccc21,Cc1ccccc1,387.2037262290201,4.010733293572923
CCCCN1C(=O)C(=CC=C2N(CCCC)c3ccccc3N2CCCC)C(=O)N(CCCC)C1=S,CCCCCC,488.0963786110906,4.525885004442253
CCCCN1C(=O)C(=CC=C2N(CCCC)c3ccccc3N2CCCC)C(=O)N(CCCC)C1=S,Cc1ccccc1,542.8979337245098,5.047703889088576
CCCCN1C(=O)C(=CC=C2N(CCCC)c3ccccc3N2CCCC)C(=O)N(CCCC)C1=S,ClC(Cl)Cl,518.9986022377834,4.668113588899304
CCCCN1C(=O)C(=CC=C2N(CCCC)c3ccccc3N2CCCC)C(=O)N(CCCC)C1=S,ClCCl,524.0468268994395,4.687294086925956
CCCCN1C(=O)C(=CC=C2N(CCCC)c3ccccc3N2CCCC)C(=O)N(CCCC)C1=S,CN(C)C=O,468.90932688921885,4.474344798892031
CCCCN1C(=O)C(=CC=C2N(CCCC)c3ccccc3N2CCCC)C(=O)N(CCCC)C1=S,CCO,437.8958241329979,4.413418370048702
CCCCN1C(=O)C(=C/C=C/C=C/C=C2N(CCCC)c3ccccc3N2CCCC)C(=O)N(CCCC)C1=S,ClC(Cl)Cl,573.4295390705338,4.953878866859863
CCCCN1C(=O)C(=C/C=C/C=C/C=C2N(CCCC)c3ccccc3N2CCCC)C(=O)N(CCCC)C1=S,ClCCl,569.1388281455513,4.9034872545693435
CCCCN1C(=O)C(=C/C=C/C=C/C=C2N(CCCC)c3ccccc3N2CCCC)C(=O)N(CCCC)C1=S,CN(C)C=O,522.6404764500539,4.696848753318217
CCCCN1C(=O)C(=C/C=C/C=C/C=C2N(CCCC)c3ccccc3N2CCCC)C(=O)N(CCCC)C1=S,CC#N,514.7357450352656,4.6756908962965165
CCCCN1C(=O)C(=C/C=C/C=C/C=C2N(CCCC)c3ccccc3N2CCCC)C(=O)N(CCCC)C1=S,CCO,477.6078925196713,4.60250408372159
CCCCN1C(=O)C(=C/C=C/C=C/C=C2N(CCCC)c3ccccc3N2CCCC)C(=O)N(CCCC)C1=S,CO,529.9948468127475,4.923176003394883
CCCCN1C(=O)C(=C/C=C/C=C/C=C2N(CCCC)c3ccccc3N2CCCC)C(=O)N(CCCC)C1=S,OCC(F)(F)F,526.8336618413974,4.824908272944335
c1ccc(-c2cccc(N3c4cc(-c5ccccc5)ccc4B4c5ccc(N(c6ccccc6)c6ccccc6)cc5N(c5ccccc5)c5cccc3c54)c2)cc1,ClCCl,418.36498759938473,4.581234920209089
CC1(C)c2ccccc2N(c2ccc3c(c2)c(=O)c2cccc4c(=O)c5cc(N6c7ccccc7C(C)(C)c7ccccc76)ccc5n3c24)c2ccccc21,Cc1ccccc1,472.42469356959907,3.6403187148109666
II,ClC(Cl)(Cl)Cl,379.2093890890224,3.321795898618937
II,CCCCCCC,344.0511341720497,3.1951981065538018
CC(C)=C(C)C,CCCCCCC,321.58013107191397,2.700184621574361
N=C(N)N,O,309.9633910718625,3.6186194303116634
CC(C)=N[O-],CCO,298.45456549385585,2.395727342333066
CCSSCC,CCCCCC,269.65425402374547,3.789727481459222
O=C1CCC(=O)N1,CC#N,360.27141440464044,3.5052418753919357
C1=Cc2ccc(N(c3ccccc3)c3ccccc3)cc2Cc2cc(N(c3ccccc3)c3ccccc3)ccc21,ClCCl,395.4168582344966,4.343253425587224
Fc1ccc(N(c2ccccc2)c2ccc3ccc4c(N(c5ccccc5)c5ccc(F)cc5)ccc5ccc2c3c54)cc1,ClCCl,421.4277812963952,4.389937878692555
c1ccc(N(c2ccccc2)c2ccc3ccc4c(N(c5ccccc5)c5ccccc5)ccc5ccc2c3c54)cc1,ClCCl,426.1115353739815,4.3654649847335465
CCCCC(CC)Cn1c2ccccc2c2cc(-c3ccc4c(c3)-c3cc(-c5ccc6c(c5)c5ccccc5n6CC(CC)CCCC)ccc3S4(=O)=O)ccc21,Cc1ccccc1,357.07830641699155,4.444799080635971
CCCCC(CC)Cn1c2ccccc2c2ccc(-c3ccc4c(c3)S(=O)(=O)c3cc(-c5ccc6c7ccccc7n(CC(CC)CCCC)c6c5)ccc3-4)cc21,Cc1ccccc1,367.50718766762026,4.560497433776247
c1ccc(N2c3ccccc3C3(c4ccccc4-c4ccccc43)c3ccccc32)cc1,ClCCl,344.46622089563,4.130860186105369
c1ccc(N(c2ccccc2)c2ccc(-c3ccc4c(c3)C3(c5cc(-c6ccc(N(c7ccccc7)c7ccccc7)cc6)ccc5-4)c4ccccc4N(c4ccccc4)c4ccccc43)cc2)cc1,ClCCl,361.5184248092886,4.79683266234545
c1ccc(N(c2ccccc2)c2ccc(-c3ccc4c(c3)C3(c5ccccc5Oc5ccccc53)c3cc(-c5ccc(N(c6ccccc6)c6ccccc6)cc5)ccc3-4)cc2)cc1,ClCCl,361.04077347436396,4.866193592429625
O=S1(=O)c2ccccc2C2(c3cc(-c4ccc(N(c5ccccc5)c5ccccc5)cc4)ccc3-c3ccc(-c4ccc(N(c5ccccc5)c5ccccc5)cc4)cc32)c2ccccc21,ClCCl,365.02117417844903,4.870745128840743
O=S1(=O)c2ccccc2C2(c3cc(-c4ccc(-n5c6ccccc6c6ccccc65)cc4)ccc3-c3ccc(-c4ccc(-n5c6ccccc6c6ccccc65)cc4)cc32)c2ccccc21,ClCCl,347.97488980589776,4.959967312007938
c1ccc2c(c1)OB1Oc3ccccc3-c3c1c-2c1c2c3-c3ccccc3OB2Oc2ccccc2-1,ClCCl,389.57589325336835,4.05332010124076
Cc1cc(C)c(B2c3cc(C(C)(C)C)ccc3-c3cccc4cc(C(C)(C)C)cc2c34)c(C)c1,C1CCCCC1,389.77220073855835,4.021387023374114
Cc1cc(C)c(B2c3cc(C(C)(C)C)cc4ccc5ccc6cc(C(C)(C)C)cc2c6c5c34)c(C)c1,C1CCCCC1,415.0231534854781,3.8688937300950186
Cc1cc(C)c(B2c3cc(C(C)(C)C)ccc3-c3cc4ccccc4c4cc(C(C)(C)C)cc2c34)c(C)c1,C1CCCCC1,409.0006111127389,4.186425044781956
c1cc2c3c(c1)ccc1[n+]3[B-]3(Oc4cccc5ccc6[n+](c45)[B-](O2)(O3)n2c-6cc3c4ccccc4c4ccccc4c32)n2c-1cc1c3ccccc3c3ccccc3c12,ClCCl,595.4965256765518,4.355762168597033
O=[N+]([O-])c1ccc2c(ccc3[n+]2[B-](F)(F)n2c-3cc3c4ccccc4c4ccccc4c32)c1,ClCCl,522.604565400781,4.06870803817371
CCC12C(=C3C(=C4c5ccc(-c6ccc(CO)cc6)cc5S(=O)(=O)C41CC)C(F)(F)C(F)(F)C3(F)F)c1ccc(-c3ccc(CO)cc3)cc1S2(=O)=O,C1COCCO1,466.05415000131427,4.62380593548842
CCC12C(=C3C(=C4c5ccc(-c6ccc(C(C)=O)s6)cc5S(=O)(=O)C41CC)C(F)(F)C(F)(F)C3(F)F)c1ccc(-c3ccc(C(C)=O)s3)cc1S2(=O)=O,C1COCCO1,461.3549047909412,4.656483516838803
c1cc2c(C3SCCCS3)c3ccc(=[N+]4CCCCC4)cc-3oc2cc1N1CCCCC1,CO,545.5872181294872,4.810205902952454
CCC1=C(C)C2=Cc3c4ccccc4c4n3[B-](c3ccc5cc6ccccc6cc5c3)(Oc3ccccc3-4)[N+]2=C1C,CCCCCC,628.7378431575835,4.8729928216889595
CCC1=C(C)C2=Cc3c4ccccc4c4n3[B-](c3ccc5cc6ccccc6cc5c3)(Oc3ccccc3-4)[N+]2=C1C,Cc1ccccc1,636.7762299345222,4.8271186646412385
CCC1=C(C)C2=Cc3c4ccccc4c4n3[B-](c3ccc5cc6ccccc6cc5c3)(Oc3ccccc3-4)[N+]2=C1C,ClCCl,636.0910883699082,4.82254878518093
CCC1=C(C)C2=Cc3c4ccccc4c4n3[B-](c3ccc5cc6ccccc6cc5c3)(Oc3ccccc3-4)[N+]2=C1C,CC#N,627.550184434893,4.782587312861225
CCC1=C(C)C2=Cc3c4ccccc4c4n3[B-](c3cc[n+](C)cc3)(Oc3ccccc3-4)[N+]2=C1C,CO,610.5373732858154,4.706189634547421
CCC1=C(C)C2=Cc3c4ccccc4c4n3[B-](c3cc[n+](C)cc3)(Oc3ccccc3-4)[N+]2=C1C,CS(C)=O,633.2899390149241,4.738458639853395
F[B-]1(F)OC(c2ccccc2)=Cc2cc(Cl)nc[n+]21,CCCCCC,384.9035625774438,4.5905124690761445
F[B-]1(F)OC(c2ccccc2)=Cc2cc(Cl)nc[n+]21,Cc1ccccc1,384.8138693405391,4.502158632109413
F[B-]1(F)OC(c2ccccc2)=Cc2cc(Cl)nc[n+]21,ClC(Cl)Cl,383.9597801972047,4.586003461766258
F[B-]1(F)OC(c2ccccc2)=Cc2cc(Cl)nc[n+]21,C1CCOC1,382.20036381290475,4.528218786611083
F[B-]1(F)OC(c2ccccc2)=Cc2cc(Cl)nc[n+]21,ClCCl,385.89633900541156,4.489343235466345
F[B-]1(F)OC(c2ccccc2)=Cc2cc(Cl)nc[n+]21,CC#N,378.68503776295455,4.557839446353372
CC(C)[Si]1(C(C)C)c2cc(N(C)C)ccc2-c2ccc(C(F)(F)F)cc21,C1CCCCC1,339.20804317514376,4.376479806005491
CC(C)[Si]1(C(C)C)c2cc(N(C)C)ccc2-c2ccc(C(F)(F)F)cc21,c1ccccc1,338.23421302922054,4.347648553133383
CC(C)[Si]1(C(C)C)c2cc(N(C)C)ccc2-c2ccc(C(F)(F)F)cc21,CCOCC,338.84041279378795,4.435122077502174
CC(C)[Si]1(C(C)C)c2cc(N(C)C)ccc2-c2ccc(C(F)(F)F)cc21,ClCCl,339.9953296407445,4.37546576461944
CC(C)[Si]1(C(C)C)c2cc(N(C)C)ccc2-c2ccc(C(F)(F)F)cc21,CCO,339.3162451356162,4.386122316428198
CC(C)[Si]1(C(C)C)c2cc(N(C)C)ccc2-c2ccc(C(F)(F)F)cc21,CC#N,310.3570811859282,4.248876126528094
CC(C)[Si]1(C(C)C)c2cc(N(C)C)ccc2-c2ccc(C(F)(F)F)cc21,CS(C)=O,343.90068281522633,4.39721034821939
CC(C)[Si]1(C(C)C)c2cc(C=C(C#N)C#N)ccc2-c2ccc(N(C)C)cc21,C1CCCCC1,484.0327105288742,4.734403957672142
CC(C)[Si]1(C(C)C)c2cc(C=C(C#N)C#N)ccc2-c2ccc(N(C)C)cc21,c1ccccc1,482.1096035184106,4.603797033522265
CC(C)[Si]1(C(C)C)c2cc(C=C(C#N)C#N)ccc2-c2ccc(N(C)C)cc21,CCOCC,473.14556178384225,4.614519830149701
CC(C)[Si]1(C(C)C)c2cc(C=C(C#N)C#N)ccc2-c2ccc(N(C)C)cc21,ClCCl,496.54533900846343,4.527021794112611
CC(C)[Si]1(C(C)C)c2cc(C=C(C#N)C#N)ccc2-c2ccc(N(C)C)cc21,CCO,480.49837881394325,4.605370013304674
CC(C)[Si]1(C(C)C)c2cc(C=C(C#N)C#N)ccc2-c2ccc(N(C)C)cc21,CC#N,472.4794133825382,4.482772842077097
CC(C)[Si]1(C(C)C)c2cc(C=C(C#N)C#N)ccc2-c2ccc(N(C)C)cc21,CS(C)=O,495.57259650789683,4.244645421624796
CC1=[N+]2C(=C(c3ccc(C(=C(c4ccccc4)c4ccccc4)c4ccccc4)cc3)c3ccc(C)n3[B-]2(F)F)C=C1,C1CCOC1,557.8479691973353,4.849040200326304
CC1=[N+]2C(=C(c3ccc(C(=C(c4ccccc4)c4ccccc4)c4ccccc4)cc3)c3ccc(/C=C/c4ccc(C(=C(c5ccccc5)c5ccccc5)c5ccccc5)cc4)n3[B-]2(F)F)C=C1,C1CCOC1,599.2394133886048,4.96061803800942
Cc1cc(C)c(B(c2c(C)cc(C)cc2C)c2cc3ccc4ccccc4c3c3c2cc(N(C)C)c2ccccc23)c(C)c1,C1CCCCC1,416.63271390502484,3.170548304603547
Cc1cc(C)c(B(c2c(C)cc(C)cc2C)c2cc3ccc4ccccc4c3c3c2cc(N(C)C)c2ccccc23)c(C)c1,c1ccccc1,419.566235638197,3.2383745329054
Cc1cc(C)c(B(c2c(C)cc(C)cc2C)c2cc3ccc4ccccc4c3c3c2cc(N(C)C)c2ccccc23)c(C)c1,ClC(Cl)Cl,419.49010983949023,3.2276462008015825
Cc1cc(C)c(B(c2c(C)cc(C)cc2C)c2cc3ccc4ccccc4c3c3c2cc(N(C)C)c2ccccc23)c(C)c1,C1CCOC1,417.5085231386049,3.1319300717065595
Cc1cc(C)c(B(c2c(C)cc(C)cc2C)c2cc3ccc4ccccc4c3c3c2cc(N(C)C)c2ccccc23)c(C)c1,CC#N,412.9212819593257,3.1263856227865654
CN1/C(=C/C=C/C2=[N+](C)c3c(F)c(F)c4c(F)c(F)c(F)c(F)c4c3C2(C)C)C(C)(C)c2c1c(F)c(F)c1c(F)c(F)c(F)c(F)c21,ClCCl,615.7133650226915,5.032790881557463
CN1/C(=C/C=C/C2=[N+](C)c3ccc4ccccc4c3C2(C)C)C(C)(C)c2c1ccc1ccccc21,ClCCl,623.6569891352303,5.08283354175834
C[N+]1=C(/C=C/C2=C3Oc4c(cc5c6c4CCCN6CCC5)C(c4ccccc4C(=O)O)=C3CCC2)C(C)(C)c2ccccc21,CCO,710.8546550234255,5.09949749644656
C[N+]1=C(/C=C/C2=C3Oc4c(cc5c6c4CCCN6CCC5)C(c4ccccc4C(=O)O)=C3CCC2)C(C)(C)c2ccccc21,CO,709.3239004482557,5.099929625400284
C[N+]1=C(/C=C/C2=C3Oc4c(cc5c6c4CCCN6CCC5)C(c4ccccc4C(=O)O)=C3CCC2)C(C)(C)c2ccccc21,CC#N,718.5446327378098,5.091294426960967
C[N+]1=C(/C=C/C2=C3Oc4c(cc5c6c4CCCN6CCC5)C(c4ccccc4C(=O)O)=C3CCC2)C(C)(C)c2ccccc21,ClC(Cl)Cl,725.8765375981384,5.065072260281235
CCc1c(C)[nH]c(C2=[N+]3C(=Cc4c(C)c(CC)c(C)n4[B-]3(F)F)c3ccccc32)c1C,CCCCCC,632.3317859641404,4.967876422371879
CCc1c(C)[nH]c(C2=[N+]3C(=Cc4c(C)c(CC)c(C)n4[B-]3(F)F)c3ccccc32)c1C,Cc1ccccc1,642.8539546820189,4.918122221995855
CCc1c(C)[nH]c(C2=[N+]3C(=Cc4c(C)c(CC)c(C)n4[B-]3(F)F)c3ccccc32)c1C,ClCCl,630.9450631378562,4.859131807927727
CCc1c(C)[nH]c(C2=[N+]3C(=Cc4c(C)c(CC)c(C)n4[B-]3(F)F)c3ccccc32)c1C,C1CCOC1,632.7114617052785,4.882801866737755
CCc1c(C)[nH]c(C2=[N+]3C(=Cc4c(C)c(CC)c(C)n4[B-]3(F)F)c3ccccc32)c1C,CC#N,621.2935232737346,4.83140391931262
CCc1c(C)[nH]c(C2=[N+]3C(=Cc4c(C)c(CC)c(C)n4[B-]3(F)F)c3ccccc32)c1C,CO,626.5742415066105,4.927061907815828
CC1=C2c3ccccc3C(c3ccc[nH]3)=[N+]2[B-](F)(F)n2cccc21,CCCCCC,587.5328488841056,4.864854875454933
CC1=C2c3ccccc3C(c3ccc[nH]3)=[N+]2[B-](F)(F)n2cccc21,Cc1ccccc1,593.4948456653291,4.664046316222748
CC1=C2c3ccccc3C(c3ccc[nH]3)=[N+]2[B-](F)(F)n2cccc21,ClCCl,580.4565281809,4.778951228469205
CC1=C2c3ccccc3C(c3ccc[nH]3)=[N+]2[B-](F)(F)n2cccc21,C1CCOC1,586.1457385060277,4.634907514272672
CC1=C2c3ccccc3C(c3ccc[nH]3)=[N+]2[B-](F)(F)n2cccc21,CC#N,578.1437565943571,4.548900484125083
CC1=C2c3ccccc3C(c3ccc[nH]3)=[N+]2[B-](F)(F)n2cccc21,CO,573.5524429958261,4.455867035019154
Cc1ccc(C2=[N+]3C(=Cc4c(C)cc(C)n4[B-]3(F)F)c3ccccc32)[nH]1,CCCCCC,608.266144751225,4.993608102428567
Cc1ccc(C2=[N+]3C(=Cc4c(C)cc(C)n4[B-]3(F)F)c3ccccc32)[nH]1,Cc1ccccc1,615.318549758257,4.920010217417922
Cc1ccc(C2=[N+]3C(=Cc4c(C)cc(C)n4[B-]3(F)F)c3ccccc32)[nH]1,ClCCl,607.0419311432172,4.893924954284816
Cc1ccc(C2=[N+]3C(=Cc4c(C)cc(C)n4[B-]3(F)F)c3ccccc32)[nH]1,C1CCOC1,609.8064381011886,4.908636369172748
Cc1ccc(C2=[N+]3C(=Cc4c(C)cc(C)n4[B-]3(F)F)c3ccccc32)[nH]1,CC#N,599.8710102973316,4.802937822461428
Cc1ccc(C2=[N+]3C(=Cc4c(C)cc(C)n4[B-]3(F)F)c3ccccc32)[nH]1,CO,602.9153046470274,4.88916169494694
CCc1c(C)[nH]c(C2=[N+]3C(=Cc4c(C)cc(C)n4[B-]3(F)F)c3ccccc32)c1C,CCCCCC,620.0833365403253,5.018044155395348
CCc1c(C)[nH]c(C2=[N+]3C(=Cc4c(C)cc(C)n4[B-]3(F)F)c3ccccc32)c1C,Cc1ccccc1,625.9619096725328,4.99126728333061
CCc1c(C)[nH]c(C2=[N+]3C(=Cc4c(C)cc(C)n4[B-]3(F)F)c3ccccc32)c1C,ClCCl,618.0343252035857,4.928176817882638
CCc1c(C)[nH]c(C2=[N+]3C(=Cc4c(C)cc(C)n4[B-]3(F)F)c3ccccc32)c1C,C1CCOC1,618.2824208599204,4.971938629906647
CCc1c(C)[nH]c(C2=[N+]3C(=Cc4c(C)cc(C)n4[B-]3(F)F)c3ccccc32)c1C,CC#N,610.2746381730148,4.893201073164075
CCc1c(C)[nH]c(C2=[N+]3C(=Cc4c(C)cc(C)n4[B-]3(F)F)c3ccccc32)c1C,CO,612.3846951681006,4.974347828418748
CCOC(=O)COc1ccc(/C=C/c2cc(C)c3n2[B-](F)(F)[N+]2=C(c4[nH]c(C)cc4C)c4ccccc4C2=C3)cc1,CCCCCC,657.1383261932824,5.091474673649468
CCOC(=O)COc1ccc(/C=C/c2cc(C)c3n2[B-](F)(F)[N+]2=C(c4[nH]c(C)cc4C)c4ccccc4C2=C3)cc1,Cc1ccccc1,663.0056103167891,5.049044559760816
CCOC(=O)COc1ccc(/C=C/c2cc(C)c3n2[B-](F)(F)[N+]2=C(c4[nH]c(C)cc4C)c4ccccc4C2=C3)cc1,ClCCl,659.3010652289727,5.125591297961538
CCOC(=O)COc1ccc(/C=C/c2cc(C)c3n2[B-](F)(F)[N+]2=C(c4[nH]c(C)cc4C)c4ccccc4C2=C3)cc1,C1CCOC1,659.2728114530435,5.1309667882233025
CCOC(=O)COc1ccc(/C=C/c2cc(C)c3n2[B-](F)(F)[N+]2=C(c4[nH]c(C)cc4C)c4ccccc4C2=C3)cc1,CC#N,648.9856241388671,5.038397993517298
CCOC(=O)COc1ccc(/C=C/c2cc(C)c3n2[B-](F)(F)[N+]2=C(c4[nH]c(C)cc4C)c4ccccc4C2=C3)cc1,CO,650.9389226842286,5.030384360334593
CCOC(=O)COc1ccc(/C=C/c2c(CC)c(C)c3n2[B-](F)(F)[N+]2=C(c4[nH]c(C)c(CC)c4C)c4ccccc4C2=C3C)cc1,CCCCCC,649.7762923064099,5.056092415122796
CCOC(=O)COc1ccc(/C=C/c2c(CC)c(C)c3n2[B-](F)(F)[N+]2=C(c4[nH]c(C)c(CC)c4C)c4ccccc4C2=C3C)cc1,Cc1ccccc1,658.2024184021302,5.029173067855465
CCOC(=O)COc1ccc(/C=C/c2c(CC)c(C)c3n2[B-](F)(F)[N+]2=C(c4[nH]c(C)c(CC)c4C)c4ccccc4C2=C3C)cc1,ClCCl,650.801604332544,5.072219754218111
CCOC(=O)COc1ccc(/C=C/c2c(CC)c(C)c3n2[B-](F)(F)[N+]2=C(c4[nH]c(C)c(CC)c4C)c4ccccc4C2=C3C)cc1,C1CCOC1,651.2359623816088,5.096344952197416
CCOC(=O)COc1ccc(/C=C/c2c(CC)c(C)c3n2[B-](F)(F)[N+]2=C(c4[nH]c(C)c(CC)c4C)c4ccccc4C2=C3C)cc1,CC#N,640.5252434652502,4.993670041876722
CCOC(=O)COc1ccc(/C=C/c2c(CC)c(C)c3n2[B-](F)(F)[N+]2=C(c4[nH]c(C)c(CC)c4C)c4ccccc4C2=C3C)cc1,CO,645.2658145110465,5.028243541978113
CCOC(=O)COc1ccc(/C=C/C2=C3c4ccccc4C(c4ccc[nH]4)=[N+]3[B-](F)(F)n3ccc(C)c32)cc1,CCCCCC,613.8784572994762,4.59865341821566
CCOC(=O)COc1ccc(/C=C/C2=C3c4ccccc4C(c4ccc[nH]4)=[N+]3[B-](F)(F)n3ccc(C)c32)cc1,Cc1ccccc1,620.0255288147071,4.83211600588891
CCOC(=O)COc1ccc(/C=C/C2=C3c4ccccc4C(c4ccc[nH]4)=[N+]3[B-](F)(F)n3ccc(C)c32)cc1,ClCCl,615.9420080793157,4.237220918701467
CCOC(=O)COc1ccc(/C=C/C2=C3c4ccccc4C(c4ccc[nH]4)=[N+]3[B-](F)(F)n3ccc(C)c32)cc1,C1CCOC1,616.1106931229499,4.590710516120073
CCOC(=O)COc1ccc(/C=C/C2=C3c4ccccc4C(c4ccc[nH]4)=[N+]3[B-](F)(F)n3ccc(C)c32)cc1,CC#N,603.3766413016035,4.4688438378322495
CCOC(=O)COc1ccc(/C=C/C2=C3c4ccccc4C(c4ccc[nH]4)=[N+]3[B-](F)(F)n3ccc(C)c32)cc1,CO,607.9719929397916,4.776843261175181
CCc1c(C)[nH]c(C2=[N+]3C(=Cc4c(C)c(CC)c(/C=C/c5ccc(N(C)C)cc5)n4[B-]3(F)F)c3ccccc32)c1C,CCCCCC,674.2236095277857,5.026842596118591
CCc1c(C)[nH]c(C2=[N+]3C(=Cc4c(C)c(CC)c(/C=C/c5ccc(N(C)C)cc5)n4[B-]3(F)F)c3ccccc32)c1C,Cc1ccccc1,682.284486810431,5.0350275034529135
CCc1c(C)[nH]c(C2=[N+]3C(=Cc4c(C)c(CC)c(/C=C/c5ccc(N(C)C)cc5)n4[B-]3(F)F)c3ccccc32)c1C,ClCCl,676.8734886665113,5.0332699716114835
CCc1c(C)[nH]c(C2=[N+]3C(=Cc4c(C)c(CC)c(/C=C/c5ccc(N(C)C)cc5)n4[B-]3(F)F)c3ccccc32)c1C,C1CCOC1,677.102844318369,5.035584958486319
CCc1c(C)[nH]c(C2=[N+]3C(=Cc4c(C)c(CC)c(/C=C/c5ccc(N(C)C)cc5)n4[B-]3(F)F)c3ccccc32)c1C,CC#N,669.6703010083809,4.979793905049292
CCc1c(C)[nH]c(C2=[N+]3C(=Cc4c(C)c(CC)c(/C=C/c5ccc(N(C)C)cc5)n4[B-]3(F)F)c3ccccc32)c1C,CO,667.998477580297,5.03483510042412
CCN(CC)c1ccc(OC)c(C=O)c1,CCCCCC,395.79071444789344,3.5623643737072292
CCN(CC)c1ccc(OC)c(C=O)c1,Cc1ccccc1,411.82793584088756,3.6936121830116835
CCN(CC)c1ccc(OC)c(C=O)c1,CCOC(C)=O,404.8854517740585,3.560600040103969
CCN(CC)c1ccc(OC)c(C=O)c1,ClCCl,414.2204305819,3.6052712621565126
CCN(CC)c1ccc(OC)c(C=O)c1,CS(C)=O,420.27479908298955,3.688200585524884
CCN(CC)c1ccc(OC)c(C=O)c1,CC#N,405.76481929568007,3.481834625081561
CCN(CC)c1ccc(OC)c(C=O)c1,CC(C)O,414.17031138380247,3.5285529603674983
CCN(CC)c1ccc(OC)c(C=O)c1,CO,408.0856482090312,3.5827754479313887
COc1ccc(-c2cc3c(o2)=CC2=Cc4cc5oc(-c6ccc(OC)cc6)cc5n4[B-](F)(F)[N+]=32)cc1,ClC(Cl)Cl,689.2238892154164,5.465091688307183
CCCCN1C(=O)C2=C(c3ccc(Br)cc3)[N-]C(=O)C2=C1c1ccc(Br)cc1,ClCCl,565.8161965979399,4.214480973687034
CCCCN1C(=O)C2=C(c3ccc(-c4ccccc4)cc3)[N-]C(=O)C2=C1c1ccc(-c2ccccc2)cc1,ClCCl,587.024005880622,4.2566379859843275
CC1(C)C(/C=C/C=C/c2cc3ccc(O)cc3oc2=O)=[N+](CCCS(=O)(=O)[O-])c2ccccc21,O,634.4621081675366,4.5589152824692425
CC1(C)C(/C=C/C=C/c2cc3ccc(O)cc3oc2=O)=[N+](CCCS(=O)(=O)[O-])c2ccccc21,CS(C)=O,640.0388659641316,4.563324162779846
CC1(C)C(/C=C/c2cc3ccc(O)cc3oc2=O)=[N+](CCCS(=O)(=O)[O-])c2ccc(S(=O)(=O)O)cc21,O,647.2817589286121,4.439169496631899
CC1(C)C(/C=C/c2cc3ccc(O)cc3oc2=O)=[N+](CCCS(=O)(=O)[O-])c2ccc(S(=O)(=O)O)cc21,CS(C)=O,656.8708154422495,4.406107292383075
CC1(C)C(/C=C/c2cc3ccc(O)cc3oc2=O)=[N+](CCCS(=O)(=O)[O-])c2ccc(S(=O)(=O)O)cc21,CCO,648.4905579765666,4.444435340141287
CC1(C)C(/C=C/C=C/c2cc3ccc(O)cc3oc2=O)=[N+](CCCS(=O)(=O)[O-])c2ccc(S(=O)(=O)O)cc21,O,665.3462981341506,4.647175305774135
CC1(C)C(/C=C/C=C/c2cc3ccc(O)cc3oc2=O)=[N+](CCCS(=O)(=O)[O-])c2ccc(S(=O)(=O)O)cc21,CS(C)=O,666.1762590529083,4.6536938357294275
CC1(C)C(/C=C/C=C/c2cc3ccc(O)cc3oc2=O)=[N+](CCCS(=O)(=O)[O-])c2ccc(S(=O)(=O)O)cc21,CCO,656.1803981725726,4.6871642745778335
CC1(C)C(/C=C/c2cc3ccc(O)cc3oc2=O)=[N+](CCCS(=O)(=O)[O-])c2ccc3c(S(=O)(=O)O)cc(S(=O)(=O)O)cc3c21,O,662.2526346866032,4.4775978048016105
CC1(C)C(/C=C/c2cc3ccc(O)cc3oc2=O)=[N+](CCCS(=O)(=O)[O-])c2ccc3c(S(=O)(=O)O)cc(S(=O)(=O)O)cc3c21,CS(C)=O,669.8503000640577,4.42411007936841
CC1(C)C(/C=C/c2cc3ccc(O)cc3oc2=O)=[N+](CCCS(=O)(=O)[O-])c2ccc3c(S(=O)(=O)O)cc(S(=O)(=O)O)cc3c21,CCO,661.7060866440918,4.468581092646868
COc1cccc(-c2c3ccccc3c3n2[B-](F)(F)[N+]2=Cc4c5ccccc5c(-c5cccc(OC)c5)n4[B-](F)(F)[N+]2=C3)c1,CC#N,558.2531358451635,4.7832858682730235
COc1cccc(-c2c3ccccc3c3n2[B-](F)(F)[N+]2=Cc4c5ccccc5c(-c5cccc(OC)c5)n4[B-](F)(F)[N+]2=C3)c1,CN(C)C=O,566.0131604208451,4.752000694400291
COc1cccc(-c2c3ccccc3c3n2[B-](F)(F)[N+]2=Cc4c5ccccc5c(-c5cccc(OC)c5)n4[B-](F)(F)[N+]2=C3)c1,ClCCl,563.7075022849675,4.715169190269186
COc1cccc(-c2c3ccccc3c3n2[B-](F)(F)[N+]2=Cc4c5ccccc5c(-c5cccc(OC)c5)n4[B-](F)(F)[N+]2=C3)c1,CCCCCC,566.5583207779016,4.752260174378197
COc1cccc(-c2c3ccccc3c3n2[B-](F)(F)[N+]2=Cc4c5ccccc5c(-c5cccc(OC)c5)n4[B-](F)(F)[N+]2=C3)c1,Cc1ccccc1,570.3327127002829,4.7915810871595825
CC(C)(C)c1ccc(-c2sc3c(-c4ccc(C(C)(C)C)cc4)c4n(c3c2-c2ccc(C(C)(C)C)cc2)[B-](F)(F)[N+]2=Cc3c(-c5ccc(C(C)(C)C)cc5)c5sc(-c6ccc(C(C)(C)C)cc6)c(-c6ccc(C(C)(C)C)cc6)c5n3[B-](F)(F)[N+]2=C4)cc1,CC#N,574.5915693681558,4.97340965562077
CC(C)(C)c1ccc(-c2sc3c(-c4ccc(C(C)(C)C)cc4)c4n(c3c2-c2ccc(C(C)(C)C)cc2)[B-](F)(F)[N+]2=Cc3c(-c5ccc(C(C)(C)C)cc5)c5sc(-c6ccc(C(C)(C)C)cc6)c(-c6ccc(C(C)(C)C)cc6)c5n3[B-](F)(F)[N+]2=C4)cc1,CN(C)C=O,594.509731298045,4.951769162945798
CC(C)(C)c1ccc(-c2sc3c(-c4ccc(C(C)(C)C)cc4)c4n(c3c2-c2ccc(C(C)(C)C)cc2)[B-](F)(F)[N+]2=Cc3c(-c5ccc(C(C)(C)C)cc5)c5sc(-c6ccc(C(C)(C)C)cc6)c(-c6ccc(C(C)(C)C)cc6)c5n3[B-](F)(F)[N+]2=C4)cc1,ClCCl,590.5279491593404,4.991217283145241
CC(C)(C)c1ccc(-c2sc3c(-c4ccc(C(C)(C)C)cc4)c4n(c3c2-c2ccc(C(C)(C)C)cc2)[B-](F)(F)[N+]2=Cc3c(-c5ccc(C(C)(C)C)cc5)c5sc(-c6ccc(C(C)(C)C)cc6)c(-c6ccc(C(C)(C)C)cc6)c5n3[B-](F)(F)[N+]2=C4)cc1,CCCCCC,591.1408560702733,4.948978088922431
CC(C)(C)c1ccc(-c2sc3c(-c4ccc(C(C)(C)C)cc4)c4n(c3c2-c2ccc(C(C)(C)C)cc2)[B-](F)(F)[N+]2=Cc3c(-c5ccc(C(C)(C)C)cc5)c5sc(-c6ccc(C(C)(C)C)cc6)c(-c6ccc(C(C)(C)C)cc6)c5n3[B-](F)(F)[N+]2=C4)cc1,Cc1ccccc1,598.1944612376986,5.005554745850848
CCN(CC)c1ccc2c(c1)oc(=O)c1cnc3c(cnn3-c3ccccc3)c12,ClCCl,402.2198361572572,4.779869285418364
CCN(CC)c1ccc2c(c1)oc(=O)c1cnc3c(c(C)nn3-c3ccccc3)c12,ClCCl,390.93625318142654,4.587857321750629
CCN(CC)c1ccc2c(c1)oc(=O)c1c(C)nc3c(c(C)nn3-c3ccccc3)c12,ClCCl,404.8429210901154,4.5607011610148955
CCN(CC)c1ccc2c(c1)oc(=O)c1c(C)nc3c(c(-c4ccccc4)nn3C)c12,ClCCl,385.53887873322327,4.549646000637177
O=C1c2ccccc2-c2cc3ccccc3c(=O)n21,ClC(Cl)Cl,356.683672426783,3.98871338559841
O=C1c2ccccc2C2=Cc3ccccc3B(O)N12,ClC(Cl)Cl,373.6700925488753,3.9350419131019363
CCC1=C(C)C2=Cc3cscc3B(O)N2C1=O,ClC(Cl)Cl,376.65527899919334,4.21015101913937
O=C1c2ccccc2-c2cc3ccccc3c(=O)n21,CO,351.9152726618635,4.151158307667646
O=C1c2ccccc2C2=Cc3ccccc3B(O)N12,CO,371.71940685270374,3.9586238384448453
CCC1=C(C)C2=Cc3cscc3B(O)N2C1=O,CO,365.1389961745753,4.179632472566115
O=C1c2ccccc2-c2cc3ccccc3c(=O)n21,CS(C)=O,357.9785829829679,4.141073682725973
O=C1c2ccccc2C2=Cc3ccccc3B(O)N12,CS(C)=O,376.37834823923885,4.056206725546008
CCC1=C(C)C2=Cc3cscc3B(O)N2C1=O,CS(C)=O,369.1429125213697,4.198655878838155
O=C1c2ccccc2-c2cc3ccccc3c(=O)n21,CC#N,351.6531001242473,3.9768146801251976
O=C1c2ccccc2C2=Cc3ccccc3B(O)N12,CC#N,371.87617155326353,3.7514142062774845
CCC1=C(C)C2=Cc3cscc3B(O)N2C1=O,CC#N,365.2573182375322,4.168187965592992
CCC1=C(C)C2=Cc3cscc3B(O)N2C1=O,CCCCCC,379.1221899354354,4.234314784555437
CCC1(CC)c2ccccc2-c2c1c1c(c3c2C(CC)(CC)c2cc(N(c4ccccc4)c4ccccc4)ccc2-3)C(CC)(CC)c2ccccc2-1,C1CCOC1,368.0635495216823,4.397766595759172
CCC1(CC)c2ccccc2-c2c1c1c(c3c2C(CC)(CC)c2cc(B(c4c(C)cc(C)cc4C)c4c(C)cc(C)cc4C)ccc2-3)C(CC)(CC)c2ccccc2-1,C1CCOC1,367.9112666700919,4.4731959885548225
c1ccc(N(c2ccccc2)c2ccc(-c3cnc(-c4ccncc4)s3)cc2)cc1,CO,378.6524959139528,4.5584728423340195
c1ccc(Nc2ncnc3ccc(-c4ccccc4)cc23)cc1,ClC(Cl)Cl,335.6353094530399,4.18368330162165
N#Cc1ccc(-c2ccc3ncnc(Nc4ccccc4)c3c2)cc1,ClC(Cl)Cl,346.0683975158811,4.2644255239004485
CN(C)c1ccc(/C=C/c2ccc3ncnc(Nc4ccccc4)c3c2)cc1,ClC(Cl)Cl,366.88879252322147,4.480924128638578
O=[N+]([O-])c1ccc(/C=C/c2ccc3ncnc(Nc4ccccc4)c3c2)cc1,ClC(Cl)Cl,350.9582072564364,4.332097247287962
CN(C)c1ccc(/C=C/C=C/c2ccc3ncnc(Nc4ccccc4)c3c2)cc1,ClC(Cl)Cl,407.5441383398381,4.567849866967842
C(/C=C/c1ccc2ncnc(Nc3ccccc3)c2c1)=C\c1ccccc1,ClC(Cl)Cl,358.8786657730474,4.668077083698844
O=[N+]([O-])c1ccc(/C=C/C=C/c2ccc3ncnc(Nc4ccccc4)c3c2)cc1,ClC(Cl)Cl,367.03938764925863,4.48309762620449
CCOC(=O)c1cc(C(=O)OCC)c2ccccc2n1,CCO,334.60543431707646,3.4484809558411706
CCOC(=O)c1cc(C(=O)OCC)c2cc(N)ccc2n1,CCO,380.7308049161305,3.808499186363959
CCOC(=O)c1cc(C(=O)OCC)c2cc(N(C)C)ccc2n1,CCO,417.042618686073,3.75629779891242
CCOC(=O)c1cc(C(=O)OCC)c2cc([N+](=O)[O-])ccc2n1,CCO,355.01894994769384,3.7698984282061416
CCOC(=O)c1cc(C(=O)NCc2ccccc2)c2ccc(N(C)C)cc2n1,CCO,413.7107655935635,3.3974597102467605
CCOC(=O)c1cc(C(=O)O)nc2cc(OC)ccc12,CCO,350.8199575302799,3.450730312950261
CCC1=C(C)C(=O)n2c1cc1c(C)c(CC(=O)O)c(C)n1c2=O,c1ccccc1,417.806617664456,4.211926550323941
CCC1=C(C)C(=O)n2c1cc1c(C)c(CC(=O)O)c(C)n1c2=O,ClC(Cl)Cl,422.9229873707442,4.223324946416997
CCC1=C(C)C(=O)n2c1cc1c(C)c(CC(=O)O)c(C)n1c2=O,CC(C)=O,411.411252028867,4.191783964794156
CCC1=C(C)C(=O)n2c1cc1c(C)c(CC(=O)O)c(C)n1c2=O,CO,419.9289606764863,4.232766750596337
CCC1=C(C)C(=O)n2c1cc1c(C)c(CC(=O)O)c(C)n1c2=O,CC#N,401.7874189925787,4.13769639089976
CCC1=C(C)C(=O)n2c1cc1c(C)c(CC(=O)O)c(C)n1c2=O,CS(C)=O,419.6420488951346,4.229084428695704
CC[n+]1nc2ccc(N(C)C)cc2c2cc(C)ccc21,O,474.6495971631691,4.506977273345808
CC[n+]1nc2cc3c4c(c2c2ccccc21)CCCN4CCC3,O,516.2273506284341,4.716159606386753
CC[n+]1nc2cc3c4c(c2c2cc(F)ccc21)CCCN4CCC3,O,511.6505202154847,4.7075076206203645
Cc1ccc(C2=Nc3cccc4[n+]3[B-](F)(O2)OC(c2ccc(C)cc2)=N4)cc1,ClCCl,397.9377482596849,4.774107505736061
c1ccc(C2=Nc3cccc4[n+]3[B-](c3ccccc3)(N2)NC(c2ccccc2)=N4)cc1,ClCCl,413.85143126759544,4.380741609522636
c1ccc([B-]23NC(C4CCCCC4)=Nc4cccc([n+]42)N=C(C2CCCCC2)N3)cc1,ClCCl,392.6560048898063,4.018672613889674
Nc1cc2nc3cc(F)c(F)cc3nc2cc1N,CCO,437.5499243901725,4.270214980964668
CC1(C)Nc2cc3nc4cc(Cl)c(Cl)cc4nc3cc2N1,CCO,455.1321075304679,4.500057774103685
CC1(C)Nc2cc3nc4cc(Br)c(Br)cc4nc3cc2N1,CCO,446.52410009626624,4.479689735494936
CNc1cc2nc3cc(Cl)c(Cl)cc3nc2cc1NC,CCO,449.0381204533691,4.136296711325684
CN1CCc2cc(C3=Cc4cccc[n+]4[B-](F)(F)O3)ccc21,ClC(Cl)Cl,422.63449100262307,4.465415623241269
F[B-]1(F)OC(c2ccc(N3CCCC3)cc2)=Cc2cccc[n+]21,ClC(Cl)Cl,423.0628435615941,4.424204241258747
F[B-]1(F)OC(c2cc3c4c(c2)CCCN4CCC3)=Cc2cccc[n+]21,ClC(Cl)Cl,453.55262925619985,4.494103211506954
O=C1/C(=C2\Nc3cc4ccc5cccc6ccc(c3C2=O)c4c56)Nc2cc3ccc4cccc5ccc(c21)c3c45,C1CCOC1,455.0264152804015,4.329569687266139
COc1ccc2c3ccc(OC)cc3c3cc4c(C)cc(=O)oc4cc3c2c1,ClC(Cl)Cl,377.7226341441107,4.098039442140294
COc1cc2c3cc(OC)c(OC)cc3c3cc4c(C)cc(=O)oc4cc3c2cc1OC,ClC(Cl)Cl,400.566443317299,4.365731861175199
COc1cc(OC)c2c(c1)c1cc3oc(=O)cc(C)c3cc1c1cc(OC)cc(OC)c12,ClC(Cl)Cl,397.31976567042136,4.057412482548752
CCCCCCn1c2ccccc2c2cc3c4cc5c6ccccc6n(CCCCCC)c5cc4c4cc5c(C)cc(=O)oc5cc4c3cc21,ClC(Cl)Cl,483.28782660509114,5.026364519092928
Cc1cc(=O)oc2cc3c(cc12)c1c2ccccc2c2ccccc2c1c1c2ccccc2c2ccccc2c31,ClC(Cl)Cl,452.9308266251631,4.237637825095138
c1ccc(-c2cnc3nn4ccccc4c3c2)cc1,C1CCOC1,385.4213255230184,3.917362976358477
CC(=O)c1ccc(-c2cnc3nn4ccccc4c3c2)cc1,C1CCOC1,392.58808643795686,3.9248898855948937
C1=[N+](c2ccccc2)[B-]2(Oc3c1ccc1c4c(ccc31)C=[N+](c1ccccc1)[B-]1(O4)c3ccccc3Oc3ccccc31)c1ccccc1Oc1ccccc12,ClCCl,512.0296271306029,4.127456465092894
C1=[N+](c2ccccc2)[B-]2(Oc3c1ccc1c4c(ccc31)C=[N+](c1ccccc1)[B-]1(O4)c3ccccc3Oc3ccccc31)c1ccccc1Oc1ccccc12,Cc1ccccc1,521.9214678593371,4.080869950122002
O=[N+]([O-])c1ccc([N+]2=Cc3ccc4c5c(ccc4c3O[B-]2(c2ccccc2)c2ccccc2)C=[N+](c2ccc([N+](=O)[O-])cc2)[B-](c2ccccc2)(c2ccccc2)O5)cc1,ClCCl,549.7857542359181,4.199690054162815
CCCCCCOc1ccc(N(c2ccc(OCCCCCC)cc2)c2ccc(-c3sc(-c4ccc(N(c5ccc(OCCCCCC)cc5)c5ccc(OCCCCCC)cc5)cc4)c4nc(CC)c(CC)nc34)cc2)cc1,ClCCl,559.0547929813089,4.088810156838566
CCCCCCOc1ccc(N(c2ccc(OCCCCCC)cc2)c2ccc(-c3sc(-c4ccc(N(c5ccc(OCCCCCC)cc5)c5ccc(OCCCCCC)cc5)cc4)c4nc(-c5ccc(C(=O)OC)cc5)c(-c5ccc(C(=O)OC)cc5)nc34)cc2)cc1,ClCCl,586.7064259381746,4.0785642975798915
COc1ccc(-c2nc(-c3ccc(C)cc3)c3ccccn23)cc1,ClC(Cl)Cl,326.4376802510598,4.387886523402914
CN(C)c1ccc(-c2nc(-c3ccccc3)n3ccccc23)cc1,ClC(Cl)Cl,342.2341850988885,4.224414820211539
COc1ccc(-c2cc(-c3ccc(C(F)(F)F)cc3)nn2C)cc1,ClCCl,261.2718712740325,4.418482652572045
COc1ccc(-c2cc(-c3ccc(C#N)cc3)nn2C)cc1,ClCCl,275.42793813823323,4.520759424658373
CN(C)c1ccc(-c2cc(-c3ccccc3)nn2C)cc1,ClCCl,265.19457051670094,4.61750003294949
c1ccc2cc3c(cc2c1)-c1cccc2cc4ccccc4c-3c12,CCCCCCC,413.3338808504238,3.963032067522933
c1ccc2cc3c(cc2c1)-c1cccc2c1c-3cc1ccccc12,CCCCCCC,393.7662688942074,4.0589440005276645
c1cc2c3c(cccc3c1)-c1c-2ccc2ccc3ccccc3c12,CCCCCCC,404.1449934417263,3.8859672376764194
CC1(C)CC(/C=C/c2ccc(-n3cccn3)cc2)=CC(=C(C#N)C#N)C1,c1ccccc1,413.80119642904333,5.2874003638384
CC1(C)CC(/C=C/c2ccc(-n3cccn3)cc2)=CC(=C(C#N)C#N)C1,ClCCl,399.0001933734093,5.252568469146629
CC1(C)CC(/C=C/c2ccc(-n3cccn3)cc2)=CC(=C(C#N)C#N)C1,C1CCOC1,406.9806849130345,5.272861597926285
CC1(C)CC(/C=C/c2ccc(-n3cccn3)cc2)=CC(=C(C#N)C#N)C1,CCOC(C)=O,400.16487089981575,5.313074988690799
CC1(C)CC(/C=C/c2ccc(-n3cccn3)cc2)=CC(=C(C#N)C#N)C1,CCO,404.9382713330413,5.3768436766242464
CC1(C)CC(/C=C/c2ccc(-n3cccn3)cc2)=CC(=C(C#N)C#N)C1,CC#N,397.7492105628755,5.263231822717218
CC1(C)CC(/C=C/c2ccc(-n3cncn3)cc2)=CC(=C(C#N)C#N)C1,c1ccccc1,409.91621785249106,5.17790632548706
CC1(C)CC(/C=C/c2ccc(-n3cncn3)cc2)=CC(=C(C#N)C#N)C1,ClCCl,395.55748015268085,5.143341363767541
CC1(C)CC(/C=C/c2ccc(-n3cncn3)cc2)=CC(=C(C#N)C#N)C1,C1CCOC1,404.77565585056345,5.168129082292779
CC1(C)CC(/C=C/c2ccc(-n3cncn3)cc2)=CC(=C(C#N)C#N)C1,CCOC(C)=O,398.117906711664,5.20711316314523
CC1(C)CC(/C=C/c2ccc(-n3cncn3)cc2)=CC(=C(C#N)C#N)C1,CCO,403.2574342003358,5.265271700033771
CC1(C)CC(/C=C/c2ccc(-n3cncn3)cc2)=CC(=C(C#N)C#N)C1,CC#N,394.11790963865457,5.1725929193917874
Nc1nc2ccc(F)cc2[n+]([O-])n1,CC#N,410.97250901878124,3.856341766049431
Nc1nc2ccc(F)cc2[n+]([O-])n1,O,420.6940019816693,3.8347065194141674
COc1ccc(-c2c3ccc(=[N+]4CCCCC4)cc-3oc3cc(N4CCCCC4)ccc23)cc1,ClCCl,568.9227492680462,5.035057604866971
COc1cccc(OC)c1-c1c2ccc(=[N+]3CCCCC3)cc-2oc2cc(N3CCCCC3)ccc12,ClCCl,569.1577556750897,5.006149248778478
Cc1ccccc1-c1c2ccc(=[N+]3CCCCC3)cc-2oc2cc(N3CCCCC3)ccc12,ClCCl,566.9574866237625,5.04778051744792
CC(C)(C)OC(=O)N1CCN(c2ccc3c(-c4ccc(I)cc4)c4ccc(=[N+]5CCN(C(=O)OC(C)(C)C)CC5)cc-4oc3c2)CC1,ClCCl,557.228748942666,5.060889755628991
COc1ccc(-c2c3ccc(=[N+]4CCCCC4)cc-3oc3cc(N4CCCCC4)ccc23)cc1,CCO,571.3533491015509,4.908470558138344
Cc1ccccc1-c1c2ccc(=[N+]3CCCCC3)cc-2oc2cc(N3CCCCC3)ccc12,CCO,567.5884334456096,4.917411437884596
Oc1cccc(O)c1-c1c2ccc(=[N+]3CCCCC3)cc-2oc2cc(N3CCCCC3)ccc12,CCO,547.5825597936318,4.795349552650203
O=C(O)COc1cccc(OCC(=O)O)c1-c1c2ccc(=[N+]3CCCCC3)cc-2oc2cc(N3CCCCC3)ccc12,CCO,567.1292220750636,4.872522487094316
COc1cccc(OC)c1-c1c2ccc(=[N+]3CCNCC3)cc-2oc2cc(N3CCNCC3)ccc12,CCO,562.6855782116107,4.934852204425245
O=C(O)COc1cccc(OCC(=O)O)c1-c1c2ccc(=[N+]3CCCCC3)cc-2oc2cc(N3CCCCC3)ccc12,O,573.7097765224057,4.705998316906154
COc1cccc(OC)c1-c1c2ccc(=[N+]3CCNCC3)cc-2oc2cc(N3CCNCC3)ccc12,O,548.302143461204,4.820010714989897
CCCCCCCCn1c(=O)c2cc3c(-c4ccc(N(c5ccccc5)c5ccccc5)cc4)c4cc5c(=O)n(CCCCCCCC)c(=O)c5cc4c(-c4ccc(N(c5ccccc5)c5ccccc5)cc4)c3cc2c1=O,ClC(Cl)Cl,529.4682014300943,4.141583887222409
CCCCCCCCn1c(=O)c2cc3cc4cc5c(=O)n(CCCCCCCC)c(=O)c5cc4c(-c4ccc(N(c5ccccc5)c5ccccc5)cc4)c3cc2c1=O,ClC(Cl)Cl,502.10270046286627,4.125456077792499
CCCCCCCCn1c(=O)c2cc3c(C#Cc4ccc(N(c5ccccc5)c5ccccc5)cc4)c4cc5c(=O)n(CCCCCCCC)c(=O)c5cc4c(C#Cc4ccc(N(c5ccccc5)c5ccccc5)cc4)c3cc2c1=O,ClC(Cl)Cl,583.1392242053843,4.2434344728517175
F[B-]1(F)n2c(cc(Cl)c2-c2ccccc2)C(c2ccccc2)=C2C=C(Cl)C(c3ccccc3)=[N+]21,Cc1ccccc1,594.4340211798913,4.6243520301323855
F[B-]1(F)n2c(cc(Cl)c2-c2ccccc2)C(c2ccccc2)=C2C=C(Cl)C(c3ccccc3)=[N+]21,C1CCOC1,589.165992142842,4.567893391007639
F[B-]1(F)n2c(cc(Cl)c2-c2ccccc2)C(c2ccccc2)=C2C=C(Cl)C(c3ccccc3)=[N+]21,CC#N,579.6727609356196,4.493890728808927
F[B-]1(F)n2c(cc(-c3ccccc3)c2-c2ccccc2)C(c2ccccc2)=C2C=C(c3ccccc3)C(c3ccccc3)=[N+]21,Cc1ccccc1,600.7129353150116,4.48711479920182
F[B-]1(F)n2c(cc(-c3ccccc3)c2-c2ccccc2)C(c2ccccc2)=C2C=C(c3ccccc3)C(c3ccccc3)=[N+]21,C1CCOC1,598.1678576823103,4.475127580375855
F[B-]1(F)n2c(cc(-c3ccccc3)c2-c2ccccc2)C(c2ccccc2)=C2C=C(c3ccccc3)C(c3ccccc3)=[N+]21,CC#N,585.8404727092839,4.404012921829039
O=C1c2ccc3c4c(-c5ccccc5)cc5c6c(ccc(c7c(-c8ccccc8)cc(c2c37)C(=O)N1C1CCCCC1)c64)C(=O)N(C1CCCCC1)C5=O,ClC(Cl)Cl,604.3244554706644,4.4677514586015015
O=C1c2ccc3c4c(NC5CCCCC5)cc5c6c(ccc(c7c(NC8CCCCC8)cc(c2c37)C(=O)N1C1CCCCC1)c64)C(=O)N(C1CCCCC1)C5=O,ClC(Cl)Cl,609.69568579988,4.510747583995223
CCCCCCCCCCCCOc1cc2c3c(ccc4c5c(OC6CCC(C(C)(C)C)CC6)cc6c7c(ccc(c1c34)c75)C(=O)N(C1CCCCC1)C6=O)C(=O)N(C1CCCCC1)C2=O,ClC(Cl)Cl,584.2587363207339,4.670395797070852
CCCCCCCCCCCCOc1cc2c3c(ccc4c5c(NC6CCCCC6)cc6c7c(ccc(c1c34)c75)C(=O)N(C1CCCCC1)C6=O)C(=O)N(C1CCCCC1)C2=O,ClC(Cl)Cl,599.0293728180793,4.603403833801144
CCCCCCOc1cc2cc(=O)oc3ccc4cccc1c4c23,CC1CCCO1,464.48908302802073,4.538008457492537
COc1cc2oc(=O)c3c4ccc(N(C)C)cc4c4ccc5cccc6c(c1)c2c3c4c56,C1CCOC1,455.8694607603238,4.288332495672736
CCCCCOc1cc2oc(=O)c3c4ccc(N(c5ccc(C)cc5)c5ccc(C)cc5)cc4c4ccc5cccc6c(c1)c2c3c4c56,C1CCOC1,481.71519768369353,4.173134058459639
CCCCCCc1ccc(-n2c3c(c4c2c2c(n4-c4ccc(CCCCCC)cc4)-c4cccc(OC)c4NB2c2ccccc2)B(c2ccccc2)Nc2c(OC)cccc2-3)cc1,Cc1ccccc1,394.2548185606216,4.792942524913154
F[B-]1(F)n2c(-c3ccccc3)cc(-c3ccccc3)c2N=C2C(c3ccccc3)=CC(c3ccccc3)=[N+]21,CC#N,655.3597885035472,4.8762480074184875
F[B-]1(F)n2c(-c3cccs3)cc(-c3ccccc3)c2N=C2C(c3ccccc3)=CC(c3cccs3)=[N+]21,CC#N,707.8831579025953,5.006046643477677
C(#Cc1nc2ccccc2s1)c1ccc(N(c2ccccc2)c2ccccc2)cc1,Cc1ccccc1,382.1222346214579,4.716461561196513
C(#Cc1ccc2ncsc2c1)c1ccc(N(c2ccc(C#Cc3ccc4ncsc4c3)cc2)c2ccc(C#Cc3ccc4ncsc4c3)cc2)cc1,Cc1ccccc1,391.2343117649742,4.858626053520148
O=Cc1ccc(C2=C3C=c4c(oc5ccccc45)=[N+]3[B-](F)(F)n3c2cc2c4ccccc4oc23)cc1,C1CCCCC1,587.823175184285,5.269401671929751
O=Cc1ccc(C2=C3C=c4c(oc5ccccc45)=[N+]3[B-](F)(F)n3c2cc2c4ccccc4oc23)cc1,Cc1ccccc1,588.8702401175506,5.276076877574437
O=Cc1ccc(C2=C3C=c4c(oc5ccccc45)=[N+]3[B-](F)(F)n3c2cc2c4ccccc4oc23)cc1,C1CCOC1,587.054397442252,5.269076345108595
O=Cc1ccc(C2=C3C=c4c(oc5ccccc45)=[N+]3[B-](F)(F)n3c2cc2c4ccccc4oc23)cc1,CCOC(C)=O,580.3091959909326,5.162433692147489
O=Cc1ccc(C2=C3C=c4c(oc5ccccc45)=[N+]3[B-](F)(F)n3c2cc2c4ccccc4oc23)cc1,ClCCl,585.5137165404948,5.25090580017498
O=Cc1ccc(C2=C3C=c4c(oc5ccccc45)=[N+]3[B-](F)(F)n3c2cc2c4ccccc4oc23)cc1,CN(C)C=O,582.1017980602787,5.1714365475214805
O=Cc1ccc(C2=C3C=c4c(oc5ccccc45)=[N+]3[B-](F)(F)n3c2cc2c4ccccc4oc23)cc1,CC#N,580.2128331126747,5.18865404984801
O=Cc1ccc(C2=C3C=c4c(oc5ccccc45)=[N+]3[B-](F)(F)n3c2cc2c4ccccc4oc23)cc1,CO,580.2059946987662,5.182891076239428
CCCCCCOc1ccc2oc3c(c2c1)=CC1=C(c2ccccc2C)c2cc4c5cc(OCCCCCC)ccc5oc4n2[B-](F)(F)[N+]=31,CO,592.0433766861521,5.200052066055433
CCCCCCOc1ccc2oc3c(c2c1)=CC1=C(c2ccccc2C)c2cc4c5cc(OCCCCCC)ccc5oc4n2[B-](F)(F)[N+]=31,CCOC(C)=O,591.8622774834479,5.219630213892062
CCCCCCOc1ccc2oc3c(c2c1)=CC1=C(c2ccccc2C)c2cc4c5cc(OCCCCCC)ccc5oc4n2[B-](F)(F)[N+]=31,C1CCCCC1,597.6010319298179,5.263360115522803
Nc1ccc2c(c1)oc(=O)c1c(=O)oc3ccccc3c12,ClCCl,393.97823784744844,4.074856903227406
Nc1ccc2c(c1)oc(=O)c1c(=O)oc3ccccc3c12,CS(C)=O,400.10555359745274,3.902818964406653
CCNc1cc2oc(=O)c3c(=O)oc4ccccc4c3c2cc1C,ClCCl,436.4848033328886,4.41847858689127
CCNc1cc2oc(=O)c3c(=O)oc4ccccc4c3c2cc1C,CS(C)=O,437.61915532211367,4.29898711187374
CCCCCCCCCCCCN(CCCCCCCCCCCC)c1ccc2c(c1)oc(=O)c1c(=O)oc3ccccc3c12,ClCCl,457.3716693330101,4.494904245591008
CCCCCCCCCCCCN(CCCCCCCCCCCC)c1ccc2c(c1)oc(=O)c1c(=O)oc3ccccc3c12,CS(C)=O,456.4451048788323,4.475507773536456
CCN(CC)c1ccc2c(c1)oc(=O)c1c(=O)oc3cc(C#Cc4ccc(C#N)cc4)ccc3c12,ClCCl,456.7198025278464,4.62822329991152
CCN(CC)c1ccc2c(c1)oc(=O)c1c(=O)oc3cc(C#Cc4ccc(C#N)cc4)ccc3c12,CS(C)=O,467.2599658380824,4.673982930485445
CC[N+](CC)=c1ccc2c(-c3ccccc3C(=O)O)c3oc4cc(N)ccc4c3oc-2c1,ClCCl,598.0876594643519,4.604771458263614
CC[N+](CC)=c1ccc2c(-c3ccccc3C(=O)O)c3oc4cc(N)ccc4c3oc-2c1,CCO,590.1511613041492,4.459177367479904
CC[N+](CC)=c1ccc2c(-c3ccccc3C(=O)O)c3oc4cc(N)ccc4c3oc-2c1,O,587.6461390245795,4.544123096659575
CCOC(=O)c1ccccc1-c1c2ccc(=[N+](CC)CC)cc-2oc2c1oc1cc(N)ccc12,ClCCl,600.6111717149831,4.905285307545082
CCOC(=O)c1ccccc1-c1c2ccc(=[N+](CC)CC)cc-2oc2c1oc1cc(N)ccc12,CCO,595.1677942437818,4.750645407176034
CCOC(=O)c1ccccc1-c1c2ccc(=[N+](CC)CC)cc-2oc2c1oc1cc(N)ccc12,O,595.2608691826284,4.836468048072731
F[B-]1(F)n2c(Cl)c(Cl)c(Br)c2C(Cl)=C2C(Br)=C(Cl)C(Cl)=[N+]21,ClCCl,531.3957590353502,4.682900980914065
F[B-]1(F)n2c(Oc3ccccc3)c(Cl)c(Br)c2C(Oc2ccccc2)=C2C(Br)=C(Cl)C(Oc3ccccc3)=[N+]21,ClCCl,470.6772506604745,4.503898499268856
CC1(C)C(/C=C/C2=C(c3ccc(C(=O)O)cc3)/C(=C/C=C3/N(CCCCS(=O)(=O)[O-])c4ccc(S(=O)(=O)[O-])cc4C3(C)C)CCC2)=[N+](CCCCS(=O)(=O)[O-])c2ccc(S(=O)(=O)[O-])cc21,CO,827.7546029240959,5.48296556065033
CCOC(=O)c1cc2ccc3ccccc3c2c(C#N)c1N,Cc1ccccc1,431.88429436483267,4.04570570976974
COc1ccc(C2=[N+]3C(=Nc4c(-c5cc(OC)c(OC)c(OC)c5)c(Br)c(-c5ccc(OC)cc5)n4[B-]3(F)F)C(c3cc(OC)c(OC)c(OC)c3)=C2Br)cc1,Cc1ccccc1,698.2064896802356,4.883736385397727
COc1ccc2c3c(c4ccc(C(C)(C)C)cc4c2c1)=C(c1cc(OC)c(OC)c(OC)c1)C1=Nc2c(-c4cc(OC)c(OC)c(OC)c4)c4c5ccc(C(C)(C)C)cc5c5cc(OC)ccc5c4n2[B-](F)(F)[N+]=31,Cc1ccccc1,777.0700542712129,5.061597934810187
Nc1cc2oc3cc(O)c(F)cc3c(=O)c2cc1F,CCO,367.8038023081945,4.1227371096804495
CN(C)c1ccc(C2=CC3=C(c4ccc([N+](=O)[O-])cc4)[C@H]4c5ccccc5[C@]3(S2)c2ccccc24)cc1,ClCCl,440.76917434808433,4.290296658164448
CN(C)c1ccc(C2=C3C=C(c4ccc(C#N)cc4)S[C@]34c3ccccc3[C@H]2c2ccccc24)cc1,ClCCl,488.6418327574101,4.284605817601871
Cc1cc(C)c(-c2nnc(-c3ccc(-n4c5ccccc5c5ccccc54)cc3)o2)c(C)c1,Cc1ccccc1,339.08575808255426,4.25480585184027
COc1ccc2c3ccc(OC)cc3n(-c3ccc(-c4nnc(C)o4)cc3)c2c1,Cc1ccccc1,328.46837664012844,4.360113057556607
CCCCN(CCCC)c1ccc(C#Cc2cc(C#Cc3ccc(N(CCCC)CCCC)cc3)c(C#Cc3ccc(C(F)(F)F)cc3)cc2C#Cc2ccc(C(F)(F)F)cc2)cc1,ClCCl,403.58452166340015,4.6380244759007505
CCCCN(CCCC)c1ccc(C#Cc2cc(C#Cc3cc(C(F)(F)F)cc(C(F)(F)F)c3)c(C#Cc3ccc(N(CCCC)CCCC)cc3)cc2C#Cc2cc(C(F)(F)F)cc(C(F)(F)F)c2)cc1,ClCCl,418.63553000557823,4.570932548439888
CCCCN(CCCC)c1ccc(C#Cc2cc(C#Cc3ccc(C#N)cc3)c(C#Cc3ccc(C#N)cc3)cc2C#Cc2ccc(N(CCCC)CCCC)cc2)cc1,ClCCl,441.7829397138966,4.531955178900307
CCC(CC)COC1=CC2=C3c4cc(OCC(CC)CC)c(-c5ccccc5)n4[B-](F)(F)[n+]4c3n(c3cc(C(C)(C)C)ccc34)[B-](F)(F)[N+]2=C1c1ccccc1,ClCCl,664.7127134597722,4.989990722881579
CCC(CC)COC1=CC2=C3c4cc(OCC(CC)CC)c(-c5ccccc5)n4[B-](F)(F)[n+]4c3n(c3cc(C(C)(C)C)ccc34)[B-](F)(F)[N+]2=C1c1ccccc1,C1CCOC1,660.3801594427385,4.987671105019966
CCC(CC)COC1=CC2=C3c4cc(OCC(CC)CC)c(-c5ccccc5)n4[B-](F)(F)[n+]4c3n(c3cc(C(C)(C)C)ccc34)[B-](F)(F)[N+]2=C1c1ccccc1,CC#N,654.2200861899119,4.947023197449171
CCC(CC)COC1=CC2=C3c4cc(OCC(CC)CC)c(-c5cccs5)n4[B-](F)(F)[n+]4c3n(c3cc(C(C)(C)C)ccc34)[B-](F)(F)[N+]2=C1c1cccs1,ClCCl,749.9972361691035,5.156250311770463
CCC(CC)COC1=CC2=C3c4cc(OCC(CC)CC)c(-c5cccs5)n4[B-](F)(F)[n+]4c3n(c3cc(C(C)(C)C)ccc34)[B-](F)(F)[N+]2=C1c1cccs1,C1CCOC1,745.5585679706153,5.153789159375446
CCCCCCCc1ccc(C2=[N+]3C(=C4c5cc(OCC(CC)CC)c(-c6ccc(CCCCCCC)o6)n5[B-](F)(F)[n+]5c4n(c4cc(C(C)(C)C)ccc45)[B-]3(F)F)C=C2OCC(CC)CC)o1,ClCCl,701.8763051266664,5.130668234294457
CCCCCCCc1ccc(C2=[N+]3C(=C4c5cc(OCC(CC)CC)c(-c6ccc(CCCCCCC)o6)n5[B-](F)(F)[n+]5c4n(c4cc(C(C)(C)C)ccc45)[B-]3(F)F)C=C2OCC(CC)CC)o1,C1CCOC1,698.290475904436,5.11957289648848
CCCCCCCc1ccc(C2=[N+]3C(=C4c5cc(OCC(CC)CC)c(-c6ccc(CCCCCCC)o6)n5[B-](F)(F)[n+]5nnn(c54)[B-]3(F)F)C=C2OCC(CC)CC)o1,ClCCl,748.1391628499603,5.10105017948223
CCCCCCCc1ccc(C2=[N+]3C(=C4c5cc(OCC(CC)CC)c(-c6ccc(CCCCCCC)o6)n5[B-](F)(F)[n+]5nnn(c54)[B-]3(F)F)C=C2OCC(CC)CC)o1,C1CCOC1,742.6701319503488,5.091178362854842
CCCCC(CC)CN1C(=O)c2cc(Oc3ccc(C(C)(C)C)cc3)c3c4c(Oc5ccc(OC)cc5)cc5c6c(cc(Oc7ccc(OC)cc7)c(c7c(Oc8ccc(C(C)(C)C)cc8)cc(c2c37)C1=O)c64)C(=O)N(c1c(C(C)C)cccc1C(C)C)C5=O,Cc1ccccc1,584.2718880783789,4.774821509830314
CCCCOC(=O)c1cc(Oc2ccc(C(C)(C)C)cc2)c2c3c(Cl)cc4c5c(cc(Cl)c(c6c(Oc7ccc(C(C)(C)C)cc7)cc(C(=O)OCCCC)c1c26)c53)C(=O)N(c1c(C(C)C)cccc1C(C)C)C4=O,Cc1ccccc1,525.0247013358552,4.389322751140706
CC(C)c1cccc(C(C)C)c1N1C(=O)c2cc(Cl)c3c4c(Cl)cc5c6c(cc(Cl)c(c7c(Cl)cc(c2c37)C1=O)c64)C(=O)N(c1c(C(C)C)cccc1C(C)C)C5=O,Cc1ccccc1,520.2963694257381,4.570764259103966
CCCCC(CC)CN1C(=O)c2cc(Oc3ccc(C(C)(C)C)cc3)c3c4c(Cl)cc5c6c(cc(Cl)c(c7c(Oc8ccc(C(C)(C)C)cc8)cc(c2c37)C1=O)c64)C(=O)N(c1c(C(C)C)cccc1C(C)C)C5=O,Cc1ccccc1,555.7265356818532,4.59491559683286
COc1ccc(-c2c3ccccc3c(C#Cc3ccccc3)c3cc4cc(C)sc4cc23)cc1,ClCCl,489.71711708701025,4.1384008074041985
COc1ccc(C#Cc2c3cc4ccccc4cc3c(C#Cc3ccc(OC)cc3)c3cc4sc(C)cc4cc23)cc1,ClCCl,638.4399522799501,4.42849547008397
COc1ccc(-c2cccc3ncc(-c4ccccc4)n23)cc1,ClCCl,336.2309265533046,3.817889561264353
COc1ccc(-c2cnc3cccc(-c4ccccc4)n23)cc1,ClCCl,345.1223085773858,3.779810042376153
N#Cc1ccc(-c2cnc3cccc(-c4ccccc4)n23)cc1,ClCCl,334.5757428490092,4.016523582767579
Cc1ccc(-c2cnc3ccc4ccccc4n23)cc1,ClCCl,353.9630588348681,4.126798901149999
c1ccc2c(c1)ncc1ccc3cnc4ccccc4c3c12,CC#N,352.8282696778434,3.94504176927782
CCCCCCn1c(=O)c2c3[nH]c4cc5sc6c([nH]c5cc4sc3c3c(=O)n(CCCCCC)c(=O)c3c2c1=O)c1c(=O)n(CCCCCC)c(=O)c1c1c(=O)n(CCCCCC)c(=O)c61,ClCCl,512.6838333109085,3.981694401544624
CCCCCCn1c(=O)c2c3[nH]c4cc5[nH]c6c(oc5cc4oc3c3c(=O)n(CCCCCC)c(=O)c3c2c1=O)c1c(=O)n(CCCCCC)c(=O)c1c1c(=O)n(CCCCCC)c(=O)c61,ClCCl,478.7683163525999,4.061291838464957
Cc1ccsc1-c1cc2c3cc(-c4sccc4C)c4nc(C(F)(F)C(F)(F)C(F)(F)F)nc5c(-c6sccc6C)cc(c6cc(-c7sccc7C)c7nc(C(F)(F)C(F)(F)C(F)(F)F)nc1c7c26)c3c45,C1CCOC1,472.66575703612835,4.8215729132562135
C1=C(c2ccccc2)C=C(c2ccccc2)/C1=C/c1ccccc1,C1CCOC1,430.3392581935226,2.84918242432565
C1=C(c2ccccc2)C=C(c2ccccc2)/C1=C/c1ccc(-c2cccs2)s1,C1CCOC1,426.1078895742446,3.9413753663942375
COC(=O)/C=C/c1sc(-c2ccc(N(C)C)cc2)cc1N,CC#N,423.3974382779529,4.373534231024926
c1ccc2c(c1)-c1ccccc1C21c2ccccc2-c2oc3c(c21)C1(c2ccccc2-c2ccccc21)c1ccccc1-3,C1CCOC1,381.4926567325596,5.340893253907245
CC(C)[Si](C#Cc1c2ccc(C(C)(C)C)cc2c(C#Cc2c3ccc(C(C)(C)C)cc3c(C#Cc3c4ccc(C(C)(C)C)cc4c(C#C[Si](C(C)C)(C(C)C)C(C)C)c4ccc(C(C)(C)C)cc34)c3ccc(C(C)(C)C)cc23)c2ccc(C(C)(C)C)cc12)(C(C)C)C(C)C,Cc1ccccc1,528.4421893103972,4.696731640004151
COC(=O)c1[nH]c(-c2ccccc2)c2nnc3c4ccccc4oc3c12,ClCCl,382.02767823462557,3.997643049673558
CC(C)(C)c1ccc2c(c1)c1cc(C(C)(C)C)ccc1n2-c1ccc(N(c2ccc(-c3ccc(N(c4ccc(-n5c6ccc(C(C)(C)C)cc6c6cc(C(C)(C)C)ccc65)cc4)c4ccc(-n5c6ccc(C(C)(C)C)cc6c6cc(C(C)(C)C)ccc65)cc4)cc3)cc2)c2ccc(-n3c4ccc(C(C)(C)C)cc4c4cc(C(C)(C)C)ccc43)cc2)cc1,ClCCl,407.41960919734635,4.551689911977369
CC(C)(C)c1ccc2c(c1)c1cc(C(C)(C)C)ccc1n2-c1ccc(N(c2ccc(-c3ccc(-c4ccc(N(c5ccc(-n6c7ccc(C(C)(C)C)cc7c7cc(C(C)(C)C)ccc76)cc5)c5ccc(-n6c7ccc(C(C)(C)C)cc7c7cc(C(C)(C)C)ccc76)cc5)cc4)s3)cc2)c2ccc(-n3c4ccc(C(C)(C)C)cc4c4cc(C(C)(C)C)ccc43)cc2)cc1,ClCCl,430.9295894311169,4.609660911991191
CC(C)(C)c1ccc2c(c1)c1cc(C(C)(C)C)ccc1n2-c1ccc(N(c2ccc(-c3ccc(-c4ccc(-c5ccc(N(c6ccc(-n7c8ccc(C(C)(C)C)cc8c8cc(C(C)(C)C)ccc87)cc6)c6ccc(-n7c8ccc(C(C)(C)C)cc8c8cc(C(C)(C)C)ccc87)cc6)cc5)s4)s3)cc2)c2ccc(-n3c4ccc(C(C)(C)C)cc4c4cc(C(C)(C)C)ccc43)cc2)cc1,ClCCl,437.22404939383375,4.7194672525133745
Cc1ccc(C#Cc2cc3ccccc3oc2=O)cc1,CC#N,345.71914459055006,4.523288802704302
CC(C)Oc1ccc(C#Cc2cc3ccccc3oc2=O)cc1,CC#N,343.67330867818487,4.525161675060172
O=c1ccc2ccc(C#Cc3ccccc3)cc2o1,CC#N,323.9131428634258,4.730171597552866
Cc1ccc(C#Cc2ccc3ccc(=O)oc3c2)cc1,CC#N,334.2410356176135,4.86050496786658
COc1ccc(C#Cc2ccc3ccc(=O)oc3c2)cc1,CC#N,333.68588642561565,4.768941820883091
CC(C)Oc1ccc(C#Cc2ccc3ccc(=O)oc3c2)cc1,CC#N,333.3171996530802,4.80261213384443
COc1ccc2c(c1)SC1=Nc3sc4cc(OC)ccc4[n+]3CN12,CO,417.9630838876262,4.458066545706108
C1=CC2=Nc3cccc[n+]3CN2C=C1,CO,414.21541741192317,4.398420539482424
ClC1=CN2C[n+]3cc(Cl)ccc3N=C2C=C1,CO,417.3700390061215,4.179957944105608
BrC1=CN2C[n+]3cc(Br)cc(Br)c3N=C2C(Br)=C1,CS(C)=O,423.88237183609823,4.299442857051053
Cc1cc(Br)cn(Cn2cccc(C)c2=O)c1=N,CC(=O)O,306.6198067240487,3.781754116153736
O=c1cccc2n1CN1C=C(Br)C=CC1=N2,CO,407.3503311888012,4.329479423726
CCN(CC)c1ccc(-c2nc3c(nc2-c2ccc(B(c4c(C)cc(C)cc4C)c4c(C)cc(C)cc4C)cc2)c2ccccc2n3C)cc1,C1CCOC1,401.6448311866666,4.489259651581939
CCN(CC)c1ccc(-c2nc3c4ccccc4n(C)c3nc2-c2ccc(B(c3c(C)cc(C)cc3C)c3c(C)cc(C)cc3C)cc2)cc1,C1CCOC1,399.4132266975665,4.535471436509446
COC(=O)C1=C(C(=O)OC)C2(c3ccccc3-c3c(C(=O)OC)cccc32)[C@@H](c2ccc(Cl)cc2)C=C2c3cc(OC)c(OC)cc3CCN21,ClCCl,309.90718356010234,4.058046602121085
COc1cc2c(cc1OC)C1=C[C@H](c3ccccc3)C3(C(C(=O)O[C@@H]4C[C@H]5CC[C@@H]4C5)=C(C(=O)O[C@H]4C[C@@H]5CC[C@H]4C5)N1CC2)c1ccccc1-c1ccccc13,ClCCl,326.1434534296017,4.03927956438271
COC(=O)C1=C(C(=O)OC)C2(c3cc(Cl)ccc3-c3c(Cl)cc(Cl)cc32)C2(/C=C/c3ccccc3)c3cc(OC)c(OC)cc3CCN12,ClCCl,322.05050643445327,4.062732002993755
CCOC(=O)C1=C(C(=O)OCC)C2(c3ccccc3-c3c(Br)cc(Br)cc32)C2(/C=C/c3ccc(Cl)cc3)c3cc(OC)c(OC)cc3CCN12,ClCCl,325.11729128985553,4.039276091142626
COC(=O)C1=C(C(=O)OC)C2(c3cc([N+](=O)[O-])ccc3-c3ccc([N+](=O)[O-])cc32)C2(/C=C/c3ccccc3)c3cc(OC)c(OC)cc3CCN12,ClCCl,342.23982960323895,4.117762670109579
COc1cc2c(cc1OC)C1=C[C@H](c3ccccc3)C3(C(C#N)=C(C#N)N1CC2)c1ccccc1-c1ccccc13,ClCCl,308.99559923291883,4.0219211425757075
COc1cc2c(cc1OC)C1=C[C@H](c3ccc(Cl)cc3)C3(C(C#N)=C(C#N)N1CC2)c1cc(Cl)ccc1-c1ccc(Cl)cc13,ClCCl,309.8731790156211,4.026455385145576
COc1cc2c(cc1OC)C1=C[C@H](c3ccc(Cl)cc3)C3(C(C#N)=C(C#N)N1CC2)c1cc(Br)ccc1-c1ccc(Br)cc13,ClCCl,310.3138004017393,4.095501643296142
CC(C)[Si](C#Cc1cc2c3c(c1)c(=C(c1ccccc1)c1ccccc1)c1cc(C#C[Si](C(C)C)(C(C)C)C(C)C)cc4c1-n-3-c1c(cc(C#C[Si](C(C)C)(C(C)C)C(C)C)cc1c4=C(c1ccccc1)c1ccccc1)c2=C(c1ccccc1)c1ccccc1)(C(C)C)C(C)C,ClCCl,412.8521320929059,4.431007812068186
CCCCCCc1cc2c(=S)c3cc(CCCCCC)cc4c(=S)c5cc(CCCCCC)cc6c(=S)c(c1)c2n(c34)c65,ClCCl,522.8993798007651,4.521928459383152
CC(C)[Si](C#Cc1c2ccccc2c(C#C[Si](C(C)C)(C(C)C)C(C)C)c2nc3c(ccc4ccccc43)nc12)(C(C)C)C(C)C,CCCCCC,555.875868139143,4.136014329670978
CC(C)[Si](C#Cc1c2nc3ccccc3nc2c(C#C[Si](C(C)C)(C(C)C)C(C)C)c2nc3c(ccc4ccccc43)nc12)(C(C)C)C(C)C,CCCCCC,597.06712307645,4.668363209940516
CC(C)[Si](C#Cc1c2ccccc2c(C#C[Si](C(C)C)(C(C)C)C(C)C)c2nc3c(ccc4cc5ccccc5cc43)nc12)(C(C)C)C(C)C,CCCCCC,557.2345622195718,4.16284331842676
CC(C)[Si](C#Cc1ccc(C#C[Si](C(C)C)(C(C)C)C(C)C)c2nc3c(nc12)Cc1ccccc1-3)(C(C)C)C(C)C,CCCCCC,393.800189052411,4.51599119062767
CC(C)(C)c1cc2ccc3c(N(c4ccccc4)c4ccccc4)cc(N(c4ccccc4)c4ccccc4)c4ccc(c1)c2c34,ClCCl,420.2253221582276,4.471964055622906
O=C1C2=C(O[B-](F)(F)[n+]3c2ccc2ccccc23)c2cccc3c(N4CCOCC4)ccc1c23,ClCCl,459.07392964128053,4.159228019205865
O=C1C2=C(O[B-](F)(F)[n+]3c2ccc2ccccc23)c2cccc3c(N4CCOCC4)ccc1c23,C1CCOC1,461.6645727385031,4.1541050805316315
O=C1C2=C(O[B-](F)(F)[n+]3c2ccc2ccccc23)c2cccc3c(N4CCOCC4)ccc1c23,CC#N,458.7307384635618,4.232615049599772
O=C1C2=C(O[B-](F)(F)[n+]3c2ccc2ccccc23)c2cccc3c(N4CCOCC4)ccc1c23,CCO,454.00131890808814,3.9120449030968434
O=C1C2=C(O[B-](F)(F)[n+]3c2ccc2ccccc23)c2cccc3c(N4CCOCC4)ccc1c23,CO,455.2331616606804,3.8707479699650245
COc1ccc(-c2nc(-c3ccccc3)c(N(c3ccccc3)c3ccccc3)s2)cc1,ClC(Cl)Cl,376.8474046755124,4.022417490291393
Clc1ccc(-c2nc(-c3ccccc3)c(N(c3ccccc3)c3ccccc3)s2)cc1,ClC(Cl)Cl,374.3466642181798,4.035832916293578
C[C@H](Nc1c2ccc(=[N+]3CCCCC3)cc-2oc2cc(N3CCCCC3)ccc12)C(=O)OC(C)(C)C,ClCCl,469.35479579817627,4.803009892193161
c1ccc(CSc2c3ccc(=[N+]4CCCCC4)cc-3oc3cc(N4CCCCC4)ccc23)cc1,ClCCl,562.1216028400527,4.960794196404906
O=S(=O)(/N=c1\oc2cccc3c4c(-c5ccccc5)oc5cccc(c(c1-c1ccccc1)c23)c54)C(F)(F)F,ClC(Cl)Cl,447.69577933965564,4.364953913057702
O=S(=O)(/N=c1\oc2cccc3c4c(-c5ccccc5)oc5cccc(c(c1-c1ccccc1)c23)c54)C(F)(F)F,CCCCCC,446.26951451009563,4.13281656094158
O=S(=O)(/N=c1\oc2cccc3c4c(-c5ccccc5)oc5cccc(c(c1-c1ccccc1)c23)c54)C(F)(F)F,ClCCl,457.6724376536961,4.339280586147887
O=S(=O)(/N=c1\oc2cccc3c4c(-c5ccccc5)oc5cccc(c(c1-c1ccccc1)c23)c54)C(F)(F)F,CO,443.4831647892342,4.231873350033811
O=S(=O)(/N=c1\oc2cccc3c4c(-c5ccccc5)oc5cccc(c(c1-c1ccccc1)c23)c54)C(F)(F)F,CS(C)=O,463.2991193097829,4.222822448171997
N#CC1=c2c3cccc4cccc(c43)n2[B-](F)(F)[n+]2ccccc21,CCCCCC,513.3977162166117,4.5181938941629305
N#CC1=c2c3cccc4cccc(c43)n2[B-](F)(F)[n+]2ccccc21,Cc1ccccc1,520.5688683434064,4.517035595729764
N#CC1=c2c3cccc4cccc(c43)n2[B-](F)(F)[n+]2ccccc21,C1CCOC1,515.7516057983013,4.508291143991048
N#CC1=c2c3cccc4cccc(c43)n2[B-](F)(F)[n+]2ccccc21,CC#N,506.9775081985034,4.498113012914003
CCCCCCCCCCCCNc1cccc2[n+]1[B-](F)(F)n1c(c3cccc4cccc1c43)=N2,ClCCl,473.8128384609328,4.540675417452294
CCCCCCCCCCCCNc1cccc2[n+]1[B-](F)(F)n1c(c3cccc4cccc1c43)=N2,CCCCCC,494.3359249849715,4.481253715605774
CCCCCCCCCCCCNc1cccc2[n+]1[B-](F)(F)n1c(c3cccc4cccc1c43)=N2,Cc1ccccc1,492.52023232972215,4.44873160697361
CCCCCCCCCCCCNc1cccc2[n+]1[B-](F)(F)n1c(c3cccc4cccc1c43)=N2,C1CCOC1,492.38781463297755,4.51723882549913
CCCCCCCCCCCCNc1cccc2[n+]1[B-](F)(F)n1c(c3cccc4cccc1c43)=N2,CC#N,479.4432534284519,4.506406522315208
OCCSc1cccc2[n+]1[B-](F)(F)n1c(c3cccc4cccc1c43)=N2,ClCCl,454.1624607561245,4.508493722527899
OCCSc1cccc2[n+]1[B-](F)(F)n1c(c3cccc4cccc1c43)=N2,CCCCCC,483.1710953797391,4.539122426890158
OCCSc1cccc2[n+]1[B-](F)(F)n1c(c3cccc4cccc1c43)=N2,Cc1ccccc1,487.2508843664072,4.536891123393585
OCCSc1cccc2[n+]1[B-](F)(F)n1c(c3cccc4cccc1c43)=N2,C1CCOC1,480.0430960934352,4.532676147564519
OCCSc1cccc2[n+]1[B-](F)(F)n1c(c3cccc4cccc1c43)=N2,CC#N,474.83349048928926,4.5205312852452835
C1CCN2CCCn3c2c(c2c3=NCCN=2)C1,CC#N,385.78193621623956,4.106312573390697
CCCCCCCCCCCCOc1ccc(C2=C3C(=O)N(CC(OCC)OCC)C(c4ccc(OCCCCCCCCCCCC)c(OCCCCCCCCCCCC)c4)=C3C(=O)N2CC(OCC)OCC)cc1OCCCCCCCCCCCC,ClC(Cl)Cl,509.7021348267339,4.647555933089746
CCOC(CN1C(=O)C2=C(c3ccsc3)N(CC(OCC)OCC)C(=O)C2=C1c1ccsc1)OCC,ClC(Cl)Cl,517.6464715345063,4.414943902567652
CCOC(CN1C(=O)C2=C(c3cc4cc(C(C)(C)C)cc(C(C)(C)C)c4o3)N(CC(OCC)OCC)C(=O)C2=C1c1cc2cc(C(C)(C)C)cc(C(C)(C)C)c2o1)OCC,ClC(Cl)Cl,539.651074803406,4.449455207702573
COc1cc2c(cc1OC)C1=C3C(=O)N4C=Cc5cc(OC)c(OC)cc5C4=C3C(=O)N1C=C2,ClC(Cl)Cl,614.2405931965307,4.7851016492450205
COc1cc2c(cc1OC)C1=C3C(=O)N4C=Cc5cc(OC)c(OC)cc5C4=C3C(=O)N1C=C2,CN(C)C=O,613.3812158464625,4.828283972868844
O=C1C2=C3c4ccsc4C=CN3C(=O)C2=C2c3ccsc3C=CN12,ClC(Cl)Cl,589.4595938807619,4.785797852983846
O=C1C2=C3c4ccsc4C=CN3C(=O)C2=C2c3ccsc3C=CN12,CN(C)C=O,597.4199702321259,4.789402063162183
Cc1c(COC(=O)c2ccccc2Br)n2c(OCC(=O)c3ccccc3Br)c(C)c(=O)n2c1=O,CCO,377.61840771494155,3.890868522128031
C[N+]1=c2ccc3c(c2C(C)(C)CC1)Oc1cc2c(cc1C=3c1ccccc1C(=O)O)C(c1ccccc1C(=O)O)=c1ccc3c(c1O2)C(C)(C)CC[N+]=3C,ClC(Cl)Cl,594.9923582979343,4.962074302453189
CC1(C)CC[N+]2=c3c(cc4c(c31)Oc1cc3c(cc1C=4c1ccccc1C(=O)O)C(c1ccccc1C(=O)O)=c1cc4c5c(c1O3)C(C)(C)CC[N+]=5CCC4)CCC2,ClC(Cl)Cl,633.6495995811671,4.937613502650812
C=Cc1cc2ccccc2oc1=O,CC#N,319.04484224742185,4.28197954158455
C=Cc1cc2ccc(N(CC)CC)cc2oc1=O,CC#N,415.43158306937596,4.60180938143551
C=Cc1cc2ccc(OC(=O)c3ccccc3)cc2oc1=O,CC#N,340.92169719360777,4.5384170516267375
O=c1oc2ccccc2cc1/C=C/c1ccccc1,CC#N,352.20892440646645,4.41361619097023
O=c1oc2ccccc2cc1/C=C/c1ccc([N+](=O)[O-])cc1,CC#N,380.20796629222525,4.60567992762296
CC(C)(C)c1cc2ccc3cccc4c3c2c(c1)c1nc2c3cc(C(C)(C)C)cc5ccc6cccc(c(=O)n2c41)c6c53,CCO,394.9209638365079,3.869624919491768
CC(C)(C)c1cc2ccc3cccc4c3c2c(c1)c1nc2c3cc(C(C)(C)C)cc5ccc6cccc(c(=O)n2c41)c6c53,CC#N,394.645301996136,3.7407216196028594
CC(C)(C)c1cc2ccc3cccc4c3c2c(c1)c1nc2c3cc(C(C)(C)C)cc5ccc6cccc(c(=O)n2c41)c6c53,CS(C)=O,391.32723980918934,4.0576973244151855
CC(C)(C)c1cc2ccc3cccc4c3c2c(c1)c1nc2c3cc(C(C)(C)C)cc5ccc6cccc(c(=O)n2c41)c6c53,CC(C)=O,393.67388467267057,4.163151224778122
CC(C)(C)c1cc2ccc3cccc4c3c2c(c1)c1nc2c3cc(C(C)(C)C)cc5ccc6cccc(c(=O)n2c41)c6c53,ClC(Cl)Cl,398.25997257282165,4.200723288818287
CC(C)(C)c1cc2ccc3cccc4c3c2c(c1)c1nc2c3cc(C(C)(C)C)cc5ccc6cccc(c(=O)n2c41)c6c53,CCOC(C)=O,390.11067409827206,4.3317342665645455
CC(C)(C)c1cc2ccc3cccc4c3c2c(c1)c1nc2c3cc(C(C)(C)C)cc5ccc6cccc(c(=O)n2c41)c6c53,C1CCOC1,394.1261794938657,3.8803993443858613
CC(C)(C)c1cc2ccc3cccc4c3c2c(c1)c1nc2c3cc(C(C)(C)C)cc5ccc6cccc(c(=O)n2c41)c6c53,c1ccccc1,394.5207103452904,4.198585075391868
CC(C)(C)c1cc2ccc3cccc4c3c2c(c1)c1nc2c3cc(C(C)(C)C)cc5ccc6cccc(c(=O)n2c41)c6c53,Cc1ccc(C)cc1,395.7978685289888,4.260987902617575
CC(C)(C)c1cc2ccc3cccc4c3c2c(c1)c1nc2c3cc(C(C)(C)C)cc5ccc6cccc(c(=O)n2c41)c6c53,ClC(Cl)(Cl)Cl,397.81536002831166,4.22493048782519
CC(C)(C)c1cc2ccc3cccc4c3c2c(c1)c1nc2c3cc(C(C)(C)C)cc5ccc6cccc(c(=O)n2c41)c6c53,CCCCCC,400.7770995951097,4.273671605574144
CC(C)(C)c1cc2ccc3cccc4c3c2c(c1)c1nc2c3cc(C(C)(C)C)cc5ccc6cccc(c(=O)n2c41)c6c53,CO,389.4752141732788,3.5743202791030666
CC(C)(C)c1cc2ccc3cc(C(C)(C)C)cc4c3c2c(c1)c(=O)n1c4nc2c3ccccc3c3ccccc3c21,CCO,391.36277893375706,3.878526110234149
CC(C)(C)c1cc2ccc3cc(C(C)(C)C)cc4c3c2c(c1)c(=O)n1c4nc2c3ccccc3c3ccccc3c21,CC#N,390.90834007602564,3.7413792920845075
CC(C)(C)c1cc2ccc3cc(C(C)(C)C)cc4c3c2c(c1)c(=O)n1c4nc2c3ccccc3c3ccccc3c21,CS(C)=O,391.3623570023687,4.046739143412924
CC(C)(C)c1cc2ccc3cc(C(C)(C)C)cc4c3c2c(c1)c(=O)n1c4nc2c3ccccc3c3ccccc3c21,CC(C)=O,389.9936709615809,4.146930922241197
CC(C)(C)c1cc2ccc3cc(C(C)(C)C)cc4c3c2c(c1)c(=O)n1c4nc2c3ccccc3c3ccccc3c21,ClC(Cl)Cl,398.5168131478565,4.1722978216401545
CC(C)(C)c1cc2ccc3cc(C(C)(C)C)cc4c3c2c(c1)c(=O)n1c4nc2c3ccccc3c3ccccc3c21,CCOC(C)=O,388.6799985229952,4.320709840743607
CC(C)(C)c1cc2ccc3cc(C(C)(C)C)cc4c3c2c(c1)c(=O)n1c4nc2c3ccccc3c3ccccc3c21,C1CCOC1,391.43453539853135,3.8906511190065527
CC(C)(C)c1cc2ccc3cc(C(C)(C)C)cc4c3c2c(c1)c(=O)n1c4nc2c3ccccc3c3ccccc3c21,c1ccccc1,392.369160304935,4.267340196428351
CC(C)(C)c1cc2ccc3cc(C(C)(C)C)cc4c3c2c(c1)c(=O)n1c4nc2c3ccccc3c3ccccc3c21,Cc1ccc(C)cc1,393.6174271274951,4.317234122358569
CC(C)(C)c1cc2ccc3cc(C(C)(C)C)cc4c3c2c(c1)c(=O)n1c4nc2c3ccccc3c3ccccc3c21,ClC(Cl)(Cl)Cl,396.8291751062548,4.2229852563009125
CC(C)(C)c1cc2ccc3cc(C(C)(C)C)cc4c3c2c(c1)c(=O)n1c4nc2c3ccccc3c3ccccc3c21,CCCCCC,399.03871727187214,4.2941990152513085
CC(C)(C)c1cc2ccc3cc(C(C)(C)C)cc4c3c2c(c1)c(=O)n1c4nc2c3ccccc3c3ccccc3c21,CO,385.12198551821734,3.634320935700905
COc1ccc(C2=c3sc(-c4ccc(OC)cc4)cc3=[N+]3C2=Nc2c(-c4ccc(OC)cc4)c4sc(-c5ccc(OC)cc5)cc4n2[B-]3(F)F)cc1,ClC(Cl)Cl,779.1649342379899,5.255096553772423
CCCCCCc1ccc(-n2c3c4cccc(OC)c4nc(-c4ccc(C)cc4)c3c3c2c2c(-c4ccc(C)cc4)nc4c(OC)cccc4c2n3-c2ccc(CCCCCC)cc2)cc1,ClC(Cl)Cl,321.68719538034685,4.880522842369618
CCCCc1ccc(-n2c3c4ccc(C(F)(F)F)cc4nc(-c4ccc(C#N)cc4)c3c3c2c2c(-c4ccc(C#N)cc4)nc4cc(C(F)(F)F)ccc4c2n3-c2ccc(CCCC)cc2)cc1,ClC(Cl)Cl,320.9182301132524,4.7607077454938365
CCCCCCOc1cc(C=O)c(OCCCCCC)cc1C=O,ClCCl,380.4588748244821,4.026285232561068
CCCCCCOc1cc(/C=C/c2cc(OCCCCCC)c(/C=C/c3cc(OCCCCCC)c(C=O)cc3OCCCCCC)cc2OCCCCCC)c(OCCCCCC)cc1C=O,ClCCl,516.2817078929211,5.269426201687841
CCCCCCOc1cc(C=C(C#N)C#N)c(OCCCCCC)cc1C=C(C#N)C#N,ClCCl,435.4963864719229,4.610319452782861
CCCCCCCCOc1cc(/C=C/c2cc[n+](Cc3ccc(C)cc3)cc2)c(OCCCCCCCC)cc1/C=C/c1cc[n+](Cc2ccc(C)cc2)cc1,ClCCl,495.00240155513313,3.9644901771254966
CCCCCCOc1cc(/C=C/c2cc(OCCCCCC)c(/C=C/c3cc(OCCCCCC)c(C=C(C#N)C#N)cc3OCCCCCC)cc2OCCCCCC)c(OCCCCCC)cc1C=C(C#N)C#N,ClCCl,540.3838227302938,5.399583341246902
CN1/C(=C/C=O)C(C)(C)c2ccccc21,CS(C)=O,373.2300087346,4.355995952025259
CN1/C(=C/C=N/c2sc3ccccc3[n+]2C)C(C)(C)c2ccccc21,CS(C)=O,482.7414910909827,4.087122505864024
CC(C)(C)c1ccc(C#Cc2c(C#Cc3ccc(C(C)(C)C)cc3)c3cccc4c(C#Cc5ccc(C(C)(C)C)cc5)c(C#Cc5ccc(C(C)(C)C)cc5)c5cccc2c5c34)cc1,ClCCl,397.3659062117979,4.560363261788228
Brc1ccc(C2=c3cc4c5c(c3Oc3c2cc2c6c3CCCN6CCC2)CCC[N+]=5CCC4)cc1,CCO,646.9654166515704,4.963894533514043
CC1=CC(C)(C)N(C)c2cc3c(cc21)C(c1ccc(Br)cc1)=c1cc2c(cc1O3)=[N+](C)C(C)(C)C=C2C,CCO,585.7990796773804,4.8984633213272835
C[Si]1(C)c2cc3c(cc2-c2sc4ccccc4c21)[Si](C)(C)c1c-3sc2ccccc12,C1CCOC1,382.2139093731788,4.468147009995596
C[Si]1(C)C2=C(c3ccccc31)S(=O)(=O)c1cc3c(cc12)S(=O)(=O)C1=C3[Si](C)(C)c2ccccc21,C1CCOC1,428.5800176139678,4.444114110658042
c1ccc(C2(c3ccccc3)c3cc4c(cc3-c3sc5ccccc5c32)C(c2ccccc2)(c2ccccc2)c2c-4sc3ccccc23)cc1,C1CCOC1,366.03369074455503,4.300769055889611
CCCc1cc2c(s1)-c1cc3c(cc1NB2c1ccccc1)-c1sc(CCC)cc1B(c1ccccc1)N3,ClCCl,406.66584596190233,4.783002365051206
c1ccc(B2Nc3cc4c(cc3-c3occc32)NB(c2ccccc2)c2ccoc2-4)cc1,ClCCl,407.5885098948014,4.703728843948246
c1ccc(B2Nc3cc4c(cc3-c3sc5ccccc5c32)NB(c2ccccc2)c2c-4sc3ccccc23)cc1,ClCCl,398.5741708133271,4.578580026140663
c1ccc2c(c1)-c1ccccc1[Si]21c2ccccc2-c2cc3c(cc21)-c1ccccc1[Si]31c2ccccc2-c2ccccc21,ClCCl,354.083324907629,4.772595669450956
CC(C)(C)c1cc2c3c(c1)-c1cccc4c1N(B3N1c3ccccc3Sc3cccc-2c31)c1ccccc1S4,C1CCOC1,369.78258550941075,4.044381826424571
c1cc2c3c4c5c(cccc5cc3c1)-c1cccn1B4n1cccc1-2,C1CCOC1,414.57721263844934,4.393310726082972
CCCCCCn1c2c(c3cc(-c4ccc5ccc6cccc7ccc4c5c67)ccc31)-c1c(c3cc(-c4ccc5ccc6cccc7ccc4c5c67)ccc3n1CCCCCC)-c1c(c3cc(-c4ccc5ccc6cccc7ccc4c5c67)ccc3n1CCCCCC)-c1c-2c2cc(-c3ccc4ccc5cccc6ccc3c4c56)ccc2n1CCCCCC,ClCCl,365.4952187813579,4.848689439257452
c1ccc(-c2nc3sc4cc5c(cc4c3s2)OCO5)cc1,CS(C)=O,365.38433521250624,4.027554846529932
Fc1ccc2sc3nc(-c4ccccc4)sc3c2c1,CS(C)=O,344.26844446412514,4.338840506730533
COc1cc(-c2nc3sc4ccccc4c3s2)cc(OC)c1OC,CS(C)=O,362.66210890506267,4.441762939676555
Clc1ccc(-c2nc3sc4ccccc4c3s2)cc1,CS(C)=O,353.48286340994275,4.296165339473176
Brc1ccc(-c2nc3sc4ccccc4c3s2)cc1,CS(C)=O,352.5004883720516,4.39215458824935
c1ccc2c(-c3nc4sc5ccccc5c4s3)cccc2c1,CS(C)=O,352.6711111746546,4.353154864249179
COc1ccc(-c2sc3c(c2Br)=[N+]2C(=C(C(F)(F)F)c4cc5sc(-c6ccc(OC)cc6)c(Br)c5n4[B-]2(F)F)C=3)cc1,ClC(Cl)Cl,744.5487080095469,5.285064537523064
COc1ccc(-c2sc3c(c2Br)=[N+]2C(=C(C(F)(F)F)c4cc5sc(-c6ccc(OC)cc6)c(Br)c5n4[B-]2(F)F)C=3)cc1,C1CCOC1,742.7602189898826,5.194340973970597
COc1ccc(-c2oc3c(c2Br)=[N+]2C(=C(C(F)(F)F)c4c(Br)c5oc(-c6ccc(OC)cc6)c(Br)c5n4[B-]2(F)F)C=3Br)cc1,ClC(Cl)Cl,749.2501113208358,5.082707926241986
COc1ccc(-c2oc3c(c2Br)=[N+]2C(=C(C(F)(F)F)c4c(Br)c5oc(-c6ccc(OC)cc6)c(Br)c5n4[B-]2(F)F)C=3Br)cc1,C1CCOC1,747.3675847336759,4.975553621601076
CC(C)(C)c1ccc(C2=CC(c3ccccc3)=[N+]3C2=Nc2c(-c4ccc(C(C)(C)C)cc4)cc(-c4ccccc4)n2[B-]3(F)F)cc1,Cc1ccccc1,662.5565002962213,4.96380249265183
CC(C)(C)c1ccc(C2=CC(c3ccccc3)=[N+]3C2=Nc2c(-c4ccc(C(C)(C)C)cc4)cc(-c4ccccc4)n2[B-]3(F)F)cc1,ClC(Cl)Cl,663.4776734048817,4.96184467063225
CC(C)(C)c1ccc(C2=CC(c3ccccc3)=[N+]3C2=Nc2c(-c4ccc(C(C)(C)C)cc4)cc(-c4ccccc4)n2[B-]3(F)F)cc1,C1CCOC1,657.4599941820702,4.964161032331285
CCCCCCCCCCCCOc1ccc(C2=c3sc4ccccc4c3=[N+]3C2=Nc2c(-c4ccc(OCCCCCCCCCCCC)cc4)c4sc5ccccc5c4n2[B-]3(F)F)cc1,Cc1ccccc1,701.4263949991696,4.845094671950592
CCCCCCCCCCCCOc1ccc(C2=c3sc4ccccc4c3=[N+]3C2=Nc2c(-c4ccc(OCCCCCCCCCCCC)cc4)c4sc5ccccc5c4n2[B-]3(F)F)cc1,ClC(Cl)Cl,703.245388095501,4.818460094190526
CCCCCCCCCCCCOc1ccc(C2=c3sc4ccccc4c3=[N+]3C2=Nc2c(-c4ccc(OCCCCCCCCCCCC)cc4)c4sc5ccccc5c4n2[B-]3(F)F)cc1,C1CCOC1,697.8712948836801,4.808334586318704
CCCCCCCC(CCCCCCC)N1C(=O)c2ccc3c4ccc5c6c(ccc(c7ccc(c2c37)C1=O)c64)C(=O)N(C(CCCCCCC)CCCCCCC)C5=O,ClCCl,523.6317839317069,4.8452289343875705
CCCCCCn1c2cc(C=O)sc2c2sc3c(sc4c5sc(C=O)cc5n(CCCCCC)c43)c21,ClCCl,417.81258721224634,4.443988630815128
CCCCCCn1c2cc(C=C(C#N)C#N)sc2c2sc3c(sc4c5sc(C=C(C#N)C#N)cc5n(CCCCCC)c43)c21,ClCCl,510.938343787841,4.593482867208615
CCCCCCCCCCCCc1sc(CCCCCC)c2c3cc(CCCCCC)sc3c3sc(CCCCCC)cc3c12,ClC(Cl)Cl,393.529084071033,3.864581485453822
c1cc2c3c(c1)-c1ccc4c5c(ccc(c15)B3c1ccc3c5c(ccc-2c15)CC3)CC4,Cc1ccccc1,435.47446948036276,4.420308826129605
