Command line
python /users/rmb20171/miniconda3/envs/chemprop15/bin/chemprop_train --data_path d4c_ext_coef_all_data.csv --dataset_type regression --epochs 100 --number_of_molecules 2 --split_type random --seed 0 --depth 5 --hidden_size 1900 --ffn_hidden_size 1900 --ffn_num_layers 3 --dropout 0.1 --aggregation mean --batch_size 50 --metric rmse --num_workers 16 --save_dir reproduce_d4c_chemprop
Args
{'activation': 'ReLU',
 'adding_h': False,
 'aggregation': 'mean',
 'aggregation_norm': 100,
 'atom_descriptor_scaling': True,
 'atom_descriptors': None,
 'atom_descriptors_path': None,
 'atom_descriptors_size': 0,
 'atom_features_size': 0,
 'atom_messages': False,
 'batch_size': 50,
 'bias': False,
 'bias_solvent': False,
 'bond_feature_scaling': True,
 'bond_features_path': None,
 'bond_features_size': 0,
 'cache_cutoff': 10000,
 'checkpoint_dir': None,
 'checkpoint_frzn': None,
 'checkpoint_path': None,
 'checkpoint_paths': None,
 'class_balance': False,
 'config_path': None,
 'crossval_index_dir': None,
 'crossval_index_file': None,
 'crossval_index_sets': None,
 'cuda': False,
 'data_path': 'd4c_ext_coef_all_data.csv',
 'data_weights_path': None,
 'dataset_type': 'regression',
 'depth': 5,
 'depth_solvent': 3,
 'device': device(type='cpu'),
 'dropout': 0.1,
 'empty_cache': False,
 'ensemble_size': 1,
 'epochs': 100,
 'evidential_regularization': 0,
 'explicit_h': False,
 'extra_metrics': [],
 'features_generator': None,
 'features_only': False,
 'features_path': None,
 'features_scaling': True,
 'features_size': None,
 'ffn_hidden_size': 1900,
 'ffn_num_layers': 3,
 'final_lr': 0.0001,
 'folds_file': None,
 'freeze_first_only': False,
 'frzn_ffn_layers': 0,
 'gpu': None,
 'grad_clip': None,
 'hidden_size': 1900,
 'hidden_size_solvent': 300,
 'ignore_columns': None,
 'init_lr': 0.0001,
 'log_frequency': 10,
 'loss_function': 'mse',
 'max_data_size': None,
 'max_lr': 0.001,
 'metric': 'rmse',
 'metrics': ['rmse'],
 'minimize_score': True,
 'mpn_shared': False,
 'multiclass_num_classes': 3,
 'no_atom_descriptor_scaling': False,
 'no_bond_features_scaling': False,
 'no_cache_mol': False,
 'no_cuda': False,
 'no_features_scaling': False,
 'num_folds': 1,
 'num_lrs': 1,
 'num_tasks': 2,
 'num_workers': 16,
 'number_of_molecules': 2,
 'overwrite_default_atom_features': False,
 'overwrite_default_bond_features': False,
 'phase_features_path': None,
 'pytorch_seed': 0,
 'quiet': False,
 'reaction': False,
 'reaction_mode': 'reac_diff',
 'reaction_solvent': False,
 'resume_experiment': False,
 'save_dir': 'reproduce_d4c_chemprop',
 'save_preds': False,
 'save_smiles_splits': False,
 'seed': 0,
 'separate_test_atom_descriptors_path': None,
 'separate_test_bond_features_path': None,
 'separate_test_features_path': None,
 'separate_test_path': None,
 'separate_test_phase_features_path': None,
 'separate_val_atom_descriptors_path': None,
 'separate_val_bond_features_path': None,
 'separate_val_features_path': None,
 'separate_val_path': None,
 'separate_val_phase_features_path': None,
 'show_individual_scores': False,
 'smiles_columns': ['\ufeffChromophore', 'Solvent'],
 'spectra_activation': 'exp',
 'spectra_phase_mask_path': None,
 'spectra_target_floor': 1e-08,
 'split_key_molecule': 0,
 'split_sizes': [0.8, 0.1, 0.1],
 'split_type': 'random',
 'target_columns': None,
 'target_weights': None,
 'task_names': ['Absorption max (nm)', 'log(e/mol-1 dm3 cm-1)'],
 'test': False,
 'test_fold_index': None,
 'train_data_size': None,
 'undirected': False,
 'use_input_features': False,
 'val_fold_index': None,
 'warmup_epochs': 2.0}
Setting molecule featurization parameters to default.
Loading data
Warning: 14 SMILES are invalid.
Number of tasks = 2
Fold 0
Splitting data with seed 0
Total size = 8,018 | train size = 6,414 | val size = 802 | test size = 802
Fitting scaler
Building model 0
MoleculeModel(
  (encoder): MPN(
    (encoder): ModuleList(
      (0): MPNEncoder(
        (dropout_layer): Dropout(p=0.1, inplace=False)
        (act_func): ReLU()
        (W_i): Linear(in_features=147, out_features=1900, bias=False)
        (W_h): Linear(in_features=1900, out_features=1900, bias=False)
        (W_o): Linear(in_features=2033, out_features=1900, bias=True)
      )
      (1): MPNEncoder(
        (dropout_layer): Dropout(p=0.1, inplace=False)
        (act_func): ReLU()
        (W_i): Linear(in_features=147, out_features=1900, bias=False)
        (W_h): Linear(in_features=1900, out_features=1900, bias=False)
        (W_o): Linear(in_features=2033, out_features=1900, bias=True)
      )
    )
  )
  (ffn): Sequential(
    (0): Dropout(p=0.1, inplace=False)
    (1): Linear(in_features=3800, out_features=1900, bias=True)
    (2): ReLU()
    (3): Dropout(p=0.1, inplace=False)
    (4): Linear(in_features=1900, out_features=1900, bias=True)
    (5): ReLU()
    (6): Dropout(p=0.1, inplace=False)
    (7): Linear(in_features=1900, out_features=2, bias=True)
  )
)
Number of parameters = 26,349,202
Epoch 0
Loss = 1.1773e+00, PNorm = 112.7663, GNorm = 1.3767, lr_0 = 1.3867e-04
Loss = 1.0153e+00, PNorm = 112.7866, GNorm = 2.3769, lr_0 = 1.7383e-04
Loss = 7.8641e-01, PNorm = 112.8086, GNorm = 3.1882, lr_0 = 2.0898e-04
Loss = 8.7974e-01, PNorm = 112.8321, GNorm = 1.0308, lr_0 = 2.4414e-04
Loss = 9.2979e-01, PNorm = 112.8584, GNorm = 2.2807, lr_0 = 2.7930e-04
Loss = 8.2674e-01, PNorm = 112.8927, GNorm = 1.0654, lr_0 = 3.1445e-04
Loss = 7.1094e-01, PNorm = 112.9309, GNorm = 5.0532, lr_0 = 3.4961e-04
Loss = 8.3087e-01, PNorm = 112.9803, GNorm = 2.5244, lr_0 = 3.8477e-04
Loss = 7.4115e-01, PNorm = 113.0337, GNorm = 1.8300, lr_0 = 4.1992e-04
Loss = 7.7185e-01, PNorm = 113.0928, GNorm = 3.7162, lr_0 = 4.5508e-04
Loss = 8.5827e-01, PNorm = 113.1747, GNorm = 2.2095, lr_0 = 4.9023e-04
Loss = 5.7906e-01, PNorm = 113.2589, GNorm = 0.6244, lr_0 = 5.2539e-04
Validation rmse = 6.205313
Epoch 1
Loss = 6.9187e-01, PNorm = 113.3555, GNorm = 8.4507, lr_0 = 5.6406e-04
Loss = 6.6080e-01, PNorm = 113.4583, GNorm = 2.8522, lr_0 = 5.9922e-04
Loss = 7.0495e-01, PNorm = 113.5761, GNorm = 2.8002, lr_0 = 6.3438e-04
Loss = 6.6300e-01, PNorm = 113.7202, GNorm = 2.5040, lr_0 = 6.6953e-04
Loss = 6.0542e-01, PNorm = 113.8695, GNorm = 3.1594, lr_0 = 7.0469e-04
Loss = 6.3173e-01, PNorm = 114.0748, GNorm = 2.7001, lr_0 = 7.3984e-04
Loss = 6.7104e-01, PNorm = 114.2670, GNorm = 3.8882, lr_0 = 7.7500e-04
Loss = 5.4492e-01, PNorm = 114.4288, GNorm = 1.1355, lr_0 = 8.1016e-04
Loss = 5.5116e-01, PNorm = 114.5691, GNorm = 1.6109, lr_0 = 8.4531e-04
Loss = 6.9302e-01, PNorm = 114.7261, GNorm = 0.7408, lr_0 = 8.8047e-04
Loss = 5.5914e-01, PNorm = 114.9062, GNorm = 2.3848, lr_0 = 9.1562e-04
Loss = 5.7869e-01, PNorm = 115.0937, GNorm = 2.2027, lr_0 = 9.5078e-04
Loss = 5.6600e-01, PNorm = 115.3134, GNorm = 10.8753, lr_0 = 9.8594e-04
Validation rmse = 5.949622
Epoch 2
Loss = 4.6948e-01, PNorm = 115.5657, GNorm = 3.8796, lr_0 = 9.9872e-04
Loss = 4.4001e-01, PNorm = 115.7977, GNorm = 1.4271, lr_0 = 9.9688e-04
Loss = 4.2650e-01, PNorm = 115.9521, GNorm = 1.0758, lr_0 = 9.9506e-04
Loss = 4.8774e-01, PNorm = 116.1063, GNorm = 1.8057, lr_0 = 9.9323e-04
Loss = 6.4068e-01, PNorm = 116.2881, GNorm = 0.9758, lr_0 = 9.9141e-04
Loss = 4.5207e-01, PNorm = 116.4881, GNorm = 1.9891, lr_0 = 9.8959e-04
Loss = 4.3951e-01, PNorm = 116.6735, GNorm = 2.2060, lr_0 = 9.8778e-04
Loss = 4.6610e-01, PNorm = 116.8440, GNorm = 0.8137, lr_0 = 9.8597e-04
Loss = 4.2474e-01, PNorm = 117.0285, GNorm = 1.9106, lr_0 = 9.8416e-04
Loss = 4.0628e-01, PNorm = 117.1977, GNorm = 1.5849, lr_0 = 9.8235e-04
Loss = 3.9012e-01, PNorm = 117.3667, GNorm = 1.1894, lr_0 = 9.8055e-04
Loss = 4.0174e-01, PNorm = 117.5188, GNorm = 4.2072, lr_0 = 9.7875e-04
Loss = 4.4423e-01, PNorm = 117.6883, GNorm = 1.0849, lr_0 = 9.7696e-04
Validation rmse = 5.147993
Epoch 3
Loss = 4.4041e-01, PNorm = 117.9162, GNorm = 1.6028, lr_0 = 9.7499e-04
Loss = 3.8006e-01, PNorm = 118.1283, GNorm = 1.7751, lr_0 = 9.7320e-04
Loss = 3.8108e-01, PNorm = 118.3147, GNorm = 1.0784, lr_0 = 9.7141e-04
Loss = 3.7267e-01, PNorm = 118.5104, GNorm = 2.2748, lr_0 = 9.6963e-04
Loss = 3.3115e-01, PNorm = 118.6553, GNorm = 1.1630, lr_0 = 9.6785e-04
Loss = 3.7191e-01, PNorm = 118.8070, GNorm = 1.0251, lr_0 = 9.6608e-04
Loss = 3.1338e-01, PNorm = 118.9638, GNorm = 1.9518, lr_0 = 9.6431e-04
Loss = 3.2496e-01, PNorm = 119.1069, GNorm = 0.8533, lr_0 = 9.6254e-04
Loss = 2.9785e-01, PNorm = 119.2452, GNorm = 1.2257, lr_0 = 9.6077e-04
Loss = 2.8141e-01, PNorm = 119.3934, GNorm = 1.3211, lr_0 = 9.5901e-04
Loss = 3.1651e-01, PNorm = 119.5283, GNorm = 0.7107, lr_0 = 9.5725e-04
Loss = 3.1811e-01, PNorm = 119.6470, GNorm = 0.9122, lr_0 = 9.5550e-04
Loss = 2.5795e-01, PNorm = 119.7788, GNorm = 1.7222, lr_0 = 9.5375e-04
Validation rmse = 4.254049
Epoch 4
Loss = 3.0569e-01, PNorm = 119.9246, GNorm = 0.5254, lr_0 = 9.5200e-04
Loss = 2.3686e-01, PNorm = 120.0790, GNorm = 0.3930, lr_0 = 9.5025e-04
Loss = 2.4030e-01, PNorm = 120.2109, GNorm = 1.6726, lr_0 = 9.4851e-04
Loss = 2.8442e-01, PNorm = 120.3607, GNorm = 2.0952, lr_0 = 9.4677e-04
Loss = 3.0042e-01, PNorm = 120.5066, GNorm = 1.9359, lr_0 = 9.4503e-04
Loss = 3.6387e-01, PNorm = 120.6937, GNorm = 2.1068, lr_0 = 9.4330e-04
Loss = 2.8259e-01, PNorm = 120.8742, GNorm = 1.1592, lr_0 = 9.4157e-04
Loss = 2.6209e-01, PNorm = 121.0357, GNorm = 2.1055, lr_0 = 9.3984e-04
Loss = 2.4870e-01, PNorm = 121.1708, GNorm = 1.4215, lr_0 = 9.3812e-04
Loss = 2.4404e-01, PNorm = 121.2960, GNorm = 1.2521, lr_0 = 9.3640e-04
Loss = 2.3936e-01, PNorm = 121.4075, GNorm = 0.5726, lr_0 = 9.3468e-04
Loss = 2.4365e-01, PNorm = 121.5254, GNorm = 2.2896, lr_0 = 9.3297e-04
Loss = 2.5237e-01, PNorm = 121.6406, GNorm = 2.0904, lr_0 = 9.3126e-04
Validation rmse = 3.786369
Epoch 5
Loss = 2.7135e-01, PNorm = 121.8011, GNorm = 2.3561, lr_0 = 9.2938e-04
Loss = 2.4585e-01, PNorm = 121.9555, GNorm = 0.8254, lr_0 = 9.2767e-04
Loss = 2.6482e-01, PNorm = 122.0909, GNorm = 1.8482, lr_0 = 9.2597e-04
Loss = 2.3050e-01, PNorm = 122.2432, GNorm = 0.6818, lr_0 = 9.2427e-04
Loss = 2.2273e-01, PNorm = 122.3678, GNorm = 1.3228, lr_0 = 9.2258e-04
Loss = 1.9547e-01, PNorm = 122.5167, GNorm = 0.8406, lr_0 = 9.2089e-04
Loss = 2.0246e-01, PNorm = 122.6383, GNorm = 0.4565, lr_0 = 9.1920e-04
Loss = 2.1916e-01, PNorm = 122.7327, GNorm = 1.0211, lr_0 = 9.1751e-04
Loss = 1.9748e-01, PNorm = 122.8578, GNorm = 0.8980, lr_0 = 9.1583e-04
Loss = 1.8783e-01, PNorm = 122.9770, GNorm = 0.9116, lr_0 = 9.1415e-04
Loss = 1.8033e-01, PNorm = 123.0707, GNorm = 1.0082, lr_0 = 9.1247e-04
Loss = 2.2415e-01, PNorm = 123.1839, GNorm = 0.7254, lr_0 = 9.1080e-04
Validation rmse = 3.736069
Epoch 6
Loss = 2.3004e-01, PNorm = 123.3068, GNorm = 1.3874, lr_0 = 9.0896e-04
Loss = 1.8612e-01, PNorm = 123.4432, GNorm = 1.0170, lr_0 = 9.0730e-04
Loss = 1.9949e-01, PNorm = 123.5649, GNorm = 1.1106, lr_0 = 9.0563e-04
Loss = 1.8625e-01, PNorm = 123.6781, GNorm = 0.8038, lr_0 = 9.0397e-04
Loss = 1.9681e-01, PNorm = 123.7985, GNorm = 1.1635, lr_0 = 9.0231e-04
Loss = 1.5820e-01, PNorm = 123.8995, GNorm = 0.7491, lr_0 = 9.0066e-04
Loss = 1.7466e-01, PNorm = 123.9960, GNorm = 0.8223, lr_0 = 8.9901e-04
Loss = 1.5970e-01, PNorm = 124.0828, GNorm = 0.8000, lr_0 = 8.9736e-04
Loss = 1.9869e-01, PNorm = 124.1883, GNorm = 1.1895, lr_0 = 8.9571e-04
Loss = 1.6854e-01, PNorm = 124.2827, GNorm = 0.7879, lr_0 = 8.9407e-04
Loss = 1.7038e-01, PNorm = 124.3883, GNorm = 1.4547, lr_0 = 8.9243e-04
Loss = 1.5126e-01, PNorm = 124.4823, GNorm = 0.4943, lr_0 = 8.9079e-04
Loss = 1.6842e-01, PNorm = 124.5774, GNorm = 0.5231, lr_0 = 8.8916e-04
Validation rmse = 3.515086
Epoch 7
Loss = 1.4122e-01, PNorm = 124.6693, GNorm = 1.0303, lr_0 = 8.8737e-04
Loss = 1.5791e-01, PNorm = 124.7709, GNorm = 1.3534, lr_0 = 8.8574e-04
Loss = 1.4637e-01, PNorm = 124.8645, GNorm = 0.6521, lr_0 = 8.8411e-04
Loss = 1.5725e-01, PNorm = 124.9575, GNorm = 1.3872, lr_0 = 8.8249e-04
Loss = 1.4377e-01, PNorm = 125.0511, GNorm = 0.7817, lr_0 = 8.8087e-04
Loss = 1.2299e-01, PNorm = 125.1431, GNorm = 0.8167, lr_0 = 8.7926e-04
Loss = 1.6901e-01, PNorm = 125.2395, GNorm = 0.8866, lr_0 = 8.7765e-04
Loss = 1.3875e-01, PNorm = 125.3439, GNorm = 0.5656, lr_0 = 8.7604e-04
Loss = 1.5001e-01, PNorm = 125.4247, GNorm = 0.6443, lr_0 = 8.7443e-04
Loss = 1.3767e-01, PNorm = 125.5080, GNorm = 0.9238, lr_0 = 8.7283e-04
Loss = 2.0041e-01, PNorm = 125.6136, GNorm = 0.9997, lr_0 = 8.7123e-04
Loss = 1.5399e-01, PNorm = 125.7159, GNorm = 0.7404, lr_0 = 8.6963e-04
Loss = 1.6382e-01, PNorm = 125.8303, GNorm = 1.3516, lr_0 = 8.6803e-04
Validation rmse = 3.507093
Epoch 8
Loss = 1.4961e-01, PNorm = 125.9416, GNorm = 0.6407, lr_0 = 8.6644e-04
Loss = 1.3934e-01, PNorm = 126.0809, GNorm = 0.6995, lr_0 = 8.6485e-04
Loss = 1.4971e-01, PNorm = 126.2071, GNorm = 0.6518, lr_0 = 8.6327e-04
Loss = 1.5951e-01, PNorm = 126.3218, GNorm = 0.5051, lr_0 = 8.6168e-04
Loss = 1.3336e-01, PNorm = 126.4394, GNorm = 1.0075, lr_0 = 8.6010e-04
Loss = 1.6043e-01, PNorm = 126.5393, GNorm = 1.1757, lr_0 = 8.5853e-04
Loss = 1.8711e-01, PNorm = 126.6654, GNorm = 1.4122, lr_0 = 8.5695e-04
Loss = 1.7197e-01, PNorm = 126.7758, GNorm = 0.7868, lr_0 = 8.5538e-04
Loss = 1.3200e-01, PNorm = 126.8702, GNorm = 0.7697, lr_0 = 8.5381e-04
Loss = 1.3836e-01, PNorm = 126.9641, GNorm = 0.8532, lr_0 = 8.5224e-04
Loss = 1.3345e-01, PNorm = 127.0628, GNorm = 0.6546, lr_0 = 8.5068e-04
Loss = 1.2090e-01, PNorm = 127.1650, GNorm = 0.7414, lr_0 = 8.4912e-04
Loss = 1.4011e-01, PNorm = 127.2781, GNorm = 0.5599, lr_0 = 8.4756e-04
Validation rmse = 3.189408
Epoch 9
Loss = 1.2725e-01, PNorm = 127.3963, GNorm = 0.7309, lr_0 = 8.4585e-04
Loss = 1.4871e-01, PNorm = 127.5007, GNorm = 0.6961, lr_0 = 8.4430e-04
Loss = 1.4132e-01, PNorm = 127.6018, GNorm = 0.9788, lr_0 = 8.4276e-04
Loss = 1.6993e-01, PNorm = 127.7176, GNorm = 0.8765, lr_0 = 8.4121e-04
Loss = 1.3145e-01, PNorm = 127.8232, GNorm = 1.0210, lr_0 = 8.3967e-04
Loss = 1.2013e-01, PNorm = 127.9271, GNorm = 0.7909, lr_0 = 8.3813e-04
Loss = 1.1356e-01, PNorm = 128.0027, GNorm = 0.9899, lr_0 = 8.3659e-04
Loss = 1.2190e-01, PNorm = 128.0992, GNorm = 0.4740, lr_0 = 8.3506e-04
Loss = 1.1931e-01, PNorm = 128.1898, GNorm = 1.0084, lr_0 = 8.3352e-04
Loss = 1.3368e-01, PNorm = 128.2726, GNorm = 0.7657, lr_0 = 8.3200e-04
Loss = 1.2115e-01, PNorm = 128.3566, GNorm = 0.6157, lr_0 = 8.3047e-04
Loss = 1.3656e-01, PNorm = 128.4396, GNorm = 0.6441, lr_0 = 8.2895e-04
Loss = 9.4109e-02, PNorm = 128.5392, GNorm = 0.8584, lr_0 = 8.2743e-04
Validation rmse = 3.030407
Epoch 10
Loss = 1.2341e-01, PNorm = 128.6242, GNorm = 0.5364, lr_0 = 8.2576e-04
Loss = 1.0439e-01, PNorm = 128.7083, GNorm = 0.6260, lr_0 = 8.2424e-04
Loss = 1.1535e-01, PNorm = 128.7719, GNorm = 0.8015, lr_0 = 8.2273e-04
Loss = 1.1412e-01, PNorm = 128.8701, GNorm = 0.8037, lr_0 = 8.2122e-04
Loss = 9.4876e-02, PNorm = 128.9534, GNorm = 0.7961, lr_0 = 8.1972e-04
Loss = 1.0386e-01, PNorm = 129.0297, GNorm = 0.6886, lr_0 = 8.1821e-04
Loss = 1.1669e-01, PNorm = 129.1184, GNorm = 0.5607, lr_0 = 8.1671e-04
Loss = 1.2388e-01, PNorm = 129.2111, GNorm = 0.3914, lr_0 = 8.1522e-04
Loss = 1.2002e-01, PNorm = 129.2966, GNorm = 0.7132, lr_0 = 8.1372e-04
Loss = 1.0143e-01, PNorm = 129.3738, GNorm = 0.4684, lr_0 = 8.1223e-04
Loss = 1.0036e-01, PNorm = 129.4582, GNorm = 0.6570, lr_0 = 8.1074e-04
Loss = 1.1585e-01, PNorm = 129.5490, GNorm = 1.6912, lr_0 = 8.0925e-04
Loss = 1.2965e-01, PNorm = 129.6322, GNorm = 0.5423, lr_0 = 8.0777e-04
Validation rmse = 3.053709
Epoch 11
Loss = 1.0627e-01, PNorm = 129.7148, GNorm = 0.5887, lr_0 = 8.0629e-04
Loss = 9.6932e-02, PNorm = 129.7897, GNorm = 0.6393, lr_0 = 8.0481e-04
Loss = 8.6931e-02, PNorm = 129.8537, GNorm = 0.4308, lr_0 = 8.0333e-04
Loss = 1.1217e-01, PNorm = 129.9334, GNorm = 0.9097, lr_0 = 8.0186e-04
Loss = 8.1445e-02, PNorm = 130.0069, GNorm = 0.5886, lr_0 = 8.0039e-04
Loss = 8.7590e-02, PNorm = 130.0775, GNorm = 1.0668, lr_0 = 7.9892e-04
Loss = 1.0340e-01, PNorm = 130.1404, GNorm = 0.7745, lr_0 = 7.9745e-04
Loss = 9.3717e-02, PNorm = 130.2101, GNorm = 0.5087, lr_0 = 7.9599e-04
Loss = 1.0585e-01, PNorm = 130.2810, GNorm = 1.0558, lr_0 = 7.9453e-04
Loss = 9.2590e-02, PNorm = 130.3445, GNorm = 0.7935, lr_0 = 7.9308e-04
Loss = 1.2199e-01, PNorm = 130.4259, GNorm = 1.2827, lr_0 = 7.9162e-04
Loss = 1.4187e-01, PNorm = 130.5270, GNorm = 0.7085, lr_0 = 7.9017e-04
Validation rmse = 3.351021
Epoch 12
Loss = 1.7973e-01, PNorm = 130.6292, GNorm = 2.0918, lr_0 = 7.8858e-04
Loss = 1.1618e-01, PNorm = 130.7497, GNorm = 0.4292, lr_0 = 7.8713e-04
Loss = 9.6041e-02, PNorm = 130.8560, GNorm = 1.1232, lr_0 = 7.8569e-04
Loss = 1.1589e-01, PNorm = 130.9445, GNorm = 0.3783, lr_0 = 7.8424e-04
Loss = 8.4884e-02, PNorm = 131.0216, GNorm = 0.6999, lr_0 = 7.8281e-04
Loss = 8.8162e-02, PNorm = 131.0982, GNorm = 0.3395, lr_0 = 7.8137e-04
Loss = 8.8774e-02, PNorm = 131.1523, GNorm = 1.0034, lr_0 = 7.7994e-04
Loss = 9.6485e-02, PNorm = 131.2217, GNorm = 0.5397, lr_0 = 7.7851e-04
Loss = 7.9828e-02, PNorm = 131.2894, GNorm = 0.5026, lr_0 = 7.7708e-04
Loss = 9.1065e-02, PNorm = 131.3476, GNorm = 0.6770, lr_0 = 7.7565e-04
Loss = 8.8395e-02, PNorm = 131.4118, GNorm = 0.3370, lr_0 = 7.7423e-04
Loss = 8.4326e-02, PNorm = 131.4776, GNorm = 0.5939, lr_0 = 7.7281e-04
Loss = 1.1479e-01, PNorm = 131.5424, GNorm = 0.6650, lr_0 = 7.7139e-04
Validation rmse = 2.835182
Epoch 13
Loss = 6.7051e-02, PNorm = 131.6140, GNorm = 0.6970, lr_0 = 7.6984e-04
Loss = 7.9125e-02, PNorm = 131.6851, GNorm = 0.5847, lr_0 = 7.6843e-04
Loss = 7.9485e-02, PNorm = 131.7581, GNorm = 0.3851, lr_0 = 7.6702e-04
Loss = 8.2956e-02, PNorm = 131.8052, GNorm = 0.4707, lr_0 = 7.6561e-04
Loss = 7.4570e-02, PNorm = 131.8560, GNorm = 0.7300, lr_0 = 7.6421e-04
Loss = 7.7422e-02, PNorm = 131.9109, GNorm = 0.4219, lr_0 = 7.6281e-04
Loss = 9.7035e-02, PNorm = 131.9610, GNorm = 0.4144, lr_0 = 7.6141e-04
Loss = 9.3178e-02, PNorm = 132.0199, GNorm = 0.6256, lr_0 = 7.6001e-04
Loss = 7.8626e-02, PNorm = 132.0781, GNorm = 0.5280, lr_0 = 7.5862e-04
Loss = 7.4966e-02, PNorm = 132.1408, GNorm = 0.5871, lr_0 = 7.5723e-04
Loss = 7.3965e-02, PNorm = 132.2065, GNorm = 0.5450, lr_0 = 7.5584e-04
Loss = 8.1826e-02, PNorm = 132.2617, GNorm = 0.4428, lr_0 = 7.5445e-04
Loss = 9.4775e-02, PNorm = 132.3257, GNorm = 0.5374, lr_0 = 7.5307e-04
Validation rmse = 3.030384
Epoch 14
Loss = 7.8496e-02, PNorm = 132.4123, GNorm = 0.5980, lr_0 = 7.5155e-04
Loss = 7.5640e-02, PNorm = 132.4898, GNorm = 0.5371, lr_0 = 7.5017e-04
Loss = 7.3439e-02, PNorm = 132.5716, GNorm = 0.4486, lr_0 = 7.4879e-04
Loss = 8.3142e-02, PNorm = 132.6300, GNorm = 0.4973, lr_0 = 7.4742e-04
Loss = 7.8803e-02, PNorm = 132.6943, GNorm = 0.5511, lr_0 = 7.4605e-04
Loss = 9.1691e-02, PNorm = 132.7674, GNorm = 0.6683, lr_0 = 7.4468e-04
Loss = 7.3622e-02, PNorm = 132.8406, GNorm = 0.3945, lr_0 = 7.4332e-04
Loss = 8.0329e-02, PNorm = 132.9121, GNorm = 0.5368, lr_0 = 7.4195e-04
Loss = 9.2925e-02, PNorm = 132.9707, GNorm = 0.4428, lr_0 = 7.4059e-04
Loss = 7.6561e-02, PNorm = 133.0297, GNorm = 0.6667, lr_0 = 7.3923e-04
Loss = 8.5874e-02, PNorm = 133.0930, GNorm = 0.3243, lr_0 = 7.3788e-04
Loss = 6.7817e-02, PNorm = 133.1513, GNorm = 0.5813, lr_0 = 7.3653e-04
Loss = 6.9619e-02, PNorm = 133.2036, GNorm = 0.6736, lr_0 = 7.3517e-04
Validation rmse = 2.723494
Epoch 15
Loss = 7.5691e-02, PNorm = 133.2561, GNorm = 0.5636, lr_0 = 7.3383e-04
Loss = 8.4895e-02, PNorm = 133.3155, GNorm = 0.4462, lr_0 = 7.3248e-04
Loss = 6.4123e-02, PNorm = 133.3739, GNorm = 0.6701, lr_0 = 7.3114e-04
Loss = 7.2903e-02, PNorm = 133.4358, GNorm = 0.4396, lr_0 = 7.2980e-04
Loss = 6.3525e-02, PNorm = 133.4899, GNorm = 0.5609, lr_0 = 7.2846e-04
Loss = 7.0320e-02, PNorm = 133.5582, GNorm = 0.4583, lr_0 = 7.2712e-04
Loss = 7.7787e-02, PNorm = 133.6237, GNorm = 0.5168, lr_0 = 7.2579e-04
Loss = 8.7778e-02, PNorm = 133.6967, GNorm = 0.5891, lr_0 = 7.2446e-04
Loss = 8.0386e-02, PNorm = 133.7558, GNorm = 0.3937, lr_0 = 7.2313e-04
Loss = 7.1807e-02, PNorm = 133.8244, GNorm = 0.7192, lr_0 = 7.2180e-04
Loss = 7.6828e-02, PNorm = 133.8877, GNorm = 0.5009, lr_0 = 7.2048e-04
Loss = 7.1227e-02, PNorm = 133.9489, GNorm = 0.4084, lr_0 = 7.1916e-04
Loss = 8.8375e-02, PNorm = 134.0012, GNorm = 0.5532, lr_0 = 7.1784e-04
Validation rmse = 2.756988
Epoch 16
Loss = 6.1136e-02, PNorm = 134.0722, GNorm = 0.4486, lr_0 = 7.1639e-04
Loss = 7.0107e-02, PNorm = 134.1365, GNorm = 0.5795, lr_0 = 7.1508e-04
Loss = 7.1513e-02, PNorm = 134.1924, GNorm = 0.4458, lr_0 = 7.1377e-04
Loss = 7.6697e-02, PNorm = 134.2555, GNorm = 0.4419, lr_0 = 7.1246e-04
Loss = 7.2497e-02, PNorm = 134.3151, GNorm = 0.3175, lr_0 = 7.1115e-04
Loss = 6.4894e-02, PNorm = 134.3812, GNorm = 0.4930, lr_0 = 7.0985e-04
Loss = 7.1538e-02, PNorm = 134.4440, GNorm = 0.5090, lr_0 = 7.0854e-04
Loss = 6.7044e-02, PNorm = 134.5031, GNorm = 0.5768, lr_0 = 7.0724e-04
Loss = 7.1009e-02, PNorm = 134.5561, GNorm = 0.8165, lr_0 = 7.0595e-04
Loss = 7.0006e-02, PNorm = 134.6229, GNorm = 0.4059, lr_0 = 7.0465e-04
Loss = 9.0389e-02, PNorm = 134.6810, GNorm = 0.4239, lr_0 = 7.0336e-04
Loss = 7.6111e-02, PNorm = 134.7589, GNorm = 0.4577, lr_0 = 7.0207e-04
Loss = 7.4001e-02, PNorm = 134.8232, GNorm = 0.4554, lr_0 = 7.0078e-04
Loss = 8.1681e-02, PNorm = 134.8286, GNorm = 0.6882, lr_0 = 7.0065e-04
Validation rmse = 2.836675
Epoch 17
Loss = 6.4188e-02, PNorm = 134.8875, GNorm = 0.4113, lr_0 = 6.9937e-04
Loss = 6.0011e-02, PNorm = 134.9490, GNorm = 0.4174, lr_0 = 6.9809e-04
Loss = 7.9307e-02, PNorm = 135.0064, GNorm = 0.2772, lr_0 = 6.9681e-04
Loss = 6.9662e-02, PNorm = 135.0714, GNorm = 0.5852, lr_0 = 6.9553e-04
Loss = 6.2281e-02, PNorm = 135.1395, GNorm = 0.4983, lr_0 = 6.9425e-04
Loss = 6.1173e-02, PNorm = 135.2015, GNorm = 0.5329, lr_0 = 6.9298e-04
Loss = 7.2463e-02, PNorm = 135.2602, GNorm = 0.4303, lr_0 = 6.9171e-04
Loss = 6.0085e-02, PNorm = 135.3194, GNorm = 0.3536, lr_0 = 6.9044e-04
Loss = 6.3629e-02, PNorm = 135.3737, GNorm = 0.6033, lr_0 = 6.8917e-04
Loss = 5.7638e-02, PNorm = 135.4254, GNorm = 0.3732, lr_0 = 6.8791e-04
Loss = 6.2981e-02, PNorm = 135.4774, GNorm = 0.2623, lr_0 = 6.8665e-04
Loss = 6.0538e-02, PNorm = 135.5274, GNorm = 0.4926, lr_0 = 6.8539e-04
Validation rmse = 2.804536
Epoch 18
Loss = 4.9859e-02, PNorm = 135.5802, GNorm = 0.3901, lr_0 = 6.8413e-04
Loss = 5.7147e-02, PNorm = 135.6385, GNorm = 0.3270, lr_0 = 6.8288e-04
Loss = 7.9723e-02, PNorm = 135.6980, GNorm = 0.6934, lr_0 = 6.8163e-04
Loss = 6.1985e-02, PNorm = 135.7587, GNorm = 0.3130, lr_0 = 6.8038e-04
Loss = 4.7593e-02, PNorm = 135.8107, GNorm = 0.2584, lr_0 = 6.7913e-04
Loss = 6.2760e-02, PNorm = 135.8614, GNorm = 0.6068, lr_0 = 6.7788e-04
Loss = 5.7588e-02, PNorm = 135.9193, GNorm = 0.2967, lr_0 = 6.7664e-04
Loss = 4.7935e-02, PNorm = 135.9661, GNorm = 0.3997, lr_0 = 6.7540e-04
Loss = 6.2439e-02, PNorm = 136.0043, GNorm = 0.2655, lr_0 = 6.7416e-04
Loss = 6.8839e-02, PNorm = 136.0582, GNorm = 0.4823, lr_0 = 6.7292e-04
Loss = 7.3811e-02, PNorm = 136.1176, GNorm = 0.5590, lr_0 = 6.7169e-04
Loss = 8.4258e-02, PNorm = 136.1795, GNorm = 0.3385, lr_0 = 6.7046e-04
Loss = 6.2325e-02, PNorm = 136.2528, GNorm = 0.6495, lr_0 = 6.6923e-04
Validation rmse = 3.038727
Epoch 19
Loss = 4.7270e-02, PNorm = 136.3105, GNorm = 0.7053, lr_0 = 6.6788e-04
Loss = 5.9970e-02, PNorm = 136.3845, GNorm = 0.5993, lr_0 = 6.6665e-04
Loss = 5.4869e-02, PNorm = 136.4532, GNorm = 0.4586, lr_0 = 6.6543e-04
Loss = 5.8386e-02, PNorm = 136.5158, GNorm = 0.6130, lr_0 = 6.6421e-04
Loss = 7.4077e-02, PNorm = 136.5750, GNorm = 0.7721, lr_0 = 6.6299e-04
Loss = 5.6897e-02, PNorm = 136.6497, GNorm = 0.3459, lr_0 = 6.6178e-04
Loss = 6.3059e-02, PNorm = 136.7145, GNorm = 0.3114, lr_0 = 6.6056e-04
Loss = 7.3752e-02, PNorm = 136.7645, GNorm = 0.6844, lr_0 = 6.5935e-04
Loss = 7.3172e-02, PNorm = 136.8234, GNorm = 0.3668, lr_0 = 6.5814e-04
Loss = 8.3150e-02, PNorm = 136.8923, GNorm = 0.5221, lr_0 = 6.5693e-04
Loss = 5.6950e-02, PNorm = 136.9659, GNorm = 0.4554, lr_0 = 6.5573e-04
Loss = 5.8995e-02, PNorm = 137.0239, GNorm = 0.7767, lr_0 = 6.5453e-04
Loss = 5.7702e-02, PNorm = 137.0891, GNorm = 0.3465, lr_0 = 6.5333e-04
Validation rmse = 2.721044
Epoch 20
Loss = 6.4721e-02, PNorm = 137.1490, GNorm = 0.2465, lr_0 = 6.5201e-04
Loss = 7.2856e-02, PNorm = 137.2186, GNorm = 0.7462, lr_0 = 6.5081e-04
Loss = 6.0854e-02, PNorm = 137.2932, GNorm = 0.2651, lr_0 = 6.4962e-04
Loss = 5.6090e-02, PNorm = 137.3581, GNorm = 0.3316, lr_0 = 6.4843e-04
Loss = 5.7940e-02, PNorm = 137.4244, GNorm = 0.4058, lr_0 = 6.4724e-04
Loss = 4.7634e-02, PNorm = 137.4778, GNorm = 0.4121, lr_0 = 6.4605e-04
Loss = 5.3663e-02, PNorm = 137.5317, GNorm = 0.3333, lr_0 = 6.4487e-04
Loss = 5.6932e-02, PNorm = 137.5887, GNorm = 0.3582, lr_0 = 6.4369e-04
Loss = 5.6440e-02, PNorm = 137.6510, GNorm = 0.3250, lr_0 = 6.4250e-04
Loss = 5.6524e-02, PNorm = 137.6978, GNorm = 0.4809, lr_0 = 6.4133e-04
Loss = 4.7021e-02, PNorm = 137.7452, GNorm = 0.2774, lr_0 = 6.4015e-04
Loss = 5.3693e-02, PNorm = 137.7956, GNorm = 0.3569, lr_0 = 6.3898e-04
Loss = 8.5718e-02, PNorm = 137.8412, GNorm = 0.5887, lr_0 = 6.3780e-04
Validation rmse = 2.670480
Epoch 21
Loss = 4.8388e-02, PNorm = 137.9069, GNorm = 0.2837, lr_0 = 6.3652e-04
Loss = 6.7973e-02, PNorm = 137.9625, GNorm = 0.1989, lr_0 = 6.3535e-04
Loss = 6.0658e-02, PNorm = 138.0140, GNorm = 0.3606, lr_0 = 6.3419e-04
Loss = 4.2952e-02, PNorm = 138.0707, GNorm = 0.2530, lr_0 = 6.3302e-04
Loss = 5.1427e-02, PNorm = 138.1215, GNorm = 0.3590, lr_0 = 6.3186e-04
Loss = 5.1958e-02, PNorm = 138.1743, GNorm = 0.3127, lr_0 = 6.3070e-04
Loss = 4.7198e-02, PNorm = 138.2328, GNorm = 0.2235, lr_0 = 6.2955e-04
Loss = 6.7105e-02, PNorm = 138.2887, GNorm = 0.4944, lr_0 = 6.2839e-04
Loss = 4.8604e-02, PNorm = 138.3481, GNorm = 0.4792, lr_0 = 6.2724e-04
Loss = 6.3917e-02, PNorm = 138.4045, GNorm = 0.5864, lr_0 = 6.2609e-04
Loss = 6.9811e-02, PNorm = 138.4674, GNorm = 0.4904, lr_0 = 6.2494e-04
Loss = 5.1519e-02, PNorm = 138.5113, GNorm = 0.4920, lr_0 = 6.2379e-04
Loss = 4.1414e-02, PNorm = 138.5554, GNorm = 0.2977, lr_0 = 6.2265e-04
Validation rmse = 2.396065
Epoch 22
Loss = 4.7854e-02, PNorm = 138.5992, GNorm = 0.3000, lr_0 = 6.2151e-04
Loss = 6.7958e-02, PNorm = 138.6512, GNorm = 0.3619, lr_0 = 6.2037e-04
Loss = 5.0508e-02, PNorm = 138.7045, GNorm = 0.5582, lr_0 = 6.1923e-04
Loss = 4.3615e-02, PNorm = 138.7577, GNorm = 0.4055, lr_0 = 6.1810e-04
Loss = 4.6337e-02, PNorm = 138.8065, GNorm = 0.2225, lr_0 = 6.1696e-04
Loss = 4.5302e-02, PNorm = 138.8521, GNorm = 0.3009, lr_0 = 6.1583e-04
Loss = 4.7370e-02, PNorm = 138.8998, GNorm = 0.2247, lr_0 = 6.1470e-04
Loss = 4.4358e-02, PNorm = 138.9426, GNorm = 0.3178, lr_0 = 6.1357e-04
Loss = 5.2752e-02, PNorm = 138.9797, GNorm = 0.2924, lr_0 = 6.1245e-04
Loss = 5.2517e-02, PNorm = 139.0227, GNorm = 0.3300, lr_0 = 6.1133e-04
Loss = 5.7654e-02, PNorm = 139.0706, GNorm = 0.3575, lr_0 = 6.1020e-04
Loss = 5.7974e-02, PNorm = 139.1444, GNorm = 0.5173, lr_0 = 6.0909e-04
Loss = 5.7170e-02, PNorm = 139.2070, GNorm = 0.4910, lr_0 = 6.0797e-04
Loss = 5.1182e-02, PNorm = 139.2144, GNorm = 0.5299, lr_0 = 6.0786e-04
Validation rmse = 2.657483
Epoch 23
Loss = 4.6106e-02, PNorm = 139.2773, GNorm = 0.4818, lr_0 = 6.0674e-04
Loss = 6.2177e-02, PNorm = 139.3446, GNorm = 0.4403, lr_0 = 6.0563e-04
Loss = 4.4065e-02, PNorm = 139.4076, GNorm = 0.4025, lr_0 = 6.0452e-04
Loss = 4.6150e-02, PNorm = 139.4571, GNorm = 0.2907, lr_0 = 6.0341e-04
Loss = 4.8033e-02, PNorm = 139.5017, GNorm = 0.3058, lr_0 = 6.0230e-04
Loss = 4.9042e-02, PNorm = 139.5502, GNorm = 0.5095, lr_0 = 6.0120e-04
Loss = 4.3675e-02, PNorm = 139.5990, GNorm = 0.3879, lr_0 = 6.0010e-04
Loss = 4.9307e-02, PNorm = 139.6478, GNorm = 0.3174, lr_0 = 5.9900e-04
Loss = 4.8401e-02, PNorm = 139.6959, GNorm = 0.3908, lr_0 = 5.9790e-04
Loss = 4.5445e-02, PNorm = 139.7346, GNorm = 0.2564, lr_0 = 5.9680e-04
Loss = 5.9233e-02, PNorm = 139.7746, GNorm = 0.2705, lr_0 = 5.9571e-04
Loss = 5.5037e-02, PNorm = 139.8151, GNorm = 0.3974, lr_0 = 5.9461e-04
Validation rmse = 2.510640
Epoch 24
Loss = 4.5134e-02, PNorm = 139.8607, GNorm = 0.4496, lr_0 = 5.9341e-04
Loss = 4.4574e-02, PNorm = 139.9092, GNorm = 0.3836, lr_0 = 5.9233e-04
Loss = 4.3549e-02, PNorm = 139.9555, GNorm = 0.2537, lr_0 = 5.9124e-04
Loss = 4.2892e-02, PNorm = 139.9956, GNorm = 0.3137, lr_0 = 5.9016e-04
Loss = 3.5273e-02, PNorm = 140.0388, GNorm = 0.3882, lr_0 = 5.8907e-04
Loss = 4.0744e-02, PNorm = 140.0774, GNorm = 0.2853, lr_0 = 5.8799e-04
Loss = 4.9141e-02, PNorm = 140.1179, GNorm = 0.5885, lr_0 = 5.8691e-04
Loss = 5.2760e-02, PNorm = 140.1669, GNorm = 0.4345, lr_0 = 5.8584e-04
Loss = 4.6615e-02, PNorm = 140.2246, GNorm = 0.2560, lr_0 = 5.8476e-04
Loss = 4.5206e-02, PNorm = 140.2670, GNorm = 0.3403, lr_0 = 5.8369e-04
Loss = 4.2642e-02, PNorm = 140.3156, GNorm = 0.2824, lr_0 = 5.8262e-04
Loss = 7.2436e-02, PNorm = 140.3649, GNorm = 0.4431, lr_0 = 5.8155e-04
Loss = 4.2594e-02, PNorm = 140.4237, GNorm = 0.4916, lr_0 = 5.8049e-04
Validation rmse = 2.356212
Epoch 25
Loss = 4.0178e-02, PNorm = 140.4736, GNorm = 0.2485, lr_0 = 5.7942e-04
Loss = 3.9677e-02, PNorm = 140.5281, GNorm = 0.3074, lr_0 = 5.7836e-04
Loss = 4.1712e-02, PNorm = 140.5874, GNorm = 0.3110, lr_0 = 5.7730e-04
Loss = 4.1829e-02, PNorm = 140.6313, GNorm = 0.4614, lr_0 = 5.7624e-04
Loss = 3.3095e-02, PNorm = 140.6724, GNorm = 0.2612, lr_0 = 5.7518e-04
Loss = 4.3604e-02, PNorm = 140.7247, GNorm = 0.3133, lr_0 = 5.7413e-04
Loss = 4.6607e-02, PNorm = 140.7656, GNorm = 0.2756, lr_0 = 5.7307e-04
Loss = 3.9052e-02, PNorm = 140.8015, GNorm = 0.3462, lr_0 = 5.7202e-04
Loss = 6.3485e-02, PNorm = 140.8478, GNorm = 0.2402, lr_0 = 5.7097e-04
Loss = 5.0306e-02, PNorm = 140.8897, GNorm = 0.3379, lr_0 = 5.6993e-04
Loss = 4.8242e-02, PNorm = 140.9485, GNorm = 0.2865, lr_0 = 5.6888e-04
Loss = 4.2391e-02, PNorm = 140.9989, GNorm = 0.3955, lr_0 = 5.6784e-04
Loss = 5.8756e-02, PNorm = 141.0494, GNorm = 0.3947, lr_0 = 5.6680e-04
Validation rmse = 2.936422
Epoch 26
Loss = 5.1765e-02, PNorm = 141.0998, GNorm = 0.3108, lr_0 = 5.6565e-04
Loss = 5.9592e-02, PNorm = 141.1689, GNorm = 0.7401, lr_0 = 5.6462e-04
Loss = 4.5882e-02, PNorm = 141.2367, GNorm = 0.3158, lr_0 = 5.6358e-04
Loss = 5.4755e-02, PNorm = 141.2937, GNorm = 0.2875, lr_0 = 5.6255e-04
Loss = 4.4918e-02, PNorm = 141.3437, GNorm = 0.2950, lr_0 = 5.6152e-04
Loss = 3.6775e-02, PNorm = 141.3980, GNorm = 0.3491, lr_0 = 5.6049e-04
Loss = 6.4768e-02, PNorm = 141.4435, GNorm = 0.4249, lr_0 = 5.5946e-04
Loss = 4.3038e-02, PNorm = 141.5073, GNorm = 0.2749, lr_0 = 5.5843e-04
Loss = 4.7473e-02, PNorm = 141.5618, GNorm = 0.3344, lr_0 = 5.5741e-04
Loss = 4.0401e-02, PNorm = 141.5986, GNorm = 0.3850, lr_0 = 5.5639e-04
Loss = 4.8189e-02, PNorm = 141.6488, GNorm = 0.2973, lr_0 = 5.5537e-04
Loss = 5.6522e-02, PNorm = 141.6941, GNorm = 0.4520, lr_0 = 5.5435e-04
Loss = 4.1868e-02, PNorm = 141.7464, GNorm = 0.3496, lr_0 = 5.5333e-04
Validation rmse = 2.643790
Epoch 27
Loss = 5.1307e-02, PNorm = 141.7998, GNorm = 0.8396, lr_0 = 5.5221e-04
Loss = 5.2838e-02, PNorm = 141.8564, GNorm = 0.6122, lr_0 = 5.5120e-04
Loss = 4.3267e-02, PNorm = 141.9172, GNorm = 0.3285, lr_0 = 5.5019e-04
Loss = 3.8364e-02, PNorm = 141.9677, GNorm = 0.3257, lr_0 = 5.4918e-04
Loss = 4.6878e-02, PNorm = 142.0155, GNorm = 0.2863, lr_0 = 5.4817e-04
Loss = 3.8059e-02, PNorm = 142.0580, GNorm = 0.2068, lr_0 = 5.4717e-04
Loss = 4.0225e-02, PNorm = 142.1006, GNorm = 0.2836, lr_0 = 5.4617e-04
Loss = 5.2985e-02, PNorm = 142.1494, GNorm = 0.5341, lr_0 = 5.4516e-04
Loss = 4.0509e-02, PNorm = 142.1921, GNorm = 0.2883, lr_0 = 5.4416e-04
Loss = 4.5573e-02, PNorm = 142.2448, GNorm = 0.3015, lr_0 = 5.4317e-04
Loss = 4.5114e-02, PNorm = 142.2941, GNorm = 0.4660, lr_0 = 5.4217e-04
Loss = 3.7501e-02, PNorm = 142.3443, GNorm = 0.3669, lr_0 = 5.4118e-04
Loss = 4.3478e-02, PNorm = 142.3818, GNorm = 0.3105, lr_0 = 5.4018e-04
Validation rmse = 2.658231
Epoch 28
Loss = 4.0821e-02, PNorm = 142.4225, GNorm = 0.3927, lr_0 = 5.3909e-04
Loss = 3.6415e-02, PNorm = 142.4553, GNorm = 0.2746, lr_0 = 5.3811e-04
Loss = 3.5556e-02, PNorm = 142.4947, GNorm = 0.3692, lr_0 = 5.3712e-04
Loss = 5.7846e-02, PNorm = 142.5379, GNorm = 0.3117, lr_0 = 5.3613e-04
Loss = 3.4423e-02, PNorm = 142.5897, GNorm = 0.2827, lr_0 = 5.3515e-04
Loss = 3.8880e-02, PNorm = 142.6352, GNorm = 0.4121, lr_0 = 5.3417e-04
Loss = 3.7441e-02, PNorm = 142.6733, GNorm = 0.2293, lr_0 = 5.3319e-04
Loss = 3.7808e-02, PNorm = 142.7135, GNorm = 0.3082, lr_0 = 5.3221e-04
Loss = 3.8682e-02, PNorm = 142.7574, GNorm = 0.2203, lr_0 = 5.3124e-04
Loss = 4.0376e-02, PNorm = 142.8012, GNorm = 0.4563, lr_0 = 5.3026e-04
Loss = 4.6852e-02, PNorm = 142.8518, GNorm = 0.4086, lr_0 = 5.2929e-04
Loss = 3.2491e-02, PNorm = 142.8905, GNorm = 0.3667, lr_0 = 5.2832e-04
Loss = 4.4925e-02, PNorm = 142.9324, GNorm = 0.4305, lr_0 = 5.2735e-04
Validation rmse = 2.509852
Epoch 29
Loss = 3.6861e-02, PNorm = 142.9708, GNorm = 0.2732, lr_0 = 5.2638e-04
Loss = 3.7839e-02, PNorm = 143.0162, GNorm = 0.4234, lr_0 = 5.2542e-04
Loss = 3.5835e-02, PNorm = 143.0614, GNorm = 0.2189, lr_0 = 5.2445e-04
Loss = 3.4950e-02, PNorm = 143.1040, GNorm = 0.2890, lr_0 = 5.2349e-04
Loss = 3.6421e-02, PNorm = 143.1419, GNorm = 0.2624, lr_0 = 5.2253e-04
Loss = 3.6820e-02, PNorm = 143.1760, GNorm = 0.2525, lr_0 = 5.2157e-04
Loss = 3.5945e-02, PNorm = 143.2193, GNorm = 0.2581, lr_0 = 5.2062e-04
Loss = 4.5072e-02, PNorm = 143.2660, GNorm = 0.6666, lr_0 = 5.1966e-04
Loss = 6.0432e-02, PNorm = 143.3108, GNorm = 0.2543, lr_0 = 5.1871e-04
Loss = 4.4766e-02, PNorm = 143.3583, GNorm = 0.3437, lr_0 = 5.1776e-04
Loss = 3.6676e-02, PNorm = 143.4021, GNorm = 0.2362, lr_0 = 5.1681e-04
Loss = 3.9078e-02, PNorm = 143.4517, GNorm = 0.4150, lr_0 = 5.1586e-04
Validation rmse = 2.315880
Epoch 30
Loss = 3.0271e-02, PNorm = 143.4967, GNorm = 0.1822, lr_0 = 5.1482e-04
Loss = 3.9951e-02, PNorm = 143.5417, GNorm = 0.4607, lr_0 = 5.1388e-04
Loss = 3.7760e-02, PNorm = 143.5892, GNorm = 0.2714, lr_0 = 5.1293e-04
Loss = 3.1434e-02, PNorm = 143.6368, GNorm = 0.2587, lr_0 = 5.1199e-04
Loss = 3.2247e-02, PNorm = 143.6749, GNorm = 0.2383, lr_0 = 5.1105e-04
Loss = 3.8530e-02, PNorm = 143.7131, GNorm = 0.2657, lr_0 = 5.1012e-04
Loss = 5.1378e-02, PNorm = 143.7583, GNorm = 0.2310, lr_0 = 5.0918e-04
Loss = 3.5798e-02, PNorm = 143.8002, GNorm = 0.3988, lr_0 = 5.0825e-04
Loss = 3.8270e-02, PNorm = 143.8424, GNorm = 0.4036, lr_0 = 5.0731e-04
Loss = 3.7393e-02, PNorm = 143.8848, GNorm = 0.2669, lr_0 = 5.0638e-04
Loss = 3.7738e-02, PNorm = 143.9310, GNorm = 0.2656, lr_0 = 5.0546e-04
Loss = 3.5060e-02, PNorm = 143.9743, GNorm = 0.2345, lr_0 = 5.0453e-04
Loss = 3.4005e-02, PNorm = 144.0125, GNorm = 0.1696, lr_0 = 5.0360e-04
Validation rmse = 3.054352
Epoch 31
Loss = 4.1349e-02, PNorm = 144.0526, GNorm = 0.3769, lr_0 = 5.0259e-04
Loss = 3.2114e-02, PNorm = 144.0927, GNorm = 0.2939, lr_0 = 5.0167e-04
Loss = 5.0021e-02, PNorm = 144.1390, GNorm = 0.2923, lr_0 = 5.0075e-04
Loss = 4.1448e-02, PNorm = 144.1819, GNorm = 0.2480, lr_0 = 4.9983e-04
Loss = 3.2561e-02, PNorm = 144.2288, GNorm = 0.4229, lr_0 = 4.9891e-04
Loss = 3.8978e-02, PNorm = 144.2607, GNorm = 0.4380, lr_0 = 4.9800e-04
Loss = 3.6032e-02, PNorm = 144.3024, GNorm = 0.3696, lr_0 = 4.9708e-04
Loss = 3.7965e-02, PNorm = 144.3435, GNorm = 0.3428, lr_0 = 4.9617e-04
Loss = 3.5328e-02, PNorm = 144.3884, GNorm = 0.2873, lr_0 = 4.9526e-04
Loss = 3.3391e-02, PNorm = 144.4338, GNorm = 0.3169, lr_0 = 4.9435e-04
Loss = 3.5350e-02, PNorm = 144.4773, GNorm = 0.2916, lr_0 = 4.9345e-04
Loss = 3.3666e-02, PNorm = 144.5195, GNorm = 0.2957, lr_0 = 4.9254e-04
Loss = 4.2166e-02, PNorm = 144.5543, GNorm = 0.3697, lr_0 = 4.9164e-04
Validation rmse = 2.346620
Epoch 32
Loss = 3.3898e-02, PNorm = 144.6046, GNorm = 0.5123, lr_0 = 4.9065e-04
Loss = 5.1760e-02, PNorm = 144.6518, GNorm = 0.3246, lr_0 = 4.8975e-04
Loss = 2.9289e-02, PNorm = 144.6887, GNorm = 0.1984, lr_0 = 4.8885e-04
Loss = 3.1960e-02, PNorm = 144.7215, GNorm = 0.3344, lr_0 = 4.8795e-04
Loss = 2.7934e-02, PNorm = 144.7556, GNorm = 0.2269, lr_0 = 4.8706e-04
Loss = 2.8130e-02, PNorm = 144.7925, GNorm = 0.2311, lr_0 = 4.8616e-04
Loss = 2.8395e-02, PNorm = 144.8220, GNorm = 0.2350, lr_0 = 4.8527e-04
Loss = 2.5461e-02, PNorm = 144.8529, GNorm = 0.2934, lr_0 = 4.8438e-04
Loss = 3.7900e-02, PNorm = 144.8853, GNorm = 0.3757, lr_0 = 4.8349e-04
Loss = 3.2099e-02, PNorm = 144.9194, GNorm = 0.2217, lr_0 = 4.8261e-04
Loss = 4.1973e-02, PNorm = 144.9612, GNorm = 0.2595, lr_0 = 4.8172e-04
Loss = 3.2152e-02, PNorm = 144.9991, GNorm = 0.3619, lr_0 = 4.8084e-04
Loss = 3.7117e-02, PNorm = 145.0379, GNorm = 0.4855, lr_0 = 4.7996e-04
Validation rmse = 2.556309
Epoch 33
Loss = 3.1377e-02, PNorm = 145.0775, GNorm = 0.2413, lr_0 = 4.7908e-04
Loss = 3.1984e-02, PNorm = 145.1297, GNorm = 0.2423, lr_0 = 4.7820e-04
Loss = 3.2197e-02, PNorm = 145.1703, GNorm = 0.2105, lr_0 = 4.7732e-04
Loss = 2.6694e-02, PNorm = 145.2078, GNorm = 0.2486, lr_0 = 4.7645e-04
Loss = 2.7714e-02, PNorm = 145.2394, GNorm = 0.2916, lr_0 = 4.7557e-04
Loss = 2.8308e-02, PNorm = 145.2733, GNorm = 0.2605, lr_0 = 4.7470e-04
Loss = 2.7985e-02, PNorm = 145.3073, GNorm = 0.2612, lr_0 = 4.7383e-04
Loss = 2.8351e-02, PNorm = 145.3405, GNorm = 0.3495, lr_0 = 4.7296e-04
Loss = 3.4588e-02, PNorm = 145.3791, GNorm = 0.2766, lr_0 = 4.7209e-04
Loss = 3.2230e-02, PNorm = 145.4131, GNorm = 0.2796, lr_0 = 4.7123e-04
Loss = 3.3412e-02, PNorm = 145.4468, GNorm = 0.2202, lr_0 = 4.7036e-04
Loss = 3.1161e-02, PNorm = 145.4832, GNorm = 0.3147, lr_0 = 4.6950e-04
Loss = 5.6033e-02, PNorm = 145.5222, GNorm = 0.2049, lr_0 = 4.6864e-04
Validation rmse = 2.328575
Epoch 34
Loss = 3.2566e-02, PNorm = 145.5745, GNorm = 0.3590, lr_0 = 4.6769e-04
Loss = 3.0861e-02, PNorm = 145.6214, GNorm = 0.1916, lr_0 = 4.6684e-04
Loss = 3.0985e-02, PNorm = 145.6553, GNorm = 0.2904, lr_0 = 4.6598e-04
Loss = 3.1347e-02, PNorm = 145.6878, GNorm = 0.3639, lr_0 = 4.6513e-04
Loss = 2.9516e-02, PNorm = 145.7206, GNorm = 0.2003, lr_0 = 4.6427e-04
Loss = 2.4214e-02, PNorm = 145.7604, GNorm = 0.2154, lr_0 = 4.6342e-04
Loss = 4.7853e-02, PNorm = 145.7992, GNorm = 0.2638, lr_0 = 4.6257e-04
Loss = 3.3092e-02, PNorm = 145.8392, GNorm = 0.2746, lr_0 = 4.6172e-04
Loss = 3.2201e-02, PNorm = 145.8767, GNorm = 0.2327, lr_0 = 4.6088e-04
Loss = 3.4250e-02, PNorm = 145.9181, GNorm = 0.3652, lr_0 = 4.6003e-04
Loss = 3.4690e-02, PNorm = 145.9533, GNorm = 0.1640, lr_0 = 4.5919e-04
Loss = 3.1098e-02, PNorm = 145.9907, GNorm = 0.5271, lr_0 = 4.5835e-04
Validation rmse = 2.494670
Epoch 35
Loss = 2.9531e-02, PNorm = 146.0214, GNorm = 0.3470, lr_0 = 4.5742e-04
Loss = 2.8047e-02, PNorm = 146.0573, GNorm = 0.3411, lr_0 = 4.5658e-04
Loss = 3.3987e-02, PNorm = 146.0878, GNorm = 0.2951, lr_0 = 4.5574e-04
Loss = 3.0760e-02, PNorm = 146.1331, GNorm = 0.3824, lr_0 = 4.5491e-04
Loss = 3.1732e-02, PNorm = 146.1734, GNorm = 0.2476, lr_0 = 4.5407e-04
Loss = 3.1790e-02, PNorm = 146.2114, GNorm = 0.3083, lr_0 = 4.5324e-04
Loss = 3.0682e-02, PNorm = 146.2441, GNorm = 0.2583, lr_0 = 4.5241e-04
Loss = 3.0766e-02, PNorm = 146.2849, GNorm = 0.1896, lr_0 = 4.5158e-04
Loss = 4.6837e-02, PNorm = 146.3211, GNorm = 0.3864, lr_0 = 4.5075e-04
Loss = 3.4020e-02, PNorm = 146.3610, GNorm = 0.2605, lr_0 = 4.4993e-04
Loss = 2.8949e-02, PNorm = 146.3985, GNorm = 0.2830, lr_0 = 4.4910e-04
Loss = 3.1826e-02, PNorm = 146.4306, GNorm = 0.2741, lr_0 = 4.4828e-04
Loss = 3.6582e-02, PNorm = 146.4652, GNorm = 0.4436, lr_0 = 4.4745e-04
Validation rmse = 2.364785
Epoch 36
Loss = 2.5321e-02, PNorm = 146.5062, GNorm = 0.3399, lr_0 = 4.4663e-04
Loss = 2.9612e-02, PNorm = 146.5484, GNorm = 0.4244, lr_0 = 4.4582e-04
Loss = 2.4863e-02, PNorm = 146.5866, GNorm = 0.1888, lr_0 = 4.4500e-04
Loss = 3.0523e-02, PNorm = 146.6313, GNorm = 0.1953, lr_0 = 4.4418e-04
Loss = 3.3140e-02, PNorm = 146.6656, GNorm = 0.1782, lr_0 = 4.4337e-04
Loss = 3.8590e-02, PNorm = 146.7101, GNorm = 0.2446, lr_0 = 4.4255e-04
Loss = 2.8927e-02, PNorm = 146.7510, GNorm = 0.2819, lr_0 = 4.4174e-04
Loss = 2.8081e-02, PNorm = 146.7828, GNorm = 0.2606, lr_0 = 4.4093e-04
Loss = 3.6986e-02, PNorm = 146.8189, GNorm = 0.4204, lr_0 = 4.4012e-04
Loss = 3.0946e-02, PNorm = 146.8624, GNorm = 0.4220, lr_0 = 4.3932e-04
Loss = 2.9176e-02, PNorm = 146.9047, GNorm = 0.3885, lr_0 = 4.3851e-04
Loss = 2.9772e-02, PNorm = 146.9436, GNorm = 0.3944, lr_0 = 4.3771e-04
Loss = 5.2760e-02, PNorm = 146.9871, GNorm = 0.6901, lr_0 = 4.3690e-04
Validation rmse = 2.622906
Epoch 37
Loss = 3.1537e-02, PNorm = 147.0323, GNorm = 0.2287, lr_0 = 4.3602e-04
Loss = 3.1581e-02, PNorm = 147.0737, GNorm = 0.2550, lr_0 = 4.3522e-04
Loss = 2.6460e-02, PNorm = 147.1051, GNorm = 0.2112, lr_0 = 4.3442e-04
Loss = 2.6823e-02, PNorm = 147.1397, GNorm = 0.2681, lr_0 = 4.3363e-04
Loss = 2.5300e-02, PNorm = 147.1734, GNorm = 0.2864, lr_0 = 4.3283e-04
Loss = 2.4513e-02, PNorm = 147.2049, GNorm = 0.3201, lr_0 = 4.3204e-04
Loss = 3.7672e-02, PNorm = 147.2423, GNorm = 0.3400, lr_0 = 4.3125e-04
Loss = 2.8570e-02, PNorm = 147.2771, GNorm = 0.2399, lr_0 = 4.3046e-04
Loss = 2.7488e-02, PNorm = 147.3096, GNorm = 0.2915, lr_0 = 4.2967e-04
Loss = 3.1307e-02, PNorm = 147.3468, GNorm = 0.2628, lr_0 = 4.2888e-04
Loss = 2.3679e-02, PNorm = 147.3798, GNorm = 0.1876, lr_0 = 4.2809e-04
Loss = 4.3218e-02, PNorm = 147.4216, GNorm = 0.3610, lr_0 = 4.2731e-04
Loss = 2.9319e-02, PNorm = 147.4608, GNorm = 0.1936, lr_0 = 4.2652e-04
Validation rmse = 2.241839
Epoch 38
Loss = 4.1193e-02, PNorm = 147.5054, GNorm = 0.2152, lr_0 = 4.2566e-04
Loss = 2.4311e-02, PNorm = 147.5368, GNorm = 0.2168, lr_0 = 4.2488e-04
Loss = 2.4975e-02, PNorm = 147.5672, GNorm = 0.3131, lr_0 = 4.2410e-04
Loss = 2.4751e-02, PNorm = 147.5995, GNorm = 0.1886, lr_0 = 4.2333e-04
Loss = 3.1392e-02, PNorm = 147.6346, GNorm = 0.1684, lr_0 = 4.2255e-04
Loss = 2.7070e-02, PNorm = 147.6701, GNorm = 0.1762, lr_0 = 4.2177e-04
Loss = 3.1068e-02, PNorm = 147.7038, GNorm = 0.1808, lr_0 = 4.2100e-04
Loss = 2.7497e-02, PNorm = 147.7427, GNorm = 0.2298, lr_0 = 4.2023e-04
Loss = 3.0775e-02, PNorm = 147.7803, GNorm = 0.3200, lr_0 = 4.1946e-04
Loss = 2.6806e-02, PNorm = 147.8161, GNorm = 0.2095, lr_0 = 4.1869e-04
Loss = 2.8044e-02, PNorm = 147.8546, GNorm = 0.2078, lr_0 = 4.1792e-04
Loss = 3.1252e-02, PNorm = 147.8863, GNorm = 0.1832, lr_0 = 4.1715e-04
Loss = 2.9643e-02, PNorm = 147.9190, GNorm = 0.1920, lr_0 = 4.1639e-04
Validation rmse = 2.232862
Epoch 39
Loss = 2.6760e-02, PNorm = 147.9610, GNorm = 0.3009, lr_0 = 4.1555e-04
Loss = 2.7848e-02, PNorm = 147.9968, GNorm = 0.2805, lr_0 = 4.1479e-04
Loss = 4.3837e-02, PNorm = 148.0344, GNorm = 0.2028, lr_0 = 4.1403e-04
Loss = 2.9470e-02, PNorm = 148.0697, GNorm = 0.2441, lr_0 = 4.1327e-04
Loss = 2.6770e-02, PNorm = 148.1078, GNorm = 0.2358, lr_0 = 4.1251e-04
Loss = 2.7421e-02, PNorm = 148.1399, GNorm = 0.1789, lr_0 = 4.1175e-04
Loss = 2.6731e-02, PNorm = 148.1709, GNorm = 0.2112, lr_0 = 4.1100e-04
Loss = 2.4904e-02, PNorm = 148.1982, GNorm = 0.1934, lr_0 = 4.1024e-04
Loss = 2.5173e-02, PNorm = 148.2311, GNorm = 0.2627, lr_0 = 4.0949e-04
Loss = 2.5288e-02, PNorm = 148.2622, GNorm = 0.1561, lr_0 = 4.0874e-04
Loss = 2.6460e-02, PNorm = 148.2924, GNorm = 0.2652, lr_0 = 4.0799e-04
Loss = 2.8901e-02, PNorm = 148.3299, GNorm = 0.2384, lr_0 = 4.0724e-04
Loss = 2.9095e-02, PNorm = 148.3693, GNorm = 0.2177, lr_0 = 4.0650e-04
Validation rmse = 2.388748
Epoch 40
Loss = 2.1086e-02, PNorm = 148.4043, GNorm = 0.2295, lr_0 = 4.0575e-04
Loss = 2.8376e-02, PNorm = 148.4433, GNorm = 0.2652, lr_0 = 4.0501e-04
Loss = 3.6743e-02, PNorm = 148.4814, GNorm = 0.2393, lr_0 = 4.0426e-04
Loss = 2.7723e-02, PNorm = 148.5113, GNorm = 0.3038, lr_0 = 4.0352e-04
Loss = 3.0031e-02, PNorm = 148.5398, GNorm = 0.2646, lr_0 = 4.0278e-04
Loss = 2.4744e-02, PNorm = 148.5759, GNorm = 0.2809, lr_0 = 4.0204e-04
Loss = 2.6432e-02, PNorm = 148.6118, GNorm = 0.3145, lr_0 = 4.0131e-04
Loss = 2.9293e-02, PNorm = 148.6486, GNorm = 0.2800, lr_0 = 4.0057e-04
Loss = 2.9551e-02, PNorm = 148.6806, GNorm = 0.3421, lr_0 = 3.9984e-04
Loss = 2.6976e-02, PNorm = 148.7164, GNorm = 0.1697, lr_0 = 3.9910e-04
Loss = 3.3742e-02, PNorm = 148.7541, GNorm = 0.3228, lr_0 = 3.9837e-04
Loss = 2.5081e-02, PNorm = 148.7956, GNorm = 0.2500, lr_0 = 3.9764e-04
Validation rmse = 2.303037
Epoch 41
Loss = 2.3983e-02, PNorm = 148.8362, GNorm = 0.2888, lr_0 = 3.9684e-04
Loss = 2.5007e-02, PNorm = 148.8697, GNorm = 0.2859, lr_0 = 3.9611e-04
Loss = 2.7574e-02, PNorm = 148.8962, GNorm = 0.2454, lr_0 = 3.9538e-04
Loss = 3.7755e-02, PNorm = 148.9228, GNorm = 0.1829, lr_0 = 3.9466e-04
Loss = 3.0877e-02, PNorm = 148.9533, GNorm = 0.1652, lr_0 = 3.9393e-04
Loss = 2.9426e-02, PNorm = 148.9834, GNorm = 0.2549, lr_0 = 3.9321e-04
Loss = 2.6959e-02, PNorm = 149.0119, GNorm = 0.1842, lr_0 = 3.9249e-04
Loss = 2.6627e-02, PNorm = 149.0412, GNorm = 0.2549, lr_0 = 3.9177e-04
Loss = 2.8795e-02, PNorm = 149.0783, GNorm = 0.2193, lr_0 = 3.9105e-04
Loss = 2.4595e-02, PNorm = 149.1148, GNorm = 0.1928, lr_0 = 3.9034e-04
Loss = 2.1478e-02, PNorm = 149.1541, GNorm = 0.2265, lr_0 = 3.8962e-04
Loss = 2.6341e-02, PNorm = 149.1840, GNorm = 0.2588, lr_0 = 3.8891e-04
Loss = 2.4918e-02, PNorm = 149.2147, GNorm = 0.1809, lr_0 = 3.8819e-04
Validation rmse = 2.227831
Epoch 42
Loss = 2.2954e-02, PNorm = 149.2488, GNorm = 0.1757, lr_0 = 3.8741e-04
Loss = 2.4973e-02, PNorm = 149.2845, GNorm = 0.2927, lr_0 = 3.8670e-04
Loss = 2.6912e-02, PNorm = 149.3204, GNorm = 0.2902, lr_0 = 3.8599e-04
Loss = 2.3025e-02, PNorm = 149.3529, GNorm = 0.3250, lr_0 = 3.8528e-04
Loss = 2.2132e-02, PNorm = 149.3834, GNorm = 0.3026, lr_0 = 3.8457e-04
Loss = 2.2854e-02, PNorm = 149.4145, GNorm = 0.3094, lr_0 = 3.8387e-04
Loss = 2.4576e-02, PNorm = 149.4435, GNorm = 0.2718, lr_0 = 3.8317e-04
Loss = 3.6860e-02, PNorm = 149.4781, GNorm = 0.1522, lr_0 = 3.8246e-04
Loss = 2.6037e-02, PNorm = 149.5144, GNorm = 0.1291, lr_0 = 3.8176e-04
Loss = 2.3327e-02, PNorm = 149.5428, GNorm = 0.2014, lr_0 = 3.8106e-04
Loss = 2.3124e-02, PNorm = 149.5747, GNorm = 0.2435, lr_0 = 3.8036e-04
Loss = 2.8982e-02, PNorm = 149.6080, GNorm = 0.2900, lr_0 = 3.7966e-04
Loss = 3.1710e-02, PNorm = 149.6317, GNorm = 0.2358, lr_0 = 3.7897e-04
Validation rmse = 2.061192
Epoch 43
Loss = 2.2308e-02, PNorm = 149.6704, GNorm = 0.2042, lr_0 = 3.7827e-04
Loss = 3.6254e-02, PNorm = 149.7075, GNorm = 0.1596, lr_0 = 3.7758e-04
Loss = 3.6542e-02, PNorm = 149.7399, GNorm = 0.2120, lr_0 = 3.7689e-04
Loss = 4.4177e-02, PNorm = 149.7996, GNorm = 0.3305, lr_0 = 3.7620e-04
Loss = 3.6670e-02, PNorm = 149.8572, GNorm = 0.7866, lr_0 = 3.7551e-04
Loss = 2.7210e-02, PNorm = 149.9012, GNorm = 0.2522, lr_0 = 3.7482e-04
Loss = 2.8969e-02, PNorm = 149.9543, GNorm = 0.2343, lr_0 = 3.7413e-04
Loss = 2.4435e-02, PNorm = 149.9943, GNorm = 0.1958, lr_0 = 3.7344e-04
Loss = 3.9567e-02, PNorm = 150.0363, GNorm = 0.1401, lr_0 = 3.7276e-04
Loss = 2.2945e-02, PNorm = 150.0726, GNorm = 0.2497, lr_0 = 3.7208e-04
Loss = 2.7372e-02, PNorm = 150.1088, GNorm = 0.1750, lr_0 = 3.7139e-04
Loss = 2.2821e-02, PNorm = 150.1444, GNorm = 0.1708, lr_0 = 3.7071e-04
Loss = 2.5128e-02, PNorm = 150.1715, GNorm = 0.2366, lr_0 = 3.7003e-04
Validation rmse = 2.048255
Epoch 44
Loss = 2.2437e-02, PNorm = 150.2018, GNorm = 0.2222, lr_0 = 3.6929e-04
Loss = 2.4805e-02, PNorm = 150.2261, GNorm = 0.2153, lr_0 = 3.6861e-04
Loss = 1.7981e-02, PNorm = 150.2534, GNorm = 0.2727, lr_0 = 3.6793e-04
Loss = 2.3102e-02, PNorm = 150.2764, GNorm = 0.2346, lr_0 = 3.6726e-04
Loss = 2.2195e-02, PNorm = 150.3015, GNorm = 0.1947, lr_0 = 3.6658e-04
Loss = 1.9884e-02, PNorm = 150.3242, GNorm = 0.2731, lr_0 = 3.6591e-04
Loss = 3.8351e-02, PNorm = 150.3588, GNorm = 0.2154, lr_0 = 3.6524e-04
Loss = 2.9458e-02, PNorm = 150.3870, GNorm = 0.3582, lr_0 = 3.6457e-04
Loss = 2.1023e-02, PNorm = 150.4178, GNorm = 0.2691, lr_0 = 3.6390e-04
Loss = 2.8433e-02, PNorm = 150.4495, GNorm = 0.2899, lr_0 = 3.6324e-04
Loss = 2.0509e-02, PNorm = 150.4779, GNorm = 0.4074, lr_0 = 3.6257e-04
Loss = 2.2910e-02, PNorm = 150.5050, GNorm = 0.2420, lr_0 = 3.6190e-04
Loss = 2.4431e-02, PNorm = 150.5416, GNorm = 0.1748, lr_0 = 3.6124e-04
Validation rmse = 2.161564
Epoch 45
Loss = 1.7056e-02, PNorm = 150.5734, GNorm = 0.2316, lr_0 = 3.6051e-04
Loss = 2.0223e-02, PNorm = 150.6076, GNorm = 0.1728, lr_0 = 3.5985e-04
Loss = 2.7138e-02, PNorm = 150.6316, GNorm = 0.2376, lr_0 = 3.5919e-04
Loss = 2.5453e-02, PNorm = 150.6667, GNorm = 0.2448, lr_0 = 3.5853e-04
Loss = 2.5252e-02, PNorm = 150.6937, GNorm = 0.2152, lr_0 = 3.5787e-04
Loss = 1.7760e-02, PNorm = 150.7174, GNorm = 0.1522, lr_0 = 3.5722e-04
Loss = 1.9031e-02, PNorm = 150.7414, GNorm = 0.2235, lr_0 = 3.5656e-04
Loss = 2.1208e-02, PNorm = 150.7677, GNorm = 0.1660, lr_0 = 3.5591e-04
Loss = 3.2924e-02, PNorm = 150.7914, GNorm = 0.2260, lr_0 = 3.5526e-04
Loss = 2.0041e-02, PNorm = 150.8208, GNorm = 0.1758, lr_0 = 3.5461e-04
Loss = 2.3455e-02, PNorm = 150.8522, GNorm = 0.1646, lr_0 = 3.5395e-04
Loss = 1.9557e-02, PNorm = 150.8784, GNorm = 0.1486, lr_0 = 3.5331e-04
Loss = 2.8506e-02, PNorm = 150.9050, GNorm = 0.1991, lr_0 = 3.5266e-04
Loss = 1.8871e-02, PNorm = 150.9076, GNorm = 0.1850, lr_0 = 3.5259e-04
Validation rmse = 2.079324
Epoch 46
Loss = 2.9362e-02, PNorm = 150.9382, GNorm = 0.1966, lr_0 = 3.5195e-04
Loss = 2.1604e-02, PNorm = 150.9705, GNorm = 0.1537, lr_0 = 3.5130e-04
Loss = 1.8818e-02, PNorm = 150.9998, GNorm = 0.1674, lr_0 = 3.5066e-04
Loss = 2.3366e-02, PNorm = 151.0273, GNorm = 0.2980, lr_0 = 3.5001e-04
Loss = 2.0817e-02, PNorm = 151.0549, GNorm = 0.2761, lr_0 = 3.4937e-04
Loss = 2.5219e-02, PNorm = 151.0865, GNorm = 0.2321, lr_0 = 3.4873e-04
Loss = 2.0045e-02, PNorm = 151.1146, GNorm = 0.2414, lr_0 = 3.4809e-04
Loss = 1.9488e-02, PNorm = 151.1440, GNorm = 0.2164, lr_0 = 3.4745e-04
Loss = 2.1624e-02, PNorm = 151.1701, GNorm = 0.1955, lr_0 = 3.4682e-04
Loss = 1.9923e-02, PNorm = 151.1950, GNorm = 0.2732, lr_0 = 3.4618e-04
Loss = 2.0076e-02, PNorm = 151.2207, GNorm = 0.2094, lr_0 = 3.4554e-04
Loss = 2.2251e-02, PNorm = 151.2507, GNorm = 0.2674, lr_0 = 3.4491e-04
Validation rmse = 2.041975
Epoch 47
Loss = 1.7579e-02, PNorm = 151.2804, GNorm = 0.2112, lr_0 = 3.4428e-04
Loss = 1.6530e-02, PNorm = 151.3116, GNorm = 0.1786, lr_0 = 3.4365e-04
Loss = 1.9237e-02, PNorm = 151.3374, GNorm = 0.1296, lr_0 = 3.4302e-04
Loss = 2.1574e-02, PNorm = 151.3668, GNorm = 0.1707, lr_0 = 3.4239e-04
Loss = 1.8714e-02, PNorm = 151.3933, GNorm = 0.2202, lr_0 = 3.4176e-04
Loss = 2.0602e-02, PNorm = 151.4198, GNorm = 0.2650, lr_0 = 3.4113e-04
Loss = 2.2108e-02, PNorm = 151.4487, GNorm = 0.1577, lr_0 = 3.4051e-04
Loss = 1.9159e-02, PNorm = 151.4751, GNorm = 0.1427, lr_0 = 3.3988e-04
Loss = 2.1067e-02, PNorm = 151.5003, GNorm = 0.2325, lr_0 = 3.3926e-04
Loss = 2.3103e-02, PNorm = 151.5217, GNorm = 0.3234, lr_0 = 3.3864e-04
Loss = 3.5944e-02, PNorm = 151.5589, GNorm = 0.1783, lr_0 = 3.3802e-04
Loss = 2.3446e-02, PNorm = 151.5908, GNorm = 0.1617, lr_0 = 3.3740e-04
Loss = 1.9507e-02, PNorm = 151.6143, GNorm = 0.2487, lr_0 = 3.3678e-04
Validation rmse = 2.105944
Epoch 48
Loss = 2.0592e-02, PNorm = 151.6403, GNorm = 0.2743, lr_0 = 3.3610e-04
Loss = 1.8177e-02, PNorm = 151.6620, GNorm = 0.2351, lr_0 = 3.3548e-04
Loss = 1.7832e-02, PNorm = 151.6862, GNorm = 0.1697, lr_0 = 3.3487e-04
Loss = 2.1112e-02, PNorm = 151.7083, GNorm = 0.1674, lr_0 = 3.3425e-04
Loss = 1.9085e-02, PNorm = 151.7350, GNorm = 0.2423, lr_0 = 3.3364e-04
Loss = 1.8761e-02, PNorm = 151.7592, GNorm = 0.1588, lr_0 = 3.3303e-04
Loss = 2.2550e-02, PNorm = 151.7767, GNorm = 0.1853, lr_0 = 3.3242e-04
Loss = 2.7440e-02, PNorm = 151.8048, GNorm = 0.2825, lr_0 = 3.3181e-04
Loss = 2.5008e-02, PNorm = 151.8370, GNorm = 0.2479, lr_0 = 3.3120e-04
Loss = 2.1513e-02, PNorm = 151.8704, GNorm = 0.2351, lr_0 = 3.3059e-04
Loss = 2.1249e-02, PNorm = 151.9036, GNorm = 0.2088, lr_0 = 3.2999e-04
Loss = 3.2630e-02, PNorm = 151.9418, GNorm = 0.1928, lr_0 = 3.2938e-04
Loss = 2.2307e-02, PNorm = 151.9702, GNorm = 0.2892, lr_0 = 3.2878e-04
Validation rmse = 2.093422
Epoch 49
Loss = 1.5978e-02, PNorm = 152.0008, GNorm = 0.1786, lr_0 = 3.2811e-04
Loss = 2.0751e-02, PNorm = 152.0305, GNorm = 0.1900, lr_0 = 3.2751e-04
Loss = 1.5950e-02, PNorm = 152.0591, GNorm = 0.1939, lr_0 = 3.2691e-04
Loss = 2.3211e-02, PNorm = 152.0872, GNorm = 0.1310, lr_0 = 3.2631e-04
Loss = 3.1951e-02, PNorm = 152.1170, GNorm = 0.1573, lr_0 = 3.2571e-04
Loss = 1.8352e-02, PNorm = 152.1445, GNorm = 0.2454, lr_0 = 3.2512e-04
Loss = 2.6037e-02, PNorm = 152.1709, GNorm = 0.2306, lr_0 = 3.2452e-04
Loss = 1.6910e-02, PNorm = 152.1985, GNorm = 0.2062, lr_0 = 3.2392e-04
Loss = 1.8733e-02, PNorm = 152.2267, GNorm = 0.1865, lr_0 = 3.2333e-04
Loss = 1.7929e-02, PNorm = 152.2463, GNorm = 0.1847, lr_0 = 3.2274e-04
Loss = 1.7984e-02, PNorm = 152.2689, GNorm = 0.1649, lr_0 = 3.2215e-04
Loss = 2.1357e-02, PNorm = 152.2935, GNorm = 0.2425, lr_0 = 3.2155e-04
Loss = 2.2130e-02, PNorm = 152.3208, GNorm = 0.2528, lr_0 = 3.2096e-04
Validation rmse = 2.038592
Epoch 50
Loss = 2.9269e-02, PNorm = 152.3500, GNorm = 0.1936, lr_0 = 3.2038e-04
Loss = 2.4711e-02, PNorm = 152.3724, GNorm = 0.6301, lr_0 = 3.1979e-04
Loss = 1.7474e-02, PNorm = 152.4011, GNorm = 0.1467, lr_0 = 3.1920e-04
Loss = 2.0587e-02, PNorm = 152.4319, GNorm = 0.1406, lr_0 = 3.1862e-04
Loss = 1.8960e-02, PNorm = 152.4624, GNorm = 0.3555, lr_0 = 3.1803e-04
Loss = 2.0430e-02, PNorm = 152.4885, GNorm = 0.2704, lr_0 = 3.1745e-04
Loss = 1.9897e-02, PNorm = 152.5107, GNorm = 0.1567, lr_0 = 3.1687e-04
Loss = 1.8050e-02, PNorm = 152.5341, GNorm = 0.1647, lr_0 = 3.1629e-04
Loss = 1.9976e-02, PNorm = 152.5552, GNorm = 0.2027, lr_0 = 3.1571e-04
Loss = 1.8052e-02, PNorm = 152.5805, GNorm = 0.1311, lr_0 = 3.1513e-04
Loss = 2.1175e-02, PNorm = 152.6061, GNorm = 0.1639, lr_0 = 3.1455e-04
Loss = 2.0423e-02, PNorm = 152.6300, GNorm = 0.1217, lr_0 = 3.1397e-04
Loss = 2.0249e-02, PNorm = 152.6579, GNorm = 0.2113, lr_0 = 3.1340e-04
Validation rmse = 2.076278
Epoch 51
Loss = 2.1957e-02, PNorm = 152.6826, GNorm = 0.3373, lr_0 = 3.1276e-04
Loss = 2.8196e-02, PNorm = 152.7159, GNorm = 0.2316, lr_0 = 3.1219e-04
Loss = 1.9120e-02, PNorm = 152.7441, GNorm = 0.1296, lr_0 = 3.1162e-04
Loss = 1.7494e-02, PNorm = 152.7681, GNorm = 0.1687, lr_0 = 3.1105e-04
Loss = 1.7204e-02, PNorm = 152.7881, GNorm = 0.1878, lr_0 = 3.1048e-04
Loss = 1.9969e-02, PNorm = 152.8068, GNorm = 0.1191, lr_0 = 3.0991e-04
Loss = 1.9280e-02, PNorm = 152.8343, GNorm = 0.2004, lr_0 = 3.0934e-04
Loss = 1.8047e-02, PNorm = 152.8611, GNorm = 0.2022, lr_0 = 3.0877e-04
Loss = 2.2942e-02, PNorm = 152.8841, GNorm = 0.5332, lr_0 = 3.0820e-04
Loss = 2.3675e-02, PNorm = 152.8993, GNorm = 0.1420, lr_0 = 3.0764e-04
Loss = 2.2790e-02, PNorm = 152.9252, GNorm = 0.2723, lr_0 = 3.0708e-04
Loss = 2.1089e-02, PNorm = 152.9529, GNorm = 0.1953, lr_0 = 3.0651e-04
Loss = 1.9918e-02, PNorm = 152.9878, GNorm = 0.1688, lr_0 = 3.0595e-04
Loss = 1.2130e-02, PNorm = 152.9914, GNorm = 0.2443, lr_0 = 3.0589e-04
Validation rmse = 2.037895
Epoch 52
Loss = 2.1161e-02, PNorm = 153.0227, GNorm = 0.1813, lr_0 = 3.0533e-04
Loss = 1.9657e-02, PNorm = 153.0499, GNorm = 0.2120, lr_0 = 3.0477e-04
Loss = 1.7945e-02, PNorm = 153.0699, GNorm = 0.1605, lr_0 = 3.0421e-04
Loss = 1.5018e-02, PNorm = 153.0911, GNorm = 0.1603, lr_0 = 3.0366e-04
Loss = 1.7729e-02, PNorm = 153.1128, GNorm = 0.1511, lr_0 = 3.0310e-04
Loss = 1.5303e-02, PNorm = 153.1384, GNorm = 0.1399, lr_0 = 3.0254e-04
Loss = 1.6755e-02, PNorm = 153.1612, GNorm = 0.1398, lr_0 = 3.0199e-04
Loss = 2.2327e-02, PNorm = 153.1835, GNorm = 0.1590, lr_0 = 3.0143e-04
Loss = 1.9959e-02, PNorm = 153.2095, GNorm = 0.2858, lr_0 = 3.0088e-04
Loss = 2.0967e-02, PNorm = 153.2330, GNorm = 0.2587, lr_0 = 3.0033e-04
Loss = 1.5777e-02, PNorm = 153.2556, GNorm = 0.1570, lr_0 = 2.9978e-04
Loss = 1.7133e-02, PNorm = 153.2776, GNorm = 0.1738, lr_0 = 2.9923e-04
Validation rmse = 2.092101
Epoch 53
Loss = 2.9051e-02, PNorm = 153.2984, GNorm = 0.2286, lr_0 = 2.9863e-04
Loss = 1.7293e-02, PNorm = 153.3223, GNorm = 0.2270, lr_0 = 2.9808e-04
Loss = 2.5861e-02, PNorm = 153.3469, GNorm = 0.3611, lr_0 = 2.9753e-04
Loss = 1.8562e-02, PNorm = 153.3723, GNorm = 0.4816, lr_0 = 2.9699e-04
Loss = 2.0520e-02, PNorm = 153.3967, GNorm = 0.1902, lr_0 = 2.9644e-04
Loss = 1.7842e-02, PNorm = 153.4234, GNorm = 0.2591, lr_0 = 2.9590e-04
Loss = 2.0246e-02, PNorm = 153.4502, GNorm = 0.1560, lr_0 = 2.9536e-04
Loss = 1.6747e-02, PNorm = 153.4768, GNorm = 0.2011, lr_0 = 2.9481e-04
Loss = 1.6698e-02, PNorm = 153.4990, GNorm = 0.2528, lr_0 = 2.9427e-04
Loss = 1.6004e-02, PNorm = 153.5173, GNorm = 0.1318, lr_0 = 2.9373e-04
Loss = 2.1998e-02, PNorm = 153.5479, GNorm = 0.2440, lr_0 = 2.9319e-04
Loss = 1.7501e-02, PNorm = 153.5786, GNorm = 0.1149, lr_0 = 2.9266e-04
Loss = 1.7660e-02, PNorm = 153.5998, GNorm = 0.1464, lr_0 = 2.9212e-04
Validation rmse = 1.992393
Epoch 54
Loss = 1.5130e-02, PNorm = 153.6239, GNorm = 0.1622, lr_0 = 2.9158e-04
Loss = 1.8775e-02, PNorm = 153.6436, GNorm = 0.2572, lr_0 = 2.9105e-04
Loss = 1.5866e-02, PNorm = 153.6649, GNorm = 0.1828, lr_0 = 2.9052e-04
Loss = 1.6513e-02, PNorm = 153.6820, GNorm = 0.1072, lr_0 = 2.8998e-04
Loss = 2.2435e-02, PNorm = 153.7076, GNorm = 0.1643, lr_0 = 2.8945e-04
Loss = 1.7658e-02, PNorm = 153.7337, GNorm = 0.1689, lr_0 = 2.8892e-04
Loss = 1.7073e-02, PNorm = 153.7584, GNorm = 0.1646, lr_0 = 2.8839e-04
Loss = 1.8687e-02, PNorm = 153.7799, GNorm = 0.1831, lr_0 = 2.8786e-04
Loss = 1.5239e-02, PNorm = 153.7989, GNorm = 0.2495, lr_0 = 2.8733e-04
Loss = 1.7590e-02, PNorm = 153.8162, GNorm = 0.1479, lr_0 = 2.8681e-04
Loss = 1.7230e-02, PNorm = 153.8364, GNorm = 0.1641, lr_0 = 2.8628e-04
Loss = 1.7069e-02, PNorm = 153.8582, GNorm = 0.1565, lr_0 = 2.8576e-04
Loss = 1.5735e-02, PNorm = 153.8804, GNorm = 0.1807, lr_0 = 2.8523e-04
Validation rmse = 2.034655
Epoch 55
Loss = 1.6550e-02, PNorm = 153.9052, GNorm = 0.1715, lr_0 = 2.8466e-04
Loss = 1.8716e-02, PNorm = 153.9317, GNorm = 0.1799, lr_0 = 2.8413e-04
Loss = 2.5458e-02, PNorm = 153.9574, GNorm = 0.1837, lr_0 = 2.8361e-04
Loss = 1.6378e-02, PNorm = 153.9802, GNorm = 0.2565, lr_0 = 2.8309e-04
Loss = 1.6091e-02, PNorm = 154.0054, GNorm = 0.2124, lr_0 = 2.8257e-04
Loss = 1.5392e-02, PNorm = 154.0320, GNorm = 0.1385, lr_0 = 2.8206e-04
Loss = 1.9533e-02, PNorm = 154.0491, GNorm = 0.2358, lr_0 = 2.8154e-04
Loss = 1.4708e-02, PNorm = 154.0684, GNorm = 0.1628, lr_0 = 2.8102e-04
Loss = 1.4493e-02, PNorm = 154.0883, GNorm = 0.1762, lr_0 = 2.8051e-04
Loss = 1.5618e-02, PNorm = 154.1086, GNorm = 0.1803, lr_0 = 2.7999e-04
Loss = 1.6502e-02, PNorm = 154.1276, GNorm = 0.2200, lr_0 = 2.7948e-04
Loss = 1.7287e-02, PNorm = 154.1467, GNorm = 0.1773, lr_0 = 2.7897e-04
Loss = 1.6012e-02, PNorm = 154.1702, GNorm = 0.1290, lr_0 = 2.7845e-04
Validation rmse = 1.997461
Epoch 56
Loss = 1.4974e-02, PNorm = 154.1954, GNorm = 0.2378, lr_0 = 2.7789e-04
Loss = 1.5601e-02, PNorm = 154.2153, GNorm = 0.2195, lr_0 = 2.7738e-04
Loss = 1.8079e-02, PNorm = 154.2439, GNorm = 0.1759, lr_0 = 2.7687e-04
Loss = 1.6499e-02, PNorm = 154.2669, GNorm = 0.2193, lr_0 = 2.7637e-04
Loss = 2.0939e-02, PNorm = 154.2837, GNorm = 0.2075, lr_0 = 2.7586e-04
Loss = 1.6822e-02, PNorm = 154.3145, GNorm = 0.1419, lr_0 = 2.7535e-04
Loss = 1.5769e-02, PNorm = 154.3437, GNorm = 0.1220, lr_0 = 2.7485e-04
Loss = 1.7675e-02, PNorm = 154.3651, GNorm = 0.0964, lr_0 = 2.7435e-04
Loss = 1.6377e-02, PNorm = 154.3862, GNorm = 0.1105, lr_0 = 2.7384e-04
Loss = 1.4821e-02, PNorm = 154.4076, GNorm = 0.1320, lr_0 = 2.7334e-04
Loss = 1.6794e-02, PNorm = 154.4238, GNorm = 0.1686, lr_0 = 2.7284e-04
Loss = 1.5836e-02, PNorm = 154.4390, GNorm = 0.1977, lr_0 = 2.7234e-04
Loss = 1.8430e-02, PNorm = 154.4608, GNorm = 0.3025, lr_0 = 2.7184e-04
Validation rmse = 2.007497
Epoch 57
Loss = 1.9102e-02, PNorm = 154.4912, GNorm = 0.2497, lr_0 = 2.7129e-04
Loss = 1.4249e-02, PNorm = 154.5163, GNorm = 0.0948, lr_0 = 2.7079e-04
Loss = 1.8615e-02, PNorm = 154.5314, GNorm = 0.1696, lr_0 = 2.7030e-04
Loss = 1.6745e-02, PNorm = 154.5504, GNorm = 0.1381, lr_0 = 2.6980e-04
Loss = 1.9181e-02, PNorm = 154.5713, GNorm = 0.1729, lr_0 = 2.6931e-04
Loss = 1.6994e-02, PNorm = 154.5935, GNorm = 0.1927, lr_0 = 2.6881e-04
Loss = 1.3789e-02, PNorm = 154.6175, GNorm = 0.1811, lr_0 = 2.6832e-04
Loss = 1.7648e-02, PNorm = 154.6321, GNorm = 0.1559, lr_0 = 2.6783e-04
Loss = 1.5314e-02, PNorm = 154.6513, GNorm = 0.0960, lr_0 = 2.6734e-04
Loss = 1.4012e-02, PNorm = 154.6734, GNorm = 0.1298, lr_0 = 2.6685e-04
Loss = 1.7704e-02, PNorm = 154.6976, GNorm = 0.1324, lr_0 = 2.6636e-04
Loss = 1.5907e-02, PNorm = 154.7178, GNorm = 0.1864, lr_0 = 2.6587e-04
Loss = 1.8598e-02, PNorm = 154.7358, GNorm = 0.4909, lr_0 = 2.6538e-04
Validation rmse = 2.023035
Epoch 58
Loss = 2.0217e-02, PNorm = 154.7558, GNorm = 0.2643, lr_0 = 2.6489e-04
Loss = 1.3753e-02, PNorm = 154.7714, GNorm = 0.1408, lr_0 = 2.6441e-04
Loss = 1.4384e-02, PNorm = 154.7876, GNorm = 0.1413, lr_0 = 2.6392e-04
Loss = 1.3512e-02, PNorm = 154.8022, GNorm = 0.1256, lr_0 = 2.6344e-04
Loss = 1.3679e-02, PNorm = 154.8220, GNorm = 0.1731, lr_0 = 2.6296e-04
Loss = 1.7486e-02, PNorm = 154.8336, GNorm = 0.2071, lr_0 = 2.6247e-04
Loss = 1.7674e-02, PNorm = 154.8598, GNorm = 0.1193, lr_0 = 2.6199e-04
Loss = 1.3136e-02, PNorm = 154.8841, GNorm = 0.1194, lr_0 = 2.6151e-04
Loss = 1.9060e-02, PNorm = 154.9072, GNorm = 0.1126, lr_0 = 2.6103e-04
Loss = 1.4931e-02, PNorm = 154.9284, GNorm = 0.1453, lr_0 = 2.6055e-04
Loss = 1.5864e-02, PNorm = 154.9514, GNorm = 0.1413, lr_0 = 2.6008e-04
Loss = 1.6696e-02, PNorm = 154.9705, GNorm = 0.1965, lr_0 = 2.5960e-04
Validation rmse = 2.024892
Epoch 59
Loss = 1.3276e-02, PNorm = 154.9970, GNorm = 0.2076, lr_0 = 2.5907e-04
Loss = 1.5468e-02, PNorm = 155.0146, GNorm = 0.1162, lr_0 = 2.5860e-04
Loss = 1.6115e-02, PNorm = 155.0289, GNorm = 0.1291, lr_0 = 2.5813e-04
Loss = 1.2278e-02, PNorm = 155.0459, GNorm = 0.1907, lr_0 = 2.5765e-04
Loss = 1.2386e-02, PNorm = 155.0605, GNorm = 0.1395, lr_0 = 2.5718e-04
Loss = 1.3827e-02, PNorm = 155.0744, GNorm = 0.1334, lr_0 = 2.5671e-04
Loss = 1.3221e-02, PNorm = 155.0897, GNorm = 0.2969, lr_0 = 2.5624e-04
Loss = 1.4091e-02, PNorm = 155.1041, GNorm = 0.2027, lr_0 = 2.5577e-04
Loss = 1.4636e-02, PNorm = 155.1245, GNorm = 0.1488, lr_0 = 2.5530e-04
Loss = 1.7073e-02, PNorm = 155.1469, GNorm = 0.1357, lr_0 = 2.5483e-04
Loss = 1.4825e-02, PNorm = 155.1667, GNorm = 0.2200, lr_0 = 2.5436e-04
Loss = 1.6212e-02, PNorm = 155.1840, GNorm = 0.2077, lr_0 = 2.5390e-04
Loss = 1.7992e-02, PNorm = 155.2023, GNorm = 0.3101, lr_0 = 2.5343e-04
Validation rmse = 2.035275
Epoch 60
Loss = 1.3750e-02, PNorm = 155.2331, GNorm = 0.2129, lr_0 = 2.5292e-04
Loss = 1.6246e-02, PNorm = 155.2652, GNorm = 0.3091, lr_0 = 2.5246e-04
Loss = 1.4799e-02, PNorm = 155.2866, GNorm = 0.1608, lr_0 = 2.5199e-04
Loss = 1.4263e-02, PNorm = 155.3027, GNorm = 0.1955, lr_0 = 2.5153e-04
Loss = 1.6314e-02, PNorm = 155.3224, GNorm = 0.1658, lr_0 = 2.5107e-04
Loss = 1.4776e-02, PNorm = 155.3432, GNorm = 0.2120, lr_0 = 2.5061e-04
Loss = 1.3524e-02, PNorm = 155.3575, GNorm = 0.1729, lr_0 = 2.5015e-04
Loss = 1.4153e-02, PNorm = 155.3754, GNorm = 0.1633, lr_0 = 2.4969e-04
Loss = 1.5640e-02, PNorm = 155.3973, GNorm = 0.1675, lr_0 = 2.4923e-04
Loss = 1.8299e-02, PNorm = 155.4208, GNorm = 0.1832, lr_0 = 2.4878e-04
Loss = 1.5156e-02, PNorm = 155.4407, GNorm = 0.1736, lr_0 = 2.4832e-04
Loss = 1.3672e-02, PNorm = 155.4601, GNorm = 0.1238, lr_0 = 2.4786e-04
Loss = 1.4736e-02, PNorm = 155.4790, GNorm = 0.0962, lr_0 = 2.4741e-04
Validation rmse = 2.027055
Epoch 61
Loss = 1.1560e-02, PNorm = 155.5021, GNorm = 0.1394, lr_0 = 2.4696e-04
Loss = 1.7757e-02, PNorm = 155.5230, GNorm = 0.1555, lr_0 = 2.4650e-04
Loss = 1.4159e-02, PNorm = 155.5396, GNorm = 0.1048, lr_0 = 2.4605e-04
Loss = 1.3917e-02, PNorm = 155.5586, GNorm = 0.1397, lr_0 = 2.4560e-04
Loss = 1.3547e-02, PNorm = 155.5791, GNorm = 0.1503, lr_0 = 2.4515e-04
Loss = 1.7555e-02, PNorm = 155.5978, GNorm = 0.1364, lr_0 = 2.4470e-04
Loss = 1.5067e-02, PNorm = 155.6190, GNorm = 0.2699, lr_0 = 2.4425e-04
Loss = 1.5518e-02, PNorm = 155.6384, GNorm = 0.1671, lr_0 = 2.4380e-04
Loss = 1.7944e-02, PNorm = 155.6591, GNorm = 0.5640, lr_0 = 2.4336e-04
Loss = 1.7799e-02, PNorm = 155.6855, GNorm = 0.1817, lr_0 = 2.4291e-04
Loss = 1.9387e-02, PNorm = 155.7046, GNorm = 0.1954, lr_0 = 2.4246e-04
Loss = 1.7114e-02, PNorm = 155.7226, GNorm = 0.1714, lr_0 = 2.4202e-04
Loss = 1.8283e-02, PNorm = 155.7507, GNorm = 0.2172, lr_0 = 2.4157e-04
Validation rmse = 2.068886
Epoch 62
Loss = 1.6062e-02, PNorm = 155.7776, GNorm = 0.1933, lr_0 = 2.4109e-04
Loss = 1.1198e-02, PNorm = 155.8030, GNorm = 0.1200, lr_0 = 2.4065e-04
Loss = 1.6569e-02, PNorm = 155.8223, GNorm = 0.1443, lr_0 = 2.4020e-04
Loss = 1.4684e-02, PNorm = 155.8419, GNorm = 0.1528, lr_0 = 2.3976e-04
Loss = 1.3337e-02, PNorm = 155.8620, GNorm = 0.1082, lr_0 = 2.3932e-04
Loss = 1.6534e-02, PNorm = 155.8836, GNorm = 0.4433, lr_0 = 2.3888e-04
Loss = 1.2972e-02, PNorm = 155.9050, GNorm = 0.1196, lr_0 = 2.3845e-04
Loss = 1.6016e-02, PNorm = 155.9209, GNorm = 0.1166, lr_0 = 2.3801e-04
Loss = 1.6073e-02, PNorm = 155.9407, GNorm = 0.1337, lr_0 = 2.3757e-04
Loss = 1.5341e-02, PNorm = 155.9651, GNorm = 0.2237, lr_0 = 2.3714e-04
Loss = 1.5700e-02, PNorm = 155.9860, GNorm = 0.2217, lr_0 = 2.3670e-04
Loss = 1.4461e-02, PNorm = 156.0027, GNorm = 0.1109, lr_0 = 2.3627e-04
Loss = 1.4318e-02, PNorm = 156.0179, GNorm = 0.1421, lr_0 = 2.3584e-04
Validation rmse = 2.034195
Epoch 63
Loss = 1.8596e-02, PNorm = 156.0328, GNorm = 0.2577, lr_0 = 2.3536e-04
Loss = 1.8538e-02, PNorm = 156.0575, GNorm = 0.2445, lr_0 = 2.3493e-04
Loss = 1.2843e-02, PNorm = 156.0797, GNorm = 0.1478, lr_0 = 2.3450e-04
Loss = 1.3433e-02, PNorm = 156.0973, GNorm = 0.1368, lr_0 = 2.3407e-04
Loss = 1.3366e-02, PNorm = 156.1118, GNorm = 0.1100, lr_0 = 2.3364e-04
Loss = 1.6908e-02, PNorm = 156.1264, GNorm = 0.1557, lr_0 = 2.3321e-04
Loss = 1.2787e-02, PNorm = 156.1440, GNorm = 0.1475, lr_0 = 2.3278e-04
Loss = 1.3814e-02, PNorm = 156.1631, GNorm = 0.2048, lr_0 = 2.3235e-04
Loss = 1.2687e-02, PNorm = 156.1786, GNorm = 0.2058, lr_0 = 2.3193e-04
Loss = 1.3990e-02, PNorm = 156.1962, GNorm = 0.1473, lr_0 = 2.3150e-04
Loss = 1.2608e-02, PNorm = 156.2105, GNorm = 0.1555, lr_0 = 2.3108e-04
Loss = 1.3420e-02, PNorm = 156.2254, GNorm = 0.1446, lr_0 = 2.3065e-04
Validation rmse = 1.997137
Epoch 64
Loss = 9.0254e-03, PNorm = 156.2413, GNorm = 0.1916, lr_0 = 2.3019e-04
Loss = 1.0654e-02, PNorm = 156.2552, GNorm = 0.2928, lr_0 = 2.2977e-04
Loss = 1.4322e-02, PNorm = 156.2667, GNorm = 0.2264, lr_0 = 2.2935e-04
Loss = 1.3335e-02, PNorm = 156.2877, GNorm = 0.1271, lr_0 = 2.2893e-04
Loss = 1.3043e-02, PNorm = 156.3080, GNorm = 0.1898, lr_0 = 2.2851e-04
Loss = 1.5074e-02, PNorm = 156.3268, GNorm = 0.1484, lr_0 = 2.2809e-04
Loss = 1.2431e-02, PNorm = 156.3433, GNorm = 0.1643, lr_0 = 2.2767e-04
Loss = 1.1415e-02, PNorm = 156.3592, GNorm = 0.1256, lr_0 = 2.2725e-04
Loss = 1.2399e-02, PNorm = 156.3690, GNorm = 0.1495, lr_0 = 2.2683e-04
Loss = 1.7980e-02, PNorm = 156.3830, GNorm = 0.1358, lr_0 = 2.2642e-04
Loss = 1.3907e-02, PNorm = 156.4000, GNorm = 0.2124, lr_0 = 2.2600e-04
Loss = 1.3435e-02, PNorm = 156.4194, GNorm = 0.2016, lr_0 = 2.2559e-04
Loss = 1.1201e-02, PNorm = 156.4362, GNorm = 0.1065, lr_0 = 2.2517e-04
Validation rmse = 2.019738
Epoch 65
Loss = 1.0862e-02, PNorm = 156.4507, GNorm = 0.1088, lr_0 = 2.2476e-04
Loss = 1.3218e-02, PNorm = 156.4684, GNorm = 0.2102, lr_0 = 2.2435e-04
Loss = 1.1805e-02, PNorm = 156.4845, GNorm = 0.1390, lr_0 = 2.2394e-04
Loss = 1.2514e-02, PNorm = 156.5006, GNorm = 0.1316, lr_0 = 2.2353e-04
Loss = 1.2526e-02, PNorm = 156.5176, GNorm = 0.2232, lr_0 = 2.2312e-04
Loss = 1.2194e-02, PNorm = 156.5309, GNorm = 0.1301, lr_0 = 2.2271e-04
Loss = 1.0866e-02, PNorm = 156.5444, GNorm = 0.1693, lr_0 = 2.2230e-04
Loss = 1.1589e-02, PNorm = 156.5575, GNorm = 0.0987, lr_0 = 2.2189e-04
Loss = 1.4226e-02, PNorm = 156.5681, GNorm = 0.2310, lr_0 = 2.2149e-04
Loss = 1.4705e-02, PNorm = 156.5801, GNorm = 0.2553, lr_0 = 2.2108e-04
Loss = 1.7463e-02, PNorm = 156.6012, GNorm = 0.1661, lr_0 = 2.2067e-04
Loss = 1.2988e-02, PNorm = 156.6202, GNorm = 0.1369, lr_0 = 2.2027e-04
Loss = 1.4073e-02, PNorm = 156.6332, GNorm = 0.1789, lr_0 = 2.1986e-04
Validation rmse = 2.095879
Epoch 66
Loss = 1.1451e-02, PNorm = 156.6497, GNorm = 0.2321, lr_0 = 2.1942e-04
Loss = 1.1506e-02, PNorm = 156.6697, GNorm = 0.1037, lr_0 = 2.1902e-04
Loss = 1.2602e-02, PNorm = 156.6881, GNorm = 0.1178, lr_0 = 2.1862e-04
Loss = 1.6134e-02, PNorm = 156.6985, GNorm = 0.2324, lr_0 = 2.1822e-04
Loss = 1.4633e-02, PNorm = 156.7172, GNorm = 0.1270, lr_0 = 2.1782e-04
Loss = 1.2302e-02, PNorm = 156.7384, GNorm = 0.1769, lr_0 = 2.1742e-04
Loss = 1.4140e-02, PNorm = 156.7545, GNorm = 0.2218, lr_0 = 2.1702e-04
Loss = 1.2471e-02, PNorm = 156.7712, GNorm = 0.2140, lr_0 = 2.1662e-04
Loss = 1.4500e-02, PNorm = 156.7881, GNorm = 0.1399, lr_0 = 2.1622e-04
Loss = 2.0590e-02, PNorm = 156.8037, GNorm = 0.1662, lr_0 = 2.1583e-04
Loss = 1.3301e-02, PNorm = 156.8213, GNorm = 0.1587, lr_0 = 2.1543e-04
Loss = 1.2928e-02, PNorm = 156.8384, GNorm = 0.1426, lr_0 = 2.1504e-04
Loss = 1.3801e-02, PNorm = 156.8538, GNorm = 0.1873, lr_0 = 2.1464e-04
Validation rmse = 2.021206
Epoch 67
Loss = 1.2707e-02, PNorm = 156.8747, GNorm = 0.1455, lr_0 = 2.1421e-04
Loss = 1.3685e-02, PNorm = 156.8923, GNorm = 0.1599, lr_0 = 2.1382e-04
Loss = 1.4883e-02, PNorm = 156.9102, GNorm = 0.2151, lr_0 = 2.1342e-04
Loss = 1.2620e-02, PNorm = 156.9278, GNorm = 0.1041, lr_0 = 2.1303e-04
Loss = 1.1130e-02, PNorm = 156.9427, GNorm = 0.1391, lr_0 = 2.1264e-04
Loss = 1.4564e-02, PNorm = 156.9542, GNorm = 0.1116, lr_0 = 2.1225e-04
Loss = 1.5075e-02, PNorm = 156.9678, GNorm = 0.1321, lr_0 = 2.1186e-04
Loss = 1.2678e-02, PNorm = 156.9861, GNorm = 0.1409, lr_0 = 2.1147e-04
Loss = 1.2188e-02, PNorm = 156.9999, GNorm = 0.1279, lr_0 = 2.1109e-04
Loss = 1.1096e-02, PNorm = 157.0146, GNorm = 0.1064, lr_0 = 2.1070e-04
Loss = 1.3073e-02, PNorm = 157.0274, GNorm = 0.1483, lr_0 = 2.1031e-04
Loss = 1.2962e-02, PNorm = 157.0391, GNorm = 0.0899, lr_0 = 2.0993e-04
Loss = 1.3416e-02, PNorm = 157.0544, GNorm = 0.1133, lr_0 = 2.0954e-04
Validation rmse = 1.976922
Epoch 68
Loss = 1.2033e-02, PNorm = 157.0726, GNorm = 0.1036, lr_0 = 2.0916e-04
Loss = 1.1327e-02, PNorm = 157.0841, GNorm = 0.1204, lr_0 = 2.0877e-04
Loss = 1.2321e-02, PNorm = 157.0948, GNorm = 0.1640, lr_0 = 2.0839e-04
Loss = 1.4857e-02, PNorm = 157.1075, GNorm = 0.1022, lr_0 = 2.0801e-04
Loss = 1.3604e-02, PNorm = 157.1211, GNorm = 0.1249, lr_0 = 2.0763e-04
Loss = 1.2829e-02, PNorm = 157.1324, GNorm = 0.1154, lr_0 = 2.0725e-04
Loss = 1.5019e-02, PNorm = 157.1468, GNorm = 0.1100, lr_0 = 2.0687e-04
Loss = 1.0684e-02, PNorm = 157.1594, GNorm = 0.1031, lr_0 = 2.0649e-04
Loss = 1.2099e-02, PNorm = 157.1745, GNorm = 0.1539, lr_0 = 2.0611e-04
Loss = 1.3268e-02, PNorm = 157.1897, GNorm = 0.1000, lr_0 = 2.0573e-04
Loss = 1.2315e-02, PNorm = 157.2068, GNorm = 0.1296, lr_0 = 2.0535e-04
Loss = 1.3015e-02, PNorm = 157.2195, GNorm = 0.1346, lr_0 = 2.0498e-04
Loss = 1.2304e-02, PNorm = 157.2342, GNorm = 0.1525, lr_0 = 2.0460e-04
Validation rmse = 1.964186
Epoch 69
Loss = 1.0787e-02, PNorm = 157.2519, GNorm = 0.1664, lr_0 = 2.0419e-04
Loss = 1.0818e-02, PNorm = 157.2698, GNorm = 0.1522, lr_0 = 2.0381e-04
Loss = 1.2811e-02, PNorm = 157.2867, GNorm = 0.1231, lr_0 = 2.0344e-04
Loss = 1.3957e-02, PNorm = 157.3016, GNorm = 0.1699, lr_0 = 2.0307e-04
Loss = 1.0841e-02, PNorm = 157.3177, GNorm = 0.2563, lr_0 = 2.0269e-04
Loss = 1.3173e-02, PNorm = 157.3336, GNorm = 0.2402, lr_0 = 2.0232e-04
Loss = 9.5980e-03, PNorm = 157.3434, GNorm = 0.1394, lr_0 = 2.0195e-04
Loss = 1.1189e-02, PNorm = 157.3565, GNorm = 0.1456, lr_0 = 2.0158e-04
Loss = 1.2612e-02, PNorm = 157.3692, GNorm = 0.1229, lr_0 = 2.0121e-04
Loss = 1.0733e-02, PNorm = 157.3811, GNorm = 0.1416, lr_0 = 2.0084e-04
Loss = 1.4080e-02, PNorm = 157.3955, GNorm = 0.2132, lr_0 = 2.0047e-04
Loss = 1.1653e-02, PNorm = 157.4118, GNorm = 0.1027, lr_0 = 2.0011e-04
Validation rmse = 1.992083
Epoch 70
Loss = 1.0507e-02, PNorm = 157.4268, GNorm = 0.1169, lr_0 = 1.9970e-04
Loss = 1.2804e-02, PNorm = 157.4412, GNorm = 0.2553, lr_0 = 1.9934e-04
Loss = 1.0662e-02, PNorm = 157.4534, GNorm = 0.1433, lr_0 = 1.9897e-04
Loss = 1.0617e-02, PNorm = 157.4663, GNorm = 0.1301, lr_0 = 1.9861e-04
Loss = 1.1578e-02, PNorm = 157.4792, GNorm = 0.1139, lr_0 = 1.9824e-04
Loss = 1.2113e-02, PNorm = 157.4898, GNorm = 0.1830, lr_0 = 1.9788e-04
Loss = 1.4000e-02, PNorm = 157.5008, GNorm = 0.1131, lr_0 = 1.9751e-04
Loss = 1.1534e-02, PNorm = 157.5144, GNorm = 0.0991, lr_0 = 1.9715e-04
Loss = 9.8167e-03, PNorm = 157.5248, GNorm = 0.1165, lr_0 = 1.9679e-04
Loss = 1.5530e-02, PNorm = 157.5361, GNorm = 0.1351, lr_0 = 1.9643e-04
Loss = 9.6783e-03, PNorm = 157.5491, GNorm = 0.1190, lr_0 = 1.9607e-04
Loss = 1.0277e-02, PNorm = 157.5613, GNorm = 0.1102, lr_0 = 1.9571e-04
Loss = 1.0873e-02, PNorm = 157.5755, GNorm = 0.0755, lr_0 = 1.9535e-04
Validation rmse = 2.005421
Epoch 71
Loss = 8.9174e-03, PNorm = 157.5889, GNorm = 0.1202, lr_0 = 1.9496e-04
Loss = 1.1051e-02, PNorm = 157.6006, GNorm = 0.1143, lr_0 = 1.9460e-04
Loss = 1.2830e-02, PNorm = 157.6115, GNorm = 0.0942, lr_0 = 1.9424e-04
Loss = 1.0891e-02, PNorm = 157.6182, GNorm = 0.0854, lr_0 = 1.9389e-04
Loss = 1.2231e-02, PNorm = 157.6345, GNorm = 0.0960, lr_0 = 1.9353e-04
Loss = 1.2790e-02, PNorm = 157.6504, GNorm = 0.1676, lr_0 = 1.9318e-04
Loss = 9.6761e-03, PNorm = 157.6672, GNorm = 0.1134, lr_0 = 1.9282e-04
Loss = 1.1721e-02, PNorm = 157.6790, GNorm = 0.1983, lr_0 = 1.9247e-04
Loss = 1.5660e-02, PNorm = 157.6920, GNorm = 0.0993, lr_0 = 1.9212e-04
Loss = 1.1482e-02, PNorm = 157.7055, GNorm = 0.1531, lr_0 = 1.9176e-04
Loss = 1.4484e-02, PNorm = 157.7158, GNorm = 0.1887, lr_0 = 1.9141e-04
Loss = 1.0571e-02, PNorm = 157.7280, GNorm = 0.1479, lr_0 = 1.9106e-04
Loss = 1.2710e-02, PNorm = 157.7455, GNorm = 0.1379, lr_0 = 1.9071e-04
Validation rmse = 2.004576
Epoch 72
Loss = 1.1755e-02, PNorm = 157.7587, GNorm = 0.1063, lr_0 = 1.9036e-04
Loss = 1.1406e-02, PNorm = 157.7702, GNorm = 0.1394, lr_0 = 1.9001e-04
Loss = 9.7179e-03, PNorm = 157.7797, GNorm = 0.1647, lr_0 = 1.8966e-04
Loss = 1.6345e-02, PNorm = 157.7918, GNorm = 0.1018, lr_0 = 1.8931e-04
Loss = 1.1564e-02, PNorm = 157.8053, GNorm = 0.1605, lr_0 = 1.8897e-04
Loss = 9.9229e-03, PNorm = 157.8193, GNorm = 0.1112, lr_0 = 1.8862e-04
Loss = 1.2870e-02, PNorm = 157.8322, GNorm = 0.1038, lr_0 = 1.8828e-04
Loss = 1.0870e-02, PNorm = 157.8426, GNorm = 0.1065, lr_0 = 1.8793e-04
Loss = 1.0495e-02, PNorm = 157.8549, GNorm = 0.0739, lr_0 = 1.8759e-04
Loss = 1.0341e-02, PNorm = 157.8675, GNorm = 0.1161, lr_0 = 1.8724e-04
Loss = 9.8895e-03, PNorm = 157.8834, GNorm = 0.0871, lr_0 = 1.8690e-04
Loss = 1.1036e-02, PNorm = 157.8946, GNorm = 0.0864, lr_0 = 1.8655e-04
Loss = 1.1928e-02, PNorm = 157.9077, GNorm = 0.1595, lr_0 = 1.8621e-04
Validation rmse = 2.022520
Epoch 73
Loss = 1.3623e-02, PNorm = 157.9239, GNorm = 0.1677, lr_0 = 1.8584e-04
Loss = 9.9383e-03, PNorm = 157.9333, GNorm = 0.1071, lr_0 = 1.8550e-04
Loss = 1.1329e-02, PNorm = 157.9410, GNorm = 0.1184, lr_0 = 1.8516e-04
Loss = 9.3020e-03, PNorm = 157.9492, GNorm = 0.1155, lr_0 = 1.8482e-04
Loss = 1.1089e-02, PNorm = 157.9606, GNorm = 0.1633, lr_0 = 1.8448e-04
Loss = 1.3388e-02, PNorm = 157.9724, GNorm = 0.1705, lr_0 = 1.8414e-04
Loss = 1.0432e-02, PNorm = 157.9852, GNorm = 0.1064, lr_0 = 1.8380e-04
Loss = 1.2203e-02, PNorm = 157.9952, GNorm = 0.1492, lr_0 = 1.8346e-04
Loss = 1.4348e-02, PNorm = 158.0088, GNorm = 0.1490, lr_0 = 1.8313e-04
Loss = 1.2982e-02, PNorm = 158.0237, GNorm = 0.2329, lr_0 = 1.8279e-04
Loss = 9.2405e-03, PNorm = 158.0349, GNorm = 0.1025, lr_0 = 1.8246e-04
Loss = 1.1200e-02, PNorm = 158.0495, GNorm = 0.1279, lr_0 = 1.8212e-04
Loss = 1.1155e-02, PNorm = 158.0648, GNorm = 0.1207, lr_0 = 1.8179e-04
Validation rmse = 1.984149
Epoch 74
Loss = 9.5940e-03, PNorm = 158.0801, GNorm = 0.1984, lr_0 = 1.8142e-04
Loss = 1.3914e-02, PNorm = 158.0917, GNorm = 0.1051, lr_0 = 1.8109e-04
Loss = 1.0732e-02, PNorm = 158.1044, GNorm = 0.0912, lr_0 = 1.8076e-04
Loss = 1.0177e-02, PNorm = 158.1179, GNorm = 0.1358, lr_0 = 1.8043e-04
Loss = 9.6593e-03, PNorm = 158.1303, GNorm = 0.1095, lr_0 = 1.8009e-04
Loss = 1.1165e-02, PNorm = 158.1445, GNorm = 0.1687, lr_0 = 1.7976e-04
Loss = 9.2275e-03, PNorm = 158.1550, GNorm = 0.0838, lr_0 = 1.7943e-04
Loss = 1.0672e-02, PNorm = 158.1619, GNorm = 0.1267, lr_0 = 1.7911e-04
Loss = 9.4486e-03, PNorm = 158.1727, GNorm = 0.1140, lr_0 = 1.7878e-04
Loss = 9.7287e-03, PNorm = 158.1827, GNorm = 0.1129, lr_0 = 1.7845e-04
Loss = 1.2097e-02, PNorm = 158.1911, GNorm = 0.1148, lr_0 = 1.7812e-04
Loss = 1.2437e-02, PNorm = 158.2018, GNorm = 0.1602, lr_0 = 1.7780e-04
Loss = 1.0366e-02, PNorm = 158.2136, GNorm = 0.2520, lr_0 = 1.7747e-04
Validation rmse = 1.984443
Epoch 75
Loss = 1.1463e-02, PNorm = 158.2222, GNorm = 0.1161, lr_0 = 1.7714e-04
Loss = 1.1393e-02, PNorm = 158.2337, GNorm = 0.1403, lr_0 = 1.7682e-04
Loss = 9.5165e-03, PNorm = 158.2433, GNorm = 0.1306, lr_0 = 1.7649e-04
Loss = 1.0491e-02, PNorm = 158.2559, GNorm = 0.1604, lr_0 = 1.7617e-04
Loss = 1.3792e-02, PNorm = 158.2663, GNorm = 0.1080, lr_0 = 1.7585e-04
Loss = 1.0332e-02, PNorm = 158.2727, GNorm = 0.0854, lr_0 = 1.7553e-04
Loss = 1.0961e-02, PNorm = 158.2838, GNorm = 0.0956, lr_0 = 1.7520e-04
Loss = 9.8763e-03, PNorm = 158.2964, GNorm = 0.1051, lr_0 = 1.7488e-04
Loss = 1.0395e-02, PNorm = 158.3083, GNorm = 0.0711, lr_0 = 1.7456e-04
Loss = 9.2031e-03, PNorm = 158.3206, GNorm = 0.0760, lr_0 = 1.7424e-04
Loss = 1.0485e-02, PNorm = 158.3330, GNorm = 0.2065, lr_0 = 1.7392e-04
Loss = 1.0603e-02, PNorm = 158.3459, GNorm = 0.1185, lr_0 = 1.7360e-04
Validation rmse = 2.031896
Epoch 76
Loss = 9.0927e-03, PNorm = 158.3578, GNorm = 0.1320, lr_0 = 1.7325e-04
Loss = 1.0595e-02, PNorm = 158.3683, GNorm = 0.0918, lr_0 = 1.7293e-04
Loss = 1.0019e-02, PNorm = 158.3772, GNorm = 0.0994, lr_0 = 1.7262e-04
Loss = 9.8695e-03, PNorm = 158.3897, GNorm = 0.1430, lr_0 = 1.7230e-04
Loss = 1.0794e-02, PNorm = 158.4042, GNorm = 0.0882, lr_0 = 1.7199e-04
Loss = 9.6935e-03, PNorm = 158.4174, GNorm = 0.1620, lr_0 = 1.7167e-04
Loss = 1.2981e-02, PNorm = 158.4326, GNorm = 0.1035, lr_0 = 1.7135e-04
Loss = 8.6121e-03, PNorm = 158.4429, GNorm = 0.1249, lr_0 = 1.7104e-04
Loss = 1.0076e-02, PNorm = 158.4534, GNorm = 0.1553, lr_0 = 1.7073e-04
Loss = 1.0745e-02, PNorm = 158.4642, GNorm = 0.1412, lr_0 = 1.7041e-04
Loss = 1.2948e-02, PNorm = 158.4734, GNorm = 0.1430, lr_0 = 1.7010e-04
Loss = 9.5728e-03, PNorm = 158.4881, GNorm = 0.1348, lr_0 = 1.6979e-04
Loss = 9.5564e-03, PNorm = 158.4985, GNorm = 0.1516, lr_0 = 1.6948e-04
Validation rmse = 1.988605
Epoch 77
Loss = 8.8743e-03, PNorm = 158.5072, GNorm = 0.1034, lr_0 = 1.6914e-04
Loss = 8.8851e-03, PNorm = 158.5179, GNorm = 0.0983, lr_0 = 1.6883e-04
Loss = 8.4594e-03, PNorm = 158.5301, GNorm = 0.1728, lr_0 = 1.6852e-04
Loss = 1.2066e-02, PNorm = 158.5418, GNorm = 0.0967, lr_0 = 1.6821e-04
Loss = 1.0848e-02, PNorm = 158.5514, GNorm = 0.2726, lr_0 = 1.6790e-04
Loss = 1.0027e-02, PNorm = 158.5625, GNorm = 0.1324, lr_0 = 1.6759e-04
Loss = 9.7500e-03, PNorm = 158.5701, GNorm = 0.0893, lr_0 = 1.6728e-04
Loss = 1.0302e-02, PNorm = 158.5780, GNorm = 0.2109, lr_0 = 1.6698e-04
Loss = 1.0563e-02, PNorm = 158.5899, GNorm = 0.1381, lr_0 = 1.6667e-04
Loss = 1.0204e-02, PNorm = 158.6017, GNorm = 0.1228, lr_0 = 1.6636e-04
Loss = 9.9530e-03, PNorm = 158.6129, GNorm = 0.2687, lr_0 = 1.6606e-04
Loss = 1.1350e-02, PNorm = 158.6251, GNorm = 0.1445, lr_0 = 1.6576e-04
Loss = 1.3612e-02, PNorm = 158.6386, GNorm = 0.1469, lr_0 = 1.6545e-04
Validation rmse = 2.053370
Epoch 78
Loss = 9.5189e-03, PNorm = 158.6585, GNorm = 0.1781, lr_0 = 1.6512e-04
Loss = 8.9075e-03, PNorm = 158.6738, GNorm = 0.1265, lr_0 = 1.6481e-04
Loss = 8.8960e-03, PNorm = 158.6841, GNorm = 0.0949, lr_0 = 1.6451e-04
Loss = 1.0070e-02, PNorm = 158.6936, GNorm = 0.1359, lr_0 = 1.6421e-04
Loss = 1.3743e-02, PNorm = 158.7072, GNorm = 0.1351, lr_0 = 1.6391e-04
Loss = 1.1478e-02, PNorm = 158.7160, GNorm = 0.1999, lr_0 = 1.6361e-04
Loss = 9.9660e-03, PNorm = 158.7254, GNorm = 0.1540, lr_0 = 1.6331e-04
Loss = 1.0379e-02, PNorm = 158.7361, GNorm = 0.1308, lr_0 = 1.6301e-04
Loss = 9.6122e-03, PNorm = 158.7427, GNorm = 0.0957, lr_0 = 1.6271e-04
Loss = 1.2571e-02, PNorm = 158.7560, GNorm = 0.0981, lr_0 = 1.6241e-04
Loss = 1.1481e-02, PNorm = 158.7675, GNorm = 0.3243, lr_0 = 1.6211e-04
Loss = 1.0305e-02, PNorm = 158.7793, GNorm = 0.1113, lr_0 = 1.6182e-04
Loss = 1.0478e-02, PNorm = 158.7903, GNorm = 0.2131, lr_0 = 1.6152e-04
Validation rmse = 2.067391
Epoch 79
Loss = 1.0968e-02, PNorm = 158.8027, GNorm = 0.1255, lr_0 = 1.6122e-04
Loss = 9.6425e-03, PNorm = 158.8129, GNorm = 0.1500, lr_0 = 1.6093e-04
Loss = 1.1827e-02, PNorm = 158.8230, GNorm = 0.0833, lr_0 = 1.6063e-04
Loss = 1.1456e-02, PNorm = 158.8332, GNorm = 0.1291, lr_0 = 1.6034e-04
Loss = 1.1051e-02, PNorm = 158.8411, GNorm = 0.1594, lr_0 = 1.6004e-04
Loss = 1.0605e-02, PNorm = 158.8510, GNorm = 0.1492, lr_0 = 1.5975e-04
Loss = 9.0449e-03, PNorm = 158.8620, GNorm = 0.0712, lr_0 = 1.5946e-04
Loss = 9.8017e-03, PNorm = 158.8722, GNorm = 0.1277, lr_0 = 1.5917e-04
Loss = 9.3065e-03, PNorm = 158.8822, GNorm = 0.1117, lr_0 = 1.5887e-04
Loss = 8.2733e-03, PNorm = 158.8934, GNorm = 0.1182, lr_0 = 1.5858e-04
Loss = 1.1597e-02, PNorm = 158.9050, GNorm = 0.1029, lr_0 = 1.5829e-04
Loss = 9.6544e-03, PNorm = 158.9156, GNorm = 0.1198, lr_0 = 1.5800e-04
Loss = 1.1281e-02, PNorm = 158.9271, GNorm = 0.1002, lr_0 = 1.5771e-04
Validation rmse = 2.061897
Epoch 80
Loss = 1.2119e-02, PNorm = 158.9423, GNorm = 0.1511, lr_0 = 1.5739e-04
Loss = 1.0597e-02, PNorm = 158.9550, GNorm = 0.1354, lr_0 = 1.5710e-04
Loss = 1.3059e-02, PNorm = 158.9659, GNorm = 0.1166, lr_0 = 1.5682e-04
Loss = 1.0027e-02, PNorm = 158.9758, GNorm = 0.1429, lr_0 = 1.5653e-04
Loss = 8.0316e-03, PNorm = 158.9843, GNorm = 0.0936, lr_0 = 1.5624e-04
Loss = 9.8792e-03, PNorm = 158.9930, GNorm = 0.0825, lr_0 = 1.5596e-04
Loss = 9.9504e-03, PNorm = 159.0010, GNorm = 0.1057, lr_0 = 1.5567e-04
Loss = 8.6349e-03, PNorm = 159.0094, GNorm = 0.0730, lr_0 = 1.5538e-04
Loss = 8.6423e-03, PNorm = 159.0174, GNorm = 0.0667, lr_0 = 1.5510e-04
Loss = 1.0494e-02, PNorm = 159.0254, GNorm = 0.1190, lr_0 = 1.5481e-04
Loss = 9.7504e-03, PNorm = 159.0324, GNorm = 0.1648, lr_0 = 1.5453e-04
Loss = 1.1881e-02, PNorm = 159.0439, GNorm = 0.1024, lr_0 = 1.5425e-04
Loss = 1.0251e-02, PNorm = 159.0577, GNorm = 0.0796, lr_0 = 1.5396e-04
Loss = 9.3385e-03, PNorm = 159.0587, GNorm = 0.2098, lr_0 = 1.5394e-04
Validation rmse = 2.007128
Epoch 81
Loss = 9.3049e-03, PNorm = 159.0677, GNorm = 0.1158, lr_0 = 1.5365e-04
Loss = 8.1828e-03, PNorm = 159.0738, GNorm = 0.1679, lr_0 = 1.5337e-04
Loss = 1.1840e-02, PNorm = 159.0796, GNorm = 0.1284, lr_0 = 1.5309e-04
Loss = 8.2021e-03, PNorm = 159.0896, GNorm = 0.1144, lr_0 = 1.5281e-04
Loss = 1.1443e-02, PNorm = 159.1029, GNorm = 0.1623, lr_0 = 1.5253e-04
Loss = 1.0806e-02, PNorm = 159.1122, GNorm = 0.1522, lr_0 = 1.5225e-04
Loss = 9.7736e-03, PNorm = 159.1212, GNorm = 0.2179, lr_0 = 1.5197e-04
Loss = 8.8931e-03, PNorm = 159.1325, GNorm = 0.0962, lr_0 = 1.5169e-04
Loss = 8.1971e-03, PNorm = 159.1449, GNorm = 0.0780, lr_0 = 1.5141e-04
Loss = 1.0585e-02, PNorm = 159.1547, GNorm = 0.1615, lr_0 = 1.5114e-04
Loss = 8.2526e-03, PNorm = 159.1629, GNorm = 0.1004, lr_0 = 1.5086e-04
Loss = 1.1374e-02, PNorm = 159.1737, GNorm = 0.1903, lr_0 = 1.5058e-04
Validation rmse = 1.999914
Epoch 82
Loss = 8.8803e-03, PNorm = 159.1800, GNorm = 0.1183, lr_0 = 1.5028e-04
Loss = 8.5789e-03, PNorm = 159.1893, GNorm = 0.1284, lr_0 = 1.5000e-04
Loss = 8.8950e-03, PNorm = 159.2004, GNorm = 0.1107, lr_0 = 1.4973e-04
Loss = 1.0213e-02, PNorm = 159.2107, GNorm = 0.1217, lr_0 = 1.4945e-04
Loss = 8.8889e-03, PNorm = 159.2195, GNorm = 0.1061, lr_0 = 1.4918e-04
Loss = 1.4072e-02, PNorm = 159.2251, GNorm = 0.1723, lr_0 = 1.4891e-04
Loss = 1.0412e-02, PNorm = 159.2364, GNorm = 0.1650, lr_0 = 1.4863e-04
Loss = 8.5701e-03, PNorm = 159.2471, GNorm = 0.1271, lr_0 = 1.4836e-04
Loss = 1.4055e-02, PNorm = 159.2580, GNorm = 0.1027, lr_0 = 1.4809e-04
Loss = 1.0477e-02, PNorm = 159.2725, GNorm = 0.1305, lr_0 = 1.4782e-04
Loss = 9.1713e-03, PNorm = 159.2844, GNorm = 0.1153, lr_0 = 1.4755e-04
Loss = 9.6214e-03, PNorm = 159.2939, GNorm = 0.1619, lr_0 = 1.4727e-04
Loss = 9.0795e-03, PNorm = 159.3014, GNorm = 0.1796, lr_0 = 1.4700e-04
Validation rmse = 1.969669
Epoch 83
Loss = 1.1369e-02, PNorm = 159.3102, GNorm = 0.2201, lr_0 = 1.4674e-04
Loss = 8.1016e-03, PNorm = 159.3167, GNorm = 0.1627, lr_0 = 1.4647e-04
Loss = 8.4686e-03, PNorm = 159.3247, GNorm = 0.0703, lr_0 = 1.4620e-04
Loss = 9.7083e-03, PNorm = 159.3342, GNorm = 0.0952, lr_0 = 1.4593e-04
Loss = 8.2981e-03, PNorm = 159.3429, GNorm = 0.0759, lr_0 = 1.4566e-04
Loss = 8.5547e-03, PNorm = 159.3519, GNorm = 0.1789, lr_0 = 1.4539e-04
Loss = 1.0520e-02, PNorm = 159.3620, GNorm = 0.1214, lr_0 = 1.4513e-04
Loss = 1.3532e-02, PNorm = 159.3724, GNorm = 0.0816, lr_0 = 1.4486e-04
Loss = 8.9330e-03, PNorm = 159.3811, GNorm = 0.0940, lr_0 = 1.4460e-04
Loss = 9.2006e-03, PNorm = 159.3914, GNorm = 0.0762, lr_0 = 1.4433e-04
Loss = 1.1989e-02, PNorm = 159.4006, GNorm = 0.1862, lr_0 = 1.4407e-04
Loss = 8.0686e-03, PNorm = 159.4097, GNorm = 0.0806, lr_0 = 1.4380e-04
Loss = 1.0220e-02, PNorm = 159.4202, GNorm = 0.1011, lr_0 = 1.4354e-04
Validation rmse = 1.983791
Epoch 84
Loss = 7.8349e-03, PNorm = 159.4296, GNorm = 0.1484, lr_0 = 1.4325e-04
Loss = 1.1363e-02, PNorm = 159.4357, GNorm = 0.0842, lr_0 = 1.4299e-04
Loss = 1.1400e-02, PNorm = 159.4463, GNorm = 0.1211, lr_0 = 1.4272e-04
Loss = 8.2335e-03, PNorm = 159.4552, GNorm = 0.1274, lr_0 = 1.4246e-04
Loss = 7.7418e-03, PNorm = 159.4628, GNorm = 0.1087, lr_0 = 1.4220e-04
Loss = 9.8767e-03, PNorm = 159.4696, GNorm = 0.3665, lr_0 = 1.4194e-04
Loss = 9.0413e-03, PNorm = 159.4787, GNorm = 0.1095, lr_0 = 1.4168e-04
Loss = 7.7665e-03, PNorm = 159.4880, GNorm = 0.1326, lr_0 = 1.4142e-04
Loss = 7.8024e-03, PNorm = 159.4940, GNorm = 0.0955, lr_0 = 1.4116e-04
Loss = 8.5262e-03, PNorm = 159.5011, GNorm = 0.0938, lr_0 = 1.4090e-04
Loss = 1.1155e-02, PNorm = 159.5096, GNorm = 0.0938, lr_0 = 1.4064e-04
Loss = 8.4739e-03, PNorm = 159.5198, GNorm = 0.0832, lr_0 = 1.4039e-04
Loss = 7.8937e-03, PNorm = 159.5282, GNorm = 0.2171, lr_0 = 1.4013e-04
Validation rmse = 1.987189
Epoch 85
Loss = 7.7616e-03, PNorm = 159.5360, GNorm = 0.0904, lr_0 = 1.3985e-04
Loss = 7.9576e-03, PNorm = 159.5437, GNorm = 0.0729, lr_0 = 1.3959e-04
Loss = 8.2058e-03, PNorm = 159.5527, GNorm = 0.1372, lr_0 = 1.3933e-04
Loss = 7.8858e-03, PNorm = 159.5629, GNorm = 0.0852, lr_0 = 1.3908e-04
Loss = 9.4510e-03, PNorm = 159.5724, GNorm = 0.0874, lr_0 = 1.3882e-04
Loss = 8.6992e-03, PNorm = 159.5830, GNorm = 0.0861, lr_0 = 1.3857e-04
Loss = 1.1654e-02, PNorm = 159.5910, GNorm = 0.1718, lr_0 = 1.3831e-04
Loss = 1.2084e-02, PNorm = 159.5998, GNorm = 0.1342, lr_0 = 1.3806e-04
Loss = 9.5502e-03, PNorm = 159.6065, GNorm = 0.1341, lr_0 = 1.3781e-04
Loss = 7.9584e-03, PNorm = 159.6158, GNorm = 0.0800, lr_0 = 1.3755e-04
Loss = 7.6971e-03, PNorm = 159.6248, GNorm = 0.0917, lr_0 = 1.3730e-04
Loss = 8.6015e-03, PNorm = 159.6358, GNorm = 0.1201, lr_0 = 1.3705e-04
Loss = 8.6870e-03, PNorm = 159.6442, GNorm = 0.0884, lr_0 = 1.3680e-04
Validation rmse = 1.967141
Epoch 86
Loss = 7.8191e-03, PNorm = 159.6498, GNorm = 0.1776, lr_0 = 1.3655e-04
Loss = 9.8686e-03, PNorm = 159.6564, GNorm = 0.1021, lr_0 = 1.3630e-04
Loss = 1.0466e-02, PNorm = 159.6637, GNorm = 0.1401, lr_0 = 1.3605e-04
Loss = 9.9821e-03, PNorm = 159.6740, GNorm = 0.1886, lr_0 = 1.3580e-04
Loss = 9.0621e-03, PNorm = 159.6806, GNorm = 0.3279, lr_0 = 1.3555e-04
Loss = 7.9171e-03, PNorm = 159.6903, GNorm = 0.0791, lr_0 = 1.3530e-04
Loss = 1.2823e-02, PNorm = 159.6998, GNorm = 0.1597, lr_0 = 1.3505e-04
Loss = 8.9467e-03, PNorm = 159.7035, GNorm = 0.3236, lr_0 = 1.3480e-04
Loss = 9.5377e-03, PNorm = 159.7104, GNorm = 0.0682, lr_0 = 1.3456e-04
Loss = 7.9211e-03, PNorm = 159.7176, GNorm = 0.1630, lr_0 = 1.3431e-04
Loss = 8.7069e-03, PNorm = 159.7229, GNorm = 0.1601, lr_0 = 1.3406e-04
Loss = 7.7240e-03, PNorm = 159.7311, GNorm = 0.1032, lr_0 = 1.3382e-04
Loss = 9.9298e-03, PNorm = 159.7413, GNorm = 0.1016, lr_0 = 1.3357e-04
Loss = 9.2862e-03, PNorm = 159.7424, GNorm = 0.1905, lr_0 = 1.3355e-04
Validation rmse = 1.944421
Epoch 87
Loss = 8.0306e-03, PNorm = 159.7519, GNorm = 0.1184, lr_0 = 1.3330e-04
Loss = 7.2912e-03, PNorm = 159.7599, GNorm = 0.0955, lr_0 = 1.3306e-04
Loss = 9.7081e-03, PNorm = 159.7690, GNorm = 0.1134, lr_0 = 1.3281e-04
Loss = 1.0266e-02, PNorm = 159.7753, GNorm = 0.1172, lr_0 = 1.3257e-04
Loss = 7.6676e-03, PNorm = 159.7819, GNorm = 0.1006, lr_0 = 1.3233e-04
Loss = 1.1221e-02, PNorm = 159.7864, GNorm = 0.1006, lr_0 = 1.3209e-04
Loss = 1.0789e-02, PNorm = 159.7928, GNorm = 0.0741, lr_0 = 1.3184e-04
Loss = 1.0440e-02, PNorm = 159.8015, GNorm = 0.1711, lr_0 = 1.3160e-04
Loss = 9.2091e-03, PNorm = 159.8109, GNorm = 0.2125, lr_0 = 1.3136e-04
Loss = 8.4688e-03, PNorm = 159.8195, GNorm = 0.0823, lr_0 = 1.3112e-04
Loss = 9.3786e-03, PNorm = 159.8290, GNorm = 0.1233, lr_0 = 1.3088e-04
Loss = 1.2670e-02, PNorm = 159.8387, GNorm = 0.1888, lr_0 = 1.3064e-04
Validation rmse = 1.995037
Epoch 88
Loss = 9.3297e-03, PNorm = 159.8469, GNorm = 0.1283, lr_0 = 1.3038e-04
Loss = 8.7355e-03, PNorm = 159.8561, GNorm = 0.0884, lr_0 = 1.3014e-04
Loss = 1.0016e-02, PNorm = 159.8660, GNorm = 0.1654, lr_0 = 1.2990e-04
Loss = 7.6583e-03, PNorm = 159.8747, GNorm = 0.1036, lr_0 = 1.2966e-04
Loss = 8.5851e-03, PNorm = 159.8824, GNorm = 0.1317, lr_0 = 1.2942e-04
Loss = 7.9070e-03, PNorm = 159.8871, GNorm = 0.1298, lr_0 = 1.2918e-04
Loss = 1.0137e-02, PNorm = 159.8956, GNorm = 0.0929, lr_0 = 1.2895e-04
Loss = 9.3974e-03, PNorm = 159.9066, GNorm = 0.1539, lr_0 = 1.2871e-04
Loss = 7.4500e-03, PNorm = 159.9150, GNorm = 0.1023, lr_0 = 1.2847e-04
Loss = 1.2316e-02, PNorm = 159.9242, GNorm = 0.0993, lr_0 = 1.2824e-04
Loss = 7.9713e-03, PNorm = 159.9345, GNorm = 0.1332, lr_0 = 1.2800e-04
Loss = 1.1393e-02, PNorm = 159.9436, GNorm = 0.1752, lr_0 = 1.2777e-04
Loss = 7.1457e-03, PNorm = 159.9524, GNorm = 0.0891, lr_0 = 1.2753e-04
Validation rmse = 1.960776
Epoch 89
Loss = 6.1541e-03, PNorm = 159.9610, GNorm = 0.0754, lr_0 = 1.2728e-04
Loss = 7.8710e-03, PNorm = 159.9683, GNorm = 0.1155, lr_0 = 1.2704e-04
Loss = 9.1304e-03, PNorm = 159.9740, GNorm = 0.0683, lr_0 = 1.2681e-04
Loss = 8.6366e-03, PNorm = 159.9826, GNorm = 0.1140, lr_0 = 1.2658e-04
Loss = 7.5673e-03, PNorm = 159.9919, GNorm = 0.0857, lr_0 = 1.2635e-04
Loss = 1.0705e-02, PNorm = 159.9970, GNorm = 0.1683, lr_0 = 1.2611e-04
Loss = 8.2293e-03, PNorm = 160.0017, GNorm = 0.0974, lr_0 = 1.2588e-04
Loss = 9.2576e-03, PNorm = 160.0092, GNorm = 0.1129, lr_0 = 1.2565e-04
Loss = 1.4614e-02, PNorm = 160.0168, GNorm = 0.2362, lr_0 = 1.2542e-04
Loss = 8.2495e-03, PNorm = 160.0238, GNorm = 0.0841, lr_0 = 1.2519e-04
Loss = 7.8520e-03, PNorm = 160.0331, GNorm = 0.1046, lr_0 = 1.2496e-04
Loss = 7.5563e-03, PNorm = 160.0394, GNorm = 0.1305, lr_0 = 1.2473e-04
Loss = 9.7708e-03, PNorm = 160.0484, GNorm = 0.1346, lr_0 = 1.2450e-04
Validation rmse = 2.001353
Epoch 90
Loss = 1.0154e-02, PNorm = 160.0581, GNorm = 0.0949, lr_0 = 1.2428e-04
Loss = 9.3223e-03, PNorm = 160.0659, GNorm = 0.0992, lr_0 = 1.2405e-04
Loss = 7.2083e-03, PNorm = 160.0732, GNorm = 0.0987, lr_0 = 1.2382e-04
Loss = 7.5897e-03, PNorm = 160.0792, GNorm = 0.1116, lr_0 = 1.2359e-04
Loss = 8.1828e-03, PNorm = 160.0844, GNorm = 0.0872, lr_0 = 1.2337e-04
Loss = 8.8638e-03, PNorm = 160.0925, GNorm = 0.1140, lr_0 = 1.2314e-04
Loss = 1.0791e-02, PNorm = 160.1019, GNorm = 0.1107, lr_0 = 1.2291e-04
Loss = 7.4872e-03, PNorm = 160.1087, GNorm = 0.0810, lr_0 = 1.2269e-04
Loss = 7.3108e-03, PNorm = 160.1149, GNorm = 0.1815, lr_0 = 1.2246e-04
Loss = 9.0357e-03, PNorm = 160.1216, GNorm = 0.1074, lr_0 = 1.2224e-04
Loss = 7.6163e-03, PNorm = 160.1279, GNorm = 0.0869, lr_0 = 1.2202e-04
Loss = 7.8847e-03, PNorm = 160.1341, GNorm = 0.0860, lr_0 = 1.2179e-04
Loss = 8.2032e-03, PNorm = 160.1418, GNorm = 0.1037, lr_0 = 1.2157e-04
Validation rmse = 1.967682
Epoch 91
Loss = 1.0198e-02, PNorm = 160.1483, GNorm = 0.0780, lr_0 = 1.2132e-04
Loss = 7.2271e-03, PNorm = 160.1549, GNorm = 0.0587, lr_0 = 1.2110e-04
Loss = 9.1340e-03, PNorm = 160.1611, GNorm = 0.1258, lr_0 = 1.2088e-04
Loss = 8.6528e-03, PNorm = 160.1667, GNorm = 0.1745, lr_0 = 1.2066e-04
Loss = 8.0892e-03, PNorm = 160.1721, GNorm = 0.1872, lr_0 = 1.2044e-04
Loss = 7.5615e-03, PNorm = 160.1832, GNorm = 0.1274, lr_0 = 1.2021e-04
Loss = 7.7822e-03, PNorm = 160.1912, GNorm = 0.0770, lr_0 = 1.1999e-04
Loss = 8.3923e-03, PNorm = 160.1972, GNorm = 0.1529, lr_0 = 1.1977e-04
Loss = 1.3115e-02, PNorm = 160.2042, GNorm = 0.1518, lr_0 = 1.1955e-04
Loss = 7.2750e-03, PNorm = 160.2120, GNorm = 0.0945, lr_0 = 1.1934e-04
Loss = 1.0343e-02, PNorm = 160.2186, GNorm = 0.2253, lr_0 = 1.1912e-04
Loss = 9.3526e-03, PNorm = 160.2274, GNorm = 0.2293, lr_0 = 1.1890e-04
Loss = 7.7877e-03, PNorm = 160.2349, GNorm = 0.0925, lr_0 = 1.1868e-04
Validation rmse = 1.989777
Epoch 92
Loss = 1.0926e-02, PNorm = 160.2432, GNorm = 0.2435, lr_0 = 1.1844e-04
Loss = 9.0928e-03, PNorm = 160.2504, GNorm = 0.1001, lr_0 = 1.1822e-04
Loss = 8.4795e-03, PNorm = 160.2594, GNorm = 0.0877, lr_0 = 1.1801e-04
Loss = 9.0107e-03, PNorm = 160.2687, GNorm = 0.1227, lr_0 = 1.1779e-04
Loss = 7.3784e-03, PNorm = 160.2763, GNorm = 0.1052, lr_0 = 1.1757e-04
Loss = 7.2595e-03, PNorm = 160.2820, GNorm = 0.0943, lr_0 = 1.1736e-04
Loss = 7.4704e-03, PNorm = 160.2886, GNorm = 0.0924, lr_0 = 1.1714e-04
Loss = 7.3697e-03, PNorm = 160.2948, GNorm = 0.1310, lr_0 = 1.1693e-04
Loss = 8.1580e-03, PNorm = 160.2994, GNorm = 0.1402, lr_0 = 1.1671e-04
Loss = 7.5996e-03, PNorm = 160.3045, GNorm = 0.0828, lr_0 = 1.1650e-04
Loss = 1.0513e-02, PNorm = 160.3096, GNorm = 0.0990, lr_0 = 1.1629e-04
Loss = 7.6068e-03, PNorm = 160.3149, GNorm = 0.1215, lr_0 = 1.1607e-04
Loss = 7.1885e-03, PNorm = 160.3227, GNorm = 0.1877, lr_0 = 1.1586e-04
Validation rmse = 1.959594
Epoch 93
Loss = 1.0253e-02, PNorm = 160.3294, GNorm = 0.1006, lr_0 = 1.1565e-04
Loss = 9.2566e-03, PNorm = 160.3355, GNorm = 0.1505, lr_0 = 1.1544e-04
Loss = 1.0806e-02, PNorm = 160.3410, GNorm = 0.1093, lr_0 = 1.1522e-04
Loss = 8.2174e-03, PNorm = 160.3485, GNorm = 0.1253, lr_0 = 1.1501e-04
Loss = 8.3845e-03, PNorm = 160.3553, GNorm = 0.1018, lr_0 = 1.1480e-04
Loss = 6.8220e-03, PNorm = 160.3616, GNorm = 0.0665, lr_0 = 1.1459e-04
Loss = 6.9024e-03, PNorm = 160.3686, GNorm = 0.1105, lr_0 = 1.1438e-04
Loss = 6.5988e-03, PNorm = 160.3733, GNorm = 0.1243, lr_0 = 1.1417e-04
Loss = 7.4782e-03, PNorm = 160.3777, GNorm = 0.0655, lr_0 = 1.1396e-04
Loss = 8.9931e-03, PNorm = 160.3857, GNorm = 0.1330, lr_0 = 1.1375e-04
Loss = 6.8554e-03, PNorm = 160.3933, GNorm = 0.1938, lr_0 = 1.1354e-04
Loss = 7.8439e-03, PNorm = 160.4028, GNorm = 0.0919, lr_0 = 1.1334e-04
Validation rmse = 1.946833
Epoch 94
Loss = 6.4378e-03, PNorm = 160.4113, GNorm = 0.0882, lr_0 = 1.1311e-04
Loss = 8.3356e-03, PNorm = 160.4185, GNorm = 0.1577, lr_0 = 1.1290e-04
Loss = 8.1811e-03, PNorm = 160.4253, GNorm = 0.0731, lr_0 = 1.1269e-04
Loss = 7.9960e-03, PNorm = 160.4318, GNorm = 0.1179, lr_0 = 1.1249e-04
Loss = 1.0030e-02, PNorm = 160.4381, GNorm = 0.1269, lr_0 = 1.1228e-04
Loss = 7.4795e-03, PNorm = 160.4442, GNorm = 0.1503, lr_0 = 1.1207e-04
Loss = 6.4175e-03, PNorm = 160.4502, GNorm = 0.0919, lr_0 = 1.1187e-04
Loss = 7.6040e-03, PNorm = 160.4570, GNorm = 0.1360, lr_0 = 1.1166e-04
Loss = 8.2673e-03, PNorm = 160.4641, GNorm = 0.0909, lr_0 = 1.1146e-04
Loss = 7.4969e-03, PNorm = 160.4693, GNorm = 0.0938, lr_0 = 1.1125e-04
Loss = 1.2043e-02, PNorm = 160.4745, GNorm = 0.2020, lr_0 = 1.1105e-04
Loss = 7.1023e-03, PNorm = 160.4815, GNorm = 0.0678, lr_0 = 1.1085e-04
Loss = 7.9609e-03, PNorm = 160.4907, GNorm = 0.1699, lr_0 = 1.1064e-04
Validation rmse = 1.996908
Epoch 95
Loss = 8.2745e-03, PNorm = 160.4994, GNorm = 0.1590, lr_0 = 1.1042e-04
Loss = 1.0441e-02, PNorm = 160.5060, GNorm = 0.1966, lr_0 = 1.1022e-04
Loss = 7.0868e-03, PNorm = 160.5136, GNorm = 0.0987, lr_0 = 1.1002e-04
Loss = 1.0805e-02, PNorm = 160.5194, GNorm = 0.1364, lr_0 = 1.0981e-04
Loss = 7.2435e-03, PNorm = 160.5253, GNorm = 0.0798, lr_0 = 1.0961e-04
Loss = 9.8079e-03, PNorm = 160.5324, GNorm = 0.1127, lr_0 = 1.0941e-04
Loss = 6.9314e-03, PNorm = 160.5401, GNorm = 0.1371, lr_0 = 1.0921e-04
Loss = 6.9608e-03, PNorm = 160.5460, GNorm = 0.0671, lr_0 = 1.0901e-04
Loss = 8.6035e-03, PNorm = 160.5499, GNorm = 0.1444, lr_0 = 1.0881e-04
Loss = 7.3382e-03, PNorm = 160.5548, GNorm = 0.1559, lr_0 = 1.0861e-04
Loss = 7.6855e-03, PNorm = 160.5621, GNorm = 0.1244, lr_0 = 1.0841e-04
Loss = 7.7983e-03, PNorm = 160.5679, GNorm = 0.0802, lr_0 = 1.0821e-04
Loss = 8.4387e-03, PNorm = 160.5722, GNorm = 0.1261, lr_0 = 1.0801e-04
Validation rmse = 1.982072
Epoch 96
Loss = 6.6725e-03, PNorm = 160.5786, GNorm = 0.0695, lr_0 = 1.0780e-04
Loss = 9.7240e-03, PNorm = 160.5823, GNorm = 0.1167, lr_0 = 1.0760e-04
Loss = 8.3205e-03, PNorm = 160.5876, GNorm = 0.1287, lr_0 = 1.0740e-04
Loss = 7.0366e-03, PNorm = 160.5920, GNorm = 0.0701, lr_0 = 1.0720e-04
Loss = 8.2273e-03, PNorm = 160.5972, GNorm = 0.0772, lr_0 = 1.0701e-04
Loss = 7.6551e-03, PNorm = 160.6035, GNorm = 0.0869, lr_0 = 1.0681e-04
Loss = 1.0934e-02, PNorm = 160.6093, GNorm = 0.1376, lr_0 = 1.0662e-04
Loss = 7.5630e-03, PNorm = 160.6167, GNorm = 0.0637, lr_0 = 1.0642e-04
Loss = 7.6772e-03, PNorm = 160.6228, GNorm = 0.0913, lr_0 = 1.0623e-04
Loss = 6.6293e-03, PNorm = 160.6294, GNorm = 0.0865, lr_0 = 1.0603e-04
Loss = 7.5150e-03, PNorm = 160.6361, GNorm = 0.1687, lr_0 = 1.0584e-04
Loss = 7.3537e-03, PNorm = 160.6437, GNorm = 0.0958, lr_0 = 1.0564e-04
Loss = 6.7945e-03, PNorm = 160.6483, GNorm = 0.0937, lr_0 = 1.0545e-04
Validation rmse = 1.957156
Epoch 97
Loss = 7.4389e-03, PNorm = 160.6533, GNorm = 0.1106, lr_0 = 1.0525e-04
Loss = 7.5216e-03, PNorm = 160.6594, GNorm = 0.0842, lr_0 = 1.0506e-04
Loss = 7.8090e-03, PNorm = 160.6644, GNorm = 0.1358, lr_0 = 1.0487e-04
Loss = 9.6315e-03, PNorm = 160.6701, GNorm = 0.1108, lr_0 = 1.0468e-04
Loss = 6.8134e-03, PNorm = 160.6785, GNorm = 0.0989, lr_0 = 1.0448e-04
Loss = 8.9818e-03, PNorm = 160.6840, GNorm = 0.1129, lr_0 = 1.0429e-04
Loss = 8.8272e-03, PNorm = 160.6884, GNorm = 0.0896, lr_0 = 1.0410e-04
Loss = 7.7648e-03, PNorm = 160.6941, GNorm = 0.1293, lr_0 = 1.0391e-04
Loss = 7.0809e-03, PNorm = 160.6997, GNorm = 0.0764, lr_0 = 1.0372e-04
Loss = 6.8868e-03, PNorm = 160.7083, GNorm = 0.0847, lr_0 = 1.0353e-04
Loss = 7.2059e-03, PNorm = 160.7141, GNorm = 0.1267, lr_0 = 1.0334e-04
Loss = 6.7854e-03, PNorm = 160.7198, GNorm = 0.1002, lr_0 = 1.0315e-04
Loss = 6.4901e-03, PNorm = 160.7255, GNorm = 0.0791, lr_0 = 1.0296e-04
Validation rmse = 1.946591
Epoch 98
Loss = 5.9215e-03, PNorm = 160.7318, GNorm = 0.0683, lr_0 = 1.0275e-04
Loss = 9.3396e-03, PNorm = 160.7368, GNorm = 0.0727, lr_0 = 1.0257e-04
Loss = 6.9787e-03, PNorm = 160.7438, GNorm = 0.1178, lr_0 = 1.0238e-04
Loss = 7.0141e-03, PNorm = 160.7507, GNorm = 0.0981, lr_0 = 1.0219e-04
Loss = 9.5180e-03, PNorm = 160.7553, GNorm = 0.0698, lr_0 = 1.0200e-04
Loss = 7.3703e-03, PNorm = 160.7619, GNorm = 0.0788, lr_0 = 1.0182e-04
Loss = 1.0209e-02, PNorm = 160.7657, GNorm = 0.0891, lr_0 = 1.0163e-04
Loss = 7.1418e-03, PNorm = 160.7702, GNorm = 0.0936, lr_0 = 1.0144e-04
Loss = 6.7304e-03, PNorm = 160.7748, GNorm = 0.0874, lr_0 = 1.0126e-04
Loss = 8.1193e-03, PNorm = 160.7823, GNorm = 0.1488, lr_0 = 1.0107e-04
Loss = 8.0776e-03, PNorm = 160.7879, GNorm = 0.0973, lr_0 = 1.0088e-04
Loss = 7.2201e-03, PNorm = 160.7933, GNorm = 0.1183, lr_0 = 1.0070e-04
Validation rmse = 1.938505
Epoch 99
Loss = 4.8202e-03, PNorm = 160.8008, GNorm = 0.0657, lr_0 = 1.0050e-04
Loss = 6.3244e-03, PNorm = 160.8080, GNorm = 0.0693, lr_0 = 1.0031e-04
Loss = 1.0494e-02, PNorm = 160.8113, GNorm = 0.0948, lr_0 = 1.0013e-04
Loss = 7.9482e-03, PNorm = 160.8160, GNorm = 0.0868, lr_0 = 1.0000e-04
Loss = 9.4065e-03, PNorm = 160.8222, GNorm = 0.1780, lr_0 = 1.0000e-04
Loss = 7.2465e-03, PNorm = 160.8277, GNorm = 0.0829, lr_0 = 1.0000e-04
Loss = 7.4656e-03, PNorm = 160.8330, GNorm = 0.1778, lr_0 = 1.0000e-04
Loss = 6.8962e-03, PNorm = 160.8385, GNorm = 0.1370, lr_0 = 1.0000e-04
Loss = 6.7798e-03, PNorm = 160.8426, GNorm = 0.0919, lr_0 = 1.0000e-04
Loss = 7.6738e-03, PNorm = 160.8481, GNorm = 0.1809, lr_0 = 1.0000e-04
Loss = 6.3954e-03, PNorm = 160.8542, GNorm = 0.1174, lr_0 = 1.0000e-04
Loss = 7.8472e-03, PNorm = 160.8597, GNorm = 0.0873, lr_0 = 1.0000e-04
Loss = 7.5887e-03, PNorm = 160.8648, GNorm = 0.0585, lr_0 = 1.0000e-04
Validation rmse = 1.994416
Model 0 best validation rmse = 1.938505 on epoch 98
Loading pretrained parameter "encoder.encoder.0.cached_zero_vector".
Loading pretrained parameter "encoder.encoder.0.W_i.weight".
Loading pretrained parameter "encoder.encoder.0.W_h.weight".
Loading pretrained parameter "encoder.encoder.0.W_o.weight".
Loading pretrained parameter "encoder.encoder.0.W_o.bias".
Loading pretrained parameter "encoder.encoder.1.cached_zero_vector".
Loading pretrained parameter "encoder.encoder.1.W_i.weight".
Loading pretrained parameter "encoder.encoder.1.W_h.weight".
Loading pretrained parameter "encoder.encoder.1.W_o.weight".
Loading pretrained parameter "encoder.encoder.1.W_o.bias".
Loading pretrained parameter "ffn.1.weight".
Loading pretrained parameter "ffn.1.bias".
Loading pretrained parameter "ffn.4.weight".
Loading pretrained parameter "ffn.4.bias".
Loading pretrained parameter "ffn.7.weight".
Loading pretrained parameter "ffn.7.bias".
Model 0 test rmse = 7.475699
Ensemble test rmse = 1.742464
1-fold cross validation
	Seed 0 ==> test rmse = 1.742464
Overall test rmse = 1.742464 +/- 0.000000
Elapsed time = 2:25:45
