Chromophore,Solvent,Absorption max (nm),log(e/mol-1 dm3 cm-1),Absorption max (nm)_model_0,log(e/mol-1 dm3 cm-1)_model_0,Absorption max (nm)_model_1,log(e/mol-1 dm3 cm-1)_model_1,Absorption max (nm)_model_2,log(e/mol-1 dm3 cm-1)_model_2,Absorption max (nm)_model_3,log(e/mol-1 dm3 cm-1)_model_3,Absorption max (nm)_model_4,log(e/mol-1 dm3 cm-1)_model_4,Absorption max (nm)_model_5,log(e/mol-1 dm3 cm-1)_model_5,Absorption max (nm)_model_6,log(e/mol-1 dm3 cm-1)_model_6,Absorption max (nm)_model_7,log(e/mol-1 dm3 cm-1)_model_7,Absorption max (nm)_model_8,log(e/mol-1 dm3 cm-1)_model_8,Absorption max (nm)_model_9,log(e/mol-1 dm3 cm-1)_model_9
C[Si](C)(C)c1cccc2ccccc12,C1CCCCC1,294.0,3.73,287.57944,3.7909107,297.19876,3.6214073,290.40344,3.7056634,292.7871,3.7954977,297.02087,3.795571,289.4969,3.6908116,285.74817,3.8648818,281.50174,3.9552767,293.62827,3.671197,288.4231,3.752093
C[SiH](C)c1cccc2ccccc12,C1CCCCC1,294.0,3.75,293.20416,3.8513036,301.9538,3.6311846,304.75537,3.6227922,296.55106,3.750392,286.72763,3.8025374,295.97052,3.7108936,285.84225,3.871606,287.1861,3.9603372,293.575,3.7069414,284.78296,3.7452166
CC(C)(C)[Si](C)(C)c1cccc2ccccc12,C1CCCCC1,295.0,3.78,292.476,3.880065,302.29724,3.6848223,303.92752,3.6717124,300.96762,3.7380414,291.01907,3.8802664,298.1145,3.7487545,298.08154,3.6793766,293.43207,3.888373,301.09717,3.745643,294.15945,3.802751
CCCCCCCC[Si](C)(C)c1cccc2ccccc12,C1CCCCC1,294.0,3.76,297.64633,3.7457614,293.28656,3.7008517,299.69577,3.7564385,298.57767,3.8421519,307.55908,3.7924552,291.72986,3.8484175,282.43134,3.8875701,289.18115,3.9838111,305.95456,3.718064,289.04248,3.7527819
C[Si](C)(C)c1ccc(C#N)c2ccccc12,C1CCCCC1,315.0,3.88,310.3258,3.8825908,329.8799,3.9144895,327.7764,3.833078,334.74197,3.7991414,335.08154,4.036702,325.13837,3.9329302,325.42276,3.863594,323.4756,3.9898272,331.0966,3.824979,339.87506,3.878316
CCC12C(=C3C(=C4c5ccc(-c6ccc(C)s6)cc5S(=O)(=O)C41CC)C(F)(F)C(F)(F)C3(F)F)c1ccc(-c3ccc(C)s3)cc1S2(=O)=O,CCCCCC,489.0,4.77815125,454.08432,4.5339036,482.77588,4.589458,461.48077,4.2560105,472.54333,4.437924,480.586,4.6900005,461.89993,4.63421,496.20065,4.73345,445.39526,4.517737,475.82614,4.611207,481.1113,4.662811
CCC12C(=C3C(=C4c5ccc(-c6ccc(C)s6)cc5S(=O)(=O)C41CC)C(F)(F)C(F)(F)C3(F)F)c1ccc(-c3ccc(C)s3)cc1S2(=O)=O,C1COCCO1,506.0,4.763427994,442.94363,4.640834,472.64917,4.649578,458.12137,4.612059,471.08337,4.6090374,467.19894,4.728344,460.69855,4.635845,483.13004,4.698579,441.47693,4.503696,470.25946,4.605955,473.01517,4.6975374
CCC12C(=C3C(=C4c5ccc(-c6ccc(C)s6)cc5S(=O)(=O)C41CC)C(F)(F)C(F)(F)C3(F)F)c1ccc(-c3ccc(C)s3)cc1S2(=O)=O,CCO,508.0,4.763427994,446.78427,4.4670644,478.2191,4.584897,462.86142,4.4173856,479.2623,4.315033,470.6264,4.658072,461.6633,4.5995,492.70944,4.703959,443.32587,4.5021706,472.7752,4.5973625,469.71274,4.5737934
CCC12C(=C3C(=C4c5ccc(-c6ccc(C)s6)cc5S(=O)(=O)C41CC)C(F)(F)C(F)(F)C3(F)F)c1ccc(-c3ccc(C)s3)cc1S2(=O)=O,CC#N,507.0,4.755874856,441.68704,4.466617,474.4345,4.5907764,462.72705,4.473476,470.9003,4.496139,472.04095,4.688496,462.48148,4.5908856,490.14127,4.7108088,441.69406,4.503025,475.11264,4.5897436,476.05457,4.626288
ClP1(Cl)=NP(Cl)(Cl)=NP(Cl)(Oc2ccc3ccc4cccc5ccc2c3c45)=N1,ClCCl,343.0,4.439332694,312.68192,4.5015035,346.9094,4.013534,332.48517,4.2655063,346.3759,4.429567,374.27213,4.0240498,334.80222,4.464907,406.65503,3.6355371,334.9375,4.444685,352.0349,4.247301,328.46042,4.4293747
ClP1(Cl)=N[P@](Cl)(Oc2ccc3ccc4cccc5ccc2c3c45)=N[P@@](Cl)(Oc2ccc3ccc4cccc5ccc2c3c45)=N1,ClCCl,343.0,4.607883744,334.97162,4.815196,349.06705,4.6648817,344.67096,4.733926,346.09045,4.767992,385.53806,4.5884066,347.3235,4.7637978,381.6435,4.277831,352.46625,4.6897807,356.35843,4.7065125,348.9952,4.6779213
COc1ccccc1-c1nc(-c2ccccc2)c2ccccn12,CC#N,374.0,4.37,362.2602,4.0038385,366.01727,4.04642,365.20624,4.0709095,352.97165,4.0669374,359.72058,4.204021,365.1766,4.001506,367.827,4.0788646,352.63632,4.054691,380.06152,3.8803663,337.0748,4.281552
C(=C/c1nc(-c2ccccc2)c2ccccn12)\c1nc(-c2ccccc2)c2ccccn12,CC#N,438.0,4.35,406.4402,4.342614,414.844,4.378176,374.60336,4.449025,391.91553,4.5590954,407.63098,4.4753504,388.661,4.2519493,459.87366,4.2149253,402.8563,4.4667816,392.371,4.4461102,391.2715,4.1221495
CCCCCCCCCCCCN1C(=O)c2cccc3c(N(Cc4ccccn4)Cc4ccccn4)c4ccccc4c(c23)C1=O,CCO,488.0,3.982723388,457.0031,4.0694485,459.08368,4.0868325,478.4608,4.044644,487.23083,3.8966434,481.1422,4.1767035,461.70483,3.9385655,465.1037,4.0946584,458.56122,4.154867,496.85748,4.115956,465.89697,4.0362124
CCCCCCCCCCCCN1C(=O)c2cccc3c(N(Cc4ccccn4)Cc4ccccn4)c4ccccc4c(c23)C1=O,CCCCCC,480.0,3.970811611,454.10117,4.0921082,455.12463,4.0729766,452.42657,4.1054697,470.34744,3.99523,477.30994,4.226942,456.19342,4.018884,454.60318,4.147436,460.35623,4.1478453,491.9299,4.125762,459.12927,4.0572896
CCCCCCCCCCCCN1C(=O)c2cccc3c(N(Cc4ccccn4)Cc4ccccn4)c4ccccc4c(c23)C1=O,Cc1ccccc1,492.0,3.925312091,459.51593,4.117585,463.14603,4.13853,465.24023,4.219452,497.54297,4.0056095,481.25677,4.214684,464.18103,3.9682226,462.36728,4.051966,465.10962,4.1534805,495.13773,4.116439,475.13498,4.115507
CCCCCCCCCCCCN1C(=O)c2cccc3c(N(Cc4ccccn4)Cc4ccccn4)c4ccccc4c(c23)C1=O,ClCCl,500.0,3.964730921,457.74872,4.14141,463.98132,4.176304,479.41714,4.2114406,497.1431,4.1434064,483.02118,4.2315016,467.1727,4.0490108,465.86176,4.168803,462.01962,4.1356177,500.38263,4.155064,470.19205,4.1285815
CCCCCCCCCCCCN1C(=O)c2cccc3c(N(Cc4ccccn4)Cc4ccccn4)c4ccccc4c(c23)C1=O,C1CCOC1,497.0,3.909556029,459.2715,4.1089454,462.45157,4.1724243,465.02307,4.24778,487.2137,3.976835,476.43936,4.2687073,462.78845,4.0448995,461.74402,4.1352887,462.1834,4.150132,497.1466,4.1295357,461.5107,4.0751805
c1ccc2[nH]ccc2c1,O,270.0,3.77815125,261.40463,3.773118,258.51407,3.6994278,260.22437,3.8007257,271.72006,3.7835948,250.98991,3.6480014,261.55536,3.7584767,257.2749,3.7609096,270.9121,3.7628496,261.20352,3.8210654,249.07298,3.568532
N#Cc1ccc2cc[nH]c2c1,O,285.0,4.017033339,276.5226,3.8794043,286.09277,3.8124125,279.1734,3.8503118,289.84576,3.8809102,284.60358,3.7549405,282.1101,3.7841299,284.9488,3.8259428,292.39008,3.891948,291.37054,3.7677395,274.00873,3.7555718
N#Cc1c[nH]c2ccccc12,C1COCCO1,277.3006135,4.118778428,305.00952,4.1030297,322.9746,4.0437193,297.08728,4.102229,308.73154,3.9630458,309.09067,4.0718675,308.5111,3.9112575,298.7874,4.027686,309.32306,3.9446974,312.3153,4.044767,304.15857,3.915485
N#Cc1ccc2cc[nH]c2c1,C1COCCO1,284.3558282,4.009079658,280.83157,4.1352177,284.9815,4.076817,275.67773,4.0643964,286.8316,4.017591,291.59003,3.8865364,283.79852,4.0016704,283.75122,4.015822,285.9331,4.072598,299.56396,4.034533,284.8885,3.819541
N#Cc1c[nH]c2ccccc12,CC#N,276.25,4.038043354,302.89276,3.995345,321.76105,3.9488585,305.47836,4.003852,305.1634,4.0452027,302.03735,4.019728,308.55566,3.939978,302.1976,4.032099,313.0741,3.932259,311.4798,3.9422803,300.79315,3.9388285
N#Cc1ccc2cc[nH]c2c1,CC#N,285.0,4.190134336,274.79758,3.9352875,279.23517,3.8571577,281.539,3.9418774,290.39813,4.075458,284.5376,3.7891939,283.2632,3.9803646,287.38116,4.0004244,290.29303,4.0735264,297.15942,3.8758488,279.35535,3.7831154
CCOC(=O)CN1C(=O)C2=C(c3ccc(N4CCCCC4)cc3)N(CC(=O)OCC)C(=O)C2=C1c1ccccc1,CS(C)=O,516.0,4.507855872,525.5531,4.587505,514.0244,4.491097,539.0669,4.602436,542.22797,4.632039,530.7324,4.5285797,526.8507,4.549087,529.71625,4.596608,497.70657,4.51046,507.16492,4.483613,515.62335,4.56464
CCOC(=O)CN1C(=O)C2=C(c3ccc(N4CCCCC4)cc3)N(CC(=O)OCC)C(=O)C2=C1c1ccccc1,CC#N,500.0,4.549003262,522.6565,4.5961804,503.90735,4.4990783,521.7768,4.5712824,523.0624,4.529958,516.6228,4.543352,515.7002,4.557813,526.4394,4.5930834,493.78467,4.5136566,503.3264,4.5077276,510.14352,4.5818353
CCOC(=O)CN1C(=O)C2=C(c3ccc(N4CCCCC4)cc3)N(CC(=O)OCC)C(=O)C2=C1c1ccccc1,Cc1ccccc1,499.0,4.544068044,515.9761,4.563249,506.86084,4.4852214,529.37396,4.593397,523.7968,4.565457,527.17,4.581206,525.9513,4.6056094,530.9263,4.61548,499.81784,4.538316,509.28516,4.571172,514.5192,4.626024
FC(F)(F)C(F)(F)C(F)(F)C(F)(F)C(F)(F)C(F)(F)C(F)(F)C(F)(F)CCOc1nnc(Cl)nn1,ClCCl,519.0,2.949390007,538.5505,2.88025,475.85025,3.6762033,534.59937,2.7669604,529.77185,2.818112,551.74634,2.691674,529.3395,3.0527084,542.3985,2.7437687,524.20447,3.163525,528.1858,2.8925064,523.052,2.8766541
C=CCOc1nnc(OCCC(F)(F)C(F)(F)C(F)(F)C(F)(F)C(F)(F)C(F)(F)F)nn1,ClCCl,526.0,2.73239376,511.6245,2.616476,456.0476,3.7046463,504.51178,2.6779804,514.04535,2.7084298,525.09766,2.5432882,515.25494,2.7832167,522.09644,2.7549825,497.75403,2.853666,518.00085,2.6952918,507.31763,2.8921723
CCCCCCN1C(=O)c2cccc3c(-c4ccc(C)s4)ccc(c23)C1=O,ClC(Cl)Cl,385.0,4.196,376.58707,4.22367,377.76004,4.2577534,383.18893,4.159244,381.96997,4.306451,369.61264,4.182309,374.49622,4.1918454,382.76318,4.178601,366.88614,4.229803,370.2302,4.2246547,371.9159,4.1032543
COc1ccc2cc(-c3cccc(-c4cc5ccc(OC)cc5oc4=O)c3)c(=O)oc2c1,ClC(Cl)Cl,344.0,4.650307523,364.2543,4.622843,360.6021,4.6816287,365.47952,4.6276884,357.86166,4.6647816,348.84747,4.7322755,373.40372,4.7582974,364.35858,4.761721,370.35254,4.7308927,366.84387,4.7161317,356.5797,4.6261916
O=c1oc2ccccc2cc1-c1ccc(-c2cc3ccccc3oc2=O)cc1,ClC(Cl)Cl,346.0,4.562292864,331.18286,4.562479,328.27902,4.4590025,325.1292,4.6025915,333.64932,4.654655,329.47586,4.553118,340.48508,4.756363,326.54874,4.684347,348.59122,4.6209416,331.71796,4.5341306,327.90192,4.4871106
COc1ccc2cc(-c3ccccc3CC#N)c(=O)oc2c1,ClC(Cl)Cl,336.0,4.294466226,332.54376,4.370706,335.9453,4.4238834,337.84625,4.329079,333.52155,4.3890085,333.91626,4.443599,330.97287,4.2849936,337.93597,4.430367,327.75513,4.493546,350.39877,4.433475,342.69504,4.4255643
COc1cc(OC)c2cc(-c3ccccc3CC#N)c(=O)oc2c1,ClC(Cl)Cl,342.0,4.36361198,351.161,4.238312,343.03928,4.3891,342.7442,4.341698,348.36508,4.3159914,345.4618,4.358691,349.6293,4.2345986,351.5785,4.3238864,333.66428,4.4149194,356.81244,4.325729,350.34125,4.385492
CC1(C)c2ccccc2-c2ccc(N3c4ccc(-c5ccc(/C=C6\C(=O)c7ccc(C(=O)O)cc7C6=O)s5)cc4C4CCCC43)cc21,ClC(Cl)Cl,608.0,4.792391689,473.23306,4.1548142,572.3576,4.612764,557.60815,4.651695,578.6665,4.7689166,572.2157,4.658067,542.7572,4.618977,557.7312,4.5674524,560.54663,4.6912284,560.2462,4.621424,482.97556,4.3703156
c1cc2c3c(cccc3c1)C(N1CCOCCNCCOCCOCC1)=N2,CC#N,427.0,3.691876823,399.73605,3.7383666,385.5195,4.179853,411.32532,3.6668844,412.4812,3.7064047,412.64822,3.830766,398.83023,3.6599855,399.14438,3.6213133,404.63712,3.8230295,423.64,3.6974406,408.92966,3.714243
CS(=O)(=O)Nc1ccc(-c2c3nc(c(-c4ccc(NS(C)(=O)=O)cc4)c4ccc([nH]4)c(-c4ccc(NS(C)(=O)=O)cc4)c4nc(c(-c5ccc(NS(C)(=O)=O)cc5)c5ccc2[nH]5)C=C4)C=C3)cc1,CN(C)C=O,650.0,3.792391689,661.1383,3.5903013,669.48914,3.9039702,621.69196,4.28855,668.48846,3.784102,673.14026,3.751425,654.06323,3.7756977,639.539,3.771098,638.8092,3.480731,659.2384,3.7672944,657.56635,3.6935782
CCCCCCCCCCCCCCCCN(CCCCCCCCCCCCCCCC)c1ccc(/C=C/c2cc[n+](Cc3cc(C[n+]4ccc(/C=C/c5ccc(N(CCCCCCCCCCCCCCCC)CCCCCCCCCCCCCCCC)cc5)cc4)cc(C[n+]4ccc(/C=C/c5ccc(N(CCCCCCCCCCCCCCCC)CCCCCCCCCCCCCCCC)cc5)cc4)c3)cc2)cc1,CO,509.0,4.477121255,442.9008,4.7675524,454.72253,4.8376427,476.6778,4.587993,477.33038,5.0859203,465.9127,5.220086,457.61368,4.861367,511.44568,4.8964467,509.69324,6.379112,443.61475,5.0390043,483.87067,5.211708
CCCCCCCCCCCCCCCCN(CCCCCCCCCCCCCCCC)c1ccc(/C=C/c2cc[n+](Cc3cc(C[n+]4ccc(/C=C/c5ccc(N(CCCCCCCCCCCCCCCC)CCCCCCCCCCCCCCCC)cc5)cc4)cc(C[n+]4ccc(/C=C/c5ccc(N(CCCCCCCCCCCCCCCC)CCCCCCCCCCCCCCCC)cc5)cc4)c3)cc2)cc1,CCO,508.0,4.77815125,438.54648,4.769411,448.76453,4.8261166,466.15524,4.584846,481.5493,5.1510105,458.07376,5.2334723,455.77554,4.856309,509.68347,4.905965,495.94714,6.338008,433.75302,5.051869,482.14352,5.2054825
CCCCCCCCCCCCCCCCN(CCCCCCCCCCCCCCCC)c1ccc(/C=C/c2cc[n+](Cc3cc(C[n+]4ccc(/C=C/c5ccc(N(CCCCCCCCCCCCCCCC)CCCCCCCCCCCCCCCC)cc5)cc4)cc(C[n+]4ccc(/C=C/c5ccc(N(CCCCCCCCCCCCCCCC)CCCCCCCCCCCCCCCC)cc5)cc4)c3)cc2)cc1,CCCO,508.0,4.812913357,443.90442,4.8507905,451.74698,4.8545203,469.7022,4.701808,493.5408,5.2349744,464.38736,5.2707844,457.52945,4.927785,521.3862,4.9495506,494.77567,6.3147025,437.0378,5.0408845,484.31555,5.2382965
CCCCCCCCCCCCCCCCN(CCCCCCCCCCCCCCCC)c1ccc(/C=C/c2cc[n+](Cc3cc(C[n+]4ccc(/C=C/c5ccc(N(CCCCCCCCCCCCCCCC)CCCCCCCCCCCCCCCC)cc5)cc4)cc(C[n+]4ccc(/C=C/c5ccc(N(CCCCCCCCCCCCCCCC)CCCCCCCCCCCCCCCC)cc5)cc4)c3)cc2)cc1,CCCCO,507.0,4.826074803,441.10342,4.8246903,454.35394,4.8817863,469.61307,4.717708,492.44638,5.240311,467.06915,5.257716,454.16245,4.9352164,518.61096,4.9321146,500.68048,6.334335,437.64072,5.0201955,485.1831,5.2340326
CCCCCCCCCCCCCCCCN(CCCCCCCCCCCCCCCC)c1ccc(/C=C/c2cc[n+](Cc3cc(C[n+]4ccc(/C=C/c5ccc(N(CCCCCCCCCCCCCCCC)CCCCCCCCCCCCCCCC)cc5)cc4)cc(C[n+]4ccc(/C=C/c5ccc(N(CCCCCCCCCCCCCCCC)CCCCCCCCCCCCCCCC)cc5)cc4)c3)cc2)cc1,CC(C)O,506.0,4.84509804,439.1133,4.779455,452.82782,4.8827934,459.78668,4.5930443,482.94455,5.157458,459.36993,5.25036,463.80112,4.8778386,519.2271,4.9070206,496.8845,6.336656,449.5106,5.1450396,486.06726,5.189971
CCCCCCCCCCCCCCCCN(CCCCCCCCCCCCCCCC)c1ccc(/C=C/c2cc[n+](Cc3cc(C[n+]4ccc(/C=C/c5ccc(N(CCCCCCCCCCCCCCCC)CCCCCCCCCCCCCCCC)cc5)cc4)cc(C[n+]4ccc(/C=C/c5ccc(N(CCCCCCCCCCCCCCCC)CCCCCCCCCCCCCCCC)cc5)cc4)c3)cc2)cc1,CCCCCCCCO,498.0,4.806179974,441.92798,4.808384,452.71515,4.872875,466.69507,4.6869,490.8584,5.2328806,468.3896,5.256293,450.16113,4.920211,517.8518,4.911799,495.79956,6.2913837,439.10413,4.979193,483.00342,5.2217097
CCCCCCCCCCCCCCCCN(CCCCCCCCCCCCCCCC)c1ccc(/C=C/c2cc[n+](Cc3cc(C[n+]4ccc(/C=C/c5ccc(N(CCCCCCCCCCCCCCCC)CCCCCCCCCCCCCCCC)cc5)cc4)cc(C[n+]4ccc(/C=C/c5ccc(N(CCCCCCCCCCCCCCCC)CCCCCCCCCCCCCCCC)cc5)cc4)c3)cc2)cc1,CS(C)=O,486.0,4.740362689,437.11282,4.7171574,464.03046,4.8516445,478.87314,4.7273636,481.90643,5.1754866,464.1361,5.2089467,457.52237,4.880552,513.98474,4.957463,494.26178,6.3025355,445.40863,5.0470867,497.7402,5.1246967
CCCCCCCCCCCCCCCCN(CCCCCCCCCCCCCCCC)c1ccc(/C=C/c2cc[n+](Cc3cc(C[n+]4ccc(/C=C/c5ccc(N(CCCCCCCCCCCCCCCC)CCCCCCCCCCCCCCCC)cc5)cc4)cc(C[n+]4ccc(/C=C/c5ccc(N(CCCCCCCCCCCCCCCC)CCCCCCCCCCCCCCCC)cc5)cc4)c3)cc2)cc1,ClCCl,516.0,4.785329835,433.35046,4.698032,453.03287,4.870392,471.8451,4.7174506,494.41965,5.301024,458.7055,5.2661896,454.86127,4.9219885,513.1557,4.9501195,495.82135,6.2918615,440.9058,5.0941644,486.12057,5.236753
CCCCCCCCCCCCCCCCN(CCCCCCCCCCCCCCCC)c1ccc(/C=C/c2cc[n+](Cc3cc(C[n+]4ccc(/C=C/c5ccc(N(CCCCCCCCCCCCCCCC)CCCCCCCCCCCCCCCC)cc5)cc4)cc(C[n+]4ccc(/C=C/c5ccc(N(CCCCCCCCCCCCCCCC)CCCCCCCCCCCCCCCC)cc5)cc4)c3)cc2)cc1,ClC(Cl)Cl,514.0,4.770852012,433.89368,4.758011,457.32556,4.914216,476.11282,4.794795,499.74188,5.3954597,463.37625,5.300434,460.45715,4.959378,525.3182,4.976358,498.705,6.3962517,454.28568,5.1836905,493.6521,5.2668276
CCCCCCCCCCCCCCCCN(CCCCCCCCCCCCCCCC)c1ccc(/C=C/c2cc[n+](Cc3cc(C[n+]4ccc(/C=C/c5ccc(N(CCCCCCCCCCCCCCCC)CCCCCCCCCCCCCCCC)cc5)cc4)cc(C[n+]4ccc(/C=C/c5ccc(N(CCCCCCCCCCCCCCCC)CCCCCCCCCCCCCCCC)cc5)cc4)c3)cc2)cc1,C1COCCO1,482.0,4.69019608,427.0797,4.6259003,450.06183,4.7389507,462.79443,4.6856675,481.5921,5.234211,453.68805,5.1617146,448.18353,4.874187,494.26733,4.8007407,490.57822,6.150272,425.70374,4.920994,483.3585,5.1730394
CCCCCCCCCCCCCCCCN(CCCCCCCCCCCCCCCC)c1ccc(/C=C/c2cc[n+](Cc3cc(C[n+]4ccc(/C=C/c5ccc(N(CCCCCCCCCCCCCCCC)CCCCCCCCCCCCCCCC)cc5)cc4)cc(C[n+]4ccc(/C=C/c5ccc(N(CCCCCCCCCCCCCCCC)CCCCCCCCCCCCCCCC)cc5)cc4)c3)cc2)cc1,c1ccccc1,484.0,4.662757832,432.27292,4.88133,443.9902,4.8965034,474.1146,4.7992125,476.14105,5.185634,456.75128,5.290534,453.61426,4.95901,497.42017,5.0198803,498.16882,6.2811136,431.53412,5.0591316,480.64218,5.3006845
CCCCCCCCCCCCCCCCN(CCCCCCCCCCCCCCCC)c1ccc(/C=C/c2cc[n+](Cc3cc(C[n+]4ccc(/C=C/c5ccc(N(CCCCCCCCCCCCCCCC)CCCCCCCCCCCCCCCC)cc5)cc4)cc(C[n+]4ccc(/C=C/c5ccc(N(CCCCCCCCCCCCCCCC)CCCCCCCCCCCCCCCC)cc5)cc4)c3)cc2)cc1,Cc1ccccc1,483.0,4.748188027,431.85345,4.905894,441.18668,4.9142,465.598,4.780146,476.6065,5.178585,455.90558,5.2909384,443.39362,4.9732733,498.82495,5.021595,497.69797,6.292749,428.586,5.037389,480.59113,5.3397174
CCCCCCCCCCCCCCCCN(CCCCCCCCCCCCCCCC)c1ccc(/C=C/c2cc[n+](Cc3cc(C[n+]4ccc(/C=C/c5ccc(N(CCCCCCCCCCCCCCCC)CCCCCCCCCCCCCCCC)cc5)cc4)cc(C[n+]4ccc(/C=C/c5ccc(N(CCCCCCCCCCCCCCCC)CCCCCCCCCCCCCCCC)cc5)cc4)c3)cc2)cc1,Cc1ccc(C)cc1,483.0,4.755874856,431.70444,4.9963675,435.82843,4.972437,453.10468,4.814558,474.37094,5.165542,454.93832,5.288423,439.4985,4.983091,500.2087,5.0241055,497.01535,6.3004227,427.13458,5.0227566,480.12036,5.3606234
CCCCCCCCCCCCCCCCN(CCCCCCCCCCCCCCCC)c1ccc(/C=C/c2cc[n+](Cc3cc(C[n+]4ccc(/C=C/c5ccc(N(CCCCCCCCCCCCCCCC)CCCCCCCCCCCCCCCC)cc5)cc4)cc(C[n+]4ccc(/C=C/c5ccc(N(CCCCCCCCCCCCCCCC)CCCCCCCCCCCCCCCC)cc5)cc4)c3)cc2)cc1,CCCCCC,481.0,4.653212514,427.4345,4.778829,444.60803,4.8419604,453.2021,4.730905,473.55978,5.2083635,451.1851,5.2321563,440.0145,4.9065447,507.7856,4.9456697,491.642,6.3058305,427.13687,4.957378,477.264,5.233677
CCCCCCCCCCCCN1C(=O)c2ccc3c4ccc5c6c(ccc(c7ccc(c2c37)C1=O)c64)C(=O)NC5=O,CN(C)C=O,522.0,4.944018519,520.60956,4.6975036,516.0533,4.8036795,521.435,4.745743,523.37067,4.784664,522.5453,4.8109746,514.78094,4.8079143,527.7474,4.7290893,534.47644,4.7837014,525.1547,4.782677,515.8013,4.8599553
Cc1cc(=O)oc2cc(/[NH+]=C/C=C3/C=C(C(=O)O)NC(C(=O)O)C3)ccc12,O,520.0,4.812913357,419.75897,3.9936547,512.9477,4.3801823,463.91818,4.1729646,449.5808,4.232712,509.89905,4.2825007,505.43628,4.4575567,478.99915,4.3412976,487.2051,4.187976,497.24487,4.429482,476.61734,4.385305
O=C(O)C1=C/C(=C/C=[NH+]/c2ccc3c(C(F)(F)F)cc(=O)oc3c2)CC(C(=O)O)N1,O,519.0,4.812913357,440.84933,4.0734234,542.7157,4.4440336,487.92194,4.2481866,475.64413,4.259394,541.06,4.2718806,523.0529,4.454466,488.96255,4.364019,529.2413,4.2926774,523.20294,4.504514,515.458,4.446312
COc1ccc2cc(C#CC3=C4CCc5ccccc5C4=[O+][B-](F)(F)O3)ccc2c1,ClCCl,457.0,4.611723308,433.97607,4.5627155,448.3559,4.5388284,439.1534,4.481709,451.63385,4.6316833,422.84454,4.4464035,436.98825,4.610417,469.65128,4.5296097,401.1138,4.507291,441.8798,4.494804,444.65326,4.6195774
O=C1/C(=C2\Sc3ccc(S(=O)(=O)O)cc3C2=O)Sc2ccc(S(=O)(=O)O)cc21,CS(C)=O,553.0,4.032215703,548.7914,4.104748,538.9137,4.210363,558.46277,4.210804,557.9391,4.1203136,586.61084,4.104564,564.9512,4.1564946,558.6778,4.243021,524.81287,4.023663,568.77576,4.234517,526.41345,4.1290197
O=C1/C(=C2\Sc3ccc(S(=O)(=O)O)cc3C2=O)Sc2ccc(S(=O)(=O)O)cc21,O,546.0,4.056523724,523.6349,4.0230846,519.18176,4.1802387,557.7313,4.1670494,541.5771,4.216337,564.9746,4.0728993,551.12274,4.164557,545.6663,4.2681108,515.6933,3.9031873,565.90674,4.2829375,524.38544,4.150799
O=C1/C(=C2\Sc3ccc(S(=O)(=O)O)cc3C2=O)Sc2ccc(S(=O)(=O)O)cc21,CO,553.0,4.059184618,542.9437,4.1174583,532.38043,4.142285,564.10876,4.2421255,537.57184,4.0307937,568.99365,4.132964,565.3347,4.178295,547.5016,4.248786,513.96375,4.0550838,574.5735,4.3056927,533.58887,4.1611295
CCCCn1c(-c2ccc(-c3nnc(-c4ccccc4)o3)cc2)nc(-c2ccccc2)c1-c1ccccc1,ClCCl,339.0,4.43,336.83716,4.162591,331.18796,4.401343,339.4521,2.5298233,336.40475,2.9248633,342.68002,4.4474654,312.48026,4.160695,347.9713,4.034456,337.97345,4.375377,332.20242,4.0396795,311.37122,4.2310486
CCCCn1c(-c2ccc(-c3nnc(-c4ccc5ccccc5c4)o3)cc2)nc2c3ccccc3c3ccccc3c21,ClCCl,363.0,4.41,375.4212,1.9604101,380.37714,4.0066533,363.79932,3.166819,365.9168,3.478033,380.6429,3.6676548,353.92767,3.5192673,370.56525,3.8482358,385.46667,3.8519495,380.92978,3.828433,373.59833,3.2409377
COc1c2ccccc2c(OC)c2c1c1ccccc1n2C,C1CCCCC1,405.0,3.740362689,390.09082,3.7049832,400.34537,3.7152426,407.9696,3.6695032,401.25064,3.7098622,402.42764,3.7656958,409.30118,3.6814167,407.91125,3.743829,405.90475,3.8609965,405.807,3.5188076,403.10907,3.8808622
COc1c2ccccc2c(OC)c2c1c1c(C)ccc(OC)c1n2C,C1CCCCC1,417.0,3.62324929,399.43262,3.939286,406.82825,3.934037,403.9976,3.9913306,400.71347,4.1088767,396.67157,4.1103606,388.23462,3.9329922,408.28375,3.938738,407.9361,4.039033,403.213,3.8785133,401.27835,4.090226
COc1c2ccccc2c(OC)c2c1c1ccc(C(F)(F)F)cc1n2C,C1CCCCC1,416.0,3.806179974,384.4474,3.7356105,394.20422,3.7974494,401.99533,3.8476992,398.60675,3.7203233,395.95758,3.68529,408.80978,3.9372764,391.07217,3.7011716,399.4904,3.943259,392.82574,3.6795568,386.2565,3.7827806
COc1c2ccccc2c(OC)c2c1c1cc(F)ccc1n2C,C1CCCCC1,415.0,3.857332496,393.01828,3.5971363,402.20966,3.7525268,412.48346,3.7140636,408.92233,3.717413,407.31943,3.8901782,411.25317,3.6739001,409.63513,3.91791,399.8517,3.826485,404.39835,3.591048,406.00735,3.7730036
[O-][n+]1c(/C=C/c2ccccc2)nc(Nc2ccccc2)c2c1CCCC2,ClCCl,416.0,3.079181246,400.55902,3.4116435,395.73206,3.7582426,387.701,3.7706463,403.55826,3.783717,416.47412,3.6191459,416.54803,3.5098782,397.6789,3.5722127,389.0724,3.8232574,399.93817,3.7267914,402.25677,3.6505346
COc1ccc(Nc2nc(/C=C/c3ccccc3)[n+]([O-])c3c2CCCC3)cc1,ClCCl,420.0,3.633468456,413.91635,3.5446935,396.35162,3.8584013,400.6896,4.0242133,412.3014,3.8502166,427.152,3.6668339,429.15863,3.6111789,408.99594,3.628315,391.3547,3.9125688,405.5195,3.8983746,409.73935,3.7770457
[O-][n+]1c(-c2ccccc2)cc(N2CCOCC2)nc1/C=C/c1ccccc1,ClCCl,445.0,3.62324929,438.42197,3.4538023,437.43832,3.5291493,395.8466,4.052049,441.58203,3.4366407,438.82666,3.5617957,428.40338,3.843567,447.46512,3.5342693,440.42984,3.6906786,438.926,3.606,435.9895,3.509544
C(=C/c1nc2c(c(N3CCOCC3)n1)CCCC2)\c1ccccc1,ClCCl,284.0,3.278753601,339.60583,3.784227,333.49756,3.783821,370.3898,3.778329,353.89355,3.775136,358.88626,3.6959357,355.33124,3.8226762,365.68872,3.8221548,336.58478,4.0394797,339.77127,4.066891,325.5266,4.02669
COc1ccc2cc(C#N)c(=N)oc2c1,ClCCl,358.0,4.190331698,354.36072,4.2047496,369.01782,4.1183243,363.48108,4.0531483,366.56934,4.076621,355.11597,3.9592927,358.0607,4.2335777,367.86002,4.0530143,345.1176,4.188174,358.86926,4.22367,358.3477,4.084164
COc1cc(OC)c2cc(C#N)c(=N)oc2c1,ClCCl,372.0,4.315970345,373.77393,4.140526,365.714,4.3264832,372.59723,4.2920537,372.38232,4.2242146,364.51138,4.097055,365.51364,4.25279,369.64642,4.186934,360.42908,4.1588125,383.20807,4.254401,365.50787,4.135906
CCOC(=O)/N=c1/oc2c(OC)cccc2cc1C#N,ClCCl,374.0,3.380211242,366.89032,3.8253672,379.12726,3.9443097,372.12894,3.8823256,367.24915,3.8582952,375.1164,3.900899,375.39255,3.9933724,383.42004,3.7108212,356.2826,4.0057583,402.80078,3.7940414,360.8745,3.8538885
CCN(CC)c1ccc2cc(C#N)c(=O)oc2c1,ClCCl,428.0,4.668385917,416.96094,4.5454583,415.4611,4.56109,404.29807,4.606115,431.46085,4.58878,428.7709,4.566434,411.4046,4.7374153,399.89636,4.447213,404.0072,4.54243,416.1753,4.7831936,408.86884,4.619156
CCN(CC)c1ccc2ccc(=O)oc2c1,ClCCl,376.0,4.471291711,372.97177,4.3840003,380.4884,4.5343757,380.8901,4.3995733,380.7539,4.4341383,373.5366,4.391452,369.53888,4.577605,372.98972,4.3020096,365.71536,4.4581623,373.4503,4.7092714,395.3266,4.5951567
NCc1ccc2ccc3cccc4ccc1c2c34,C1CCCCC1,342.0,3.48,347.09082,4.672502,351.17343,4.638393,356.02777,4.548691,352.77402,4.6791296,351.04102,4.6800556,344.24866,4.6691256,349.83292,4.782901,349.0894,4.3841667,342.78687,4.635961,346.76004,4.649272
NCc1ccc2ccc3cccc4ccc1c2c34,CO,340.0,4.55,348.6283,4.390132,346.99042,4.5792055,358.00363,4.5210857,351.37976,4.6667905,349.00763,4.510846,344.14813,4.81043,336.66785,4.552698,338.64737,4.4174376,343.1552,4.525218,332.10165,4.5153794
NCc1ccc2ccc3cccc4ccc1c2c34,CC#N,341.0,4.54,346.12372,4.741548,349.9969,4.705837,355.88943,4.572494,350.10785,4.709038,351.10605,4.678352,345.03824,4.662441,352.658,4.8176837,344.08865,4.4484115,349.64368,4.792476,340.0085,4.5947547
NCc1ccc2ccc3cccc4ccc1c2c34,ClC(Cl)Cl,344.0,4.18,347.06854,4.4827433,350.41653,4.6292024,357.59412,4.3835816,350.7329,4.660504,348.28204,4.467156,341.9718,4.5303617,351.78732,4.7347074,346.43088,4.367679,344.56506,4.589604,342.9591,4.541238
CC1(C)CC(NCc2ccc3ccc4cccc5ccc2c3c45)CC(C)(C)N1,C1CCCCC1,374.0,4.61,334.5971,4.5298166,332.63736,4.4196596,338.71774,4.5063624,346.0833,4.5344834,339.1801,4.484876,341.29874,4.5097136,338.35272,4.635558,345.25507,4.481481,337.3947,4.5105877,348.20844,4.571765
CC1(C)CC(NCc2ccc3ccc4cccc5ccc2c3c45)CC(C)(C)N1,CO,374.0,4.41,334.38757,4.3646297,335.32,4.2400694,340.29996,4.3772917,340.89032,4.4266276,332.38745,4.3211155,343.89642,4.477232,330.97726,4.5619826,339.43832,4.5438724,335.29602,4.4928274,342.9509,4.581272
CC1(C)CC(NCc2ccc3ccc4cccc5ccc2c3c45)CC(C)(C)N1,CC#N,374.0,4.61,333.15955,4.567158,330.80396,4.4949284,342.49072,4.5195403,342.03668,4.599004,338.4455,4.48091,338.25314,4.580467,339.7087,4.616103,344.20203,4.4921017,338.55435,4.5819592,345.65274,4.574019
CC1(C)CC(NCc2ccc3ccc4cccc5ccc2c3c45)CC(C)(C)N1,ClC(Cl)Cl,389.0,4.55,338.06396,4.4153376,342.24756,4.5421047,342.4723,4.449092,346.329,4.539763,338.6535,4.4292407,344.31317,4.4557185,347.0894,4.58834,344.7552,4.4973087,342.51892,4.524052,349.68338,4.5455337
CC1(C)CC(/N=C/c2ccc3ccc4cccc5ccc2c3c45)CC(C)(C)N1[O],C1CCCCC1,360.0,4.42,369.24707,4.5027933,365.28604,4.4835844,362.89728,4.523233,355.08096,4.5194573,370.24817,4.4776645,364.81082,4.442674,371.30707,4.533141,367.58557,4.4373913,372.19296,4.5215993,368.4234,4.529671
CC1(C)CC(/N=C/c2ccc3ccc4cccc5ccc2c3c45)CC(C)(C)N1[O],CO,359.0,4.43,361.40118,4.380292,363.36557,4.390238,362.19507,4.3659453,356.7329,4.2966495,361.967,4.262191,369.44333,4.389887,371.6936,4.4416275,361.0332,4.4713635,371.84558,4.4938874,362.18198,4.56777
CC1(C)CC(/N=C/c2ccc3ccc4cccc5ccc2c3c45)CC(C)(C)N1[O],CC#N,359.0,4.33,363.02997,4.567664,360.12634,4.539442,364.3474,4.5956755,356.35315,4.4936175,367.65192,4.4868402,370.02567,4.4994555,372.59378,4.5881934,367.25687,4.460921,373.82397,4.5854707,363.87213,4.5458937
CC1(C)CC(/N=C/c2ccc3ccc4cccc5ccc2c3c45)CC(C)(C)N1[O],ClC(Cl)Cl,362.0,4.28,371.10263,4.4599624,374.37637,4.556926,365.30295,4.524546,360.6306,4.469529,368.8221,4.4295588,371.93732,4.419395,378.33163,4.468525,366.40756,4.443195,376.15933,4.5365114,370.42892,4.496305
C(=C/c1nc2ccccc2[nH]1)\c1ccc(/C=C/c2nc3ccccc3[nH]2)cc1,C1CCOC1,389.0,4.723455672,358.08588,4.748598,367.59155,4.925743,362.8395,4.933027,358.62695,4.524237,339.96527,4.8102927,355.42993,5.0193834,346.3694,4.9992523,356.50418,4.8342013,367.26434,4.853621,365.90402,4.7753963
C(=C/c1nc2ccccc2[nH]1)\c1ccc(/C=C/c2nc3ccccc3[nH]2)cc1,CN(C)C=O,390.0,4.712649702,347.8158,4.7147264,358.22626,4.8589187,362.46487,4.95956,357.44162,4.7720947,337.64703,4.8534074,354.04303,5.057745,340.7424,5.005369,360.48724,4.7957935,364.974,4.859174,367.26495,4.743671
C(=C/c1nc2ccccc2[nH]1)\c1ccc(/C=C/c2nc3ccccc3[nH]2)cc1,CS(C)=O,392.0,4.673941999,356.47458,4.807828,362.28156,4.7866983,363.91647,4.879958,358.83838,4.544502,335.0276,4.7830105,349.06946,4.9518805,347.79395,4.927097,360.5124,4.790618,369.57227,4.825469,363.50412,4.672875
C(=C/c1nc2ccccc2[nH]1)\c1ccc(/C=C/c2nc3ccccc3[nH]2)cc1,CO,384.0,4.640481437,348.2869,4.406319,347.792,4.7390976,346.29987,4.6369247,355.05722,2.700315,311.33044,3.8181632,329.54468,4.1047564,327.37344,3.49535,342.74957,4.798617,352.3509,4.6239142,357.273,4.556849
C(=C/c1nc2ccccc2[nH]1)\c1ccc(/C=C/c2nc3ccccc3[nH]2)cc1,CC#N,382.0,4.722633923,353.0199,4.8316784,364.17233,4.9580097,358.98926,5.1417003,341.24643,4.7511845,340.55142,4.9218082,352.26633,5.1188416,344.6483,5.0110784,355.8922,4.845662,366.94327,4.933728,368.2293,4.787538
Clc1ccc(Nc2ccc3ccccc3n2)cc1,Cc1ccccc1,347.0,4.110926242,342.97156,3.8318639,346.35254,3.6347294,343.01575,3.94529,351.01886,3.7702818,347.40723,3.9086032,346.48572,3.9102137,349.2017,3.7454352,357.986,3.763723,352.76013,3.5444422,343.29425,3.7818456
Clc1ccc(Nc2ccc3ccccc3n2)cc1,CCOC(C)=O,347.0,3.581835924,347.28348,3.8352494,348.45615,3.867857,347.525,4.0570483,353.55542,4.0988026,352.02988,3.9934142,349.79083,4.059461,344.93332,4.131862,353.03522,3.9981165,360.18414,3.929772,351.9613,4.066706
Clc1ccc(Nc2ccc3ccccc3n2)cc1,CCO,350.0,3.730701544,350.5713,3.3102741,350.9892,3.7240343,349.09155,4.1440754,354.84372,4.0145884,354.7071,3.86126,353.04468,4.223365,352.14893,3.8937213,354.4673,3.8599336,360.38306,3.688319,348.99957,3.8230133
COc1cc(/C=C/CO)ccc1O,O,295.0,4.073864923,281.93988,4.239579,305.79663,4.210652,276.73642,3.8322785,277.53253,4.092101,269.95282,4.0311775,280.9568,4.0438704,268.41086,4.100877,271.98895,4.0356164,290.22787,4.0132084,295.3021,4.2352176
O=C(O)c1cc(O)c(O)c(O)c1,O,258.0,3.918187661,295.68286,3.724398,302.73694,3.4045658,321.77853,3.6375678,302.39948,3.5209906,306.61053,3.534493,305.10657,3.2657654,294.36584,3.6357613,285.34363,3.954324,286.92633,3.6724763,298.0794,3.7128007
[NH3+]C(Cc1ccc(O)c(O)c1)C(=O)[O-],O,278.0,3.360971884,282.13702,3.2175612,277.76428,3.215505,278.62115,3.3055155,259.00183,3.0902112,296.0644,3.4928694,293.88443,2.7040105,299.46466,3.1617994,292.1645,3.4310741,288.52924,3.1270487,275.16745,3.688346
c1ccc2[nH]ccc2c1,O,269.0,3.718916686,261.40463,3.773118,258.51407,3.6994278,260.22437,3.8007257,271.72006,3.7835948,250.98991,3.6480014,261.55536,3.7584767,257.2749,3.7609096,270.9121,3.7628496,261.20352,3.8210654,249.07298,3.568532
[NH3+]C(Cc1c[nH]c2ccccc12)C(=O)[O-],O,277.0,3.729002709,293.16193,3.1243086,284.71024,3.385015,284.00916,3.510822,291.8698,3.6264756,287.29572,3.4300041,296.53882,3.3621876,306.8683,3.0352135,305.4352,3.2293658,291.41772,3.456748,276.07526,3.445414
O=c1ccc2ccccc2o1,O,306.0,3.728921646,298.62683,3.92668,309.17358,3.7792876,301.511,3.8785925,306.34424,3.8937132,300.74765,3.8185687,299.29044,3.7540452,307.74213,3.9055736,311.25098,3.9715016,313.25632,4.0185947,305.3051,3.8677022
COc1ccc(C2=[O+][B-](F)(F)OC(c3ccc4c(c3)Cc3ccccc3-4)=C2)cc1,CC#N,424.0,4.855519156,424.96075,4.7607727,427.29358,4.7086177,403.06058,4.772117,420.31894,4.790726,422.89954,4.6622825,436.21588,4.788647,441.2808,4.8141756,414.53375,4.7416897,416.89496,4.6467586,425.10104,4.621481
Fc1ccc(-c2ccc(-c3cc(-c4ccccn4)nc(-c4ccccn4)c3)cc2)c(F)c1,ClCCl,287.0,4.86,304.60156,4.5024395,303.73834,4.5188465,298.73138,4.588377,303.6812,4.027455,294.25946,4.442816,309.95428,4.319851,300.56998,4.688869,318.82544,4.230641,301.62195,4.562905,296.7009,4.599575
FC(F)(F)c1ccc(-c2ccc(-c3cc(-c4ccccn4)nc(-c4ccccn4)c3)cc2)cc1,ClCCl,289.0,4.87,304.21814,4.435547,303.57953,4.5051055,305.40894,4.604332,294.1403,4.074528,292.10275,4.383612,312.1844,4.050645,284.20923,4.5539975,310.28937,4.335585,292.52875,4.339856,291.11105,4.5519447
CCCCCCn1c2ccccc2c2cc(-c3ccc(-c4cc(-c5ccccn5)nc(-c5ccccn5)c4)cc3)ccc21,ClCCl,296.0,4.52,336.5629,4.702021,336.64587,4.6722665,332.27704,4.681131,308.1477,4.295433,335.57538,4.6690335,337.02652,4.4421406,327.36145,4.8531504,339.84735,4.435186,339.53543,4.538781,328.55444,4.761897
Cc1ccc(-c2nc(/C=C/c3ccccc3)c(/C=C/c3ccccc3)[nH]2)cc1,ClCCl,355.0,4.355221572,376.02982,4.4443216,366.75296,4.719677,370.63654,4.601402,380.94672,4.6253333,364.2058,4.482221,363.6845,4.552229,363.6287,4.6975756,374.4551,4.6636977,375.3125,4.3986793,375.95844,4.509427
COc1ccc(/C=C/c2nc(-c3ccc([N+](=O)[O-])cc3)[nH]c2/C=C/c2ccc(OC)cc2)cc1,ClCCl,455.0,4.194403326,445.025,4.481081,382.21384,4.812307,441.67365,4.482191,440.62772,4.418521,447.56998,4.3312945,443.549,4.382381,391.14056,4.734157,388.977,4.6240296,413.42987,4.4134116,450.39584,4.373716
Clc1ccc(/C=C/c2nc(-c3ccccc3)[nH]c2/C=C/c2ccc(Cl)cc2)cc1,ClCCl,375.0,4.725298943,370.02145,4.922701,365.52045,4.855697,374.38647,4.838359,376.07925,5.023825,373.62833,4.666007,374.50046,4.9021387,376.1635,4.7376237,380.94742,4.659322,379.59213,4.562741,374.92676,4.841971
CCCCCCCCC1(CCCCCCCC)c2cc(-c3ccccc3)ccc2-c2ccc(-c3ccccc3)cc21,ClC(Cl)Cl,327.0,4.881384657,335.65353,4.845279,334.4054,4.746079,329.5821,4.6819715,337.0465,4.7680187,332.62817,4.6950016,332.72012,4.666073,345.97153,4.8857365,338.10855,4.7602673,336.9695,4.7062936,333.92126,4.8103166
CCCCCCCCC1(CCCCCCCC)c2cc(-c3ccc(C#N)cc3)ccc2-c2ccc(-c3ccc(C#N)cc3)cc21,ClC(Cl)Cl,341.0,4.802089258,361.73212,4.689829,355.32462,4.766138,347.68918,4.6517673,362.9494,4.746111,340.86285,4.7111025,353.21918,4.7264795,389.36093,5.0361347,355.50848,4.7418265,352.27826,4.6353087,350.89984,4.8647118
COc1ccc(O)c(-c2nc3ncccc3o2)c1,CO,362.0,2.064457989,356.51694,2.3072891,351.09827,3.003296,353.53278,2.194383,360.48608,2.1942935,357.1462,2.0927043,359.70947,2.3526978,356.684,2.2682729,323.68756,2.389473,373.59506,1.8006873,382.8582,2.3944292
CCN(CC)c1ccc(-c2nc3ncccc3o2)c(O)c1,CO,379.0,2.136720567,325.0528,3.6544192,334.06097,3.885868,372.1741,3.6791282,355.29474,3.7690861,356.33752,3.7813869,358.55157,4.116298,350.93753,3.599811,343.9769,4.220523,368.25284,3.9703329,363.3872,4.218569
CCN(CC)c1ccc2cc(-c3cn4cc5ccccc5cc4n3)c(=O)oc2c1,ClC(Cl)Cl,434.0,4.843855423,435.39456,4.65968,423.74426,4.661185,444.3582,4.7346396,463.42642,4.743104,459.80057,4.8053074,434.92853,4.7763853,443.99417,4.7055225,454.648,4.8922586,457.85568,4.734979,428.83365,4.7489095
O=C1c2cccc3c(C#CC#Cc4ccc5c6c(cccc46)C(=O)N(c4ccccc4)C5=O)ccc(c23)C(=O)N1c1ccccc1,ClCCl,386.0,4.414973348,375.11115,4.431148,362.11575,4.510354,376.04425,4.4251513,421.92722,4.7062864,358.04736,4.5675497,362.06366,4.5579243,385.82587,4.58374,411.456,4.626436,405.8768,4.5125036,383.62405,4.526829
COc1ccc([C@@H]2C[C@](O)(c3ccccn3)C[C@](O)(c3ccccn3)[C@H]2C(=O)c2ccc(N(c3ccccc3)c3ccccc3)cc2)cc1,c1ccccc1,370.0,4.402880134,373.40942,4.4390025,369.95178,4.3996377,376.0126,4.3498383,371.5056,4.4288692,370.48468,4.476173,371.3224,4.447652,374.36835,4.435184,360.90643,4.3979073,374.0852,4.528449,369.85083,4.418227
COc1ccc([C@@H]2C[C@](O)(c3ccccn3)C[C@](O)(c3ccccn3)[C@H]2C(=O)c2ccc(N(c3ccccc3)c3ccccc3)cc2)cc1,ClCCl,370.0,4.421916375,374.34235,4.456665,368.8187,4.377593,374.40622,4.374735,373.96683,4.4221716,365.97406,4.4665766,370.71997,4.4559,372.8027,4.456982,361.1653,4.4521184,373.4921,4.4964623,368.07184,4.415371
COc1ccc([C@@H]2C[C@](O)(c3ccccn3)C[C@](O)(c3ccccn3)[C@H]2C(=O)c2ccc(N(c3ccccc3)c3ccccc3)cc2)cc1,C1CCOC1,366.0,4.389591307,370.1359,4.4346175,369.84595,4.3557944,368.47162,4.383097,368.19888,4.4141636,367.9662,4.4409084,370.6324,4.4109,374.8619,4.425983,361.0962,4.4274063,374.26575,4.433202,370.07953,4.414556
COc1ccc([C@@H]2C[C@](O)(c3ccccn3)C[C@](O)(c3ccccn3)[C@H]2C(=O)c2ccc(N(c3ccccc3)c3ccccc3)cc2)cc1,CCO,366.0,4.39260903,365.70563,4.3459153,365.71335,4.36808,364.88168,4.3100677,369.98062,4.410737,365.90573,4.4115586,367.55496,4.4343753,374.33948,4.4194903,361.7928,4.4412837,374.25696,4.4963446,366.7985,4.382073
COc1ccc([C@@H]2C[C@](O)(c3ccccn3)C[C@](O)(c3ccccn3)[C@H]2C(=O)c2ccc(N(c3ccccc3)c3ccccc3)cc2)cc1,CCOC(C)=O,366.0,4.415457483,364.55493,4.4002337,362.84137,4.3939886,364.22345,4.357999,370.5875,4.3927054,364.52856,4.4864087,366.28595,4.4111614,369.0152,4.447952,362.1359,4.472811,372.69553,4.45516,367.141,4.40328
COc1ccc([C@@H]2C[C@](O)(c3ccccn3)C[C@](O)(c3ccccn3)[C@H]2C(=O)c2ccc(N(c3ccccc3)c3ccccc3)cc2)cc1,CC#N,366.0,4.413534454,363.69238,4.3558187,363.10217,4.3692393,370.8121,4.3246117,364.82004,4.4026766,361.99683,4.441134,363.21313,4.339082,375.20328,4.4182124,358.3326,4.438077,370.83807,4.4557385,366.5855,4.389685
COc1ccc([C@@H]2C[C@](O)(c3ccccn3)C[C@](O)(c3ccccn3)[C@H]2C(=O)c2ccc(N(c3ccccc3)c3ccccc3)cc2)cc1,CN(C)C=O,358.0,4.367970581,361.14166,4.379872,358.35956,4.3825593,360.4038,4.3348002,357.14795,4.3713884,362.01392,4.415862,361.52866,4.413572,378.73965,4.369506,365.96854,4.4203286,368.27026,4.409585,359.0379,4.3583217
COc1ccc(/C=C(\C#N)c2nc(-c3ccc(Cl)cc3)cs2)cc1,CC#N,373.0,4.367355921,370.3737,4.233267,376.8869,4.313547,369.66095,4.2966247,364.27258,4.3111916,374.68756,3.9846287,382.2496,4.1479397,381.9818,4.159546,379.56476,3.9989665,386.3073,4.1265306,370.95544,4.2535634
COc1ccc(-c2csc(/C(C#N)=C/c3ccc(Cl)cc3)n2)cc1,CC#N,376.0,4.075546961,373.2256,4.2988734,374.80414,4.211795,377.55276,4.2750177,380.544,4.180146,379.59018,4.1149287,377.7693,4.204505,379.88162,4.1838694,379.55066,4.058445,387.18216,4.143324,369.17966,4.241839
N#C/C(=C\c1ccc(C#N)cc1)c1nc(-c2ccccc2)cs1,CC#N,370.0,4.209515015,366.9842,4.246757,372.1764,4.2627974,374.12555,4.095546,371.26318,4.1573944,374.56458,4.1476517,372.2988,4.3120637,390.17303,4.1595035,381.80814,4.1046133,385.05273,4.100602,371.90167,4.1938605
N#C/C(=C\c1ccc(C#N)cc1)c1nc(-c2ccc(Cl)cc2)cs1,CC#N,367.0,4.049218023,367.67526,4.2149305,376.08795,4.194573,368.87936,4.069219,365.91705,4.086266,378.36475,4.0846577,376.45917,4.1619534,387.99213,4.1649284,383.58423,4.067193,386.402,4.057259,373.00027,4.107207
N#C/C(=C\c1ccc([N+](=O)[O-])cc1)c1nc(-c2ccccc2)cs1,CC#N,382.0,4.281033367,382.95465,4.263145,373.79968,4.3214374,376.95557,4.2929378,389.53693,4.3548884,382.86014,4.074914,388.39835,4.219913,387.14273,4.2557225,386.1576,4.11183,386.84375,4.1857595,377.9572,4.232084
COc1ccc(-c2csc(/C(C#N)=C/c3ccncc3)n2)cc1,CC#N,382.0,3.954242509,384.89752,3.8963616,382.86758,3.9411955,383.24094,3.6777365,378.18732,3.816437,378.56427,3.8260317,381.3267,4.0258245,381.57074,4.1117144,377.99847,4.0869355,387.56345,3.895403,377.16727,3.940862
COc1ccc(-c2csc(/C(C#N)=C/c3ccccc3Cl)n2)cc1,CC#N,372.0,3.954242509,378.67465,3.9238698,377.5023,4.007036,384.90356,3.730361,376.7815,3.9163418,382.34735,3.9887588,392.31317,3.9749389,387.18823,3.9984627,386.97263,4.0589848,381.86835,3.9110098,381.39212,3.9040623
COc1ccc(-c2csc(/C(C#N)=C/c3c(Cl)cccc3Cl)n2)cc1,CC#N,360.0,3.934498451,396.63736,4.003409,419.18518,4.2524257,400.22635,4.024965,387.05743,4.0120196,433.70248,4.193984,417.63293,3.834184,394.81213,4.141106,414.166,4.2272124,427.60675,4.185807,423.8455,4.0038395
COc1ccc(-c2nc(/C(C#N)=C/c3ccc(Cl)cc3)sc2-c2ccc(OC)cc2)cc1,CC#N,394.0,4.209515015,393.33112,4.19341,391.36954,4.2841854,386.58536,4.350073,398.96503,4.3494034,393.89526,4.115334,392.69125,4.203549,393.52753,4.2643056,369.79453,4.1335707,400.35397,4.210542,388.3165,4.2397833
N#C/C(=C\c1ccc(Cl)cc1)c1nc(-c2ccccc2)c(-c2ccccc2)s1,CC#N,365.0,4.133538908,366.48157,4.3039403,363.82727,4.3932915,360.15143,4.41208,376.109,4.486345,380.0426,4.137693,364.695,4.247949,385.5841,4.2910037,370.90048,4.1053867,389.1884,4.236421,363.2932,4.428478
N#C/C(=C\c1ccc(C#N)cc1)c1nc(-c2ccccc2)c(-c2ccccc2)s1,CC#N,379.0,4.225309282,376.89044,4.134951,376.41788,4.3437767,377.36453,4.25292,384.9178,4.2322044,387.24292,4.1141996,374.15268,4.2106724,397.70715,4.1318164,374.9254,4.1543136,391.04825,4.127199,378.49847,4.2656336
N#C/C(=C\c1ccc(C#N)cc1)c1nc(-c2ccccc2)cs1,Cc1ccccc1,380.0,4.238046103,380.82092,4.160229,378.4726,4.1068926,379.87885,4.10942,387.20154,3.985127,388.66357,3.9639819,385.4607,4.011552,399.98633,4.049438,382.97958,3.8275576,396.1495,3.9644685,387.77072,4.132543
N#C/C(=C\c1ccc(C#N)cc1)c1nc(-c2ccccc2)cs1,ClCCl,375.0,4.195899652,394.05618,3.9957793,378.51984,4.0608726,400.56702,4.0171885,394.77432,4.082892,386.48883,3.9523613,387.28613,3.9226732,400.445,3.980862,382.09897,4.0014877,394.1374,3.9391837,385.9535,4.0579
N#C/C(=C\c1ccc(C#N)cc1)c1nc(-c2ccccc2)cs1,CCO,375.0,4.11058971,379.80502,3.865429,377.15808,3.9523249,379.96713,3.9357939,389.89658,3.7262216,383.7973,3.8894866,383.90613,3.7587318,395.69296,3.9639473,379.2321,3.8675847,385.84436,3.9070187,380.68393,3.9437544
N#C/C(=C\c1ccc(C#N)cc1)c1nc(-c2ccccc2)cs1,CN(C)C=O,376.0,4.245512668,379.3258,4.054462,378.38992,4.1632357,384.05707,4.101624,385.59747,4.1489325,392.90082,4.043661,400.86,4.230505,400.43085,4.0861115,387.27185,4.0173016,398.42285,4.0697784,395.47693,4.104564
COc1ccc(-c2csc(/C(C#N)=C\Nc3ccc(C#N)cc3)n2)cc1,Cc1ccccc1,381.0,5.311753861,378.45285,4.4079,388.09637,4.395154,381.70355,4.4141035,380.7442,4.4576263,381.46454,4.320718,379.78116,4.366915,387.79196,4.345403,385.61694,4.355803,384.53098,4.4089594,388.47385,4.420175
COc1ccc(-c2csc(/C(C#N)=C\Nc3ccc(C#N)cc3)n2)cc1,ClCCl,379.0,4.238046103,380.82343,4.349014,388.00107,4.3478603,385.0593,4.359683,376.73358,4.36258,377.06372,4.3543825,379.02554,4.3148413,385.75394,4.4000864,381.03973,4.4124923,378.59702,4.4216104,380.12534,4.3735275
COc1ccc(-c2csc(/C(C#N)=C\Nc3ccc(C#N)cc3)n2)cc1,CCO,378.0,3.954242509,371.9968,4.128025,386.1996,4.301065,378.93475,4.1289124,373.35532,4.380018,376.535,4.2215314,375.43622,4.157702,380.99872,4.347977,379.7761,4.3783846,378.3198,4.328633,379.65356,4.2121224
COc1ccc(-c2csc(/C(C#N)=C\Nc3ccc(C#N)cc3)n2)cc1,CN(C)C=O,380.0,4.495544338,399.47266,4.4170613,416.1797,4.47703,417.7766,4.474113,378.39505,4.478294,391.14673,4.355547,404.13458,4.42788,391.12204,4.3651047,389.82483,4.373711,387.6902,4.3702793,406.94055,4.4501176
COc1ccc(-c2csc(/C(C#N)=C\Nc3ccc(C#N)cc3)n2)cc1,CC#N,376.0,4.509202522,372.08234,4.4692636,382.98288,4.4704447,381.69122,4.4562364,371.61066,4.46431,376.07468,4.3918734,379.3825,4.4059095,382.8014,4.4122562,379.3947,4.432164,375.4457,4.4372544,384.6289,4.408814
COc1ccc(-c2csc(/C(C#N)=C/c3ccncc3)n2)cc1,Cc1ccccc1,392.0,3.986771734,387.2619,3.9920347,390.2101,3.9397416,386.99982,3.8071272,386.8101,4.066367,392.758,3.798545,387.3105,3.875457,391.7957,4.0511913,379.0341,3.8243837,394.02728,3.8194392,388.14465,3.9271634
COc1ccc(-c2csc(/C(C#N)=C/c3ccncc3)n2)cc1,ClCCl,389.0,3.897627091,406.5906,3.8778014,395.34668,3.7277427,410.98007,3.7570891,418.1669,3.9762096,390.35165,3.7686598,392.20505,3.837884,392.33896,4.006378,377.82867,3.9875107,397.98218,3.8155193,392.59674,3.876766
COc1ccc(-c2csc(/C(C#N)=C/c3ccncc3)n2)cc1,CCO,392.0,3.770852012,390.72412,3.7483897,390.42877,3.7507465,386.74744,3.6722147,390.48468,3.7439501,388.147,3.7040467,385.66592,3.7336893,386.61362,3.9692519,376.16016,3.8578358,391.49658,3.7620354,383.67535,3.8583577
COc1ccc(-c2csc(/C(C#N)=C/c3ccncc3)n2)cc1,CN(C)C=O,388.0,4.008600172,377.89334,3.8590288,389.31937,4.0107546,384.30328,3.7918105,374.49643,3.9543185,394.84024,3.7823734,401.8389,4.020417,386.58716,4.052074,383.50632,4.010741,397.511,3.884554,392.32257,3.9719753
COc1ccc(-c2csc(/C(C#N)=C/c3ccncc3)n2)cc1,CS(C)=O,390.0,3.929418926,381.62817,3.918037,386.25836,3.891002,385.99765,3.8385665,379.31256,3.8395276,395.81137,3.8136292,386.2067,3.8607337,388.16248,4.0894737,383.68097,4.045789,400.1777,3.956839,389.86838,3.984507
c1ccc(-c2csc(-c3ccncc3)n2)cc1,ClCCl,376.0,3.707570176,379.34174,3.4787724,354.17053,3.7684355,367.53473,3.4406571,374.4615,3.6431732,368.88376,3.374785,344.73715,3.898164,366.2409,3.598369,343.49597,3.8898027,366.8279,3.5348754,337.72525,3.691802
c1ccc(-c2csc(-c3ccncc3)n2)cc1,CCO,325.0,3.770852012,348.96216,3.6354785,341.57404,3.9551885,323.43866,3.8295465,341.10687,3.7866096,365.03058,3.583928,336.82782,3.8813703,361.25555,3.638975,342.69763,3.8102658,362.11472,3.6046875,322.4108,3.8965054
c1ccc(-c2csc(-c3ccncc3)n2)cc1,CN(C)C=O,323.0,3.716003344,336.04407,3.7638514,328.46188,3.8100166,325.40002,3.6932793,340.35587,3.8138618,352.85858,3.7077608,339.34503,3.8764176,370.81,3.6771963,349.61597,3.9181414,367.23145,3.5718431,322.81012,3.8327734
c1ccc(-c2csc(-c3ccncc3)n2)cc1,CC#N,370.0,3.954242509,359.21008,3.8742635,349.75757,3.9109836,348.7307,3.9281495,344.97214,3.8313143,367.932,3.6472828,351.25378,3.945663,367.13028,3.8029952,341.77454,3.9934254,374.33282,3.7383928,327.7937,3.8327687
c1ccc(-c2csc(-c3ccncc3)n2)cc1,CS(C)=O,325.0,3.653212514,346.20837,3.7961612,335.98526,4.3041472,318.26364,3.7479916,343.53937,4.028438,355.71136,3.7502842,340.36884,4.032958,371.21472,3.8093436,350.25882,3.968563,374.5556,3.8480215,320.26324,4.057186
COc1ccc(-n2nc(C#N)c(N3CCCC3)n2)cc1OC,CC#N,344.0,4.08,347.17413,4.225043,348.49234,4.1650896,348.58362,3.989875,341.5766,3.99785,337.42554,4.0139384,342.3265,3.943326,338.64816,4.1363225,325.31622,4.1516423,339.47638,4.0798655,346.50848,4.1735544
N#Cc1nn(-c2cc(F)cc(F)c2)nc1N1CCCC1,CC#N,350.0,4.11,368.47855,4.0824046,333.9566,3.977188,361.9199,4.143203,349.3416,4.071454,333.6423,3.9422898,342.60547,4.2991314,336.175,4.246715,341.6303,4.0293193,351.6355,4.276214,364.57336,4.241231
N#Cc1nn(-c2ccccc2Cl)nc1N1CCCC1,CC#N,324.0,3.73,319.75763,3.8137746,336.91772,3.9193,325.71548,3.723031,319.68683,3.8256528,336.30505,3.7924263,339.3797,3.779207,326.0588,3.856454,333.92175,3.8638282,340.6014,3.8715029,325.06097,3.8885884
CCOC(=O)c1nn(-c2ccc(OC)cc2)nc1N1CCCC1,CC#N,336.0,4.06,325.6159,3.9741015,332.53122,4.0273056,337.9338,4.0704694,337.08014,4.068101,342.64496,3.8199525,330.30704,3.8383772,325.97913,4.0900903,311.3581,3.9888597,329.216,4.0132384,335.8205,4.0212874
COc1ccc(-n2nc(C#N)c(N3CCOCC3)n2)cc1,CC#N,324.0,4.14,327.62628,4.060112,334.77573,4.1333523,340.84396,4.1424065,338.12378,4.1461525,341.36954,4.0979757,331.8537,4.0258923,339.03687,4.110443,322.89557,4.049725,349.09143,4.109461,344.56296,4.1923428
COc1ccc(-n2nc(C#N)c(NC3CCCCC3)n2)cc1,CC#N,330.0,4.2,337.2698,4.217985,328.84058,4.1402674,335.6062,4.1380577,333.99496,4.1371446,334.8816,4.143266,323.84036,4.0536046,331.61914,4.130222,326.57275,4.1206994,335.6787,4.1534567,328.59988,4.2253027
COc1ccc(-n2nc(C#N)c(NC3CCCCC3)n2)cc1,CCCCCC,325.0,4.23,329.36426,4.373822,325.54016,4.137358,331.01855,4.152631,333.2726,4.2334814,340.51855,4.2448473,318.49738,4.0769653,329.5959,4.188713,323.6831,4.213545,337.37024,4.1404147,329.4336,4.2753205
COc1ccc(-n2nc(C#N)c(NC3CCCCC3)n2)cc1,ClC(Cl)Cl,330.0,4.21,335.38025,4.3076973,334.85764,4.302637,340.47772,4.1097975,340.14215,4.2258663,338.60965,4.2307806,330.34827,4.1583147,332.25867,4.1738596,329.60474,4.146353,336.79785,4.220205,331.32483,4.2602153
COc1ccc(-n2nc(C#N)c(NC3CCCCC3)n2)cc1,CN(C)C=O,336.0,4.17,333.36377,4.329719,331.13593,4.227604,334.76953,4.18031,330.54596,4.2261906,344.50717,4.2658825,320.95837,4.0685825,324.99557,4.0496683,337.32678,4.1292896,344.4928,4.170598,328.0926,4.2395062
COc1ccc(-n2nc(C#N)c(NC3CCCCC3)n2)cc1,CCO,333.0,4.2,329.97968,4.373511,329.33618,4.094185,329.75085,4.158151,334.03387,4.1825976,339.74445,4.2373934,318.0321,4.043191,327.38034,4.173574,329.88477,4.11086,338.8116,4.141746,328.85248,4.216123
COc1ccccc1-c1nc(-c2ccccc2)c2ccccn12,ClCCl,374.0,3.900530982,367.58908,3.786024,370.29016,3.872703,373.91833,3.878871,358.7596,3.8938062,357.81122,4.0921082,360.68558,3.8854733,367.77203,3.8623204,354.4303,3.9881358,370.8208,3.7715645,338.1505,4.0345554
c1ccc(-c2nc(-c3cccc4ccccc34)n3ccccc23)cc1,ClCCl,357.0,4.035109403,375.782,3.5710301,380.08102,3.714087,384.49725,3.5875301,364.98312,3.767626,369.9005,3.9183128,368.4257,3.8834481,374.93152,3.8417892,362.68256,4.0009594,373.7232,3.7429411,352.44174,3.8935838
Oc1ccc2ccccc2c1-c1nc(-c2ccccc2)c2ccccn12,ClCCl,362.0,4.026696656,374.713,3.5313756,388.66,3.6811574,383.8442,3.7141147,348.73157,3.7903497,369.3671,3.7067342,372.41357,4.048007,388.91888,3.8187168,357.50418,4.05873,352.9176,3.9667554,367.81238,3.7932117
C[Si](C)(C)c1ccc(-c2ccc(-c3ccc(-c4ccc(-c5ccc([Si](C)(C)C)cc5)s4)c4nsnc34)s2)cc1,C1CCOC1,495.0,4.522444234,437.63983,4.1723185,471.52332,4.2914834,468.784,4.380974,454.09695,4.3100324,441.55148,4.3460827,473.0136,4.381211,437.14893,4.3364515,443.08847,4.4156995,462.13358,4.2541237,441.17743,4.335339
C[Si](C)(C)c1ccc(-c2ccc(-c3ccc(-c4ccc(-c5ccc([Si](C)(C)C)s5)s4)c4nsnc34)s2)s1,C1CCOC1,513.0,4.506505032,448.51276,4.2296705,491.98575,4.2735424,466.46555,4.4417405,482.60754,4.218545,478.81775,4.4201846,502.49054,4.4287195,467.42593,4.4166794,480.21973,4.516205,484.5885,4.4272323,474.42957,4.5369015
C1=C(c2ccc(-c3cccs3)s2)CCC(c2ccccc2)C1,CCCCCC,341.0,4.28,341.09192,4.363561,344.1034,4.316906,345.82678,4.3892994,345.85556,4.365637,339.08926,4.2538896,343.976,4.3020263,344.43213,4.3850875,352.38525,4.481644,345.0482,4.3411536,345.4182,4.3616295
C1=C(c2ccc(-c3cccs3)s2)CCC(c2ccccc2)C1,C1CCOC1,342.0,4.32,342.80527,4.3242717,351.82227,4.3196344,339.6916,4.3867326,350.29578,4.4684315,341.29404,4.262245,352.8651,4.310672,346.89215,4.361833,355.5568,4.4235673,356.01013,4.2955484,346.21335,4.2996736
C1=C(c2ccc(-c3cccs3)s2)CCC(c2ccccc2)C1,CC#N,341.0,4.43,340.95554,4.2324,344.9204,4.2684035,344.54684,4.3904557,351.8004,4.4599786,332.7657,4.203033,347.0075,4.24858,341.38535,4.362295,353.33945,4.4342628,349.80942,4.273038,344.1043,4.3846526
C1=C(c2ccc(-c3cccs3)s2)CCC(c2ccccc2)C1,c1ccncc1,347.0,4.31,352.04486,4.3345356,354.2676,4.2878175,347.64203,4.344881,356.76352,4.4286275,342.6608,4.2658653,355.53033,4.300809,353.8728,4.410303,355.7806,4.417919,357.66653,4.3265433,352.44006,4.2944355
C1=C(c2ccc(-c3cccs3)s2)CCC(c2ccccc2)C1,CCO,341.0,4.15,349.73044,4.322633,352.15164,4.320597,347.07217,4.4582114,352.65665,4.483676,343.13498,4.2904778,353.78696,4.334174,349.12955,4.4126663,354.9135,4.3997855,354.0453,4.330775,345.41125,4.3561463
C1=C(c2ccc(-c3cccs3)s2)CCC(c2ccccc2)C1,OCCOCCO,346.0,4.27,348.96616,4.2591877,353.44055,4.231948,348.91785,4.360247,354.3991,4.355539,343.57755,4.2381225,349.9816,4.2059383,348.21417,4.3096833,356.89172,4.3865705,356.65247,4.276701,348.22427,4.2883143
N#Cc1ccc(-c2ccc(C3=CCCCC3)s2)s1,CCCCCC,366.0,4.38,356.41562,4.186092,356.95053,4.175886,358.91327,4.1396523,355.2088,4.0755076,362.24817,4.2965727,358.5615,4.197788,358.6209,4.1916947,365.44135,4.2995367,354.85342,4.1375566,358.36102,4.2222395
N#Cc1ccc(-c2ccc(C3=CCCCC3)s2)s1,C1CCOC1,366.0,4.23,358.39206,4.2082667,359.43747,4.2278466,359.11108,4.1414847,360.5811,4.0930047,360.35413,4.2551885,364.3446,4.180123,359.53574,4.1930876,366.9794,4.2816987,359.72894,4.119096,357.29297,4.2124047
N#Cc1ccc(-c2ccc(C3=CCCCC3)s2)s1,CC#N,366.0,4.06,357.01776,4.235553,361.5218,4.198902,365.0843,4.171923,352.58423,4.089256,356.2248,4.232752,361.60855,4.174433,354.29578,4.205017,363.9265,4.290472,350.64502,4.1422243,356.39145,4.2852087
N#Cc1ccc(-c2ccc(C3=CCCCC3)s2)s1,c1ccncc1,369.0,4.27,363.13336,4.1927347,364.7551,4.1853676,366.27625,4.162262,363.88977,4.1452513,363.33517,4.1932855,366.00845,4.2005725,367.74182,4.230067,366.91077,4.2788877,362.52753,4.1367397,363.46146,4.2272305
N#Cc1ccc(-c2ccc(C3=CCCCC3)s2)s1,OCCOCCO,366.0,4.31,360.6587,4.2007227,363.82532,4.1503496,367.19873,4.107068,366.4669,4.147458,363.02985,4.163893,364.13907,4.133288,364.40173,4.157285,368.42358,4.247066,362.19373,4.0905643,360.43173,4.2239375
N#Cc1ccc(-c2ccc(C3=CCCCC3)s2)s1,CCO,366.0,4.73,362.61047,4.177782,362.84973,4.1452413,364.04846,4.1287303,364.2753,4.094166,362.23016,4.206642,365.0195,4.205504,361.7891,4.214005,365.60266,4.2359033,358.07324,4.1284833,355.95197,4.1910768
CCCCCCN1C(=O)c2cccc3cc(/N=C\c4nc5ccccc5s4)cc(c23)C1=O,ClC(Cl)Cl,370.0,4.477121255,392.60406,4.3658514,389.3427,4.3824167,378.95972,4.406971,372.04492,4.473142,385.43045,4.3859634,359.08313,4.2168245,384.07068,4.291045,398.7582,4.429226,387.57474,4.364893,398.40933,4.384237
CCCCCCN1C(=O)c2cccc3cc(/N=C\c4cnc5ccccc5c4)cc(c23)C1=O,ClC(Cl)Cl,328.0,4.176091259,337.32495,4.432305,349.189,4.339031,360.48236,4.4791045,325.9926,4.4493923,328.48907,4.4479218,346.96143,4.428901,344.03098,4.4176297,361.95288,4.4130816,357.52335,4.4345617,342.77405,4.4082375
CCCCCCN1C(=O)c2cccc3cc(/N=C\c4ccc(N5CCOCC5)cc4)cc(c23)C1=O,ClC(Cl)Cl,322.0,4.255272505,365.10913,4.4011006,385.2759,4.5303593,401.22534,4.74599,375.36496,4.504433,380.2912,4.597692,366.60446,4.558494,391.0465,4.675866,413.4877,4.607378,400.78024,4.6857605,364.11862,4.467965
CCCCCCN1C(=O)c2cccc3cc(/N=C\c4ccc(N(c5ccccc5)c5ccccc5)cc4)cc(c23)C1=O,ClC(Cl)Cl,380.0,4.477121255,406.48785,4.571131,395.1751,4.4435763,411.62534,4.723932,374.08862,4.472837,379.97153,4.5445065,385.82004,4.570579,400.0149,4.5841665,410.2588,4.463318,400.55414,4.5901732,382.70682,4.6028733
Cc1cc(C#Cc2ccccc2)c2ccc3c(C#Cc4ccccc4)cc(C#Cc4ccccc4)c4ccc1c2c43,ClC(Cl)(Cl)Cl,445.0,4.76,440.8532,4.899585,438.91492,4.7987757,459.20566,4.825848,440.34433,4.934604,430.37668,4.8156133,446.63437,4.910012,433.04718,4.954005,413.9201,4.722232,430.5394,4.912054,439.56912,4.9353604
Cc1cc(C#Cc2ccccc2)c2ccc3c(C#Cc4ccccc4)cc(C#Cc4ccccc4)c4ccc1c2c43,CS(C)=O,451.0,4.81,446.08975,4.933016,441.8867,4.834244,463.30438,4.876154,453.4051,4.9230075,429.0576,4.840048,442.91266,4.932347,432.8764,4.9355597,414.47897,4.709152,432.00226,4.871265,442.8729,4.9074306
CN(C)c1ccc2nc(-c3ccc(C(=O)O)cc3)sc2c1,c1ccccc1,394.0,4.230448921,386.58743,4.2545366,386.6035,4.300674,398.85318,4.29494,382.44623,4.3138614,388.1002,4.289093,396.8976,4.2080355,391.55008,4.29223,377.39554,4.3319783,397.05002,4.3174524,393.9958,4.286211
CN(C)c1ccc2nc(-c3ccc(C(=O)O)cc3)sc2c1,ClC(Cl)Cl,400.0,4.278753601,384.49127,4.236168,385.5147,4.310552,396.10626,4.2188525,385.9201,4.3062205,388.45453,4.280286,395.53894,4.240155,389.5217,4.2485094,371.8841,4.321078,393.01953,4.3016806,394.26575,4.2455444
CN(C)c1ccc2nc(-c3ccc(C(=O)O)cc3)sc2c1,CS(C)=O,400.0,4.322219295,397.77737,4.2448025,394.69888,4.256218,413.9154,4.308518,392.50116,4.3171225,401.74338,4.2598686,400.09656,4.2220025,393.08875,4.2772164,379.0392,4.314693,404.5557,4.3245215,407.8609,4.2777715
CN(C)c1ccc2nc(-c3ccc(C(=O)O)cc3)sc2c1,CC#N,390.0,4.278753601,381.577,4.3040113,386.41144,4.3340707,401.5821,4.359729,382.43744,4.3272038,387.35638,4.3271675,402.4023,4.2444673,393.14722,4.2887774,371.4124,4.368,394.61472,4.315769,397.22992,4.2804008
CN(C)c1ccc2nc(-c3ccc(C(=O)O)cc3)sc2c1,CC(C)O,374.0,4.301029996,384.84418,4.2540245,386.42184,4.273859,403.37747,4.2787538,383.3368,4.3132586,393.25348,4.228438,394.2651,4.220191,390.07837,4.243762,374.63422,4.2891994,393.63742,4.3066306,394.4557,4.2459884
CN(C)c1ccc2nc(-c3ccc(C(=O)O)cc3)sc2c1,CO,377.0,4.322219295,386.23157,4.284101,387.47894,4.254189,401.08435,4.2500834,382.40906,4.2990875,387.06265,4.265612,401.0688,4.2676024,388.58502,4.279276,372.2307,4.3133144,392.5277,4.3019967,398.5915,4.26369
C[Si](C)(C)c1ccc2ccc3cccc4ccc1c2c34,CCCCCC,340.0,4.66,348.50583,4.660678,348.01617,4.536084,348.49493,4.623187,347.31598,4.6152854,363.17203,4.52792,342.71664,4.5713363,343.85706,4.67474,330.50372,4.5544086,345.7196,4.6616015,358.53204,4.5819287
Cc1ccc2ccc3c(C)ccc4ccc1c2c43,CCCCCC,344.0,4.64,336.1012,4.5844784,329.21213,4.4735518,347.2798,3.8938355,334.80823,4.6122603,326.41168,4.5288663,336.128,4.7067246,336.04898,4.5674214,321.99847,4.498107,340.86426,4.5816555,339.37903,4.651809
C[Si](C)(C)c1ccc2ccc3c([Si](C)(C)C)ccc4ccc1c2c43,CCCCCC,350.0,4.72,363.47827,4.665358,358.34857,4.612513,354.40833,4.677998,350.8169,4.6757517,363.61285,4.54972,345.16486,4.5516925,347.9605,4.6759815,331.81696,4.6479173,350.95392,4.586614,381.4577,4.517902
Cc1ccc(-c2ccc(/C=C/c3ccc(F)cc3)cn2)nc1,CC#N,334.0,4.740796767,338.51825,4.6079664,337.9774,4.701345,340.98337,4.655392,339.11444,4.6202965,329.8568,4.6322837,339.7025,4.62199,347.33844,4.6570106,346.62244,4.6036625,344.44736,4.5849977,335.39514,4.6519656
Cc1ccc(-c2ccc(/C=C/c3ccc(N(C)C)cc3)cn2)nc1,CC#N,383.0,4.566260674,395.30347,4.567468,382.01953,4.571123,386.7652,4.4730344,391.2841,4.527847,382.61642,4.5651946,378.77283,4.574443,389.20258,4.5331326,383.51932,4.6318064,394.00433,4.471129,387.74304,4.6460924
Cc1ccc(-c2ccc(/C=C/c3ccc(C#N)cc3)cn2)nc1,CC#N,343.0,4.209005358,356.9614,4.638349,352.07962,4.7271976,351.9747,4.5830913,355.56766,4.618053,344.09055,4.58502,346.71146,4.6065063,357.67526,4.6345034,354.09552,4.616639,354.5031,4.540603,346.0808,4.594013
CCCCCCc1ccc(/C=C/c2ccc(CCCCCC)s2)s1,Cc1ccccc1,356.0,4.544068044,386.32047,4.3522525,379.21628,4.423541,377.03915,4.381085,389.58554,4.156254,396.77826,4.3751965,395.37875,4.2847238,379.78915,4.3481493,395.75797,4.2434673,393.0052,4.349083,414.3532,4.382194
COC(=O)/C(C#N)=c1\s/c(=c2/s/c(=C(/C#N)C(=O)OC)c3cc(-c4ccccc4)sc23)c2sc(-c3ccccc3)cc12,Cc1ccccc1,605.0,4.826074803,590.607,4.777476,602.5736,4.88266,603.3382,4.8899736,591.2045,4.864777,602.51746,4.941265,611.7428,4.810073,611.5418,4.8194814,601.9534,4.856586,604.48395,4.8596916,601.9891,4.947328
CCCCCCCCCCC1(CCCCCCCCCC)c2cc(-c3nc4ccccc4s3)ccc2-c2ccc(N3C(=O)c4ccc5c6ccc7c8c(ccc(c9ccc(c4c59)C3=O)c86)C(=O)N(c3ccc4c(c3)C(CCCCCCCCCC)(CCCCCCCCCC)c3cc(-c5nc6ccccc6s5)ccc3-4)C7=O)cc21,Cc1ccccc1,529.0,4.991226076,479.61905,4.879367,508.1737,5.149563,496.29443,4.9833736,513.3656,5.1036034,503.51334,5.188308,495.3412,4.913677,505.68323,5.043645,497.70154,5.433081,482.95642,5.023511,499.17236,5.166485
CCCCCCCCCCC1(CCCCCCCCCC)c2cc(-c3nc4ccccc4s3)ccc2-c2ccc(N3C(=O)c4ccc5c6ccc7c8c(ccc(c9ccc(c4c59)C3=O)c86)C(=O)N(c3ccc4c(c3)C(CCCCCCCCCC)(CCCCCCCCCC)c3cc(-c5nc6ccccc6s5)ccc3-4)C7=O)cc21,ClCCl,528.0,5.113943352,483.5674,4.8402624,508.4663,5.1498146,500.76428,5.091069,514.59973,5.129701,498.47363,5.17681,503.5346,4.999351,502.57376,5.029886,493.90652,5.441647,486.7757,4.9988804,491.76147,5.122598
C(=C/c1nc(/C=C/c2ccc(N(c3ccccc3)c3ccccc3)cc2)cc(/C=C/c2ccc(N(c3ccccc3)c3ccccc3)cc2)n1)\c1ccccc1,ClCCl,430.0,4.544068044,414.92258,4.899044,409.21384,4.769684,424.68884,4.772901,427.85947,4.8212633,417.49493,4.8878465,409.9048,4.9300637,418.3238,4.8597255,412.8284,4.7296576,410.2007,4.896544,410.39755,4.765993
COc1ccc(/C=C/c2cc(/C=C/c3ccc(OC)cc3)nc(/C=C/c3ccc(N(c4ccccc4)c4ccccc4)cc3)n2)cc1,ClCCl,376.0,4.790285164,392.07144,4.8009477,395.51328,4.800854,386.03818,4.6861467,396.14188,4.7311625,387.57538,4.8592486,383.1195,4.8582244,390.41272,4.9036465,396.0148,4.7314653,391.62582,4.8613267,398.76773,4.8173695
COc1ccc(/C=C/c2nc(/C=C/c3ccc(N(C)C)cc3)cc(/C=C/c3ccc(N(c4ccccc4)c4ccccc4)cc3)n2)cc1,ClCCl,420.0,4.606381365,418.48743,4.8163395,415.97766,4.824615,427.09448,4.6867847,426.71368,4.706305,436.44028,4.879906,413.67444,4.860672,417.54306,4.844607,422.19043,4.6943254,415.20944,4.860431,418.8276,4.7477884
COc1ccc(/C=C/c2cc(/C=C/c3ccc(N(c4ccccc4)c4ccccc4)cc3)nc(/C=C/c3ccc(N(C)C)cc3)n2)cc1,ClCCl,386.0,4.764176132,409.33987,4.9167376,405.16214,4.918262,402.0936,5.0030203,399.53503,5.0243006,412.562,4.905033,396.78156,4.9375067,412.1983,4.86285,426.84613,4.7107544,404.98276,4.824201,411.8028,4.8604593
C1=C(c2ccccc2)[Si](c2ccccc2)(c2ccccc2)c2ccccc21,ClCCl,338.0,4.113943352,336.0074,4.17011,326.94476,4.1776094,325.09195,4.2088017,354.92978,4.1843677,337.3676,4.0623393,335.27332,4.2202735,344.07706,4.2204185,348.67572,4.1625085,337.70514,4.1088595,346.58502,4.1717215
c1ccc(C2=C(c3ccccn3)[Si](c3ccccc3)(c3ccccc3)c3ccccc32)cc1,ClCCl,339.0,4.204119983,362.21545,4.223784,345.55496,4.065507,360.1867,3.8782654,398.13354,3.9739108,374.18927,3.989836,341.9607,3.8840249,360.9149,4.042787,382.36823,3.8165495,378.87573,3.7791073,359.511,4.0698323
COc1ccc(N(c2ccccc2)c2ccc(OC)cc2)cc1,Cc1ccccc1,300.0,4.428134794,307.2027,4.4053216,316.90704,4.171287,310.6161,4.4295616,315.68237,4.4276175,326.8704,4.3805037,304.88794,4.2429743,324.5619,4.3032303,362.37946,3.907916,350.0744,4.4714823,318.25638,4.405667
COc1ccc(N(c2ccc(C=C(c3ccccc3)c3ccccc3)cc2)c2ccc(OC)cc2)cc1,Cc1ccccc1,376.0,4.446070936,367.70068,4.522364,368.62598,4.3550653,377.4995,4.551553,377.0575,4.5061297,377.05698,4.5244775,366.80878,4.453168,371.9391,4.4336524,399.2555,4.5292425,368.79175,4.549046,367.2717,4.5546513
COc1ccc(N(c2ccc(/C=C(\C)c3ccccc3)cc2)c2ccc(OC)cc2)cc1,Cc1ccccc1,347.0,4.359645793,348.02002,4.450896,340.9571,4.291624,357.8575,4.446934,376.8872,4.2675548,358.19644,4.4277873,340.1016,4.3615737,355.85,4.384755,391.899,4.345647,363.27963,4.51365,355.77225,4.5110397
O=c1oc2cc3ccccc3cc2nc1-c1ccccc1,CCCCCC,350.0,4.367169489,378.9131,4.198069,366.82648,4.3101225,380.02255,4.3814907,390.1159,4.3786755,384.35992,4.2971,358.666,4.651756,383.7551,4.308447,364.1226,4.3123393,381.03647,4.281295,376.58316,4.4873753
O=c1oc2cc3ccccc3cc2nc1-c1ccccc1,c1ccccc1,356.0,4.364550995,384.0251,4.19543,375.3218,4.307933,383.93155,4.403142,394.09808,4.3332596,382.25763,4.298192,361.4093,4.5855293,391.0657,4.322082,371.59528,4.249992,384.9654,4.3169317,381.27185,4.440392
O=c1oc2cc3ccccc3cc2nc1-c1ccccc1,CC#N,348.0,4.382737266,368.12408,4.188421,370.89847,4.275684,375.86057,4.4511614,382.72235,4.2808914,376.20392,4.286052,357.78372,4.697816,379.66586,4.31407,361.2161,4.2983437,377.37952,4.35421,374.53058,4.4863954
O=c1oc2cc3ccccc3cc2nc1-c1ccccc1,CO,346.0,4.373463722,372.90582,4.2388597,366.65063,4.3634157,378.4202,4.460318,389.55365,4.306261,372.72937,4.344634,346.97568,4.6806407,377.90933,4.3050413,365.4109,4.2821836,372.2955,4.327374,378.1451,4.4699054
O=c1oc2c(ccc3ccccc32)nc1-c1ccccc1,CCCCCC,398.0,4.083144143,364.0277,4.0720644,373.87048,4.0952587,387.57257,4.194091,396.60767,4.278422,378.78076,4.139551,378.03314,4.3089232,385.5596,4.3143783,363.05798,4.3544726,372.53284,4.246269,390.04135,3.9359603
O=c1oc2c(ccc3ccccc32)nc1-c1ccccc1,c1ccccc1,396.0,4.0923697,370.2414,3.9710555,380.03882,4.071269,390.24792,4.22584,402.0861,4.287697,383.26923,4.0650916,385.01334,4.298095,391.31744,4.34986,369.49957,4.281644,377.24908,4.269675,395.37793,3.9542422
O=c1oc2c(ccc3ccccc32)nc1-c1ccccc1,CC#N,396.0,4.051923916,354.66772,3.99437,373.85013,4.1348577,386.25327,4.254091,389.77243,4.222932,371.80453,4.094464,378.10526,4.3706303,378.8412,4.334328,360.64938,4.343842,369.34412,4.3116302,388.65744,3.96488
O=c1oc2c(ccc3ccccc32)nc1-c1ccccc1,CO,396.0,4.04316572,362.63605,4.1648397,369.229,4.226653,389.30322,4.363712,397.28723,4.257619,372.4967,4.1400285,374.6396,4.374836,378.05084,4.312738,361.81754,4.2958364,364.5455,4.303847,386.98447,4.03108
CC(C)(C)c1cc(-c2cc3c(cc(-c4cc(C(C)(C)C)cc(C(C)(C)C)c4)n3-c3ccc(C(=C(c4ccccc4)c4ccccc4)c4ccccc4)cc3)n2-c2ccc(C(=C(c3ccccc3)c3ccccc3)c3ccccc3)cc2)cc(C(C)(C)C)c1,ClCCl,337.0,4.812913357,370.965,4.6409626,379.5409,4.7540607,395.05258,4.5634456,408.3747,4.739128,377.56705,4.693796,377.57452,4.692133,393.83063,4.6592307,403.87424,4.7306104,368.88287,4.637091,420.49963,4.5902114
CC(C)(C)c1cc2c3cc(C(C)(C)C)c(-c4cc5cc6c7cccc8cccc(c9cc(C(C)(C)C)cc(c5cc4C(C)(C)C)c96)c87)cc3cc3c4cccc5cccc(c(c1)c23)c54,CC1CCCCC1,446.0,4.86332286,492.64532,4.6412106,497.55972,4.6809077,507.8183,4.7745132,506.60034,4.781397,503.96176,4.638643,466.4157,4.7127085,516.36487,4.6063385,479.38278,4.7574573,489.00363,4.526862,503.51602,4.6652546
CC(C)(C)c1ccc2cc3c4cccc5cccc(c6cc(C(C)(C)C)cc(c2c1)c63)c54,CC1CCCCC1,438.0,4.591064607,438.97327,4.5141325,439.64966,4.3488374,442.65613,4.4095135,443.1936,4.421069,432.7955,4.2971206,416.10748,4.398499,447.38358,4.3965454,422.0851,4.474906,425.8584,4.3505287,432.66388,4.4290214
B1C=Cc2ccc3ccccc3c2N1,C1CCCCC1,351.0,3.961373628,322.70926,4.01276,345.946,3.7882721,328.8562,3.8795898,333.25168,4.0743165,321.0908,3.9156036,329.3034,3.8064115,311.30658,3.8873658,338.27313,3.98352,321.33328,3.91086,332.01517,3.8197434
C=CB1C=Cc2ccc3ccccc3c2N1,C1CCCCC1,355.0,3.988826407,361.79404,3.9841537,358.12366,3.7873297,355.7016,3.9224663,347.06894,3.9319687,332.28134,4.2478423,347.69324,3.7379344,319.57687,3.9331183,367.34903,4.1376743,347.92654,4.037002,344.5347,4.088733
C1=Cc2ccc3ccccc3c2N(c2ccccc2)B1c1ccccc1,C1CCCCC1,364.0,3.792391689,360.07523,3.9616444,373.20874,3.8234458,358.83484,4.0665374,379.00806,3.9090414,409.7424,3.8335338,363.37805,4.086593,356.2021,4.2823453,375.81723,3.9603808,380.01874,3.855188,370.85318,4.120343
C1=C(c2ccccc2)B(c2ccccc2)Nc2c1ccc1ccccc21,C1CCCCC1,365.0,4.177507642,376.70297,4.120445,376.94058,3.8904157,382.3811,4.227048,401.13187,3.9745116,388.5304,3.8868208,379.03183,3.9835024,358.7685,4.0509667,395.11322,4.295455,389.58658,3.8228722,377.71024,3.9462225
c1ccc(-p2c3ccccc3c3sc4ccccc4c32)cc1,ClCCl,317.0,4.45,356.68253,4.017762,381.74106,3.8552873,365.4773,3.997447,356.58945,3.9359915,376.87192,3.6272023,358.92822,4.04479,371.62738,4.245019,357.0108,4.307783,366.0422,3.9591975,379.52658,3.7865567
O=P1(c2ccccc2)c2ccccc2-c2sc3ccccc3c21,ClCCl,329.0,3.86,362.72488,3.1503048,368.7937,3.5224571,331.65216,3.7556963,337.11298,2.8838186,362.48026,3.1881952,344.16302,3.4053824,363.34198,3.3260188,364.05695,3.4974117,353.03006,3.2221017,367.61176,3.1931252
O=P1(c2ccccc2)C2=C(c3ccccc31)S(=O)(=O)c1ccccc12,ClCCl,386.0,3.73,370.7066,4.063988,368.26614,3.615788,360.84875,4.1306744,362.3001,4.2341385,362.19003,4.1761336,359.60812,4.340847,357.55804,4.138113,348.73987,4.169631,375.12384,3.8445702,368.8858,3.9780185
CCCCCC(=O)c1cccc2sc3c(c12)P(=O)(c1ccccc1)c1ccccc1-3,ClCCl,359.0,5.3,386.39523,3.238752,380.01886,3.6363697,352.81857,3.8194373,372.93222,2.7085671,387.11453,3.2208347,361.6794,3.3756099,403.1631,3.2881186,377.69724,3.5858483,391.4914,3.3374176,376.4497,3.2095518
O=C(c1ccc2c3c(sc2c1)-c1ccccc1P3(=O)c1ccccc1)c1c(F)c(F)c(F)c(F)c1F,ClCCl,368.0,4.65,369.57117,3.4787807,401.13205,3.8671496,379.98523,4.0580063,374.56204,2.9818869,397.2985,3.6985297,379.32947,3.45857,388.69766,3.4114466,400.93726,3.611489,394.54044,3.3488107,379.3972,3.4121697
C#CCN1C(=O)/C(=C/c2cc(OC(C)C)ccc2OC(C)C)N=C1C,CCCCCC,392.0,3.431363764,369.07736,4.112311,373.57117,4.189208,376.3294,4.1483626,377.2768,4.124242,388.85532,4.2473617,388.28738,4.2719097,403.4417,4.441446,356.99115,4.270909,395.17786,4.510624,378.0619,4.1224866
C#CCN1C(=O)/C(=C/c2cc(OC(C)C)ccc2OC(C)C)N=C1C,CCOC(C)=O,393.0,4.06069784,368.07996,4.079759,377.84695,4.284699,371.23676,4.1493573,369.37204,4.185083,384.06158,4.224089,390.38513,4.306078,399.5799,4.3780756,364.88544,4.3241434,390.65762,4.455928,376.55823,4.1701736
C#CCN1C(=O)/C(=C/c2cc(OC(C)C)ccc2OC(C)C)N=C1C,C1COCCO1,396.0,4.155336037,360.6143,4.1745424,377.39816,4.2505164,367.87122,4.278619,378.54773,4.111179,386.34326,4.282842,392.80936,4.342391,403.81833,4.34752,358.48257,4.2081976,392.8277,4.490418,375.35187,4.1954775
C#CCN1C(=O)/C(=C/c2cc(OC(C)C)ccc2OC(C)C)N=C1C,CC(C)=O,394.0,4.133538908,362.63272,4.1805296,379.48892,4.2145333,370.83224,4.1114783,365.40445,4.1285243,383.94098,4.2139707,395.76157,4.287711,407.47327,4.4063764,370.85846,4.263687,393.8406,4.467811,377.69995,4.15876
C#CCN1C(=O)/C(=C/c2cc(OC(C)C)ccc2OC(C)C)N=C1C,CC#N,395.0,4.071882007,355.7046,4.0062823,373.01163,4.24281,373.874,4.247038,374.41568,4.1747246,381.23108,4.2181234,387.3777,4.250865,405.7439,4.4189425,360.17923,4.249672,390.26355,4.490141,376.59933,4.08071
C#CCN1C(=O)/C(=C/c2cc(OC(C)C)ccc2OC(C)C)N=C1C,CN(C)C=O,399.0,4.176091259,362.0366,4.0615635,386.00665,4.3206334,375.77127,4.240162,375.68628,4.169184,393.54993,4.215884,398.48868,4.326116,412.29907,4.4061565,373.7735,4.2800784,400.54565,4.4814725,389.31882,4.079945
C#CCN1C(=O)/C(=C/c2cc(OC(C)C)ccc2OC(C)C)N=C1C,CS(C)=O,401.0,4.103803721,359.57306,4.0817933,385.91037,4.2280235,379.9774,4.1619134,376.27457,4.065529,392.33307,4.201064,393.57718,4.2028346,406.6899,4.3931017,374.37036,4.2564955,401.58533,4.4678774,385.4593,4.152183
C#CCN1C(=O)/C(=C/c2cc(OC(C)C)ccc2OC(C)C)N=C1C,CCCCO,400.0,4.033423755,365.59863,4.081706,383.48267,4.227463,376.17746,4.1302624,379.29874,4.1699924,387.7763,4.1646457,397.35706,4.28275,408.6317,4.419717,364.39923,4.251871,396.44708,4.4721317,379.57123,4.0494995
C#CCN1C(=O)/C(=C/c2cc(OC(C)C)ccc2OC(C)C)N=C1C,CCCO,400.0,4.0,360.78192,4.078159,381.54987,4.2032633,373.66077,4.1485415,375.8239,4.1166415,385.54437,4.191682,399.9861,4.3041143,407.33282,4.3999686,363.88437,4.2369537,394.4136,4.4701834,380.41736,4.064121
C#CCN1C(=O)/C(=C/c2cc(OC(C)C)ccc2OC(C)C)N=C1C,CCO,399.0,4.071882007,364.20795,4.084568,380.175,4.202155,371.04303,4.1912794,371.11713,4.085944,384.68835,4.1785626,395.77618,4.2980824,405.88635,4.4175467,362.82434,4.272923,392.089,4.5013275,380.88962,4.069833
C#CCN1C(=O)/C(=C/c2cc(OC(C)C)ccc2OC(C)C)N=C1C,CO,398.0,4.041392685,364.0777,4.1410017,380.61813,4.224206,368.75568,4.2362704,368.80164,4.088385,382.7235,4.1982484,394.23532,4.347299,403.80914,4.3956356,364.10428,4.3049965,388.3504,4.5161276,379.87823,4.1399918
CN(C)CCNCc1c2ccccc2cc2ccccc12,C1CCCCC1,368.0,3.966094779,341.74277,4.107061,337.88315,4.2726607,348.70786,4.048168,356.73822,4.1446743,353.76215,4.2936254,348.19308,3.9245179,346.17352,4.1768947,339.7845,4.2992315,363.15433,3.9945297,357.64813,4.215531
CN(C)CCNCc1c2ccccc2cc2ccccc12,ClC(Cl)Cl,367.0,4.232233521,341.19092,4.2873645,348.45563,4.4296765,354.02972,4.2193475,359.35925,4.311373,356.1784,4.298951,351.99048,4.131043,358.0011,4.2593346,338.0807,4.312864,362.72577,4.1294417,366.3961,4.2679434
CN(C)CCNCc1c2ccccc2cc2ccccc12,C1CCOC1,366.0,3.989761188,339.682,4.0671372,344.20154,4.3617496,350.0664,4.145647,354.15002,4.13559,357.56897,4.37095,358.00797,4.0772476,350.70938,4.1682005,337.89142,4.327801,367.9651,4.0395494,361.169,4.212684
CN(C)CCNCc1c2ccccc2cc2ccccc12,CO,364.0,4.26073902,344.6948,4.174433,343.26776,4.1986623,344.7368,4.127261,344.19446,4.1821404,352.68448,4.3013773,362.8606,4.30628,347.50146,4.3733172,334.75275,4.3943734,362.31638,4.0772076,364.1281,4.222863
CN(C)CCNCc1c2ccccc2cc2ccccc12,CC(C)=O,365.0,4.257006218,345.33713,4.2440186,347.55157,4.378952,363.47342,4.230221,358.9485,4.2790017,361.15784,4.3640356,363.88385,4.0744944,363.47943,4.2901287,343.93225,4.323079,370.28094,4.1302624,372.6537,4.347979
CN(C)CCNCc1c2ccccc2cc2ccccc12,CCO,366.0,4.235831337,338.7769,4.1384583,341.65405,4.238876,347.27835,4.141819,347.71353,4.222354,359.0841,4.321867,359.79037,4.097042,355.25116,4.354113,337.8886,4.3379283,365.18256,4.071943,366.67633,4.2032666
CN(C)CCNCc1c2ccccc2cc2ccccc12,CC#N,365.0,4.005866602,335.6714,4.2588987,335.58636,4.3426337,349.6185,4.2289634,349.3688,4.2578177,351.47623,4.335253,355.96326,3.943199,344.15503,4.2815742,333.5491,4.3335295,370.3469,4.0551,356.56638,4.2631817
CN(C)CCNCc1c2ccccc2cc2ccccc12,CN(C)C=O,363.0,4.203902781,354.12387,4.095565,340.08395,4.2973275,350.7102,4.3261414,349.9145,4.314099,364.22574,4.3856273,357.5566,4.1192207,364.78217,4.0589457,344.02734,4.322064,367.88226,3.9448235,371.58832,4.2349124
CCCCC(CC)Cn1c2ccc(-n3c4ccccc4c4ccccc43)cc2c2cc(-n3c4ccccc4c4ccccc43)ccc21,C1CCOC1,367.0,3.477121255,375.53076,4.380525,355.55872,4.454839,370.36627,4.4213977,374.91788,4.3611655,368.9043,4.34712,362.41946,4.5397806,360.54395,4.5323977,371.12506,4.5708356,354.09528,4.3352613,372.2895,4.2057157
CN(C)CCCN1c2ccccc2CCc2ccc(Cl)cc21,O,279.0,3.78,269.4969,3.8207023,273.0703,3.8013422,281.083,3.7568748,290.2744,3.786179,273.50302,3.7365777,287.83057,3.873807,277.6054,3.940099,284.26877,3.9220638,283.261,3.8639178,270.4126,3.8714554
c1ccc2c(c1)CCc1ccccc1N2,CO,290.0,4.24,317.62723,4.040045,288.38702,3.9242659,277.01242,3.9657867,288.9017,4.1347756,273.69434,3.9134636,271.21106,3.6333532,278.5924,4.2313375,290.17715,3.9049199,300.81445,3.8301044,285.94794,3.862466
CN1c2ccccc2CCc2ccccc21,CO,278.0,3.98,285.0368,4.1228986,278.74683,3.7459803,272.88422,4.1339536,286.4735,4.194943,274.21362,3.6107407,275.45038,3.8530889,280.55273,4.0603456,281.45166,4.2637634,286.0089,3.8710957,286.55273,4.0725994
CN(C)CCCN1c2ccccc2CCc2ccc(Cl)cc21,CO,276.0,3.89,272.63757,3.7422795,276.54114,3.7641091,278.3844,3.7549586,286.27222,3.82977,276.38983,3.8325844,289.71863,3.8663642,282.34335,4.0444036,286.86438,4.1956797,284.08142,3.7066407,281.98392,3.7698298
CC(C)CCCN1c2ccccc2CCc2ccccc21,CO,276.0,3.85,285.98804,4.1529503,286.40118,3.823586,283.74014,3.938417,282.64813,3.8409152,271.87683,3.9401484,274.52548,3.8412514,280.2091,4.1132946,279.32727,4.1568956,277.99918,3.8068511,288.4621,3.9917507
c1ccc2c(c1)CCc1ccccc1N2,CC#N,290.0,4.25,305.96146,3.9903512,289.80304,3.8559337,269.1809,4.072023,289.15466,3.9146788,268.56125,3.7172534,269.50388,3.7669625,276.4301,4.278417,285.85553,3.958425,301.32147,3.9492047,281.36914,3.850859
CN1c2ccccc2CCc2ccccc21,CC#N,279.0,4.01,275.29993,3.9011164,281.24707,3.8369334,264.12115,4.1643534,282.94113,4.1450453,267.76038,3.5607,270.28632,3.9463992,272.6289,4.1635222,272.84192,4.17277,281.41406,3.9555924,279.06036,3.9536722
CN(C)CCCN1c2ccccc2CCc2ccc(Cl)cc21,CC#N,280.0,3.83,271.98718,3.8136477,280.43085,3.8738456,283.53912,3.8201492,289.8553,3.8657444,272.4204,3.754717,288.4485,3.823411,279.80505,3.9776454,277.8362,4.0081463,286.65237,3.7134097,276.79553,3.8254445
CC(C)CCCN1c2ccccc2CCc2ccccc21,CC#N,276.0,3.86,281.12067,3.9547963,288.09045,3.87191,284.33673,3.91116,285.03903,3.8553386,268.9253,3.8472955,275.17438,3.8232985,277.8427,4.063264,272.08127,4.005836,282.76678,3.8068933,278.89923,3.8529768
c1ccc2c(c1)CCc1ccccc1N2,CCCCCC,285.0,4.16,308.0794,4.2006283,287.14114,3.8325353,253.24872,4.000255,284.31323,3.94285,268.50638,3.8447695,270.41986,3.8979986,277.0971,4.260117,276.38895,4.0618134,285.9859,4.0290394,277.5692,3.967756
COc1ccccc1-c1c(-c2ccccc2O)nc(-c2ccc(C(F)(F)F)cc2)n1-c1ccc(C)cc1,ClC(Cl)Cl,314.0,4.230448921,315.48947,4.300185,315.49347,4.3313375,309.92566,4.276442,318.49777,4.2062826,310.1153,4.238827,309.109,4.323281,317.06464,4.2042966,306.39325,4.3040266,311.80292,4.2767773,313.23328,4.2121143
COc1ccccc1-c1c(-c2ccccc2O)nc(-c2ccc(C(F)(F)F)cc2)n1-c1ccc(C)cc1,ClCCl,313.0,4.380211242,312.12122,4.310564,316.2304,4.2656264,309.20102,4.287896,312.86743,4.252121,310.86908,4.2199326,307.04266,4.262623,308.7673,4.2204633,304.50418,4.3518815,312.51178,4.1910496,311.51514,4.1856346
COc1ccccc1-c1c(-c2ccccc2O)nc(-c2ccc(C(F)(F)F)cc2)n1-c1ccc(C)cc1,C1CCOC1,313.0,4.322219295,314.88382,4.356379,315.72665,4.279328,313.2908,4.243334,318.20422,4.339145,313.67535,4.0691624,311.4133,4.2639995,314.30286,4.2599545,308.4547,4.363049,318.73117,4.161492,311.3776,4.166579
COc1ccccc1-c1c(-c2ccccc2O)nc(-c2ccc(C(F)(F)F)cc2)n1-c1ccc(C)cc1,CS(C)=O,315.0,4.681241237,314.0669,4.3607655,317.7403,4.3439837,316.3698,4.325229,323.05484,4.403287,323.9503,4.235977,314.5568,4.3271575,316.17206,4.2793574,317.75467,4.31912,327.8807,4.2769656,317.44427,4.283515
COc1ccccc1-c1c(-c2ccccc2O)nc(-c2ccc(C(F)(F)F)cc2)n1-c1ccc(C)cc1,CC(C)O,311.0,4.361727836,306.04706,4.2690244,310.75897,4.2270617,300.7348,4.2154474,313.1209,4.26869,314.13293,4.177256,297.05606,4.2370696,307.2564,4.143468,309.93915,4.307447,306.86954,4.164492,309.31665,4.0633717
COc1ccccc1-c1c(-c2ccccc2O)nc(-c2ccc(C(F)(F)F)cc2)n1-c1ccc(C)cc1,CO,309.0,4.602059991,309.19666,4.2827306,312.62326,4.145898,305.72815,4.258589,313.73175,4.222847,309.5785,4.19884,301.64148,4.2237253,305.00693,4.1014643,299.16962,4.3573284,307.41656,4.171434,310.67746,4.0944595
COc1ccccc1-c1nc(-c2ccc(C(F)(F)F)cc2)n(-c2ccc(C)cc2)c1-c1ccccc1OC,CCCCCC,285.0,4.103803721,316.40216,4.3374023,321.85797,3.9947612,316.49966,4.0279293,331.91595,3.9207156,317.21667,3.9465694,327.7516,4.2123065,323.6453,4.1000876,295.23126,4.4113545,320.06732,4.1468663,310.4286,3.945006
COc1ccccc1-c1nc(-c2ccc(C(F)(F)F)cc2)n(-c2ccc(C)cc2)c1-c1ccccc1OC,ClCCl,286.0,4.212187604,319.32697,4.333169,318.87952,4.2687216,319.6108,4.337488,332.0651,4.2415514,313.3521,4.258532,317.48874,4.344052,315.65448,4.1609955,301.7348,4.317016,318.90485,4.2465954,312.22128,4.1398892
COc1ccccc1-c1nc(-c2ccc(C(F)(F)F)cc2)n(-c2ccc(C)cc2)c1-c1ccccc1OC,CS(C)=O,286.0,4.176091259,321.7456,4.3750424,320.4926,4.3587766,325.15952,4.380707,341.58984,4.3869576,325.86206,4.2320395,323.60736,4.36109,322.3456,4.2515426,314.8837,4.29758,333.19733,4.297649,320.45752,4.2286425
COc1ccccc1-c1nc(-c2ccc(C(F)(F)F)cc2)n(-c2ccc(C)cc2)c1-c1ccccc1OC,CC(C)O,285.0,4.198657087,313.354,4.23693,313.35675,4.225488,308.13416,4.266896,329.50217,4.2297783,315.37485,4.1779804,304.26855,4.236716,313.17847,4.1196547,307.71436,4.280998,312.94772,4.16051,310.0329,4.0401936
COc1ccccc1-c1nc(-c2ccc(C(F)(F)F)cc2)n(-c2ccc(C)cc2)c1-c1ccccc1OC,CO,284.0,4.041392685,319.8844,4.2844067,315.74377,4.131348,316.2467,4.3540034,328.38507,4.1825976,311.98206,4.199902,307.75385,4.2428083,311.52097,4.0286484,295.9069,4.325153,314.20096,4.173093,310.9156,4.0713263
CCCCCCn1c2cc(/C=C/c3ccccc3)ccc2c2ccc(/C=C/c3ccccc3)cc21,ClC(Cl)Cl,390.625,4.843232778,364.8625,4.928548,362.8861,4.9168844,367.00122,4.8828654,353.35468,4.763209,366.22162,4.755476,367.68964,4.920159,369.43668,4.8202224,378.0848,4.820873,368.1501,4.7656255,378.49945,4.9145656
CCCCCCn1c2cc(/C=C/c3cccs3)ccc2c2ccc(/C=C/c3cccs3)cc21,ClC(Cl)Cl,408.1632653,4.797267541,396.70883,4.8746495,380.69067,4.8168097,389.28693,4.8433957,382.52103,4.831704,393.52747,4.7950816,390.32242,4.8311076,381.49588,4.7731805,409.99768,4.7343016,388.6936,4.5956883,402.5738,4.8530827
Cc1cccc(NC(=O)c2ccc(N(C)C)cc2)c1,C1CCCCC1,306.0,4.408239965,300.18768,4.4632955,302.1219,4.572592,311.93338,4.2907662,320.972,4.5286913,306.5973,4.5803385,306.66302,4.5770626,294.0224,4.542416,311.75775,4.5625467,314.82895,4.551063,312.37115,4.516105
Cc1cccc(NC(=O)c2ccc(N(C)C)cc2)c1,CCOCC,306.0,4.525044807,300.93787,4.5889897,304.4195,4.709716,309.14227,4.425927,320.67966,4.624053,306.27322,4.665655,307.767,4.653279,293.48178,4.5940657,305.3193,4.6412597,315.0221,4.6420336,317.3562,4.5899663
Cc1cccc(NC(=O)c2ccc(N(C)C)cc2)c1,C1CCOC1,311.0,4.469822016,305.97864,4.5604215,308.90045,4.6661124,314.73593,4.4116073,324.7025,4.5974193,308.2442,4.6487737,311.4211,4.661801,297.52402,4.5545187,308.1148,4.5709877,317.95868,4.598915,317.96326,4.5969806
Cc1cccc(NC(=O)c2ccc(N(C)C)cc2)c1,CC#N,314.0,4.540329475,305.19592,4.445374,309.05426,4.6828218,319.23718,4.306207,327.46198,4.546546,306.34006,4.5904436,314.18323,4.6955843,301.79443,4.588992,303.73547,4.5723863,320.3477,4.6282334,318.9366,4.5171704
CN(C)c1ccc(C(=O)Nc2ccccc2)cc1,C1CCCCC1,307.0,4.546542663,306.9388,4.339617,311.4768,4.4616776,309.0601,4.265274,318.3698,4.520944,313.41864,4.5049014,306.31903,4.4786406,304.02203,4.5103307,319.33658,4.5341177,311.5419,4.500793,307.96823,4.5205073
CN(C)c1ccc(C(=O)Nc2ccccc2)cc1,CCOCC,307.0,4.608526034,308.20715,4.495384,312.77206,4.6052322,302.8365,4.4255037,315.19995,4.625001,312.41083,4.5798955,307.8092,4.5565577,303.1576,4.557452,312.77344,4.61769,311.45975,4.590625,311.5036,4.583312
CN(C)c1ccc(C(=O)Nc2ccccc2)cc1,C1CCOC1,311.0,4.571708832,313.29584,4.4571733,317.9546,4.551305,311.34473,4.379325,320.9657,4.616649,314.60208,4.562859,311.9136,4.5846786,307.7903,4.512987,315.6893,4.547952,315.0094,4.548501,313.4135,4.589767
CN(C)c1ccc(C(=O)Nc2ccccc2)cc1,CC#N,314.0,4.57863921,315.05746,4.393511,318.60455,4.5734153,315.3788,4.3177395,321.49554,4.5904384,315.4899,4.529463,314.92014,4.575018,308.14362,4.5229044,311.2845,4.549918,317.45648,4.5965066,314.2285,4.5165772
CN(C)c1ccc(C(=O)Nc2cccc(Br)c2)cc1,C1CCCCC1,310.0,4.584331224,306.02844,4.4856954,313.10803,4.4732075,312.30743,4.4435625,311.61115,4.462469,312.52835,4.4924583,309.99988,4.541735,308.734,4.508825,319.04224,4.608785,315.24158,4.520908,310.47943,4.485796
CN(C)c1ccc(C(=O)Nc2cccc(Br)c2)cc1,CCOCC,312.0,4.679427897,306.43808,4.5724063,314.49475,4.603449,309.4679,4.514691,312.02985,4.545574,311.87146,4.5746193,310.3906,4.612606,307.6962,4.5573497,313.62976,4.690757,316.35138,4.600684,313.92572,4.558776
CN(C)c1ccc(C(=O)Nc2cccc(Br)c2)cc1,C1CCOC1,317.0,4.655138435,312.1362,4.556554,319.7434,4.5533447,313.9198,4.533796,314.818,4.5156865,313.79834,4.5567193,313.94495,4.615587,312.0628,4.519168,315.62488,4.617278,318.24274,4.566381,316.0155,4.567412
CN(C)c1ccc(C(=O)Nc2cccc(Br)c2)cc1,CC#N,318.0,4.645422269,313.32202,4.5144453,320.61908,4.584126,321.89716,4.472801,317.5176,4.5322175,313.7285,4.5126214,317.20737,4.6654906,316.70795,4.5753856,311.94275,4.6219134,321.39374,4.6059546,318.51636,4.5096827
CN(C)c1ccc(C(=O)Nc2ccc([N+](=O)[O-])cc2)cc1,C1CCCCC1,337.0,4.041392685,354.02634,4.509581,339.68344,4.4711366,351.20953,4.609086,329.96707,4.425248,342.01416,4.5200634,340.93622,4.541483,338.2306,4.495727,339.22763,4.5637794,343.55652,4.4722524,340.72498,4.4116287
CN(C)c1ccc(C(=O)Nc2ccc([N+](=O)[O-])cc2)cc1,CCOCC,345.0,4.45484486,355.8496,4.6178093,338.55463,4.6195707,355.3998,4.690019,336.83145,4.5087075,343.51752,4.52127,340.5829,4.6128926,333.6234,4.4897046,333.16516,4.6411047,342.18066,4.5467143,344.70105,4.480475
CN(C)c1ccc(C(=O)Nc2ccc([N+](=O)[O-])cc2)cc1,C1CCOC1,353.0,4.414973348,369.3309,4.6003833,346.23767,4.56153,361.3811,4.684246,341.1198,4.5087337,348.34277,4.521608,343.56775,4.611119,341.95685,4.5205426,336.6053,4.577998,348.48196,4.529754,348.88306,4.470927
CN(C)c1ccc(C(=O)Nc2ccc([N+](=O)[O-])cc2)cc1,CC#N,354.0,4.390935107,383.41895,4.669676,350.9145,4.6089053,371.421,4.803962,344.03534,4.53109,353.42053,4.552777,356.48636,4.7566295,344.36743,4.542832,333.6701,4.5913405,349.64523,4.594833,350.84378,4.460547
N#Cc1ccc(N)c2nonc12,CCCCCC,397.0,3.79,390.92477,3.5494487,397.5428,3.3579285,360.99615,3.412538,393.45908,3.1934867,411.4538,3.5065603,407.12067,3.5341988,405.44885,3.3627803,394.21213,3.2291694,401.91254,3.331483,404.37268,3.3880734
N#Cc1ccc(N)c2nonc12,Cc1ccccc1,409.0,3.79,397.13702,3.593476,405.63995,3.3284483,367.8377,3.124991,392.02444,3.5221283,409.68085,3.3573027,408.11224,3.2263331,405.1718,3.345549,393.4987,3.14363,403.19803,3.0169497,416.21198,3.1407237
N#Cc1ccc(N)c2nonc12,C1COCCO1,418.0,3.86,385.15225,3.7429328,403.70963,3.5092702,354.10388,3.7464862,387.612,3.770389,412.7652,3.5084279,402.40332,3.682221,408.59033,3.518424,401.45035,3.37029,397.53973,3.3816051,412.28793,3.4751787
N#Cc1ccc(N)c2nonc12,ClCCl,407.0,3.82,394.19507,3.4298952,407.98242,3.4779294,373.09814,3.4502902,408.19745,3.4197798,417.69714,3.4126048,406.93668,3.5284572,408.3138,3.3185384,396.49625,3.2969642,400.94147,3.2903128,406.06717,3.3977292
N#Cc1ccc(N)c2nonc12,CC#N,421.0,3.88,390.30234,3.786419,400.60828,3.5137765,373.65704,3.6777122,388.72858,3.6726415,412.0534,3.4817362,406.65216,3.83921,405.66833,3.5403035,393.5888,3.3771808,403.27972,3.3991773,408.98203,3.452403
N#Cc1ccc(N)c2nonc12,CCO,430.0,3.91,391.29327,3.4721932,401.437,3.423286,368.77753,3.498581,402.9865,3.509649,420.88055,3.4152336,403.71954,3.4266105,402.54868,3.342181,393.3985,3.161746,398.6859,3.1237617,404.89664,3.3765547
N#Cc1ccc(N)c2nonc12,O,430.0,3.81,379.73315,3.4748392,388.99878,3.3870964,360.6024,3.4667177,391.47006,3.4648082,401.2,3.4311447,394.0887,3.4644504,400.1653,3.2522502,380.41064,3.2320924,377.69748,3.3807063,394.30188,3.3566232
c1ccsc1,ClCCl,230.0,4.06069784,259.32947,3.634151,252.37494,3.2769096,249.54669,3.06915,261.14142,3.6798694,225.32103,3.0442314,227.92017,3.2744718,253.75165,3.633753,259.96863,3.4988675,253.425,3.287096,253.17305,3.3360639
C[Si](C)(C)[Si](c1ccc(-c2ccc([Si]([Si](C)(C)C)([Si](C)(C)C)[Si](C)(C)C)s2)s1)([Si](C)(C)C)[Si](C)(C)C,ClCCl,350.0,4.46834733,305.94937,4.529765,315.6945,4.4895177,323.96765,4.5178943,310.0081,4.5276685,297.8821,4.5572925,312.19006,4.5509048,304.73553,4.5743146,299.8858,4.4273767,316.69016,4.4575224,315.92188,4.5440526
C[Si](C)(C)[Si](c1ccc(-c2ccc(-c3ccc([Si]([Si](C)(C)C)([Si](C)(C)C)[Si](C)(C)C)s3)s2)s1)([Si](C)(C)C)[Si](C)(C)C,ClCCl,394.0,4.584331224,372.50494,4.6242423,381.56845,4.5579376,384.6266,4.6491847,370.94217,4.631904,372.19385,4.6625295,370.39938,4.6381397,369.73026,4.6787887,370.38852,4.7073803,368.59882,4.5780106,368.1043,4.709409
c1cc2sccc2s1,ClCCl,270.0,4.103803721,286.3083,4.0492563,263.12274,3.9427378,267.2657,3.9157083,275.17554,4.257374,247.45036,3.6642687,266.17645,4.3458767,300.31537,4.156536,304.5522,4.184341,279.42303,3.8717773,300.21344,4.2121
CCCCCCCCCCCCCCCCOc1cc(C#Cc2ccc3ccccc3c2)c(OCCCCCCCCCCCCCCCC)cc1C#Cc1ccc(C=C(C#N)C#N)cc1,C1CCCCC1,436.0,4.614686342,413.68753,4.421545,451.9835,4.420883,466.18008,4.4053574,440.99197,4.409764,443.69852,4.4518847,450.8698,4.6499667,449.14246,4.6128807,456.2428,4.560511,457.18842,4.548341,422.2831,4.471852
CCCCCCCCCCCCCCCCOc1cc(C#Cc2ccc3ccccc3c2)c(OCCCCCCCCCCCCCCCC)cc1C#Cc1ccc(C=C(C#N)C#N)cc1,CCCCCC,430.0,4.620531635,409.42963,4.491367,445.94464,4.375406,453.29126,4.429311,437.0112,4.4897366,437.34045,4.4371624,442.33203,4.641593,451.46652,4.6451693,454.06793,4.5851436,454.82544,4.555856,414.98355,4.4586306
CCCCCCCCCCCCCCCCOc1cc(C#Cc2ccc3ccccc3c2)c(OCCCCCCCCCCCCCCCC)cc1C#Cc1ccc(C=C(C#N)C#N)cc1,ClC(Cl)(Cl)Cl,436.0,4.626371167,417.988,4.4600883,446.77234,4.4625616,467.83295,4.5046988,444.89728,4.4591,443.25653,4.4669228,465.4587,4.660225,458.96414,4.6802106,459.6704,4.6042233,457.64026,4.5834746,426.7185,4.5318313
CCCCCCCCCCCCCCCCOc1cc(C#Cc2ccc3ccccc3c2)c(OCCCCCCCCCCCCCCCC)cc1C#Cc1ccc(C=C(C#N)C#N)cc1,CCCCOCCCC,414.0,4.592765044,411.7751,4.4727316,450.15628,4.3880806,460.13846,4.4599247,443.96408,4.4849224,440.45975,4.4427595,449.81,4.6110454,451.94943,4.621536,455.9842,4.5782924,456.05487,4.541106,412.93796,4.4489546
CCCCCCCCCCCCCCCCOc1cc(C#Cc2ccc3ccccc3c2)c(OCCCCCCCCCCCCCCCC)cc1C#Cc1ccc(C=C(C#N)C#N)cc1,Cc1ccccc1,429.0,4.533136288,420.086,4.4040523,447.29688,4.4374027,462.3449,4.4451513,440.2776,4.426623,436.8401,4.382444,446.872,4.5917735,445.55838,4.598748,456.9243,4.5448604,455.26645,4.5147004,418.30646,4.4557533
CCCCCCCCCCCCCCCCOc1cc(C#Cc2ccc3ccccc3c2)c(OCCCCCCCCCCCCCCCC)cc1C#Cc1ccc(C=C(C#N)C#N)cc1,CCOCC,422.0,4.586497286,416.3653,4.456475,449.4151,4.4413333,453.66318,4.4691744,439.9173,4.471833,439.71542,4.4640026,447.5617,4.637581,447.1272,4.6118674,454.5201,4.595202,456.15698,4.546111,415.26834,4.480526
CCCCCCCCCCCCCCCCOc1cc(C#Cc2ccc3ccccc3c2)c(OCCCCCCCCCCCCCCCC)cc1C#Cc1ccc(C=C(C#N)C#N)cc1,C1COCCO1,420.0,4.569397321,419.45114,4.4772506,449.82346,4.3820047,457.12213,4.518586,446.98032,4.565772,441.3092,4.4652963,450.21683,4.587484,448.79434,4.597386,453.31613,4.563896,451.71008,4.5495586,419.0931,4.471996
CCCCCCCCCCCCCCCCOc1cc(C#Cc2ccc3ccccc3c2)c(OCCCCCCCCCCCCCCCC)cc1C#Cc1ccc(C=C(C#N)C#N)cc1,Brc1ccccc1,437.0,4.543981177,420.83002,4.4002213,447.94836,4.4291677,464.54453,4.4162283,444.08838,4.3905177,437.51093,4.363445,453.1529,4.5904026,446.03055,4.5997148,456.56165,4.5436916,456.03217,4.523078,419.52518,4.454288
CCCCCCCCCCCCCCCCOc1cc(C#Cc2ccc3ccccc3c2)c(OCCCCCCCCCCCCCCCC)cc1C#Cc1ccc(C=C(C#N)C#N)cc1,C1CCOC1,418.0,4.566119168,419.40442,4.425412,449.0899,4.414949,465.38882,4.486178,436.94727,4.4676266,439.13516,4.4418054,449.94736,4.6238675,449.24185,4.595289,454.48273,4.5618386,454.25452,4.549229,416.69086,4.435975
CCCCCCCCCCCCCCCCOc1cc(C#Cc2ccc3ccccc3c2)c(OCCCCCCCCCCCCCCCC)cc1C#Cc1ccc(C=C(C#N)C#N)cc1,CCOC(C)=O,414.0,4.568178248,422.46204,4.427704,447.86005,4.4610915,455.46533,4.475729,430.8192,4.43016,437.46045,4.4571543,452.08713,4.6412115,450.12772,4.6252666,454.75537,4.590283,450.7349,4.5446477,416.14282,4.494949
CCCCCCCCCCCCCCCCOc1cc(C#Cc2ccc3ccccc3c2)c(OCCCCCCCCCCCCCCCC)cc1C#Cc1ccc(C=C(C#N)C#N)cc1,ClC(Cl)Cl,436.0,4.539891205,414.54407,4.484732,448.07568,4.5050364,469.627,4.5437865,451.94263,4.5057797,443.07816,4.456692,463.7895,4.660118,462.89816,4.694693,459.55447,4.6035433,466.95908,4.6636486,428.18533,4.523965
CCCCCCCCCCCCCCCCOc1cc(C#Cc2ccc3ccccc3c2)c(OCCCCCCCCCCCCCCCC)cc1C#Cc1ccc(C=C(C#N)C#N)cc1,ClCCl,429.0,4.507990725,425.66388,4.491502,449.20044,4.47752,471.6301,4.472491,449.35226,4.450409,439.93292,4.4375296,459.27972,4.664016,459.09338,4.6671147,455.07205,4.5725427,458.876,4.599461,423.63126,4.507368
CCCCCCCCCCCCCCCCOc1cc(C#Cc2ccc3ccccc3c2)c(OCCCCCCCCCCCCCCCC)cc1C#Cc1ccc(C=C(C#N)C#N)cc1,CCCCCCCCO,423.0,4.552692546,420.72485,4.3913674,451.0686,4.4490323,466.58963,4.3580627,444.9762,4.424719,439.73636,4.382105,449.9535,4.607644,453.22815,4.5931563,459.56613,4.569358,458.42355,4.529059,413.9096,4.4051223
CCCCCCCCCCCCCCCCOc1cc(C#Cc2ccc3ccccc3c2-c2c(C#Cc3cc(OCCCCCCCCCCCCCCCC)c(C#Cc4ccc(C=C(C#N)C#N)cc4)cc3OCCCCCCCCCCCCCCCC)ccc3ccccc23)c(OCCCCCCCCCCCCCCCC)cc1C#Cc1ccc(C=C(C#N)C#N)cc1,C1CCCCC1,444.0,4.909743185,460.04056,4.509775,506.1752,4.567787,516.30975,4.5417085,479.50726,4.533847,484.36584,4.6860085,515.7063,4.850879,494.213,4.736166,503.41034,4.7135177,509.55298,4.7045517,458.18057,4.681878
CCCCCCCCCCCCCCCCOc1cc(C#Cc2ccc3ccccc3c2-c2c(C#Cc3cc(OCCCCCCCCCCCCCCCC)c(C#Cc4ccc(C=C(C#N)C#N)cc4)cc3OCCCCCCCCCCCCCCCC)ccc3ccccc23)c(OCCCCCCCCCCCCCCCC)cc1C#Cc1ccc(C=C(C#N)C#N)cc1,CCCCCC,442.0,4.90475881,452.70258,4.4597073,501.05963,4.5458813,501.1309,4.528685,473.1886,4.5723524,481.41235,4.697861,506.96152,4.855822,497.081,4.764408,503.30316,4.74132,506.66595,4.7034807,453.19968,4.6646404
CCCCCCCCCCCCCCCCOc1cc(C#Cc2ccc3ccccc3c2-c2c(C#Cc3cc(OCCCCCCCCCCCCCCCC)c(C#Cc4ccc(C=C(C#N)C#N)cc4)cc3OCCCCCCCCCCCCCCCC)ccc3ccccc23)c(OCCCCCCCCCCCCCCCC)cc1C#Cc1ccc(C=C(C#N)C#N)cc1,ClC(Cl)(Cl)Cl,447.0,4.902937957,459.08447,4.436054,501.4957,4.5877166,513.4951,4.594808,479.71265,4.6227026,489.91904,4.7663713,531.506,4.90751,505.0835,4.809965,506.65536,4.787635,508.8097,4.75366,463.13226,4.7172475
CCCCCCCCCCCCCCCCOc1cc(C#Cc2ccc3ccccc3c2-c2c(C#Cc3cc(OCCCCCCCCCCCCCCCC)c(C#Cc4ccc(C=C(C#N)C#N)cc4)cc3OCCCCCCCCCCCCCCCC)ccc3ccccc23)c(OCCCCCCCCCCCCCCCC)cc1C#Cc1ccc(C=C(C#N)C#N)cc1,CCCCOCCCC,435.0,4.942875775,455.4052,4.479695,503.5563,4.5669427,503.4697,4.5569844,473.2538,4.5732274,484.0449,4.7181263,512.33307,4.8224754,501.3263,4.7520328,503.04822,4.7286463,507.47504,4.6958838,454.4403,4.6616964
CCCCCCCCCCCCCCCCOc1cc(C#Cc2ccc3ccccc3c2-c2c(C#Cc3cc(OCCCCCCCCCCCCCCCC)c(C#Cc4ccc(C=C(C#N)C#N)cc4)cc3OCCCCCCCCCCCCCCCC)ccc3ccccc23)c(OCCCCCCCCCCCCCCCC)cc1C#Cc1ccc(C=C(C#N)C#N)cc1,Cc1ccccc1,436.0,4.876275589,467.31052,4.539167,500.41556,4.5883927,505.6313,4.5341682,475.20377,4.570641,479.48557,4.7071366,513.9062,4.812949,492.18945,4.795949,503.9578,4.7106223,508.22632,4.693657,456.8771,4.67751
CCCCCCCCCCCCCCCCOc1cc(C#Cc2ccc3ccccc3c2-c2c(C#Cc3cc(OCCCCCCCCCCCCCCCC)c(C#Cc4ccc(C=C(C#N)C#N)cc4)cc3OCCCCCCCCCCCCCCCC)ccc3ccccc23)c(OCCCCCCCCCCCCCCCC)cc1C#Cc1ccc(C=C(C#N)C#N)cc1,CCOCC,429.0,4.907427485,455.64667,4.451984,502.3544,4.57444,500.17627,4.551902,469.9196,4.5538435,480.08392,4.7072163,507.74292,4.829724,492.41284,4.7093716,500.5653,4.737271,505.52283,4.6949573,453.25607,4.6750646
CCCCCCCCCCCCCCCCOc1cc(C#Cc2ccc3ccccc3c2-c2c(C#Cc3cc(OCCCCCCCCCCCCCCCC)c(C#Cc4ccc(C=C(C#N)C#N)cc4)cc3OCCCCCCCCCCCCCCCC)ccc3ccccc23)c(OCCCCCCCCCCCCCCCC)cc1C#Cc1ccc(C=C(C#N)C#N)cc1,C1COCCO1,425.0,4.895394918,461.35,4.5518403,503.66956,4.5381575,498.44186,4.5597343,474.81726,4.644467,479.44513,4.681986,512.85266,4.7945194,491.64252,4.707366,501.39294,4.711197,500.49814,4.704875,453.3647,4.675093
CCCCCCCCCCCCCCCCOc1cc(C#Cc2ccc3ccccc3c2-c2c(C#Cc3cc(OCCCCCCCCCCCCCCCC)c(C#Cc4ccc(C=C(C#N)C#N)cc4)cc3OCCCCCCCCCCCCCCCC)ccc3ccccc23)c(OCCCCCCCCCCCCCCCC)cc1C#Cc1ccc(C=C(C#N)C#N)cc1,Brc1ccccc1,442.0,4.876200515,468.0169,4.537516,500.13336,4.575961,509.3675,4.52876,476.5768,4.569957,481.039,4.70128,518.4396,4.826185,492.9355,4.79482,503.90588,4.7078085,508.38477,4.7001705,458.09238,4.6775794
CCCCCCCCCCCCCCCCOc1cc(C#Cc2ccc3ccccc3c2-c2c(C#Cc3cc(OCCCCCCCCCCCCCCCC)c(C#Cc4ccc(C=C(C#N)C#N)cc4)cc3OCCCCCCCCCCCCCCCC)ccc3ccccc23)c(OCCCCCCCCCCCCCCCC)cc1C#Cc1ccc(C=C(C#N)C#N)cc1,C1CCOC1,425.0,4.891381329,463.10013,4.4869647,503.63617,4.564944,506.36438,4.556847,471.7336,4.5767775,479.33038,4.6894383,515.43097,4.8307924,493.37872,4.726282,501.55768,4.7106476,504.8915,4.710174,453.607,4.653879
CCCCCCCCCCCCCCCCOc1cc(C#Cc2ccc3ccccc3c2-c2c(C#Cc3cc(OCCCCCCCCCCCCCCCC)c(C#Cc4ccc(C=C(C#N)C#N)cc4)cc3OCCCCCCCCCCCCCCCC)ccc3ccccc23)c(OCCCCCCCCCCCCCCCC)cc1C#Cc1ccc(C=C(C#N)C#N)cc1,CCOC(C)=O,426.0,4.890867939,458.66766,4.464756,498.45526,4.584195,503.5369,4.5770054,468.67712,4.5478263,477.1495,4.705985,510.36584,4.842945,492.79498,4.727451,499.60623,4.736437,499.8195,4.7040057,453.47534,4.6844225
CCCCCCCCCCCCCCCCOc1cc(C#Cc2ccc3ccccc3c2-c2c(C#Cc3cc(OCCCCCCCCCCCCCCCC)c(C#Cc4ccc(C=C(C#N)C#N)cc4)cc3OCCCCCCCCCCCCCCCC)ccc3ccccc23)c(OCCCCCCCCCCCCCCCC)cc1C#Cc1ccc(C=C(C#N)C#N)cc1,ClC(Cl)Cl,446.0,4.88569473,463.1743,4.4885707,504.46045,4.624112,516.1455,4.6330905,483.98227,4.6606364,487.9894,4.7575083,528.9632,4.8951755,511.31732,4.83156,506.57324,4.7876472,516.86163,4.8094773,465.20535,4.719573
CCCCCCCCCCCCCCCCOc1cc(C#Cc2ccc3ccccc3c2-c2c(C#Cc3cc(OCCCCCCCCCCCCCCCC)c(C#Cc4ccc(C=C(C#N)C#N)cc4)cc3OCCCCCCCCCCCCCCCC)ccc3ccccc23)c(OCCCCCCCCCCCCCCCC)cc1C#Cc1ccc(C=C(C#N)C#N)cc1,ClCCl,436.0,4.86138504,464.2239,4.443794,501.99445,4.587601,517.67737,4.5480886,482.44543,4.5933533,481.61877,4.7162914,524.3525,4.8709116,501.5119,4.7727275,502.5554,4.723003,508.08533,4.7225165,459.8844,4.691043
CCCCCCCCCCCCCCCCOc1cc(C#Cc2ccc3ccccc3c2-c2c(C#Cc3cc(OCCCCCCCCCCCCCCCC)c(C#Cc4ccc(C=C(C#N)C#N)cc4)cc3OCCCCCCCCCCCCCCCC)ccc3ccccc23)c(OCCCCCCCCCCCCCCCC)cc1C#Cc1ccc(C=C(C#N)C#N)cc1,CCCCCCCCO,431.0,4.756689346,462.17572,4.4711275,503.9911,4.5867763,513.1604,4.5249004,476.71265,4.5718856,485.6949,4.6991234,516.3226,4.819629,501.13132,4.726293,505.23218,4.726773,509.4562,4.6951103,455.94116,4.646055
COc1ccc(C2=[N+]3C(=C(c4ccc(I)cc4)c4ccc(-c5ccc(OC)cc5)n4[B-]3(F)F)C=C2)cc1,ClC(Cl)Cl,582.0,4.733197265,582.04504,4.615017,575.31696,4.708542,571.42975,4.6604156,586.1087,4.667605,563.72577,4.6836534,567.847,4.7325454,566.58057,4.644529,575.33057,4.6095333,569.2628,4.729697,572.8138,4.641012
Cc1cc(C)c(C2=C3C=CC(c4ccc5ccccc5c4)=[N+]3[B-](F)(F)n3c2ccc3-c2ccc3ccccc3c2)c(C)c1,ClC(Cl)Cl,573.0,5.021602716,589.2108,4.7942624,568.219,4.824542,568.18854,4.772901,589.8454,4.802028,547.8944,4.809815,570.64813,4.8503923,547.049,4.7530785,573.6606,4.750723,588.50073,4.7881846,567.4293,4.774589
Cc1cc(C)c(C2=C3C=CC(c4ccc5c(ccc6ccccc65)c4)=[N+]3[B-](F)(F)n3c2ccc3-c2ccc3c(ccc4ccccc43)c2)c(C)c1,ClC(Cl)Cl,579.0,4.838849091,591.02563,4.832081,586.6919,4.7803593,573.5342,4.8002286,599.1512,4.826896,559.9972,4.8002357,578.13196,4.8901362,572.17883,4.7202272,583.99884,4.7325354,589.48645,4.823404,571.1983,4.755741
CCCC1=CC2=C(c3c(C)cc(C)cc3C)c3cc(CCC)c(-c4ccc5ccc6cccc7ccc4c5c67)n3[B-](F)(F)[N+]2=C1c1ccc2ccc3cccc4ccc1c2c34,ClC(Cl)Cl,562.0,4.707570176,609.242,4.9922333,622.56714,4.852784,638.6226,5.036795,642.8501,4.963624,621.8063,4.8349237,638.41907,5.0288587,624.5393,4.862405,623.5093,4.8239164,656.0907,5.00475,626.1266,4.9456606
F[B-]1(F)n2c(ccc2-c2nc3ccccc3s2)C(c2ccccc2)=C2C=CC(c3nc4ccccc4s3)=[N+]21,ClC(Cl)Cl,623.0,4.681241237,589.85284,4.8208027,601.50433,4.9182982,581.28674,4.7317204,563.29425,4.6400323,558.4148,4.5215855,552.3157,4.761392,563.9881,4.770188,568.495,4.8959565,564.85333,4.641444,571.4391,4.5143957
F[B-]1(F)n2c(ccc2-c2cccs2)C(c2ccc(Br)cc2)=C2C=CC(c3cccs3)=[N+]21,ClC(Cl)Cl,622.0,4.843232778,602.89685,4.7238684,589.22406,4.8319335,562.72864,4.7440205,601.9979,4.847487,582.26807,4.743369,575.3248,4.74979,581.887,4.72276,582.0653,4.792098,580.17395,4.776437,580.69086,4.6921477
F[B-]1(F)n2c(ccc2-c2cccs2)C(C(F)(F)F)=C2C=CC(c3cccs3)=[N+]21,CCCCCC,665.0,4.929418926,626.66956,4.8199387,620.358,4.832044,612.7627,4.726094,634.5249,4.773378,618.67426,4.7429056,633.3305,4.6678815,621.5406,4.7321043,619.4162,4.844194,607.05676,4.65361,618.47723,4.6147814
F[B-]1(F)n2c(cc(-c3ccccc3)c2-c2ccccc2)C(c2ccccc2)=C2C=C(c3ccccc3)C(c3ccccc3)=[N+]21,ClCCl,584.0,4.770115295,597.838,4.6372604,591.80835,4.6151304,594.19464,4.5868287,596.78345,4.605933,604.0841,4.5372744,588.8894,4.659791,609.1597,4.614813,600.9243,4.674555,600.18805,4.4820004,601.3487,4.5507736
F[B-]1(F)n2c(c(-c3ccccc3)c(-c3ccccc3)c2-c2ccccc2)C=C2C(c3ccccc3)=C(c3ccccc3)C(c3ccccc3)=[N+]21,C1CCOC1,576.0,4.789580712,591.00964,4.888338,586.0403,4.7792473,604.6034,4.851184,585.505,4.887819,595.923,4.8401003,578.70825,4.8039317,630.0813,4.855585,603.34644,4.7295556,594.08575,4.67657,579.00757,4.8607755
COc1ccc(C2=C(c3ccc(OC)cc3)C(c3ccc(OC)cc3)=[N+]3C2=C(c2ccc(OC)cc2)c2c(-c4ccc(OC)cc4)c(-c4ccc(OC)cc4)c(-c4ccc(OC)cc4)n2[B-]3(F)F)cc1,C1CCOC1,597.0,4.609594409,594.6223,4.5350475,623.31116,4.6147466,599.7221,4.553687,613.5155,4.660161,615.1655,4.50504,595.8107,4.6258965,614.7826,4.5826592,610.23865,4.5031295,589.6867,4.609437,605.73175,4.6377997
CC1=C(C#Cc2ccc(B(c3c(C)cc(C)cc3C)c3c(C)cc(C)cc3C)cc2)C(C)=[N+]2C1=C(c1ccccc1)c1c(C)c(C#Cc3ccc(B(c4c(C)cc(C)cc4C)c4c(C)cc(C)cc4C)cc3)c(C)n1[B-]2(F)F,ClCCl,576.0,5.227886705,567.1749,4.962788,577.57513,4.9810925,585.56866,4.9903274,551.0632,4.7195506,580.9264,5.0939484,556.51025,5.023094,585.48566,4.9866896,563.0315,4.8394637,593.1036,4.9407787,603.2767,4.947435
CC1=C(C#Cc2ccc([Si](c3ccccc3)(c3ccccc3)c3ccccc3)cc2)C(C)=[N+]2C1=C(c1ccccc1)c1c(C)c(C#Cc3ccc([Si](c4ccccc4)(c4ccccc4)c4ccccc4)cc3)c(C)n1[B-]2(F)F,ClCCl,575.0,4.829946696,571.5299,4.9196734,571.9371,4.8044877,592.364,4.963258,552.3618,4.532068,593.9844,4.989024,583.74426,4.935589,591.14044,4.6915746,568.4733,4.7416387,569.5713,4.798605,590.31995,4.7314453
CC1=CC(C)=[N+]2C1=C(c1ccccc1)c1c(C)cc(/C=C/c3ccc(N(C)C)cc3)n1[B-]2(F)F,CCOCC,594.0,4.991226076,577.77386,5.0001493,589.06805,4.914129,582.2206,4.9657025,586.54376,5.0259523,583.7466,5.0217338,582.75354,4.9795256,585.4611,4.9786544,581.86743,5.020443,580.2445,4.975715,585.9724,4.935355
CC1=CC(C)=[N+]2C1=C(c1ccc(C)cc1)c1c(C)cc(/C=C/c3ccc4ccc5cccc6ccc3c4c56)n1[B-]2(F)F,CC1CCCO1,598.0,4.971275849,607.32983,5.0655184,599.00507,4.8481817,599.1412,4.9442387,601.1374,4.909648,590.26263,4.903819,599.4706,5.003437,587.89984,4.8971977,597.32294,4.8532,613.89526,4.9189596,593.1478,4.934094
CC1=CC(/C=C/c2c3ccccc3c(C)c3ccccc23)=[N+]2C1=C(c1ccccc1)c1c(C)cc(/C=C/c3c4ccccc4c(C)c4ccccc34)n1[B-]2(F)F,CC1CCCO1,632.0,5.09131516,683.14026,5.1314735,690.76355,5.021411,668.7033,4.9897623,686.80176,4.8751945,693.3044,5.083349,691.78174,5.0861974,694.0877,5.1186757,695.765,4.9997625,694.9523,4.997871,652.35504,4.944228
CCOC(=O)c1ccc(/C=C/C2=[N+]3C(=C(c4ccccc4)c4ccc(/C=C/c5ccc(C(=O)OCC)o5)n4[B-]3(F)F)C=C2)o1,ClC(Cl)Cl,671.0,4.90579588,662.8612,4.8287807,669.685,4.8802404,681.8531,4.8174744,637.5633,4.866573,642.289,4.8649263,669.8092,4.948717,674.44794,4.9540215,641.576,4.8674045,675.487,4.821472,665.86646,4.7882037
CCOC(=O)/C=C/C1=[N+]2C(=C(c3c(C)cc(C)cc3C)c3ccc(/C=C/C(=O)OCC)n3[B-]2(F)F)C=C1,ClCCl,593.0,5.096910013,585.1309,4.849846,589.09827,4.989556,584.0911,4.9102416,584.0425,4.987414,558.63995,4.960868,571.7601,5.0695066,594.54285,5.0257506,578.4577,4.7930746,614.39325,4.8534904,600.6854,4.767679
CN1/C(=C\C=C\C=C\C2=C3C=CC(c4ccccc4)=[N+]3[B-](F)(F)n3c2ccc3-c2ccccc2)C(C)(C)c2ccccc21,CC#N,771.0,5.064457989,705.4207,5.105394,710.76904,5.1628838,700.2746,5.206204,705.7561,5.068796,699.7103,5.2822356,707.69385,5.1611395,717.479,5.170169,679.2458,5.138783,723.7433,5.184316,711.8567,5.222905
CN1/C(=C\C=C\C2=C3C=CC(c4ccccc4)=[N+]3[B-](F)(F)n3c2ccc3-c2ccccc2)Sc2ccccc21,CC#N,683.0,5.064457989,663.7242,4.8550043,668.1488,4.915193,669.6279,4.9571137,673.3356,4.993522,636.83044,4.9291024,660.45886,4.8661923,658.25525,4.939731,634.2338,4.863306,648.03986,4.882209,656.81946,4.890196
CCC1=C(C)C2=C(/C=C/c3ccc([N+](=O)[O-])cc3)c3c(C)c(CC)c(/C=C/c4ccc(OC)cc4)n3[B-](F)(F)[N+]2=C1/C=C/c1ccc(OC)cc1,ClCCl,666.0,4.949390007,658.2454,4.8317347,652.14954,4.8483934,644.76294,4.932577,660.3289,4.926653,642.7523,4.661051,647.49585,4.83171,644.7201,4.74827,629.9584,4.8085475,682.5962,4.751557,648.2178,4.7270947
CC1=C2CCc3ccccc3C2=[N+]2C1=C(c1ccc(I)cc1)c1c(C)c3c(n1[B-]2(F)F)-c1ccccc1CC3,ClC(Cl)Cl,619.0,5.163608563,578.1692,4.9424486,606.99725,5.088786,587.33856,5.0220814,608.5671,5.0096016,604.05554,5.0252676,583.69366,4.9521213,566.22314,4.8605924,613.92554,4.83109,591.2948,5.0572762,604.6448,5.023547
F[B-]1(F)n2c(cc3oc(-c4ccccc4)cc32)C=C2C=c3oc(-c4ccccc4)cc3=[N+]21,ClC(Cl)Cl,652.0,5.496929648,649.6455,5.4243503,675.9341,5.390394,664.29816,5.4818244,673.6701,5.5399494,665.4148,5.5413547,668.4807,5.5217814,665.3423,5.4152036,649.8474,5.386717,660.4754,5.393426,666.11926,5.431883
COc1ccc(-c2cc3c(o2)=CC2=Cc4cc5oc(-c6ccc(OC)cc6)cc5n4[B-](F)(F)[N+]=32)cc1,ClC(Cl)Cl,672.0,5.459392488,667.87036,5.402717,677.2031,5.3667192,678.0114,5.4169393,692.7168,5.4979343,676.50104,5.569709,676.56287,5.522859,677.85724,5.4494934,655.547,5.39401,669.04816,5.4427304,691.02313,5.402365
F[B-]1(F)n2c(cc3sc4ccccc4c32)C(c2ccc(I)cc2)=C2C=c3sc4ccccc4c3=[N+]21,ClC(Cl)Cl,658.0,4.734399743,644.778,4.9418406,659.443,5.066753,638.8269,4.979255,652.9969,5.0629606,662.3466,5.0744843,654.7501,5.04735,648.902,5.03061,657.6516,5.0672565,662.84546,5.0250225,646.869,5.1062794
COC(=O)c1ccc(C2=C3C=c4sc(-c5cccs5)cc4=[N+]3[B-](F)(F)n3c2cc2sc(-c4cccs4)cc23)cc1,ClCCl,684.0,5.307496038,653.43726,5.2880306,670.84894,5.2003775,654.66077,5.247038,662.0659,5.1198664,633.12933,5.2370834,651.83246,5.209697,658.0144,5.2433057,644.3096,5.114368,654.557,5.1946535,671.43506,5.3160396
COc1ccccc1C1=[N+]2C(=Cc3c4c(c(-c5ccccc5OC)n3[B-]2(F)F)C2CCC4CC2)C2=C1C1CCC2CC1,ClCCl,550.0,4.789580712,559.1184,4.8638377,551.14215,4.691674,568.5371,4.8421483,566.3407,4.841398,583.28705,4.78746,561.43304,4.7940893,587.7388,4.8013377,571.2729,4.814648,557.3787,4.7846527,588.6717,4.791663
F[B-]1(F)C2=C(C=c3c4cccc5cccc(c54)n31)c1cccc3ccc[n+]2c13,CS(C)=O,622.0,4.966141733,492.04865,4.38825,514.52,4.5401835,522.4532,4.293283,543.4768,4.494844,554.3899,4.4994802,533.1416,4.451114,533.58057,4.439349,544.193,4.6470876,502.7185,4.296807,498.5475,4.469029
CC1=c2c3c4cccc5cccc(c=3c(C)[n+]2[B-](F)(F)n2c(C)c3cc6c(-c7ccccc7)c7c(c(-c8ccccc8)c6cc3c21)-c1cccc2cccc-7c12)c54,ClCCl,658.0,4.899820502,708.61163,5.203864,731.13293,5.1815243,682.14557,5.018862,708.84717,5.1832433,728.4437,5.135769,701.0116,5.1376123,707.10016,5.037864,702.66406,5.081263,716.7874,4.9739313,732.0314,5.3203607
CC1=[N+]2C(=C(C3=CC4OCCOCCOCCOCCOC4C=C3)c3c4ccccc4c(/C=C/c4ccc(N(C)C)cc4)n3[B-]2(F)F)c2ccccc21,CC#N,693.0,4.838849091,678.1895,4.8834376,688.7176,4.9855785,680.6443,4.9522705,676.48773,5.105045,685.2349,5.0302773,676.19385,4.883914,706.68225,5.0926857,688.8878,4.968703,669.5757,5.048965,671.79224,4.957518
COc1ccc(C#Cc2c3ccccc3c3n2[B-](F)(F)[N+]2=C(C)C=C(C)C2=C3)cc1,ClCCl,616.0,4.531478917,608.0417,4.6738687,610.7,4.69969,617.58075,4.8513994,614.2623,4.8015285,623.1255,4.60538,616.483,4.644124,611.8174,4.624906,605.7716,4.8386207,603.8944,4.8740892,617.53253,4.6565957
COc1ccccc1C1=[N+]2C(=C(c3ccccc3)c3c4ccccc4c(-c4ccccc4OC)n3[B-]2(F)F)c2ccccc21,ClCCl,617.0,5.010002974,630.0886,5.034573,657.34863,4.985534,643.97534,5.0107927,660.3584,4.9509687,649.59735,4.940065,628.5266,4.9320307,648.2736,4.919317,665.182,4.8865643,637.711,4.959743,645.4953,4.90844
CCCCCCOc1ccc2c(c1)C1=[N+]3C2=Cc2c4ccc(OCCCCCC)cc4c4n2[B-]3(Oc2ccccc21)Oc1ccccc1-4,C1CCOC1,748.0,4.921166051,706.7394,5.1070433,773.1656,4.8750362,765.7179,5.0199537,720.411,5.134112,744.3607,5.0586157,760.85254,5.1230907,725.0631,5.0780644,745.2666,5.0684214,738.91223,4.9988136,727.9908,5.132642
F[B-]1(F)n2c(-c3ccccc3)cc(-c3ccccc3)c2N=C2C(c3ccccc3)=CC(c3ccccc3)=[N+]21,ClC(Cl)Cl,650.0,4.897627091,655.6726,4.8731413,662.6865,4.928973,670.4983,4.892827,671.42584,4.842887,679.1555,4.9149837,666.31067,4.976696,686.8495,4.9296966,676.8513,4.8951745,662.73157,4.9466662,684.6396,4.974889
F[B-]1(F)n2c(-c3cccs3)cc(-c3ccccc3)c2N=C2C(c3ccccc3)=CC(c3cccs3)=[N+]21,ClCCl,718.0,5.080987047,728.39856,4.968254,713.58746,5.019357,718.7836,5.01158,717.18994,5.0087256,723.04846,4.97941,720.8149,5.0360336,720.3623,5.0262794,719.3981,5.02194,718.60767,4.9134026,734.07275,5.015107
F[B-]1(F)n2c(-c3ccccc3)cc(-c3cccs3)c2N=C2C(c3cccs3)=CC(c3ccccc3)=[N+]21,ClCCl,683.0,4.892094603,672.25336,4.8646064,674.13196,4.913239,694.76874,4.9596915,693.21826,4.882011,705.95654,4.981071,687.2993,5.025832,694.96466,4.935426,703.39075,4.966205,667.2101,4.9988394,690.5109,4.951375
F[B-]1(F)n2c(c(-c3ccccc3)c(-c3cccs3)c2-c2ccccc2)N=C2C(c3ccccc3)=C(c3cccs3)C(c3ccccc3)=[N+]21,ClCCl,650.0,4.602059991,679.08606,4.8692055,665.29956,4.8650703,678.9541,4.967861,669.06976,4.8105874,701.93555,4.900049,680.93494,4.93209,687.88525,4.8898945,691.07104,4.865716,655.84143,4.797531,686.76984,4.8729744
COc1ccc(C2=[N+]3C(=Nc4c(-c5ccccc5)c5c(n4[B-]3(F)F)-c3ccc(OC)cc3CC5)C(c3ccccc3)=C2)cc1,ClC(Cl)Cl,708.0,4.983175072,698.32,5.0167446,712.3418,5.0405264,704.56494,5.032621,716.80505,5.038346,703.49896,4.958631,713.34393,5.0650434,717.9409,4.9476824,716.29626,4.945691,697.38367,4.892335,711.0421,5.053872
COc1ccc2c(c1)CCc1c(-c3ccccc3)c3n(c1-2)[B-](F)(F)[N+]1=c2ccc4ccccc4c2=C(c2ccccc2)C1=N3,ClC(Cl)Cl,715.0,5.149219113,724.7853,5.179439,740.496,5.1597304,703.089,5.17929,721.7163,5.1589813,718.8428,5.1301823,738.63696,5.1461754,713.3025,5.046822,717.23566,5.0857234,713.471,5.081151,732.9321,5.238498
COc1ccccc1C1=[N+]2C(=Nc3c(-c4ccccc4)cc(-c4ccccc4OC)n3[B-]2(F)F)C(c2ccccc2)=C1,Cc1ccccc1,640.0,4.8683505,676.6691,4.9269404,663.0397,4.9026666,675.60645,4.8909006,680.359,4.908888,688.12286,4.906635,682.9813,4.9210167,689.48236,4.9539566,689.14703,4.9700108,667.82776,4.888503,702.927,4.9706793
Fc1ccc(C2=[N+]3C(=Nc4c5ccccc5c(-c5ccc(F)cc5)n4[B-]3(F)F)c3ccccc32)cc1,ClCCl,713.0,4.799340549,665.9663,4.851858,700.26874,4.9627376,665.90485,4.9423857,695.2672,4.9140434,678.9491,4.901713,697.6521,5.075704,690.7962,5.0182257,703.4888,4.8405957,686.273,4.981928,694.54285,4.841287
CN(C)c1ccc(C2=[N+]3C(=Nc4c5ccccc5c(-c5ccc(N(C)C)cc5)n4[B-]3(F)F)c3ccccc32)cc1,ClCCl,794.0,5.240549248,787.30884,4.8682737,785.28894,5.074615,771.85095,4.953835,819.2877,5.133029,730.65894,5.016057,770.9661,5.1728315,761.0027,5.1179867,759.8462,4.9687796,751.1787,5.089017,775.2424,4.9093986
Cc1ccc(C2=[N+]3C(=Nc4c5ccccc5c(-c5ccc(C)s5)n4[B-]3(F)F)c3ccccc32)s1,ClCCl,793.0,4.977723605,745.3395,4.9380183,766.9383,5.097841,702.6736,5.0549016,744.8927,4.9075713,748.7724,5.07566,743.7488,5.1161137,721.7627,5.0359774,757.3956,5.0954723,731.8898,5.1443443,761.8125,4.950511
F[B-]1(F)n2c(-c3ccccc3)c3ccc4ccccc4c3c2N=C2c3c(ccc4ccccc34)C(c3ccccc3)=[N+]21,ClCCl,737.0,4.851258349,708.99744,5.097194,728.3081,5.0206413,696.17725,5.0279946,722.5835,5.046071,727.47675,4.9975657,727.2318,5.085249,710.2385,5.038336,744.3176,5.0011587,717.5544,5.00558,714.55994,5.0196657
CC1=CC(C)=[N+]2C1=Cc1c(C)c(C3=C(C)C4=Cc5c(C)cc(C)n5[B-](F)(F)[N+]4=C3C)c(C)n1[B-]2(F)F,ClCCl,526.0,5.176091259,575.5223,5.071098,599.5077,5.006813,573.1584,5.0465527,578.8337,5.1173353,602.06067,5.1192546,597.0635,5.093451,584.0898,5.0010357,614.4743,5.201266,591.79956,5.164579,619.7245,5.0681043
CCCCCCCCOc1ccc(-c2c3c4n(c(-c5ccc(OCCCCCCCC)cc5)c3c3n2[B-](F)(F)[n+]2c(ccc5cc(C(C)(C)C)ccc52)C=3C#N)[B-](F)(F)[n+]2c(ccc3cc(C(C)(C)C)ccc32)C=4C#N)cc1,ClC(Cl)Cl,754.0,5.311753861,705.9908,5.09065,783.59143,5.3305655,673.2209,5.038343,716.3882,5.178703,693.86597,4.9269037,667.4789,4.960649,689.9242,4.683792,740.0132,5.190581,684.74634,5.0218353,731.59045,5.046067
O=C1C2=C(O[B-](F)(F)[n+]3c2ccc2ccccc23)c2cccc3c(N4CCOCC4)ccc1c23,ClCCl,427.0,4.220108088,454.93488,4.173816,460.64017,4.118378,472.85208,4.1787825,466.79114,4.1864996,472.55017,4.0189805,470.8137,4.258848,469.95612,4.1160154,469.19812,4.129682,459.2628,4.150528,463.60043,4.1957474
O=C1c2ccccc2C2=Nc3cccc[n+]3[B-](F)(F)N12,ClCCl,361.0,4.387389826,374.16232,4.3373995,385.97754,4.329854,379.0042,4.506209,386.17514,4.3391557,397.99072,4.475678,370.48093,4.3692255,385.18628,4.3529067,395.39478,4.4039025,389.7068,4.365002,397.8513,4.1368375
O=C1c2cc3ccccc3cc2C2=Nc3cccc[n+]3[B-](F)(F)N12,ClCCl,396.0,4.501059262,405.56082,4.508939,436.38773,4.4801683,407.9923,4.6253257,415.50037,4.576297,421.36618,4.5054555,406.93,4.5513005,411.98956,4.330185,453.48877,4.540275,425.45078,4.4777045,420.38205,4.400436
F[B-]1(F)N(c2ccccc2)c2cccc3ccc4ccc[n+]1c4c23,ClCCl,465.0,3.959709024,423.8417,4.102458,454.9234,3.8435,427.52985,3.7534816,431.49255,4.194815,429.8935,3.8406148,446.6254,4.129748,436.842,4.056888,412.96835,3.7852883,438.9603,3.7513883,415.83014,4.0570636
Cc1ccc([N+]2=c3c4n(c5ccccc35)[B-](F)(F)[N+](c3ccc(C)cc3)=c3c=4n(c4ccccc34)[B-]2(F)F)cc1,ClCCl,743.0,4.534026106,635.52704,4.684428,691.2488,4.8177834,637.50745,4.7117476,667.3176,5.004811,568.5247,4.546877,616.94666,4.8792567,587.2936,4.5909095,592.9655,4.713283,654.80566,4.661259,642.8816,4.9454255
Cc1ccc(-c2ccc3ccc4cc(C(C)(C)C)cc5ccc2c3c45)cc1,C1CCOC1,342.0,4.505149978,365.54083,4.0449486,374.32474,4.3732877,374.70117,3.8640165,371.95728,4.033194,383.76535,4.033711,371.74036,3.7820542,360.28937,4.3963065,357.20886,4.302815,379.55386,4.2179785,375.24414,4.108625
COc1ccc(C2C3=C(CCCC3=O)Nc3c2c(=O)oc2ccccc32)cc1,CS(C)=O,361.0,4.318063335,374.88922,4.155763,377.90182,4.2415867,373.19202,4.2532167,375.17456,4.2087636,374.9696,4.208411,370.24942,4.095809,372.0207,4.134315,366.21722,4.164557,379.29263,4.236911,376.8183,4.219159
CCCCC(CC)COC(=O)/C=C/c1c(OC)ccc(OC)c1OC,CO,325.0,4.130333768,339.29608,4.2251196,346.40045,4.170332,346.37683,4.1775765,325.9006,4.0011363,344.55646,4.0446153,334.03378,4.22151,356.39178,4.017244,329.69647,4.2189956,341.55243,4.0942264,352.79053,4.1328607
CCCCC(CC)COC(=O)/C=C/c1c(OC)ccc(OC)c1OC,CCCCCC,320.0,3.908485019,338.79773,4.143914,336.4272,4.1291637,349.52466,4.1076093,333.66168,3.965209,352.67154,4.1816034,323.94482,4.1207695,350.57654,3.954124,314.39722,4.1960087,344.13794,4.071764,350.3909,4.066427
CCCCC(CC)COC(=O)/C=C\c1c(OC)ccc(OC)c1OC,CO,313.0,3.875061263,333.51562,4.1818657,328.9881,4.1061263,342.75632,4.1936684,333.92194,4.0096707,336.1516,4.112831,332.4084,4.243485,346.687,4.042006,321.24457,4.321708,318.88712,4.057384,341.9674,4.319304
CCCCC(CC)COC(=O)/C=C\c1c(OC)ccc(OC)c1OC,CCCCCC,308.0,3.77815125,334.35358,4.093197,321.9469,4.088607,346.2162,4.112398,342.76416,3.967486,343.75345,4.1904764,322.94037,4.128981,340.45663,3.9531324,303.52582,4.281729,321.3772,4.020624,341.13058,4.258119
CCCCC(CC)COC(=O)/C=C/c1ccccc1OC,CO,320.0,4.298853076,301.7052,4.3019333,315.41034,4.1505814,302.56512,4.1168375,300.52332,4.0136523,319.44986,4.2459726,310.56357,4.279499,300.20044,4.250712,307.8987,4.0740933,313.8476,4.061535,319.98187,4.074333
CCCCC(CC)COC(=O)/C=C/c1ccccc1OC,CCCCCC,312.0,4.261262869,302.58667,4.149388,313.23532,4.0386133,306.42084,4.016337,295.89062,3.9910455,321.74738,4.260185,296.141,4.0299573,291.50714,4.090619,287.32544,4.057286,317.55878,3.9920676,317.00052,3.9606981
Nc1cc[nH]c(=S)n1,CCOC(C)=O,286.0,4.227115083,329.99155,3.4593096,300.7677,3.5062113,317.18134,3.6113536,344.19653,3.6004772,345.60754,3.6427588,294.3946,3.4820216,322.19162,3.6389446,324.4375,3.6162665,356.60358,3.6457353,349.0429,3.6078188
Nc1cc[nH]c(=S)n1,CC#N,283.0,4.222716471,307.22766,3.3467202,295.0214,3.5343747,313.91135,3.4962707,325.40375,3.8157048,339.6703,3.5067973,293.16653,3.5683188,325.13123,3.5118928,320.84137,3.5681925,349.8425,3.5267932,334.9132,3.6221962
Nc1cc[nH]c(=S)n1,CS(C)=O,285.0,4.255995727,313.82446,3.559206,303.64713,3.9527066,309.35992,3.6418235,335.29654,3.6957254,338.39886,3.7204468,285.23145,3.6222644,327.52997,3.738058,332.37274,3.6528387,355.2247,3.728991,336.57263,3.9004548
Nc1cc[nH]c(=S)n1,CCO,280.0,4.252853031,320.26196,3.4887092,301.07288,3.5836706,305.7631,3.613127,336.8885,3.5641663,347.5386,3.6751862,290.26184,3.5829787,322.97742,3.7420895,328.56,3.5429015,353.88608,3.4930265,346.77585,3.763771
Nc1cc[nH]c(=S)n1,CO,278.0,4.249687428,324.92743,3.240072,299.11932,3.4996183,323.6437,3.2545533,345.54785,3.2812157,347.1038,3.7322574,295.03406,3.2949414,332.22287,3.243061,334.8006,3.484179,357.17368,3.1909306,347.78745,3.7066605
Nc1cc[nH]c(=S)n1,O,269.0,4.254064453,312.26028,3.4789686,299.32816,3.645752,310.89374,3.6766775,335.93097,3.7264993,338.75592,3.5601764,290.85516,3.542193,321.25998,3.5318975,325.98355,3.5697494,339.04156,3.6926184,336.99442,3.684535
CCOC(=O)C1=C(C)NC2=C(C(=O)c3ccccc32)C1c1ccc(N(C)C)cc1,CCO,395.0,3.924795996,413.3284,4.189836,424.11502,4.115206,451.02628,3.9035673,423.6041,4.085332,476.13324,4.016986,411.79,4.3137875,421.40646,4.0168037,421.31436,4.1667976,425.61945,4.174769,448.47156,4.0181794
CCOC(=O)C1=C(C)NC2=C(C(=O)c3ccccc32)C1c1ccc(N(C)C)cc1,CS(C)=O,400.0,4.059941888,411.98178,4.3130183,428.88913,4.140228,460.33633,4.041317,434.22977,4.041795,469.71713,4.0232844,420.56186,4.2307262,426.1995,3.9456148,426.38452,4.1737995,434.3399,4.185142,454.79913,4.0585113
CCOC(=O)C1=C(C)NC2=C(C(=O)c3ccccc32)C1c1ccc(N(C)C)cc1,CO,389.0,4.90834023,413.75452,4.240039,424.4166,4.108716,451.0545,3.900341,426.97983,4.037092,474.8819,4.000931,415.452,4.3475256,422.6598,4.1226134,420.27576,4.188597,431.35394,4.1534953,447.50604,4.067032
CCOC(=O)C1=C(C)NC2=C(C(=O)c3ccccc32)C1c1ccc(N(C)C)cc1,CN(C)C=O,385.0,3.981818607,416.13998,4.183479,419.57867,4.198548,451.1734,4.050608,431.30902,4.147718,466.71906,4.0636244,416.85532,4.2603703,432.26645,3.9791377,430.05576,4.1866336,428.58502,4.06687,447.373,4.001939
CCOC(=O)C1=C(C)NC2=C(C(=O)c3ccccc32)C1c1ccc(N(C)C)cc1,ClC(Cl)Cl,383.0,3.961800639,400.81415,4.3223815,422.44904,4.2738514,435.33762,4.1015053,419.77795,4.205787,462.54083,4.0625706,405.11902,4.300298,414.67136,4.1060667,425.5973,4.1777606,419.6609,4.195045,435.42313,4.239017
CCOC(=O)C1=C(C)NC2=C(C(=O)c3ccccc32)C1c1ccc(N(C)C)cc1,ClCCl,387.0,3.892651034,405.85675,4.3744545,420.87292,4.227694,446.8469,4.0296755,420.38358,4.202659,471.9205,4.050677,410.38864,4.349549,421.6156,4.090391,420.0224,4.18789,422.53818,4.2192082,437.55035,4.2652187
CCOC(=O)C1=C(C)NC2=C(C(=O)c3ccccc32)C1c1ccc(N(C)C)cc1,CC#N,379.0,3.962984584,411.44217,4.245984,415.8224,4.1932244,444.9465,4.0597878,423.38382,4.159199,458.10086,4.0816407,412.51074,4.313671,418.04144,4.0166397,414.3465,4.2089024,425.305,4.1212134,448.37238,4.10225
CCOC(=O)C1=C(C)NC2=C(C(=O)c3ccccc32)C1c1ccc(N(C)C)cc1,C1COCCO1,373.0,4.073351702,394.344,4.2872815,420.28107,4.2432427,424.41553,4.1925035,423.7381,4.1219854,460.15295,4.1129584,399.47708,4.4009295,413.16376,4.083319,415.205,4.241427,418.97543,4.191157,430.86465,4.2709017
CCOC(=O)C1=C(C)NC2=C(C(=O)c3ccccc32)C1c1ccc(N(C)C)cc1,C1CCOC1,374.0,3.935204867,399.54517,4.2920814,419.3883,4.227053,431.80267,4.0664835,416.96677,4.233198,465.7206,4.072863,404.0905,4.346771,416.17706,4.07035,419.75668,4.2012134,421.21326,4.173368,431.57892,4.192373
CCOC(=O)C1=C(C)NC2=C(C(=O)c3ccccc32)C1c1ccc(N(C)C)cc1,ClC(Cl)(Cl)Cl,371.0,3.989093693,402.72977,4.3179865,419.89545,4.2009764,435.7857,4.068521,414.93423,4.176162,460.82285,4.0632,405.53033,4.2682557,417.5156,4.070527,425.83917,4.178527,420.03052,4.1797276,434.8905,4.2517686
CCC(C)(C)c1ccc(-c2ccc(-c3ccccc3)cc2)cc1,C1COCCO1,287.0,4.51851394,287.59433,4.5866323,284.66177,4.587956,280.49005,4.545037,287.3601,4.575867,280.11157,4.540504,283.37274,4.488526,284.31744,4.5843697,286.25037,4.675599,292.73834,4.6228414,296.302,4.588505
CCCC1(CCC)c2cc(-c3cccc(C)c3)ccc2-c2ccc(-c3cccc(C)c3)cc21,C1CCCCC1,306.0,4.582063363,308.4965,4.7799573,323.95114,4.66891,317.62152,4.5915985,329.09235,4.681765,321.26538,4.6495037,331.13937,4.6888285,317.11365,4.785751,330.47775,4.8193336,327.62433,4.750201,327.9574,4.771185
CCC(C)(C)c1ccc2c(c1)C(CC)(CC)c1cc(-c3ccc4c(c3)C(CC)(CC)c3cc(C(C)(C)CC)ccc3-4)ccc1-2,C1CCCCC1,331.0,4.792391689,334.0089,4.7379255,326.53186,4.741009,316.95822,4.6463504,334.0079,4.787081,326.74756,4.748109,317.85806,4.8635335,332.97723,4.7116995,333.12784,4.8490314,333.5431,4.735536,320.1679,4.645465
CCCC1(CCC)c2cc(-c3ccc(OC)cc3)ccc2-c2ccc(-c3ccc4c(c3)C(CCC)(CCC)c3cc(-c5ccc(OC)cc5)ccc3-4)cc21,C1CCCCC1,350.0,4.868644438,344.21967,4.9187856,356.25943,4.8723187,354.72116,4.8407493,343.37775,4.9261928,352.01166,4.904833,354.7242,4.9160414,350.97678,4.933454,350.73758,4.9499702,351.7111,4.873151,351.85522,4.941443
CCCC1(CCC)c2ccccc2-c2ccc(-c3ccc4c(c3)C(CCC)(CCC)c3cc(-c5ccc6c(c5)C(CCC)(CCC)c5cc(-c7ccc8c(c7)C(CCC)(CCC)c7ccccc7-8)ccc5-6)ccc3-4)cc21,C1CCCCC1,360.0,5.031408464,365.74933,5.0719414,360.638,5.0011997,359.88153,5.1225114,362.10327,5.126293,354.1612,5.063614,369.30014,5.055268,356.45483,5.145911,355.7007,5.161539,360.71838,5.0558395,363.71143,5.082652
CCCC1(CCC)c2cc(-c3ccc(-c4ccc(OC)cc4)o3)ccc2-c2ccc(-c3ccc(-c4ccc(OC)cc4)o3)cc21,C1CCCCC1,410.0,4.959041392,349.02997,4.6851206,374.02277,4.8859086,381.5428,4.537636,386.8023,4.8404303,361.10632,4.9059505,392.48276,4.9082284,367.69748,4.569709,367.8402,4.775041,366.27502,4.6432147,382.31067,4.9104695
CCn1nc(-c2ccc(C)cc2)c2ccc3[o+]c(-c4ccc(C)cc4)c4ccc1c2c34.[O-][Cl+3]([O-])([O-])[O-],ClCCl,515.0,4.73479983,494.3233,4.6947803,495.64108,4.649286,499.32877,4.6645365,510.3573,4.6565294,486.22656,4.6629257,496.82993,4.6630607,495.08252,4.6461253,510.30402,4.7166796,490.2326,4.630947,484.2415,4.6899176
CCn1nc(-c2ccc(C)cc2)c2ccc3[o+]c(-c4ccc(C)cc4)c4ccc1c2c34.[O-][Cl+3]([O-])([O-])[O-],ClC(Cl)Cl,509.0,4.686636269,489.8927,4.654101,498.2739,4.6574044,497.1158,4.664498,502.99283,4.6653814,492.52557,4.675586,498.40448,4.660615,500.96466,4.6521416,517.8691,4.7298865,499.18347,4.6569695,489.49805,4.6902704
CCn1nc(-c2ccc(C)cc2)c2ccc3[o+]c(-c4ccc(C)cc4)c4ccc1c2c34.[O-][Cl+3]([O-])([O-])[O-],CC#N,496.0,4.703291378,482.59018,4.705881,488.58817,4.643518,492.3278,4.68126,493.00934,4.590033,488.91156,4.630645,487.5659,4.6484184,492.85895,4.6273355,505.81754,4.694279,489.86884,4.624099,481.47534,4.685095
CCn1nc(-c2ccc(C)cc2)c2ccc3[o+]c(-c4ccc(C)cc4)c4ccc1c2c34.[O-][Cl+3]([O-])([O-])[O-],CC(C)=O,496.0,4.679427897,483.23883,4.660417,489.5477,4.616812,488.70868,4.635623,493.24258,4.552389,485.27936,4.624883,493.26755,4.6244383,492.09827,4.6305146,515.657,4.6909027,489.36047,4.6027136,478.20227,4.654895
CCn1nc(-c2ccc(C)cc2)c2ccc3[o+]c(-c4ccc(C)cc4)c4ccc1c2c34.[O-][Cl+3]([O-])([O-])[O-],C1CCOC1,498.0,4.627365857,482.4951,4.6024876,492.61285,4.6460705,490.00412,4.596836,494.66022,4.629778,486.5924,4.651454,493.01495,4.6377897,491.88068,4.6335626,509.75812,4.7016373,491.67908,4.616958,484.992,4.691081
CCn1nc(-c2ccc(C)cc2)c2ccc3[o+]c(-c4ccc(C)cc4)c4ccc1c2c34.[O-][Cl+3]([O-])([O-])[O-],CS(C)=O,498.0,4.580924976,490.64923,4.708004,492.7263,4.5778217,493.67105,4.5441823,495.66904,4.572854,492.06537,4.5672603,492.54608,4.602008,494.02768,4.6272893,518.64075,4.681543,494.63693,4.5752068,487.23938,4.6262245
CC(C)(C)c1ccc(/C=C/c2ccc(N(c3ccc(/C=C/c4ccc(C(C)(C)C)cc4)cc3)c3ccc(-c4nc5ccccc5nc4-c4ccc(N(c5ccc(/C=C/c6ccc(C(C)(C)C)cc6)cc5)c5ccc(/C=C/c6ccc(C(C)(C)C)cc6)cc5)cc4)cc3)cc2)cc1,Cc1ccccc1,373.0,4.982271233,384.0912,5.065858,395.93335,4.9309516,397.2686,4.8436184,391.75266,4.9965954,395.38742,4.7744007,398.996,5.028018,408.10596,5.0193505,429.38184,4.901183,398.14117,5.012307,396.50543,4.8199854
C(=C/c1ccccn1)\c1ccc(N(c2ccc(/C=C/c3ccccn3)cc2)c2ccc(-c3nc4ccccc4nc3-c3ccc(N(c4ccc(/C=C/c5ccccn5)cc4)c4ccc(/C=C/c5ccccn5)cc4)cc3)cc2)cc1,Cc1ccccc1,378.0,4.995635195,412.48877,4.8665285,418.48096,4.5823607,409.727,4.8468304,411.34464,4.702841,408.24268,4.736782,411.71045,4.9543524,411.8831,4.966638,432.22446,4.6773567,414.68573,4.7137475,412.2858,4.6842155
CC(C)(C)c1ccc(/C=C/c2ccc(N(c3ccc(/C=C/c4ccc(C(C)(C)C)cc4)cc3)c3ccc(-c4nc5ccccc5nc4-c4ccc(N(c5ccc(/C=C/c6ccc(C(C)(C)C)cc6)cc5)c5ccc(/C=C/c6ccc(C(C)(C)C)cc6)cc5)cc4)cc3)cc2)cc1,C1CCOC1,375.0,4.924279286,381.89566,4.865942,404.21625,4.7852683,399.20285,4.657904,383.56332,4.83253,400.05023,4.6877394,401.35358,4.933502,406.08994,4.815293,426.80865,4.8792434,406.59808,4.877183,387.1044,4.6807675
C(=C/c1ccccn1)\c1ccc(N(c2ccc(/C=C/c3ccccn3)cc2)c2ccc(-c3nc4ccccc4nc3-c3ccc(N(c4ccc(/C=C/c5ccccn5)cc4)c4ccc(/C=C/c5ccccn5)cc4)cc3)cc2)cc1,C1CCOC1,383.0,4.838849091,412.583,4.6438775,427.02554,4.464611,412.6909,4.6680207,412.07037,4.566781,415.0341,4.6361823,411.15768,4.8754783,410.2952,4.7650495,430.38348,4.6611466,425.69882,4.5762534,402.35236,4.580294
CCNc1ccc2c(c1)C(C)(C)C(=O)C=C2,O,402.0,4.081347308,376.1671,4.0168324,399.60806,3.9587553,389.27515,4.0402145,402.4244,3.9279132,404.7728,3.9311178,391.5376,3.7475824,397.6832,4.1162286,349.10974,3.8862042,382.10944,3.7801821,398.1862,4.0014076
CN(C)c1ccc2c(c1)C(C)(C)C(=O)C=C2,O,413.0,4.093421685,377.25262,4.2553024,393.0011,4.0729356,408.83466,4.0589476,410.56207,4.291919,411.11118,4.3645353,398.81784,4.128965,403.005,4.31268,371.11963,4.177379,381.2796,4.1426444,414.02115,4.232953
CC1(C)C(=O)C=Cc2ccc(N3CCC3)cc21,O,387.0,4.109915863,443.61484,4.3668137,474.06357,4.4765882,455.22552,4.426814,434.08057,4.3673687,416.27277,4.077682,418.5134,4.0845494,441.56006,4.26989,460.34976,4.1750827,413.46167,4.2621355,438.00012,4.4137473
COc1ccc(/C=C/c2nc3c4ccccc4c4ccccc4c3o2)cc1,CC#N,368.0,4.77815125,382.1266,4.742564,382.7102,4.720886,375.29364,4.6622057,378.91245,4.7834415,374.91873,4.6819057,375.48856,4.70708,370.2758,4.6853456,378.75302,4.65567,377.72583,4.7260146,373.51254,4.7369285
N#Cc1nc(N(Cc2ccc(Cl)cc2)Cc2ccc(Cl)cc2)c(C#N)nc1N(Cc1ccc(Cl)cc1)Cc1ccc(Cl)cc1,ClC(Cl)Cl,485.0,3.633468456,484.0588,3.5724707,471.59546,3.5437965,466.12006,3.4334645,514.9194,3.8317215,502.20013,3.4967494,496.15585,3.5667925,478.1192,3.5908554,488.66922,3.6415882,487.9294,3.616092,470.6621,3.5997372
Cc1ccccc1CN(Cc1ccccc1C)c1nc(C#N)c(N(Cc2ccccc2C)Cc2ccccc2C)nc1C#N,ClC(Cl)Cl,501.0,3.633468456,480.05215,3.6345701,447.65482,3.701849,484.23297,3.4696367,477.75665,3.7184324,480.03107,3.6881256,458.3793,3.6768346,474.7001,3.5751846,463.11554,3.7841902,493.8194,3.7759662,467.71027,3.7677588
CCCCCCCCCCCCN1C(=O)c2cccc3c(N(Cc4ccccn4)Cc4ccccn4)c4ccccc4c(c23)C1=O,CCO,488.0,3.982723388,457.0031,4.0694485,459.08368,4.0868325,478.4608,4.044644,487.23083,3.8966434,481.1422,4.1767035,461.70483,3.9385655,465.1037,4.0946584,458.56122,4.154867,496.85748,4.115956,465.89697,4.0362124
Cc1ccc2nc3c(nc2c1)c(-c1ccccc1)nn3C,C1CCCCC1,424.0,3.860338007,419.48904,3.757648,418.2937,3.8232706,418.17526,3.7613175,417.72968,3.8474112,420.56717,3.818181,408.21384,3.7595632,416.20685,3.7957137,413.41425,4.0663075,419.83875,3.7765615,407.26505,3.7915678
Cc1ccc2nc3c(nc2c1)c(-c1ccccc1)nn3C,C1CCOC1,425.0,3.878521796,423.03287,3.8027868,421.94278,3.840757,415.28146,3.8258898,412.8776,3.9209814,423.41968,3.776843,411.57343,3.8079116,418.88293,3.8478804,413.2698,4.0754504,427.5971,3.7584333,406.2897,3.8554454
Cc1ccc2nc3c(nc2c1)c(-c1ccccc1)nn3C,CC#N,423.0,3.833784375,420.3645,3.7784712,415.69714,3.8526177,415.02563,3.792289,414.73004,3.8534296,417.99136,3.7626498,409.25177,3.7695208,416.32913,3.8430998,408.72583,4.056416,427.41043,3.7724624,403.80264,3.8471348
CN(C)c1ccc(C2=Cc3ccc4ccccc4[n+]3[B-](F)(F)O2)cc1,ClC(Cl)Cl,477.0,4.752048448,481.25525,4.7079644,474.09027,4.633265,481.287,4.653305,478.68408,4.6800594,479.00595,4.599409,479.49402,4.67193,484.18466,4.634297,462.69162,4.611542,472.57367,4.711852,472.98798,4.657136
F[B-]1(F)OC(c2ccccc2)=Cc2ccc3ccccc3[n+]21,ClC(Cl)Cl,427.0,4.530199698,427.1177,4.5585017,420.22202,4.4557304,426.59418,4.491646,435.50293,4.5304184,431.69165,4.4620185,423.4144,4.4601464,429.23874,4.4786515,403.8859,4.4592853,418.37442,4.428256,423.7091,4.524953
F[B-]1(F)OC(c2ccc(Br)cc2)=Cc2ccc3ccccc3[n+]21,ClC(Cl)Cl,430.0,4.53529412,429.62036,4.5881495,427.21045,4.5099597,430.9588,4.549381,435.3256,4.548928,431.10037,4.5154157,425.2429,4.538601,436.8591,4.535503,417.84143,4.518494,425.23618,4.517041,427.4255,4.5645823
CCCCCCCCCCCCN1C(=O)c2c(c3ccc4cc(-c5ccc(C=O)cc5)c(OC)cc4c3c3c2ccc2cc(-c4ccc(C=O)cc4)c(OC)cc23)C1=O,ClCCl,428.0,4.21,458.04605,4.322197,424.9469,4.281217,429.48804,4.294789,447.7777,4.23435,435.28775,4.210589,447.71225,4.3675165,451.33588,4.301541,426.99973,4.4300704,456.254,4.2139306,449.8747,4.292463
CCCCCCCCCCCCN1C(=O)c2c(c3ccc4cc(-c5ccc(OC)cc5)c(OC)cc4c3c3c2ccc2cc(-c4ccc(OC)cc4)c(OC)cc23)C1=O,ClCCl,443.0,4.46,435.04337,4.280946,423.9969,4.2524214,428.00992,4.274886,451.76233,4.2590237,430.1622,4.095332,444.21707,4.3846936,428.44485,4.21993,419.95422,4.3531528,440.81363,4.265463,457.9224,4.314812
CCCCCCCCCCCCN1C(=O)c2c(c3ccc4cc(-c5cccs5)c(OC)cc4c3c3c2ccc2cc(-c4cccs4)c(OC)cc23)C1=O,ClCCl,452.0,4.55,431.8692,4.300817,428.13306,4.139629,447.13898,4.1859035,449.74185,4.1340294,440.00217,4.0860333,432.1226,4.3061624,442.38458,4.2337904,422.1002,4.349197,438.34512,4.2469544,463.03812,4.2006454
O=C1CCCC2=C1CC1=C(CCCC1=O)N2NC(=O)c1ccc(O)cc1,CO,376.0,3.84,369.23865,3.9807224,357.51968,3.8286037,372.92856,3.8454676,381.2643,3.9094324,369.56436,3.8657527,369.8744,3.8239126,359.39255,3.9468503,354.72653,4.0045695,374.93887,3.8794534,369.5827,3.9510136
O=C1CCCC2=C1CC1=C(CCCC1=O)N2NC(=O)c1ccc(O)cc1,CCCCCO,376.0,3.86,372.1582,3.9726245,362.042,3.8438063,373.8581,3.874277,381.8726,3.7556448,369.59586,3.8890066,368.0281,3.8013074,363.75916,3.8824918,358.16367,3.9960513,377.47708,3.8689508,369.5025,3.9578404
O=C1CCCC2=C1CC1=C(CCCC1=O)N2NC(=O)c1ccc(O)cc1,CC#N,368.0,3.82,359.35425,3.949046,364.22723,3.763743,371.8526,3.8067582,370.40665,3.9136899,362.57373,3.8197489,363.0516,3.6604686,359.54483,3.862015,351.0041,3.9877024,376.80035,3.8472152,367.04147,3.909445
O=C1CCCC2=C1CC1=C(CCCC1=O)N2NC(=O)c1ccc(O)cc1,ClCCl,372.0,3.78,368.13037,4.0048122,358.01678,3.8167655,362.48447,3.772756,370.2001,3.8512402,363.21777,3.81562,364.87122,3.7832968,362.95734,3.8872902,352.82318,3.9832582,374.15625,3.8497798,362.7072,3.9249644
O=C1CCCC2=C1CC1=C(CCCC1=O)N2NC(=O)c1ccc(O)cc1,ClC(Cl)Cl,368.0,3.74,368.46,3.9439938,357.99298,3.8469589,367.7822,3.785077,375.06714,3.9286673,367.97748,3.8201118,367.68207,3.7785983,362.8045,3.856788,354.9641,3.9943218,374.89407,3.8148415,369.32614,3.9286084
O=C1CCCC2=C1CC1=C(CCCC1=O)N2NC(=O)c1ccc(O)cc1,CC(C)=O,368.0,3.67,366.1056,3.9497275,357.88556,3.8689792,364.8591,3.918178,372.59393,3.9865117,362.16107,3.8434935,358.86642,3.8205042,361.85693,3.9336717,361.7415,4.0268154,377.69907,3.9163008,365.51468,4.013846
COc1ccc(C2=C(c3ccc(F)cc3)C(c3ccccc3)=[N+]3C2=Nc2c(-c4ccc(OC)cc4)c(-c4ccc(F)cc4)c(-c4ccccc4)n2[B-]3(F)F)cc1,Cc1ccccc1,653.0,4.49,643.30615,4.775489,658.31616,4.765563,655.8504,4.7296867,654.1201,4.88615,664.33136,4.81991,648.9774,4.858852,664.86554,4.8426175,666.28613,4.7659035,645.30383,4.823045,667.5579,4.822001
CCOC(=O)C1=CN(c2ccccc2)C=CC1c1ccccc1,CO,348.0,4.044696517,331.51346,3.7616732,333.99698,3.5796564,321.209,3.5070586,331.6496,3.7780826,316.8779,3.6045065,336.84406,3.76723,320.8362,4.002338,316.72766,3.9973636,335.61676,3.6045341,318.76422,3.7123692
CCOC(=O)C1=CN(c2ccccc2)C=C(C(=O)OCC)C1c1ccccc1,CO,366.0,3.61658053,371.05374,3.7045178,365.21518,3.581393,359.4118,3.5610037,378.3764,3.5691874,362.40274,3.6262684,381.03433,4.020452,366.50854,3.963611,340.02136,3.9756653,369.33093,3.6527119,367.21628,3.7163525
CCOC(=O)C1=CN(c2ccccc2)C=CC1c1ccccc1,C1CCOC1,344.0,3.925930598,324.94766,3.8131964,326.12378,3.7478032,320.708,3.8757453,331.82318,3.8381925,319.03616,3.694963,335.79324,3.7106447,321.75113,3.8010993,319.36624,4.011988,342.11978,3.7335973,316.87366,3.7466106
CCOC(=O)C1=CN(c2ccccc2)C=C(C(=O)OCC)C1c1ccccc1,C1CCOC1,362.0,3.867585327,364.51727,3.8253298,359.58673,3.8791385,356.8354,3.888194,373.9443,3.8543816,360.04712,3.8089123,378.5215,3.8646758,365.65994,3.8316483,345.67493,4.0141582,370.1635,3.7993646,361.19122,3.927431
Cc1ccc(N(c2ccc(C)cc2)c2c([O-])c(=[N+](c3ccc(C)cc3)c3ccc(C)cc3)c2=O)cc1,CN(C)C=O,415.0,4.67,415.67828,4.543629,424.5469,4.9021854,450.651,4.403613,431.3472,4.4693613,437.61945,4.603143,416.58432,4.333737,438.90668,4.6541767,449.71045,4.7394857,415.0691,4.775318,430.90515,4.7073717
COc1ccc(N(c2ccc(C)cc2)c2c([O-])/c(=[N+](\c3ccc(C)cc3)c3ccc(OC)cc3)c2=O)cc1,CN(C)C=O,418.0,4.67,419.83398,4.5089602,427.6115,4.779791,450.35233,4.648228,431.19934,4.58918,440.5972,4.7851186,421.1495,4.5794325,453.96143,4.651139,450.98706,4.7020597,422.18307,4.7767186,447.05624,4.661759
Cn1c(-c2ccc(-c3nc(-c4ccccc4)c(-c4ccccc4)n3C)s2)nc(-c2ccccc2)c1-c1ccccc1,CC#N,391.0,4.679609572,373.3846,4.284249,383.76288,4.505771,384.23465,4.640144,364.85803,4.4257703,368.36963,4.4047847,356.85016,3.8066082,388.1268,4.2802305,362.9171,4.522122,358.35266,4.423724,374.1457,4.491389
c1ccc(-c2nc(-c3ccc(-c4nc(-c5ccccc5)c(-c5ccccc5)[nH]4)cc3)[nH]c2-c2ccccc2)cc1,CC#N,355.0,4.172018809,366.51074,4.534382,358.6404,4.6340423,347.96588,4.7287245,344.41452,4.4425063,352.42715,4.4803143,350.14914,4.749348,357.1259,4.7242103,350.4768,4.3554335,362.01736,4.5498276,331.4366,4.60234
COc1ccc(-c2nc(-c3ccc(-c4nc(-c5ccc(OC)cc5)c(-c5ccc(OC)cc5)[nH]4)s3)[nH]c2-c2ccc(OC)cc2)cc1,CC#N,365.0,4.308564414,376.55292,4.323061,399.85406,4.467163,390.6014,4.4259315,372.1339,4.472895,387.93298,4.5523076,396.44464,4.338811,370.15045,4.3743315,372.50797,4.6075234,373.01672,4.495767,371.55826,4.4195833
COc1ccc(-c2nc(-c3ccc(-c4nc(-c5ccc(OC)cc5)c(-c5ccc(OC)cc5)[nH]4)cc3)[nH]c2-c2ccc(OC)cc2)cc1,CC#N,330.0,4.189490314,350.77222,4.3345966,361.13785,4.5203195,346.1509,4.602739,304.82812,4.4401865,342.35376,4.2664886,344.62756,4.4823275,328.2026,4.5392456,340.46216,4.3622036,324.6897,4.5421286,313.8574,4.431139
c1ccc(-c2nc(-c3ccccc3)c(-c3ccccc3)[nH]2)cc1,CC#N,311.5,4.308137379,338.37958,4.4401503,334.9239,4.494714,319.77713,4.6257424,321.61978,4.4628954,328.88843,4.481509,326.63602,4.729588,328.2397,4.5389934,325.2865,4.361569,347.79144,4.481811,301.09497,4.5311346
c1ccc(-c2ccc3c4ccc(-c5ccccc5)c5c(-c6ccccc6)ccc(c6ccc(-c7ccccc7)c2c36)c54)cc1,ClCCl,486.0,4.62324929,454.52097,4.621897,458.9902,4.6019745,479.67834,4.5570035,472.0728,4.51527,458.48477,4.3559155,476.16675,4.5865836,453.04846,4.681299,437.28574,4.46413,449.1701,4.3077397,454.677,4.5176306
Cc1ccc(-c2cc(-c3ccc(N(C)C)cc3)c3c(N)nc(N4CCCC4)c(C#N)c3n2)cc1,c1ccccc1,418.0,4.22,451.19052,3.9605198,437.58582,3.9683158,440.3566,3.9839933,429.00626,3.907815,439.23782,4.0726075,443.97018,3.7553391,441.05365,3.8153558,441.0059,4.2399535,454.63895,4.088841,439.81775,4.04198
Cc1ccc(-c2cc(-c3ccc(N(C)C)cc3)c3c(N)nc(N4CCCC4)c(C#N)c3n2)cc1,ClC(Cl)Cl,416.0,4.02,448.99316,4.1608205,439.5795,4.2453475,434.40585,4.1217084,427.88452,4.2276187,447.5424,4.0819097,439.46335,3.977693,442.06622,3.972499,440.28214,4.2701907,457.4745,4.1629233,440.26904,4.210109
Cc1ccc(-c2cc(-c3ccc(N(C)C)cc3)c3c(N)nc(N4CCCC4)c(C#N)c3n2)cc1,ClCCl,414.0,4.47,449.3931,4.2883453,437.64224,4.2655935,430.53827,4.2138076,427.33554,4.3160853,443.41992,4.123608,437.37784,4.2131004,439.18964,4.1224475,431.54922,4.2832522,455.5591,4.1694937,430.39233,4.2220135
Cc1ccc(-c2cc(-c3ccc(N(C)C)cc3)c3c(N)nc(N4CCCC4)c(C#N)c3n2)cc1,CC(C)=O,412.0,4.27,443.28674,4.277055,438.62445,4.223372,435.33655,4.250592,425.17938,4.205886,437.69528,4.1179357,442.4832,4.032627,433.95337,4.0965133,436.3069,4.275756,455.02704,4.125904,434.25504,4.1573005
Cc1ccc(-c2cc(-c3ccc(N(C)C)cc3)c3c(N)nc(N4CCCC4)c(C#N)c3n2)cc1,CC(C)O,410.0,3.96,450.00464,3.9549775,438.7194,4.0917835,426.7257,4.099707,421.04175,3.898241,444.64987,3.9015918,447.09216,3.7342505,446.58722,3.8682332,439.04483,4.232912,451.97205,3.9403198,437.25058,4.0950165
Cc1ccc(-c2cc(-c3ccc(N(C)C)cc3)c3c(N)nc(N4CCCC4)c(C#N)c3n2)cc1,CO,408.0,3.95,453.06934,4.1364202,437.4657,4.123862,435.07776,3.992557,429.48694,4.039606,443.37595,3.959124,441.25076,4.056899,434.89636,4.0507255,437.15298,4.24005,449.19858,4.111212,437.26132,3.9782917
Cc1ccc(-c2cc(-c3ccc(N(C)C)cc3)c3c(N)nc(N4CCCC4)c(C#N)c3n2)cc1,CC#N,410.0,4.45,440.93015,4.4166265,432.08298,4.3399696,427.35107,4.4817047,426.91068,4.3076515,427.1714,4.2078695,436.17307,4.331546,436.10754,4.18849,424.7453,4.3117814,450.11072,4.1540413,439.7741,4.213206
Nc1ccc2c(c1)Cc1ccccc1-2,C1COCCO1,322.0,3.74,331.8842,4.1363106,323.39673,3.9831676,331.97534,4.2571254,342.29172,3.8956118,340.22168,4.272808,334.52563,3.8980637,331.06897,4.035755,306.5771,4.67059,341.14786,3.8057096,314.04858,4.327288
Nc1ccc2c(c1)Cc1ccccc1-2,CCOCC,318.0,3.75,337.85773,4.0110364,326.97116,3.993892,334.00592,4.257967,349.3629,3.8434935,345.50076,4.2392855,342.62552,3.8713377,331.30035,4.18839,309.36624,4.706804,341.95963,3.811201,313.71222,4.2433815
Nc1ccc2c(c1)Cc1ccccc1-2,ClCCl,319.0,3.82,345.8386,4.0131774,336.3274,4.020747,334.67892,4.211398,341.9178,4.0500355,352.71603,4.3101177,334.10193,4.0012774,337.72876,4.165376,310.2616,4.6370564,341.7683,3.8504016,320.6911,4.29855
Nc1ccc2c(c1)Cc1ccccc1-2,CCOC(C)=O,325.0,3.92,336.88757,3.9421532,329.4217,3.9176214,336.1184,4.252978,347.06345,4.0446563,345.0641,4.277448,336.72205,3.928711,334.3349,4.2178383,311.5398,4.675094,344.47693,3.976479,320.69623,4.2516603
Nc1ccc2c(c1)Cc1ccccc1-2,CC#N,325.0,3.73,331.7987,3.8228528,330.19504,4.0823474,344.30072,4.309336,348.32568,3.8156312,337.2387,4.280595,331.037,3.879846,333.23074,4.1627645,309.0066,4.6561227,343.3224,3.7677703,314.08255,4.365454
Nc1ccc2c(c1)Cc1ccccc1-2,CO,317.0,4.16,351.8377,4.0696464,335.2719,4.1285405,340.87854,4.317546,347.89252,4.011931,350.23914,4.398379,336.42163,4.1463118,337.74417,4.135785,304.69147,4.6292872,343.7309,3.832165,316.92514,4.283605
Nc1ccc2c(c1)Cc1ccccc1-2,CCO,317.0,3.87,346.40897,3.9268012,334.02426,4.0169954,337.34772,4.3033237,354.65536,3.8972642,352.07443,4.290409,336.45023,3.9104557,341.96637,4.050002,310.52277,4.604087,343.06683,3.8004417,318.0913,4.189609
Nc1ccc2c(c1)Cc1ccccc1-2,CC(C)O,317.0,3.93,343.04843,3.8430297,330.5832,4.0571437,341.9259,4.184368,359.40918,3.9146101,350.28204,4.265226,333.5232,3.8509781,339.57318,4.0577855,312.4578,4.590539,343.53198,3.939564,310.17554,4.287414
Nc1ccc2c(c1)Cc1ccccc1-2,O,315.0,3.87,320.8058,3.8118792,331.80188,3.7592373,340.77515,3.8802338,359.14642,3.6408625,337.9985,4.094721,332.7359,3.7352014,338.4436,3.8379202,301.97345,4.419055,337.64502,3.7769895,307.29926,4.014397
COC(=O)c1nc(Br)c(-c2ccccc2)o1,C1CCCCC1,307.0,4.31344537,315.74173,4.3796687,316.93225,4.295354,308.3637,4.375219,311.85477,4.356199,297.2859,4.3900404,302.4613,4.410037,307.36285,4.5489454,308.14136,4.376555,318.02405,4.28056,304.90207,4.370216
COOCc1noc(-c2ccccc2)c1Cl,C1CCCCC1,277.0,4.165303692,278.82507,4.000898,316.22522,4.1838756,268.34335,4.0497475,273.648,4.0731597,293.79645,4.0916767,294.50348,3.9032948,350.9718,3.467574,295.97192,4.2395077,315.28052,3.8845966,277.82108,4.084789
COC(=O)C(NC(=O)OC(C)(C)C)c1ccc2oc(-c3ccc(O)cc3O)nc2c1,CO,321.0,4.52,343.76895,4.397693,326.82712,4.1834993,325.42792,4.2855425,340.72125,4.265745,315.5173,4.350237,329.79633,4.3631673,324.7535,4.327827,315.15274,4.3732233,319.45743,4.268428,320.49942,4.1586523
COC(=O)C(NC(=O)OC(C)(C)C)c1ccc2oc(-c3ccc(N(C)C)cc3OC)nc2c1,CO,346.0,4.66,386.86914,4.6380215,357.2375,4.4157906,356.92828,4.640395,360.33575,4.511778,356.02505,4.557334,363.87415,4.7592683,356.3255,4.5875864,368.83307,4.578497,351.68185,4.65249,360.29874,4.454682
COC(=O)C(NC(=O)OC(C)(C)C)c1ccc2oc(-c3ccc(OC(=O)c4ccccc4)cc3OC(=O)c3ccccc3)nc2c1,CO,306.0,4.47,330.9915,4.548048,336.1237,4.6663847,329.89005,4.6746817,343.22855,4.634267,332.97412,4.82943,328.60858,4.6963935,335.61978,4.7526684,332.2569,4.6830525,319.26654,4.6832433,341.24188,4.715004
COC(=O)C(NC(=O)OC(C)(C)C)c1ccc2oc(-c3ccc(O)cc3O)nc2c1,CC#N,320.0,4.39,341.8251,4.44451,328.30518,4.2543864,322.2572,4.3405933,344.06357,4.3129797,318.64792,4.3042517,333.3603,4.3353915,331.04572,4.342544,320.7058,4.407794,323.3462,4.2508173,324.0456,4.104744
COC(=O)C(NC(=O)OC(C)(C)C)c1ccc2oc(-c3ccc(N(C)C)cc3OC)nc2c1,CC#N,343.0,4.63,376.98315,4.538718,355.5364,4.470834,354.58704,4.6335287,352.24988,4.5627623,361.30136,4.5495214,368.49127,4.7542305,362.17102,4.666115,373.55554,4.6491246,355.66306,4.6253514,364.22443,4.4687967
COC(=O)C(NC(=O)OC(C)(C)C)c1ccc2oc(-c3ccc(OC(=O)c4ccccc4)cc3OC(=O)c3ccccc3)nc2c1,CC#N,306.0,4.46,333.95453,4.506618,346.57327,4.671545,332.89337,4.6656103,341.8424,4.6585503,338.30463,4.764295,339.99915,4.753177,344.49976,4.751652,336.25015,4.6784205,325.28268,4.684176,341.56808,4.620228
COC(=O)C(NC(=O)OC(C)(C)C)c1ccc2oc(-c3ccc(N(C)C)cc3OC)nc2c1,CC1CCCCC1,336.0,4.58,363.28268,4.4250565,362.3698,4.5543246,357.86685,4.6551766,361.11874,4.6081605,365.37097,4.648156,365.4563,4.766533,360.80533,4.6606708,388.50992,4.6912603,358.12747,4.609164,363.93307,4.473164
COC(=O)C(NC(=O)OC(C)(C)C)c1ccc2oc(-c3ccc(OC(=O)c4ccccc4)cc3OC(=O)c3ccccc3)nc2c1,CC1CCCCC1,323.0,4.5,338.14145,4.4812512,345.49048,4.6826267,333.4914,4.642993,347.79272,4.6083727,342.0921,4.8096275,341.71985,4.7301693,346.74356,4.7709637,348.06165,4.689195,333.5303,4.6477065,348.8348,4.681516
CC1=C(I)C(C)=[N+]2C1=C(c1c(-c3ccccn3)nc3ccccn13)c1c(C)cc(C)n1[B-]2(F)F,ClCCl,534.0,4.7,533.98126,4.7252984,546.13574,4.839009,528.0535,4.8189707,535.6841,4.857951,533.0349,4.6774373,529.1759,4.6906724,528.5867,4.5809793,542.749,4.7420177,529.8039,4.5237737,519.80975,4.7320876
CC1=C(I)C(C)=[N+]2C1=C(c1c(-c3ccccn3)nc3ccccn13)c1c(C)c(I)c(C)n1[B-]2(F)F,ClCCl,554.0,4.8,544.2679,4.1495204,550.3138,4.740087,542.4032,4.2372594,546.92664,4.2633276,543.52594,4.285619,530.9057,4.254998,527.23193,4.230409,554.7779,4.6064944,527.7829,4.1982837,538.7556,4.214625
CC1=C(c2ccccc2)C(C)=[N+]2C1=C(c1c(-c3ccccn3)nc3ccccn13)c1c(C)c(-c3ccccc3)c(C)n1[B-]2(F)F,ClCCl,548.0,4.8,530.4669,4.626608,541.5729,4.6349797,543.17755,4.7475595,546.00684,4.816296,551.81903,4.71018,530.2129,4.670228,536.10815,4.6523304,549.4419,4.831264,527.2025,4.4638615,532.5059,4.7509
COc1ccc(C2=C(C)C3=C(c4c(-c5ccccn5)nc5ccccn45)c4c(C)cc(C)n4[B-](F)(F)[N+]3=C2C)cc1,ClCCl,535.0,5.2,527.91266,4.8462334,531.71655,4.745364,526.17206,4.778003,540.2328,4.933523,539.59344,4.8289657,523.5513,4.8097053,525.01105,4.7590775,537.69775,4.8169937,528.6271,4.540729,521.6764,4.825639
COc1ccc(C2=C(C)C3=C(c4c(-c5ccccn5)nc5ccccn45)c4c(C)c(-c5ccc(OC)cc5)c(C)n4[B-](F)(F)[N+]3=C2C)cc1,ClCCl,555.0,4.7,531.1651,4.6654606,550.67566,4.6305737,541.3578,4.596062,551.10254,4.707365,558.3454,4.690131,535.9121,4.661594,549.1586,4.6656075,550.52386,4.803149,532.1477,4.5417175,538.97046,4.712043
CC1=C(c2ccc(N(c3ccccc3)c3ccccc3)cc2)C(C)=[N+]2C1=C(c1c(-c3ccccn3)nc3ccccn13)c1c(C)c(-c3ccc(N(c4ccccc4)c4ccccc4)cc3)c(C)n1[B-]2(F)F,ClCCl,568.0,4.1,552.4892,4.5466247,564.3383,4.67752,560.7368,4.444651,549.96124,4.460734,570.32007,4.784601,554.30927,4.663694,575.0161,4.6848397,585.6831,4.775421,550.41296,4.5506635,563.9927,4.6181345
N#Cc1c(-n2nnc3c2-c2ccccc2CN(C(=O)CCN)c2ccccc2-3)n([C@H]2C[C@H](O)[C@@H](CO)O2)c2ncnc(N)c12,CO,290.0,4.100370545,321.55118,4.41456,333.60663,4.344389,315.49625,4.237826,341.4525,4.3158193,317.30133,4.2694073,317.96753,4.4568233,305.5771,4.3758264,305.71027,4.569029,315.16846,4.330309,347.3193,4.3443685
N#Cc1c(-n2nnc3ccccc32)n([C@H]2C[C@H](O)[C@@H](CO)O2)c2ncnc(N)c12,CO,278.0,4.222716471,280.60077,4.2731643,286.91663,4.194243,282.553,4.167931,277.7102,4.181106,275.0993,4.181792,273.224,4.2014394,293.72797,4.1959624,275.95758,4.2087035,277.79813,4.1180105,291.92993,4.1222663
Cc1ccc2nnn(-c3c(C#N)c4c(N)ncnc4n3[C@H]3C[C@H](O)[C@@H](CO)O3)c2c1,CO,278.0,4.23299611,282.94522,4.304447,290.8146,4.2893715,277.6884,4.1885343,281.44415,4.235358,275.24127,4.2348022,280.42316,4.273012,289.8959,4.2608337,278.26843,4.238046,283.9312,4.1751337,284.1884,4.170076
Cc1nc2c(c[n+]1C)CN1C(=O)N([C@H]3O[C@@H](CO)[C@H](O)[C@@H]3O)C=CC1=N2,CC#N,390.0,4.575187845,361.4698,4.415964,358.6333,4.3315997,366.14478,4.4526725,349.26306,4.3775363,351.0459,4.52648,349.26904,4.3991528,387.16412,4.476483,326.11823,4.356391,326.28796,4.2965193,365.7859,4.318059
Cc1nc2c(c[n+]1C)CN1C(=O)N([C@H]3O[C@@H](CO)[C@H](O)[C@@H]3O)C=CC1=N2,CC(C)=O,391.0,4.536558443,363.86365,4.455283,360.87402,4.328598,355.47504,4.321876,348.66742,4.394311,354.25763,4.544455,345.4675,4.406031,382.13992,4.5101347,331.07874,4.377189,332.82123,4.338191,362.3983,4.309291
Cc1nc2c(c[n+]1C)CN1C(=O)N([C@H]3O[C@@H](CO)[C@H](O)[C@@H]3O)C=CC1=N2,CO,390.0,4.562292864,353.7335,4.5285387,356.588,4.3870864,351.2282,4.4380655,336.90192,4.4512897,344.54462,4.5745835,351.7885,4.5091815,375.92142,4.5362725,321.33545,4.3961854,311.12878,4.4596643,361.7165,4.375531
Cc1nc2c(c[n+]1C)CN1C(=O)N([C@H]3O[C@@H](CO)[C@H](O)[C@@H]3O)C=CC1=N2,CCO,390.0,4.499687083,363.27368,4.5217476,355.40714,4.3630857,359.9167,4.4285283,346.2256,4.41336,353.6277,4.55966,346.73566,4.4090896,378.81064,4.519461,324.63672,4.3888865,325.57013,4.3774443,362.74915,4.3361044
Cc1nc2c(c[n+]1C)CN1C(=O)N([C@H]3O[C@@H](CO)[C@H](O)[C@@H]3O)C=CC1=N2,O,384.0,4.5289167,356.79822,4.481854,365.8333,4.382324,361.25708,4.440108,350.80188,4.441776,342.441,4.419492,355.6762,4.3943644,377.5941,4.359416,321.07928,4.2135377,325.61475,4.231653,354.3603,4.3098474
Cc1nc2c(c[n+]1C)CN1C(=O)N([C@H]3O[C@@H](CO)[C@H](O)[C@@H]3O)C=CC1=N2,[2H]O[2H],384.0,4.485721426,361.43362,4.4465413,361.32892,4.3390193,363.2283,4.3978004,350.77783,4.3738585,354.14096,4.546719,353.34204,4.4509115,383.19733,4.5190187,328.19427,4.378351,329.98697,4.342543,368.77432,4.390598
Cn1ccc(-n2cncn2)nc1=O,O,310.0,3.903089987,309.51172,3.946215,267.66132,3.6854987,282.96628,3.926134,289.63458,3.8762765,287.22104,4.061337,258.39838,4.0655036,285.32147,3.736806,290.86688,3.9037738,309.52817,3.822105,306.45987,3.7315037
Cc1cn(C)c(=O)nc1-n1cncn1,O,323.0,3.880813592,314.15186,3.8074973,249.61499,3.892698,293.93744,3.8247707,290.57263,3.9558063,295.88477,3.9207013,269.10382,4.0462747,275.27325,3.836804,283.4756,3.8409312,301.87003,3.7595992,303.54294,3.8460517
C[N+]1=C(/C=C/C=C2/N(CCC[N+](C)(C)C)c3ccccc3C2(C)C)C(C)(C)c2ccccc21,CS(C)=O,552.0,5.079181246,539.62915,5.0773897,548.3727,5.0207605,553.07776,5.1023645,550.2201,5.0643163,546.0197,5.1576014,541.68335,5.0803037,564.1925,5.1398478,552.98663,5.10182,556.742,5.0707917,550.2947,5.1313515
CCCCN1/C(=C/C=C/C2=[N+](C)c3ccccc3C2(C)C)C(C)(C)c2cc(OC)ccc21,CS(C)=O,566.0,4.973127854,561.4581,5.1293974,559.8819,4.9816785,577.4711,5.0528345,569.17816,5.071671,552.1344,5.1601257,566.832,5.0854883,572.6622,5.1412883,567.97156,5.098698,562.2761,5.0387845,559.9275,5.113373
CCCCn1/c(=C/C=C/C2=[N+](C)c3ccccc3C2(C)C)c2cccc3cccc1c32,CS(C)=O,672.0,4.875061263,559.2114,4.973778,549.1099,4.7889314,580.1189,4.9850373,555.4646,4.880176,551.02075,4.8371177,587.23773,4.8999033,558.491,4.896065,565.3422,4.9294,554.9227,4.864581,534.37463,4.9159393
O=C(O)c1ccc(C2CC(c3cccc4ccccc34)=NN2c2ccccc2)cc1,O,383.0,4.113943352,332.0813,4.899887,346.16992,4.8289256,358.19666,4.7696486,350.43985,4.8784156,333.48282,4.739037,331.69357,4.8245187,341.38568,4.8940353,344.10742,4.7687078,341.2696,4.8931246,350.08725,4.7905955
O=C(O)c1ccc(C2CC(c3cccc4ccccc34)=NN2c2ccccc2)cc1,CO,389.0,4.397940009,360.38312,5.1416516,355.6596,5.0121512,358.2166,5.0234866,355.04327,5.085276,346.9767,5.14016,350.93204,5.34052,347.45215,5.204038,348.11285,4.9755983,349.80646,5.1395383,370.44455,5.0452857
O=C(O)c1ccc(C2CC(c3cccc4ccccc34)=NN2c2ccccc2)cc1,CC#N,382.0,3.968482949,350.1199,4.978507,356.49332,4.952968,358.71948,4.9633474,351.99222,4.9347334,351.22708,5.1136084,347.56497,5.179314,351.1632,5.0846486,353.20102,4.9679127,356.5493,5.1240363,356.7225,4.8552275
O=C(O)c1ccc(C2CC(c3cccc4ccccc34)=NN2c2ccccc2)cc1,C1CCOC1,366.0,4.643452676,359.54306,5.030038,358.5721,4.974735,355.88736,4.910606,351.5213,4.9003396,354.67715,5.108993,350.17633,5.1610875,353.2713,5.053424,355.6802,4.9546523,357.37897,5.053547,371.0737,4.95043
O=C(O)c1ccc(C2CC(c3cccc4ccccc34)=NN2c2ccccc2)cc1,C1COCCO1,377.0,4.755874856,353.93594,5.048522,357.6679,4.9821405,353.88138,4.968297,351.48843,4.8770647,352.04504,5.063983,350.14648,5.0589523,352.08163,5.069868,350.40417,4.958708,358.35782,5.07039,369.7262,4.946302
O=C(O)c1ccc(C2CC(c3cccc4ccccc34)=NN2c2ccccc2)cc1,CCCCCCC,375.0,4.0,336.66547,4.8739347,354.16626,5.0260005,351.42682,4.8320594,346.19986,4.9361515,349.30835,5.004413,343.68573,5.104155,346.3521,4.989981,346.2727,4.964993,345.63428,5.0781426,356.8027,4.9186993
O=C(O)c1ccc(C2CC(c3cccc4ccccc34)=NN2c2ccccc2)cc1,C1CCCCC1,376.0,4.230448921,360.2824,5.0357027,353.4829,4.867293,355.449,4.787022,344.71573,4.765795,350.77518,5.0951953,349.73267,5.0559235,345.49854,5.0239406,359.38907,4.9592066,354.16394,5.0033126,360.69186,4.888435
O=C(O)c1cc2c(ccc3ccccc32)oc1=O,C1COCCO1,372.0,4.219060332,335.71823,4.2437496,358.06223,3.9257421,348.28125,4.2490487,350.4458,4.192679,368.15283,4.1107674,352.88458,3.9448442,379.33588,4.0887756,347.70386,4.270795,371.24734,3.886696,365.21527,4.126043
O=C(O)c1cc2c(ccc3ccccc32)oc1=O,CCCCO,372.0,4.041392685,345.26358,4.0359898,365.73883,3.821432,354.52206,3.8677597,352.57495,3.9280584,375.68967,3.874252,358.549,3.7086778,385.54315,3.9284105,353.7673,4.1288896,369.51053,3.7752604,369.61374,3.8663142
O=C(O)c1cc2c(ccc3ccccc32)oc1=O,CC#N,376.0,4.206825876,334.05154,4.1652327,360.49832,3.9606771,347.5042,3.9929109,346.3506,4.167788,369.37006,4.02058,358.60223,3.8482642,380.40073,4.0205646,347.2977,4.2418585,366.00412,3.8972564,367.9833,3.956329
O=C(O)c1cc2c(ccc3ccccc32)oc1=O,CCO,363.0,3.982271233,337.74554,4.0940256,360.51392,3.7790072,351.11224,3.9270208,351.09576,4.09879,374.70386,3.9240708,353.86856,3.7117996,383.5585,4.0341363,352.15588,4.205599,366.99982,3.797367,371.52847,3.8811994
O=C(O)c1cc2c(ccc3ccccc32)oc1=O,CO,364.0,3.897627091,336.252,4.187184,357.89114,3.8541982,351.76544,3.9585724,344.18494,4.1748996,370.26117,3.976891,358.32864,3.8220336,379.29877,4.155285,351.93842,4.254469,365.05142,3.8973527,372.0861,3.904714
O=C([O-])c1cc2c(ccc3ccccc32)oc1=O,O,360.0,3.570075705,340.77612,3.7367551,365.59348,3.5037901,351.9115,3.8846002,363.45105,3.6057167,368.1918,3.6276836,356.58856,3.5763042,391.96606,3.8248277,354.0574,4.0113263,366.11877,3.7925541,347.3885,3.7301652
COC(=O)c1ccc2c3ccc(C(=O)OC)c4c(C(=O)OC)ccc(c5ccc(C(=O)OC)c1c25)c43,CCCCO,476.0,4.719439018,423.98373,4.4103575,425.915,4.536109,390.70938,4.2253823,461.1331,4.414436,430.95926,3.9601734,372.78745,4.2729564,449.6721,4.2959304,479.9704,4.4569926,431.61038,4.3958683,490.16437,4.3964586
COC(=O)c1ccc2c3ccc(C(=O)OC)c4c(C(=O)OC)ccc(c5ccc(C(=O)OC)c1c25)c43,CC(C)O,476.0,4.713692103,416.9632,4.350064,421.67538,4.4794188,386.37015,4.238072,457.1469,4.3883934,433.15018,3.9528255,366.74585,4.289518,455.00754,4.2205243,479.72052,4.4476967,422.39325,4.3531647,484.09802,4.380103
COC(=O)c1ccc2c3ccc(C(=O)OC)c4c(C(=O)OC)ccc(c5ccc(C(=O)OC)c1c25)c43,CO,465.0,4.741718728,424.0406,4.188834,420.1318,4.4819455,388.3589,4.266883,454.0668,4.4202156,427.17874,3.8976262,366.7559,4.2907333,441.36215,4.2578926,473.72797,4.4147544,420.88138,4.311128,479.9347,4.3253183
COC(=O)c1ccc2c3ccc(C(=O)OC)c4c(C(=O)OC)ccc(c5ccc(C(=O)OC)c1c25)c43,CC(C)=O,465.0,4.74711648,419.77057,4.4794183,421.42596,4.516242,391.70343,4.3754535,461.6447,4.4944386,431.38165,4.1338987,372.50055,4.3311753,446.3956,4.342687,478.27924,4.478442,429.1652,4.4379077,480.2815,4.363779
COC(=O)c1ccc2c3ccc(C(=O)OC)c4c(C(=O)OC)ccc(c5ccc(C(=O)OC)c1c25)c43,CC#N,465.0,4.730725765,419.23224,4.3882623,421.35904,4.5678897,388.3018,4.2587337,458.15027,4.3293457,422.472,4.152202,377.55164,4.3475504,438.908,4.376207,470.73303,4.456232,429.46347,4.4415765,485.34146,4.481313
COC(=O)c1ccc2c3ccc(C(=O)OC)c4c(C(=O)OC)ccc(c5ccc(C(=O)OC)c1c25)c43,C1COCCO1,470.0,4.719447304,420.5596,4.5682697,424.6409,4.570744,383.22604,4.536134,460.8164,4.4584,428.37094,4.2419896,376.4642,4.4587584,437.00635,4.434331,467.7797,4.4701586,428.7157,4.4541078,486.92892,4.4667435
COC(=O)c1ccc2c3ccc(C(=O)OC)c4c(C(=O)OC)ccc(c5ccc(C(=O)OC)c1c25)c43,CN(C)C=O,468.0,4.707859609,425.9906,4.5200524,434.76538,4.6408477,400.08246,4.219655,471.18774,4.443581,437.4601,4.131008,374.59375,4.399102,452.05753,4.3778687,483.98633,4.4962597,440.50363,4.5394316,500.58154,4.4986396
COC(=O)c1ccc2c3ccc(C(=O)OC)c4c(C(=O)OC)ccc(c5ccc(C(=O)OC)c1c25)c43,ClC(Cl)Cl,469.0,4.733502208,427.32684,4.34089,423.34262,4.535715,392.62604,4.231941,467.12866,4.3602996,434.79898,4.057568,384.97913,4.406817,453.91644,4.322573,481.5857,4.4915576,429.4275,4.4610133,489.30344,4.437344
CN(C)c1ccc(C2=Cc3ccc4ccccc4[n+]3[B-](F)(F)O2)cc1,CCOC(C)=O,468.0,4.655138435,471.60257,4.6868978,464.6901,4.5801883,472.8406,4.655393,471.3144,4.723716,472.20538,4.5806127,472.5435,4.655207,473.1797,4.613098,451.51257,4.631949,463.07153,4.6678023,463.19714,4.6368523
CN(C)c1ccc(C2=Cc3ccc4ccccc4[n+]3[B-](F)(F)O2)cc1,C1CCOC1,472.0,4.671172843,473.06747,4.684268,468.3841,4.6259527,477.32117,4.7094083,472.61075,4.731777,476.61246,4.6149144,479.0542,4.712546,479.64716,4.6280713,456.26367,4.600379,471.57257,4.7167087,465.0165,4.6595087
CN(C)c1ccc(C2=Cc3ccc4ccccc4[n+]3[B-](F)(F)O2)cc1,COC(C)=O,468.0,4.705863712,481.74588,4.6728644,470.37143,4.5860124,478.14795,4.659125,471.77234,4.7267427,476.69675,4.5907707,477.53098,4.683014,478.43555,4.612586,456.49005,4.586433,469.46036,4.642466,468.8695,4.6534753
CN(C)c1ccc(C2=Cc3ccc4ccccc4[n+]3[B-](F)(F)O2)cc1,CC#N,468.0,4.58546073,479.72992,4.7040544,466.4425,4.609039,481.05762,4.6756005,464.2904,4.7264237,473.98026,4.6093125,478.90146,4.6661043,481.6248,4.6423006,451.46243,4.6096215,470.80835,4.72977,464.53897,4.6699877
CN(C)c1ccc(C2=Cc3ccc4ccccc4[n+]3[B-](F)(F)O2)cc1,CN(C)C=O,474.0,4.583198774,484.25888,4.6268744,470.53256,4.5739307,485.48404,4.606667,477.98517,4.715679,481.0676,4.5634995,471.37344,4.6233816,485.39212,4.6430526,465.55405,4.59,471.2366,4.650643,471.7162,4.6419144
CN(C)c1ccc(C2=Cc3ccc4ccccc4[n+]3[B-](F)(F)O2)cc1,ClC(Cl)Cl,477.0,4.752048448,481.25528,4.7079644,474.09027,4.633265,481.287,4.653305,478.68408,4.6800594,479.00595,4.599409,479.49402,4.67193,484.18466,4.634297,462.69162,4.611542,472.57367,4.711852,472.98798,4.657136
CN(C)c1ccc(C2=Cc3ccc4ccccc4[n+]3[B-](F)(F)O2)cc1,CO,468.0,4.626340367,476.1068,4.6678476,465.93033,4.5564456,476.52435,4.689619,473.98193,4.6512413,479.57764,4.5754046,476.59467,4.6367884,478.432,4.5929637,452.75482,4.567699,463.7547,4.6552467,468.9679,4.6162987
Cc1cc(C)c(C2=C3C=CC=[N+]3[B-]3(c4cccc5ccccc45)Oc4cc(O)cc5c6ccc(C)cc6c6cc2n3c6c45)c(C)c1,ClC(Cl)Cl,646.0,4.748188027,647.2384,4.819146,645.5792,4.792967,642.37585,4.8051844,657.5497,4.823351,639.29944,4.8040776,646.6653,4.8245397,639.03766,4.805998,634.13934,4.9090962,641.22,4.791836,632.782,4.73146
CCCCC1(CCCC)c2cc(-c3ccc(C=C4C(=O)c5ccccc5C4=O)cc3)ccc2-c2ccc(-c3ccc(C=C4C(=O)c5ccccc5C4=O)cc3)cc21,CCCCCC,418.0,4.447158031,420.65277,4.6018806,435.1424,4.601892,428.74374,4.6487355,414.95474,4.7064786,432.115,4.5624785,425.48938,4.732694,428.2201,4.6405115,432.63394,4.570937,437.5146,4.4801826,424.45718,4.5944967
CCCCC1(CCCC)c2cc(-c3ccc(C=C4C(=O)c5ccccc5C4=O)cc3)ccc2-c2ccc(-c3ccc(C=C4C(=O)c5ccccc5C4=O)cc3)cc21,Cc1ccccc1,437.0,4.799340549,430.0883,4.580072,435.82516,4.6147933,435.40942,4.609994,425.1842,4.6516876,435.5984,4.6030636,432.95532,4.663432,434.12344,4.635195,434.18573,4.5582123,438.5985,4.574255,428.86285,4.5698915
CCCCC1(CCCC)c2cc(-c3ccc(C=C4C(=O)c5ccccc5C4=O)cc3)ccc2-c2ccc(-c3ccc(C=C4C(=O)c5ccccc5C4=O)cc3)cc21,ClC(Cl)Cl,445.0,4.785329835,430.47034,4.5889196,445.25626,4.6219025,442.49023,4.610271,437.12442,4.6824317,438.11743,4.6191335,445.48517,4.739581,443.91367,4.6559253,436.48688,4.576339,443.91174,4.5473366,434.97693,4.6256466
CCCCC1(CCCC)c2cc(-c3ccc(C=C4C(=O)c5ccccc5C4=O)cc3)ccc2-c2ccc(-c3ccc(C=C4C(=O)c5ccccc5C4=O)cc3)cc21,C1CCOC1,438.0,4.857332496,427.15872,4.6214223,438.30637,4.6037416,437.02808,4.660713,429.2698,4.7187133,432.9681,4.595128,433.33374,4.7004757,429.15106,4.6679497,431.40756,4.5535026,436.8756,4.4819045,426.32794,4.60937
CCCCC1(CCCC)c2cc(-c3ccc(C=C4C(=O)c5ccccc5C4=O)cc3)ccc2-c2ccc(-c3ccc(C=C4C(=O)c5ccccc5C4=O)cc3)cc21,CC(C)=O,435.0,4.832508913,430.19492,4.5653687,438.54156,4.589606,436.47275,4.585731,428.61615,4.6449013,432.1256,4.5820622,438.12823,4.685053,432.01733,4.6676183,434.16382,4.5514107,436.82635,4.513649,426.3326,4.6131916
CCCCC1(CCCC)c2cc(-c3ccc(C=C4C(=O)c5ccccc5C4=O)cc3)ccc2-c2ccc(-c3ccc(C=C4C(=O)c5ccccc5C4=O)cc3)cc21,CS(C)=O,445.0,4.826074803,428.40012,4.527802,443.11887,4.522068,444.8365,4.558913,439.98288,4.602054,433.99985,4.526265,428.25314,4.5439343,434.67148,4.6395216,436.2402,4.5427213,442.11993,4.4764524,428.41605,4.454782
c1ccc(-c2nn(-c3ccccc3)c3nc4ccc(-n5c6ccccc6c6ccccc65)cc4cc23)cc1,C1CCCCC1,419.1114837,3.86923172,414.78366,3.90595,402.20093,3.978285,419.6431,3.8191867,412.80884,4.104174,411.45587,3.914107,413.40247,3.8916087,414.35468,3.923797,399.9887,4.0123153,409.75848,3.824902,401.73346,3.852322
c1ccc(-c2nn(-c3ccccc3)c3nc4ccc(-n5c6ccccc6c6ccccc65)cc4cc23)cc1,CCCCOCCCC,418.0602007,3.880813592,418.2834,3.8987556,404.63538,3.942705,422.79816,3.8708797,417.74384,4.130382,412.2028,3.865281,413.3014,3.9298787,413.85855,3.94363,402.87253,3.9820879,412.94614,3.8524482,405.77527,3.8764966
c1ccc(-c2nn(-c3ccccc3)c3nc4ccc(-n5c6ccccc6c6ccccc65)cc4cc23)cc1,CCCCCl,415.9733777,3.816903839,417.19424,3.981739,404.5839,3.9514866,421.21616,3.8600185,416.9368,4.1854653,414.70035,3.8895283,413.22366,3.9219837,414.3095,3.940833,399.74823,4.0066857,411.5836,3.847589,401.6579,3.7903948
c1ccc(-c2nn(-c3ccccc3)c3nc4ccc(-n5c6ccccc6c6ccccc65)cc4cc23)cc1,C1CCOC1,414.9377593,3.886490725,416.75372,3.9385304,403.24643,3.9921157,425.06183,3.826005,415.56708,4.126631,415.15765,3.9235377,414.54068,3.9001088,418.5384,3.9992027,398.9919,4.05267,414.4075,3.8685627,404.98898,3.8696418
c1ccc(-c2nn(-c3ccccc3)c3nc4ccc(-n5c6ccccc6c6ccccc65)cc4cc23)cc1,CC(C)=O,412.0313144,3.866287339,415.40335,3.9266932,404.60562,3.9906278,419.11847,3.8931637,414.56052,4.1063256,415.43045,3.926608,407.67215,3.894932,417.46844,3.9292421,402.49567,4.028189,412.62473,3.9375415,399.60687,3.8137531
c1ccc(-c2nn(-c3ccccc3)c3nc4ccc(-n5c6ccccc6c6ccccc65)cc4cc23)cc1,CC#N,411.0152076,3.908485019,418.80634,4.0486574,401.68478,4.032753,418.75616,3.8596368,411.72815,4.143185,410.77463,3.883418,409.64374,3.9509745,416.44244,3.9793007,395.66666,4.049392,411.23383,3.934107,400.17798,3.9249992
c1ccc(-c2nn(-c3ccccc3)c3nc4ccc(-n5c6ccccc6c6ccccc65)cc4cc23)cc1,CN(C)C=O,414.9377593,3.886490725,418.7409,4.0089397,410.77917,4.076662,422.30963,3.9484775,413.44965,4.097853,419.94012,3.9033415,407.5409,3.9550967,420.34317,3.9768531,407.97452,4.0174847,419.46527,3.950008,406.6554,3.929791
c1csc(-c2ccc(-c3cccs3)c3nsnc23)c1,ClC(Cl)Cl,445.0,3.903957709,426.9236,3.8151045,449.70926,3.6999373,431.0914,3.4473176,446.7634,3.427055,439.63998,3.5504718,438.05872,3.6414154,420.34637,3.5920882,437.80734,4.032587,437.41147,3.5972288,423.13843,3.8750274
COc1ccc(N(c2ccc(OC)cc2)c2ccc(-c3ccc(-c4ccc(-c5cccs5)c5nsnc45)s3)cc2)cc1,ClC(Cl)Cl,510.0,4.178458936,511.14886,4.089276,523.2513,4.061232,522.6806,4.0758862,519.6436,4.1464643,535.0229,3.9981499,513.5724,4.1183963,513.8493,4.1835823,528.11365,4.283646,528.1673,4.3077445,522.782,4.238548
COc1cc(OC)c2c3c([nH]c2c1)C(=O)CCC3,C1COCCO1,317.0,5.194942505,379.91214,4.0221515,368.7011,4.1429877,384.55396,3.9868393,372.78522,3.976802,383.51514,3.7125745,387.7117,3.9159236,364.71628,3.5060368,359.93005,4.0727262,377.72784,3.7816439,378.1303,3.924338
COc1cc(OC)c2c3c([nH]c2c1)C(=O)CCC3,CCOC(C)=O,317.0,5.156756965,392.61728,3.7332675,368.48822,4.154642,381.5932,3.8274791,374.98398,3.914957,384.08765,3.763752,391.20148,3.8036387,369.4518,3.6681266,360.40723,4.0777674,377.57132,3.6947947,383.53943,3.9200013
COc1cc(OC)c2c3c([nH]c2c1)C(=O)CCC3,CC#N,317.0,5.193302624,383.45676,3.69838,365.56702,4.1447124,386.14154,3.878861,370.5155,3.7716572,384.75204,3.676354,393.74246,3.6182566,367.68854,3.6166139,359.91003,4.0175247,380.6551,3.6515799,383.8952,3.8013415
COc1cc(OC)c2c3c([nH]c2c1)C(=O)CCC3,CN(C)C=O,317.0,5.1883455,383.77606,3.6694982,373.2949,4.199069,389.5155,4.006276,379.14508,3.8150146,392.6253,3.8272455,396.0351,3.8550117,383.92847,3.4852407,373.2369,4.007264,383.7883,3.6938107,394.82825,3.8671646
COc1cc(OC)c2c3c([nH]c2c1)C(=O)CCC3,CS(C)=O,320.0,5.073625928,394.01196,3.9469934,378.7049,4.1924796,390.41052,4.0778112,385.42905,4.0785074,397.1197,3.8832374,394.73105,3.827944,386.92773,3.6653426,374.44058,4.0365224,392.81052,3.908398,390.12012,4.0406294
COc1cc(OC)c2c3c([nH]c2c1)C(=O)CCC3,CO,326.0,5.200382945,387.9707,3.8085122,373.4968,4.0336213,385.5904,3.9470124,375.97754,3.898446,385.578,3.897962,393.2417,3.8175354,370.1008,3.722793,361.88684,4.062085,380.0531,3.6331117,388.05252,3.83664
COc1cc(OC)c2c3c([nH]c2c1)C(=O)CCC3,CCCCCCCCCCO,329.0,5.196072294,384.3638,3.8240786,374.8797,3.9959302,388.8953,3.795327,380.9509,3.8426733,376.5894,3.9174225,385.0027,3.7647672,360.9701,3.7020445,350.0784,4.0027294,368.22842,3.793202,379.20303,3.848753
COc1cc(OC)c2c3c([nH]c2c1)C(=O)CCC3,CCCCCCO,329.0,5.182318945,383.4129,3.8667946,377.71747,3.8985746,386.6026,3.8293002,382.01346,3.8071818,377.01746,3.8357484,390.21033,3.7862785,370.50818,3.6517594,361.53,3.9640539,370.5726,3.7988915,383.75873,3.8549023
COc1cc(OC)c2c3c([nH]c2c1)C(=O)CCC3,CCCCCCCCCCCCO,327.0,5.222337521,384.07315,3.8659549,374.78687,4.0042987,389.10867,3.8051853,380.79498,3.8539054,375.1087,3.941681,382.2323,3.7922468,356.92953,3.72324,349.44897,4.0348277,372.0304,3.803116,377.72415,3.848608
COc1cc(OC)c2c3c([nH]c2c1)C(=O)CCC3,CCCCCCCCO,329.0,5.199846448,395.31238,3.7645118,376.8785,4.025281,393.82922,3.8128202,384.40768,3.8475292,383.7442,3.8755107,393.2831,3.7237163,366.80927,3.681872,362.928,3.9686604,374.03583,3.7563777,384.12305,3.848068
COc1cc(OC)c2c3c([nH]c2c1)C(=O)CCC3,O,329.0,5.201988472,373.01193,3.5670662,378.45087,3.9616957,378.31058,3.7861757,380.8541,3.7282314,381.471,3.675713,376.56467,3.5433073,360.2826,3.641589,365.53583,3.7946472,373.28702,3.6413002,373.38715,3.6699414
CCN(CC)c1ccc(-n2cccc2)cc1,CCCCCC,276.0,3.414973348,327.88016,3.8998008,315.3178,3.7891717,316.3919,3.814407,340.1631,3.6263888,325.16766,3.8008041,304.71854,4.0986133,328.20123,3.873889,311.7077,4.0724206,301.5432,3.8801208,314.5035,4.124222
CCN(CC)c1ccc(-n2cccc2)cc1,CC#N,280.0,3.491361694,329.02472,3.8012128,318.60126,3.8618307,317.1333,3.7157056,344.08472,3.6941876,314.35175,3.7286117,322.28992,3.9212635,333.9212,3.7375002,322.87482,3.9009175,319.33957,3.6660516,312.09564,3.9995146
Cc1ccc(C)n1-c1ccc(N(C)C)cc1,CCCCCC,304.0,3.397940009,274.33975,4.153071,290.58392,3.8476274,265.09177,3.8675935,294.55292,4.046935,283.69257,3.9589183,272.27417,3.7971277,286.22162,4.2349377,284.29083,4.1554613,285.93323,4.1189513,303.6209,3.9642043
Cc1ccc(C)n1-c1ccc(N(C)C)cc1,CC#N,306.0,3.462397998,280.2049,3.8892162,300.11804,3.8389907,288.6345,3.5932064,316.6695,4.097247,288.92126,3.775934,278.7335,3.8423142,291.584,3.9853559,293.56857,4.06104,297.39642,3.9543133,313.06567,3.7730029
CCN(CC)c1ccc2cc(C#N)/c(=N\C(=O)C(C)C)oc2c1,ClCCl,428.0,4.657055853,468.33765,4.6683803,433.12155,4.519695,439.06168,4.550131,452.28293,4.643049,449.7221,4.495764,439.59543,4.4577246,454.92828,4.2499175,440.3953,4.5625377,444.8572,4.544652,444.21304,4.6281557
Nc1cc([NH3+])cc(-c2nc3ccccc3s2)c1,O,300.0,4.245,332.48273,3.7943883,335.68674,3.924605,342.05255,3.8811061,350.52155,3.6366014,336.1375,3.8041618,333.9112,3.8244424,345.65555,3.7390616,354.99765,3.8730688,330.62567,3.8865724,336.40112,3.8389163
[NH3+]c1cc([NH3+])cc(-c2[nH+]c3ccccc3s2)c1,O,328.0,4.287,326.1558,4.117521,330.09644,4.3457494,329.90836,4.3100004,334.90164,4.2523966,332.32605,4.325312,335.6617,4.293,317.8735,4.5287895,440.0149,4.2697816,343.08496,4.3443666,360.04156,4.138874
COCCOCCOCCOc1ccc(/C=C/C2=[N+]3C(=C(c4cc(OC)cc(OC)c4)c4c(C)c(I)c(/C=C/c5ccc(OCCOCCOCCOC)cc5)n4[B-]3(F)F)C(C)=C2I)cc1,ClCCl,664.0,4.75,663.9289,4.803106,673.52527,4.738162,674.55536,4.839837,659.6309,4.6113033,675.5325,4.7856297,678.2767,4.821829,662.31274,4.6497374,687.3663,4.6899557,683.13354,4.799032,677.478,4.8057966
COCCOCCOCCOc1ccc(/C=C/C2=[N+]3C(=C(c4cc(OC)cc(OC)c4)c4c(C)c(I)c(/C=C/c5ccc(OCCOCCOCCOC)cc5)n4[B-]3(F)F)C(C)=C2I)cc1,C1CCOC1,664.0,4.8,662.0251,4.80016,673.83636,4.756914,675.30585,4.8717723,658.8434,4.8517513,674.2791,4.774117,678.60034,4.830162,659.7999,4.641983,684.4501,4.6874385,683.7742,4.8037024,673.20197,4.8026867
COCCOCCOCCOc1ccc(/C=C/C2=[N+]3C(=C(c4cc(OC)cc(OC)c4)c4c(C)c(I)c(/C=C/c5ccc(OCCOCCOCCOC)cc5)n4[B-]3(F)F)C(C)=C2I)cc1,CS(C)=O,666.0,4.79,668.5185,4.7359834,681.919,4.7257175,679.6714,4.714995,666.88684,4.6119256,682.63934,4.7081017,689.78253,4.7583337,661.0424,4.6282773,687.8596,4.6789985,683.5304,4.7884955,676.6795,4.798912
CN(C)c1ccc(C=C2Cc3ccccc3C2=O)cc1,Cc1ccccc1,411.0,4.45,381.06192,4.3889403,376.5073,4.252061,393.82333,4.1643186,393.5168,4.340628,403.31232,4.196538,390.47565,4.0358095,416.54102,4.2401376,375.63718,4.230091,391.2732,4.1199493,409.03125,4.3422885
CN(C)c1ccc(C=C2Cc3ccccc3C2=O)cc1,CCOC(C)=O,413.0,4.44,386.1499,4.243726,380.88803,4.196945,391.70517,4.154995,401.29932,4.3149376,408.1674,4.052045,396.67368,4.0184135,406.53217,4.2802486,365.75674,4.384715,385.08328,4.1394405,409.7508,4.2789516
CN(C)c1ccc(C=C2Cc3ccccc3C2=O)cc1,CC#N,427.0,4.44,395.96252,4.349899,387.5671,4.201535,411.6166,4.225925,412.98093,4.320278,414.00735,4.0974283,413.25873,4.12008,411.6034,4.322257,366.36108,4.3449273,391.8396,4.0932193,421.80005,4.2720623
CC1=[N+]2C(=C(c3c4ccccc4cc4ccccc34)c3ccc(/C=C/C(C)(C)C)n3[B-]2(F)F)C=C1,ClC(Cl)Cl,549.0,4.820857989,552.97296,4.9150863,569.3269,4.842586,549.73224,4.9406114,552.6039,4.9435062,539.9173,4.870666,546.2218,4.8887253,556.30176,4.8362474,552.56665,4.7870083,552.5061,4.853597,565.4932,4.8545003
CC1=CC(C)=[N+]2C1=C(c1ccc(I)cc1)c1c(C)cc(C)n1[B-]2(F)F,ClC(Cl)Cl,504.0,4.914607568,497.8797,4.874323,505.62094,4.9387455,495.11658,4.993675,496.0858,4.977706,507.08847,4.9670024,497.61646,4.929876,502.28958,4.9369974,522.16,4.871717,513.2501,4.935771,506.0817,5.0032415
CO[B-]1(OC)n2c(C)cc(C)c2C(c2ccc(I)cc2)=C2C(C)=CC(C)=[N+]21,ClC(Cl)Cl,505.0,4.90118578,495.67953,4.8251524,504.5274,4.8955803,515.7622,4.8689613,501.8692,4.8555994,504.60474,4.8251944,488.7454,4.7162466,487.4671,4.810681,542.124,4.8128877,512.91583,4.883788,522.3323,4.8828797
CC1=CC(C)=[N+]2C1=C(c1ccc(I)cc1)c1c(C)cc(C)n1[B-]2(OCc1ccccc1)OCc1ccccc1,ClC(Cl)Cl,506.0,4.878234469,491.11276,4.606281,508.76993,4.8139343,516.60547,4.7859554,525.20465,4.711478,519.9419,4.745187,507.78677,4.678537,532.4005,4.691076,556.12915,4.7926383,523.6142,4.7759714,503.22214,4.72278
CC1=CC(C)=[N+]2C1=C(c1ccc(I)cc1)c1c(C)cc(C)n1[B-]2(Oc1ccc([N+](=O)[O-])cc1)Oc1ccc([N+](=O)[O-])cc1,ClC(Cl)Cl,505.0,4.898725182,487.80267,4.9274497,505.75772,4.813563,488.33167,4.93655,490.411,4.826563,497.63623,4.903709,485.70047,4.916033,510.65494,4.8834763,477.44714,4.9139605,493.91986,4.8914323,496.5642,4.827421
CC1=CC(C)=[N+]2C1=C(c1ccc(I)cc1)c1c(C)cc(C)n1[B-]21Oc2ccc3ccccc3c2-c2c(ccc3ccccc23)O1,ClC(Cl)Cl,506.0,4.851564082,538.46967,4.950096,558.959,4.833484,530.0904,4.8433576,545.24524,4.983091,525.8061,4.8174825,572.64087,4.9494295,543.2478,4.8912463,564.53076,4.7850785,549.34155,4.8561153,525.05145,4.8250885
CC1=CS[C@]2(C)C1=C1C(=C3C(C)=C(c4ccc(-c5nc(-c6ccccc6)c(-c6ccccc6)[nH]5)cc4)S[C@]32C)C(F)(F)C(F)(F)C1(F)F,C1CCOC1,565.0,3.806179974,514.8311,3.7052948,524.10144,3.9018443,496.03537,3.8660712,502.22562,3.810996,572.7368,3.7296202,544.99133,3.9792933,524.52203,3.8406136,502.2046,3.9324162,375.50537,4.258624,523.80853,3.9308584
CC1=C(c2ccc(-c3nc(-c4ccccc4)c(-c4ccccc4)[nH]3)cc2)S[C@]2(C)C1=C1C(=C3c4ccccc4C(C)[C@]32C)C(F)(F)C(F)(F)C1(F)F,C1CCOC1,589.0,3.832508913,455.5998,3.7154808,480.7942,3.971386,450.77878,3.9033282,460.279,3.942375,533.2394,3.8479862,486.07812,4.0273185,487.32376,3.8922575,476.3274,3.9931219,377.81628,4.28386,494.79498,3.9719312
CC1(C)C(/C=C/C2=C(Oc3ccc(CCN=C=S)cc3I)/C(=C/C=C3/N(CCCS(=O)(=O)[O-])c4ccccc4C3(C)C)CCC2)=[N+](CCCS(=O)(=O)[O-])c2ccccc21,CO,766.0,5.334453751,772.4989,5.325256,773.77655,5.233254,781.9303,5.3235025,771.4629,5.3182664,793.5463,5.3389416,777.9052,5.3794484,797.3779,5.4235015,778.4813,5.260485,773.4352,5.233375,799.29675,5.403185
CC1(C)C(/C=C/C2=C(Oc3ccc(CCN=C=S)cc3Br)/C(=C/C=C3/N(CCCS(=O)(=O)[O-])c4ccccc4C3(C)C)CCC2)=[N+](CCCS(=O)(=O)[O-])c2ccccc21,CO,768.0,5.404833717,768.33746,5.329702,772.3857,5.241321,781.8805,5.3530087,769.3326,5.338952,790.5309,5.348176,766.2496,5.3798094,782.536,5.418002,778.15125,5.2733474,764.3661,5.2272477,795.3634,5.423318
CC1(C)C(/C=C/C2=C(Oc3ccc(CCN=C=S)cc3Cl)/C(=C/C=C3/N(CCCS(=O)(=O)[O-])c4ccccc4C3(C)C)CCC2)=[N+](CCCS(=O)(=O)[O-])c2ccccc21,CO,768.0,5.378397901,771.6707,5.3333087,774.521,5.2457204,785.5913,5.3525105,769.56335,5.3242517,792.1373,5.345309,773.7632,5.3754053,787.1427,5.4149737,779.724,5.270677,768.8384,5.2337136,797.7738,5.423814
CC(C)(C)c1ccc2c(c1)c1cc(C(C)(C)C)ccc1n2-c1ccc(C#Cc2ccc3c4ccc(C#Cc5ccc(C=C(C#N)C#N)cc5)cc4n(-c4ccc(C(F)(F)F)cc4)c3c2)cc1,ClCCl,355.0,4.866570867,398.21887,4.7256684,418.95624,4.6786404,416.2449,4.716202,420.65613,4.705255,414.63528,4.69904,404.23602,4.8023286,415.9464,4.8224235,415.12683,4.689911,431.89395,4.7185163,420.51273,4.6934767
CC1(C)c2ccccc2N(c2ccc3c(c2)S(=O)(=O)c2cc(N4c5ccccc5C(C)(C)c5ccccc54)ccc2C3(C)C)c2ccccc21,ClCCl,282.0,4.685535736,373.78754,4.0473323,357.29407,3.5171447,397.59607,4.0740333,379.1279,4.1952643,356.52942,3.6522815,376.36594,3.6669478,381.9397,3.9391527,361.92587,4.067286,372.28082,3.8205633,387.5735,3.552487
Cc1cc2c(cc1N1c3ccccc3C(C)(C)c3ccccc31)C(C)(C)c1cc(N3c4ccccc4C(C)(C)c4ccccc43)c(C)cc1S2(=O)=O,ClCCl,359.0,4.621840722,373.36188,4.3474035,356.14484,3.8120456,361.09802,4.470881,374.8968,4.349395,336.63794,3.6731756,393.5183,3.771288,363.33414,4.1092763,343.77405,4.420323,363.21484,4.1278033,386.2641,3.6966805
O=P1(c2ccccc2)c2ccc(N3c4ccccc4Oc4ccccc43)cc2-c2cc(N3c4ccccc4Oc4ccccc43)ccc21,Cc1ccccc1,405.0,3.3,409.51486,3.560198,423.9609,3.0947204,406.84732,3.4894388,417.09933,3.1059194,409.31934,3.100812,390.53183,3.5124414,418.2393,3.5841587,405.9423,3.1788144,406.50314,3.482811,424.35635,3.2640698
O=P1(c2ccccc2)c2cc(N3c4ccccc4Oc4ccccc43)ccc2-c2ccc(N3c4ccccc4Oc4ccccc43)cc21,Cc1ccccc1,418.0,3.49,408.82587,4.0944395,406.15045,3.8430357,402.60233,3.9714582,416.85782,3.6598094,404.27914,3.7040427,423.9925,3.515178,425.22708,4.0972247,406.93176,3.234068,420.70288,3.8746197,419.1151,3.6967206
N#Cc1nc2c(nc1C#N)C1c3ccc(N(c4ccccc4)c4ccccc4)cc3C2c2ccc(N(c3ccccc3)c3ccccc3)cc21,C1CCCCC1,408.0,3.278753601,423.7556,4.224156,435.63232,4.0636573,435.38263,3.8093486,431.67026,3.8885155,438.46753,4.0126734,448.38193,4.347935,415.7045,4.1712995,441.6472,3.8604307,436.23633,4.0982356,414.64865,4.064142
N#Cc1nc2c(nc1C#N)C1c3ccc(N(c4ccccc4)c4ccccc4)cc3C2c2ccc(N(c3ccccc3)c3ccccc3)cc21,ClCCl,409.0,3.799340549,425.39972,4.158767,440.92862,3.9498205,432.81332,3.5785067,421.761,3.8534951,434.1423,3.9704347,450.95746,4.3853273,408.09515,4.1280074,439.51,3.866704,434.0482,4.095636,402.49274,3.96874
N#Cc1nc2c(nc1C#N)C1c3ccc(N(c4ccccc4)c4ccccc4)cc3C2c2ccc(N(c3ccccc3)c3ccccc3)cc21,CC#N,378.0,3.792391689,415.39087,4.13311,428.4714,4.006536,423.61713,3.8115034,420.21075,3.7866812,425.9475,4.038045,441.81332,4.3565235,410.0824,4.17695,432.21365,3.9114509,432.14877,4.110672,407.0017,4.024969
N#Cc1nc2c(nc1C#N)C1c3ccc(N(c4ccccc4)c4ccccc4)cc3C2c2ccc(N(c3ccccc3)c3ccccc3)cc21,Cc1ccccc1,391.0,3.812913357,425.73956,4.2413273,437.16443,3.9963305,435.44684,3.561077,433.92798,3.6621864,436.55682,4.0375853,439.16202,4.3640866,406.22437,4.102287,445.46335,3.8454525,429.13007,4.065955,407.94287,4.074894
CC(C)(C)c1ccc2c(c1)c1cc(C(C)(C)C)ccc1n2-c1ccc(-c2ccc3c(c2)C(=O)c2ccc(-c4ccc(-n5c6ccc(C(C)(C)C)cc6c6cc(C(C)(C)C)ccc65)cc4)cc2C3=O)cc1,Cc1ccccc1,426.0,3.999421326,428.9189,4.053265,430.8932,4.290461,444.21954,4.1090217,427.49838,4.270392,439.6666,4.2634764,443.7817,4.244815,460.72083,4.2368345,399.5552,4.3489437,420.96396,4.3990126,419.11102,4.3312373
Cc1nnc(-c2cc(-n3c4ccccc4c4ccccc43)c(-n3c4ccccc4c4ccccc43)cc2-c2nnc(C)o2)o1,ClCCl,353.0,4.133538908,394.13785,4.231135,363.9314,4.3222084,378.68774,3.7007437,347.04135,4.544897,368.5171,4.39945,360.42337,4.446143,364.23233,4.10756,343.77972,4.430468,387.40643,4.0605817,354.59613,4.0811243
COc1ccc(-c2nnc(-c3cc(-n4c5ccccc5c5ccccc54)c(-n4c5ccccc5c5ccccc54)cc3-c3nnc(-c4ccc(OC)cc4)o3)o2)cc1,ClCCl,353.0,4.326335861,366.66705,4.2035527,388.77972,4.4525204,361.916,4.5635552,347.78284,4.789986,365.66083,4.564819,378.66986,4.5532336,376.8698,4.6541834,352.7978,4.470195,382.5283,4.3469615,360.96167,4.286254
S=P1(c2ccccc2)c2cccc3ccc4ccc1n4c23,ClCCl,407.0,3.5,407.288,3.397427,408.0073,3.5939348,410.7672,3.505524,398.3849,3.8452344,409.1902,3.429308,396.71936,3.380824,392.87994,3.5217953,365.51556,3.567092,365.04672,3.2432866,405.76355,3.3379903
COc1ccc(C2=CC(c3cc(OC)cc(OC)c3)=[O+][B-](F)(F)O2)cc1,ClCCl,396.0,4.674861141,382.24918,4.591093,397.4541,4.5179367,389.22684,4.5634065,376.52014,4.4987097,397.61676,4.6895003,371.8663,4.582134,430.85297,4.753338,413.14282,4.575317,384.54828,4.611481,382.24896,4.5811734
c1ccc2c(c1)c1ccccc1n2-c1ccc(-c2ccc(-n3c4ccccc4c4ccccc43)nc2-n2c3ccccc3c3ccccc32)nn1,ClCCl,337.0,4.755874856,393.29327,3.8059947,351.3438,4.6888604,392.01773,4.3604307,381.5446,4.2997155,363.8847,4.57112,372.23004,4.657746,378.5456,4.4150434,354.08145,4.403232,384.4283,4.4118137,364.76538,4.0725875
c1ccc2c(c1)c1ccccc1n2-c1ccc(-c2ccc(-c3ccc(-n4c5ccccc5c5ccccc54)nc3-n3c4ccccc4c4ccccc43)nn2)c(-n2c3ccccc3c3ccccc32)n1,ClCCl,341.0,4.86332286,381.18134,3.9842315,358.5141,4.9174714,395.508,4.554504,377.97415,4.5534897,357.56274,4.725662,365.94757,4.836272,371.7075,4.7632356,349.54187,4.4781966,378.86523,4.6183057,348.55795,4.3191824
Cc1cccc(-c2c3ccccc3c(-c3cccc(C)n3)c3ccccc23)n1,ClCCl,393.0,4.103803721,387.40216,3.649789,389.80945,3.8567164,406.73615,3.8703828,394.76895,3.852182,386.75778,3.9260113,391.28003,3.775764,401.80505,3.8512304,381.8518,4.134982,415.22235,3.9098008,379.76114,3.8162413
Cc1cccc2[n+]1[B-](c1ccccc1)(c1ccccc1)c1cccc3c4c5c(cccc5c-2c13)[B-](c1ccccc1)(c1ccccc1)[n+]1c(C)cccc1-4,ClCCl,542.0,4.283301229,520.7632,4.3703017,478.39655,4.141317,553.8135,4.296914,551.4319,4.030478,490.8706,3.9089148,512.2095,4.0392084,524.1241,4.0026293,577.9629,4.1673627,560.07477,4.224086,522.19244,3.9964845
CC[B-]1(CC)c2cccc3c4c5c(cccc5c(c23)-c2cccc(C)[n+]21)[B-](CC)(CC)[n+]1c(C)cccc1-4,ClCCl,538.0,4.123851641,475.20276,4.2513733,483.81937,4.3699946,514.11444,4.0834866,495.75958,4.404656,504.63406,4.1122403,470.6794,4.341058,486.82822,4.4386406,457.30545,4.1804447,490.67743,4.3578625,483.41315,4.231837
CC[B-]1(CC)c2cccc3cc4ccccc4c(c23)-c2cccc(C)[n+]21,ClCCl,453.0,4.025305865,426.81693,4.263851,443.964,4.2385597,460.92273,4.0120277,440.25565,4.2939215,441.23877,4.1078224,433.98172,4.1842647,444.6129,4.3179107,418.48935,4.087394,442.71957,4.1107864,423.7646,4.0608716
CCCCC(CC)Cn1c2cc(C#N)c(-c3ccc(N(c4ccccc4)c4ccccc4)cc3)cc2c2cc(-c3ccc(N(c4ccccc4)c4ccccc4)cc3)c(C#N)cc21,ClCCl,420.0,3.794488047,397.85403,4.6574917,408.03363,3.913324,422.4535,3.7343483,414.21085,3.9064102,449.35165,3.8931823,393.3912,4.1675563,390.6191,4.686006,425.13992,4.469961,422.39026,4.0422215,426.31534,3.7767854
C(=C/c1cc(/C=C/c2ccc(-n3c4ccccc4c4ccccc43)cc2)cc(/C=C/c2ccc(-n3c4ccccc4c4ccccc43)cc2)c1)\c1ccc(-n2c3ccccc3c3ccccc32)cc1,Cc1ccccc1,345.0,4.990338855,378.8476,4.9453845,379.732,5.010147,395.54535,4.9192514,389.27493,5.1600466,347.68433,5.2243447,375.44415,5.1724024,391.81427,5.1972985,390.11542,5.1263957,368.48315,4.9978046,359.83087,4.8893614
C(=C/c1cc(/C=C/c2ccc(-n3c4ccccc4c4ccccc43)cc2)cc(/C=C/c2ccc(-n3c4ccccc4c4ccccc43)cc2)c1)\c1ccc(-n2c3ccccc3c3ccccc32)cc1,C1CCOC1,343.0,5.176091259,377.2431,4.9300594,376.52332,5.0045724,384.64398,4.6759663,382.4135,5.127599,342.67688,5.1929026,374.0322,5.212273,387.54257,5.0967417,386.2856,5.1167817,372.02863,4.939089,350.9449,4.8433948
C(=C/c1cc(/C=C/c2ccc(-n3c4ccccc4c4ccccc43)cc2)cc(/C=C/c2ccc(-n3c4ccccc4c4ccccc43)cc2)c1)\c1ccc(-n2c3ccccc3c3ccccc32)cc1,ClCCl,344.0,4.605305046,379.02234,4.9691744,375.2819,5.0574484,389.7291,4.588909,380.68646,5.0403943,342.90503,5.260727,374.58075,5.202409,383.68918,5.116735,384.83966,5.138747,372.30273,4.9890637,350.07553,4.864886
C(=C/c1cc(/C=C/c2ccc(-n3c4ccccc4c4ccccc43)cc2)cc(/C=C/c2ccc(-n3c4ccccc4c4ccccc43)cc2)c1)\c1ccc(-n2c3ccccc3c3ccccc32)cc1,CC#N,344.0,4.167317335,381.55087,5.101815,379.2438,5.0586243,383.67654,4.8037043,372.3727,5.192059,342.19495,5.2329893,376.61584,5.266908,388.90048,5.1065407,385.05963,5.122344,370.6283,5.0068307,353.83517,4.887028
C(=C/c1nc(/C=C/c2ccc(-n3c4ccccc4c4ccccc43)cc2)nc(/C=C/c2ccc(-n3c4ccccc4c4ccccc43)cc2)n1)\c1ccc(-n2c3ccccc3c3ccccc32)cc1,Cc1ccccc1,389.0,5.064457989,379.7424,4.9360685,342.03937,4.644515,322.11563,4.091716,403.87817,4.534671,357.6617,4.630505,367.43988,5.074853,367.19806,4.71274,384.61887,4.670911,337.2779,4.324525,376.30887,4.1553617
C(=C/c1nc(/C=C/c2ccc(-n3c4ccccc4c4ccccc43)cc2)nc(/C=C/c2ccc(-n3c4ccccc4c4ccccc43)cc2)n1)\c1ccc(-n2c3ccccc3c3ccccc32)cc1,C1CCOC1,381.0,4.682145076,375.6209,4.9142737,338.0971,4.718195,319.38245,4.007183,402.6938,4.621461,357.17465,4.626036,372.28278,5.1058974,373.50253,4.716814,383.67935,4.681608,345.06897,4.3044205,378.65256,4.400155
C(=C/c1nc(/C=C/c2ccc(-n3c4ccccc4c4ccccc43)cc2)nc(/C=C/c2ccc(-n3c4ccccc4c4ccccc43)cc2)n1)\c1ccc(-n2c3ccccc3c3ccccc32)cc1,ClCCl,383.0,4.959994838,370.75726,4.914958,335.19122,4.7219944,324.27777,3.9795215,394.38535,4.714149,352.25018,4.654271,367.08368,5.0519333,366.56836,4.6099477,381.95337,4.6835976,341.62393,4.3284054,376.12964,4.343769
C(=C/c1nc(/C=C/c2ccc(-n3c4ccccc4c4ccccc43)cc2)nc(/C=C/c2ccc(-n3c4ccccc4c4ccccc43)cc2)n1)\c1ccc(-n2c3ccccc3c3ccccc32)cc1,CC#N,376.0,3.966141733,371.95987,5.005161,340.1712,4.7821116,326.3201,4.128767,387.8508,4.616383,359.4437,4.629985,370.91742,5.227468,380.71326,4.742769,382.8652,4.6916423,345.55228,4.3618207,384.78586,4.4246783
C(=C/c1cc(/C=C/c2ccccc2)cc(/C=C/c2ccccc2)c1)\c1ccccc1,ClCCl,317.0,4.959994838,326.2376,4.877778,350.54144,5.0454636,350.4008,4.6282144,334.94553,4.94435,313.3425,4.689998,320.94797,4.7695785,344.46802,4.882008,364.74014,4.9651275,351.8031,4.831349,336.64935,4.732318
c1cc2ccc3cc4cccc5ccc6cc(c1)c2c3c6c54,ClCCl,433.0,4.8,445.00473,4.284374,403.52515,3.9135134,446.33234,3.8241363,431.04922,4.1201897,433.82535,3.7223587,418.88855,3.967694,446.19778,4.4532113,413.51718,4.088158,417.67926,4.3677173,390.5999,3.6452537
O=P1(c2ccccc2)C(c2cc(C(F)(F)F)cc(C(F)(F)F)c2)=Cc2c3ccc4cccc5ccc(c6cc(-c7ccccc7)n1c26)c3c45,C1CCCCC1,451.0,4.5,413.77402,4.6776085,412.81946,4.5290246,432.0158,4.6627407,423.36386,4.673179,406.22266,4.559732,423.40686,4.639552,410.79688,4.5764127,412.63144,4.6384025,408.0467,4.5339856,417.10022,4.620752
O=P1(c2ccccc2)C(c2cc(C(F)(F)F)cc(C(F)(F)F)c2)=Cc2c3ccc4cccc5ccc(c6cc(-c7ccccc7)n1c26)c3c45,Cc1ccccc1,453.0,4.49,419.8949,4.6079235,419.09534,4.483989,432.5294,4.5411606,433.86844,4.6895556,414.36496,4.5281463,430.13617,4.599834,422.08252,4.5090837,414.91663,4.6258836,414.6298,4.6141815,422.59753,4.547161
O=P1(c2ccccc2)C(c2cc(C(F)(F)F)cc(C(F)(F)F)c2)=Cc2c3ccc4cccc5ccc(c6cc(-c7ccccc7)n1c26)c3c45,C1COCCO1,448.0,4.51,415.47375,4.754715,412.14752,4.63734,427.28726,4.6920953,428.1206,4.7206645,409.47284,4.6380663,423.20526,4.654962,408.27716,4.640005,410.75626,4.6256247,410.3406,4.629427,424.78714,4.6963725
O=P1(c2ccccc2)C(c2cc(C(F)(F)F)cc(C(F)(F)F)c2)=Cc2c3ccc4cccc5ccc(c6cc(-c7ccccc7)n1c26)c3c45,ClC(Cl)Cl,452.0,4.5,408.86072,4.683929,416.10907,4.5474286,437.6142,4.631574,426.1101,4.6234927,414.00665,4.562598,430.9127,4.675321,421.6279,4.5598564,413.29276,4.6266994,409.2337,4.6191525,419.53284,4.6090283
O=P1(c2ccccc2)C(c2cc(C(F)(F)F)cc(C(F)(F)F)c2)=Cc2c3ccc4cccc5ccc(c6cc(-c7ccccc7)n1c26)c3c45,ClCCl,450.0,4.51,408.12466,4.7279005,414.55115,4.564614,433.44638,4.6775513,422.71747,4.65545,412.27768,4.5925922,431.8408,4.6965218,413.38464,4.6438837,410.07608,4.6375866,410.60468,4.6252613,421.18115,4.6170597
O=P1(c2ccccc2)C(c2cc(C(F)(F)F)cc(C(F)(F)F)c2)=Cc2c3ccc4cccc5ccc(c6cc(-c7ccccc7)n1c26)c3c45,C1CCOC1,451.0,4.5,413.88654,4.7019005,414.36978,4.5864325,430.7072,4.655072,430.213,4.7245913,409.27563,4.6154146,427.35254,4.685607,410.3337,4.6139183,412.1286,4.626635,409.12622,4.6042995,422.2464,4.656377
O=P1(c2ccccc2)C(c2cc(C(F)(F)F)cc(C(F)(F)F)c2)=Cc2c3ccc4cccc5ccc(c6cc(-c7ccccc7)n1c26)c3c45,CC(C)=O,446.0,4.5,414.94565,4.6926866,411.82407,4.5340705,429.0338,4.6724634,426.05542,4.661782,411.21408,4.582939,430.77298,4.669573,411.15753,4.567921,414.75342,4.5999484,410.06854,4.6123323,421.8191,4.62277
O=P1(c2ccccc2)C(c2cc(C(F)(F)F)cc(C(F)(F)F)c2)=Cc2c3ccc4cccc5ccc(c6cc(-c7ccccc7)n1c26)c3c45,CC#N,445.0,4.51,402.76648,4.6227617,409.82916,4.5340014,430.6709,4.62638,423.46698,4.684532,406.51538,4.583503,423.4741,4.642335,399.62625,4.5843205,410.1113,4.631752,407.03607,4.6003413,414.817,4.593311
O=P1(c2ccccc2)C(c2cc(C(F)(F)F)cc(C(F)(F)F)c2)=Cc2c3ccc4cccc5ccc(c6cc(-c7ccccc7)n1c26)c3c45,CO,444.0,4.5,406.0821,4.606635,410.4666,4.512847,429.51523,4.6821713,429.1852,4.64663,398.33585,4.427527,419.66473,4.6416526,405.00635,4.5620003,409.67627,4.5920386,399.48462,4.5738325,415.33566,4.6111665
N#CC1=CC(C=O)=CC(C#N)=P1(c1ccccc1)c1ccccc1,ClC(Cl)Cl,434.0,4.09,483.76266,4.1261473,494.319,4.195291,464.80353,3.9489667,483.89987,4.130837,472.99326,4.014869,502.24368,4.153733,494.9185,4.106931,459.10757,4.2035427,485.7516,4.0748577,488.5744,4.0892878
O=C1NC(=O)c2c1c1c3ccccc3[nH]c1c1[nH]c3ccccc3c21,C1CCOC1,400.0,3.742096402,424.65024,3.9495487,404.347,4.403285,453.21127,4.041769,417.74725,4.0845094,420.61386,4.0500946,466.73544,4.033216,442.07452,4.054513,411.65616,4.362523,450.3453,4.0892544,434.9565,4.0064125
O=C1NC(=O)c2c1c1c3ccccc3[nH]c1c1[nH]c3ccccc3c21,CCO,405.0,3.710709566,428.08228,4.001614,401.81616,4.313122,458.09842,4.1136627,423.4593,4.147741,424.54807,4.0253468,471.08878,4.0105715,450.3445,4.043558,411.03046,4.30341,453.24847,4.1147585,437.5408,3.9242053
O=C1NC(=O)c2c1c1c3ccccc3[nH]c1c1[nH]c3ccccc3c21,CC#N,402.0,3.747256397,425.80942,3.992524,401.83963,4.371689,447.2322,4.235938,415.3218,3.9926212,414.63138,3.9888654,458.09027,4.095038,441.57675,4.0402613,408.37872,4.3593407,448.74628,4.1523786,430.02792,4.0516543
Cc1cccc(C2=Cc3c4ccccc4cc[n+]3[B-](F)(F)O2)c1,ClC(Cl)Cl,401.5,4.5132176,397.05743,4.4954734,396.6446,4.4014378,395.67358,4.379482,409.57117,4.510681,396.59576,4.410827,407.30966,4.4293766,405.50507,4.4434466,404.70352,4.45172,400.66714,4.4323215,390.18246,4.51625
F[B-]1(F)OC(c2ccccc2)=Cc2c3ccccc3cc[n+]21,ClC(Cl)Cl,400.0,4.496929648,399.13855,4.5201735,401.8564,4.411154,396.11356,4.434321,408.59506,4.470695,409.56897,4.4280877,407.19482,4.423957,405.0645,4.394932,402.13388,4.4366755,394.122,4.367323,401.3369,4.533485
c1cc2ccc1-c1ccc(cc1)-c1ccc([se]1)-c1ccc(cc1)-c1ccc(cc1)-c1ccc([se]1)-c1ccc(cc1)-c1ccc(cc1)-c1ccc-2[se]1,C1CCOC1,365.0,4.322219295,368.32098,4.412206,379.47073,4.2509794,364.128,4.578549,372.16913,4.392434,362.49313,4.296051,371.07245,4.377914,367.17792,4.493184,389.52924,4.8240933,367.88177,4.2338076,361.61285,4.44477
COC(=O)c1cccc2c1C#Cc1c(N)cccc1OCCCO2,ClCCl,363.0,4.103803721,356.40903,4.0454874,358.56897,4.0852027,357.56406,3.990138,363.66772,4.2417293,368.49286,4.0252395,352.28088,4.0746784,352.85037,4.1507406,333.9664,4.2676167,362.42044,4.1335263,350.66785,4.018225
CCC(CC)n1c2ccccc2c2cc3c(cc21)c1ccccc1n3C(CC)CC,ClC(Cl)Cl,419.0,4.378397901,394.75168,4.1730123,346.71527,4.5581045,359.86063,4.4703145,374.2089,4.373669,391.10248,4.2582726,317.37347,4.3911886,404.56302,4.468111,378.61478,4.6083374,348.36603,4.4957895,329.5272,4.348009
c1ccc(-c2pc3ccccc3s2)cc1,CC#N,330.0,4.565847819,311.18347,4.576817,322.32608,4.6407385,320.36584,4.7141333,320.46158,4.6334596,328.60208,4.5918036,326.792,4.6763425,323.87546,4.6563053,316.49384,4.539732,331.78854,4.5611053,322.05347,4.63287
COc1ccc(-c2pc3ccccc3s2)cc1,CC#N,347.0,4.781755375,328.44965,4.451354,339.9446,4.632907,343.42545,4.5577736,335.22226,4.67293,334.00052,4.557334,339.57495,4.662258,328.8469,4.672065,319.59464,4.5565925,328.33344,4.59366,342.67575,4.5888453
CC1=[N+]2C(=C(NC(C)c3ccccc3)c3ccc(C)n3[B-]2(F)F)C=C1c1cc2n(c1)[B-](F)(F)[N+]1=CC=CC1=C2c1c(C)cc(C)cc1C,C1CCCCC1,571.0,4.77815125,576.3981,4.6280937,574.3644,4.632241,566.46735,4.6822066,571.71484,4.656248,574.209,4.8209276,572.2232,4.704711,573.3608,4.738269,579.60876,4.7742248,572.01056,4.695478,569.621,4.6950316
CC1=[N+]2C(=C(NC(C)c3ccccc3)c3ccc(C)n3[B-]2(F)F)C=C1c1cc2n(c1)[B-](F)(F)[N+]1=CC=CC1=C2c1c(C)cc(C)cc1C,CCOC(C)=O,570.0,4.903089987,571.3583,4.5695276,566.17755,4.5849047,565.489,4.661409,568.021,4.664458,567.93054,4.755629,570.0667,4.610503,567.45184,4.668151,574.2543,4.749666,567.83264,4.638049,564.4665,4.601249
Oc1ccccc1/C=N/CC/N=C/c1ccccc1O,CC#N,396.0,3.064457989,279.90607,4.1206574,296.4261,4.002549,279.4245,4.21238,291.96326,3.9971914,303.15082,4.3004293,333.54416,4.0290656,305.5119,4.523773,293.62372,4.4083686,285.0461,4.362249,284.31204,4.3678846
Oc1ccccc1/C=N/C1CCCCC1/N=C/c1ccccc1O,CC#N,400.0,3.303196057,338.03177,4.3579025,341.62164,4.678247,352.33197,4.180786,326.32147,4.0239053,357.3969,4.3088145,361.5762,3.7587748,324.6927,4.3617163,338.58502,4.289621,326.38947,4.3905635,320.33954,4.1783214
Oc1ccc2ccccc2c1/C=N/c1cc2ccccc2cc1/N=C/c1c(O)ccc2ccccc12,CC#N,474.0,4.025305865,415.18414,3.7705123,409.7737,4.0464005,405.72467,4.0525227,419.1941,4.1556416,409.8763,3.8653831,392.91306,4.205806,434.80316,3.7377234,447.38058,4.1923094,412.77267,4.171755,415.22122,3.997032
COC(=O)c1cc(=O)n(C)c2cc(-c3cccc(OC)c3)sc12,ClCCl,394.0,4.662757832,391.34045,3.889352,387.78937,4.0878086,392.9685,3.9581044,387.9001,3.979758,398.2882,4.0849795,383.00018,4.0530787,394.40088,4.0097675,370.5666,4.1872253,393.84583,3.9827962,376.15775,3.7804577
COC(=O)c1cc(=O)n(C)c2cc(-c3ccccc3OC)sc12,ClCCl,398.0,4.322219295,392.14542,3.8802035,390.8374,4.1937213,386.78033,4.032941,394.47485,4.02126,393.6697,4.00487,387.31583,4.0052967,392.17697,4.001551,364.5247,4.2237415,391.30307,4.0207825,380.62875,3.8449056
COc1ccc(-c2cc3c(ccc(=O)n3C)s2)cc1,ClCCl,378.0,4.462397998,353.76926,4.5651326,364.23724,4.434825,356.63782,4.4956565,377.2906,4.541309,370.1648,4.428557,367.50186,4.4946995,359.4748,4.4900427,352.08228,4.3725863,339.70316,4.4404917,376.50412,4.470207
COc1ccc(-c2cc3c(s2)c(C(C)=O)cc(=O)n3C)cc1,ClCCl,418.0,4.123851641,408.8613,4.2433925,408.43146,4.254971,425.16043,4.2338276,420.07928,4.1924825,410.0475,4.211594,402.26343,4.317756,412.5619,4.209381,377.56552,4.1527762,401.92676,4.229357,408.95914,4.311002
COC(=O)c1cc(=O)n(C)c2cc(-c3cc(OC)c(OC)c(OC)c3)sc12,ClCCl,400.0,4.392696953,380.8332,3.8188772,391.13834,4.2527003,396.72928,3.958463,390.80054,4.047183,403.60297,4.1716814,384.56293,4.1896744,396.2577,4.079154,371.5143,4.2801595,400.564,4.010168,388.44516,4.1228147
COC(=O)c1cc(=O)n(C)c2cc(-c3ccc(N4CCN(C)CC4)cc3)sc12,ClCCl,420.0,4.378397901,436.2551,4.3330436,437.7797,4.3381877,433.62137,4.3731685,428.31772,4.383414,428.1023,4.2041087,436.8385,4.513274,446.97708,4.4732633,413.29517,4.310583,411.5855,4.266495,438.98013,4.5248895
COc1ccc(C#Cc2ccc(C#Cc3ccc(P(=O)(c4ccc(C#Cc5ccc(C#Cc6ccc(OC)cc6)cc5)cc4)c4ccc(C#Cc5ccc(C#Cc6ccc(OC)cc6)cc5)cc4)cc3)cc2)cc1,ClC(Cl)Cl,338.0,5.247973266,340.12628,5.0277796,337.6389,5.1944685,365.86542,4.9441724,353.7737,4.8803473,341.99554,5.219283,357.56287,5.218604,351.59085,5.087419,325.30475,5.3816943,364.38254,5.1090827,356.15723,5.2210097
COc1ccc(C#Cc2ccc(C#Cc3ccc(P(=O)(c4ccc(C#Cc5ccc(C#Cc6ccc(OC)cc6)cc5)cc4)c4ccc(C#Cc5ccc(C#Cc6ccc(OC)cc6)cc5)cc4)cc3)cc2)cc1,ClCCl,338.0,5.255272505,341.48312,5.0455537,334.718,5.222155,361.31625,4.93123,353.80524,4.8521943,339.0284,5.246182,353.11575,5.1717668,341.73746,5.0741806,320.94934,5.4132223,356.84253,5.150218,346.44412,5.235219
O=Cc1ccc(C#CC(C#Cc2ccc(C=O)s2)=Cc2ccc(C=C(C#Cc3ccc(C=O)s3)C#Cc3ccc(C=O)s3)s2)s1,ClC(Cl)Cl,524.0,4.602059991,491.37427,4.673377,530.24146,4.466035,499.91006,4.15538,514.14716,4.390444,524.0026,4.343127,510.53787,4.617861,505.88086,4.465146,523.0878,4.41008,549.7019,4.386605,560.2065,4.3966007
N#Cc1nc2cnc(N)nc2n1Cc1ccccc1,ClCCl,326.0,3.2,334.93518,4.032875,330.5135,4.3026047,332.41995,4.0708294,333.21942,4.1342025,335.12424,4.2111487,322.3285,4.249706,322.15338,4.3400927,322.71353,4.3705287,315.3289,4.2815194,331.74072,4.083064
CNc1ncc2nc(C#N)n(Cc3ccccc3)c2n1,ClCCl,341.0,3.8,364.9605,4.0993834,358.95612,4.498569,342.76447,4.133624,352.20364,4.1813345,348.3336,4.1997724,351.08212,4.21743,332.04874,4.3987193,359.72275,4.3648763,335.18695,4.2484155,348.37128,4.080254
CN(C)c1ncc2nc(C#N)n(Cc3ccccc3)c2n1,ClCCl,361.0,4.2,356.41266,4.113328,345.42197,4.303307,340.5813,4.1165233,345.37585,4.283598,343.9362,4.185575,339.94788,4.264469,323.2269,4.5561943,332.72952,4.427459,323.132,4.2936015,333.05774,4.151774
N#Cc1nc2c(OCc3ccccc3)nc(N)nc2n1Cc1ccccc1,ClCCl,311.0,4.3,310.26245,4.222549,319.79382,4.349248,315.36713,4.142145,325.08575,4.1312203,321.0995,4.283106,318.5985,4.2611394,317.89206,4.3439636,326.44818,4.272844,320.6354,4.222646,322.2601,4.1168914
CN(C)c1nc(N)nc2c1nc(C#N)n2Cc1ccccc1,ClCCl,324.0,4.2,324.95264,4.212771,333.01837,4.3693533,326.43878,4.1807775,336.75555,4.229509,324.5979,4.3070383,326.4831,4.271636,322.9347,4.3236456,325.30957,4.2977157,310.97073,4.4044213,336.1206,4.148254
CN(C)c1nc(N(C)C)c2nc(C#N)n(Cc3ccccc3)c2n1,ClCCl,348.0,4.4,345.81067,4.2416806,343.44055,4.336301,335.98517,4.1170034,352.63562,4.358466,343.5965,4.297131,337.87546,4.306275,340.9494,4.410414,336.69202,4.3984494,326.26898,4.3926234,343.10037,4.26998
CNc1ncc2nc(C(=O)OC)n(Cc3ccccc3)c2n1,ClCCl,345.0,3.2,369.91562,4.22734,360.76648,4.3575354,347.46637,4.1941338,346.47623,4.215915,350.39502,4.262556,349.3974,4.207069,342.71716,4.289511,357.84918,4.332404,346.48917,4.1974134,347.85486,4.1515512
COC(=O)c1nc2cnc(N(C)C)nc2n1Cc1ccccc1,ClCCl,362.0,4.1,371.80444,4.1051364,350.08557,4.203554,346.26498,4.2085624,348.68857,4.2618284,350.95917,4.201014,349.11066,4.233008,337.0408,4.3734527,329.67377,4.380744,339.6626,4.1878657,332.30096,4.1338468
CCCCNC(=O)c1nc2c(N(C)C)nc(N(C)C)nc2n1Cc1ccccc1,ClCCl,338.0,4.2,351.94714,4.2856193,345.93866,4.271985,342.48138,4.2297726,356.4539,4.34338,354.69666,4.328918,350.64783,4.259583,340.82553,4.403279,343.35266,4.323062,342.27332,4.37866,357.9281,4.265159
COC(=O)CNC(=O)c1nc2c(N(C)C)nc(N(C)C)nc2n1Cc1ccccc1,ClCCl,343.0,4.3,357.39545,4.2755494,347.38272,4.253006,344.8993,4.2263746,356.4278,4.318245,361.51263,4.2457023,346.64157,4.213848,354.8581,4.356063,344.83487,4.3538127,344.0634,4.32238,358.71854,4.2255454
N#Cc1nc2cnc(N)nc2n1Cc1ccccc1,C1COCCO1,331.0,4.2,329.28503,4.164887,326.36908,4.3606057,328.82678,4.0931215,328.58478,4.190415,327.5051,4.271382,314.97113,4.170481,318.76697,4.427216,320.97845,4.4223,320.81378,4.278479,327.84827,4.200691
CNc1ncc2nc(C#N)n(Cc3ccccc3)c2n1,C1COCCO1,342.0,4.0,359.99866,4.2305126,352.8622,4.5124035,339.8336,4.257823,346.76215,4.1534786,343.849,4.306195,344.69257,4.2040343,331.32614,4.4952397,363.74765,4.3901153,338.99673,4.2747965,346.9184,4.247387
CN(C)c1ncc2nc(C#N)n(Cc3ccccc3)c2n1,C1COCCO1,355.0,4.4,347.1755,4.225301,339.3094,4.3753333,335.63464,4.2708573,333.73077,4.2289004,334.15988,4.299096,333.7821,4.29196,322.18335,4.5929894,331.12012,4.4712424,327.00146,4.303552,328.88342,4.254361
N#Cc1nc2c(OCc3ccccc3)nc(N)nc2n1Cc1ccccc1,C1COCCO1,313.0,4.3,308.40512,4.2852607,318.5007,4.4306474,309.59515,4.18952,324.44244,4.233488,314.2013,4.3320193,314.5874,4.2402334,316.50937,4.4635963,326.66296,4.338252,325.28702,4.257975,321.18848,4.2684503
CN(C)c1nc(N)nc2c1nc(C#N)n2Cc1ccccc1,C1COCCO1,334.0,4.4,323.19498,4.3166566,328.2773,4.428234,324.4591,4.1987495,339.62024,4.261375,316.9671,4.394173,320.30933,4.28106,320.10834,4.4031973,322.9133,4.3526983,315.5161,4.3852916,331.67892,4.264942
CN(C)c1nc(N(C)C)c2nc(C#N)n(Cc3ccccc3)c2n1,C1COCCO1,345.0,4.3,338.67047,4.35094,339.87112,4.4134007,329.36087,4.2116704,345.19675,4.2878456,333.03534,4.418571,333.14844,4.36207,337.5008,4.480895,334.74893,4.4493756,331.55005,4.4005384,339.86475,4.347581
CNc1ncc2nc(C(=O)OC)n(Cc3ccccc3)c2n1,C1COCCO1,345.0,4.1,365.71228,4.3398895,356.53882,4.3978314,347.1751,4.343169,347.67914,4.2170305,347.36487,4.3118944,344.25943,4.292614,338.4545,4.3724995,360.62396,4.355734,350.42963,4.235227,349.36145,4.3136196
COC(=O)c1nc2cnc(N(C)C)nc2n1Cc1ccccc1,C1COCCO1,358.0,4.2,361.69427,4.2795362,344.39667,4.2872257,345.1626,4.3272047,343.94843,4.2512293,341.74094,4.257838,344.05948,4.3256216,332.0521,4.447314,327.75705,4.432418,343.39923,4.218877,328.91113,4.235791
CCCCNC(=O)c1nc2c(N(C)C)nc(N(C)C)nc2n1Cc1ccccc1,C1COCCO1,332.0,4.2,345.17178,4.341198,345.06854,4.3596854,341.49582,4.2658215,347.74652,4.270391,348.39053,4.3991284,347.90002,4.372709,337.2606,4.4256744,341.52423,4.365901,346.69223,4.3775387,358.13257,4.292017
COC(=O)CNC(=O)c1nc2c(N(C)C)nc(N(C)C)nc2n1Cc1ccccc1,C1COCCO1,336.0,4.3,349.4107,4.3650503,346.102,4.3552804,342.58118,4.2971487,351.3371,4.305785,356.6153,4.335088,344.00394,4.3328414,349.06714,4.4072714,342.83786,4.408614,347.84512,4.336194,358.78995,4.333568
N#Cc1nc2cnc(N)nc2n1Cc1ccccc1,CC#N,330.0,3.2,328.5777,4.254197,325.66434,4.3830104,331.79037,4.255413,327.6912,4.2440076,322.86688,4.2883825,317.0688,4.348458,323.6242,4.4431086,321.86655,4.3885374,320.13315,4.3911343,326.646,4.341887
CNc1ncc2nc(C#N)n(Cc3ccccc3)c2n1,CC#N,342.0,3.0,364.67108,4.2910957,354.02695,4.5177336,346.52856,4.353552,349.90515,4.2198224,341.7652,4.280639,350.15042,4.3460746,335.3574,4.509627,361.35132,4.37871,338.4293,4.3571,345.68707,4.355369
CN(C)c1ncc2nc(C#N)n(Cc3ccccc3)c2n1,CC#N,357.0,3.9,351.50256,4.2499022,341.60382,4.3956285,348.22556,4.297403,337.89624,4.24732,330.44492,4.256101,337.41705,4.3861775,324.872,4.5791492,331.85968,4.4436717,327.52222,4.374621,332.18,4.347302
N#Cc1nc2c(OCc3ccccc3)nc(N)nc2n1Cc1ccccc1,CC#N,313.0,4.3,310.43933,4.266145,321.04715,4.410766,316.73315,4.265909,324.94934,4.1336007,313.94,4.339345,317.1946,4.401872,318.15628,4.4479613,326.346,4.306133,325.13904,4.319206,318.4153,4.2786117
CN(C)c1nc(N)nc2c1nc(C#N)n2Cc1ccccc1,CC#N,326.0,4.3,325.513,4.3729277,332.81857,4.4663577,331.4414,4.352292,339.46246,4.2842045,317.72287,4.366724,321.44348,4.3518815,323.57147,4.3590393,323.8998,4.3243046,317.1139,4.455828,333.02856,4.293716
CN(C)c1nc(N(C)C)c2nc(C#N)n(Cc3ccccc3)c2n1,CC#N,344.0,4.3,343.14307,4.3745522,341.6341,4.436637,341.33105,4.2732244,346.22824,4.2698064,335.67377,4.3411803,334.47223,4.3958993,340.47086,4.424729,335.07755,4.4228406,331.9302,4.3944,344.008,4.3640733
CNc1ncc2nc(C(=O)OC)n(Cc3ccccc3)c2n1,CC#N,345.0,3.2,366.6002,4.3299155,359.74704,4.3999586,349.73398,4.3207436,348.58765,4.3187532,348.08582,4.301905,347.50507,4.272354,341.3601,4.358497,358.95862,4.3401027,349.31177,4.242074,351.9436,4.2920084
COC(=O)c1nc2cnc(N(C)C)nc2n1Cc1ccccc1,CC#N,359.0,4.1,362.57947,4.225239,346.81537,4.3045993,349.25293,4.2997007,346.8364,4.3338623,341.8922,4.2300997,345.4715,4.2994394,335.03336,4.412847,328.6307,4.4039717,342.8095,4.2194796,336.2854,4.25624
CCCCNC(=O)c1nc2c(N(C)C)nc(N(C)C)nc2n1Cc1ccccc1,CC#N,333.0,4.2,347.82132,4.3475437,345.11688,4.346424,345.12842,4.3054442,348.22263,4.2417536,349.7057,4.3219814,343.41003,4.2311745,341.31903,4.39347,341.6576,4.343249,349.21277,4.2973084,361.8969,4.270398
COC(=O)CNC(=O)c1nc2c(N(C)C)nc(N(C)C)nc2n1Cc1ccccc1,CC#N,336.0,4.3,354.3985,4.3239794,347.8275,4.3181624,350.93506,4.319215,352.73035,4.262679,359.10504,4.24183,344.89835,4.2082715,354.35767,4.3762884,343.33594,4.3792176,348.19708,4.2734923,367.8127,4.1837153
N#Cc1nc2cnc(N)nc2n1Cc1ccccc1,CO,333.0,3.2,332.29742,4.1743746,318.75848,4.285118,329.12683,4.0806904,331.69177,4.114798,323.9873,4.171429,315.1038,4.241302,308.84244,4.305816,320.0425,4.4170923,315.01028,3.8426607,328.0696,4.1831894
N#Cc1nc2cnc(N)nc2n1Cc1ccccc1,O,331.0,2.8,316.1134,4.034321,322.98566,4.1883245,324.22742,3.99738,323.22446,4.1275387,320.65118,3.9988942,308.97864,4.1139345,305.89532,4.2238297,320.72388,4.1412463,307.41766,4.102736,316.59375,3.960375
CNc1ncc2nc(C#N)n(Cc3ccccc3)c2n1,CO,342.0,3.9,361.20868,4.2893863,343.7386,4.3383174,337.28586,4.104676,344.51672,4.058468,336.80038,4.0888734,343.96872,4.1561227,319.0539,4.30995,360.88702,4.3427534,336.36798,4.012212,346.66745,4.144714
CN(C)c1ncc2nc(C#N)n(Cc3ccccc3)c2n1,CO,358.0,4.0,351.52307,4.2489347,334.94128,4.200024,337.03424,4.071638,338.80704,4.16432,329.99796,4.1073203,331.20288,4.161128,315.75684,4.512308,329.58557,4.456774,322.81464,4.085811,331.3387,4.1644177
N#Cc1nc2c(OCc3ccccc3)nc(N)nc2n1Cc1ccccc1,CO,318.0,4.1,314.50485,4.2963595,312.51627,4.300087,313.52515,4.1702013,327.23383,4.2949376,316.44232,4.2866044,312.97357,4.288089,312.68478,4.2094793,325.7273,4.300568,320.04556,4.0769634,321.66324,4.2590013
CN(C)c1nc(N)nc2c1nc(C#N)n2Cc1ccccc1,CO,327.0,4.2,323.57205,4.2917566,325.76178,4.2222366,323.37717,4.2085176,339.23935,4.165883,316.79675,4.280121,321.80124,4.2807183,320.91025,4.164804,324.08936,4.354563,309.95917,4.242201,336.024,4.192849
CN(C)c1nc(N(C)C)c2nc(C#N)n(Cc3ccccc3)c2n1,CO,342.0,4.4,337.9843,4.2900324,338.5568,4.167347,332.28934,4.053098,348.5406,4.2543664,333.64932,4.2274137,329.3755,4.2206655,337.9179,4.2861257,335.66364,4.430164,327.89716,4.2589536,343.02863,4.2405252
CNc1ncc2nc(C(=O)OC)n(Cc3ccccc3)c2n1,CO,345.0,3.9,365.0098,4.250018,355.90363,4.270408,347.32965,4.121578,346.8801,4.088816,344.34433,4.141714,343.25354,4.224494,335.00208,4.2889967,360.4999,4.3257685,345.24127,4.1634417,354.14758,4.1439047
COC(=O)c1nc2cnc(N(C)C)nc2n1Cc1ccccc1,CO,362.0,4.1,365.06345,4.117275,347.08167,4.144736,347.86154,4.101659,345.13956,4.126281,341.30594,4.1217504,341.7252,4.2097216,329.62103,4.4075203,327.96722,4.4196606,338.46622,4.1672363,335.34232,4.1020513
CCCCNC(=O)c1nc2c(N(C)C)nc(N(C)C)nc2n1Cc1ccccc1,CO,335.0,4.2,345.8708,4.2890525,345.19977,4.117146,342.97925,4.09922,349.4709,4.230692,347.3083,4.2399006,342.74844,4.2019515,338.14178,4.333703,344.03143,4.3572273,342.52524,4.309263,360.69482,4.193336
COC(=O)CNC(=O)c1nc2c(N(C)C)nc(N(C)C)nc2n1Cc1ccccc1,CO,340.0,4.2,352.4798,4.2475038,348.60422,4.0848813,348.56744,4.0653353,353.37564,4.2046065,358.66354,4.134519,342.98892,4.17525,351.66016,4.336936,345.82428,4.376347,344.17752,4.2830086,365.66043,4.145973
CC(C)CCCC(C)CCN1C(=O)c2ccc3c(-c4ccccc4)c4c5ccc6c7c(ccc(c(-c8ccccc8)c4c4ccc(c2c34)C1=O)c75)C(=O)N(CCC(C)CCCC(C)C)C6=O,ClCCl,630.0,4.08278537,583.62683,4.528525,567.9241,4.5528536,602.3114,4.5470376,599.569,4.268703,629.688,4.38845,626.35846,4.368258,598.3216,4.662066,578.0365,4.723453,572.84753,4.640783,579.0335,4.537029
COCCOCCOCN1C(=O)c2ccc3c(-c4ccccc4)c4c5ccc6c7c(ccc(c(-c8ccccc8)c4c4ccc(c2c34)C1=O)c75)C(=O)N(COCCOCCOC)C6=O,ClCCl,630.0,4.089905111,572.3567,4.567638,566.39197,4.512578,588.2229,4.4947867,596.7343,4.1227455,623.95703,4.466802,606.06384,4.294748,562.9901,4.548267,575.8579,4.699478,540.82446,4.6235123,567.5049,4.652206
CC(C)c1cccc(C(C)C)c1N1C(=O)c2ccc3c4c(-c5ccc(C(=O)O)cc5)c5ccc6c7c(cc8c9cc(C(=O)O)ccc9c(c9ccc(c2c39)C1=O)c4c8c57)C(=O)N(c1c(C(C)C)cccc1C(C)C)C6=O,ClCCl,607.0,4.11058971,633.7746,4.305913,596.88513,4.6352353,623.18506,4.3345895,625.5668,4.4892235,607.11835,4.270932,615.7489,4.487304,660.9981,4.3270283,585.7871,4.7536426,635.3558,4.537847,628.7416,4.295184
C(=C/c1ncc2ccccc2n1)\c1ccc(N(c2ccccc2)c2ccccc2)cc1,ClCCl,400.0,4.523746467,403.66983,4.1826973,409.54282,4.191402,401.27164,4.3272,403.12677,4.419387,394.69516,4.5004125,403.3674,4.4282827,399.70792,4.4329033,396.36838,4.488231,389.8655,4.4187474,399.4026,4.4030113
C(=C/c1ncc2ccccc2n1)\c1ccc(-c2ccc(N(c3ccccc3)c3ccccc3)cc2)cc1,ClCCl,382.0,4.534026106,385.89374,4.465925,388.87378,4.2523394,385.66882,4.483314,384.56207,4.5301824,380.16428,4.4740305,381.2284,4.576302,382.38254,4.4720592,382.71786,4.5562415,378.96014,4.5239854,373.7134,4.4248977
c1ccc(N(c2ccccc2)c2ccc(-c3ncnc4ccccc34)cc2)cc1,ClCCl,380.0,4.214843848,380.16507,4.5566316,355.20383,4.3371754,379.1371,4.5869503,388.58658,4.5730186,376.1333,4.567777,350.3626,4.4753447,367.1789,4.516699,372.2249,4.386687,351.4278,4.426128,372.9514,4.497164
CN(C)c1ccc(-c2nc(-c3ccc(N(C)C)cc3)c3ccccc3n2)cc1,ClCCl,384.0,4.220108088,386.67007,4.1797214,380.05722,4.3363442,384.99536,4.342649,386.75793,4.2651367,387.72388,4.3017697,371.3053,4.3250875,387.81448,4.1834803,400.91873,4.3906865,361.46863,4.5217295,379.3318,4.3642836
C(#Cc1ncnc2ccccc12)c1ccc(N(c2ccccc2)c2ccccc2)cc1,ClCCl,411.0,4.439332694,385.95377,4.5751085,381.0946,4.474816,414.51404,4.311159,418.39526,4.572272,384.53635,4.5866165,385.204,4.5752687,389.87302,4.5732746,391.2462,4.518436,372.77362,4.569775,402.73502,4.332036
CCCCCCCCCC1(CCCCCCCCC)c2cc(C#Cc3ccc(/C=C/c4ccc(N(CCCCCCCC)CCCCCCCC)cc4)cc3)ccc2-c2ccc(C#Cc3ccc(/C=C/c4ccc(N(CCCCCCCC)CCCCCCCC)cc4)cc3)cc21,Cc1ccccc1,411.0,5.1,406.30612,5.2916346,400.05017,5.196735,409.83725,5.1866813,407.72632,5.219128,400.28857,5.2613945,407.9597,5.2905817,416.88467,5.252382,422.13177,5.4644313,412.06192,5.24641,401.17792,5.262797
c1ccc([B-]2(c3ccccc3)Oc3ccc4ccccc4c3-c3c4ccccc4cn[n+]32)cc1,Cc1ccccc1,436.0,3.531478917,421.52194,3.45613,441.18954,4.0564337,451.09375,3.6623852,421.55038,3.7465906,433.62274,3.666215,431.4705,3.5423052,455.72226,3.519994,439.62192,3.7263718,448.51178,3.6653762,435.84097,3.6506739
COc1ccc(N2c3ccc4ccccc4c3-c3c4ccccc4cc[n+]3[B-]2(c2ccccc2)c2ccccc2)cc1,Cc1ccccc1,520.0,3.826074803,517.38513,3.8384738,522.88635,3.9661384,512.93475,3.87105,549.34686,3.6583073,525.2914,3.7626781,503.10583,3.6535196,515.9671,3.7167506,544.04517,4.0351677,536.90814,3.7898374,518.1513,3.98672
CC(C)(C)OC(=O)/C=C/C1=CC2=C(c3ccccc3)c3cccn3[B-](F)(F)[N+]2=C1,ClCCl,538.0,4.54,540.5382,4.566635,531.68317,4.538161,534.78815,4.5373244,547.0676,4.702086,529.7543,4.6283493,538.97595,4.6156983,540.5618,4.5545816,521.79504,4.5359883,517.93994,4.380472,515.10754,4.5325246
COC(=O)/C=C/C1=CC2=C(c3c(C)cc(C)cc3C)c3cc(/C=C/C(=O)OC)cn3[B-](F)(F)[N+]2=C1,ClCCl,577.0,4.6,569.3114,4.653761,577.47754,4.631796,574.9673,4.7040615,578.30115,4.563118,571.1514,4.6755757,572.8715,4.679505,570.34753,4.6265697,558.77405,4.60738,556.47125,4.519222,568.1699,4.602834
Cc1cc(C)c(C2=C3C=C(/C=C/C(=O)OCc4ccccc4)C=[N+]3[B-](F)(F)n3cc(/C=C/C(=O)OCc4ccccc4)cc32)c(C)c1,ClCCl,576.0,4.73,574.16296,4.579979,576.46436,4.570866,574.0883,4.6981645,572.9635,4.5264354,579.5527,4.6125526,581.4869,4.669692,581.51465,4.5552645,568.8686,4.5649214,556.22253,4.4847302,569.1222,4.5505443
CCOCCOCCOC(=O)/C=C/C1=CC2=C(c3c(C)cc(C)cc3C)c3cc(/C=C/C(=O)OCCOCCOCC)cn3[B-](F)(F)[N+]2=C1,ClCCl,577.0,4.7,574.1029,4.696512,580.52454,4.6863346,583.5361,4.760713,582.1169,4.5731993,581.9844,4.740806,587.19604,4.774032,585.43787,4.6150064,560.3931,4.653082,568.123,4.627979,577.29834,4.6860375
CCN(CC)c1ccc2n1[B-](F)(F)[N+]1=CC(/C=C/C(=O)OC(C)(C)C)=CC1=C2c1c(C)cc(C)cc1C,ClCCl,478.0,4.46,534.85583,4.5366006,529.18884,4.682165,538.69366,4.6565175,539.16473,4.6304035,517.1576,4.7006145,523.06445,4.6079187,534.1865,4.7239914,548.4088,4.6619153,519.5271,4.6595263,527.1089,4.6619234
CN(C)c1ccc(C2=Nc3scc(-c4ccc([N+](=O)[O-])cc4)[n+]3[B-](F)(F)O2)cc1,Cc1ccccc1,415.0,4.798650645,407.653,4.747821,401.54218,4.6343193,413.5582,4.693771,411.44455,4.6916003,411.9196,4.603066,412.00064,4.7196555,410.45883,4.6783066,396.33508,4.7294717,413.93146,4.7807765,407.48605,4.6707077
CN(C)c1ccc(C2=Nc3scc(-c4ccc([N+](=O)[O-])cc4)[n+]3[B-](F)(F)O2)cc1,ClCCl,417.0,4.829946696,400.38412,4.7673445,401.6162,4.6447763,417.7978,4.6976657,417.97925,4.63442,409.24088,4.585966,416.13535,4.7532196,409.5867,4.7291465,390.78064,4.7274256,410.92606,4.7824707,411.16678,4.661644
CN(C)c1ccc(C2=Nc3scc(-c4ccc([N+](=O)[O-])cc4)[n+]3[B-](F)(F)O2)cc1,C1CCOC1,412.0,4.778874472,397.74103,4.713932,400.1428,4.6378703,408.9343,4.6775727,414.26407,4.625361,409.0796,4.5738745,413.16547,4.7215986,408.11465,4.680124,393.0846,4.7074814,411.4459,4.7001147,407.45505,4.6049457
CN(C)c1ccc(C2=Nc3scc(-c4ccc([N+](=O)[O-])cc4)[n+]3[B-](F)(F)O2)cc1,CC#N,411.0,4.80140371,410.0416,4.7744246,402.8343,4.661961,413.48343,4.7227573,412.16028,4.725691,409.11884,4.575056,415.0312,4.770905,411.33194,4.683027,390.95004,4.7154512,410.194,4.749606,408.46994,4.6396904
Cc1cc(C)c(C2=C3C=C(c4ccc(C(C)(C)C)cc4)C(c4ccc(C(C)(C)C)cc4)=[N+]3[B-](F)(F)n3c2cc(-c2ccc(C(C)(C)C)cc2)c3-c2ccc(C(C)(C)C)cc2)c(C)c1,C1CCCCC1,602.0,4.7,596.82947,4.868807,613.79224,4.887119,595.85944,4.8797364,602.05927,4.8717217,583.83453,4.843053,599.91626,4.891141,599.36096,4.878403,600.501,4.8958445,597.1668,4.8248196,595.96545,4.8057365
Cc1cc(C)c(C2=C3C=C(c4ccc(C(C)(C)C)cc4)C(c4ccc(C(C)(C)C)cc4)=[N+]3[B-](F)(F)n3c2cc(-c2ccc(C(C)(C)C)cc2)c3-c2ccc(C(C)(C)C)cc2)c(C)c1,Cc1ccccc1,606.0,4.7,599.09924,4.855423,612.92957,4.8571258,606.5674,4.843054,606.2683,4.832597,590.6438,4.838527,604.8892,4.8761635,607.66327,4.8658,604.13385,4.888414,601.0411,4.8341765,601.56946,4.8149242
Cc1cc(C)c(C2=C3C=C(c4ccc(C(C)(C)C)cc4)C(c4ccc(C(C)(C)C)cc4)=[N+]3[B-](F)(F)n3c2cc(-c2ccc(C(C)(C)C)cc2)c3-c2ccc(C(C)(C)C)cc2)c(C)c1,ClCCl,599.0,4.65,594.8525,4.7973056,609.3555,4.843652,594.1106,4.809463,595.031,4.7646484,584.41876,4.814777,600.18933,4.8770776,601.001,4.8733134,601.3388,4.8827763,598.49426,4.8211184,595.8753,4.7694426
Cc1cc(C)c(C2=C3C=C(c4ccc(C(C)(C)C)cc4)C(c4ccc(C(C)(C)C)cc4)=[N+]3[B-](F)(F)n3c2cc(-c2ccc(C(C)(C)C)cc2)c3-c2ccc(C(C)(C)C)cc2)c(C)c1,C1CCOC1,602.0,4.67,597.6935,4.7644506,610.69257,4.856333,595.62775,4.7565627,597.7711,4.731245,581.989,4.8068686,600.03406,4.863172,598.7772,4.8568077,599.90204,4.8713064,596.8227,4.7957296,592.75867,4.7461996
Cc1cc(C)c(C2=C3C=C(c4ccc(C(C)(C)C)cc4)C(c4ccc(C(C)(C)C)cc4)=[N+]3[B-](F)(F)n3c2cc(-c2ccc(C(C)(C)C)cc2)c3-c2ccc(C(C)(C)C)cc2)c(C)c1,CC#N,592.0,4.59,578.4885,4.80561,602.8262,4.822192,581.96106,4.749234,577.78156,4.7008843,576.2443,4.7649093,587.86926,4.8217993,594.2738,4.844381,597.66003,4.8599954,591.09656,4.794916,587.0358,4.7473617
COc1ccc2c(c1)c1c(c3cc(OC)ccc32)=[N+]2C(=C(c3c(C)cc(C)cc3C)c3cc4c5cc(OC)ccc5c5ccc(OC)cc5c4n3[B-]2(F)F)C=1,C1CCCCC1,678.0,5.16,680.6428,5.217977,683.6423,5.1918817,688.0355,5.3231215,685.7279,5.234904,700.0681,5.2274146,691.1187,5.272095,675.94116,5.139865,699.7184,5.2238884,711.0932,5.183669,697.1805,5.141643
COc1ccc2c(c1)c1c(c3cc(OC)ccc32)=[N+]2C(=C(c3c(C)cc(C)cc3C)c3cc4c5cc(OC)ccc5c5ccc(OC)cc5c4n3[B-]2(F)F)C=1,Cc1ccccc1,682.0,5.16,689.7931,5.1963625,687.2372,5.180285,692.7772,5.2551045,688.091,5.2511206,703.2669,5.200886,697.5616,5.2427144,678.9947,5.1255364,703.6682,5.2172713,716.90686,5.1472025,702.823,5.108058
COc1ccc2c(c1)c1c(c3cc(OC)ccc32)=[N+]2C(=C(c3c(C)cc(C)cc3C)c3cc4c5cc(OC)ccc5c5ccc(OC)cc5c4n3[B-]2(F)F)C=1,ClCCl,675.0,5.1,679.6538,5.1483107,679.1535,5.1364145,683.66284,5.2003207,684.99963,5.204817,696.74744,5.189255,691.75073,5.2301135,671.9679,5.120484,700.22144,5.2104006,706.7991,5.145652,695.8703,5.0777125
COc1ccc2c(c1)c1c(c3cc(OC)ccc32)=[N+]2C(=C(c3c(C)cc(C)cc3C)c3cc4c5cc(OC)ccc5c5ccc(OC)cc5c4n3[B-]2(F)F)C=1,C1CCOC1,676.0,5.1,677.7016,5.154154,681.1874,5.14296,686.11066,5.233343,680.6173,5.2048426,695.6696,5.184926,691.3759,5.2315836,672.26855,5.1170573,699.0746,5.19752,707.50354,5.1407685,693.5392,5.0721793
COc1ccc2c(c1)c1c(c3cc(OC)ccc32)=[N+]2C(=C(c3c(C)cc(C)cc3C)c3cc4c5cc(OC)ccc5c5ccc(OC)cc5c4n3[B-]2(F)F)C=1,CC#N,666.0,5.08,671.91125,5.0700407,675.80524,5.099883,680.36523,5.175036,673.355,5.122349,691.17773,5.1436963,685.2786,5.1792154,667.3988,5.0835238,696.593,5.1860986,701.2174,5.1286435,687.2938,5.047811
CC(C)(C)c1ccc(C2=CC3=C(c4ccccc4)c4cc(-c5ccc(C(C)(C)C)cc5)c(-c5ccc(C(C)(C)C)cc5)n4[B-](F)(F)[N+]3=C2c2ccc(C(C)(C)C)cc2)cc1,C1CCCCC1,602.0,4.82,599.8073,4.7517605,612.8634,4.7267194,599.4434,4.7231593,613.8874,4.8184705,590.70416,4.732838,596.95184,4.7544255,602.92694,4.7516074,597.1919,4.822547,598.77167,4.6167164,600.98267,4.656794
CC(C)(C)c1ccc(C2=CC3=C(c4ccccc4)c4cc(-c5ccc(C(C)(C)C)cc5)c(-c5ccc(C(C)(C)C)cc5)n4[B-](F)(F)[N+]3=C2c2ccc(C(C)(C)C)cc2)cc1,Cc1ccccc1,605.0,4.8,604.16125,4.722977,613.8032,4.6846337,609.98224,4.664993,621.1913,4.752572,598.7809,4.71726,602.62103,4.7410655,616.3244,4.7139425,600.7705,4.816499,604.9604,4.6080937,606.5674,4.680925
CC(C)(C)c1ccc(C2=CC3=C(c4ccccc4)c4cc(-c5ccc(C(C)(C)C)cc5)c(-c5ccc(C(C)(C)C)cc5)n4[B-](F)(F)[N+]3=C2c2ccc(C(C)(C)C)cc2)cc1,ClCCl,598.0,4.77,602.65656,4.636935,610.46716,4.699105,597.37146,4.6427975,607.8607,4.6833005,593.5419,4.696965,599.43054,4.7398453,609.858,4.720465,598.17664,4.8082485,605.639,4.5871167,603.4127,4.6230907
CC(C)(C)c1ccc(C2=CC3=C(c4ccccc4)c4cc(-c5ccc(C(C)(C)C)cc5)c(-c5ccc(C(C)(C)C)cc5)n4[B-](F)(F)[N+]3=C2c2ccc(C(C)(C)C)cc2)cc1,C1CCOC1,601.0,4.8,598.541,4.6441855,610.2508,4.7107506,599.49695,4.585864,610.0686,4.66286,589.04553,4.690596,597.3523,4.719618,604.93005,4.708248,596.30115,4.800075,600.76495,4.5572386,597.78326,4.58874
CC(C)(C)c1ccc(C2=CC3=C(c4ccccc4)c4cc(-c5ccc(C(C)(C)C)cc5)c(-c5ccc(C(C)(C)C)cc5)n4[B-](F)(F)[N+]3=C2c2ccc(C(C)(C)C)cc2)cc1,CC#N,590.0,4.73,583.17194,4.6498337,600.9191,4.680658,584.4739,4.5715775,595.21716,4.65286,580.8985,4.6585817,585.95917,4.6771,600.3506,4.685463,594.0688,4.7865415,594.2328,4.5607414,591.5779,4.5862207
CC(C)(C)c1ccc(C2=c3c(c4ccc(C(C)(C)C)cc4c4cc(C(C)(C)C)ccc34)=[N+]3C2=C(c2ccccc2)c2c(-c4ccc(C(C)(C)C)cc4)c4c5ccc(C(C)(C)C)cc5c5cc(C(C)(C)C)ccc5c4n2[B-]3(F)F)cc1,C1CCCCC1,687.0,4.89,673.2931,5.170494,674.8345,5.0204263,668.888,5.0605397,658.23267,5.091645,690.1924,5.081151,654.26904,4.975919,664.5856,5.143898,682.4018,5.075831,647.1843,4.9241104,686.3425,5.0842133
CC(C)(C)c1ccc(C2=c3c(c4ccc(C(C)(C)C)cc4c4cc(C(C)(C)C)ccc34)=[N+]3C2=C(c2ccccc2)c2c(-c4ccc(C(C)(C)C)cc4)c4c5ccc(C(C)(C)C)cc5c5cc(C(C)(C)C)ccc5c4n2[B-]3(F)F)cc1,Cc1ccccc1,687.0,4.83,678.3841,5.1491866,674.26776,4.987446,675.2167,4.9666142,659.31635,5.0503316,696.29675,5.0593348,658.19446,4.97204,671.12836,5.134695,685.79346,5.075207,651.94666,4.91362,690.2225,5.0466
CC(C)(C)c1ccc(C2=c3c(c4ccc(C(C)(C)C)cc4c4cc(C(C)(C)C)ccc34)=[N+]3C2=C(c2ccccc2)c2c(-c4ccc(C(C)(C)C)cc4)c4c5ccc(C(C)(C)C)cc5c5cc(C(C)(C)C)ccc5c4n2[B-]3(F)F)cc1,ClCCl,683.0,4.83,675.0226,5.081939,672.6323,4.993459,668.15985,4.9981236,656.4596,5.005532,690.1686,5.0503345,657.9479,4.967943,663.7177,5.1301455,683.3721,5.0616803,650.56323,4.9106627,683.59766,5.0210295
CC(C)(C)c1ccc(C2=c3c(c4ccc(C(C)(C)C)cc4c4cc(C(C)(C)C)ccc34)=[N+]3C2=C(c2ccccc2)c2c(-c4ccc(C(C)(C)C)cc4)c4c5ccc(C(C)(C)C)cc5c5cc(C(C)(C)C)ccc5c4n2[B-]3(F)F)cc1,C1CCOC1,683.0,4.8,672.2327,5.089915,672.2405,5.0016003,662.98096,4.9545507,656.5103,4.976256,687.7635,5.043737,654.71484,4.9516177,662.3706,5.1269474,681.37427,5.053101,647.5064,4.8936234,682.177,5.0118876
CC(C)(C)c1ccc(C2=c3c(c4ccc(C(C)(C)C)cc4c4cc(C(C)(C)C)ccc34)=[N+]3C2=C(c2ccccc2)c2c(-c4ccc(C(C)(C)C)cc4)c4c5ccc(C(C)(C)C)cc5c5cc(C(C)(C)C)ccc5c4n2[B-]3(F)F)cc1,CC#N,677.0,4.72,660.32184,5.04789,663.85706,4.964997,658.77576,4.945862,641.86316,4.935174,682.56775,4.996566,644.297,4.905293,658.11816,5.096917,679.1504,5.037047,641.8428,4.8858056,676.12415,4.9818425
COc1cccc(C2=c3c(c4ccc(C(C)(C)C)cc4c4cc(C(C)(C)C)ccc34)=[N+]3C2=C(c2ccccc2)c2c(-c4cccc(OC)c4)c4c5ccc(C(C)(C)C)cc5c5cc(C(C)(C)C)ccc5c4n2[B-]3(F)F)c1,C1CCCCC1,680.0,4.98,686.5182,5.214151,672.51874,5.0046616,678.2038,5.105408,667.2064,5.1180406,695.66956,5.0176954,657.0872,4.978317,677.59314,5.1262918,676.7595,4.9898868,649.8691,4.916305,688.75977,5.0799384
COc1cccc(C2=c3c(c4ccc(C(C)(C)C)cc4c4cc(C(C)(C)C)ccc34)=[N+]3C2=C(c2ccccc2)c2c(-c4cccc(OC)c4)c4c5ccc(C(C)(C)C)cc5c5cc(C(C)(C)C)ccc5c4n2[B-]3(F)F)c1,Cc1ccccc1,682.0,4.95,691.8319,5.167769,672.5185,4.9680305,684.4816,5.021476,668.7071,5.0825367,701.46594,4.986203,661.78033,4.960689,683.42676,5.110189,680.20667,4.988984,655.03625,4.897183,694.0254,5.038429
COc1cccc(C2=c3c(c4ccc(C(C)(C)C)cc4c4cc(C(C)(C)C)ccc34)=[N+]3C2=C(c2ccccc2)c2c(-c4cccc(OC)c4)c4c5ccc(C(C)(C)C)cc5c5cc(C(C)(C)C)ccc5c4n2[B-]3(F)F)c1,ClCCl,677.0,4.96,689.12427,5.1251707,670.3992,4.9738073,676.36945,5.040938,667.9165,4.9972806,695.144,4.979129,661.1115,4.9667068,675.67694,5.1040726,677.86365,4.9757442,652.8717,4.899318,686.5863,5.0154195
COc1cccc(C2=c3c(c4ccc(C(C)(C)C)cc4c4cc(C(C)(C)C)ccc34)=[N+]3C2=C(c2ccccc2)c2c(-c4cccc(OC)c4)c4c5ccc(C(C)(C)C)cc5c5cc(C(C)(C)C)ccc5c4n2[B-]3(F)F)c1,C1CCOC1,677.0,4.94,685.45404,5.1387563,670.19086,4.9837155,673.7097,5.0258904,665.0586,5.010096,692.6737,4.976358,657.68896,4.957729,674.6034,5.1056614,675.6696,4.9670854,650.6385,4.887454,684.6594,5.0075665
COc1cccc(C2=c3c(c4ccc(C(C)(C)C)cc4c4cc(C(C)(C)C)ccc34)=[N+]3C2=C(c2ccccc2)c2c(-c4cccc(OC)c4)c4c5ccc(C(C)(C)C)cc5c5cc(C(C)(C)C)ccc5c4n2[B-]3(F)F)c1,CC#N,670.0,4.94,674.3799,5.074581,662.2258,4.9446554,667.7977,5.007208,653.8719,4.9425497,687.54944,4.9336977,647.3021,4.8986635,669.5903,5.0759773,673.33167,4.9537435,644.9293,4.8792343,678.4863,4.977497
COc1ccc2c3c(c4ccc(OC)cc4c2c1)=[N+]1C(=C(c2c(C)cc(C)cc2C)c2cc4c5ccc(OC)cc5c5cc(OC)ccc5c4n2[B-]1(F)F)C=3,C1CCCCC1,669.0,4.98,688.80945,5.1950636,702.2628,5.174431,695.8618,5.2384434,687.6915,5.16272,700.91565,5.2223687,692.79614,5.2176642,692.15106,5.1055655,712.9073,5.2393293,717.4303,5.2038975,706.38806,5.198571
COc1ccc2c3c(c4ccc(OC)cc4c2c1)=[N+]1C(=C(c2c(C)cc(C)cc2C)c2cc4c5ccc(OC)cc5c5cc(OC)ccc5c4n2[B-]1(F)F)C=3,Cc1ccccc1,675.0,4.93,698.3401,5.163689,706.1725,5.1633244,700.7792,5.1576643,692.4467,5.148932,704.0122,5.195753,698.40564,5.190909,697.6364,5.078102,716.69824,5.233199,723.73114,5.164761,712.35046,5.1618977
COc1ccc2c3c(c4ccc(OC)cc4c2c1)=[N+]1C(=C(c2c(C)cc(C)cc2C)c2cc4c5ccc(OC)cc5c5cc(OC)ccc5c4n2[B-]1(F)F)C=3,ClCCl,664.0,4.88,688.5744,5.1149273,697.7909,5.126175,693.19446,5.147721,688.09845,5.100115,697.8041,5.1835256,693.2814,5.1788406,689.8411,5.0770435,713.5774,5.225597,712.60425,5.163459,705.1383,5.134025
COc1ccc2c3c(c4ccc(OC)cc4c2c1)=[N+]1C(=C(c2c(C)cc(C)cc2C)c2cc4c5ccc(OC)cc5c5cc(OC)ccc5c4n2[B-]1(F)F)C=3,C1CCOC1,670.0,4.89,686.1179,5.125247,699.65674,5.135497,693.7925,5.168794,682.1728,5.121483,696.5213,5.179547,692.8367,5.1792545,689.30945,5.078221,712.30554,5.2133417,713.46704,5.158736,703.02747,5.12703
COc1ccc2c3c(c4ccc(OC)cc4c2c1)=[N+]1C(=C(c2c(C)cc(C)cc2C)c2cc4c5ccc(OC)cc5c5cc(OC)ccc5c4n2[B-]1(F)F)C=3,CC#N,660.0,4.82,679.7362,5.0365896,693.54395,5.088602,688.8327,5.110967,675.30975,5.037,691.9939,5.1398993,686.25146,5.128682,683.6423,5.047292,709.88104,5.201638,707.3633,5.1445723,696.5468,5.100994
CCOC(=O)C1c2ccccc2C(=O)N1c1ccccc1,CCCCCC,282.0,5.041392685,286.9084,5.4161115,272.62234,5.310578,272.22443,5.1662927,280.23923,5.3716455,281.43488,5.44557,285.2953,5.401669,281.95032,5.6758814,295.70233,5.468734,281.42007,5.48833,293.67297,5.504875
CCOC(=O)C1c2ccccc2C(=O)N1c1ccccc1,ClCCl,284.0,5.77815125,285.06018,5.5592175,283.92926,5.455632,287.7308,5.4868755,296.4892,5.616026,282.56055,5.6179094,296.4544,5.677748,293.3805,5.9029045,306.08572,5.4413877,287.29782,5.7099166,304.97595,5.5702424
CCOC(=O)C1c2ccccc2C(=O)N1c1ccccc1,CO,282.0,5.84509804,290.28595,5.600409,279.0924,5.387477,288.97815,5.538532,295.7589,5.5978312,284.48615,5.7796755,292.41486,5.763173,282.14508,5.8431497,303.9527,5.4241996,286.4611,5.679996,301.26935,5.577667
CCOC(=O)C1c2ccccc2C(=O)N1c1ccccc1,CS(C)=O,286.0,5.838849091,282.1184,5.281433,283.82733,5.118598,284.18674,5.4945946,299.3507,5.2120657,287.05176,5.4474697,293.64862,5.401839,291.74402,5.658933,312.34763,5.367295,293.44507,5.5368934,302.23364,5.2784557
CCOC(=O)C1c2ccccc2C(=O)N1c1ccccn1,CCCCCC,310.0,5.716003344,279.1598,5.168004,279.90744,5.277929,282.56415,5.274976,271.7312,4.850835,286.08893,5.42084,284.8613,5.3617935,278.5406,5.62083,293.60602,5.434498,270.80084,5.413147,285.50183,5.490328
CCOC(=O)C1c2ccccc2C(=O)N1c1ccccn1,ClCCl,314.0,5.653212514,277.62018,5.3283844,292.51517,5.424942,297.48062,5.476775,289.24823,5.221611,288.50323,5.600606,294.03003,5.6269426,288.11224,5.8512406,303.669,5.4094057,277.25623,5.653487,294.93106,5.561604
CCOC(=O)C1c2ccccc2C(=O)N1c1ccccn1,CO,324.0,5.301029996,283.14938,5.378352,288.44495,5.3549213,298.02988,5.5643387,291.88995,5.234701,287.82626,5.7171335,290.7586,5.7228155,278.36145,5.790273,301.31006,5.3898335,277.67883,5.6294107,292.50528,5.5786777
CCOC(=O)C1c2ccccc2C(=O)N1c1ccccn1,CS(C)=O,333.0,5.447158031,272.7448,5.065362,292.6897,5.08533,300.3314,5.520235,290.53128,4.9388194,292.9798,5.4199905,294.4342,5.3703356,285.3659,5.607158,310.10016,5.334837,283.50912,5.4738555,294.07028,5.284212
CCOC(=O)C1c2cc(OC)c(OC)cc2C(=O)N1c1ccc(OC)c(OC)c1,CCCCCC,299.0,4.62324929,291.50955,5.400102,310.75272,5.7208114,305.45572,5.417597,302.4,5.1840973,302.5504,5.391017,299.278,5.355723,302.1855,5.534767,307.108,5.6900673,292.31976,5.3785944,316.79825,5.4258265
CCOC(=O)C1c2cc(OC)c(OC)cc2C(=O)N1c1ccc(OC)c(OC)c1,ClCCl,303.0,5.893206753,304.6817,5.6770535,317.5284,5.7791805,316.35608,5.6656303,303.29932,5.71478,309.21198,5.6468277,306.55316,5.6153708,310.97836,5.7554727,315.98703,5.657605,301.23767,5.648206,319.71045,5.5493197
CCOC(=O)C1c2cc(OC)c(OC)cc2C(=O)N1c1ccc(OC)c(OC)c1,CO,303.0,5.914343157,304.05853,5.7231965,320.26343,5.731188,312.92038,5.674583,301.49066,5.7853546,307.55338,5.693336,307.44247,5.6681995,301.68744,5.7083592,315.8285,5.6492357,295.40546,5.612865,319.22626,5.50818
CCOC(=O)C1c2cc(OC)c(OC)cc2C(=O)N1c1ccc(OC)c(OC)c1,CS(C)=O,302.0,5.954242509,310.13766,5.526389,325.18332,5.5808935,319.4533,5.6478286,311.75967,5.760966,316.95074,5.4603953,309.169,5.4626083,307.56354,5.547256,322.35623,5.5881066,307.41983,5.4842844,321.5037,5.375094
C(=C/c1ccccc1)\c1ccccc1,CC#N,307.0,4.440909082,266.28723,4.33783,301.0323,4.2729797,294.3969,4.4015694,270.67413,4.2330537,282.6131,4.4513216,296.48883,4.3222985,288.8357,4.3578415,302.94296,4.4636083,287.41373,4.2325215,301.79132,4.405495
COc1ccc(/C=C/c2ccccc2)cc1,CC#N,317.0,4.442479769,298.50745,4.405223,304.65527,4.415836,304.35657,4.4244394,290.06152,4.374087,294.29504,4.447652,297.24677,4.3032904,289.3744,4.401659,302.18423,4.4195232,287.10355,4.3267393,308.17523,4.4432487
COc1cccc(/C=C/c2ccccc2)c1,CC#N,295.0,4.411619706,288.65442,4.3410883,305.81763,4.38232,304.84796,4.3629885,292.81992,4.3002477,298.09668,4.4058657,305.1432,4.1780825,301.44012,4.3771667,304.65527,4.4445143,304.81165,4.2297735,304.325,4.4114304
COc1ccc(/C=C/c2ccccc2)cc1OC,CC#N,321.0,4.392696953,316.79022,4.446179,319.12936,4.583201,316.9042,4.4751835,309.58704,4.5263395,304.24615,4.41803,305.21033,4.3968267,310.21356,4.488827,312.0445,4.5312095,307.6793,4.381796,321.79688,4.512968
C/C=C/c1cccc(OC)c1,CCCCCC,293.0,3.380211242,275.50833,2.9122612,308.2429,3.0169053,301.341,3.2350554,282.1125,3.1261578,306.75052,3.2056723,300.2283,3.10745,306.12466,2.986593,274.52563,3.4591684,310.27795,3.0410004,273.84375,3.3724594
C(#Cc1cnc(C#Cc2ccccc2)nc1)c1ccccc1,C1CCCCC1,320.0,4.602059991,311.6645,4.577839,350.9671,4.32114,327.15375,4.65266,320.0149,4.788513,323.25757,4.5948606,376.0252,4.0858607,311.32727,4.6592402,346.84097,4.5862064,334.77396,4.5293617,327.2601,4.698693
C[Si](C)(C)C#Cc1ccc(C#Cc2cnc(C#Cc3ccccc3)nc2)cc1,C1CCCCC1,335.0,4.913813852,326.6067,4.6624727,358.93982,4.4873176,337.6532,4.704761,342.5201,4.7500105,333.73682,4.603407,375.61566,4.342726,339.4618,4.771619,361.3579,4.763054,355.2693,4.640849,347.53165,4.6842217
COc1ccc(C#Cc2nc3ccccc3nc2-c2csc(OC)c2)cc1,ClCCl,410.0,4.068185862,402.36273,4.152376,400.20566,4.0729675,400.93024,4.095538,397.51126,4.122899,398.93283,4.1702447,405.73834,4.2476006,415.54077,4.0505943,387.6067,4.3148894,399.30377,4.28049,392.29724,4.212787
CC(C)(C)c1cc2ccc3cc(C(C)(C)C)cc4c(N(c5ccccc5)c5ccccc5)cc(c1)c2c34,CCCCCC,392.0,3.919078092,395.72696,4.03758,393.58536,3.7885768,395.8056,3.8441062,383.34106,4.0729957,396.6995,3.9341197,384.90656,3.93016,390.03973,4.0464277,360.42358,4.26967,385.93173,4.254926,398.4911,3.8281317
Cc1cc(C)c(B(c2c(C)cc(C)cc2C)c2cc3cccc4c(B(c5c(C)cc(C)cc5C)c5c(C)cc(C)cc5C)cc5cccc2c5c34)c(C)c1,CCCCCC,392.0,4.173186268,446.81015,2.8082495,401.6419,3.1578689,432.14484,3.4859862,448.98288,2.9993927,413.50342,3.196474,410.6576,3.4657226,416.3781,3.1197977,414.8557,3.2109103,416.81903,3.0619276,434.21805,3.0178604
CC(C)(C)c1ccc2c(c1)c1cc(C(C)(C)C)ccc1n2-c1ccc(C#Cc2ccc(C#Cc3ccc(-n4c5ccc(C(C)(C)C)cc5c5cc(C(C)(C)C)ccc54)cc3)cc2)cc1,ClCCl,355.0,4.82445127,338.3374,4.7751455,355.57867,4.788992,352.47424,4.7683144,355.62805,4.7563543,350.94995,4.802522,348.78992,4.7237067,368.9952,4.810104,356.45673,4.8285108,349.4636,4.933528,355.3239,4.6798153
C(=C1c2ccccc2-c2ccccc21)c1ccc(-c2ccc(C=C3c4ccccc4-c4ccccc43)cc2)cc1,C1CCOC1,366.0,4.480006943,361.2669,4.106797,368.9673,3.7396927,384.2794,3.0224223,384.75674,3.2802713,345.76846,4.457417,359.67834,4.1226015,350.2096,4.651984,388.74963,3.7940917,362.46545,4.1589327,345.85278,4.6116138
C1=Cc2ccccc2C(=Cc2ccc(C=C3c4ccccc4-c4ccccc43)cc2)c2ccccc21,C1CCOC1,360.0,3.799340549,351.21246,4.348524,342.28485,4.475983,362.28757,3.6728013,349.92676,4.4264474,348.66754,4.3901114,355.91687,4.3533106,341.87836,4.534022,391.19257,3.8091784,363.2298,4.2684784,352.2116,4.487819
Cc1cccc2cc(-c3cc4cccc(C)c4oc3=O)oc12,Cc1ccccc1,376.0,4.414973348,339.4793,4.210196,352.8083,4.4170575,344.4912,4.394316,351.71313,4.343979,355.5573,4.3416567,334.6134,4.1654463,344.68674,4.383369,341.30817,4.4225183,356.36194,4.2517877,339.21884,4.404586
Cc1cccc2cc(-c3cc4cccc(C)c4oc3=O)oc12,CCOC(C)=O,370.0,4.436162647,336.48502,4.3379436,347.31042,4.4316225,342.3024,4.405821,347.579,4.3174047,345.91272,4.356045,326.1855,4.000244,330.1338,4.465064,333.41788,4.55266,344.39557,4.2405844,330.71228,4.3536077
Cc1cccc2cc(-c3cc4cccc(C)c4oc3=O)oc12,CC#N,369.0,4.383815366,327.375,4.231572,350.96667,4.4511313,338.89127,4.341988,345.0122,4.2153044,344.51132,4.41908,324.60907,4.195333,328.16327,4.473543,329.92142,4.51663,343.35632,4.3397436,332.87576,4.4696035
Cc1cccc2cc(-c3cc4cccc(C)c4oc3=O)oc12,CS(C)=O,373.0,4.474216264,335.0063,4.346238,348.94806,4.483395,344.40866,4.385442,352.80188,4.2789392,361.45892,4.435572,327.32794,4.246787,340.8341,4.4263587,342.39557,4.4479623,353.84586,4.373122,338.2277,4.4730034
Cc1cccc2cc(-c3cc4cccc(C)c4oc3=O)oc12,O,367.0,4.376576957,324.49463,3.8890042,334.4905,3.929649,327.5322,3.9476364,331.39798,3.920963,336.9383,3.8861625,309.45984,3.6958084,312.41168,4.174773,325.07068,4.2543077,335.04523,3.9383469,313.1433,3.99645
COc1cccc2cc(-c3cc4cccc(OC)c4oc3=O)oc12,Cc1ccccc1,358.0,4.456366033,373.0319,4.070062,367.07254,4.065099,366.28412,4.358999,373.16266,4.2661457,363.74377,4.2188606,375.96686,4.1287985,374.2266,4.2153053,361.2378,4.283859,371.41144,4.2372255,367.57098,4.198164
COc1cccc2cc(-c3cc4cccc(OC)c4oc3=O)oc12,CCOC(C)=O,351.0,4.46834733,364.3343,4.1326118,364.27692,4.168814,360.71652,4.296063,366.07855,4.259604,353.42978,4.1958003,364.64487,4.094492,360.18167,4.3257017,357.59363,4.405592,360.37787,4.160613,357.8645,4.165081
COc1cccc2cc(-c3cc4cccc(OC)c4oc3=O)oc12,CC#N,352.0,4.494154594,361.5101,4.1834764,363.93307,4.167976,360.21826,4.2625427,360.13254,4.13989,351.8938,4.286383,366.75293,4.224598,360.09482,4.3159194,353.45334,4.364361,359.2553,4.2410707,356.74048,4.217753
COc1cccc2cc(-c3cc4cccc(OC)c4oc3=O)oc12,CS(C)=O,359.0,4.457881897,366.32693,4.2458615,365.6405,4.184386,363.93912,4.3521957,371.88013,4.362653,367.8871,4.3327436,369.14813,4.2492166,368.64032,4.244492,365.46014,4.307358,369.6991,4.313487,362.0725,4.2867293
COc1cccc2cc(-c3cc4cccc(OC)c4oc3=O)oc12,O,363.0,4.290034611,360.4828,3.5106406,356.7275,3.5821948,350.08057,3.841998,352.4895,3.7967424,349.17926,3.7608762,347.9105,3.5139122,354.2621,3.838988,356.19226,3.983933,353.6655,3.8405337,344.0294,3.7686596
COc1ccc2cc(-c3cc4ccc(OC)cc4oc3=O)oc2c1,Cc1ccccc1,395.0,4.472756449,375.61914,4.5982122,386.48932,4.577746,387.53088,4.6005177,379.9685,4.481049,381.9112,4.451471,383.01794,4.493574,380.72968,4.504224,372.07724,4.48768,377.63867,4.5258408,379.40533,4.508552
COc1ccc2cc(-c3cc4ccc(OC)cc4oc3=O)oc2c1,CCOC(C)=O,390.0,4.488550717,373.07465,4.626721,386.32275,4.5779104,381.03635,4.541623,378.57843,4.5760407,376.95935,4.429042,377.6139,4.479528,367.62677,4.611438,370.0447,4.5731754,368.5647,4.494304,374.9132,4.5097446
COc1ccc2cc(-c3cc4ccc(OC)cc4oc3=O)oc2c1,CC#N,388.0,4.479287316,369.81662,4.645489,387.3192,4.5735526,375.58084,4.493352,371.27185,4.4116483,376.85223,4.4347525,379.56992,4.511133,371.8686,4.591227,362.5356,4.528933,368.4687,4.521618,373.68344,4.490822
COc1ccc2cc(-c3cc4ccc(OC)cc4oc3=O)oc2c1,CS(C)=O,394.0,4.460897843,374.02246,4.6691103,386.576,4.4875646,382.2935,4.4885383,381.64133,4.475205,392.81454,4.4492507,381.73526,4.5271072,377.134,4.49693,374.46814,4.463195,377.28833,4.518782,377.78284,4.489702
COc1ccc2cc(-c3cc4ccc(OC)cc4oc3=O)oc2c1,O,361.0,3.973127854,354.84622,4.2594185,368.01593,4.0998325,353.27115,4.0480847,351.27835,4.0134964,363.98175,3.9446113,341.62808,3.967039,360.50455,4.070581,364.88055,4.224209,358.60748,4.130515,353.5638,4.103203
O=c1oc2ccc(Br)cc2cc1-c1cc2cc(Br)ccc2o1,Cc1ccccc1,377.0,4.537819095,376.7579,4.5450025,373.07053,4.57428,381.3344,4.598154,380.7672,4.4934573,369.66098,4.501355,369.98438,4.630999,378.69083,4.5322113,373.47736,4.493818,379.9965,4.4908204,383.6567,4.5120516
O=c1oc2ccc(Br)cc2cc1-c1cc2cc(Br)ccc2o1,CCOC(C)=O,371.0,4.525044807,370.4144,4.4552174,370.70316,4.5588965,374.84616,4.5870123,373.8499,4.47784,360.75946,4.4938965,359.2215,4.5582023,367.6862,4.6401405,372.37848,4.587096,369.58228,4.5163713,377.2593,4.4369116
O=c1oc2ccc(Br)cc2cc1-c1cc2cc(Br)ccc2o1,CC#N,370.0,4.5132176,366.67014,4.4589233,371.43466,4.5618176,369.3659,4.5243635,372.07727,4.4465055,359.84552,4.516575,364.04443,4.7179437,370.85974,4.6190104,364.3803,4.543793,367.98428,4.53399,377.1758,4.470388
O=c1oc2ccc(Br)cc2cc1-c1cc2cc(Br)ccc2o1,CS(C)=O,374.0,4.487138375,372.33575,4.4224367,372.39062,4.5397277,378.2537,4.489814,382.92654,4.3965316,373.0105,4.528192,365.5067,4.691619,376.49832,4.5363154,374.91733,4.464772,376.98676,4.49084,382.93723,4.449383
O=c1oc2ccc(Br)cc2cc1-c1cc2cc(Br)ccc2o1,O,331.0,3.875061263,354.37393,3.9348333,350.55624,4.0044847,347.77133,4.0439644,348.8843,4.0474625,348.59412,3.9079013,332.81915,4.092306,360.43533,4.046944,365.37057,4.220143,359.03217,4.011511,353.47345,3.9231448
O=C(O)CCCc1cc2ccc3cccc4ccc(c1)c2c34,CO,374.0,2.77815125,382.61404,3.182648,379.2086,3.1439326,371.32498,3.2297528,364.06497,3.7996953,381.0797,3.1345887,370.0381,3.1833134,366.66498,3.006679,375.48026,3.5635183,367.30905,3.1073885,376.15564,3.085688
CC1(C)OB(c2cc3ccc4cccc5ccc(c2)c3c45)OC1(C)C,Cc1ccccc1,385.0,3.278753601,375.30212,3.4949262,372.91812,3.457766,377.91412,3.493166,387.54413,3.4961703,390.22955,3.5545375,387.4761,3.4945593,391.8287,3.486237,392.34692,3.657784,385.87692,3.591615,388.93198,3.570262
COC(=O)c1ccc(-c2cc3ccc4cccc5ccc(c2)c3c45)cc1,Cc1ccccc1,364.0,3.041392685,370.84082,3.515935,387.6562,3.1836467,380.44724,3.169758,383.97443,3.1663792,376.49915,3.3365026,393.9794,3.1733053,392.7237,3.585928,382.87708,3.6849885,384.67316,3.5968385,362.22476,3.2945497
C(#Cc1ccc2ccc3cccc4ccc1c2c34)c1ccccc1,Cc1ccccc1,362.0,4.770852012,382.5976,4.292889,388.4497,4.222979,384.89517,4.717107,397.3348,4.1118755,389.2569,4.4755,395.90945,4.596942,383.95148,4.376155,374.57025,4.470545,395.85498,4.5332766,391.14856,4.5694246
COc1cc2c(cc1-c1ccc(C)cc1)Cc1c3c(c4c(c1-2)-c1cc(OC)c(-c2ccc(C)cc2)cc1C4)C(=O)N(CCC(C)C)C3=O,C1CCOC1,411.0,4.47,412.49832,4.4496655,414.9601,4.5847225,425.15576,4.368106,411.9978,4.526641,409.4423,4.4941845,416.66428,4.457595,409.4607,4.5338044,416.7866,4.5430503,403.19925,4.5273128,411.16333,4.4863315
COc1ccc(-c2cc3c(cc2OC)-c2c(c4c(c5c2-c2cc(OC)c(-c6ccc(OC)cc6)cc2C5)C(=O)N(CCC(C)C)C4=O)C3)cc1,C1CCOC1,417.0,4.51,413.79282,4.467675,408.23517,4.458268,421.51718,4.4796634,413.43668,4.476869,407.5695,4.4083705,425.0645,4.4874625,406.32602,4.4548726,411.4312,4.4930763,403.30783,4.532373,416.1548,4.4346657
COc1cc2c(cc1-c1ccc(N(c3ccccc3)c3ccccc3)cc1)Cc1c3c(c4c(c1-2)-c1cc(OC)c(-c2ccc(N(c5ccccc5)c5ccccc5)cc2)cc1C4)C(=O)N(CCC(C)C)C3=O,C1CCOC1,428.0,4.59,458.5531,4.5891895,437.5085,4.499523,447.19073,4.429641,428.11774,4.5272827,456.5399,4.4390135,437.18686,4.593345,443.24863,4.5374804,452.35962,4.505707,441.28738,4.553156,436.61905,4.520366
COc1cc2c(cc1-c1ccc(N(C)C)cc1)Cc1c3c(c4c(c1-2)-c1cc(OC)c(-c2ccc(N(C)C)cc2)cc1C4)C(=O)N(CCC(C)C)C3=O,C1CCOC1,440.0,4.51,431.76743,4.5201354,425.22696,4.498091,442.54364,4.4522853,432.95645,4.446557,437.99402,4.4636426,445.66962,4.6020365,443.89453,4.490961,447.80386,4.493286,440.62256,4.5929356,440.6848,4.5535555
Cc1ccsc1-c1ccc(-c2ccc(-c3sccc3C)s2)s1,CCCCCCCCCCCCCC,382.0,4.356025857,379.80957,4.3401995,374.58966,4.407671,388.3993,4.3639026,380.97702,4.370729,378.43152,4.358743,396.4892,4.3858733,390.0442,4.4570336,367.58032,4.5236964,376.6992,4.4060254,379.12558,4.2409873
Nc1ccc(C#Cc2ccc3ccc4ccc(C#Cc5ccc(N)cc5)c5ccc2c3c45)cc1,CCCCCC,421.0,4.972795075,427.87875,4.6649423,423.44803,4.484987,430.01257,4.497339,433.07916,4.6234617,433.78812,4.525081,428.7763,4.654343,425.1444,4.5919604,404.49127,4.712373,422.70694,4.7043104,421.9604,4.628676
Nc1ccc(C#Cc2ccc3ccc4ccc(C#Cc5ccc(N)cc5)c5ccc2c3c45)cc1,Cc1ccccc1,417.0,5.030356805,436.27307,4.603823,431.12604,4.4396534,430.8429,4.3603973,430.41827,4.4665365,435.1034,4.4526644,438.89438,4.6228633,427.6271,4.5569134,407.56433,4.643608,430.1842,4.710304,426.79868,4.578463
Nc1ccc(C#Cc2ccc3ccc4ccc(C#Cc5ccc(N)cc5)c5ccc2c3c45)cc1,C1COCCO1,420.0,5.061663543,427.39264,4.661998,423.91504,4.572966,424.2095,4.5041723,433.03482,4.612331,431.46738,4.5847096,426.95306,4.5983434,422.31458,4.6258917,403.90308,4.702454,423.987,4.706041,417.80276,4.678361
Nc1ccc(C#Cc2ccc3ccc4ccc(C#Cc5ccc(N)cc5)c5ccc2c3c45)cc1,CCOC(C)=O,419.0,5.057293257,426.9856,4.709822,428.50598,4.591966,421.977,4.4836016,429.78915,4.6569223,429.1979,4.56987,429.60867,4.6945434,421.33282,4.6702385,406.45435,4.707924,421.70737,4.752028,416.07916,4.6319466
Nc1ccc(C#Cc2ccc3ccc4ccc(C#Cc5ccc(N)cc5)c5ccc2c3c45)cc1,ClCCl,417.0,5.044727862,432.84113,4.679805,428.4962,4.567394,427.95297,4.4982195,437.0318,4.704587,434.38245,4.562669,436.10822,4.7009554,422.5646,4.68796,404.1195,4.6918917,427.4549,4.741797,415.21506,4.674228
Nc1ccc(C#Cc2ccc3ccc4ccc(C#Cc5ccc(N)cc5)c5ccc2c3c45)cc1,CC(C)=O,421.0,5.060501419,427.4043,4.6826897,428.74582,4.638447,426.42865,4.5307765,434.23746,4.7292895,432.67194,4.5791426,435.60458,4.7045665,425.46063,4.6624103,406.70776,4.6710787,425.89557,4.7331743,419.22427,4.690636
Nc1ccc(C#Cc2ccc3ccc4ccc(C#Cc5ccc(N)cc5)c5ccc2c3c45)cc1,CCCCCCO,421.0,5.016439955,432.9606,4.6192384,428.04697,4.5024676,436.6471,4.3039627,442.38522,4.6745234,434.70847,4.4904723,431.79526,4.600776,427.35114,4.5562944,406.40973,4.655418,425.55472,4.6694674,423.86237,4.5913105
Nc1ccc(C#Cc2ccc3ccc4ccc(C#Cc5ccc(N)cc5)c5ccc2c3c45)cc1,CCO,419.0,5.017350592,433.55673,4.5837564,425.68842,4.5657954,432.74326,4.2598596,432.1263,4.4957623,432.7616,4.5167446,437.61612,4.688651,426.52374,4.5890083,403.819,4.681554,426.2793,4.7302804,413.08493,4.5550127
Nc1ccc(C#Cc2ccc3ccc4ccc(C#Cc5ccc(N)cc5)c5ccc2c3c45)cc1,CO,415.0,5.030462086,428.7954,4.597728,423.69534,4.5435762,432.48975,4.411775,432.23618,4.6190715,428.3629,4.4851975,430.1806,4.637412,422.1572,4.6132035,398.75128,4.6899557,422.1644,4.7209907,415.73846,4.6034174
O=[N+]([O-])c1ccc(S(=O)(=O)Nc2ccc(C#Cc3ccc4ccc5ccc(C#Cc6ccc(NS(=O)(=O)c7ccc([N+](=O)[O-])cc7[N+](=O)[O-])cc6)c6ccc3c4c56)cc2)c([N+](=O)[O-])c1,CO,402.0,4.11876059,372.00143,4.6369658,377.06784,4.701037,368.0536,4.797643,371.53632,4.422618,359.43457,4.557352,349.93146,4.5947533,382.63425,4.3562226,379.17557,4.951221,383.48383,4.7349,375.56992,4.674861
Nc1ccc(C#Cc2ccc3ccc4ccc(C#Cc5ccc(NS(=O)(=O)c6ccc([N+](=O)[O-])cc6[N+](=O)[O-])cc5)c5ccc2c3c45)cc1,CO,406.0,4.400434368,401.61786,4.5186806,401.6357,4.599643,395.76556,4.6464043,410.0431,4.4339137,394.14938,4.503456,385.99176,4.5962625,403.20792,4.3931384,392.02518,4.823397,403.55695,4.7153544,395.29706,4.638905
c1ccc2c(c1)Nc1ccccc1S2,CC#N,318.0,3.681241237,317.99493,3.7981908,321.97437,3.6935942,324.1801,4.064088,315.337,3.789468,327.35623,3.826009,297.5188,3.7758288,308.75888,3.8988924,323.28735,3.801815,328.4039,3.7842438,310.90833,3.9451163
c1ccc2c(c1)Nc1ccccc1S2,CO,318.0,3.681241237,317.93805,3.8937736,317.3103,3.6449428,315.78622,3.8012018,312.70355,3.8921363,322.99963,3.9097672,293.65555,3.5345438,310.47623,3.6673245,320.3022,3.4591537,324.27136,3.5778842,313.8193,3.9410486
CN(C)CCCN1c2ccccc2Sc2ccccc21,CC#N,305.0,3.62324929,310.1072,3.6414244,307.68646,3.6711075,309.61407,3.767323,312.94696,3.6685772,305.49173,3.6698155,302.97318,3.6314187,310.0807,3.6909318,301.25977,3.706951,307.64346,3.6756732,306.09222,3.754798
CN(C)CCCN1c2ccccc2Sc2ccccc21,CO,307.0,3.62324929,303.27228,3.5601447,303.09726,3.4951468,305.47235,3.6046157,307.39935,3.6302967,302.8117,3.6730957,299.07446,3.591167,310.8962,3.6328397,305.11646,3.5875819,305.00598,3.4988568,309.1568,3.7015421
CN(C)CCCN1c2ccccc2Sc2ccccc21,O,302.0,3.434568904,303.5969,3.5744972,298.2972,3.5488384,304.7961,3.6281438,306.0586,3.638862,302.71555,3.6253648,298.8388,3.630261,305.4439,3.619999,299.83835,3.6395326,299.26373,3.721111,298.57025,3.7340972
CN(C)CCCN1c2ccccc2Sc2ccc(Cl)cc21,CC#N,312.0,3.643452676,305.62573,3.6846144,310.68945,3.7407906,309.71527,3.7652967,310.8817,3.6840081,304.8424,3.7837124,311.94556,3.714653,305.0297,3.7633111,306.63055,3.7657375,313.221,3.663969,312.88507,3.7304137
CN(C)CCCN1c2ccccc2Sc2ccc(Cl)cc21,CO,311.0,3.662757832,302.15833,3.540294,308.0281,3.5411067,303.49133,3.5912013,305.49457,3.6153793,302.95145,3.7684767,311.22507,3.7069554,306.81262,3.6912591,311.55548,3.7056975,311.38104,3.5275269,311.15918,3.6139565
CN(C)CCCN1c2ccccc2Sc2ccc(Cl)cc21,O,307.0,3.544068044,297.30698,3.6400754,302.11572,3.570811,303.2688,3.5765994,307.10254,3.5668573,305.56744,3.6636105,311.2754,3.678916,301.99377,3.6767375,305.85367,3.6921291,306.12122,3.7329826,301.04218,3.6834373
C[Si](C)(C)C#C[Si](c1c2ccccc2cc2ccccc12)(c1c2ccccc2cc2ccccc12)c1c2ccccc2cc2ccccc12,ClC(Cl)Cl,404.0,4.45,419.15085,4.445568,408.48126,4.4674454,413.72964,4.4097614,421.39905,4.4507203,417.74707,4.4228354,397.76157,4.5122433,403.21625,4.5158215,451.40222,4.414954,418.73615,4.4188538,400.93207,4.397983
F[Si](c1ccccc1)(c1ccccc1)c1c2ccccc2cc2ccccc12,ClC(Cl)Cl,394.0,3.85,317.7246,4.351343,331.32394,4.2326784,334.10175,4.1815705,331.4455,4.179626,336.08524,4.013877,306.66876,4.10006,317.20743,4.283569,344.1847,4.0832577,347.5492,3.961831,349.69177,4.2656612
F[Si](c1ccccc1)(c1c2ccccc2cc2ccccc12)c1c2ccccc2cc2ccccc12,C1CCOC1,397.0,4.26,356.51938,4.451173,385.41287,4.4631205,380.57196,4.4098825,384.652,4.415363,395.86923,4.3589993,370.91986,4.213875,366.83746,4.5688405,387.15,4.2367034,401.7128,4.331813,381.61237,4.3955626
F[Si](c1ccccc1)(c1ccccc1)c1c2ccccc2cc2ccccc12,C1CCOC1,393.0,3.91,320.2342,4.186592,326.2259,4.2134757,338.5417,4.1515346,318.66815,4.2018943,336.91757,4.0030117,312.406,4.076634,311.99,4.233319,342.97827,4.173023,351.24683,3.9351828,345.7492,4.191116
F[Si-](F)(c1ccccc1)(c1ccccc1)c1c2ccccc2cc2ccccc12,C1CCOC1,391.0,3.87,321.6799,4.008757,345.85675,4.071667,331.64197,4.05252,343.3199,4.0017924,340.26163,3.9804254,349.74432,4.0457754,320.25073,4.0825253,352.99274,4.272791,350.54996,3.8957381,358.0536,4.1418443
F[Si](c1ccccc1)(c1ccccc1)c1cccc2ccccc12,C1CCOC1,286.0,3.94,275.91653,4.0390353,277.7326,3.9586332,293.44897,3.9239964,282.27026,4.139387,289.76428,3.9332485,283.07947,4.109569,275.44305,4.1855574,298.20612,4.1171966,296.14136,3.884967,285.64215,4.0216484
F[Si-](F)(c1ccccc1)(c1ccccc1)c1cc2ccccc2c2ccccc12,C1CCOC1,303.0,4.12,314.00845,3.8638287,321.25092,3.9461722,306.49353,3.9923034,310.12592,3.8292458,311.08618,4.0062966,333.9643,4.0189734,307.88776,3.9333537,342.67273,4.2089744,315.52295,3.9129543,330.0079,4.0994434
N#Cc1ccc(C#Cc2ccc(C#Cc3ccc(C#Cc4ccccc4C#N)cc3C#N)cc2C#N)cc1,ClC(Cl)Cl,357.0,4.94,359.81488,4.8448215,373.11908,4.9268794,356.9965,4.8539248,361.28485,4.8772807,362.56436,4.871782,367.80585,4.869371,373.25668,4.8807564,377.75037,4.822535,380.65765,4.860902,362.88687,4.882957
N#Cc1ccc(C#Cc2ccc(C#Cc3ccc(C#Cc4ccccc4C#N)cc3C#N)cc2C#N)cc1,c1ccccc1,358.0,4.78,366.39108,4.835923,381.2678,4.8934555,361.44327,4.8088665,363.6619,4.817689,363.9723,4.8367696,382.45895,4.848348,369.5153,4.852108,383.71344,4.775738,385.37863,4.842296,369.91895,4.826058
N#Cc1ccc(C#Cc2ccc(C#Cc3ccc(C#Cc4ccccc4C#N)cc3C#N)cc2C#N)cc1,C1CCOC1,356.0,4.91,365.55276,4.8555374,369.0952,4.950932,356.46503,4.8870687,361.77847,4.8952384,360.44565,4.9074316,367.53415,4.8946495,371.73822,4.8947163,377.85803,4.838894,378.12442,4.881176,358.56046,4.881241
N#Cc1ccc(C#Cc2ccc(C#Cc3ccc(C#Cc4ccccc4C#N)cc3C#N)cc2C#N)cc1,CC#N,352.0,4.75,358.14032,4.871711,373.64722,4.976584,354.12778,4.8973536,359.50134,4.943841,359.99457,4.909786,366.616,4.904363,374.81253,4.9299946,376.15973,4.850145,379.1238,4.935139,362.5382,4.8786564
N#Cc1ccc(C#Cc2ccc(C#Cc3ccc(C#Cc4ccccc4C#N)cc3C#N)cc2C#N)cc1,CN(C)C=O,357.0,4.79,362.44626,4.863657,382.03918,4.9309707,362.19852,4.8184595,361.23795,4.8743587,370.00885,4.9277954,372.0109,4.851346,381.53232,4.9179664,383.29672,4.8057804,386.95312,4.833205,373.03995,4.8587694
COc1ccc(/C=C/C2=CC(/C=C/c3ccc(OC)cc3)=[O+][B-](F)(F)O2)cc1,ClCCl,488.0,4.877831891,488.00467,5.1550922,504.3003,4.9987073,486.7597,4.923735,502.89902,4.9931784,489.67148,4.991861,491.0842,5.002411,509.1554,4.9526124,479.57962,5.017812,488.41336,4.91145,477.408,5.0209427
COc1ccc(/C=C/C2=CC(/C=C/c3ccc(OC)c4ccccc34)=[O+][B-](F)(F)O2)c2ccccc12,ClCCl,536.0,4.736157375,537.9148,5.053856,548.45844,4.8395467,528.9613,4.911945,552.3151,5.002552,536.57666,4.9192076,541.2015,4.9563546,539.7208,4.9691887,521.73315,4.882391,544.92554,4.878319,509.2764,4.9039397
COc1ccc2cc(/C=C/C3=[O+][B-](F)(F)OC(/C=C/c4ccc5cc(OC)ccc5c4)=C3c3ccccc3)ccc2c1,ClCCl,526.0,4.858055718,545.1296,4.8716173,556.6853,4.748807,556.60846,4.7871275,546.14343,4.811644,520.10565,4.922897,527.9885,4.8153443,534.81287,4.685327,519.4854,4.8492017,524.3138,4.732029,520.62006,4.8388033
CCCCCCN(CCCCCC)c1ccc(C#Cc2c(F)c(F)c(F)c(F)c2F)cc1,CO,357.0,4.631443769,379.29926,4.4394712,390.50363,4.3830047,411.29364,4.2681055,380.21423,4.5915556,388.62698,4.486532,396.36688,4.469392,408.98798,4.5143695,371.84555,4.449814,389.96185,4.620112,392.51245,4.425777
O=[N+]([O-])c1ccc(C#Cc2ccc([N+](=O)[O-])cc2)cc1,CO,329.0,4.369215857,359.47836,4.388932,352.5242,4.186895,364.9298,3.8966224,332.94824,4.1052856,370.31168,4.5289774,322.11166,4.0862775,370.33905,4.251189,332.99512,4.474091,350.1408,4.544338,367.73434,4.307248
O=[N+]([O-])c1ccc(C#Cc2ccc([N+](=O)[O-])cc2)cc1,ClCCl,335.0,4.369215857,370.42957,4.2923837,353.50043,4.1733384,374.22888,3.9778633,339.49243,4.346197,375.08636,4.371431,320.70154,4.2064457,372.3742,4.261842,339.56366,4.5007324,352.2657,4.6138406,369.49255,4.2246356
O=c1c2ccccc2[nH]c2ccccc12,CS(C)=O,398.0,3.995635195,401.7262,3.9331696,388.93622,4.1262016,385.45587,4.2939186,396.52435,4.1681004,374.5373,4.16772,378.4722,3.8958771,398.8612,3.9725263,371.84167,4.1323457,383.6459,4.2165484,387.08054,4.0652213
O=c1c2cc(S(=O)(=O)Cl)ccc2[nH]c2ccc(S(=O)(=O)Cl)cc12,CS(C)=O,399.0,3.859738566,409.45932,3.790987,394.26508,3.9003644,405.15854,3.810001,398.19055,3.9313786,393.7016,4.0153174,402.01984,3.6457615,409.03818,3.8027382,398.56247,3.8681765,405.5918,3.811184,395.26233,3.9267666
COc1cc(-c2nc3c4cccnc4c4ncccc4c3[nH]2)c(OC)cc1/C=C/c1nc2ccccc2[nH]1,C1CCOC1,401.0,5.149219113,399.24283,4.8724008,407.20697,4.89837,407.29865,4.8402715,401.98465,4.900745,404.0933,4.8426847,397.52643,4.956107,399.58258,4.9532433,392.16367,4.9491663,400.4075,4.874607,395.75073,4.8798018
COc1cc(-c2nc3c4cccnc4c4ncccc4c3[nH]2)c(OC)cc1/C=C/c1nc2ccccc2[nH]1,ClCCl,400.0,5.086003706,396.9633,4.8412094,406.8915,4.9081383,404.34567,4.7526865,400.73935,4.8755546,404.2164,4.8491664,395.7056,4.905953,398.31992,4.908242,390.52783,4.965898,400.67645,4.904142,393.18967,4.852187
COc1cc(-c2nc3c4cccnc4c4ncccc4c3[nH]2)c(OC)cc1/C=C/c1nc2ccccc2[nH]1,CC#N,398.0,4.810232518,391.60748,4.8044386,408.79987,4.8861265,403.59805,4.8307557,397.52106,4.8180723,404.63022,4.8482985,392.33566,4.8724866,399.94278,4.93532,390.49527,4.9571447,400.64142,4.889735,393.07596,4.8522234
COc1cc(-c2nc3c4cccnc4c4ncccc4c3[nH]2)c(OC)cc1/C=C/c1nc2ccccc2[nH]1,CO,391.0,4.509202522,393.0779,4.834402,404.38153,4.827797,385.253,4.6583624,388.67862,4.84583,389.4954,4.751323,382.19534,4.7558928,388.73373,4.8219585,390.25577,4.936844,390.09555,4.8133163,390.86115,4.8406644
CCN(CC)c1ccc2cc(-c3ccc(S(C)(=O)=O)cc3)oc(=O)c2c1,CCO,376.0,3.995635195,385.4018,4.4678087,384.4316,4.309288,387.28946,4.5050597,389.3095,4.3676324,387.24966,4.4648566,416.42374,4.6199107,383.89813,4.5400653,411.98004,4.5853453,405.3769,4.4160743,404.06552,4.3476872
CCN(CC)c1ccc2cc(-c3nc4cc(C(=O)Nc5ccccc5Cl)ccc4o3)c(=O)oc2c1,ClCCl,441.0,5.505149978,446.07028,5.3728895,437.54816,5.5615306,442.7582,5.5135145,439.05377,5.6078997,439.97546,5.5775805,445.2529,5.504717,442.79678,5.4927425,438.17108,5.201398,433.88907,5.6002884,441.4031,5.3979025
COc1ccc(NC(=O)C(C(=O)Nc2ccc(OC)cc2)C(c2cc(F)ccc2O)c2c[nH]c3ccc(OC)cc23)cc1,CS(C)=O,262.0,4.612783857,315.7119,4.4736137,304.0645,4.4732285,300.08563,4.618286,307.40973,4.463883,295.88043,4.42333,291.99078,4.448515,288.85754,4.5435038,298.60242,4.6713266,283.89685,4.5564375,314.2299,4.530688
N#Cc1ccc(C2=Cc3ccccc3P2(=O)c2ccccc2)cc1,ClCCl,350.0,4.19,363.30307,4.2129025,371.33026,4.1136847,359.83398,4.1816297,356.9677,4.2957697,350.70325,4.203376,358.02362,4.1086044,359.9292,4.390991,355.81726,4.160965,376.02982,4.0108185,364.1634,4.0580873
COc1ccc(C2=Cc3ccccc3P2(=O)c2ccccc2)cc1,ClCCl,365.0,4.09,351.1165,4.304636,370.90985,4.0663342,362.18698,4.138024,343.97836,4.2358217,348.0576,4.1463885,352.01697,4.1521626,351.685,4.277943,347.54596,4.0570936,363.2128,4.040545,366.80136,4.039707
Clc1ccc(/C=C/c2ccncn2)cc1,ClCCl,310.0,4.068185862,316.195,4.2238646,335.45593,4.1512575,316.51608,4.099693,318.60638,4.168012,320.85178,4.043376,325.06467,4.2145214,323.62152,4.1480017,342.97815,4.305694,329.63934,3.9340594,321.13672,4.321716
CN(C)c1ccc(/C=C/c2ccncn2)cc1,ClCCl,393.0,4.456366033,384.70267,4.494275,389.62936,4.3210745,389.40347,4.3348846,393.9494,4.3930483,395.4293,4.2916365,384.29132,4.3639774,387.9438,4.406944,382.726,4.497291,386.80502,4.3688025,391.21634,4.404037
Brc1ccc(/C=C/c2cnc3ccccc3n2)cc1,ClCCl,369.0,4.127104798,361.55243,3.8752022,367.60757,4.2961597,363.55682,4.06345,358.2002,3.9764614,360.54333,4.118676,371.02878,3.7979186,378.0192,4.3108287,362.77045,4.2389855,377.7403,3.96811,364.68777,3.8718538
CSc1ccc(/C=C/c2cnc3ccccc3n2)cc1,ClCCl,381.0,4.334453751,378.1791,4.183013,373.68033,4.4101377,381.11404,4.3626785,380.80417,4.3252687,377.82648,4.2188196,381.87582,4.184363,387.63364,4.3433256,361.60797,4.1866026,384.6251,4.1075726,379.89325,4.2156935
CN(C)c1ccc(-c2ccc(/C=C/c3ccncn3)cc2)cc1,ClCCl,386.0,4.51054501,393.2316,4.5580635,375.85602,4.253962,380.3176,4.519698,385.147,4.3527956,373.47162,4.463242,361.18542,4.473879,369.37744,4.4648433,365.67108,4.589517,378.37003,4.415045,374.05344,4.633477
CN(C)c1ccc(-c2ccc(/C=C/c3cnc4ccccc4n3)cc2)cc1,ClCCl,406.0,4.640481437,415.2818,4.3866777,399.7334,4.346313,409.21475,4.4242554,403.10434,4.358837,397.89285,4.361726,385.93988,4.4198127,403.95773,4.3808546,383.77066,4.5475354,407.0047,4.405621,402.48993,4.449987
c1ccc(-p2c3ccccc3c3sc4ccccc4c32)cc1,ClCCl,317.0,4.45,356.68253,4.017762,381.74106,3.8552873,365.4773,3.997447,356.58945,3.9359915,376.87192,3.6272023,358.92822,4.04479,371.62738,4.245019,357.0108,4.307783,366.0422,3.9591975,379.52658,3.7865567
O=P1(c2ccccc2)c2ccccc2-c2sc3ccccc3c21,ClCCl,329.0,3.86,362.72488,3.1503048,368.7937,3.5224571,331.65216,3.7556963,337.11298,2.8838186,362.48026,3.1881952,344.16302,3.4053824,363.34198,3.3260188,364.05695,3.4974117,353.03006,3.2221017,367.61176,3.1931252
O=P1(c2ccccc2)C2=C(c3ccccc31)S(=O)(=O)c1ccccc12,ClCCl,386.0,3.73,370.7066,4.063988,368.26614,3.615788,360.84875,4.1306744,362.3001,4.2341385,362.19003,4.1761336,359.60812,4.340847,357.55804,4.138113,348.73987,4.169631,375.12384,3.8445702,368.8858,3.9780185
CCCCCC(=O)c1cccc2sc3c(c12)P(=O)(c1ccccc1)c1ccccc1-3,ClCCl,380.0,3.43,386.39523,3.238752,380.01886,3.6363697,352.81857,3.8194373,372.93222,2.7085671,387.11453,3.2208347,361.6794,3.3756099,403.1631,3.2881186,377.69724,3.5858483,391.4914,3.3374176,376.4497,3.2095518
O=C(c1ccc2c3c(sc2c1)-c1ccccc1P3(=O)c1ccccc1)c1c(F)c(F)c(F)c(F)c1F,ClCCl,381.0,3.75,369.57117,3.4787807,401.13205,3.8671496,379.98523,4.0580063,374.56204,2.9818869,397.2985,3.6985297,379.32947,3.45857,388.69766,3.4114466,400.93726,3.611489,394.54044,3.3488107,379.3972,3.4121697
Cc1ccc2ccc3c(c2n1)N/C(=C\C1=C([O-])/C(=C/C2=[NH+]c4c(ccc5ccc(C)nc45)C2(C)C)C1=O)C3(C)C,C1CCCCC1,692.0,5.27,648.8695,5.116961,607.8695,4.8447013,665.7675,5.1355834,656.27655,5.2170844,654.25256,5.141313,641.7876,5.151632,680.0172,5.322791,681.1008,5.1718307,660.3667,4.973179,621.69006,5.1206994
Cc1ccc2ccc3c(c2n1)N/C(=C\C1=C([O-])/C(=C/C2=[NH+]c4c(ccc5ccc(C)nc45)C2(C)C)C1=O)C3(C)C,Cc1ccccc1,694.0,5.29,652.05756,5.139408,608.0601,4.789733,673.4116,5.150016,662.5179,5.178568,655.4089,5.1182876,652.91486,5.1487346,682.23364,5.323143,684.89136,5.165409,659.8398,4.958982,627.78613,5.0898767
Cc1ccc2ccc3c(c2n1)N/C(=C\C1=C([O-])/C(=C/C2=[NH+]c4c(ccc5ccc(C)nc45)C2(C)C)C1=O)C3(C)C,ClC(Cl)Cl,687.0,5.29,650.7759,4.9870234,608.84735,4.8338675,666.58984,5.0176387,652.1593,5.020631,652.3529,5.115015,642.2426,5.0994124,682.48334,5.2923946,688.01385,5.1783524,670.52155,4.976328,623.49304,5.0810137
Cc1ccc2ccc3c(c2n1)N/C(=C\C1=C([O-])/C(=C/C2=[NH+]c4c(ccc5ccc(C)nc45)C2(C)C)C1=O)C3(C)C,C1CCOC1,690.0,5.22,648.66125,5.00596,607.9838,4.8055367,667.7103,5.033371,651.86725,5.086612,647.1858,5.0971494,638.5863,5.1036053,677.25964,5.297778,680.5891,5.144271,658.7417,4.9362984,616.5198,5.053485
Cc1ccc2ccc3c(c2n1)N/C(=C\C1=C([O-])/C(=C/C2=[NH+]c4c(ccc5ccc(C)nc45)C2(C)C)C1=O)C3(C)C,C1COCCO1,688.0,5.17,639.87976,4.9646816,603.7407,4.770592,662.7985,5.0171638,648.15857,5.1040173,648.3286,5.082456,629.3307,5.089388,671.792,5.2736835,679.90625,5.1287336,654.9658,4.913288,615.19385,5.024372
Cc1ccc2ccc3c(c2n1)N/C(=C\C1=C([O-])/C(=C/C2=[NH+]c4c(ccc5ccc(C)nc45)C2(C)C)C1=O)C3(C)C,CN(C)C=O,689.0,5.22,630.1989,5.01796,605.67554,4.759729,659.42267,4.9651747,635.95483,5.0584397,649.4376,5.0705557,633.69275,5.0150857,674.25745,5.260798,682.82,5.1379137,652.46924,4.9311705,620.2966,5.0330057
Cc1ccc2ccc3c(c2n1)N/C(=C\C1=C([O-])/C(=C/C2=[NH+]c4c(ccc5ccc(C)nc45)C2(C)C)C1=O)C3(C)C,CS(C)=O,692.0,5.22,652.198,5.0882444,612.5188,4.7542877,665.2914,5.0861897,646.7849,5.0168815,654.7483,5.0366344,639.58124,4.982672,675.7567,5.2718506,684.64453,5.133123,659.9528,4.917976,619.1918,4.9918513
Cc1ccc2ccc3c(c2n1)N/C(=C\C1=C([O-])/C(=C/C2=[NH+]c4c(ccc5ccc(C)nc45)C2(C)C)C1=O)C3(C)C,CC#N,681.0,5.21,645.6416,5.0279074,598.9767,4.7617064,659.33563,5.0619593,633.3613,4.972604,643.39026,5.0496683,634.8109,5.102765,673.2799,5.2701063,678.1749,5.132749,653.77625,4.936549,611.72565,5.0200567
Cc1ccc2ccc3c(c2n1)N/C(=C\C1=C([O-])/C(=C/C2=[NH+]c4c(ccc5ccc(C)nc45)C2(C)C)C1=O)C3(C)C,CO,679.0,5.23,639.97394,5.111895,599.27734,4.7903643,659.5399,5.128474,629.85266,5.066401,638.3834,5.0789347,622.02246,5.074368,669.28516,5.2664566,682.88544,5.1639514,656.0062,4.9581676,608.9341,5.0415773
CCN1/C(=C\C2=C([O-])/C(=C/C3=[N+](CC)c4c(ccc5ccc(C)nc45)C3(C)C)C2=O)C(C)(C)c2ccc3ccc(C)nc3c21,C1CCCCC1,682.0,5.2,667.5861,5.2842383,663.89166,5.1271553,684.67847,5.3111973,665.1516,5.246279,673.9309,5.278449,673.86206,5.410998,675.0169,5.30152,678.4038,5.175309,679.0688,5.077688,689.0829,5.3995514
CCN1/C(=C\C2=C([O-])/C(=C/C3=[N+](CC)c4c(ccc5ccc(C)nc45)C3(C)C)C2=O)C(C)(C)c2ccc3ccc(C)nc3c21,Cc1ccccc1,686.0,5.21,670.82947,5.326722,666.46027,5.0997553,690.84283,5.3760324,668.87054,5.169325,675.41516,5.2582574,684.3789,5.406271,676.0589,5.3129487,682.1601,5.168441,678.08954,5.0565987,694.0684,5.369223
CCN1/C(=C\C2=C([O-])/C(=C/C3=[N+](CC)c4c(ccc5ccc(C)nc45)C3(C)C)C2=O)C(C)(C)c2ccc3ccc(C)nc3c21,ClC(Cl)Cl,678.0,5.19,666.3359,5.172537,662.5377,5.099539,686.71484,5.1899137,660.327,5.0302944,670.6137,5.2584167,677.78357,5.3650517,678.26135,5.2756934,685.3325,5.1826468,686.703,5.070531,689.3594,5.364058
CCN1/C(=C\C2=C([O-])/C(=C/C3=[N+](CC)c4c(ccc5ccc(C)nc45)C3(C)C)C2=O)C(C)(C)c2ccc3ccc(C)nc3c21,C1CCOC1,681.0,5.23,665.4922,5.208831,660.7569,5.0802283,684.928,5.2289186,660.2247,5.1788416,666.1005,5.238356,672.67914,5.3753157,673.3021,5.278756,677.97974,5.1475234,675.8862,5.035821,683.502,5.335594
CCN1/C(=C\C2=C([O-])/C(=C/C3=[N+](CC)c4c(ccc5ccc(C)nc45)C3(C)C)C2=O)C(C)(C)c2ccc3ccc(C)nc3c21,C1COCCO1,680.0,5.22,656.9695,5.17338,655.9281,5.0427346,682.50757,5.204198,659.63025,5.1850543,667.1375,5.2246814,662.86914,5.361566,668.13226,5.2547975,677.5494,5.1346345,672.0568,5.0139856,683.2342,5.3009877
CCN1/C(=C\C2=C([O-])/C(=C/C3=[N+](CC)c4c(ccc5ccc(C)nc45)C3(C)C)C2=O)C(C)(C)c2ccc3ccc(C)nc3c21,CN(C)C=O,682.0,5.24,650.2262,5.196185,656.5969,5.014915,677.8328,5.130214,646.20123,5.137715,668.87695,5.207685,665.1937,5.252644,670.89215,5.2415223,680.2452,5.1417046,672.2149,5.0215435,686.02185,5.3007994
CCN1/C(=C\C2=C([O-])/C(=C/C3=[N+](CC)c4c(ccc5ccc(C)nc45)C3(C)C)C2=O)C(C)(C)c2ccc3ccc(C)nc3c21,CS(C)=O,685.0,5.26,674.0161,5.2769117,665.47156,5.0380554,686.14813,5.245538,658.2616,5.083656,672.6848,5.182329,673.7443,5.2307787,671.3085,5.2534018,682.0745,5.1368713,678.05774,5.017128,685.1792,5.260323
CCN1/C(=C\C2=C([O-])/C(=C/C3=[N+](CC)c4c(ccc5ccc(C)nc45)C3(C)C)C2=O)C(C)(C)c2ccc3ccc(C)nc3c21,CC#N,674.0,5.25,666.7782,5.2307715,654.47626,5.0268354,678.0807,5.2266855,643.5661,5.0521765,663.37244,5.186116,668.68677,5.36442,669.47003,5.253862,675.54987,5.1363797,671.7744,5.0363975,678.4458,5.2903795
CCN1/C(=C\C2=C([O-])/C(=C/C3=[N+](CC)c4c(ccc5ccc(C)nc45)C3(C)C)C2=O)C(C)(C)c2ccc3ccc(C)nc3c21,CO,671.0,5.25,661.53735,5.284896,653.7699,5.064992,679.29767,5.2968235,643.1193,5.09083,658.92426,5.2159457,661.97797,5.3315125,666.31665,5.25209,680.4235,5.16707,672.13824,5.045417,677.6966,5.320669
COc1ccc(-c2ncccn2)cc1,ClCCl,283.0,4.424881637,309.68616,4.135171,312.92126,3.9256818,296.28235,3.8733957,290.27048,4.2916646,282.9668,4.592577,269.44983,4.137708,271.41888,4.107725,277.0241,4.119774,271.60043,4.2703857,295.60864,4.2985387
COc1ccc(/C=C/c2ccncn2)cc1,ClCCl,338.0,4.45484486,333.93866,4.2162447,347.16632,4.243602,329.89133,4.184463,338.03815,4.2197585,327.53015,4.094546,325.5936,4.068821,318.08545,4.101984,336.01666,4.2187834,338.50037,4.080331,334.9284,4.250976
CN(C)c1ccc(-c2ccc(/C=C/c3ccncn3)cc2)cc1,ClCCl,386.0,4.51054501,393.2316,4.5580635,375.85602,4.253962,380.3176,4.519698,385.147,4.3527956,373.47162,4.463242,361.18542,4.473879,369.37744,4.4648433,365.67108,4.589517,378.37003,4.415045,374.05344,4.633477
CC(C)(C)C1Nc2ccccc2C(=O)N1c1ccccc1,c1ccccc1,343.0,3.571708832,347.27197,3.4971092,341.61993,3.4735184,334.15976,3.5114958,334.7832,3.598762,342.3822,3.494279,336.69574,3.5909562,353.10495,3.637892,349.58737,3.596402,349.12094,3.5412288,348.6333,3.5671577
CC(C)(C)C1Nc2ccccc2C(=O)N1c1ccccc1,ClC(Cl)Cl,344.0,3.615950052,342.77673,3.569036,346.55353,3.6279397,331.8841,3.6059225,340.48502,3.6724453,337.42444,3.5737,337.08588,3.6415374,354.78485,3.7223022,345.1145,3.7242584,350.09003,3.6317852,347.91766,3.6044245
CC(C)(C)C1Nc2ccccc2C(=O)N1c1ccccc1,CO,356.0,3.559906625,347.8459,3.631473,350.96515,3.593352,344.926,3.5538075,347.38452,3.6689072,344.93704,3.563981,348.55286,3.7185607,357.93738,3.7548733,346.46014,3.7647762,355.4262,3.505845,357.0064,3.6352992
CC(C)(C)C1Nc2ccccc2C(=O)N1c1ccccc1,CC#N,348.0,3.564073979,351.8752,3.5267687,350.5367,3.554256,341.2661,3.5673819,342.56766,3.6351788,337.21432,3.5078366,343.71097,3.716907,353.02136,3.6290982,337.3532,3.702282,358.0418,3.5334122,349.91382,3.5420303
CCN(CC)c1ccc2c(c1)oc(=O)c1c(-c3ccccc3C(=O)O)c3ccc(=[N+](CC)CC)cc-3oc12,ClC(Cl)Cl,602.0,4.888740961,588.67773,4.9640465,592.09265,4.9352946,602.9717,4.843045,608.51733,4.896804,588.9889,5.012831,581.3511,4.9273615,604.20917,4.975999,597.67194,5.030411,594.20703,5.0285573,608.7637,4.9873
CCN(CC)c1ccc2c(c1)oc(=O)c1c(-c3ccccc3C(=O)O)c3ccc(=[N+](CC)CC)cc-3oc12,CCO,591.0,4.850033258,586.4381,4.804775,581.1742,4.8434973,600.66174,4.6513834,611.4682,4.803484,587.4772,4.9592223,578.64935,4.822725,594.02594,4.9251766,591.7108,4.9992275,580.3263,4.970125,599.9654,4.885348
CCN(CC)c1ccc2c(c1)oc(=O)c1c(-c3ccccc3C(=O)O)c3ccc(=[N+](CC)CC)cc-3oc12,O,594.0,4.428134794,584.6999,4.7207847,578.0725,4.7601333,597.82355,4.6877847,607.10187,4.737872,593.3645,4.7970066,574.82697,4.7286386,595.48627,4.825996,603.24805,4.903399,586.9837,4.88404,594.40094,4.7838597
Cn1cc(-c2nc3ccccc3nc2/C=C/N2CCCC2)c2ccccc21,CC#N,440.0,4.238046103,444.73428,4.305265,444.37155,4.3572254,449.22147,4.2307143,451.6083,4.257325,449.65323,4.1843553,431.21323,4.332396,437.16547,4.2353888,431.02127,4.4431176,442.66342,4.282806,440.486,4.2817984
COc1ccc(C2=Cc3ccccc3P2(=O)c2ccccc2)cc1,C1CCOC1,362.0,4.100370545,348.26184,4.158382,363.34583,4.1072326,359.4244,4.149598,335.73688,4.193626,347.16782,4.068181,350.93716,4.12871,344.93286,4.139758,348.36682,4.073147,365.61707,3.9856615,368.56915,3.9798968
O=P1(c2ccccc2)C(c2ccc(C(F)(F)F)cc2)=Cc2ccccc21,C1CCOC1,342.0,3.924279286,352.1358,4.0611806,349.94626,4.0389843,344.509,4.0796824,341.1667,3.9871955,341.49014,3.9105482,343.7292,4.0667806,339.32355,4.068149,347.9281,4.0665555,358.19244,4.017415,357.55603,3.9566312
O=P1(c2ccccc2)C(c2cccs2)=Cc2ccccc21,C1CCOC1,368.0,4.079181246,359.48166,3.9371388,362.04852,3.9517028,350.9891,3.928,365.8033,3.9073799,351.68384,3.9370418,363.93228,3.9436157,359.33044,3.9296129,361.23523,4.010888,371.7959,3.8304222,359.25333,3.9542327
CC(C)(C)c1ccc(-c2cc3cc4c(cc(-c5ccc(C(C)(C)C)cc5)p4-c4ccccc4)cc3p2-c2ccccc2)cc1,C1CCOC1,396.0,4.45484486,434.03625,4.2636228,407.17975,4.4195843,402.8241,4.4168863,407.1103,4.4408274,411.785,4.501793,364.59717,4.75239,418.00146,4.322068,407.97314,4.4843283,393.59998,4.4047585,426.66302,4.3399386
c1csc(-c2ccc(-c3ccc(-c4ccc(-c5cccs5)s4)s3)s2)c1,CC#N,413.0,4.630427875,396.63165,4.5668855,404.25653,4.5506644,393.8416,4.468245,398.99915,4.454977,404.08127,4.620794,405.3133,4.6070213,393.66107,4.6667466,403.99133,4.7266393,396.20953,4.609377,408.13104,4.570569
C(=C/c1ccc(/C=C/c2cccs2)s1)\c1cccs1,CC#N,423.0,4.477121255,379.9585,4.736753,399.1217,4.558096,395.49036,4.845557,391.30222,4.537547,403.56763,4.5926356,374.3255,4.7259192,406.8888,4.6418233,439.8831,4.568323,409.1087,4.415928,406.89664,4.6114025
COc1cc2c(cc1/C=C/C1=CC(=C(C#N)C#N)CC(C)(C)C1)c1ccccc1n2C,Cc1ccccc1,468.0,4.30263392,476.0724,4.544751,471.34692,4.516059,473.84613,4.5580206,479.11707,4.5841703,472.19128,4.667902,472.4549,4.513253,482.5538,4.5453777,493.07645,4.8295035,488.763,4.5467653,481.4486,4.75627
COc1cc2c(cc1/C=C/C1=CC(=C(C#N)C#N)CC(C)(C)C1)c1ccccc1n2C,C1CCOC1,475.0,4.404080743,474.10364,4.418864,474.5199,4.5470657,475.46185,4.456679,475.30844,4.4812465,470.2138,4.6042714,473.42545,4.5021625,479.83102,4.5587955,487.97632,4.797687,486.81805,4.549951,477.39676,4.6512628
COc1cc2c(cc1/C=C/C1=CC(=C(C#N)C#N)CC(C)(C)C1)c1ccccc1n2C,CCOC(C)=O,462.0,4.367765791,471.94086,4.4737697,468.8763,4.558672,471.76794,4.5188904,468.2723,4.3827085,468.4549,4.6013227,469.56757,4.5440297,477.41672,4.5900044,483.09753,4.8080063,478.86087,4.537677,473.8706,4.658448
COc1cc2c(cc1/C=C/C1=CC(=C(C#N)C#N)CC(C)(C)C1)c1ccccc1n2C,ClCCl,478.0,4.418351017,475.84836,4.49831,478.55518,4.5763736,481.127,4.421034,479.42712,4.432251,472.25305,4.656613,481.58548,4.5362883,491.59775,4.58678,487.1956,4.81895,487.78818,4.5620527,481.4034,4.703131
COc1cc2c(cc1/C=C/C1=CC(=C(C#N)C#N)CC(C)(C)C1)c1ccccc1n2C,ClC(Cl)Cl,485.0,4.331467788,478.62598,4.499545,477.92532,4.595058,479.51877,4.487951,482.37177,4.568975,472.66522,4.65956,480.22055,4.533873,489.10126,4.579408,493.1123,4.8251615,492.3556,4.5876865,482.23874,4.7075677
COc1cc2c(cc1/C=C/C1=CC(=C(C#N)C#N)CC(C)(C)C1)c1ccccc1n2C,CC#N,477.0,4.26587866,480.56833,4.562451,470.39844,4.592297,475.7916,4.5196643,473.854,4.566575,474.87567,4.6868706,477.2355,4.6077266,485.2695,4.648507,485.07098,4.8092318,487.69534,4.562995,482.00577,4.712456
COc1cc2c(cc1/C=C/C1=CC(=C(C#N)C#N)CC(C)(C)C1)c1ccccc1n2C,CCO,479.0,4.331953395,474.4577,4.5390363,474.9286,4.547515,483.53735,4.4898677,477.1992,4.4931383,472.53912,4.6646323,478.41498,4.5433474,487.21823,4.559474,486.7457,4.7984695,485.1234,4.553882,480.8576,4.6829634
COc1cc2c(cc1/C=C/C1=CC(=C(C#N)C#N)CC(C)(C)C1)c1ccccc1n2C,CN(C)C=O,484.0,4.267124775,490.09637,4.606759,481.92963,4.6584826,486.20264,4.511247,488.10938,4.6204023,481.97766,4.669609,486.57172,4.6065073,494.7202,4.615405,495.66473,4.7931805,494.75684,4.5742426,488.1109,4.7346535
COc1cc2c(cc1/C=C/C1=CC(=C(C#N)C#N)CC(C)(C)C1)c1ccccc1n2C,CS(C)=O,489.0,4.332094928,486.0275,4.495844,481.4054,4.563169,495.91275,4.529605,490.70297,4.509911,480.95346,4.6218777,489.48108,4.5526495,487.56,4.5703583,494.1759,4.7776237,499.2971,4.5382547,494.46997,4.713133
CCOC(=O)/C(C#N)=C\c1ccc2c(c1)c1ccccc1n2-c1ccc(C)cc1,Cc1ccccc1,396.0,4.34427435,399.65433,4.348319,395.67792,4.2127824,401.88254,4.296203,404.27188,4.3523607,396.78192,4.255616,391.46228,4.1495705,401.01764,4.3188643,387.24283,4.317216,393.54065,4.363319,403.74197,4.345502
CCOC(=O)/C(C#N)=C\c1ccc2c(c1)c1ccccc1n2-c1ccc(C)cc1,C1CCOC1,390.0,4.361028626,401.74158,4.280727,389.62335,4.239663,404.2428,4.1957564,400.90082,4.363856,396.70636,4.210741,391.30182,4.119619,391.62155,4.329587,383.28595,4.3597765,391.6523,4.2717967,399.70282,4.284966
CCOC(=O)/C(C#N)=C\c1ccc2c(c1)c1ccccc1n2-c1ccc(C)cc1,CCOC(C)=O,400.0,4.339173086,398.0242,4.263671,392.01172,4.252466,392.8506,4.2403007,397.8805,4.394308,393.55615,4.1927776,389.70792,4.215302,389.06055,4.3737493,383.8184,4.4149084,391.50403,4.3177013,402.07324,4.3166366
CCOC(=O)/C(C#N)=C\c1ccc2c(c1)c1ccccc1n2-c1ccc(C)cc1,ClC(Cl)Cl,389.0,4.358505911,407.28043,4.3422318,394.48138,4.2793145,403.14404,4.346361,404.93155,4.3348927,396.826,4.264503,399.17172,4.2974524,400.35376,4.3770976,382.31042,4.32474,390.78906,4.333365,405.28372,4.345194
CCOC(=O)/C(C#N)=C\c1ccc2c(c1)c1ccccc1n2-c1ccc(C)cc1,CC#N,389.0,4.313297626,395.64435,4.3572097,392.3521,4.3253374,389.11398,4.3263273,398.60904,4.403222,392.68527,4.2619348,392.0407,4.2528744,393.35367,4.354963,378.89407,4.3810115,387.70013,4.323928,398.55573,4.312595
CCOC(=O)/C(C#N)=C\c1ccc2c(c1)c1ccccc1n2-c1ccc(C)cc1,CC(C)=O,388.0,4.415540901,397.5331,4.326602,390.9947,4.27891,395.78757,4.289692,401.8926,4.325893,395.87308,4.236908,390.91812,4.2288384,394.08392,4.373813,386.6665,4.334483,393.8653,4.307489,400.7073,4.3143883
CCOC(=O)/C(C#N)=C\c1ccc2c(c1)c1ccccc1n2-c1ccc(C)cc1,CO,391.0,4.327379371,390.38416,4.2977076,391.02563,4.159474,396.14084,4.3057065,397.881,4.314757,395.83597,4.3006573,392.1574,4.332076,392.03296,4.3775215,381.37698,4.3482203,389.1348,4.371281,398.756,4.26603
CCOC(=O)/C(C#N)=C\c1ccc2c(c1)c1ccccc1n2-c1ccc(C)cc1,CS(C)=O,397.0,4.273672462,394.52243,4.2681694,395.07736,4.232615,402.646,4.285309,404.05872,4.3512278,412.45013,4.2446184,393.62155,4.121483,398.2063,4.3571043,390.12314,4.3236356,399.31378,4.3101373,406.41025,4.306539
CCOC(=O)/C(C#N)=C/c1cc2c3ccccc3n(C)c2cc1OC,Cc1ccccc1,407.0,4.827685831,415.69357,4.579553,416.3511,4.4957647,405.71674,4.5389614,409.50623,4.4908104,402.4919,4.3552003,409.3869,4.452795,404.73105,4.3927474,396.00943,4.448338,413.52945,4.498968,429.2984,4.5269494
CCOC(=O)/C(C#N)=C/c1cc2c3ccccc3n(C)c2cc1OC,ClCCl,412.0,4.813360783,419.5762,4.6665034,416.91174,4.5312123,408.33694,4.5666475,409.85907,4.463528,402.75977,4.4107876,415.2036,4.5060697,405.54987,4.4788833,390.90707,4.475448,409.78345,4.5246263,427.9181,4.54617
CCOC(=O)/C(C#N)=C/c1cc2c3ccccc3n(C)c2cc1OC,C1CCOC1,407.0,4.773449992,415.47324,4.5876775,414.73486,4.50812,401.12228,4.5867496,412.08453,4.463213,401.47693,4.4336824,408.86737,4.459302,396.92422,4.4504924,393.66772,4.4660406,412.59515,4.494187,422.3391,4.5134115
CCOC(=O)/C(C#N)=C/c1cc2c3ccccc3n(C)c2cc1OC,ClC(Cl)Cl,415.0,4.75550898,412.83524,4.5937443,416.35995,4.5092106,409.14127,4.5038624,414.72818,4.4558434,401.34326,4.4000187,411.86136,4.5118117,406.04263,4.429565,393.83136,4.4619064,406.13132,4.49485,425.3662,4.494595
CCOC(=O)/C(C#N)=C/c1cc2c3ccccc3n(C)c2cc1OC,CCOC(C)=O,406.0,4.781934798,414.08835,4.596997,413.2583,4.510807,400.72018,4.553874,404.33017,4.553384,398.28162,4.394617,406.2895,4.48491,395.64883,4.520219,395.59183,4.523715,410.0446,4.456164,418.9332,4.457958
CCOC(=O)/C(C#N)=C/c1cc2c3ccccc3n(C)c2cc1OC,CO,415.0,4.757836174,409.527,4.6536474,411.41458,4.439017,400.22763,4.440893,403.8532,4.4685507,397.8222,4.3221493,402.9178,4.483746,398.3542,4.4395027,389.18503,4.4652567,404.41733,4.4617186,420.3245,4.4842954
CCOC(=O)/C(C#N)=C/c1cc2c3ccccc3n(C)c2cc1OC,CC#N,410.0,4.739596076,409.61368,4.5552764,410.45026,4.5450964,403.052,4.5302935,402.83554,4.415526,396.2472,4.4086328,407.2878,4.4133716,396.5175,4.5060406,389.99554,4.4801087,409.4921,4.4857454,419.68332,4.4647217
CCOC(=O)/C(C#N)=C/c1cc2c3ccccc3n(C)c2cc1OC,CN(C)C=O,417.0,4.702602841,412.05124,4.549798,414.78928,4.491079,402.32947,4.5084333,410.61044,4.4337306,410.26495,4.3805485,416.7522,4.481767,407.47183,4.451932,401.37936,4.4469604,415.98987,4.512441,431.50052,4.428317
CCOC(=O)/C(C#N)=C/c1cc2c3ccccc3n(C)c2cc1OC,CS(C)=O,419.0,4.67809936,414.724,4.3349094,416.69214,4.434877,405.0072,4.3746734,414.50858,4.4118147,412.3111,4.3673043,408.72662,4.3543835,402.7868,4.4325604,398.6687,4.423604,415.36584,4.428822,428.04874,4.420817
CN(C)c1ccc2c3c(c(=O)oc2c1)C=c1cc2c(cc1O3)=[N+](CCC(=O)O)CCC2,ClCCl,606.0,4.862727528,601.75116,4.703499,600.4917,4.6874104,614.8731,4.774219,604.20544,4.7303877,616.8096,4.7291427,603.4307,4.8033867,600.7886,4.742508,588.2733,4.7035427,587.01984,4.711937,603.47656,4.8217044
CN(C)c1ccc2c3c(c(=O)oc2c1)C=c1cc2c(cc1O3)=[N+](CCC(=O)O)CCC2,CC#N,593.0,4.750122527,594.9435,4.6117826,589.1878,4.6554065,604.3163,4.6598415,594.70447,4.676575,606.17224,4.6799455,595.75635,4.721445,595.6284,4.712154,584.4527,4.696153,578.83276,4.6850934,594.5238,4.7476377
CN(C)c1ccc2c3c(c(=O)oc2c1)C=c1cc2c(cc1O3)=[N+](CCC(=O)O)CCC2,CO,591.0,4.735997884,595.5826,4.6093397,594.9387,4.622497,607.76874,4.6811867,588.98285,4.658326,608.0948,4.688473,594.65826,4.7532744,596.34973,4.671362,586.15466,4.686395,582.4435,4.688837,599.31836,4.726628
CN(C)c1ccc2c3c(c(=O)oc2c1)C=c1cc2c(cc1O3)=[N+](CCC(=O)O)CCC2,O,587.0,4.702430536,590.21436,4.5330133,583.79895,4.58665,599.15875,4.557089,580.03357,4.5776253,607.18005,4.5831094,591.56964,4.647797,589.7141,4.592374,593.22235,4.60351,580.48706,4.6063814,594.5266,4.6494856
CCCCn1c2ccccc2c2c1c1c3ccccc3n(CCCC)c1c1c3ccccc3n(CCCC)c21,C1CCOC1,316.0,4.799340549,327.62213,4.4003506,287.10938,4.6555157,315.58508,4.6726875,320.45804,4.506543,314.72614,4.5722194,305.7517,4.366134,313.5558,4.805915,310.22598,4.602835,318.67792,4.7427444,307.7116,4.518374
CCCCCCc1ccc2c(/C=N/c3cc(/N=C/c4c(O)ccc5cc(CCCCCC)ccc45)cc(/N=C/c4c(O)ccc5cc(CCCCCC)ccc45)c3)c(O)ccc2c1,Cc1ccccc1,480.0,3.929418926,491.6941,3.9629076,503.91077,3.94766,512.6516,3.8319807,471.59622,4.2158766,499.2368,3.8997688,476.07816,4.057599,469.65002,4.221939,528.6889,4.0867286,478.7689,4.1685786,431.54755,4.209793
CCCCCCc1ccc2c(/C=N/c3cc(/N=C/c4c(O)ccc5cc(CCCCCC)ccc45)cc(/N=C/c4c(O)ccc5cc(CCCCCC)ccc45)c3)c(O)ccc2c1,ClCCl,479.0,4.217483944,512.3896,3.992198,510.7419,4.077175,511.97437,3.9864824,472.12018,4.2375717,501.38345,3.9532347,492.0578,4.18049,477.199,4.2709513,527.2752,4.1143465,487.97888,4.211512,438.68756,4.2918077
CCCCCCc1ccc2c(/C=N/c3cc(/N=C/c4c(O)ccc5cc(CCCCCC)ccc45)cc(/N=C/c4c(O)ccc5cc(CCCCCC)ccc45)c3)c(O)ccc2c1,C1CCOC1,477.0,4.187520721,495.9794,4.1080704,504.7478,4.095635,504.43826,4.0649905,467.6248,4.1664357,495.20053,4.0200872,481.8321,4.1890235,473.18634,4.214639,521.9558,4.132747,481.43576,4.1793466,434.8451,4.254018
CCCCCCc1ccc2c(/C=N/c3cc(/N=C/c4c(O)ccc5cc(CCCCCC)ccc45)cc(/N=C/c4c(O)ccc5cc(CCCCCC)ccc45)c3)c(O)ccc2c1,CC#N,474.0,4.336459734,480.47186,4.21322,492.25262,4.1968403,488.44373,4.170851,465.4563,4.230882,484.6253,4.107274,477.33737,4.2263637,473.16995,4.273896,518.0743,4.1371374,480.7223,4.195418,427.5168,4.2466197
Cc1nc2cc(/C=C/c3ccc(N(C)C)cc3)ccc2nc1-c1ccccc1,C1COCCO1,415.0,4.480006943,401.40002,4.4167404,402.72147,4.389759,395.45544,4.3949127,397.59143,4.4372196,410.36627,4.437174,395.85474,4.424731,408.5478,4.3611064,408.2668,4.59635,408.01852,4.4117255,408.16055,4.419934
Cc1nc2cc(/C=C/c3ccc(N(C)C)cc3)ccc2nc1-c1ccccc1,ClCCl,407.0,4.457881897,409.3127,4.407408,400.406,4.391209,402.57703,4.3319416,399.04608,4.4188657,412.8377,4.4247003,398.9193,4.3853164,408.77838,4.381084,406.9086,4.6155505,409.99918,4.462122,406.3894,4.417264
Cc1nc2cc(/C=C/c3ccc(N(C)C)cc3)ccc2nc1-c1ccccc1,CC#N,407.0,4.411619706,403.3999,4.4603343,399.85828,4.4205475,400.07642,4.4116826,395.61426,4.4467053,406.98624,4.4426455,390.3306,4.4123883,404.97336,4.402239,406.28207,4.6102858,403.26575,4.4297132,404.68265,4.3985605
CSc1sc(C(C)=O)c2nn[nH]c(=O)c12,CS(C)=O,400.5,4.146128036,396.82144,3.7864175,381.43015,3.872675,394.4841,3.8608031,394.15955,3.8755116,388.30582,3.527423,389.94568,3.7575555,383.8749,3.8185284,388.65076,3.9131,408.6565,3.7655714,397.5024,3.7722583
CSc1sc(C(C)=O)c2nn[nH]c(=O)c12,CN(C)C=O,404.0,3.73239376,394.11716,3.3921866,374.68756,3.6076884,398.63702,3.4614742,396.1512,3.5158134,385.45734,3.4524052,391.97424,3.7480583,385.21317,3.6307392,387.86432,3.8934932,412.59225,3.6161118,393.715,3.4954612
CSc1sc(C(C)=O)c2nn[nH]c(=O)c12,CC#N,393.0,3.69019608,391.91568,3.4297986,373.10992,3.6065965,393.40622,3.4004586,390.23404,3.406767,381.4162,3.3787785,390.38028,3.574962,378.5418,3.6068892,381.95422,3.7791893,403.2005,3.587226,387.00726,3.534844
CSc1sc(C(C)=O)c2nn[nH]c(=O)c12,CO,396.0,4.0,391.78473,3.5732162,372.71985,3.6619089,395.75064,3.7648065,394.83218,3.7565978,385.3489,3.4471614,391.75687,3.7105508,382.09604,3.6262774,379.88635,3.8275695,402.24655,3.4132524,391.19772,3.7003994
CSc1sc(C(C)=O)c2nn[nH]c(=O)c12,CCO,397.0,4.041392685,395.9122,3.6938748,374.76416,3.6900768,396.424,3.7956176,391.86636,3.828385,386.6402,3.556712,391.01654,3.6783555,379.64487,3.7646506,380.18176,3.8277752,396.8884,3.6252074,388.92548,3.7285776
CSc1sc(C(C)=O)c2nn[nH]c(=O)c12,C1CCOC1,392.5,3.672097858,390.63214,3.7483323,374.86835,3.6962469,394.03333,3.7682428,389.51938,3.7929468,388.8869,3.51266,390.52646,3.709807,382.88757,3.7292538,384.61835,3.8092642,404.00287,3.6325827,391.84042,3.6681745
CSc1sc(C(=O)c2ccccc2)c2nn[nH]c(=O)c12,CS(C)=O,405.5,4.204119983,403.63568,3.733255,411.90253,3.7008696,415.9672,3.5212955,403.3791,3.78829,425.37213,3.6258507,417.3518,3.6491907,429.0648,3.7627206,404.09418,4.013342,416.88962,3.6221106,418.13773,3.6375375
CSc1sc(C(=O)c2ccccc2)c2nn[nH]c(=O)c12,CN(C)C=O,409.0,3.875061263,407.2051,3.4822967,412.23486,3.5872757,417.68893,3.343059,408.13766,3.5585282,421.36948,3.5755708,425.09695,3.7327929,431.0204,3.6572347,406.09625,4.012485,418.8321,3.447475,426.43542,3.5444896
CSc1sc(C(=O)c2ccccc2)c2nn[nH]c(=O)c12,CC#N,396.0,4.041392685,399.15036,3.4906511,407.5127,3.6347766,413.20422,3.3810315,398.04825,3.4895372,414.1327,3.5612047,418.66086,3.5293875,416.52856,3.6547558,396.86908,3.9206169,411.32312,3.463624,411.59338,3.5680852
CSc1sc(C(=O)c2ccccc2)c2nn[nH]c(=O)c12,CO,400.0,4.079181246,396.84433,3.7308316,399.63763,3.6795402,415.6661,3.7815979,398.08588,3.766047,420.67007,3.67633,414.79028,3.569273,414.17896,3.6946077,395.69516,3.9978132,407.21338,3.450308,417.2934,3.6818423
CSc1sc(C(=O)c2ccccc2)c2nn[nH]c(=O)c12,CCO,400.0,4.079181246,400.0746,3.6948752,405.18216,3.650192,416.06403,3.685766,398.59625,3.8130012,421.48856,3.5769544,416.75565,3.4790099,422.7792,3.7001355,396.19308,3.9667895,405.4934,3.4857724,418.36057,3.7112064
CSc1sc(C(=O)c2ccccc2)c2nn[nH]c(=O)c12,C1CCOC1,396.5,3.875061263,394.09882,3.7216437,401.22308,3.618499,410.52856,3.6858726,392.7691,3.769335,418.06854,3.5520654,411.69205,3.6165664,418.12256,3.7682106,400.0145,3.9584646,411.4426,3.485055,413.0061,3.568597
c1ccc(-c2c3ccccc3cc3ccccc23)cc1,C1CCOC1,386.0,3.959041392,363.8874,4.127308,376.50677,4.23253,361.58533,4.193293,379.34775,4.0760984,382.8016,4.222976,381.17545,4.1112294,372.49017,4.3431077,385.11746,4.131562,384.90262,4.112358,360.15054,4.136853
c1cc(-c2c3ccccc3cc3ccccc23)cc(-c2c3ccccc3cc3ccccc23)c1,C1CCOC1,387.0,4.230448921,409.8918,4.304845,406.1905,4.321656,440.14645,4.24023,410.50128,4.1082215,402.87885,4.27123,401.07617,4.24271,424.09195,4.5709476,415.50253,4.2073407,427.2261,4.297407,404.0232,4.177536
c1ccc2c(-c3cc(-c4c5ccccc5cc5ccccc45)cc(-c4c5ccccc5cc5ccccc45)c3)c3ccccc3cc2c1,C1CCOC1,389.0,4.579783597,414.46378,4.406037,425.37646,4.3423433,457.6135,4.4482336,422.2448,4.100572,403.4383,4.254275,395.35593,4.378158,438.30112,4.766623,431.57486,4.073969,440.58344,4.3155246,429.89615,4.033588
CCCCCCCN1C(=CC2=C([O-])C(=Cc3sc4ccccc4[n+]3CCCCCCC)C2=C(C#N)C#N)Sc2ccccc21,C1COCCO1,709.0,5.206825876,671.34503,5.197757,661.4843,5.0480676,688.95825,5.250046,696.3652,5.1507325,689.21826,5.1775155,665.9994,5.432908,660.4841,5.1265473,639.3562,4.9211063,670.2663,5.108942,678.4448,5.106319
CCCCCCCN1C(=CC2=C([O-])C(=Cc3sc4ccccc4[n+]3CCCCCCC)C2=C(C#N)C#N)Sc2ccccc21,ClC(Cl)Cl,704.0,5.250420002,673.4527,5.217144,671.25494,5.1187243,699.7829,5.241601,699.63635,5.259701,696.42725,5.212939,679.90204,5.4748006,670.37335,5.1516175,646.39777,4.962057,681.3507,5.164703,691.4961,5.149419
CCCCCCCN1C(=CC2=C([O-])C(=Cc3sc4ccccc4[n+]3CCCCCCC)C2=C(C#N)C#N)Sc2ccccc21,CCO,696.0,5.10720997,664.74854,5.3910294,662.4478,5.0710845,688.345,5.435454,684.6879,5.826148,687.8778,5.1911783,666.1027,5.411755,658.18884,5.1102295,638.94946,4.9383087,665.203,5.1235056,676.6387,5.101141
CCCCCCCN1C(=CC2=C([O-])C(=Cc3sc4ccccc4[n+]3CCCCCCC)C2=C(C#N)C#N)Sc2ccccc21,CN(C)C=O,696.0,5.136720567,660.3711,5.2370315,661.30347,5.0237284,688.14386,5.1816196,689.1642,5.1502423,689.6485,5.1565714,669.2354,5.3606834,661.27264,5.12363,640.3928,4.9243917,669.50037,5.1161895,683.6805,5.1197767
Cc1cc(-c2ccc(N(c3ccccc3)c3ccccc3)cc2)c2nsnc2c1-c1ccc(N(c2ccccc2)c2ccccc2)cc1,ClCCl,432.0,3.968482949,458.71606,4.155945,463.11685,3.8494158,441.15814,3.9621866,442.9282,4.04161,444.01486,3.9799938,436.306,4.0204253,460.6235,3.9899664,492.55698,4.1583576,434.84787,4.0526204,425.66235,3.9265645
Cc1cc(-c2ccc(C(C)(C)C)cc2)c2nsnc2c1-c1ccc(N(c2ccccc2)c2ccccc2)cc1,ClCCl,402.0,3.866877814,435.2227,3.9796653,430.08835,3.8952959,441.0844,4.0138445,416.42462,3.969374,425.89114,3.981237,416.44156,3.940224,432.06433,3.9939783,462.62598,4.1355004,420.76456,3.9963374,416.36484,3.9248588
c1cc2ccc1CCCc1ccc(c3nsnc13)CCC2,C1CCCCC1,378.0,3.16,403.34647,3.223298,394.13293,3.2213218,408.26663,3.1589062,399.207,3.2537751,401.92126,3.0993528,383.33258,3.3010216,396.9413,3.0137107,412.5534,3.2217336,399.38626,3.3324718,406.41806,3.1720514
c1cc2ccc1CCCc1ccc(c3nsnc13)CCC2,ClC(Cl)Cl,384.0,3.16,402.52856,3.2326555,392.67978,3.190988,404.97833,3.2219214,406.88214,3.062665,402.05612,3.183702,394.5329,3.3246453,397.99356,3.005063,406.23822,3.3055162,403.90833,3.3050082,403.57324,3.0695386
c1cc2ccc1CCCc1ccc(c3nsnc13)CCC2,CC#N,384.0,3.12,403.38535,3.3033547,395.1685,3.2653658,412.6822,3.176258,398.9638,3.1871834,407.15918,3.0806491,388.88892,3.226313,402.46872,3.0600877,407.72504,3.2621098,406.08728,3.2088945,407.31256,3.1424432
CN(C)c1cc(-c2ccccc2)cc2ccccc12,ClCCl,318.0,4.764176132,283.74847,4.7307067,297.32526,4.8267965,274.9143,4.5997467,297.84357,4.9471307,291.01898,4.7413483,301.6527,5.003442,301.79083,4.862229,312.21283,4.5159826,301.9566,4.7251096,283.98993,4.6953483
CN(C)c1ccc(C#Cc2ccc(-c3cc(N(C)C)c4ccccc4c3)cc2)cc1,ClCCl,352.0,5.123851641,318.51807,4.8902845,333.81436,4.763755,332.12872,4.7165775,340.148,4.8179274,333.6734,4.9030085,327.1433,4.978979,329.6433,4.776552,348.54895,4.808343,338.43683,4.921866,324.68832,4.903797
CN(C)c1ccc(C#Cc2ccc3c(N(C)C)cc(-c4ccccc4)cc3c2)cc1,ClCCl,341.0,5.195899652,325.94458,4.801298,343.8882,4.7108326,327.1844,4.533807,344.96887,4.7684426,334.5946,4.8379745,338.39203,4.9032836,333.29242,4.666201,361.29242,4.6595836,346.1227,4.7459373,333.05783,4.7909546
Cc1cccc2cc(C)c3c4ccccc4[nH]c3c12,ClCCl,296.0,4.25,294.1128,4.3196697,310.45667,4.315642,307.46674,4.193492,300.27182,4.2657323,285.3242,4.3675885,287.02103,4.5602355,300.66357,4.537876,329.91434,4.3230853,314.16113,4.365536,328.87476,4.3149395
Cc1cc2ccccc2c2c1c1ccccc1n2C,ClCCl,300.0,4.31,314.5528,4.376459,328.76147,4.4301367,298.0494,4.4055576,318.97174,4.4186277,311.09015,4.3832574,334.41293,4.111042,321.75244,4.3538127,328.20178,4.3973947,318.73923,4.3356524,314.23486,4.5057664
Cc1cc2ccccc2c2c1c1ccccc1n2-c1ccccc1,ClCCl,303.0,4.37,319.45435,4.132252,318.27005,4.2514777,301.2351,4.3397107,314.08118,4.2814393,316.32446,4.1753197,303.9411,4.233237,320.5315,4.4061236,331.1153,4.206181,328.827,4.154202,328.55783,4.1774974
Cc1cc2ccccc2c2c1c1ccccc1n2-c1ccc(N(c2ccccc2)c2ccccc2)cc1,ClCCl,304.0,4.61,347.9745,4.5106964,336.3261,4.382021,331.58978,4.478571,343.3878,4.5850196,343.51807,4.515233,326.2917,4.4313364,348.91745,4.5863395,373.49454,4.462203,347.22638,4.4781837,354.8567,4.4737477
Cc1c(C)c2c3ccccc3[nH]c2c2ccccc12,ClCCl,302.0,4.38,307.5876,4.430029,322.4483,4.3483124,305.23035,4.2064295,320.26126,4.27122,328.28238,4.263711,306.0934,4.2045746,319.16016,4.447968,339.509,4.3429937,329.34216,4.0852323,325.0829,4.257051
CCCCCc1c(C)c2c3ccccc3[nH]c2c2ccccc12,ClCCl,302.0,4.37,314.3722,4.456085,324.34653,4.38786,315.65097,4.316463,324.5151,4.2585053,327.55713,4.2440414,313.48376,4.2348804,325.46524,4.4073906,340.6623,4.3539233,331.06992,4.352554,327.38916,4.3025155
Cc1cc2cc(C)c3c4ccccc4[nH]c3c2s1,ClCCl,312.0,4.38,294.61523,4.1530905,302.06268,4.3187184,305.17603,4.1400785,310.03918,4.2389164,277.23444,4.1379814,300.25464,4.4724,322.41794,4.391677,347.23257,4.293293,323.67215,4.2762227,312.65698,4.2547183
Cc1cc2cc(C)c3c4ccccc4[nH]c3c2o1,ClCCl,302.0,4.32,292.82806,4.1294336,293.43396,4.3920846,292.58517,4.143322,304.47192,4.2285447,280.5545,4.0888157,293.16742,4.456362,310.4218,4.508327,326.32788,4.393929,317.2543,4.3656244,324.80667,4.2099323
Cc1cc2c3ccccc3[nH]c2c2[nH]c3ccccc3c12,ClCCl,323.0,4.54,341.92648,4.5328145,337.56836,4.4990153,348.9141,4.5223517,332.82996,4.522549,326.73285,4.3140707,332.40753,4.649652,325.29343,4.8183784,354.27698,4.4690075,333.146,4.599376,347.89777,4.5271873
Cc1cc2sccc2c2[nH]c3ccccc3c12,ClCCl,290.0,4.41,304.90594,4.3446307,303.1454,4.2735543,321.7562,4.3194637,315.7307,4.2866325,319.26663,4.122418,313.70587,4.4612775,320.47574,4.5597277,336.61002,4.4079504,322.20392,4.3364286,320.72614,4.3489156
C(S/C=C/c1ccc(/C=C/SC=C2CCCCC2)cc1)=C1CCCCC1,ClCCl,350.0,4.636487896,360.93497,4.575292,348.46075,4.6303053,345.77277,4.4168077,350.04742,4.711855,343.93933,4.5445576,341.84756,4.6559415,356.12363,4.712609,352.21127,4.503982,353.26416,4.633679,351.27524,4.6302094
C(S/C=C/c1ccc(/C=C/SC=C2CCCCCCC2)cc1)=C1CCCCCCC1,ClCCl,355.0,3.908485019,350.9452,4.3228874,343.50333,4.4127717,354.9367,4.2742763,358.06195,4.332006,342.41147,4.419617,351.39206,4.297284,356.75113,4.4055552,351.29288,4.451776,342.12964,4.4827228,353.7846,4.3194957
CC1CCC(=CS/C=C/c2ccc(/C=C/SC=C3CCC(C)CC3)cc2)CC1,ClCCl,350.0,4.697229343,358.32446,4.44643,342.13324,4.5344505,355.57184,4.44215,371.64288,4.6416345,347.9871,4.45382,361.07303,4.4012423,364.1707,4.605469,359.43253,4.575296,360.80493,4.5808024,361.8963,4.4468346
CC1CCC(=CS/C=C/c2ccc(-c3ccc(/C=C/SC=C4CCC(C)CC4)cc3)cc2)CC1,ClCCl,353.0,4.803457116,364.54517,4.452527,343.48566,4.6779037,362.13123,4.5537443,374.565,4.685954,352.7306,4.550242,360.91913,4.5685425,364.08008,4.730692,365.86612,4.7260265,365.51132,4.6331086,360.7432,4.6271687
CC(C)(C)C1CCC(=CS/C=C/c2ccc(-c3ccc(/C=C/SC=C4CCC(C(C)(C)C)CC4)cc3)cc2)CC1,ClCCl,350.0,4.574031268,359.1822,4.452843,346.5053,4.56471,365.90198,4.5333867,376.1579,4.788408,350.19934,4.5372343,352.94516,4.5835114,359.60587,4.63828,375.8968,4.7267327,381.97723,4.6382866,350.2877,4.6284456
O=P12n3c4c5ccccc5c3/N=C3\N=C(/N=c5/c6ccccc6c(n51)=c1c5ccccc5c(n12)=N4)c1ccccc13,CN(C)C=O,654.0,4.2,639.7635,5.0523834,651.27673,5.0826325,593.479,5.0125017,641.3509,5.036917,641.21545,5.142226,601.3329,4.8829393,679.4388,5.148537,657.09033,5.188331,606.49963,5.032592,612.06354,5.308136
CCN(CC)c1ccc2cc(/C=C(\C#N)c3nc4ccccc4o3)c(=O)oc2c1,CC#N,510.0,4.572232464,490.29996,4.5459433,491.10956,4.4513044,495.99597,4.523272,491.99765,4.518665,503.88147,4.567116,499.1471,4.6496253,483.79996,4.603685,501.57416,4.703169,500.10623,4.6200247,518.1424,4.5458946
CCN(CC)c1ccc2cc(/C=C(\C#N)c3nc4ccccc4o3)c(=O)oc2c1,ClCCl,511.0,4.731588765,484.7696,4.669159,503.3897,4.4664164,496.28015,4.663097,495.67957,4.6532755,519.084,4.547504,496.34644,4.659061,477.59924,4.600661,505.84683,4.708827,501.52682,4.663313,527.3029,4.6009502
CCN(CC)c1ccc2cc(/C=C(\C#N)c3nc4ccccc4o3)c(=O)oc2c1,C1COCCO1,497.0,4.483087821,467.187,4.5963826,491.51276,4.420887,480.68768,4.604609,482.7201,4.6166034,503.31302,4.5673194,479.43396,4.6266074,471.6902,4.5267167,502.36554,4.6960177,489.80768,4.611408,506.30038,4.572092
CCN(CC)c1ccc2cc(/C=C(\C#N)c3nc4ccccc4o3)c(=O)oc2c1,CN(C)C=O,529.0,4.610766595,496.1161,4.6330175,504.52948,4.407382,508.82404,4.586089,522.6883,4.6612635,513.9907,4.533527,497.76093,4.5953054,492.0108,4.5559773,509.24963,4.6838775,501.343,4.6283426,529.28973,4.525615
CCN(CC)c1ccc2cc(/C=C(\C#N)c3nc4ccccc4o3)c(=O)oc2c1,CS(C)=O,519.0,4.563184335,497.9685,4.582311,504.1136,4.4515767,504.1662,4.5205593,513.22363,4.6089377,520.13605,4.4965634,502.18488,4.6364145,487.7266,4.5076203,509.05615,4.675017,506.4814,4.61782,525.3784,4.5511622
CCN(CC)c1ccc2cc(/C=C(\C#N)c3nc4ccccc4o3)c(=O)oc2c1,CCOC(C)=O,506.0,4.529943402,470.7926,4.542593,484.60797,4.3894773,478.27417,4.525326,492.37375,4.5235615,503.6664,4.5285506,485.6842,4.5741653,474.5063,4.5823693,496.71756,4.710938,490.32724,4.5614533,509.2804,4.515455
CCN(CC)c1ccc2cc(/C=C(\C#N)c3nc4ccccc4o3)c(=O)oc2c1,CCO,516.0,4.509740016,489.1831,4.6122336,496.98303,4.3323407,508.53705,4.5856633,498.1007,4.512108,528.4754,4.4771547,499.03195,4.5600157,482.30533,4.5354705,505.8681,4.684969,501.06677,4.586068,526.1801,4.5402884
CCN(CC)c1ccc2cc(/C=C(\C#N)c3nc4ccccc4o3)c(=O)oc2c1,CO,509.0,4.411535532,491.18585,4.6470504,492.54315,4.2989526,500.3087,4.5762644,491.59824,4.4981737,532.93005,4.362534,497.81018,4.5399375,480.67206,4.4418654,507.8289,4.6423235,510.78302,4.5678387,525.26337,4.588872
CCN(CC)c1ccc2cc(/C=C(\C#N)c3nc4ccccc4o3)c(=O)oc2c1,Cc1ccccc1,500.0,4.534850736,472.8768,4.5109854,485.53897,4.3248954,477.2299,4.5029798,481.45352,4.472066,509.78302,4.518338,485.79797,4.6045628,477.78387,4.5428004,506.73813,4.7167773,495.8896,4.6198244,521.19916,4.607828
CCN(CC)c1ccc2c(C#N)c(/C=C(\C#N)c3nc4ccccc4o3)c(=O)oc2c1,CC#N,602.0,4.112336836,565.47,4.475775,556.71014,4.4425135,574.02893,4.435028,531.63495,4.439912,561.68713,4.462232,549.1118,4.492341,549.7389,4.3833756,550.50287,4.552837,558.49023,4.51736,568.94006,4.4695725
CCN(CC)c1ccc2c(C#N)c(/C=C(\C#N)c3nc4ccccc4o3)c(=O)oc2c1,ClCCl,611.0,4.247285703,577.2697,4.5091596,571.1261,4.426527,587.6667,4.4908686,545.9614,4.404475,581.82605,4.4268126,553.3391,4.5096655,555.7643,4.330018,555.961,4.543304,563.7867,4.52467,583.7228,4.4708056
CCN(CC)c1ccc2c(C#N)c(/C=C(\C#N)c3nc4ccccc4o3)c(=O)oc2c1,C1COCCO1,563.0,4.201615582,544.70844,4.4191484,559.3424,4.4287434,547.9593,4.485709,537.17676,4.491855,566.1741,4.461475,533.1305,4.5011888,545.0503,4.305493,552.1034,4.5632677,550.61914,4.5042973,568.41113,4.4244537
CCN(CC)c1ccc2c(C#N)c(/C=C(\C#N)c3nc4ccccc4o3)c(=O)oc2c1,CN(C)C=O,594.0,4.034187121,577.9004,4.4951067,572.3731,4.415676,577.17444,4.4582844,520.46747,4.4217606,569.4825,4.439262,545.9121,4.4620957,554.1096,4.325606,553.7676,4.524894,558.34125,4.5245905,579.3872,4.4285884
CCN(CC)c1ccc2c(C#N)c(/C=C(\C#N)c3nc4ccccc4o3)c(=O)oc2c1,CS(C)=O,585.0,3.968809714,582.7331,4.405308,568.3392,4.421978,551.0031,4.356713,527.2817,4.329275,574.0406,4.410139,549.6036,4.4799733,554.0571,4.2815676,554.9589,4.5236044,562.8285,4.479595,569.0074,4.462535
CCN(CC)c1ccc2c(C#N)c(/C=C(\C#N)c3nc4ccccc4o3)c(=O)oc2c1,CCOC(C)=O,573.0,4.287039928,554.4776,4.4269032,555.6632,4.4074087,556.97943,4.374361,552.9459,4.31392,567.32007,4.4209,539.7455,4.468152,543.1006,4.331457,545.11957,4.570748,552.1235,4.4773645,569.20404,4.415828
CCN(CC)c1ccc2c(C#N)c(/C=C(\C#N)c3nc4ccccc4o3)c(=O)oc2c1,CCO,607.0,4.101334573,573.0972,4.4472013,566.85864,4.3483315,587.2975,4.4593673,578.4407,4.427913,581.3432,4.4014463,556.8926,4.424041,554.79956,4.276224,554.3926,4.5275507,563.6781,4.479702,578.51447,4.4236073
CCN(CC)c1ccc2c(C#N)c(/C=C(\C#N)c3nc4ccccc4o3)c(=O)oc2c1,CO,599.0,4.02796086,571.5113,4.5062385,564.22046,4.32751,577.0078,4.452209,563.6172,4.487244,582.777,4.360321,556.42706,4.450903,557.1665,4.2504,556.27527,4.5105004,574.42615,4.475668,577.577,4.455713
CCN(CC)c1ccc2c(C#N)c(/C=C(\C#N)c3nc4ccccc4o3)c(=O)oc2c1,Cc1ccccc1,561.0,4.11657454,554.6686,4.4460196,555.6107,4.3025274,550.2787,4.4326243,544.8923,4.4310727,575.3556,4.4247084,542.75073,4.485717,553.49884,4.300055,557.1852,4.5473976,556.7362,4.5092835,579.114,4.5151734
Cc1ccc(C2=C3C=C(I)C=[N+]3[B-](F)(F)n3cccc32)cc1,C1CCCCC1,523.5,4.342422681,548.075,4.568597,530.15607,4.6262145,533.63007,4.5427947,541.5102,4.75736,544.3966,4.67878,544.1424,4.6395864,542.15436,4.5262804,536.7974,4.52623,528.6362,4.512946,530.1048,4.632143
Cc1ccc(C2=C3C=C(I)C=[N+]3[B-](F)(F)n3cccc32)cc1,CCOC(C)=O,517.0,4.278753601,543.2802,4.5004587,522.3258,4.5434594,528.4464,4.4667406,533.6683,4.6841283,533.23785,4.54958,541.4397,4.541104,536.6027,4.4396157,530.4078,4.526288,523.24207,4.414694,525.5616,4.5107517
Cc1ccc(C2=C3C=C(I)C=[N+]3[B-](F)(F)n3cccc32)cc1,CC#N,516.5,4.278753601,543.7616,4.515967,526.29016,4.5651484,528.42633,4.5092287,531.5891,4.672064,529.63763,4.5759478,537.35675,4.5486875,537.52856,4.460858,532.1734,4.4815226,520.5397,4.4578896,520.46173,4.5678806
Cc1ccc(C2=C3C=C(I)C=[N+]3[B-](F)(F)n3cccc32)cc1,CCO,518.0,4.255272505,547.68677,4.4375935,525.8634,4.533717,528.5733,4.5169163,535.61145,4.7485394,533.7992,4.5890326,543.2334,4.5150642,540.96204,4.436512,533.0156,4.483942,524.0896,4.4858346,528.9547,4.5274463
Cc1ccc(C2=C3C=C(I)C=[N+]3[B-](F)(F)n3cccc32)cc1,CO,516.5,4.230448921,550.73047,4.501437,523.6651,4.5446,530.40894,4.552478,531.8011,4.7636313,532.99097,4.575539,543.7238,4.5190554,541.5889,4.435732,530.4191,4.4701433,524.77985,4.513823,525.83496,4.5611043
Cc1ccc(C2=C3C=C(I)C=[N+]3[B-](F)(F)n3cccc32)cc1,OCC(F)(F)F,513.0,4.230448921,539.9417,4.436359,521.43005,4.47243,524.98096,4.472607,528.7607,4.6856055,526.1175,4.5009804,534.47424,4.494826,536.1297,4.3891697,528.81146,4.4515595,517.505,4.359921,520.3924,4.5150733
Cc1ccc(C2=C3C=C(I)C=[N+]3[B-](F)(F)n3cc(I)cc32)cc1,C1CCCCC1,548.5,4.633468456,554.3867,4.5601997,542.0476,4.5912724,554.6971,4.4809184,559.49884,4.6539965,563.6653,4.6405787,553.2457,4.5998087,559.1291,4.5050573,559.2678,4.4496684,538.845,4.5219135,538.91364,4.5919676
Cc1ccc(C2=C3C=C(I)C=[N+]3[B-](F)(F)n3cc(I)cc32)cc1,CCOC(C)=O,542.0,4.568201724,549.36615,4.5022283,533.776,4.5025783,553.30884,4.467698,552.1411,4.593668,555.14264,4.511165,550.8225,4.512499,553.75116,4.4260206,551.998,4.461293,535.1077,4.4549003,534.42444,4.499641
Cc1ccc(C2=C3C=C(I)C=[N+]3[B-](F)(F)n3cc(I)cc32)cc1,CC#N,542.0,4.531478917,547.7436,4.5375414,538.2732,4.527686,549.604,4.507696,546.3976,4.5846157,549.97144,4.5350685,545.9055,4.5159783,556.13086,4.4482656,554.53455,4.407844,531.46814,4.4832535,529.92755,4.5463457
Cc1ccc(C2=C3C=C(I)C=[N+]3[B-](F)(F)n3cc(I)cc32)cc1,CCO,544.0,4.556302501,553.61084,4.461103,537.40204,4.489297,550.8211,4.4618945,555.89453,4.667474,553.2173,4.557571,552.61615,4.480659,560.4236,4.418413,556.13214,4.410326,536.2631,4.525591,538.3775,4.4987655
Cc1ccc(C2=C3C=C(I)C=[N+]3[B-](F)(F)n3cc(I)cc32)cc1,CO,542.0,4.544068044,556.3331,4.51274,534.4386,4.5055823,552.0869,4.5055504,550.58435,4.713045,550.92896,4.5521364,554.0897,4.479145,560.4085,4.4344625,554.9666,4.405525,535.7186,4.5638924,535.5524,4.525591
Cc1ccc(C2=C3C=C(I)C=[N+]3[B-](F)(F)n3cc(I)cc32)cc1,OCC(F)(F)F,539.0,4.531478917,546.8013,4.445474,532.6147,4.430273,548.38055,4.434977,545.3778,4.5988173,548.31946,4.4610806,544.5741,4.460689,556.40936,4.382481,551.23456,4.383872,529.1228,4.417294,530.2375,4.510258
CCC1=C(C)C2=C(C)c3cc(I)c(I)n3[B-](F)(F)[N+]2=C1C,C1CCCCC1,532.0,4.991226076,533.2989,4.7511444,526.8816,4.7178698,526.06793,4.792026,545.48224,4.7046766,532.9602,4.7112675,537.7502,4.7986836,531.9642,4.6911173,526.37256,4.580179,532.94995,4.784684,527.5261,4.729901
CCC1=C(C)C2=C(C)c3cc(I)c(I)n3[B-](F)(F)[N+]2=C1C,CCOC(C)=O,518.5,4.806179974,523.823,4.5730605,519.75635,4.5894103,515.8002,4.6175213,528.80347,4.548226,518.53174,4.5276933,531.8158,4.678034,522.8813,4.581264,520.17285,4.571499,520.26184,4.6516056,520.38477,4.607036
CCC1=C(C)C2=C(C)c3cc(I)c(I)n3[B-](F)(F)[N+]2=C1C,CC(C)=O,515.5,4.763427994,520.2227,4.513291,513.4341,4.5587015,512.92676,4.61722,525.98865,4.5068884,515.5674,4.530267,528.65857,4.648878,522.1831,4.5933065,522.75397,4.5229173,519.6218,4.6715894,518.38855,4.601643
CCC1=C(C)C2=C(C)c3cc(I)c(I)n3[B-](F)(F)[N+]2=C1C,CCO,520.0,4.806179974,522.35706,4.509733,518.0959,4.5607624,518.4196,4.6595078,529.7036,4.526903,520.4746,4.5594287,528.5897,4.638436,519.2344,4.554451,521.2409,4.5424833,516.00824,4.6576347,522.231,4.595291
CCC1=C(C)C2=C(C)c3cc(I)c(I)n3[B-](F)(F)[N+]2=C1C,CO,518.0,4.785329835,522.7677,4.533556,514.6492,4.5612836,519.0808,4.6754074,526.6593,4.5077696,523.1514,4.5425086,529.77527,4.6498933,525.127,4.5136433,521.918,4.5308666,518.3685,4.600426,521.7512,4.6164985
CCC1=C(C)C2=C(C)c3cc(I)c(I)n3[B-](F)(F)[N+]2=C1C,OCC(F)(F)F,511.5,4.681241237,512.9063,4.4435244,510.18994,4.487634,511.22208,4.5715966,519.72186,4.3955636,511.03333,4.4567833,523.6378,4.6228642,516.9595,4.5242863,518.15155,4.502907,513.36,4.6107836,515.18396,4.541548
CCOC(=O)C1=C(N)n2c(=O)c3ccccc3c(=O)n2C1c1ccc([N+](=O)[O-])cc1,CS(C)=O,358.0,4.350248018,361.27985,4.248185,367.788,4.1927094,366.47864,4.35714,365.10397,4.1996164,367.98264,4.280933,360.17993,4.2083163,359.24234,4.3979983,357.02124,4.4667134,367.8111,4.298514,377.96942,4.226015
CCC1(CC)c2cc(B(c3c(C)cc(C)cc3C)c3c(C)cc(C)cc3C)ccc2-c2ccc(N(c3ccccc3)c3ccc4c(c3)C(CC)(CC)c3cc(B(c5c(C)cc(C)cc5C)c5c(C)cc(C)cc5C)ccc3-4)cc21,CCCCCC,422.0,4.872738827,382.16278,4.796575,373.3992,4.966853,389.31888,4.710395,397.2735,4.7465267,374.19135,4.9678574,387.74786,4.9247465,380.43375,4.927129,366.10898,5.074388,385.91632,4.8363676,390.73297,4.641334
CCC1(CC)c2cc(B(c3c(C)cc(C)cc3C)c3c(C)cc(C)cc3C)ccc2-c2ccc(N(c3ccccc3)c3ccc4c(c3)C(CC)(CC)c3cc(B(c5c(C)cc(C)cc5C)c5c(C)cc(C)cc5C)ccc3-4)cc21,Cc1ccccc1,424.0,4.808885867,381.0535,4.9057994,376.3919,5.066917,394.0323,4.7619762,391.5229,4.6841073,375.90262,5.0882654,381.50482,4.9739947,377.7524,5.037712,374.25513,4.9988637,383.00168,4.8371935,381.7812,4.822319
CCC1(CC)c2cc(B(c3c(C)cc(C)cc3C)c3c(C)cc(C)cc3C)ccc2-c2ccc(N(c3ccccc3)c3ccc4c(c3)C(CC)(CC)c3cc(B(c5c(C)cc(C)cc5C)c5c(C)cc(C)cc5C)ccc3-4)cc21,ClC(Cl)Cl,422.0,4.783188691,383.89038,4.6808743,387.34406,5.0288143,398.73056,4.721629,397.11337,4.754788,378.22372,4.9968076,392.8254,4.894303,384.92072,4.9182982,373.32623,5.017415,404.33835,4.8270354,393.40146,4.715546
CCC1(CC)c2cc(B(c3c(C)cc(C)cc3C)c3c(C)cc(C)cc3C)ccc2-c2ccc(N(c3ccccc3)c3ccc4c(c3)C(CC)(CC)c3cc(B(c5c(C)cc(C)cc5C)c5c(C)cc(C)cc5C)ccc3-4)cc21,C1CCOC1,422.0,4.811575006,377.70883,4.835659,380.40604,4.984758,387.08612,4.7773175,388.78137,4.764846,374.26126,5.0091734,387.9739,4.9625273,374.7654,4.931587,368.5684,5.015492,386.43204,4.827361,378.95773,4.69243
CCC1(CC)c2cc(B(c3c(C)cc(C)cc3C)c3c(C)cc(C)cc3C)ccc2-c2ccc(N(c3ccccc3)c3ccc4c(c3)C(CC)(CC)c3cc(B(c5c(C)cc(C)cc5C)c5c(C)cc(C)cc5C)ccc3-4)cc21,CC(C)=O,418.0,4.812913357,388.66556,4.779992,379.1087,5.0081186,395.47025,4.672226,392.50272,4.7426133,372.8731,5.0179067,389.37674,4.9119477,372.88953,4.9306993,371.94247,4.9938793,386.25006,4.8323274,387.26834,4.693349
CCC1(CC)c2cc(B(c3c(C)cc(C)cc3C)c3c(C)cc(C)cc3C)ccc2-c2ccc(N(c3ccccc3)c3ccc4c(c3)C(CC)(CC)c3cc(B(c5c(C)cc(C)cc5C)c5c(C)cc(C)cc5C)ccc3-4)cc21,CN(C)C=O,422.0,4.766412847,375.41864,4.847817,373.08868,4.9682245,387.30292,4.7778387,378.01773,4.733983,375.9053,4.997723,381.849,4.833329,389.84387,4.9821157,373.0279,4.9966273,382.11914,4.7949657,384.5403,4.653924
CCC1(CC)c2cc(B(c3c(C)cc(C)cc3C)c3c(C)cc(C)cc3C)ccc2-c2ccc(N(c3ccccc3)c3ccc4c(c3)C(CC)(CC)c3cc(B(c5c(C)cc(C)cc5C)c5c(C)cc(C)cc5C)ccc3-4)cc21,CC#N,417.0,4.782472624,366.93445,4.6794243,378.49707,4.994889,378.92267,4.7473283,376.52505,4.679361,370.4085,4.9987106,390.25076,4.99432,375.92493,4.9096184,366.42032,5.032227,385.4621,4.830552,387.58173,4.7068005
COc1c(C)c2c(c(C)c1Cl)Oc1c(C=O)c(O)c(Cl)c(C)c1C(=O)O2,ClC(Cl)Cl,342.0,3.523746467,342.05826,3.195327,393.77975,4.229846,372.67737,3.9338255,358.49146,3.4649253,406.87848,4.208151,346.69977,3.2080293,363.7892,3.6065698,358.8806,3.4303143,385.56384,3.0412467,338.51965,3.729949
N#C/C(=C\c1cn(-c2ccccc2)nc1-c1ccc([N+](=O)[O-])cc1)c1nc2ccccc2s1,Cc1ccccc1,383.0,4.118628415,386.37048,4.4862337,377.07758,4.2624736,374.8117,4.388017,410.22577,4.020369,384.17502,4.0635247,403.60376,3.9731274,391.66928,4.500382,380.28754,4.132289,405.53903,4.4429226,382.9789,3.6844447
N#C/C(=C\c1cn(-c2ccccc2)nc1-c1ccc([N+](=O)[O-])cc1)c1nc2ccccc2s1,C1COCCO1,379.0,4.323293361,383.01572,4.441607,365.09912,4.4028997,368.12927,4.536756,412.1958,4.434024,380.16873,4.3032327,402.76233,4.2670126,386.1917,4.58102,382.28378,4.29661,411.2741,4.4036446,383.52112,4.0857663
N#C/C(=C\c1cn(-c2ccccc2)nc1-c1ccc([N+](=O)[O-])cc1)c1nc2ccccc2s1,C1CCOC1,378.0,4.375407533,384.2506,4.4964,363.96368,4.4384727,367.86298,4.457655,411.96002,4.238058,380.43536,4.23184,402.04755,4.0943995,383.9652,4.568163,379.10083,4.2386007,408.12195,4.4048676,376.1277,4.060277
N#C/C(=C\c1cn(-c2ccccc2)nc1-c1ccc([N+](=O)[O-])cc1)c1nc2ccccc2s1,ClC(Cl)Cl,382.0,4.505814483,387.10672,4.330382,368.24557,4.2195263,375.80798,4.3950176,417.68884,4.170136,385.87296,4.1103783,403.403,3.9201388,386.2931,4.412525,375.37347,4.1643267,404.7642,4.4272156,379.51913,3.8527608
N#C/C(=C\c1cn(-c2ccccc2)nc1-c1ccc([N+](=O)[O-])cc1)c1nc2ccccc2s1,CCOC(C)=O,375.0,4.54696195,377.38574,4.3682175,364.2828,4.4258523,371.67517,4.531849,411.3722,4.3628645,378.71857,4.194204,400.14413,3.7896008,382.0202,4.564609,377.7965,4.3225904,402.23404,4.408513,374.4694,3.9397829
N#C/C(=C\c1cn(-c2ccccc2)nc1-c1ccc([N+](=O)[O-])cc1)c1nc2ccccc2s1,CN(C)C=O,376.0,4.386855529,377.43356,4.304477,368.53326,4.2744145,383.60464,4.339432,414.7847,4.3344283,389.6892,4.3362184,402.54507,4.303852,388.36252,4.519072,382.3574,4.211894,409.60815,4.515915,380.8815,4.004616
N#C/C(=C\c1cn(-c2ccccc2)nc1-c1ccc([N+](=O)[O-])cc1)c1nc2ccccc2s1,CS(C)=O,375.0,4.09509958,379.23465,4.1781554,380.41217,4.127154,377.27258,4.185279,420.42276,4.087541,396.05612,4.2824674,402.13168,4.01828,388.95093,4.507311,380.8429,4.224029,410.71448,4.326759,387.8952,4.0107713
CC1=NN(c2ccccc2)C(=O)/C1=C\c1cn(-c2ccccc2)nc1-c1ccc([N+](=O)[O-])cc1,Cc1ccccc1,364.0,4.435796604,363.35645,4.487287,370.13135,4.514487,374.16693,4.3767347,367.3708,4.4897766,373.3492,4.5284953,358.27887,4.4153676,381.93637,4.569114,362.50107,4.4665003,366.56302,4.4374776,389.04608,4.4265046
CC1=NN(c2ccccc2)C(=O)/C1=C\c1cn(-c2ccccc2)nc1-c1ccc([N+](=O)[O-])cc1,C1COCCO1,361.0,4.545554507,364.8856,4.4961886,358.6709,4.5237727,365.59265,4.453157,362.0509,4.496287,372.21097,4.537074,350.57117,4.537627,377.9195,4.591684,362.18707,4.5070596,366.65442,4.3053207,383.99573,4.5179367
CC1=NN(c2ccccc2)C(=O)/C1=C\c1cn(-c2ccccc2)nc1-c1ccc([N+](=O)[O-])cc1,C1CCOC1,343.0,4.57953209,360.76514,4.482475,359.02823,4.4805336,367.01938,4.370202,363.2672,4.550509,369.50668,4.541139,348.70258,4.457168,376.5958,4.5912147,361.59424,4.4955654,363.49512,4.245971,380.60147,4.4546313
CC1=NN(c2ccccc2)C(=O)/C1=C\c1cn(-c2ccccc2)nc1-c1ccc([N+](=O)[O-])cc1,ClC(Cl)Cl,363.0,4.627734441,358.975,4.5938234,361.2987,4.4816465,374.85776,4.3056245,370.71542,4.488402,370.45953,4.5636473,354.91397,4.426751,380.60217,4.548162,357.96237,4.463596,354.28976,4.335266,385.45703,4.467258
CC1=NN(c2ccccc2)C(=O)/C1=C\c1cn(-c2ccccc2)nc1-c1ccc([N+](=O)[O-])cc1,CCOC(C)=O,359.0,4.59247655,357.97302,4.4568934,360.61172,4.570984,366.584,4.514482,365.52463,4.693747,367.60944,4.534062,351.49805,4.5497556,376.14322,4.6228027,364.7674,4.5383706,362.19922,4.348532,380.3061,4.4264345
CC1=NN(c2ccccc2)C(=O)/C1=C\c1cn(-c2ccccc2)nc1-c1ccc([N+](=O)[O-])cc1,CO,360.0,4.525821952,351.75214,4.556174,357.30066,4.5489225,368.0456,4.5320854,350.62277,4.4548545,361.33667,4.500889,345.85284,4.5574603,375.1295,4.6050143,356.08405,4.4737964,353.136,4.525128,381.8609,4.514874
CC1=NN(c2ccccc2)C(=O)/C1=C\c1cn(-c2ccccc2)nc1-c1ccc([N+](=O)[O-])cc1,CCO,362.0,3.935809454,351.9067,4.4284086,360.24927,4.5474777,371.83398,4.5112224,360.9761,4.5594125,366.2403,4.530533,345.00986,4.4478087,374.56018,4.591664,357.54968,4.470232,357.3705,4.4213753,383.34628,4.45736
CC1=NN(c2ccccc2)C(=O)/C1=C\c1cn(-c2ccccc2)nc1-c1ccc([N+](=O)[O-])cc1,CN(C)C=O,361.0,4.587228147,345.1782,4.399376,358.9197,4.476438,370.51703,3.9899178,361.41144,4.4787345,370.81152,4.4999003,344.52875,4.2980347,380.29578,4.541607,365.72012,4.4424896,366.2449,4.342333,384.60745,4.2810397
CC1=NN(c2ccccc2)C(=O)/C1=C\c1cn(-c2ccccc2)nc1-c1ccc([N+](=O)[O-])cc1,CS(C)=O,364.0,4.643146588,356.72528,3.6363208,369.1859,3.7944396,376.02628,3.377812,366.2878,3.7302206,375.15176,4.488561,340.0522,4.010162,379.17386,4.5685196,365.48886,4.4337587,367.48022,4.181171,389.92126,3.9268944
N#CC(C#N)=C(/C=C/c1cn(-c2ccccc2)nc1-c1ccc([N+](=O)[O-])cc1)c1ccccc1,Cc1ccccc1,396.0,4.572185944,400.73807,4.4400573,402.51093,4.430431,394.5863,4.3287706,395.8112,4.3710895,400.1696,4.4048643,403.06873,4.4010334,409.7468,4.4171634,406.61835,4.4869003,410.8178,4.393531,402.87714,4.431538
N#CC(C#N)=C(/C=C/c1cn(-c2ccccc2)nc1-c1ccc([N+](=O)[O-])cc1)c1ccccc1,C1COCCO1,391.0,4.619625433,393.63947,4.54017,394.14227,4.631166,389.03085,4.3907385,398.9441,4.4256687,403.7464,4.4285245,398.36697,4.4985886,401.67743,4.504324,406.09024,4.519968,407.307,4.4797764,398.701,4.50719
N#CC(C#N)=C(/C=C/c1cn(-c2ccccc2)nc1-c1ccc([N+](=O)[O-])cc1)c1ccccc1,C1CCOC1,394.0,4.414689293,398.85748,4.4734945,397.13974,4.5978746,393.0412,4.390993,399.47247,4.381571,401.53027,4.4494615,398.69806,4.4758263,401.17172,4.4908066,405.87122,4.515569,406.72183,4.4523654,395.5336,4.4742956
N#CC(C#N)=C(/C=C/c1cn(-c2ccccc2)nc1-c1ccc([N+](=O)[O-])cc1)c1ccccc1,ClC(Cl)Cl,397.0,4.599708446,402.12796,4.554376,404.76837,4.5348854,399.16125,4.4224696,408.11633,4.397514,404.5369,4.473315,405.97238,4.4694953,414.31366,4.4858065,405.0769,4.4915347,404.53317,4.426894,404.81876,4.5098667
N#CC(C#N)=C(/C=C/c1cn(-c2ccccc2)nc1-c1ccc([N+](=O)[O-])cc1)c1ccccc1,CCOC(C)=O,390.0,4.640133464,396.01407,4.569896,393.45508,4.6056733,391.8675,4.4935026,398.0766,4.560388,399.1755,4.4768014,394.27084,4.5566297,401.84656,4.554996,407.15292,4.544121,403.27264,4.51937,393.1826,4.526265
N#CC(C#N)=C(/C=C/c1cn(-c2ccccc2)nc1-c1ccc([N+](=O)[O-])cc1)c1ccccc1,CO,391.0,4.683263231,389.3911,4.5736556,392.6398,4.5512123,385.35767,4.451355,385.94025,4.476593,393.68326,4.4445524,391.19983,4.5058594,400.808,4.5386796,398.96054,4.498378,393.87164,4.455648,393.2921,4.548496
N#CC(C#N)=C(/C=C/c1cn(-c2ccccc2)nc1-c1ccc([N+](=O)[O-])cc1)c1ccccc1,CCO,393.0,4.582631439,393.1108,4.54914,396.20416,4.5887322,388.26056,4.499111,393.26068,4.5234175,397.43216,4.458098,395.6833,4.5148854,407.11414,4.4866095,402.21405,4.4997783,400.91257,4.468396,394.2235,4.5211835
N#CC(C#N)=C(/C=C/c1cn(-c2ccccc2)nc1-c1ccc([N+](=O)[O-])cc1)c1ccccc1,CN(C)C=O,399.0,4.31122391,391.88464,4.483924,407.55023,4.511539,403.97763,4.405864,399.96716,4.5755434,408.64426,4.4357615,402.8137,4.4727826,415.94562,4.454609,410.70206,4.4748936,416.5059,4.484747,402.3723,4.5059824
N#CC(C#N)=C(/C=C/c1cn(-c2ccccc2)nc1-c1ccc([N+](=O)[O-])cc1)c1ccccc1,CS(C)=O,402.0,4.378506915,398.52042,4.523527,398.93396,4.417788,406.57037,4.53366,403.50818,4.543471,414.0292,4.4209914,402.23074,4.413806,410.4478,4.459038,407.99628,4.4655514,409.4655,4.3855276,400.8775,4.3569827
COc1cc(/C=C/C2=[O+][B-](F)(F)OC(/C=C/c3ccc(OS(=O)(=O)c4ccc(C)cc4)c(OC)c3)=C2)ccc1O,ClCCl,492.0,4.51851394,496.52698,5.169003,501.7161,4.8754864,483.36328,4.8503036,508.05255,5.0049925,489.5476,4.980077,483.37952,4.988771,493.6124,4.9669113,463.6252,4.9637904,489.83664,4.9124823,480.06958,4.8761806
COc1cc(/C=C/C2=CC(/C=C/c3ccc(OS(=O)(=O)c4ccc(C)cc4)c(OC)c3)=[O+][B-](F)(F)O2)ccc1OS(=O)(=O)c1ccc(C)cc1,ClCCl,460.1,4.531478917,502.6169,5.198822,501.4381,4.8701053,473.8417,4.814733,513.175,5.017218,492.3045,5.065459,479.35193,5.052411,490.23383,5.0003695,460.7993,4.949463,481.46515,4.9390945,479.3767,4.8569016
C#Cc1ccc2c(C)cc(=O)oc2c1,CCO,325.0,4.342422681,319.37607,3.9201343,319.5077,4.2081366,310.49188,4.0890975,319.03067,4.1199884,319.30548,4.111168,306.42047,4.024257,291.08768,4.2825284,320.9023,4.202479,326.49976,4.110925,315.37317,3.8377242
CCCCCCN1C(=O)c2cccc3c(-c4ccc(-c5cc(-c6ccc(Cl)cc6)nn5-c5ccccc5)s4)ccc(c23)C1=O,ClCCl,389.0,4.265,393.33325,4.375469,385.8958,4.4218764,388.65295,4.297552,384.4466,4.386736,381.62473,4.239393,383.675,4.31396,392.48923,4.41938,391.74274,4.355548,379.44022,4.3567266,386.79352,4.362881
CCCCCCN1C(=O)c2cccc3c(-c4ccc(-c5cc(-c6ccc(Cl)cc6)n(-c6ccccc6)n5)s4)ccc(c23)C1=O,ClCCl,402.0,4.522,397.03046,4.3371944,389.84512,4.464897,396.51443,4.501925,396.53714,4.5249367,391.85556,4.395917,387.017,4.3520937,393.57205,4.5072966,387.777,4.4062357,381.92657,4.4793916,389.34537,4.5094733
CCn1c2ccccc2c2cc(/C=C3\C(=O)c4ccccc4S3(=O)=O)ccc21,Cc1ccccc1,453.0,4.522548556,383.9265,4.6027513,369.4013,4.523372,382.78003,4.559831,380.95782,4.616161,390.33997,4.526722,378.35828,4.592905,391.01804,4.5990925,377.85022,4.4408174,392.57224,4.4281354,370.78998,4.5200047
CCn1c2ccccc2c2cc(/C=C3\C(=O)c4ccccc4S3(=O)=O)ccc21,ClC(Cl)Cl,454.0,4.658764793,380.42212,4.6552253,363.98764,4.5991044,383.02634,4.5642166,392.40057,4.567351,386.07233,4.55717,378.13074,4.6735497,392.71878,4.5890627,372.73727,4.444328,385.14563,4.4131055,369.9813,4.569718
CCn1c2ccccc2c2cc(/C=C3\C(=O)c4ccccc4S3(=O)=O)ccc21,ClCCl,448.0,4.694491127,385.10245,4.6815658,363.56393,4.648194,382.74976,4.60171,390.28397,4.6462507,386.08328,4.5718517,378.24478,4.7411094,391.43448,4.6959295,374.3136,4.468996,388.6882,4.4316373,362.81793,4.5933022
CCn1c2ccccc2c2cc(/C=C3\C(=O)c4ccccc4S3(=O)=O)ccc21,C1CCOC1,446.0,4.732827837,381.70993,4.58611,363.1878,4.632989,378.63712,4.5864086,387.571,4.597259,387.1073,4.5490503,372.684,4.6351447,387.74432,4.624713,377.923,4.4616923,389.7771,4.3831716,364.02734,4.557951
CCn1c2ccccc2c2cc(/C=C3\C(=O)c4ccccc4S3(=O)=O)ccc21,CC(C)=O,442.0,4.69665339,379.33353,4.6546493,362.1867,4.6039033,378.47797,4.49516,383.5947,4.624115,384.61063,4.5301194,370.29404,4.6338396,388.61896,4.6391935,378.12296,4.433094,389.09265,4.3860354,369.2932,4.614562
CCn1c2ccccc2c2cc(/C=C3\C(=O)c4ccccc4S3(=O)=O)ccc21,C1COCCO1,443.0,4.671635597,383.74704,4.5621486,364.23972,4.603666,376.77557,4.6221704,387.88696,4.576547,389.35846,4.525104,376.7726,4.65755,389.2822,4.599023,380.20422,4.4681535,392.52707,4.3928494,367.31314,4.5935574
CCn1c2ccccc2c2cc(/C=C3\C(=O)c4ccccc4S3(=O)=O)ccc21,CCOC(C)=O,441.0,4.703497726,377.3039,4.5632343,366.11853,4.599472,377.68768,4.592572,382.1855,4.623903,382.83527,4.5357842,374.36963,4.7125893,386.2016,4.694147,379.54803,4.509201,386.60757,4.435265,364.32925,4.549925
CCn1c2ccccc2c2cc(/C=C3\C(=O)c4ccccc4S3(=O)=O)ccc21,CN(C)C=O,449.0,4.015988105,374.23245,4.397404,364.83807,4.4468946,381.6569,4.4035854,385.40833,4.507881,391.48193,4.5067525,368.99255,4.5671787,390.55316,4.5369024,380.97513,4.424423,391.92896,4.39431,366.6311,4.440963
CCn1c2ccccc2c2cc(/C=C3\C(=O)c4ccccc4S3(=O)=O)ccc21,CS(C)=O,454.0,4.683443309,377.693,4.480252,362.3691,4.473594,389.7722,4.4262447,386.1009,4.562953,394.48166,4.4991894,363.04453,4.4071198,390.6625,4.6053257,379.9274,4.414164,395.9413,4.316974,366.5145,4.5408125
CCn1c2ccccc2c2cc(/C=C3\C(=O)c4ccccc4S3(=O)=O)ccc21,CC#N,442.0,4.645363311,380.00482,4.5336328,364.80682,4.626848,384.34293,4.623108,383.58838,4.5394564,384.874,4.5540032,372.27438,4.6515155,385.69543,4.6471605,375.2357,4.4720325,383.92932,4.4417043,364.3319,4.5041313
CCn1c2ccccc2c2cc(/C=C3\C(=O)c4ccccc4S3(=O)=O)ccc21,CO,446.0,4.667153981,379.89478,4.6870766,359.6387,4.534707,377.5843,4.559396,380.38095,4.577419,381.6644,4.5075045,369.10764,4.7557626,387.2329,4.6706123,376.04663,4.4686356,383.93384,4.5273094,363.88736,4.6036773
CN(c1ccccc1)c1ccc(/C=C2\C(=O)c3ccccc3S2(=O)=O)cc1,Cc1ccccc1,472.0,4.976684628,392.9609,4.580903,385.18008,4.4234705,402.46063,4.5913424,404.6014,4.6466503,412.43478,4.6099095,402.47952,4.532455,402.20114,4.566968,398.11264,4.449356,403.96603,4.592102,402.21722,4.625984
CN(c1ccccc1)c1ccc(/C=C2\C(=O)c3ccccc3S2(=O)=O)cc1,ClC(Cl)Cl,479.0,4.985107485,398.5784,4.474812,385.3993,4.394216,403.15454,4.5861406,408.37845,4.565696,416.54315,4.5960097,403.13773,4.57074,403.0366,4.5789413,397.57532,4.4494834,402.62238,4.486481,409.02127,4.558106
CN(c1ccccc1)c1ccc(/C=C2\C(=O)c3ccccc3S2(=O)=O)cc1,ClCCl,476.0,4.961174212,404.11197,4.5677595,382.16794,4.3871365,405.68503,4.623194,414.51837,4.6236887,418.38968,4.619573,405.73828,4.6345353,404.33728,4.6521573,395.79028,4.4716773,405.93716,4.547176,413.55005,4.6459475
CN(c1ccccc1)c1ccc(/C=C2\C(=O)c3ccccc3S2(=O)=O)cc1,C1CCOC1,468.0,4.950204155,402.72168,4.4634376,380.68805,4.3725185,399.97876,4.5373654,410.48605,4.5732436,418.1412,4.568282,400.4213,4.5297656,398.6617,4.578801,398.59448,4.460263,406.24408,4.466248,406.6094,4.595497
CN(c1ccccc1)c1ccc(/C=C2\C(=O)c3ccccc3S2(=O)=O)cc1,CC(C)=O,470.0,4.960137675,402.94003,4.585599,383.0489,4.4433913,400.59476,4.569896,413.58975,4.6643834,415.1728,4.5689273,401.007,4.5927024,400.72076,4.6044283,398.23563,4.4277678,404.55826,4.521962,409.88202,4.6700435
CN(c1ccccc1)c1ccc(/C=C2\C(=O)c3ccccc3S2(=O)=O)cc1,C1COCCO1,466.0,4.935285528,403.86023,4.400261,381.59348,4.3433065,396.2472,4.555009,411.33145,4.5201683,415.69467,4.506339,399.20105,4.5542035,397.1709,4.537825,400.15854,4.472512,405.38126,4.4518743,407.30917,4.566511
CN(c1ccccc1)c1ccc(/C=C2\C(=O)c3ccccc3S2(=O)=O)cc1,CCOC(C)=O,465.0,4.951322945,397.00525,4.4763436,380.7978,4.373653,394.48944,4.5316186,410.8551,4.5562963,413.72046,4.563322,396.3814,4.590438,394.06506,4.616896,397.90335,4.503679,401.73245,4.502518,404.58038,4.5828404
CN(c1ccccc1)c1ccc(/C=C2\C(=O)c3ccccc3S2(=O)=O)cc1,CN(C)C=O,478.0,4.731846526,387.60242,4.3754525,385.86224,4.248716,410.37814,4.4959745,406.5415,4.525576,422.01688,4.538739,397.8781,4.5192494,404.5676,4.5311365,403.11697,4.43132,401.8442,4.452637,406.28555,4.4842124
CN(c1ccccc1)c1ccc(/C=C2\C(=O)c3ccccc3S2(=O)=O)cc1,CS(C)=O,483.0,4.94019762,393.94858,4.4703007,389.32855,4.1644154,413.76352,4.554897,410.31003,4.6093583,420.96393,4.510287,395.6826,4.400591,402.91104,4.576115,400.42938,4.411899,410.15225,4.473759,411.16782,4.5240493
CN(c1ccccc1)c1ccc(/C=C2\C(=O)c3ccccc3S2(=O)=O)cc1,CC#N,471.0,4.935890002,399.8793,4.4604278,388.58984,4.4149847,406.40485,4.6902905,411.69183,4.596735,417.2962,4.623665,397.13864,4.5876746,398.46808,4.6340833,394.12466,4.482576,400.94888,4.55036,408.37747,4.5710573
CN(c1ccccc1)c1ccc(/C=C2\C(=O)c3ccccc3S2(=O)=O)cc1,CO,475.0,4.780979412,403.47623,4.536192,384.82443,4.428735,406.463,4.6621842,411.21664,4.6524467,417.4922,4.6482596,397.04022,4.7307286,398.43518,4.6500206,396.69107,4.46881,403.66064,4.6118784,411.19873,4.6540947
O=C1/C(=C\c2ccc(N(c3ccccc3)c3ccccc3)cc2)S(=O)(=O)c2ccccc21,Cc1ccccc1,485.0,4.770247996,415.23468,4.5866547,404.4869,4.5125823,427.47476,4.6625395,422.69806,4.5680575,428.72113,4.669758,415.62543,4.6355863,417.96713,4.646107,413.26746,4.5712256,415.14978,4.647247,412.49683,4.6602335
O=C1/C(=C\c2ccc(N(c3ccccc3)c3ccccc3)cc2)S(=O)(=O)c2ccccc21,ClC(Cl)Cl,491.0,4.766234333,424.42984,4.473024,409.25998,4.4436755,430.79074,4.66157,418.40002,4.504991,431.83456,4.6616,425.67465,4.6786075,427.41394,4.6104617,414.84204,4.57772,423.91516,4.5465536,419.06024,4.593867
O=C1/C(=C\c2ccc(N(c3ccccc3)c3ccccc3)cc2)S(=O)(=O)c2ccccc21,ClCCl,485.0,4.753314893,417.30048,4.445591,402.56613,4.4820495,426.91797,4.6773653,419.2105,4.546714,427.90848,4.6866403,422.96957,4.6980023,422.02063,4.682061,409.5728,4.596952,420.9209,4.58638,414.94537,4.638387
O=C1/C(=C\c2ccc(N(c3ccccc3)c3ccccc3)cc2)S(=O)(=O)c2ccccc21,C1CCOC1,473.0,4.825614336,421.0437,4.523903,403.9733,4.430005,425.37018,4.5948963,424.07373,4.4729967,432.2725,4.618391,416.41074,4.6183643,417.4725,4.617771,410.29602,4.5762405,419.31378,4.508866,415.9903,4.612902
O=C1/C(=C\c2ccc(N(c3ccccc3)c3ccccc3)cc2)S(=O)(=O)c2ccccc21,CC(C)=O,472.0,4.764594528,417.1161,4.586973,403.52377,4.5259614,423.82227,4.637674,422.41345,4.5957565,427.72717,4.6548576,422.83234,4.725549,419.03073,4.663953,411.3984,4.5442696,418.7533,4.562944,417.49142,4.704161
O=C1/C(=C\c2ccc(N(c3ccccc3)c3ccccc3)cc2)S(=O)(=O)c2ccccc21,C1COCCO1,475.0,4.755272521,424.40585,4.4949684,406.4016,4.3648906,422.52173,4.613403,423.2741,4.489722,433.3432,4.558307,414.8619,4.6245823,416.29694,4.553608,409.88855,4.582438,420.15735,4.4800267,417.2907,4.5891376
O=C1/C(=C\c2ccc(N(c3ccccc3)c3ccccc3)cc2)S(=O)(=O)c2ccccc21,CCOC(C)=O,471.0,4.76334562,413.15982,4.499879,401.2414,4.451012,415.42474,4.584351,421.37762,4.498646,426.7001,4.6460743,415.08704,4.6558113,414.1005,4.641759,409.17722,4.60463,413.56046,4.540462,411.3414,4.5988503
O=C1/C(=C\c2ccc(N(c3ccccc3)c3ccccc3)cc2)S(=O)(=O)c2ccccc21,CN(C)C=O,478.0,3.711638538,405.07785,4.4188585,408.40707,4.389785,433.7132,4.5315766,412.59735,4.5041137,432.56985,4.6035843,410.2594,4.60857,423.3985,4.593779,417.232,4.5463276,415.74313,4.52422,408.79184,4.54019
O=C1/C(=C\c2ccc(N(c3ccccc3)c3ccccc3)cc2)S(=O)(=O)c2ccccc21,CS(C)=O,482.0,4.724267675,409.1114,4.517051,411.41028,4.2773514,439.7906,4.644625,421.11823,4.5551867,434.12256,4.589536,412.80096,4.5650516,421.762,4.639657,413.62497,4.5295014,424.88382,4.5279465,414.76028,4.5547104
O=C1/C(=C\c2ccc(N(c3ccccc3)c3ccccc3)cc2)S(=O)(=O)c2ccccc21,CC#N,475.0,4.706103021,405.81473,4.516388,407.84833,4.4912624,421.81973,4.7638106,420.05576,4.532914,427.23636,4.68282,409.64615,4.671674,416.0828,4.64915,407.0712,4.6004996,415.47916,4.587947,418.33026,4.6428967
O=C1/C(=C\c2ccc(N(c3ccccc3)c3ccccc3)cc2)S(=O)(=O)c2ccccc21,CO,477.0,4.721150844,416.16473,4.558939,402.65012,4.5374255,427.71124,4.751891,427.233,4.630646,432.39957,4.7457304,418.36725,4.7855425,419.34967,4.6898594,408.08954,4.5665717,417.9835,4.623255,419.8349,4.6662774
Cc1cc(-c2ccc(C(C)(C)C)cc2)cc(C)[o+]1,ClCCl,365.0,4.531478917,336.91953,4.4307547,366.86963,4.3664594,347.41177,4.4537597,353.42892,4.4069552,345.06854,4.4048877,357.37573,4.3824596,363.5513,4.4723773,356.84015,4.403387,355.15482,4.393823,352.18774,4.404439
Cc1cc(-c2ccc(C(C)(C)C)cc2)cc(C)[o+]1,CC#N,345.0,4.462397998,318.33572,4.4170527,351.48535,4.380626,338.0688,4.3990183,335.10507,4.354574,329.35428,4.3808055,338.766,4.3440027,341.24554,4.390157,355.76816,4.4088726,349.4521,4.3102107,337.72934,4.3471303
CCOC(=O)c1sc2nc(C)c(C)c(C#N)c2c1N,c1ccccc1,406.0,3.568201724,415.17285,3.6423159,409.70306,3.7248964,403.80676,3.69985,415.38126,3.724143,413.86005,3.6416132,398.219,3.683732,407.46362,3.6500573,408.81375,3.7386298,412.767,3.6244469,400.399,3.702802
Cc1cc2nc3cc(C)c(N)cc3[n+](-c3ccccc3)c2cc1N,O,520.0,4.40654018,416.53793,4.025669,435.9774,4.0739536,441.68408,4.164298,450.58496,4.171109,440.97513,4.166871,395.79892,3.9973018,401.7914,4.235883,483.04028,4.229041,422.43857,4.062834,466.12613,3.9659169
Cc1cc2nc3cc(C)c(N)cc3[n+](-c3ccccc3)c2cc1N,CCO,534.0,4.649334859,428.3224,4.471152,431.57913,4.1238112,443.41165,4.1362405,457.23907,4.119838,455.00363,4.398486,388.6973,4.071695,400.22745,4.4662113,484.29785,4.4466233,419.80615,4.3075256,471.82422,4.0184226
O=C(O)CCCOc1cccc(-c2c3nc(cc4ccc([nH]4)c(-c4cccc(OCCCC(=O)O)c4)c4nc(cc5ccc2[nH]5)C=C4)C=C3)c1,CS(C)=O,630.0,3.301029996,613.2957,3.6559145,621.5852,3.7154238,614.23694,3.7588058,618.5023,3.5455623,641.93463,3.7029626,587.69257,3.7158396,630.0888,3.6514127,647.86194,3.80547,629.9836,3.8442929,574.55884,4.0654774
COc1ccc(-c2c3nc(cc4ccc([nH]4)c(-c4ccc(OC)c(OCCCC(=O)O)c4)c4nc(cc5ccc2[nH]5)CC4)C=C3)cc1OCCCC(=O)O,CS(C)=O,644.0,4.607455023,654.427,4.50319,670.10187,4.4907207,661.7704,4.399604,656.36993,4.3673434,674.0182,4.4994698,670.56744,4.4862485,679.4847,4.3015785,703.7544,4.372202,672.86334,4.4914412,653.14734,4.4080873
c1ccc(-c2nc(-c3ccc(-c4nc(-c5ccccc5)c(-c5ccccc5)[nH]4)cc3)[nH]c2-c2ccccc2)cc1,CC#N,358.0,4.172018809,366.51074,4.534382,358.6404,4.6340423,347.96588,4.7287245,344.41452,4.4425063,352.42715,4.4803143,350.14914,4.749348,357.1259,4.7242103,350.4768,4.3554335,362.01736,4.5498276,331.4366,4.60234
COc1ccc(-c2nc(-c3ccc(-c4nc(-c5ccc(OC)cc5)c(-c5ccc(OC)cc5)[nH]4)cc3)[nH]c2-c2ccc(OC)cc2)cc1,CC#N,365.0,4.642563437,350.77222,4.3345966,361.13785,4.5203195,346.1509,4.602739,304.82812,4.4401865,342.35376,4.2664886,344.62756,4.4823275,328.2026,4.5392456,340.46216,4.3622036,324.6897,4.5421286,313.8574,4.431139
c1ccc(-c2nc(-c3ccccc3)c(-c3ccccc3)[nH]2)cc1,CC#N,312.0,4.308137379,338.37958,4.4401503,334.9239,4.494714,319.77713,4.6257424,321.61978,4.4628954,328.88843,4.481509,326.63602,4.729588,328.2397,4.5389934,325.2865,4.361569,347.79144,4.481811,301.09497,4.5311346
Cc1cc(-c2ccc(-c3ccccc3)cc2)cc(C)[o+]1,ClCCl,402.0,4.447158031,354.05832,4.627166,378.39706,4.5101914,362.83704,4.560563,361.60516,4.5391703,367.16275,4.350016,361.875,4.3001385,364.83002,4.608852,362.6853,4.4812055,364.26868,4.5017247,365.55136,4.631221
Cc1cc(-c2cccc3ccccc23)cc(C)[o+]1,ClCCl,438.0,4.0,366.92145,4.030158,399.44122,3.9316134,387.86615,3.9710042,392.73892,4.0345907,398.14502,4.094902,378.43585,4.125909,387.5071,4.0923724,375.74707,4.2598586,373.71838,3.9827278,360.9286,4.0956755
CC(=O)c1ccc(-c2cc(C)[o+]c(C)c2)cc1,ClCCl,336.0,4.380211242,360.24268,4.4339757,380.38074,4.2127433,369.55328,4.4051523,375.73767,4.422476,370.82654,4.255779,375.46185,4.2328115,370.2492,4.474015,365.4528,4.3496685,366.43042,4.2797384,357.92404,4.4244027
O=C(/C=C/c1ccc(O)c(O)c1)O[C@H](Cc1ccc(O)c(O)c1)C(=O)O,O,325.0,4.335016361,332.7841,3.755998,352.31363,3.575495,354.3189,3.7924082,324.12378,3.6095233,353.87228,3.4962914,352.53677,3.1975584,362.8003,3.9168394,316.97632,4.062683,337.52618,3.529942,351.35428,3.68218
O=C(/C=C/c1ccc(O)c(O)c1)O[C@H](Cc1ccc(O)c(O)c1)C(=O)O,CS(C)=O,335.0,4.358658069,351.72217,3.647832,356.75735,3.7494316,372.36652,3.9633503,346.41022,3.8273053,373.5262,3.7781153,358.26968,3.2508922,369.74823,4.010416,327.45148,4.2406855,354.14725,3.5923696,375.1863,3.9648995
O=C(/C=C/c1ccc(O)c(O)c1)O[C@H](Cc1ccc(O)c(O)c1)C(=O)O,CN(C)C=O,329.0,4.354204511,360.97632,3.456983,354.74188,3.9568932,364.44107,3.984581,341.8236,3.890077,370.82394,3.7399035,362.92725,3.598165,373.04565,4.043549,324.6236,4.243008,346.62164,3.6196887,375.96106,3.8045914
O=C(/C=C/c1ccc(O)c(O)c1)O[C@H](Cc1ccc(O)c(O)c1)C(=O)O,CO,328.0,4.366759055,350.97092,3.5109873,344.9737,3.6823897,375.22934,3.6550403,346.07526,3.5146065,356.65195,3.7314262,371.15976,3.334702,361.94604,4.0868716,309.94022,4.245103,338.6008,3.4745388,367.28055,3.848617
O=C(/C=C/c1ccc(O)c(O)c1)O[C@H](Cc1ccc(O)c(O)c1)C(=O)O,CCO,328.0,4.364307047,351.61722,3.5355947,344.98984,3.6800046,367.88538,3.8814564,347.74615,3.6695375,362.52698,3.6592145,364.39584,3.3282597,363.2701,4.0012574,317.63242,4.237833,338.53162,3.6331847,366.38617,3.7986164
O=C(/C=C/c1ccc(O)c(O)c1)O[C@H](Cc1ccc(O)c(O)c1)C(=O)O,CC#N,325.0,4.309225489,338.3951,3.845188,346.05066,3.7797265,363.89774,4.052688,334.86548,3.7970767,355.2925,3.8279636,364.14435,3.305118,364.40955,4.0704947,315.91452,4.3137574,338.53256,3.4472957,370.9449,3.8744202
O=C(/C=C/c1ccc(O)c(O)c1)O[C@H](Cc1ccc(O)c(O)c1)C(=O)O,CCCC#N,325.0,3.985471383,338.1712,3.866734,347.57333,3.687365,364.91754,3.8587546,339.5063,3.804842,357.1375,3.758931,365.88632,3.3780918,363.49783,4.082965,312.85886,4.344051,339.4231,3.43483,369.34766,3.8817668
O=C(/C=C/c1ccc(O)c(O)c1)O[C@H](Cc1ccc(O)c(O)c1)C(=O)O,C1CCOC1,329.0,4.383007042,357.49634,3.6475406,349.51147,3.7428293,362.1475,3.9593425,338.48544,3.785563,356.6137,3.7301407,373.80542,3.1027489,361.21957,3.9829342,317.56247,4.2912493,346.45248,3.4949095,366.16644,3.9855106
O=C(/C=C/c1ccc(O)c(O)c1)O[C@H](Cc1ccc(O)c(O)c1)C(=O)O,ClCCl,324.0,3.925776054,354.92584,3.7191324,349.8673,3.750031,361.63007,3.9650965,331.99017,3.8170226,359.4483,3.7021594,373.1411,3.1957679,364.64404,4.0788007,316.3196,4.2769847,345.19275,3.5478067,366.3881,3.9527621
CN(C)c1ccc2cc(C(/C=C/c3cn(C)c4ccccc34)=C(C#N)C#N)c(=O)oc2c1,ClCCl,461.0,4.72,444.82172,4.6985636,442.46024,4.6713076,446.62213,4.6238375,446.48743,4.700729,465.88184,4.713415,461.06195,4.6404333,457.901,4.622839,460.80334,4.7489424,457.2324,4.6386714,454.60928,4.73289
CN(C)c1ccc2cc(C(/C=C/c3cn(C)c4ccccc34)=C(C#N)C#N)c(=O)oc2c1,C1COCCO1,452.0,4.66,441.60657,4.6235967,433.62686,4.6038957,440.45132,4.55536,445.7685,4.6149673,458.57312,4.697741,453.75937,4.612552,448.98038,4.5947924,457.8745,4.7120695,452.41196,4.5981846,445.87457,4.69096
CN(C)c1ccc2cc(C(/C=C/c3cn(C)c4ccccc34)=C(C#N)C#N)c(=O)oc2c1,CN(C)C=O,471.0,4.79,445.35696,4.6470156,455.40582,4.556593,456.61682,4.5592084,468.0763,4.5933104,471.72195,4.668624,463.19177,4.5561376,463.93112,4.6330476,472.20383,4.717746,460.004,4.618868,457.62997,4.6478367
CN(C)c1ccc2cc(C(/C=C/c3cn(C)c4ccccc34)=C(C#N)C#N)c(=O)oc2c1,CS(C)=O,477.0,4.69,451.1214,4.5565414,451.44006,4.5813074,469.17953,4.6480026,467.40466,4.653794,472.97333,4.6314573,467.9661,4.5469418,456.22388,4.6006937,469.83038,4.7024097,464.1839,4.5924926,463.30273,4.6508164
CN(C)c1ccc2cc(C(/C=C/c3cn(C)c4ccccc34)=C(C#N)C#N)c(=O)oc2c1,C1CCOC1,455.0,4.73,443.9566,4.650638,436.79083,4.633372,444.16196,4.562095,448.46973,4.6054,461.29276,4.699015,454.8406,4.613832,450.1766,4.5987315,461.02066,4.7251725,456.40186,4.6116266,448.26886,4.687504
c1ccc(-c2ccc(-c3ccc(-c4cc(-c5ccc(-c6ccc(-c7ccccc7)cc6)cc5)cc(-c5ccc(-c6ccc(-c7ccccc7)cc6)cc5)c4)cc3)cc2)cc1,C1COCCO1,306.5,5.133538908,250.61978,5.3589215,276.82718,5.2282777,283.92596,5.178622,274.69006,5.0508513,246.91638,5.0915413,271.04495,5.304046,275.4531,5.1367226,281.3476,5.293486,258.90817,5.1282396,282.42456,5.0654736
c1ccc(-c2ccc(-c3ccc(-c4ccccc4)cc3)cc2)cc1,C1COCCO1,310.0,4.686636269,281.20996,4.7814627,284.9981,4.7658606,281.4168,4.728525,291.15073,4.7232056,282.69833,4.7172966,280.82007,4.660645,291.38766,4.8280845,289.2996,4.8274875,288.3311,4.79499,303.3351,4.703299
CCOC(=O)c1c(-c2c(Cl)c3cc(C)ccc3oc2=O)nn(-c2cccc(C)c2)c1C(=O)OCC,ClCCl,331.0,4.305222352,330.04956,4.3775077,336.41434,4.263958,340.87683,4.337171,336.38882,4.3825436,334.4794,4.3836308,326.18436,4.3384476,326.5318,4.2747083,338.1471,4.2929106,338.9109,4.34016,333.80792,4.196097
CCOC(=O)c1c(-c2cc3ccccc3oc2=O)nn(-c2ccc(OC)cc2)c1C(=O)OCC,ClCCl,323.0,4.257678575,322.6891,4.2868905,331.4182,4.2683096,327.90814,4.268211,325.47623,4.244903,326.79376,4.316121,329.35846,4.2869015,329.67554,4.3152666,322.5518,4.345072,328.89957,4.3782306,330.8033,4.2225714
COC(=O)c1c(-c2cc3ccccc3oc2=O)nn(-c2cccc(F)c2)c1C(=O)OC,ClCCl,323.0,4.278913575,306.57385,4.299514,315.1627,4.308427,299.25208,4.342491,302.31067,4.3202667,311.64844,4.3108683,298.8773,4.3072095,314.56726,4.323268,327.02182,4.4321685,317.08722,4.3616414,315.41064,4.1705794
CCOC(=O)c1c(C(=O)OC)c(-c2cc3cc(OC)ccc3oc2=O)nn1-c1ccccc1,ClCCl,351.0,3.91603261,342.67157,4.2171044,339.86444,4.2788982,351.28333,4.2550344,341.42456,4.2699704,336.3846,4.3079176,329.46912,4.2377534,337.7979,4.2903028,329.15707,4.338547,339.58127,4.2668486,339.1903,4.211472
CCOC(=O)c1c(-c2cc3ccc(OC)cc3oc2=O)nn(-c2ccccc2)c1C(=O)OCC,ClCCl,337.0,4.439332694,337.77557,4.51086,340.08517,4.4989123,335.1178,4.461015,337.75116,4.4790277,334.68683,4.4663525,330.93542,4.386153,329.20233,4.409286,328.60553,4.3806143,339.10718,4.4828234,343.38812,4.441089
CCOC(=O)c1c(-c2cc3cc4c(cc3oc2=O)OC(C)(C)CC4)nn(-c2cccc(Cl)c2)c1C(=O)OCC,ClCCl,349.0,4.350693717,346.5586,4.5857115,346.80685,4.4829435,335.90366,4.4636817,340.31427,4.5679164,349.89307,4.5483437,341.7506,4.5448465,349.99316,4.5229897,338.21375,4.509099,346.42368,4.5889897,343.15128,4.3819184
Cc1c2ccc3c(C)[n+](C)ccc3c2cc[n+]1C,CC#N,390.0,3.897627091,378.8638,4.1784186,455.9294,4.355017,396.12308,4.0697513,399.75684,3.939444,421.91162,4.418706,373.91602,4.4608107,395.92126,4.199032,433.3149,4.138642,409.66806,4.180142,404.16705,4.0438714
Cc1cc2c(ccc3c[n+](C)c(C)cc32)c[n+]1C,CC#N,400.0,3.86923172,337.09854,4.0393076,416.5,4.0868163,402.45346,3.6884837,402.14587,3.9252725,423.87912,4.06005,396.5995,4.0189834,427.22577,3.7312934,432.96375,4.018076,404.6676,3.6795592,403.78186,3.859813
O=P(c1c2ccccc2cc2ccccc12)(c1c2ccccc2cc2ccccc12)c1c2ccccc2cc2ccccc12,C1CCOC1,411.0,4.39,419.31583,4.1937437,414.71533,4.300765,401.91272,4.436002,415.4272,4.2225556,407.7735,4.282229,399.97385,4.1703157,416.23193,4.371871,422.76343,4.160213,433.63766,4.198667,399.68436,4.200906
COc1ccc(N(c2ccc(OC)cc2)c2ccc(-c3ccc(C=C(C#N)C#N)cc3)cc2)cc1,ClC(Cl)Cl,483.0,4.571371045,467.1734,4.478895,484.1398,4.5312138,483.99017,4.6413045,477.33032,4.469889,500.73544,4.495593,483.38156,4.5915318,485.87704,4.556671,482.91803,4.4547205,492.0715,4.528157,478.15204,4.6155624
CN(C)c1ccc(/C=C/C=C/C2=NC3C(=O)NC(N)=NC3N2[C@H]2C[C@H](O)[C@@H](CO)O2)cc1,C1COCCO1,352.0,4.152288344,425.88943,4.464911,440.5099,4.4662924,449.0735,4.557643,426.6876,4.4619665,442.05777,4.4683776,448.8784,4.525842,430.25034,4.435415,430.5179,4.553245,412.05408,4.4299974,445.89282,4.5043564
CN(C)c1ccc(/C=C/C=C/C2=NC3C(=O)NC(N)=NC3N2[C@H]2C[C@H](O)[C@@H](CO)O2)cc1,CC#N,349.0,4.139879086,418.2685,4.584867,436.38007,4.508394,452.69788,4.6015205,419.90085,4.4405127,440.6899,4.515958,433.4098,4.5206933,433.9765,4.4909077,429.69003,4.5720654,408.0761,4.397782,448.2474,4.5228662
CN(C)c1ccc(/C=C/C=C/C2=NC3C(=O)NC(N)=NC3N2[C@H]2C[C@H](O)[C@@H](CO)O2)cc1,CO,343.0,4.167317335,425.2719,4.6002774,445.9189,4.4987907,453.51614,4.612741,425.7271,4.566934,435.19772,4.5177526,445.2893,4.6493235,433.69647,4.5357566,425.07037,4.5651193,409.2863,4.514012,441.10895,4.5163426
C[N+](C)=c1ccc2c(-c3c(Cl)c(Cl)c(Cl)c(Cl)c3C(=O)O)c3ccc4cc(O)ccc4c3oc-2c1,O,574.0,4.491361694,580.8425,4.4868765,580.28864,4.532169,576.6064,4.4770603,572.9063,4.36671,605.8013,4.6102657,579.97314,4.461828,577.88684,4.376344,581.6448,4.406485,579.44867,4.496435,575.3704,4.4405394
COc1ccc(-c2cnc(-c3ccccc3)o2)cc1OC,ClCCl,322.0,4.301029996,331.95673,4.4521203,336.71704,4.441821,319.46484,4.255863,325.4792,4.3382573,322.6272,4.567741,319.54227,4.589382,329.55295,4.50104,303.5543,4.4803996,322.71463,4.4349613,322.94275,4.4520125
COc1ccc(-c2cnc(-c3cccnc3)o2)cc1OC,ClCCl,330.0,3.939519253,327.36615,4.4301267,336.392,4.4680734,325.76794,4.1968575,331.4781,4.2240605,328.6918,4.4312577,318.85406,4.5223713,326.20166,4.510557,301.6886,4.4582343,323.93607,4.42249,322.85953,4.4076877
N#Cc1ccc(/C=C/c2ncc(-c3ccccc3)o2)cc1,ClCCl,360.0,4.58546073,362.06427,4.317958,351.00287,4.5918713,360.25357,4.3746896,351.38687,4.4443474,351.575,4.5573936,353.8008,4.3312182,356.25464,4.4409637,352.55936,4.5037155,365.07098,4.3721805,351.7803,4.457866
C(=C/c1cccc2ccccc12)\c1ncc(-c2ccccc2)o1,ClCCl,357.0,4.50242712,359.42224,4.302083,357.3474,4.590302,362.62283,4.413059,370.88153,4.5522804,359.09848,4.528565,365.54443,4.472581,360.3166,4.5181727,368.98468,4.5229278,367.5049,4.3466,373.09644,4.503559
CN1CCN(c2cccc(/C=C/c3ncc(-c4ccc(OCc5ccccc5)c(OCc5ccccc5)c4)o3)c2)CC1,ClCCl,354.0,4.457881897,380.382,4.112177,370.65555,4.260035,384.6677,4.0737443,369.00293,4.3623896,364.07028,4.317957,388.7146,4.3894663,411.43942,4.369261,371.60785,4.38284,360.1759,4.260734,364.52124,4.345907
C(=C/c1ncc(-c2ccc(OCc3ccccc3)c(OCc3ccccc3)c2)o1)\c1cccc(N2CCN(c3ccccc3)CC2)c1,ClCCl,355.0,4.517195898,363.11746,4.5212917,366.22562,4.489481,376.86826,4.1822104,365.6267,4.3926754,352.2476,4.431117,368.58676,4.493481,364.3753,4.50604,394.5768,4.519448,368.1636,4.37802,372.39233,4.5509043
C(#Cc1ncc(-c2ccccc2)o1)c1cccnc1,ClCCl,330.0,4.442479769,313.01962,4.3654714,321.8388,4.589445,324.26746,4.387093,330.4524,4.558436,317.57623,4.4650273,316.06415,4.4264174,320.26367,4.497445,324.1955,4.4931064,332.58115,4.491163,326.51642,4.4955616
CN(C)c1ccc(/C=C/c2cnc(-c3ccncc3)o2)cc1,ClCCl,396.0,4.322219295,377.6907,4.5309334,394.00598,4.4447875,380.78003,4.4268174,403.67084,4.3939314,381.56516,4.5628867,395.16296,4.527143,400.35416,4.439025,389.99237,4.6406293,397.40442,4.557354,408.8212,4.3868065
CCC1(CC)c2ccccc2-c2c1c1c(c3c2C(CC)(CC)c2cc(/C=C/c4cccs4)ccc2-3)C(CC)(CC)c2cc(/C=C/c3cccs3)ccc2-1,C1CCOC1,382.0,4.653212514,383.3976,4.5867023,378.24484,4.6878214,390.08078,4.674658,391.08762,4.666496,378.14185,4.718903,389.3219,4.752866,387.20483,4.7660866,398.32013,4.846006,377.7627,4.860243,382.22565,4.743839
CCN(CC)c1ccc(/N=N/c2cc3c(=O)[nH][nH]c(=O)c3cc2[N+](=O)[O-])cc1,CC(=O)O,511.0,4.563587866,504.37265,4.5337725,505.39166,4.4445615,518.4339,4.6205416,516.04254,4.4674006,522.33484,4.488346,509.5072,4.544574,507.47507,4.534133,516.1211,4.5656047,510.14157,4.6395235,515.8795,4.527417
CCN(CC)c1ccc(/N=N/c2cc3c(=O)[nH][nH]c(=O)c3cc2[N+](=O)[O-])cc1,CN(C)C=O,514.0,4.42794029,500.95444,4.3872747,505.04797,4.380256,506.40848,4.4647784,499.978,4.369729,519.1937,4.474878,505.51755,4.4706616,503.00677,4.523745,518.3843,4.5552263,508.13245,4.5593696,518.58685,4.4653535
CCN(CC)c1ccc(/N=N/c2cc3c(=O)[nH][nH]c(=O)c3cc2[N+](=O)[O-])cc1,CS(C)=O,514.0,4.449277791,497.93875,4.3778076,508.61954,4.4194922,507.49188,4.4389973,503.96707,4.307336,525.36755,4.445969,510.1001,4.474305,500.99075,4.497786,518.67474,4.543644,511.9178,4.604843,520.7571,4.5066056
c1ccc(-c2nc(-c3ccc(-c4nc(-c5ccccc5)c(-c5ccccc5)o4)cc3)oc2-c2ccccc2)cc1,C1COCCO1,358.0,4.652246341,350.06146,4.6106067,349.136,4.6604366,351.82175,4.6428967,366.2772,4.7300467,368.84174,4.7317166,354.48993,4.7172894,354.69806,4.7389593,351.43954,4.54957,373.21338,4.6392155,337.61652,4.609166
CC(C)(C)c1cc2c(c(C(C)(C)C)c1)O[B-](F)(F)[n+]1c-2nc(-c2ccccc2)c2cc(Cl)ccc21,Cc1ccccc1,420.0,3.59,403.6024,3.6611562,417.3967,3.6901062,412.8639,3.6132758,411.1041,3.6641903,420.10022,3.6019473,403.2912,3.66396,411.74576,3.619514,395.21295,3.9105341,403.54022,3.6697836,416.79663,3.6707084
COc1ccc2c(c1)-c1nc(-c3ccccc3)c3cc(Cl)ccc3[n+]1[B-](F)(F)O2,Cc1ccccc1,440.0,3.53,397.43207,3.791788,427.16833,3.5340803,431.39584,3.484627,433.9811,3.5854535,422.52228,3.5479155,415.91385,3.541566,424.2933,3.5191867,387.93512,3.9702666,400.2773,3.7886896,434.5437,3.5422664
CCn1c2ccccc2c2cc(/C=C/c3cccc(/C=C/c4ccc5c(c4)c4ccccc4n5CC)[n+]3CCCS(=O)(=O)[O-])ccc21,Cc1ccccc1,453.0,4.545307116,484.4445,4.4656568,461.48904,4.6004295,459.13123,4.6878934,465.73126,4.707108,484.0632,4.644881,472.39923,4.682952,446.46478,4.604365,482.44363,4.676261,453.9454,4.62463,469.27426,4.6489954
CCn1c2ccccc2c2cc(/C=C/c3cccc(/C=C/c4ccc5c(c4)c4ccccc4n5CC)[n+]3CCCS(=O)(=O)[O-])ccc21,C1CCOC1,460.0,4.810232518,482.46844,4.5916624,459.45596,4.675516,454.43372,4.7119884,471.6278,4.657865,479.0183,4.648068,477.6339,4.7303963,451.57,4.6139174,476.6446,4.6542587,454.9574,4.6258574,470.58212,4.7280893
CCn1c2ccccc2c2cc(/C=C/c3cccc(/C=C/c4ccc5c(c4)c4ccccc4n5CC)[n+]3CCCS(=O)(=O)[O-])ccc21,CC(C)=O,458.0,4.818225894,477.04355,4.584385,459.67175,4.6558723,455.85867,4.6830344,465.118,4.7126617,482.20166,4.630625,480.9184,4.7400136,447.35904,4.59889,481.68625,4.6511893,453.7151,4.6151147,469.39993,4.713482
CCn1c2ccccc2c2cc(/C=C/c3cccc(/C=C/c4ccc5c(c4)c4ccccc4n5CC)[n+]3CCCS(=O)(=O)[O-])ccc21,CC#N,454.0,4.79518459,477.00372,4.4492726,456.246,4.6861033,456.16458,4.6744065,467.2712,4.704276,477.2176,4.633725,474.78348,4.743425,449.91724,4.6504064,473.6165,4.655645,454.80737,4.6282325,464.0145,4.700655
Oc1cccc(C2=[N+]3C(=C(c4ccccc4)c4cccn4[B-]3(F)F)C=C2)c1,ClC(Cl)Cl,531.0,4.81,518.7841,4.649077,509.6481,4.7226005,528.7858,4.804636,531.74115,4.8365765,534.23145,4.828986,515.14636,4.790828,530.23627,4.699091,541.02057,4.707402,532.67444,4.7663217,520.0525,4.7940536
F[B-]1(F)n2cccc2C(c2ccccc2)=C2C=CC(c3cccc(OC4=[N+]5C(=C(c6ccccc6)c6cc(Br)c(-c7ccc[nH]7)n6[B-]5(F)F)C=C4Br)c3)=[N+]21,ClC(Cl)Cl,627.0,5.02,570.2411,5.2401905,570.2717,5.067852,582.5873,5.136903,581.8213,5.226676,596.96826,5.1224327,578.93616,5.1311283,606.8332,5.1249304,640.0149,4.9466696,604.20215,5.1285806,598.8417,5.0623302
c1ccc2[nH]c(-c3ccc(-c4ccc(-c5ccc(-c6nc7ccccc7[nH]6)cc5)cc4)cc3)nc2c1,CN(C)C=O,349.0,4.762678564,336.84012,4.5706844,333.90924,4.6453323,338.09277,4.7218385,340.95538,4.7318926,334.2273,4.6419687,327.7152,4.767355,341.411,4.7929807,340.3285,4.6652794,336.61032,4.6411567,340.51175,4.5779824
Cc1ccc2[nH]c(-c3ccc(-c4ccc(-c5ccc(-c6nc7cc(C)ccc7[nH]6)cc5)cc4)cc3)nc2c1,CN(C)C=O,351.0,4.758154622,337.9403,4.5977035,335.39246,4.6164575,336.87146,4.7828074,348.78223,4.715521,333.73022,4.593607,330.8116,4.827878,340.66956,4.8285456,332.35065,4.7344327,330.85098,4.6597724,334.98682,4.6354265
CC(=O)OC[C@H]1O[C@@H]([C@@H]2C=C(F)C(=S)NC2=O)[C@H](OC(C)=O)[C@@H]1OC(C)=O,ClC(Cl)(Cl)Cl,432.0,1.62324929,431.15265,1.5758107,431.80698,1.8024528,431.25937,1.6843956,435.11905,1.6991289,443.84274,1.5115314,430.51724,1.7070241,431.2736,1.7877817,415.09964,1.7436647,438.63672,1.6657107,443.91467,1.7235272
c1ccc2c[n+]3ccccc3cc2c1,O,396.0,3.880813592,377.67395,3.9903505,373.36133,3.8812075,385.78787,3.7949686,411.50882,3.566957,389.66608,3.8750017,389.6182,3.6605237,390.21158,3.767766,382.30194,3.5830839,399.31747,3.6230116,385.963,3.5881603
Clc1ccc2cc3cccc[n+]3cc2c1,O,400.0,3.662757832,374.99863,4.0285482,390.9421,3.8205552,392.34454,3.7113714,402.61215,3.6187756,384.75372,3.7599542,396.70428,3.6782408,394.35074,3.7200718,384.48615,3.6135092,402.76236,3.640022,387.02057,3.5879364
COc1c2ccccc2c(-c2ccccc2)c2ccccc12,ClC(Cl)Cl,378.0,3.984977126,376.68115,4.1418285,402.8198,3.919137,383.97223,4.141624,387.37204,4.1851315,387.8794,3.9703734,396.783,3.863828,396.06534,4.181487,392.471,3.968401,405.01233,3.9903777,380.70068,4.1387897
COc1c2ccccc2c(-c2ccccc2)c2ccccc12,ClCCl,378.0,3.977723605,383.59537,3.9567244,401.2077,3.9206195,396.37082,3.901719,385.8246,4.035062,390.37753,3.960145,401.4156,3.8840034,395.44666,4.1673408,393.8003,3.9709456,403.44168,3.9367914,377.6686,3.982638
COc1c2ccccc2c(-c2ccccc2)c2ccccc12,ClC(Cl)(Cl)Cl,376.0,3.980911938,378.02966,3.9909062,402.18433,3.936605,387.0351,4.0876093,385.70654,4.112885,385.77414,3.9804635,396.31,3.8881872,397.6648,4.144811,392.90167,3.9707487,405.5327,3.9470053,382.06552,4.136291
COc1c2ccccc2c(-c2ccccc2)c2ccccc12,C1COCCO1,378.0,4.021189299,378.01477,4.030714,401.92352,4.082161,380.452,4.0567927,388.8435,4.0788603,391.30716,4.109808,399.78943,3.8406227,387.62122,4.0614443,394.8428,4.0579844,404.34427,4.064527,376.2155,4.099221
COc1c2ccccc2c(-c2ccccc2)c2ccccc12,CN(C)C=O,378.0,4.051152522,396.4731,3.9606097,415.50787,4.0696206,391.7865,4.0718236,396.82156,4.0303507,401.35168,4.057312,414.2817,3.9153225,412.01056,3.9821558,401.58487,3.996552,410.8782,3.8455806,387.60556,4.017308
COc1c2ccccc2c(-c2ccccc2)c2ccccc12,OCCO,379.0,3.993876915,390.17966,3.8858323,406.16733,3.8700714,390.27026,3.9587836,389.28766,4.077687,394.17825,3.9185028,402.8646,3.8536394,399.0304,3.9657223,394.3521,3.9024866,407.1522,3.9250796,381.29254,4.021452
COc1c2ccccc2c(-c2ccccc2)c2ccccc12,OCC(O)CO,378.0,4.0,389.4722,3.8486285,405.073,3.7385213,378.7234,3.8805041,395.03552,3.8424292,394.52917,3.8808398,386.3998,3.9202778,387.44067,3.9723644,376.70135,3.771757,403.58316,3.7759962,370.72745,3.93788
Nc1ccc2c(c1)-c1ccccc1C2=O,C1CCCCC1,386.0,3.255272505,408.75253,3.0853348,421.4874,3.2470958,423.54587,3.2374794,394.734,3.2921908,427.02298,3.0604239,394.56522,3.557065,409.30542,3.2494645,448.0946,3.2076583,426.6226,3.1466238,414.7436,3.0116656
Nc1ccc2c(c1)-c1ccccc1C2=O,c1ccccc1,395.0,3.447158031,413.24664,3.2013721,425.0531,3.244296,421.14633,3.2603002,394.93594,3.1075168,438.40323,3.1018686,396.95673,3.610847,415.04306,3.2269425,443.19656,3.1345935,433.96338,3.1093235,409.5771,2.8776906
Nc1ccc2c(c1)-c1ccccc1C2=O,CC#N,409.0,3.602059991,420.64944,3.225258,435.11005,3.336905,442.47812,3.4181964,404.53232,3.4160674,443.3475,3.1112142,403.46606,3.6469603,413.01553,3.5015721,443.34738,3.3186593,442.63666,3.1974454,420.26166,3.0334315
Nc1ccc2c(c1)-c1ccccc1C2=O,CCO,429.0,3.672097858,420.08804,3.319218,431.50964,3.318118,446.70386,3.4754384,411.77875,3.4647307,447.18762,3.2280512,405.8477,3.7465494,422.3736,3.4695342,442.29666,3.2058616,437.5318,3.221758,418.90097,3.1868682
Nc1cccc2c1-c1ccccc1C2=O,C1CCCCC1,427.0,3.255272505,411.37494,3.0187845,421.01215,3.027185,417.34222,3.0512724,422.2715,3.0006566,432.95142,3.043594,415.9627,2.9908907,433.48938,3.085581,449.02197,3.2872007,439.5495,3.0029116,418.35544,2.9760551
Nc1cccc2c1-c1ccccc1C2=O,c1ccccc1,440.0,3.278753601,423.08945,3.0528793,425.00522,3.050727,411.10257,3.0396428,435.29065,2.9764676,443.32074,3.1967454,426.98758,2.923536,442.90857,3.1468463,444.59683,3.2181783,450.54037,3.0065613,419.99408,2.9412518
Nc1cccc2c1-c1ccccc1C2=O,CC#N,451.0,3.255272505,426.81,3.0686088,437.27307,3.093317,436.96088,3.182568,444.1362,3.060432,451.4212,3.0644422,432.65417,3.0554564,441.48862,3.2225819,443.488,3.3963544,455.29684,3.0556273,428.68915,2.9845333
Nc1cccc2c1-c1ccccc1C2=O,CCO,458.0,3.230448921,426.4137,3.142819,429.96365,3.1027856,437.27597,3.2376347,449.3809,3.1384735,455.26056,3.2176824,434.3336,3.1099205,450.34467,3.2924743,442.76178,3.2773945,452.73364,3.0707273,429.13068,3.128653
CNc1ccc2c(c1)-c1ccccc1C2=O,C1CCCCC1,389.0,3.602059991,424.447,3.5263553,418.61533,3.7222426,428.0853,3.4414022,412.4319,3.5567002,443.84827,3.5991316,428.0303,3.5187426,420.69284,3.4611301,461.399,3.5277493,434.3122,3.5142076,423.28574,3.5505896
CNc1ccc2c(c1)-c1ccccc1C2=O,c1ccccc1,409.0,3.69019608,435.64297,3.6224701,430.06943,3.7956972,438.53598,3.5046692,423.97342,3.6368008,449.31973,3.680737,443.75705,3.54418,434.49875,3.4433465,457.7003,3.5166848,448.27454,3.5080729,428.6926,3.6287518
CNc1ccc2c(c1)-c1ccccc1C2=O,CC#N,424.0,3.770852012,443.90372,3.686627,431.03238,3.7936015,452.16858,3.486428,431.43036,3.5850563,455.55466,3.566455,455.62378,3.6273432,430.77054,3.6544209,456.21124,3.5641396,452.31558,3.5283651,431.96893,3.5203817
CNc1ccc2c(c1)-c1ccccc1C2=O,CCO,436.0,3.812913357,444.04935,3.7244902,432.92752,3.796049,456.2778,3.61164,433.9956,3.7385664,462.835,3.6724772,459.90637,3.5424576,444.7349,3.593652,456.53098,3.54675,450.4974,3.5809925,438.5593,3.671493
CNc1cccc2c1-c1ccccc1C2=O,C1CCCCC1,449.0,3.322219295,424.92194,3.2461371,434.37,3.099884,426.8981,3.1003199,420.50278,3.0985441,450.5536,3.1229362,428.92017,3.0486097,450.4521,3.0842667,477.1795,3.3290367,438.63535,3.0125556,426.43918,3.0734882
CNc1cccc2c1-c1ccccc1C2=O,c1ccccc1,461.0,3.322219295,441.29294,3.228955,449.0896,3.1747098,427.62753,3.0912604,439.4092,3.1358342,459.5825,3.2481623,441.62195,3.0092833,462.82727,3.147451,472.48712,3.2768285,450.22226,2.942363,436.87817,3.1002693
CNc1cccc2c1-c1ccccc1C2=O,CC#N,471.0,3.301029996,444.60916,3.3287785,454.88693,3.1729584,453.79037,3.1930838,449.80676,3.0921755,468.68488,3.1494632,454.31955,3.138661,463.5843,3.174485,471.74557,3.4230049,456.7834,3.0190187,440.6705,3.0696168
CNc1cccc2c1-c1ccccc1C2=O,CCO,477.0,3.255272505,444.36514,3.280861,454.12677,3.1347122,453.22647,3.2154427,447.2269,3.1462467,473.6121,3.185742,456.84232,3.103372,472.04343,3.2664337,471.64746,3.3050642,454.13745,3.0150971,446.25912,3.1662874
COc1ccc(C#Cc2nc(C#Cc3ccc(OC)cc3)c(C#Cc3ccc(OC)cc3)c(C#Cc3ccc(OC)cc3)c2C#Cc2ccc(OC)cc2)cc1,ClCCl,421.0,4.792391689,424.48712,4.547249,441.55606,4.4942985,436.3109,4.606366,425.9659,4.6122704,432.61725,4.7386456,432.04266,4.59106,444.42126,4.518497,381.6371,4.696342,431.38263,4.679344,443.41266,4.530049
Fc1ccc(C#Cc2nc(C#Cc3ccc(F)cc3)c(C#Cc3ccc(F)cc3)c(C#Cc3ccc(F)cc3)c2C#Cc2ccc(F)cc2)cc1,ClCCl,407.0,4.176091259,406.7515,4.3312545,418.28296,4.408304,411.29346,4.428837,390.91702,4.5531635,395.44653,4.5438347,402.90338,4.375684,429.27,4.3838596,380.71973,4.7475586,422.28586,4.470129,431.7449,4.299138
COc1ccc(C#Cc2cc(C#Cc3ccc(OC)cc3)c(C#Cc3ccc(OC)cc3)c(C#Cc3ccc(OC)cc3)c2C#Cc2ccc(OC)cc2)cc1,ClCCl,380.0,4.84509804,372.84772,4.86585,388.44397,4.836126,388.12668,4.824177,378.44778,4.8642745,387.39822,4.8264394,392.73703,4.929672,390.2408,4.8613873,360.71014,4.8797884,393.2521,4.9687467,385.69342,4.888846
O=C(NCc1cc(=O)oc2cc([O-])c(Br)cc12)c1cccnc1,O,370.0,4.134878045,361.3597,3.8307068,387.28223,3.7003856,353.55707,3.8945644,341.78598,3.898501,382.3506,3.6869915,358.77484,3.7872443,355.77463,3.9356318,368.73926,3.962791,376.3216,3.662697,376.38623,3.7896428
Cc1c2ccncc2c(C)c2c1[nH]c1ccccc12,CO,294.0,4.794488047,324.53604,4.3695965,340.5132,4.422486,323.96307,4.139651,325.01385,4.2443933,322.1998,4.3670835,316.6801,4.3687654,315.79047,4.2096496,342.14496,4.450844,321.97827,4.146115,331.70044,4.506161
Cc1c2ccncc2c(C)c2c1[nH]c1ccccc12,CC#N,291.5,4.638489257,314.54626,4.271128,341.43402,4.406172,331.93277,4.2333393,324.91928,4.229202,319.6944,4.3422713,320.08008,4.327838,316.3377,4.447999,343.55743,4.4410124,335.71234,4.3292007,329.5575,4.5741343
Cc1c2ccncc2c(C)c2c1[nH]c1ccccc12,CCO,294.0,4.844477176,320.67908,4.384982,341.73404,4.3531795,325.45874,4.1671968,327.32135,4.1716447,327.37164,4.3250146,316.71353,4.18296,319.49066,4.3813896,346.049,4.38798,322.8484,4.221993,332.6735,4.462791
Cc1c2ccncc2c(C)c2c1[nH]c1ccccc12,CC(C)O,294.5,4.85308953,318.06216,4.326373,340.88318,4.3967094,326.5064,4.1453934,324.71155,4.2583656,324.61182,4.3284373,310.1933,4.156235,314.70547,4.338452,348.78397,4.3687515,324.36508,4.250851,322.97058,4.5187817
Cc1c2ccncc2c(C)c2c1[nH]c1ccccc12,CN(C)C=O,293.5,4.72916479,327.45242,4.259089,332.64404,4.2531447,337.06967,4.1821566,333.62885,4.1565266,328.20276,4.3864737,324.29346,4.2173266,337.6064,4.158776,353.65747,4.3732615,332.7456,3.929337,332.80286,4.4748664
Cc1c2ccncc2c(C)c2c1[nH]c1ccccc12,CCCCO,295.0,4.854306042,322.0129,4.365635,342.49014,4.2967,333.22995,4.1474767,333.37122,4.137291,328.51938,4.281012,320.31348,4.2293735,322.75745,4.299656,343.82178,4.339565,318.17496,4.265298,326.95206,4.389394
Cc1c2ccncc2c(C)c2c1[nH]c1ccccc12,CS(C)=O,295.0,4.77815125,331.96265,4.3090725,345.02344,4.5936446,330.8204,4.396685,338.71045,4.529988,333.12415,4.3982306,323.25793,4.3235555,341.83392,4.333736,355.28287,4.3684673,337.18417,4.424917,332.3019,4.5905685
Cc1c2ccncc2c(C)c2c1[nH]c1ccccc12,CC(C)(C)O,294.5,4.847572659,315.7947,4.26897,339.8017,4.444497,315.98132,4.1982937,332.33395,4.2654476,324.31778,4.392744,296.1397,4.270699,312.68304,4.3057237,350.8692,4.374397,326.71054,4.3173485,318.0307,4.5728436
Cc1c2ccncc2c(C)c2c1[nH]c1ccccc12,C1CCOC1,293.3,4.695481676,322.3233,4.335805,340.51846,4.390091,317.95767,4.2543807,329.94785,4.280404,322.4184,4.3419943,319.11578,4.340705,321.36127,4.4243526,346.49854,4.4253883,330.4706,4.1882987,327.35632,4.539713
Cc1c2ccncc2c(C)c2c1[nH]c1ccccc12,CCOC(C)=O,291.5,4.675778342,319.08234,4.2048254,339.11673,4.3859377,322.3556,4.121331,331.89642,4.1300945,320.85263,4.30046,320.76987,4.1095023,316.1404,4.4704843,345.38428,4.486919,326.79605,4.286081,327.9627,4.431485
Cc1c2ccncc2c(C)c2c1[nH]c1ccccc12,CCC(C)(C)O,294.5,4.84509804,327.97867,4.2411294,340.22116,4.31251,328.91068,4.110206,330.66922,4.2315536,320.9743,4.325206,307.9856,4.2584467,313.64847,4.1931453,352.54196,4.3568025,325.4533,4.146773,322.8407,4.475931
Cc1c2ccncc2c(C)c2c1[nH]c1ccccc12,CCOCC,291.5,4.716837723,318.00876,4.332611,335.73187,4.4414716,321.00153,4.154867,332.44586,4.195259,321.56738,4.2892966,324.29944,4.1364784,310.04257,4.5181994,343.43396,4.5088263,322.0797,4.2200427,319.82898,4.422947
Cc1c2ccncc2c(C)c2c1[nH]c1ccccc12,C1COCCO1,292.5,4.71432976,320.8152,4.429937,336.35022,4.414396,319.6464,4.2610216,326.6003,4.2637014,319.09686,4.3318424,318.2437,4.22783,312.91028,4.4407725,341.77042,4.4697037,325.2633,4.301553,329.33655,4.5649214
Cc1c2ccncc2c(C)c2c1[nH]c1ccccc12,Cc1ccccc1,293.0,4.675778342,322.5571,4.0158153,342.69553,4.2284217,324.0039,4.050826,335.17047,3.7681313,331.51102,4.196988,322.7335,4.026159,331.58173,3.7530446,355.05045,4.3121276,333.69418,3.7093859,336.71536,4.381534
Cc1c2ccncc2c(C)c2c1[nH]c1ccccc12,C1CCCCC1,290.0,4.57634135,327.36316,4.4470654,339.68423,4.3578305,327.60837,4.1363816,334.10815,4.276342,321.63293,4.341858,316.00128,4.2927804,321.33182,4.416897,348.68298,4.3862305,331.32147,4.0872283,329.6728,4.5406566
Cc1c2ccncc2c(C)c2c1[nH]c1ccccc12,CCCCCC,289.5,4.506505032,315.99567,4.557362,333.54324,4.43378,320.8295,4.119496,326.4348,4.1431904,322.68704,4.383661,321.73224,4.252188,322.213,4.4487944,340.21387,4.5149913,318.2557,4.3893113,325.58078,4.5515485
C(#Cc1ccncc1)C(C#Cc1ccncc1)=Cc1ccc(C=C(C#Cc2ccncc2)C#Cc2ccncc2)s1,ClC(Cl)Cl,522.0,4.041392685,455.01035,4.1684165,482.83777,4.140106,471.3698,3.8363028,471.37717,4.2231603,493.04767,4.0576324,494.17087,4.195424,471.49634,4.694646,474.52435,4.4919224,530.58026,4.2449555,494.77423,4.0891814
C(#Cc1ccccc1)C(C#Cc1ccccc1)=Cc1ccc2cc(C=C(C#Cc3ccccc3)C#Cc3ccccc3)ccc2c1,ClC(Cl)Cl,418.0,4.785329835,385.53674,4.617717,433.0759,4.6467023,386.11804,4.649761,400.8279,4.7781563,386.27887,4.6994147,452.12213,4.665742,431.423,4.689086,419.44534,4.6308684,415.0909,4.5864806,391.01215,4.7097034
C(#Cc1ccccc1)C(C#Cc1ccccc1)=Cc1c2ccccc2c(C=C(C#Cc2ccccc2)C#Cc2ccccc2)c2ccccc12,ClC(Cl)Cl,432.0,4.447158031,450.0444,4.5160413,460.97,4.590476,485.33456,4.559847,488.30048,4.702566,462.99228,4.632022,471.36172,4.7157617,475.31348,4.592348,464.73325,4.5501394,549.9528,4.400366,462.5415,4.5309644
CCCCCCCCCCCCC(CCCCCCCCCC)Cn1c2cc(/C=C/c3nc4ccccc4s3)c3cccc4c5cccc6c(/C=C/c7nc8ccccc8s7)cc1c(c65)c2c34,ClCCl,521.0,4.77815125,452.4715,4.6624403,503.09485,4.843546,484.60785,4.751078,527.22375,4.518459,504.06088,4.876,495.17294,4.573466,485.58536,4.6494946,554.0831,5.0362606,466.48608,4.747334,525.88214,4.6443467
CCCCCCCCCCCCC(CCCCCCCCCC)Cn1c2cc(/C=C/c3nc4ccccc4s3)c3cccc4c5cccc6c(/C=C/c7nc8ccccc8s7)cc1c(c65)c2c34,Cc1ccccc1,524.0,4.73239376,455.15704,4.6391783,501.91537,4.793286,490.2732,4.60162,525.12787,4.426373,500.51782,4.8748555,487.1376,4.4916515,484.69196,4.628527,558.2706,5.0501356,460.1026,4.7284975,530.83875,4.6864095
CCCCCCCCCCCCC(CCCCCCCCCC)Cn1c2cc(/C=C/c3nc4ccccc4s3)c3cccc4c5cccc6c(/C=C/c7nc8ccccc8s7)cc1c(c65)c2c34,CC#N,516.0,4.633468456,449.25797,4.7793927,495.83633,4.848974,478.45233,4.7444167,513.83093,4.552515,495.9355,4.8341665,481.9501,4.6121254,483.21173,4.6875167,550.4881,5.008363,463.36047,4.752841,523.48016,4.7032814
CCCCCCCCCCCCC(CCCCCCCCCC)Cn1c2cc(/C=C/c3nc4ccccc4s3)c3cccc4c5cccc6c(/C=C/c7nc8ccccc8s7)cc1c(c65)c2c34,C1CCCCC1,517.0,4.763427994,451.97406,4.7278385,502.3321,4.846839,476.66656,4.755011,518.48663,4.4515295,500.63315,4.848608,485.78424,4.5998445,478.41666,4.6616516,555.5024,5.048502,463.30774,4.7156887,521.98157,4.6739364
CCCCCCCCCCCCC(CCCCCCCCCC)Cn1c2cc(/C=C/C=C/c3nc4ccccc4s3)c3cccc4c5cccc6c(/C=C/C=C/c7nc8ccccc8s7)cc1c(c65)c2c34,ClCCl,538.0,4.806179974,554.1427,4.5474234,603.6063,4.7815347,580.2488,4.8951554,613.6919,4.7083464,583.38495,4.7754993,607.27545,4.684778,605.6886,4.6041694,627.0848,5.1336308,547.18146,4.5503416,611.0098,4.549002
CCCCCCCCCCCCC(CCCCCCCCCC)Cn1c2cc(/C=C/C=C/c3nc4ccccc4s3)c3cccc4c5cccc6c(/C=C/C=C/c7nc8ccccc8s7)cc1c(c65)c2c34,Cc1ccccc1,538.0,4.792391689,550.4078,4.6425786,598.6991,4.72111,577.7283,4.729245,601.50037,4.644796,583.1981,4.7768364,601.4539,4.588834,603.9009,4.622998,630.37195,5.148661,538.1724,4.5102177,612.38324,4.5969124
CCCCCCCCCCCCC(CCCCCCCCCC)Cn1c2cc(/C=C/C=C/c3nc4ccccc4s3)c3cccc4c5cccc6c(/C=C/C=C/c7nc8ccccc8s7)cc1c(c65)c2c34,CC#N,528.0,4.602059991,541.9143,4.643758,589.5469,4.7629523,570.56964,4.8801184,595.0507,4.739498,573.6966,4.744081,593.8758,4.684727,599.4182,4.659709,622.5742,5.1065865,540.3581,4.5494547,599.01556,4.596325
CCCCCCCCCCCCC(CCCCCCCCCC)Cn1c2cc(/C=C/C=C/c3nc4ccccc4s3)c3cccc4c5cccc6c(/C=C/C=C/c7nc8ccccc8s7)cc1c(c65)c2c34,C1CCCCC1,530.0,4.806179974,547.8901,4.662319,599.35614,4.785917,573.5377,4.904348,604.496,4.689502,582.6674,4.7780294,599.0804,4.6901217,598.3599,4.67264,627.642,5.148269,537.52673,4.5217495,608.2273,4.564559
CCCCCCCCCCCCC(CCCCCCCCCC)Cn1c2cc(C=C(C#N)C#N)c3cccc4c5cccc6c(C=C(C#N)C#N)cc1c(c65)c2c34,ClCCl,581.0,4.51851394,514.82446,4.504629,533.024,4.551601,528.51184,4.6080546,542.2193,4.768669,511.38846,4.5969987,539.79016,4.6181726,530.9121,4.60246,523.2858,4.7688484,522.2665,4.5655346,556.793,4.5415134
CCCCCCCCCCCCC(CCCCCCCCCC)Cn1c2cc(C=C(C#N)C#N)c3cccc4c5cccc6c(C=C(C#N)C#N)cc1c(c65)c2c34,Cc1ccccc1,584.0,4.505149978,510.88995,4.4407306,530.2854,4.5095615,516.0138,4.629005,533.85046,4.8108153,508.8749,4.584816,536.96716,4.573922,528.606,4.5938478,524.7407,4.7718205,522.1503,4.5276804,553.3799,4.5801606
CCCCCCCCCCCCC(CCCCCCCCCC)Cn1c2cc(C=C(C#N)C#N)c3cccc4c5cccc6c(C=C(C#N)C#N)cc1c(c65)c2c34,CC#N,571.0,4.431363764,514.5466,4.4624076,521.3164,4.554953,528.40686,4.564144,534.35406,4.61074,495.87067,4.5667696,532.3542,4.5596046,515.6014,4.605623,519.938,4.7495794,517.5506,4.5675974,547.34875,4.5656724
CCCCCCCCCCCCC(CCCCCCCCCC)Cn1c2cc(C=C(C#N)C#N)c3cccc4c5cccc6c(C=C(C#N)C#N)cc1c(c65)c2c34,C1CCCCC1,574.0,4.462397998,514.3543,4.491265,535.2991,4.5550694,532.56903,4.642954,557.9552,4.7221227,511.81387,4.599435,533.4242,4.614596,519.9909,4.6160245,524.6587,4.7801714,528.2447,4.5689225,556.7602,4.575291
F[B-]1(F)OC(c2ccccc2)=C(c2ccccc2)c2oc3ccccc3[n+]21,C1CCOC1,344.0,3.87817698,350.6405,3.862603,345.40662,3.6536298,346.7069,3.8191242,358.67194,3.7506495,354.3107,3.8019183,339.50558,3.845075,365.4002,3.8605208,354.94592,4.3565626,365.38168,3.672793,385.4535,4.2269773
CN(C)c1ccc(C2=C(c3ccccc3)c3oc4ccccc4[n+]3[B-](F)(F)O2)cc1,C1CCOC1,414.0,3.989004616,395.8877,4.2012496,380.92297,4.0164075,392.21805,4.088451,421.63635,4.255741,412.15564,4.0979023,390.8901,4.0735636,422.74167,4.2428856,391.66904,4.4959035,396.6395,4.192284,441.23676,4.5179358
F[B-]1(F)OC(c2ccccc2)=C(c2ccccc2)c2sc3ccccc3[n+]21,C1CCOC1,360.0,4.365487985,382.8027,4.2689605,361.81616,3.9632418,379.04752,4.177576,377.9611,4.0560765,379.23038,4.1452155,365.99957,4.1776247,382.4836,4.184891,361.0916,4.3015013,385.92218,3.9586763,391.184,4.1091423
COC(=O)C[C@H](NC(=O)[C@H](Cc1c[nH]c2ccccc12)NC(=O)OC(C)(C)C)C(=O)OC,CCOC(C)=O,280.0,3.876794976,265.97757,4.1756353,284.2832,4.1421676,284.3913,3.951,290.80518,4.1205006,286.23083,4.1149764,284.3985,3.8661666,300.15433,4.1047106,275.37784,4.2591376,284.98608,4.0744944,304.6033,4.1391954
COC(=O)C[C@H](NC(=O)[C@H](Cc1c[nH]c2ccccc12)NC(=O)OC(C)(C)C)C(=O)OC,CC#N,280.0,3.900530982,263.23022,4.0980744,279.2185,4.0883746,293.1495,3.9666753,292.91058,4.1286445,284.1059,4.00166,285.72028,3.8840804,299.30188,4.091949,271.74127,4.191998,284.24207,3.9296474,295.91974,4.0028963
COC(=O)C[C@H](NC(=O)[C@H](Cc1c[nH]c2ccccc12)NC(=O)OC(C)(C)C)C(=O)OC,CO,280.0,3.875928985,260.21405,4.122108,283.4334,3.9351902,289.39023,4.0253625,287.18298,3.9833162,283.0892,3.847933,291.90173,3.6546607,306.1739,4.1240487,272.91016,4.2358694,277.43597,3.716676,295.21674,3.9740791
Oc1ccccc1-c1nc2c(c3c1-c1ccccc1CC3)-c1ccccc1CC2,ClCCl,339.0,4.146128036,320.71072,3.8789206,323.61566,4.1265078,319.44626,3.9817805,324.2979,3.9524019,325.10944,3.8623612,321.51685,4.000049,316.77405,4.163572,331.1355,4.130257,313.2091,4.038512,323.714,3.9508257
CCCCn1c2ccccc2c2cc(C#Cc3ccc4ccc5cccc6ccc3c4c56)ccc21,ClCCl,402.0,4.729974286,395.32355,4.827732,393.53238,4.8174634,403.4196,4.861651,409.37585,4.737836,397.44485,4.725829,405.05997,4.8990135,401.52582,4.9087086,388.8794,4.695187,405.6968,4.772259,395.01163,4.9299793
CCCCCCCCN1c2ccccc2Sc2cc(/C=C/c3ccc(N(c4ccc(/C=C/c5ccc6c(c5)Sc5ccccc5N6CCCCCCCC)cc4)c4ccc(/C=C/c5ccc(/C=C/c6ccc(N(c7ccc(/C=C/c8ccc9c(c8)Sc8ccccc8N9CCCCCCCC)cc7)c7ccc(/C=C/c8ccc9c(c8)Sc8ccccc8N9CCCCCCCC)cc7)cc6)c6nsnc56)cc4)cc3)ccc21,Cc1ccccc1,530.0,4.69019608,520.3355,4.765463,520.8541,4.5941334,524.5454,4.881319,528.5514,4.856206,519.7291,4.6960473,539.83575,4.6518583,519.94934,4.7166123,529.6896,4.766285,517.3608,4.657033,519.061,4.675122
CCCCCCCCN1c2ccccc2Sc2cc(/C=C/c3ccc(N(c4ccc(/C=C/c5ccc6c(c5)Sc5ccccc5N6CCCCCCCC)cc4)c4ccc(/C=C/c5ccc(/C=C/c6ccc(N(c7ccc(/C=C/c8ccc9c(c8)Sc8ccccc8N9CCCCCCCC)cc7)c7ccc(/C=C/c8ccc9c(c8)Sc8ccccc8N9CCCCCCCC)cc7)cc6)c6nsnc56)cc4)cc3)ccc21,CCOC(C)=O,519.0,4.602059991,520.7517,4.619367,519.06946,4.5848126,519.00586,4.7420597,526.74835,4.861577,515.9348,4.6430883,538.32245,4.5994954,516.3738,4.584396,524.48737,4.7484245,517.15173,4.6073346,512.16986,4.631867
CCCCCCCCN1c2ccccc2Sc2cc(/C=C/c3ccc(N(c4ccc(/C=C/c5ccc6c(c5)Sc5ccccc5N6CCCCCCCC)cc4)c4ccc(/C=C/c5ccc(/C=C/c6ccc(N(c7ccc(/C=C/c8ccc9c(c8)Sc8ccccc8N9CCCCCCCC)cc7)c7ccc(/C=C/c8ccc9c(c8)Sc8ccccc8N9CCCCCCCC)cc7)cc6)c6nsnc56)cc4)cc3)ccc21,C1CCOC1,530.0,4.662757832,523.24585,4.641678,525.0274,4.5697017,523.0009,4.7202706,532.3354,4.7955823,519.2831,4.63717,544.2729,4.5877666,519.2589,4.6086693,526.61975,4.739105,521.1027,4.5997524,511.66556,4.603433
CCCCCCCCN1c2ccccc2Sc2cc(/C=C/c3ccc(N(c4ccc(/C=C/c5ccc6c(c5)Sc5ccccc5N6CCCCCCCC)cc4)c4ccc(/C=C/c5ccc(/C=C/c6ccc(N(c7ccc(/C=C/c8ccc9c(c8)Sc8ccccc8N9CCCCCCCC)cc7)c7ccc(/C=C/c8ccc9c(c8)Sc8ccccc8N9CCCCCCCC)cc7)cc6)c6nsnc56)cc4)cc3)ccc21,ClC(Cl)Cl,530.0,4.672097858,528.5225,4.604739,532.3844,4.5785103,529.54443,4.712675,535.991,4.784728,532.24963,4.634351,552.86505,4.6338334,531.29144,4.6319494,534.8773,4.7701683,532.009,4.6548557,523.435,4.629543
CCCCCCCCN1c2ccccc2Sc2cc(/C=C/c3ccc(N(c4ccc(/C=C/c5ccc6c(c5)Sc5ccccc5N6CCCCCCCC)cc4)c4ccc(/C=C/c5ccc(/C=C/c6ccc(N(c7ccc(/C=C/c8ccc9c(c8)Sc8ccccc8N9CCCCCCCC)cc7)c7ccc(/C=C/c8ccc9c(c8)Sc8ccccc8N9CCCCCCCC)cc7)cc6)c6nsnc56)cc4)cc3)ccc21,ClCCl,533.0,4.643452676,523.8946,4.563376,526.47156,4.569637,527.43634,4.7089314,535.1883,4.8027873,524.6962,4.635439,548.907,4.602444,524.75323,4.6162157,528.49695,4.7459464,523.9729,4.6168194,519.20355,4.619867
CCCCCCCCN1c2ccccc2Sc2cc(/C=C/c3ccc(N(c4ccc(/C=C/c5ccc6c(c5)Sc5ccccc5N6CCCCCCCC)cc4)c4ccc(/C=C/c5ccc(/C=C/c6ccc(N(c7ccc(/C=C/c8ccc9c(c8)Sc8ccccc8N9CCCCCCCC)cc7)c7ccc(/C=C/c8ccc9c(c8)Sc8ccccc8N9CCCCCCCC)cc7)cc6)c6nsnc56)cc4)cc3)ccc21,CN(C)C=O,530.0,4.62324929,516.46094,4.6496215,522.0728,4.6275954,521.4472,4.8583736,524.7281,4.8875027,520.9123,4.622214,541.0039,4.6599636,527.9423,4.6500306,531.33453,4.7432766,520.99426,4.6521506,516.0746,4.6501665
Oc1c(-c2nc3c4ccccc4c4ccccc4c3[nH]2)cc2c3c1CCCN3CCC2,CCCCCC,364.0,4.532754379,402.46887,4.3426576,388.3906,4.282601,425.80463,4.2677135,412.60706,4.4989433,415.2617,4.4035325,435.896,4.3399525,430.43814,4.3855004,425.46786,4.6037383,452.5266,4.4059052,405.178,4.421695
Oc1c(-c2nc3c4ccccc4c4ccccc4c3[nH]2)cc2c3c1CCCN3CCC2,Cc1ccccc1,369.0,4.5289167,406.61493,4.2217364,394.97235,4.3420362,433.9194,4.232144,415.79633,4.5193396,417.12216,4.371139,445.1902,4.2725105,434.917,4.306638,430.3778,4.6009955,454.55365,4.4038315,408.88922,4.4148974
Oc1c(-c2nc3c4ccccc4c4ccccc4c3[nH]2)cc2c3c1CCCN3CCC2,C1CCOC1,367.0,4.551449998,408.0213,4.4112296,398.68982,4.3587747,431.23788,4.3021445,427.70718,4.588767,415.45975,4.4402633,443.18658,4.3577094,437.82324,4.3720865,423.74475,4.5968003,454.69083,4.4263396,409.46298,4.5127454
Oc1c(-c2nc3c4ccccc4c4ccccc4c3[nH]2)cc2c3c1CCCN3CCC2,ClCCl,367.0,4.537819095,405.80542,4.332074,394.85846,4.3191805,435.97687,4.289082,426.8881,4.6357527,419.35422,4.4340196,451.26935,4.418837,435.71323,4.4050364,422.90198,4.6045423,454.03302,4.444386,404.89352,4.4970894
Oc1c(-c2nc3c4ccccc4c4ccccc4c3[nH]2)cc2c3c1CCCN3CCC2,CO,365.0,4.583198774,413.17947,4.2473903,394.21252,4.214863,432.37656,4.3401656,422.21698,4.610861,420.15933,4.351524,440.79715,4.327011,436.7048,4.329299,427.47736,4.537885,454.90778,4.3400664,403.4875,4.437001
Oc1c(-c2nc3c4ccccc4c4ccccc4c3[nH]2)cc2c3c1CCCN3CCC2,CC#N,365.0,4.567026366,408.34937,4.356227,394.08676,4.3173714,431.08395,4.365505,424.77057,4.5346165,413.7659,4.4305396,441.7821,4.3475757,436.41388,4.3450885,419.99588,4.6005416,455.98947,4.4131465,403.04614,4.3937893
Oc1c(-c2nc3c4ccccc4c4ccccc4c3[nH]2)cc2c3c1CCCN3CCC2,CS(C)=O,368.0,4.588831726,411.41156,4.2764554,403.1758,4.2600517,438.25497,4.237709,428.57532,4.639617,428.94324,4.3841796,442.94897,4.1874065,434.08038,4.3222513,432.62808,4.5647626,462.74826,4.3919697,406.845,4.416292
CCN(CC)c1ccc(-c2nc3c4ccc(-c5ccccc5)cc4c4cc(-c5ccccc5)ccc4c3[nH]2)c(O)c1,CCCCCC,361.0,4.725094521,385.4144,4.6101813,402.23358,4.548167,387.10635,4.536771,398.48068,4.6976085,403.05878,4.585355,386.29883,4.7271824,395.5294,4.6700344,403.89233,4.8622437,401.52185,4.5515738,398.46805,4.7045527
CCN(CC)c1ccc(-c2nc3c4ccc(-c5ccccc5)cc4c4cc(-c5ccccc5)ccc4c3[nH]2)c(O)c1,Cc1ccccc1,367.0,4.651278014,385.85107,4.4852986,406.5397,4.5393696,389.7536,4.4495926,395.55496,4.744588,407.6892,4.642929,387.2109,4.6768475,397.7082,4.6912637,408.17172,4.828768,407.18185,4.5448666,396.19873,4.617136
CCN(CC)c1ccc(-c2nc3c4ccc(-c5ccccc5)cc4c4cc(-c5ccccc5)ccc4c3[nH]2)c(O)c1,C1CCOC1,362.0,4.713490543,391.85727,4.6336317,406.40906,4.585947,393.23627,4.596505,407.5723,4.7417755,402.5761,4.6691422,390.25925,4.7683773,397.35217,4.6901956,405.70737,4.8238707,405.89682,4.550883,402.58844,4.7506733
CCN(CC)c1ccc(-c2nc3c4ccc(-c5ccccc5)cc4c4cc(-c5ccccc5)ccc4c3[nH]2)c(O)c1,ClCCl,370.0,4.678518379,390.01,4.626888,405.75934,4.6038475,395.4599,4.6404085,412.40118,4.80713,406.5986,4.7128396,387.7637,4.807562,396.2993,4.823785,403.9653,4.846774,406.12665,4.6108723,399.38193,4.771069
CCN(CC)c1ccc(-c2nc3c4ccc(-c5ccccc5)cc4c4cc(-c5ccccc5)ccc4c3[nH]2)c(O)c1,CO,359.0,4.730782276,389.76645,4.5463147,405.3363,4.499043,399.2699,4.498115,410.26123,4.769024,410.61282,4.612776,381.99402,4.6848283,401.19324,4.690192,403.57388,4.827205,413.4377,4.4855213,399.77228,4.720524
CCN(CC)c1ccc(-c2nc3c4ccc(-c5ccccc5)cc4c4cc(-c5ccccc5)ccc4c3[nH]2)c(O)c1,CC#N,363.0,4.73239376,383.32288,4.644233,404.1493,4.575779,398.0484,4.634424,403.8342,4.7177577,407.22388,4.69909,391.55142,4.7482996,391.9852,4.6860304,403.5402,4.833792,405.2132,4.5694566,393.0137,4.6452055
CCN(CC)c1ccc(-c2nc3c4ccc(-c5ccccc5)cc4c4cc(-c5ccccc5)ccc4c3[nH]2)c(O)c1,CS(C)=O,365.0,4.745074792,392.66925,4.6146526,411.01312,4.517176,407.54388,4.4808006,414.5453,4.787095,416.41806,4.6305447,396.9067,4.6715198,396.093,4.6366787,410.7838,4.792108,410.2106,4.5196013,401.92932,4.6150637
Oc1c(-c2nc3c4ccc(-c5ccccc5)cc4c4cc(-c5ccccc5)ccc4c3[nH]2)cc2c3c1CCCN3CCC2,CCCCCC,376.0,4.434568904,408.85623,4.360871,403.83084,4.4040117,427.9813,4.4104304,427.95566,4.6319237,427.8578,4.4946074,437.3404,4.4365253,435.12457,4.4090385,432.79892,4.666582,452.7271,4.3875456,418.26138,4.6214495
Oc1c(-c2nc3c4ccc(-c5ccccc5)cc4c4cc(-c5ccccc5)ccc4c3[nH]2)cc2c3c1CCCN3CCC2,Cc1ccccc1,381.0,4.450249108,415.8583,4.2385526,408.14084,4.410991,432.586,4.3613086,427.06497,4.6180835,424.58395,4.4535217,444.29742,4.3564887,442.40018,4.361223,436.36014,4.6652513,456.95767,4.412241,416.41965,4.504678
Oc1c(-c2nc3c4ccc(-c5ccccc5)cc4c4cc(-c5ccccc5)ccc4c3[nH]2)cc2c3c1CCCN3CCC2,C1CCOC1,367.0,4.469822016,414.37152,4.4606767,409.03918,4.448553,434.33957,4.4554424,435.5518,4.6458726,422.31244,4.5212884,444.39648,4.4337244,439.58084,4.438781,430.87643,4.662652,454.83014,4.404804,420.41708,4.670906
Oc1c(-c2nc3c4ccc(-c5ccccc5)cc4c4cc(-c5ccccc5)ccc4c3[nH]2)cc2c3c1CCCN3CCC2,ClCCl,371.0,4.442479769,415.5045,4.3797855,407.9293,4.443526,437.22357,4.455297,432.3998,4.6364217,425.96814,4.5184712,452.8357,4.4943495,441.63055,4.4538445,430.6341,4.6719484,458.42062,4.446417,415.85522,4.6708927
Oc1c(-c2nc3c4ccc(-c5ccccc5)cc4c4cc(-c5ccccc5)ccc4c3[nH]2)cc2c3c1CCCN3CCC2,CO,366.0,4.499687083,416.30533,4.2671804,407.37653,4.355146,431.49286,4.478649,432.29645,4.721869,423.96216,4.420798,442.84558,4.423411,440.93512,4.3961277,434.5473,4.6291423,460.02435,4.387209,413.41785,4.624405
Oc1c(-c2nc3c4ccc(-c5ccccc5)cc4c4cc(-c5ccccc5)ccc4c3[nH]2)cc2c3c1CCCN3CCC2,CC#N,371.0,4.488550717,411.0927,4.4336686,408.18655,4.4337044,432.5228,4.4733033,436.90903,4.630105,422.6311,4.5035686,442.76544,4.4565277,435.16614,4.386076,427.934,4.6674633,455.57434,4.3985696,416.3221,4.56385
Oc1c(-c2nc3c4ccc(-c5ccccc5)cc4c4cc(-c5ccccc5)ccc4c3[nH]2)cc2c3c1CCCN3CCC2,CS(C)=O,373.0,4.53529412,418.71384,4.370526,414.63254,4.3963537,442.423,4.2957454,433.33035,4.662233,432.1363,4.4365163,449.07764,4.327947,440.60672,4.3754797,438.05505,4.6317043,461.54648,4.3830233,420.4221,4.4826555
NS(=O)(=O)c1ccc(N2N=C(c3ccc(O)cc3)CC2c2ccc(Cl)cc2)cc1,C1COCCO1,358.0,5.462397998,354.67557,5.596654,356.74866,5.6172504,353.38727,5.5824013,357.1792,5.59369,347.85672,5.6599584,357.14084,5.600295,358.13818,5.580984,360.51602,5.593936,361.14923,5.564979,355.08063,5.554654
NS(=O)(=O)c1ccc(N2N=C(c3ccc(O)cc3)CC2c2ccc(Cl)cc2)cc1,C1CCOC1,358.0,5.555094449,357.52835,5.6045985,359.5575,5.639074,353.58063,5.5909266,356.80875,5.5942907,347.02075,5.70426,356.9185,5.5826254,360.05893,5.5747023,362.76874,5.591645,363.894,5.5815473,357.86172,5.599255
NS(=O)(=O)c1ccc(N2N=C(c3ccc(O)cc3)CC2c2ccc(Cl)cc2)cc1,CCOC(C)=O,357.0,5.491361694,357.06842,5.5907393,361.36615,5.5794697,351.93234,5.5597587,357.12115,5.570927,344.89197,5.6855545,356.6213,5.605928,360.2772,5.567803,361.5349,5.5952473,359.9441,5.580668,357.19818,5.5904284
NS(=O)(=O)c1ccc(N2N=C(c3ccc(O)cc3)CC2c2ccc(Cl)cc2)cc1,CN(C)C=O,361.0,5.496929648,356.0482,5.620828,362.7563,5.5943108,354.7543,5.5979724,359.01532,5.6350007,349.4831,5.689287,361.2328,5.617854,370.3477,5.554978,368.09677,5.5718617,366.1004,5.552681,356.3299,5.599099
NS(=O)(=O)c1ccc(N2N=C(c3ccc(O)cc3)CC2c2ccc(Cl)cc2)cc1,CS(C)=O,363.0,5.557507202,360.19232,5.559582,361.6999,5.5233936,357.40344,5.5572815,361.9267,5.630987,352.66888,5.6589727,358.27588,5.519423,365.73322,5.5586214,367.56198,5.557091,366.8333,5.5946174,360.8787,5.551471
NS(=O)(=O)c1ccc(N2N=C(c3ccc(O)cc3)CC2c2ccc(Cl)cc2)cc1,CC#N,357.0,5.489958479,355.57626,5.6504297,360.61023,5.6426325,353.07352,5.653986,356.19647,5.649851,345.2539,5.6809783,359.00223,5.6385794,364.66156,5.5743628,360.08664,5.6097393,360.01627,5.6487474,358.48422,5.5999365
NS(=O)(=O)c1ccc(N2N=C(c3ccc(O)cc3)CC2c2ccc(Cl)cc2)cc1,CC(C)O,357.0,5.563481085,355.9616,5.645844,360.12323,5.622299,352.8212,5.6488147,355.47437,5.697698,345.29797,5.7217836,355.1737,5.6262093,362.22266,5.6260915,364.78473,5.5884104,356.49762,5.697296,353.69666,5.6540747
NS(=O)(=O)c1ccc(N2N=C(c3ccc(O)cc3)CC2c2ccc(Cl)cc2)cc1,CCO,357.0,5.660865478,356.14792,5.6548185,357.4386,5.653756,351.83456,5.650512,355.29486,5.697299,347.8858,5.736912,357.34134,5.6577973,360.39807,5.633677,362.73776,5.5961237,362.22418,5.633283,354.95154,5.6220255
NS(=O)(=O)c1ccc(N2N=C(c3ccc(O)cc3)CC2c2ccc(Cl)cc2)cc1,CO,356.0,5.610660163,353.86682,5.653161,359.16437,5.6377296,351.12665,5.654973,352.84314,5.688506,343.09183,5.7589593,357.7894,5.6506343,358.24234,5.6368694,360.81842,5.607372,353.37183,5.6523223,354.59216,5.637104
NS(=O)(=O)c1ccc(N2N=C(c3ccc(O)cc3)CC2c2ccc(Cl)cc2)cc1,O,359.0,5.127104798,356.7401,5.2721205,357.36877,5.275877,352.98465,5.2532086,357.89005,5.2813587,348.35233,5.313956,359.5891,5.1732926,365.3357,5.2989,367.52646,5.453327,356.03207,5.4007707,352.6031,5.384955
CCCCN1C(=O)c2cccc3c(N(C)C)ccc(c23)C1=O,Cc1ccccc1,403.0,4.290924559,399.94257,4.3814716,364.07373,4.2919292,378.73376,4.3935027,386.35367,4.419849,380.97763,4.3375435,367.11044,4.405519,393.48343,4.242199,373.38196,4.247161,370.58987,4.3576794,371.35764,4.373426
CCCCN1C(=S)c2cccc3c(N(C)C)ccc(c23)C1=S,Cc1ccccc1,536.0,4.44684771,488.63867,4.449987,477.57687,4.390251,481.70032,4.4742537,487.05194,4.4992824,495.45795,4.4842753,470.2507,4.569077,490.00568,4.369554,480.1941,4.4821877,392.51526,4.410887,501.19122,4.543135
CSc1nccc(/C=C/c2ccc(N(c3ccccc3)c3ccc(/C=C/c4ccnc(SC)n4)cc3)cc2)n1,ClCCl,430.0,4.627570664,433.52548,4.7003098,416.85767,4.6988606,448.329,4.710357,456.3677,4.7394757,432.32117,4.655835,428.10556,4.749697,476.56152,4.642833,437.12872,4.617281,436.15677,4.57021,441.20844,4.730905
CN(C)c1ccc2nc(-c3ccccc3)c(=O)oc2c1,c1ccccc1,436.0,4.267171728,403.2809,4.3755736,401.73642,4.3072553,417.93448,4.3421474,429.95367,4.4128337,427.78598,4.372443,416.96854,4.478317,434.71945,4.3049364,404.95255,4.419989,401.85587,4.538533,409.25613,4.4863114
O=c1oc2ccc3ccc(O)cc3c2nc1-c1ccccc1,c1ccccc1,406.0,3.785329835,399.13187,4.133831,391.37665,4.102949,393.0699,4.1250486,407.8382,4.175523,405.72943,4.0601263,388.23453,4.3116703,416.71643,4.021426,398.29218,4.269569,405.18994,4.1931624,396.99426,4.2277784
O=c1oc2cc3ccccc3cc2nc1-c1ccccc1,c1ccccc1,356.0,4.36361198,384.0251,4.19543,375.3218,4.307933,383.93155,4.403142,394.09808,4.3332596,382.25763,4.298192,361.4093,4.5855293,391.0657,4.322082,371.59528,4.249992,384.9654,4.3169317,381.27185,4.440392
O=c1oc2c(ccc3ccccc32)nc1-c1ccccc1,c1ccccc1,396.0,4.0923697,370.2414,3.9710555,380.03882,4.071269,390.24792,4.22584,402.0861,4.287697,383.26923,4.0650916,385.01334,4.298095,391.31744,4.34986,369.49957,4.281644,377.24908,4.269675,395.37793,3.9542422
CCCCn1c(-c2ccc(-c3ccc(-c4ccc(-c5n(CCCC)c6ccccc6[n+]5CCCC)cc4)cc3)cc2)[n+](CCCC)c2ccccc21,O,303.0,4.781755375,352.4311,4.720349,328.5004,4.824983,306.75873,4.733015,343.6656,4.7149057,326.0153,4.8320184,333.72406,4.610881,317.7642,4.929299,351.17694,4.862267,297.43457,4.9099245,332.00385,4.7454853
CCCCn1c(-c2ccc(-c3ccc(-c4ccc(-c5n(CCCC)c6cc(C)ccc6[n+]5CCCC)cc4)cc3)cc2)[n+](CCCC)c2ccc(C)cc21,O,304.0,4.800717078,352.8758,4.728336,336.9417,4.825059,320.50482,4.806555,352.6715,4.7205057,327.16257,4.8657312,361.33978,4.6599073,329.61865,4.9216146,353.89786,4.8825674,308.43005,4.989304,334.86832,4.771049
COc1ccc2cc(C3=[N+]4C(=Nc5c(-c6ccccc6)cc(-c6ccc7cc(OC)ccc7c6)n5[B-]4(F)F)C(c4ccccc4)=C3)ccc2c1,ClCCl,706.0,4.949390007,702.3987,4.8909154,707.4541,4.9828315,713.1633,4.96376,710.8492,4.959923,712.7659,4.9496737,704.66095,5.004698,719.93054,4.940533,717.44446,4.948859,695.56586,4.945715,720.3517,4.9790063
COc1ccc(C2=[N+]3C(=Nc4c(-c5ccc6ccccc6c5)c(Br)c(-c5ccc(OC)cc5)n4[B-]3(F)F)C(c3ccc4ccccc4c3)=C2Br)cc1,ClCCl,692.0,4.944482672,683.71344,4.83946,688.0468,4.878551,698.18774,4.9014387,680.5131,4.929457,700.865,4.840612,691.2914,4.921448,685.795,4.917244,708.5825,4.834233,681.55115,4.856013,674.1392,4.802743
Cc1nc2c(ccc3c2sc(/C=C/c2cc4c5c(c2)CCCN5CCC4)[n+]3C)s1,CO,574.0,4.937016107,567.72156,4.720971,538.27124,4.587537,558.9843,4.567397,574.34766,4.7224073,585.1185,4.8533087,531.369,4.613116,546.02655,4.676207,585.7549,4.7420573,578.52454,4.6869574,561.2794,4.795463
Cc1nc2c(ccc3c2sc(/C=C/c2cc4c5c(c2)CCCN5CCC4)[n+]3C)s1,ClC(Cl)Cl,595.0,4.981365509,593.3142,4.7534585,548.0535,4.7153287,580.7339,4.6563497,600.3911,4.761882,592.0464,4.9096084,553.58685,4.632149,557.1631,4.6940103,592.63434,4.7812023,592.56116,4.7242913,577.10406,4.840092
CCCCCCC1(CCCCCC)c2cc(-c3nc(-c4ccc5c(c4)C(CCCCCC)(CCCCCC)c4cc(-n6c7ccc(C(C)(C)C)cc7c7cc(C(C)(C)C)ccc76)ccc4-5)nc(-c4ccc5c(c4)C(CCCCCC)(CCCCCC)c4cc(-n6c7ccc(C(C)(C)C)cc7c7cc(C(C)(C)C)ccc76)ccc4-5)n3)ccc2-c2ccc(-n3c4ccc(C(C)(C)C)cc4c4cc(C(C)(C)C)ccc43)cc21,C1CCOC1,382.0,4.870988814,363.8896,4.5900645,351.5202,5.013715,378.12823,4.986117,394.39005,4.525144,367.96286,4.83268,375.54822,4.8887215,385.33328,4.7847776,356.89993,4.805162,354.00372,4.584046,359.902,4.6863236
CCCCCCC1(CCCCCC)c2cc(-c3nc(-c4ccc5c(c4)C(CCCCCC)(CCCCCC)c4cc(N6c7ccccc7Oc7ccccc76)ccc4-5)nc(-c4ccc5c(c4)C(CCCCCC)(CCCCCC)c4cc(N6c7ccccc7Oc7ccccc76)ccc4-5)n3)ccc2-c2ccc(N3c4ccccc4Oc4ccccc43)cc21,C1CCOC1,391.0,4.23299611,398.4602,4.482657,386.76428,4.5248284,385.78278,4.7480645,407.69498,4.044987,395.7977,4.1595054,396.2685,4.399237,395.86993,4.424858,403.998,4.3540583,411.9249,4.137522,387.27002,4.2827277
CC[N+]1(CC)CN2C(C)=CC(C)=C(C(=O)O)C2=N1,O,343.0,3.656673046,332.1343,3.6348157,358.16995,3.612325,353.62616,3.5904338,366.1292,3.6363556,350.58957,3.6081057,345.94672,3.643238,341.66724,3.693432,338.2608,3.54209,346.42496,3.5337188,339.05212,3.5575542
CC[N+]1(CC)CN2C(=N1)C(C(=O)O)=Cc1ccccc12,O,373.0,3.648847708,362.54993,3.5627193,371.64746,3.574804,377.25986,3.5755324,373.025,3.500339,377.30353,3.5122771,371.37903,3.626689,370.57715,3.6342359,372.14594,3.6909742,369.9201,3.575509,366.20087,3.5537984
CC[N+]1(CC)CN2C(=N1)C(C(=O)O)=Cc1cc(F)ccc12,O,375.0,3.70612011,369.28455,3.5648925,383.11298,3.6394548,384.60208,3.7184644,380.74963,3.6852179,381.11243,3.5624123,382.00665,3.740574,371.56555,3.6665754,382.2099,3.6946442,387.6626,3.6676772,380.157,3.623405
CC[N+]1(CC)CN2C(=N1)C(C(=O)O)=Cc1ccc(Cl)cc12,O,367.0,3.776119799,361.4733,3.547435,376.02274,3.678708,379.0448,3.661806,374.64563,3.622715,388.48404,3.5600848,380.062,3.743615,368.71155,3.6735866,382.16382,3.7705798,380.34802,3.670499,368.6789,3.5979128
CC[N+]1(CC)CN2C(=N1)C(C(=O)O)=Cc1ccc(OC)cc12,O,372.0,4.016657345,375.6112,3.488759,376.41815,3.6861615,382.75476,3.635079,378.09995,3.5638897,384.86566,3.542324,382.83545,3.6764388,375.28748,3.6452508,378.77182,3.7387471,391.56534,3.6182938,373.13995,3.6260676
CC[N+]1(CC)CN2C(=N1)C(C(=O)[O-])=Cc1ccccc12,O,369.0,3.593950295,363.08813,3.5972505,362.12164,3.4947448,359.94513,3.6986036,377.76727,3.449297,371.93634,3.5898483,362.91818,3.5921264,357.28595,3.5650425,368.1846,3.7807255,357.79254,3.6071253,360.70404,3.6364558
CC[N+]1(CC)CN2C(C)=CC(C)=C(C(=O)O)C2=N1,CN(C)C=O,346.0,3.048830087,357.15607,3.416498,352.9971,3.5906336,362.118,3.5788546,352.86108,3.5734859,359.86838,3.662031,355.69815,3.571458,359.72156,3.5239205,342.25262,3.6174912,356.19467,3.4896407,362.80084,3.4398363
CC[N+]1(CC)CN2C(=N1)C(C(=O)O)=Cc1ccccc12,CN(C)C=O,361.0,3.758230408,391.17255,3.3390322,369.84274,3.6571317,379.31934,3.6544402,367.88965,3.5703201,386.3737,3.6614683,380.13516,3.6111765,386.2249,3.5372865,381.30618,3.8427553,380.01584,3.5576231,381.1681,3.4476185
CC[N+]1(CC)CN2C(=N1)C(C(=O)[O-])=Cc1ccccc12,CN(C)C=O,378.0,3.562411833,383.70593,3.5715716,360.12497,3.683723,376.33783,3.6427965,376.66156,3.4699621,386.0001,3.647795,369.5845,3.6193998,370.81882,3.4643497,377.0602,3.9577694,374.12,3.584002,372.08163,3.6072216
CN1/C(=C/C=C(/C=C/c2sc3ccccc3[n+]2C)c2ccccc2)Sc2ccccc21,CS(C)=O,645.0,5.477121255,656.239,5.202689,637.64685,5.004884,648.45245,5.212287,640.5768,5.1809616,648.7646,5.1287527,638.11224,5.076883,649.2697,5.086906,653.6376,5.1290383,652.3246,5.0034246,663.9193,5.130137
CN1/C(=C/C=C(/C=C/c2sc3ccccc3[n+]2C)c2ccccc2)Sc2ccccc21,CO,647.0,4.361727836,643.3395,5.238087,625.38696,5.0413504,635.30817,5.2786846,636.30316,5.389701,640.6782,5.186465,629.38525,5.150114,642.663,5.0765176,651.52856,5.1624403,646.98016,5.0373583,653.6355,5.1989293
CN1/C(=C/C=C(/C=C/c2sc3ccccc3[n+]2C)c2ccccc2)Sc2ccccc21,CCO,651.0,4.62324929,645.2543,5.273192,626.815,5.027141,641.49976,5.244758,636.5144,5.3590918,641.69226,5.1882105,630.82776,5.1285686,643.6025,5.0597434,649.342,5.1519127,644.11487,5.0209537,654.40356,5.1877294
CN1/C(=C/C=C(/C=C/c2sc3ccccc3[n+]2C)c2ccccc2)Sc2ccccc21,O,641.0,4.982271233,632.4253,4.8043146,619.8037,4.8607707,634.47015,4.808966,633.4267,4.7726054,641.21173,5.030615,626.5595,4.8815656,639.21326,4.946685,658.8205,5.068875,645.27734,4.913587,651.37836,5.0108385
CN1/C(=C/C=C(/C=C/c2sc3ccccc3[n+]2C)c2ccc(C(F)(F)F)cc2)Sc2ccccc21,CS(C)=O,652.0,5.209515015,650.55237,5.069925,634.7112,4.9518633,648.77203,5.177093,647.6766,5.1430044,652.0792,5.0187793,650.3324,5.0391374,653.5348,5.0724344,657.46,5.1447906,654.7884,4.999907,657.8122,5.0403056
CN1/C(=C/C=C(/C=C/c2sc3ccccc3[n+]2C)c2ccc(C(F)(F)F)cc2)Sc2ccccc21,CO,643.0,5.474216264,639.11,5.1798067,622.9685,4.9749093,640.33856,5.21803,642.2858,5.297164,643.30536,5.0741887,638.11646,5.1162047,647.4335,5.0636835,655.14154,5.174453,649.44934,5.030019,647.10004,5.1019235
CN1/C(=C/C=C(/C=C/c2sc3ccccc3[n+]2C)c2ccc(C(F)(F)F)cc2)Sc2ccccc21,CCO,646.0,5.365487985,640.79114,5.17214,624.6022,4.9592366,642.5366,5.185905,645.67596,5.290104,644.2427,5.076532,640.5285,5.082191,648.2438,5.046261,653.2007,5.166684,646.004,5.016362,647.7776,5.090296
CN1/C(=C/C=C(/C=C/c2sc3ccccc3[n+]2C)c2ccc(C(F)(F)F)cc2)Sc2ccccc21,O,639.0,4.612783857,628.3345,4.7070637,615.9212,4.8246737,639.01965,4.752537,638.179,4.6435714,643.3154,4.9166136,635.1631,4.8561025,643.9767,4.9344206,662.44824,5.0822806,646.901,4.910935,645.44446,4.916132
N#C/C(=C\c1ccc(Cl)cc1)c1nc2ccccc2s1,CO,350.0,1.204119983,334.29297,1.0692062,353.0296,1.2085397,346.79892,1.2327731,363.82178,1.2550192,371.9032,1.2561514,351.00668,1.2167957,363.43823,1.5825279,347.46014,1.2341635,372.347,0.8395717,355.8418,1.2710254
C(=C/c1nc2ccccc2o1)\c1ccccc1,CO,320.0,1.338456494,316.83963,1.238435,346.50238,1.43788,334.7309,1.5026281,322.52237,1.4670556,335.82248,1.3242211,322.51025,1.3082588,339.57355,1.2545214,326.46252,1.9642341,346.19965,0.9765096,343.00226,1.6931748
c1cc(N2CCCC2)ccn1,ClC(Cl)Cl,285.0,3.331224781,324.7023,4.2409363,321.19418,4.649611,321.82864,4.1740384,301.69336,4.1722565,292.93805,3.855528,298.50293,4.114254,330.85657,4.4715314,328.42847,4.3575745,306.68628,4.2165785,329.46735,4.387376
c1cc(N2CCCC2)ccn1,CCO,286.0,3.403292145,318.74826,4.610496,307.7028,4.6149282,314.40582,4.288488,300.59833,4.2240744,279.12955,3.946261,294.94043,4.195398,316.99142,4.608919,320.2376,4.3184114,300.41272,4.241209,316.52493,4.4658403
c1cc(N2CCCC2)ccn1,CC#N,285.0,3.400365273,297.70166,3.991108,302.07806,4.5670605,313.16272,4.1369805,287.90182,3.9920607,275.69952,3.7145827,293.88818,4.151247,302.63,4.420462,310.40704,4.2403493,295.76593,4.1426115,297.99615,4.2598815
c1cc(N2CCCC2)ccn1,CN(C)C=O,284.0,3.366982976,319.25156,4.50851,310.1018,4.4652824,324.51923,4.1936874,308.41086,4.322463,285.01752,4.031648,293.19623,4.264984,328.7149,4.4079037,326.37604,4.2929473,305.66953,3.9633274,327.16467,4.423363
c1cc(N2CCCC2)ccn1,O,280.0,4.466541406,306.54688,4.1691594,315.47882,4.6218305,320.00778,4.244141,295.2954,4.184976,265.78723,3.8844395,297.91003,4.1857915,313.47296,4.4113355,307.12427,4.068028,299.95312,4.2207375,306.18597,4.3388805
O=[N+]([O-])c1ccc(/N=N/c2cc3c4c(c2)CCCN4CCC3)cc1,CCOC(C)=O,513.0,4.397940009,500.53546,4.4562364,500.70505,4.4612184,499.33456,4.443334,497.50906,4.476733,497.76447,4.3596635,497.79,4.473873,464.16138,4.378877,494.08206,4.471136,499.05817,4.4815545,509.89917,4.4367137
N#Cc1ccc(/N=N/c2cc3c4c(c2)CCCN4CCC3)cc1,CCOC(C)=O,487.0,4.491361694,495.47345,4.3584275,479.02924,4.4145794,483.5761,4.3325205,487.86255,4.4473987,475.9843,4.391914,481.42853,4.453556,476.1941,4.3587523,497.15356,4.5117393,494.19196,4.4297137,497.29803,4.3951607
FC(F)(F)c1cc(/N=N/c2cc3c4c(c2)CCCN4CCC3)cc(C(F)(F)F)c1,CCOC(C)=O,486.0,4.414973348,484.4354,4.3741665,470.2462,4.409327,485.83182,4.378984,486.47256,4.495533,473.54358,4.3436294,479.11752,4.3792734,474.0353,4.3756695,490.08585,4.5637274,497.7861,4.5126076,482.98853,4.4429564
COC(=O)c1cc(/N=N/c2cc3c4c(c2)CCCN4CCC3)cc(C(=O)OC)c1,CCOC(C)=O,471.0,4.414973348,498.74036,4.3933983,461.49274,4.3345613,482.76144,4.355341,480.82214,4.4287815,481.16577,4.446329,468.10022,4.441606,479.2644,4.514205,491.6641,4.5161304,489.4588,4.472363,482.72064,4.4209967
CCOC(=O)c1c2c3c(ccc(C)c3c3cc4c(cc13)[Si](C)(C)O[Si]4(C)C)N(C)C2=O,CC#N,380.0,3.826074803,377.8911,3.6940427,366.86154,3.8399875,380.92944,3.7765026,377.14035,3.6970553,369.39328,3.6724205,376.2237,3.8420026,376.7856,3.8034005,353.26984,3.9923663,373.92435,3.7295856,378.25977,3.81528
COC(=O)C(N)Cc1ccc(O[Si]2(Oc3ccc(CC(N)C(=O)OC)cc3)n3c4c5ccccc5c3/N=C3\N=C(/N=c5/c6ccccc6/c(n52)=N/C2=N/C(=N\4)c4ccccc42)c2ccccc23)cc1,CN(C)C=O,680.0,5.281033367,673.45496,5.3976545,651.00574,5.3287277,693.9673,5.2903175,683.5678,5.3675475,677.5975,5.5006104,668.3886,5.4665194,694.68005,5.3938055,713.16284,5.523243,645.3148,5.3488655,679.8846,5.5550785
CCN(CC)c1ccc2cc(-c3ccc(-c4ccc(-c5cc6ccccc6oc5=O)cc4)cc3)c(=O)oc2c1,ClCCl,409.0,5.190331698,409.68893,5.098047,400.6491,5.0137606,397.92133,5.2768736,404.69412,5.2093663,394.56458,5.127183,394.64383,5.278593,386.91248,5.276264,410.74274,5.025687,404.3289,5.1126013,400.80627,5.0891237
CC1=CC(c2ccc3cc(N(C)C)ccc3c2)=[O+][B-](F)(F)O1,Cc1ccccc1,455.0,4.707570176,490.4935,4.7985907,499.04013,4.6899905,487.77017,4.675462,496.39786,4.7448483,476.49112,4.555141,492.20938,4.7559423,471.90225,4.689285,478.46384,4.613552,444.40103,4.5553284,487.81937,4.6741877
CC1=CC(c2ccc3cc(N(C)C)ccc3c2)=[O+][B-](F)(F)O1,ClCCl,469.0,4.741939078,504.8298,4.85356,504.8976,4.749296,499.88455,4.726566,508.85983,4.832443,475.36502,4.577405,497.80225,4.7835236,474.64417,4.7219324,470.57962,4.6045847,443.86237,4.586493,489.28015,4.7646203
CC1=CC(c2ccc3cc(N(C)C)ccc3c2)=[O+][B-](F)(F)O1,ClC(Cl)Cl,466.0,4.77815125,505.1977,4.843378,504.4129,4.728266,500.152,4.7366323,505.39072,4.869538,475.7169,4.580173,489.60287,4.728747,472.89838,4.7093425,475.0376,4.6115713,444.12155,4.539114,485.89752,4.6880727
CC1=CC(c2ccc3cc(N(C)C)ccc3c2)=[O+][B-](F)(F)O1,C1CCOC1,456.0,4.753583059,494.54816,4.775023,499.92557,4.71151,494.5245,4.6706796,493.68933,4.815359,474.3625,4.5940557,492.1372,4.7633967,471.96317,4.684978,472.18973,4.596711,443.53714,4.538677,481.5556,4.712515
CC1=CC(c2ccc3cc(N(C)C)ccc3c2)=[O+][B-](F)(F)O1,CC(C)=O,460.0,4.748962861,506.98926,4.8211803,499.82315,4.689843,495.9426,4.672411,507.2697,4.8149056,473.726,4.5480685,496.06473,4.7132087,473.56656,4.690599,474.5297,4.5761003,442.7655,4.543586,481.4953,4.7061343
CC1=CC(c2ccc3cc(N(C)C)ccc3c2)=[O+][B-](F)(F)O1,CC#N,465.0,4.737192643,503.089,4.78658,498.66486,4.6796083,500.93542,4.6740785,511.77597,4.7370744,473.0849,4.5691586,492.8711,4.7238607,475.888,4.71507,467.5285,4.5928392,440.44675,4.5450835,483.65305,4.6924148
CC1=CC(c2ccc3cc(N(C)C)ccc3c2)=[O+][B-](F)(F)O1,CS(C)=O,477.0,4.620136055,510.64017,4.7213593,506.77808,4.6628757,518.8853,4.6624794,525.6635,4.8308926,478.97443,4.508336,492.33154,4.626415,475.20673,4.6844497,477.06494,4.5643597,453.30344,4.5496426,487.6478,4.643166
CCN(CC)c1ccc2cc(/C=C/C(=C(C#N)C#N)c3ccc(N(c4ccccc4)c4ccccc4)cc3)c(=O)oc2c1,Cc1ccccc1,493.0,4.7355989,507.27774,4.6745515,524.95624,4.5716496,508.19547,4.5651054,515.1351,4.7623024,519.77344,4.708827,523.12854,4.6087365,519.47473,4.636325,523.948,4.721026,518.2881,4.73026,518.62744,4.7368727
CCN(CC)c1ccc2cc(/C=C/C(=C(C#N)C#N)c3ccc(N(c4ccccc4)c4ccccc4)cc3)c(=O)oc2c1,ClCCl,518.0,4.82672252,519.1825,4.706368,534.6033,4.5874667,527.26807,4.608887,521.79205,4.663138,527.0849,4.6967945,527.4111,4.664742,523.7121,4.6280932,523.1806,4.7002006,521.55505,4.717534,520.9798,4.695344
CCN(CC)c1ccc2cc(/C=C/C(=C(C#N)C#N)c3ccc(N(c4ccccc4)c4ccccc4)cc3)c(=O)oc2c1,CCOC(C)=O,507.0,4.84260924,503.10513,4.6470895,516.448,4.5574155,506.7223,4.582404,501.77625,4.6375837,513.5283,4.659559,517.47797,4.607626,508.8269,4.586644,514.4649,4.6996026,510.98093,4.6651363,509.3414,4.655918
CCN(CC)c1ccc2cc(/C=C/C(=C(C#N)C#N)c3ccc(N(c4ccccc4)c4ccccc4)cc3)c(=O)oc2c1,CC(C)=O,516.0,4.823474229,505.91986,4.6591682,523.4399,4.572055,513.4776,4.588156,503.9822,4.6443768,521.6226,4.663307,528.70416,4.601971,518.68524,4.606375,521.3916,4.682756,518.4891,4.6924486,510.71713,4.6907306
CCN(CC)c1ccc2cc(/C=C/C(=C(C#N)C#N)c3ccc(N(c4ccccc4)c4ccccc4)cc3)c(=O)oc2c1,CN(C)C=O,528.0,4.829303773,535.0204,4.6044025,539.6891,4.5493565,536.4805,4.5436482,534.66406,4.6153197,522.05505,4.6417494,539.3763,4.5549855,526.2684,4.5957475,523.79456,4.682095,521.4723,4.683444,532.4936,4.6066637
CCN(CC)c1ccc2cc(/C=C/C(=C(C#N)C#N)c3ccc(N(c4ccccc4)c4ccccc4)cc3)c(=O)oc2c1,CS(C)=O,536.0,4.851869601,531.5864,4.6166315,537.34406,4.5331564,532.7664,4.509221,535.36084,4.609953,529.35614,4.629621,542.2253,4.554036,523.0183,4.6022463,523.3155,4.679872,528.898,4.7015843,537.8715,4.6128373
CC(=O)c1ccc(/N=N/c2ccc(Nc3ccccc3)cc2)cc1,CS(C)=O,459.0,4.62,434.80063,3.042253,456.66473,3.0748272,459.62766,3.2405329,456.91077,2.9708068,443.3347,3.1294396,458.67606,3.488797,430.88953,3.5735664,418.2853,3.8283463,426.7129,3.259819,456.10532,3.3315153
CC(=O)c1ccc(/N=N/c2ccc(Nc3ccccc3)cc2)cc1,CC#N,432.0,4.53,438.60596,3.8891423,453.59805,3.5764236,452.52,4.1408496,444.7847,3.8768654,431.03937,3.9276044,446.0946,3.8484735,416.10355,4.090519,411.11752,3.9290712,427.97974,3.4155822,458.7936,3.4697592
CC(=O)c1ccc(/N=N/c2ccc(Nc3ccccc3)cc2)cc1,CN(C)C=O,452.0,4.61,420.184,3.459193,456.67215,3.2154813,455.59583,3.9458237,448.63278,3.9980636,441.2996,3.3265624,472.606,3.9459975,430.42697,3.8846116,415.65833,3.8445454,423.42236,3.4641547,450.2672,3.3401437
CC(=O)c1ccc(/N=N/c2ccc(Nc3ccccc3)cc2)cc1,CO,443.0,4.55,438.62604,2.1850657,440.58722,2.883389,451.36835,2.968534,453.1589,2.2104847,453.25537,3.0720336,456.4933,3.01923,427.29803,3.0652509,409.93362,3.2135172,428.03983,3.3227437,457.3343,3.2220798
CC(=O)c1ccc(/N=N/c2ccc(Nc3ccccc3)cc2)cc1,ClCCl,432.0,4.46,447.58966,2.7996442,456.39868,3.0505643,457.24927,3.337812,457.85184,3.0656238,447.84827,3.0735228,454.90442,3.2572408,423.65225,3.5734255,414.89825,3.7864032,428.63824,3.345406,447.0726,3.5647287
CC(=O)c1ccc(/N=N/c2ccc(Nc3ccccc3)cc2)cc1,C1CCOC1,438.0,4.6,434.29623,3.3327756,453.3226,3.244224,454.76248,3.4005513,456.34207,3.050074,446.2531,3.2968297,453.85806,3.44047,423.41443,3.7755368,416.6328,3.8404226,430.5689,3.3170488,452.4129,3.4281232
CC(=O)c1ccc(/N=N/c2ccc(Nc3ccccc3)cc2)cc1,CC(=O)O,544.0,4.8,445.7346,2.8466802,447.66306,2.9911718,450.51108,3.620154,443.77527,3.1176145,443.73575,3.1413298,444.96924,3.3259163,412.91522,3.591626,411.1449,3.7687905,419.15152,3.4403045,450.06174,3.3363943
CC(=O)c1ccc(/N=N/c2ccc(Nc3ccccc3)cc2)cc1,ClC(Cl)Cl,427.0,4.2,435.6635,3.1154857,444.91748,3.183117,439.83093,3.674487,450.60336,3.4676616,451.2342,3.2288232,452.28043,3.3919814,418.46942,3.6392615,416.6134,3.6872032,433.52502,3.362889,448.486,3.5994778
CC(=O)c1ccc(/N=N/c2ccc(Nc3ccccc3)cc2)cc1,Cc1ccccc1,429.0,4.7,428.25266,3.1878307,449.79584,2.9134433,439.50092,3.4158168,444.18066,2.79137,447.31662,2.9971046,441.21722,3.359478,417.8741,3.5340605,408.41333,3.590961,418.19485,3.332775,441.9745,3.2057338
C#CCOc1ccc(-c2cc(-c3ccccc3)c3n2[B-](F)(F)[N+]2=C(c4ccc(OCCCS(=O)(=O)[O-])cc4)C=C(c4ccccc4)C2=N3)cc1,O,690.0,4.838849091,682.3208,4.7870293,684.9297,4.781988,697.00586,4.768307,695.1345,4.8062334,703.6677,4.7633615,693.99316,4.812912,699.63904,4.7911854,703.0044,4.80326,680.54144,4.7776985,690.28,4.7719913
O=S(=O)([O-])CCCOc1ccc(C2=[N+]3C(=Nc4c(-c5ccccc5)cc(-c5ccc(OCc6cn([C@@H]7O[C@H](CO)[C@@H](O)[C@@H](O)[C@H]7O)nn6)cc5)n4[B-]3(F)F)C(c3ccccc3)=C2)cc1,O,689.0,4.812913357,615.7606,4.7689514,665.88745,4.856618,671.2707,4.9159193,671.52167,4.855318,678.7803,4.834103,656.03033,4.875084,679.73956,4.8973503,672.4893,4.977547,613.86945,4.7541027,681.4001,4.820472
COc1ccc(C#Cc2ccc3nc4ccc(C#Cc5ccc(OC)cc5)cn4c(=O)c3c2)cc1,ClCCl,385.0,5.348304863,376.10974,5.314019,388.32376,5.2119255,381.80984,5.222966,385.34616,5.15312,368.51544,5.336227,385.20837,5.230957,383.95657,5.059583,365.60727,4.8674574,378.1142,5.3194532,379.91733,5.2943916
O=c1c2cc(C#Cc3ccc(Cl)cc3)ccc2nc2ccc(C#Cc3ccc(Cl)cc3)cn12,ClCCl,382.0,5.271841607,375.12122,5.318206,380.64578,5.2608237,373.70294,5.3181305,375.7059,5.1886296,363.6938,5.247185,373.475,5.245358,377.8529,5.0837445,366.3853,4.886588,368.0252,5.385906,369.3343,5.319769
Cc1ccc(C#Cc2ccc3nc4ccc(C#Cc5ccc(C)cc5)cn4c(=O)c3c2)cc1,ClCCl,385.0,5.318063335,382.1344,5.2977386,382.3625,5.3148017,378.4496,5.1990347,373.91898,5.2487082,353.57083,5.300518,375.96677,5.382204,377.97467,5.104928,362.77368,4.904709,368.78998,5.4007835,369.5448,5.3188715
COc1ccc2cc(C3=[N+]4C(=Nc5c(-c6ccccc6)cc(-c6ccc7cc(OC)ccc7c6)n5[B-]4(F)F)C(c4ccccc4)=C3)ccc2c1,ClC(Cl)Cl,706.0,4.949390007,704.92377,4.9375424,715.65247,5.0167294,715.13837,4.968717,711.8052,4.947509,719.6866,4.967337,711.20984,5.016119,724.8096,4.9470468,724.63184,4.9705453,706.48004,4.976839,727.9859,5.002126
O=C1O/C(=C\c2cccs2)c2ccccc21,CC#N,355.0,4.414973348,349.9484,4.438137,358.65845,4.4272404,368.1587,4.393875,350.79755,4.4672046,351.18225,4.3889356,351.6631,4.479,354.6189,4.3889976,365.08176,4.396111,348.2958,4.337099,369.29443,4.337831
CCCCCCc1ccc(-n2c3[n+](c4c5ccccc5c5ccccc5c42)[B-](C)(C)c2ccc4ccccc4c2-3)cc1,Cc1ccccc1,393.0,3.892094603,369.7102,4.0683565,402.6271,4.008848,381.4923,3.9365153,364.2025,4.086325,382.11798,4.0989704,361.97025,4.029923,374.37207,3.9081528,384.4992,4.2664356,359.90955,3.968956,387.0752,3.9672668
CCCCCCc1ccc(-n2c3[n+](c4c5ccccc5c5ccccc5c42)[B-](C)(C)c2ccc4ccccc4c2-3)cc1,C1CCOC1,392.0,3.84509804,369.17093,3.9881394,394.41992,4.004596,377.62994,3.8445811,363.55508,4.137505,380.87338,4.201096,357.8345,4.0222883,371.9739,4.0716906,382.25906,4.31036,361.5088,4.0220275,382.16888,3.9098737
CCCCCCc1ccc(-n2c3[n+](c4c5ccccc5c5ccccc5c42)[B-](C)(C)c2ccc4ccccc4c2-3)cc1,ClCCl,390.0,3.944482672,368.51486,4.0710025,396.97183,3.8937125,380.84143,3.9184916,366.34546,4.0895987,378.33844,4.1330776,353.95282,4.113025,368.62668,4.011413,378.78946,4.300889,352.99338,4.0634136,380.40448,3.8356173
CCCCCCc1ccc(-n2c3[n+](c4c5ccccc5c5ccccc5c42)[B-](C)(C)c2ccc4ccccc4c2-3)cc1,CC#N,385.0,3.919078092,364.74713,3.9692845,389.09375,3.9882007,379.39618,3.8719988,366.2942,4.0484266,376.71173,4.0910196,355.37518,3.8918097,369.51648,3.9384968,379.3331,4.313199,365.9217,3.9411433,377.63437,3.961576
CCCCCCc1ccc(-n2c3[n+](c4c5ccccc5c5ccccc5c42)[B-](C)(C)c2cc(-n4c5ccccc5c5ccccc54)ccc2-3)cc1,Cc1ccccc1,375.0,4.220108088,377.99377,4.3524027,380.2906,4.2145143,368.67258,4.152135,374.82016,4.289061,365.87512,4.2608013,359.50818,4.181336,368.9922,4.247224,369.98108,4.2826242,368.21243,4.1911826,371.75665,4.2027884
CCCCCCc1ccc(-n2c3[n+](c4c5ccccc5c5ccccc5c42)[B-](C)(C)c2cc(-n4c5ccccc5c5ccccc54)ccc2-3)cc1,C1CCOC1,370.0,4.222716471,368.65662,4.233475,369.05652,4.175372,364.3615,4.081177,368.3921,4.3833065,364.23367,4.2806497,358.93103,4.227971,371.04965,4.328663,367.6822,4.322039,368.34357,4.2189226,369.19214,4.1322417
CCCCCCc1ccc(-n2c3[n+](c4c5ccccc5c5ccccc5c42)[B-](C)(C)c2cc(-n4c5ccccc5c5ccccc54)ccc2-3)cc1,ClCCl,372.0,4.276461804,363.1031,4.1984634,367.43378,4.0973277,366.31732,4.1809807,368.84793,4.386922,359.39813,4.295727,354.53656,4.30459,364.94278,4.3130236,363.52832,4.3089957,362.9773,4.2700686,361.07117,4.0673404
CCCCCCc1ccc(-n2c3[n+](c4c5ccccc5c5ccccc5c42)[B-](C)(C)c2cc(-n4c5ccccc5c5ccccc54)ccc2-3)cc1,CC#N,369.0,4.252853031,367.4197,4.31416,370.19376,4.1720777,366.34973,4.13126,372.165,4.3391786,363.34332,4.227646,356.53122,4.132771,369.04416,4.205396,364.4097,4.326715,370.67886,4.148364,373.23346,4.105092
CCC1(CC)c2cc(/C=C/c3ccc(/C=C/c4ccc5c(c4)C(CC)(CC)c4cc(N6c7ccccc7Sc7ccccc76)ccc4-5)cc3)ccc2-c2ccc(N3c4ccccc4Sc4ccccc43)cc21,ClCCl,418.0,4.726727209,412.7339,4.562668,398.0597,4.7220554,410.3513,4.622249,413.51767,4.7124147,402.8082,4.638969,402.6475,4.645196,407.1463,4.722259,399.46985,4.7559066,410.69247,4.6548767,406.438,4.6071587
CCC1(CC)c2cc(/C=C/c3cc(C#N)c(/C=C/c4ccc5c(c4)C(CC)(CC)c4cc(N6c7ccccc7Sc7ccccc76)ccc4-5)cc3C#N)ccc2-c2ccc(N3c4ccccc4Sc4ccccc43)cc21,ClCCl,419.0,4.672097858,461.03293,4.4559045,427.83945,4.7142086,440.06445,4.540361,448.4491,4.5836596,426.42703,4.588169,427.78027,4.5405536,439.15726,4.5815086,417.8977,4.6477647,448.5331,4.5046606,440.281,4.576167
CCCCCCCCCCCCOc1cc(/C=C/c2ccc3c(c2)C(CC)(CC)c2cc(N4c5ccccc5Sc5ccccc54)ccc2-3)c(OCCCCCCCCCCCC)cc1/C=C/c1ccc2c(c1)C(CC)(CC)c1cc(N3c4ccccc4Sc4ccccc43)ccc1-2,ClCCl,420.0,4.914343157,433.23846,4.4606934,394.18997,4.6995883,417.91623,4.5781546,424.41428,4.4275274,422.60803,4.399371,433.99313,4.430209,438.1516,4.559095,427.4169,4.6892214,432.72455,4.505073,423.95557,4.5205417
N#Cc1ccc(N)cc1,O,283.0,4.255272505,291.3827,3.3870385,299.0481,3.5651252,280.60175,3.7565467,291.1327,3.674597,276.09906,3.7090454,295.3875,3.611721,293.75568,3.6611907,289.87207,3.5383887,287.4405,3.7305567,275.6959,3.512987
CCOC(=O)c1ccc2nc(N)sc2c1,CC#N,293.0,4.292256071,290.04416,3.9901366,273.4936,3.8037932,318.51434,3.873144,303.3128,4.1341476,313.49463,4.1902986,319.41995,3.8433778,315.1373,3.850391,324.142,4.125351,318.46674,4.0074606,321.236,4.160901
CCOC(=O)c1ccc2nc(N)sc2c1,ClCCl,293.0,4.305351369,291.31873,4.092337,284.92798,3.9535973,317.75906,3.8882055,301.74298,3.944804,315.3483,4.213004,318.1265,3.8206263,320.8185,4.005425,328.2234,4.177986,320.59668,3.981013,321.4939,4.0232882
COc1cnc(-c2cc[n+](C3=C(F)C(F)(F)C(F)(F)[C-]3F)cc2)s1,ClCCl,430.0,4.260071388,399.86777,3.7601717,384.64023,4.006514,378.52362,3.9401226,389.60526,3.9808526,397.9899,4.0058155,426.99924,4.021043,366.52634,3.7398126,376.79196,4.0145864,374.64822,3.9605014,404.51773,3.9291835
COc1cnc(-c2cc[n+](C3=C(F)C(F)(F)C(F)(F)[C-]3F)cc2)s1,ClC(Cl)Cl,433.0,4.071882007,395.3421,3.8230753,387.77234,4.1612716,382.68146,3.8779411,393.74243,4.0181756,399.53757,4.086667,426.4556,4.042189,367.54156,3.7991624,378.79883,4.0389075,369.44073,4.061247,412.0957,4.007
COc1cnc(-c2cc[n+](C3=C(F)C(F)(F)C(F)(F)[C-]3F)cc2)s1,CC#N,407.0,4.271841607,380.77664,3.821189,375.0456,3.949713,377.45297,3.801105,376.65384,4.069965,381.87888,4.081705,415.3109,3.880931,362.6662,3.6664329,373.58264,4.032427,367.11996,3.9909172,404.6938,3.9340906
COc1cnc(-c2cc[n+](C3=C(F)C(F)(F)C(F)(F)[C-]3F)cc2)s1,CC(C)=O,408.0,4.267171728,392.62952,3.9767067,380.69867,4.032138,378.60605,3.8846338,387.52475,4.0367384,394.02954,3.9969454,416.78192,4.00309,370.36838,3.7882776,382.6368,4.065269,372.68082,4.0438223,403.84222,3.9920387
COc1cnc(-c2cc[n+](C3=C(F)C(F)(F)C(F)(F)[C-]3F)cc2)s1,CCO,409.0,4.271841607,394.30515,3.7497807,381.4097,3.942038,375.80048,3.8569899,390.93518,3.804882,398.50998,3.8584347,419.99286,3.9891002,365.66553,3.7444386,378.01334,4.000186,369.0527,3.9840288,408.27228,3.9091456
COc1cnc(-c2cc[n+](C3=C(F)C(F)(F)C(F)(F)[C-]3F)cc2)s1,CO,407.0,4.276461804,390.51465,3.8120952,380.63312,4.0209856,375.34097,3.9057946,385.84955,3.8153012,395.77203,3.9786992,418.59244,4.006434,360.86768,3.7535343,378.63452,4.065393,369.49805,4.003252,407.38208,3.9349422
COc1cnc(-c2cc[n+](C3=C(F)C(F)(F)C(F)(F)[C-]3F)cc2)s1,CN(C)C=O,410.0,4.283301229,402.80338,3.6514118,380.0218,4.2320375,380.57715,3.807455,391.76782,4.008082,404.3153,3.948819,421.3561,4.012988,373.6106,3.6651697,385.55368,4.063082,376.18634,3.9870498,423.8852,3.9080937
COc1cnc(-c2cc[n+](C3=C(F)C(F)(F)C(F)(F)[C-]3F)cc2)s1,CS(C)=O,410.0,4.294466226,403.57074,3.851682,385.43286,4.1117086,388.59772,3.9009428,406.09048,3.9828465,408.32068,3.9811661,418.67737,3.9368513,374.46146,3.808728,386.11658,4.077248,382.3395,4.0947547,412.4349,4.0317492
CCOC(=O)CN(CC(=O)OCC)c1ccc(-c2cc(-c3ccccn3)nc(-c3ccccn3)c2)cc1,c1ccccc1,328.0,4.58,321.7973,4.489543,314.45462,4.483577,326.87198,4.4297094,317.17786,4.4434195,338.66016,4.2778254,318.45892,4.3821187,322.46954,4.391864,328.14624,4.3166494,314.7143,4.386645,326.91272,4.406764
CCOC(=O)CN(CC(=O)OCC)c1ccc(-c2cc(-c3ccccn3)nc(-c3ccccn3)c2)cc1,CCOC(C)=O,328.0,4.63,310.4535,4.4966984,320.65067,4.5268908,327.33615,4.4619346,319.10992,4.397662,329.00143,4.3187947,321.81668,4.4290442,317.04913,4.4890633,323.68295,4.448754,313.4281,4.348028,328.18253,4.385036
CCOC(=O)CN(CC(=O)OCC)c1ccc(-c2cc(-c3ccccn3)nc(-c3ccccn3)c2)cc1,CC#N,328.0,4.59,317.05457,4.458481,316.27652,4.5008407,332.002,4.4596763,322.10416,4.4332075,333.001,4.3651066,319.74472,4.2764745,318.9496,4.425094,320.5471,4.4201236,311.7367,4.3233986,336.95364,4.451937
CCOC(=O)CN(CC(=O)OCC)c1ccc(-c2cc(-c3ccccn3)nc(-c3ccccn3)c2)cc1,CN(C)C=O,332.0,4.55,312.99512,4.52571,322.17004,4.55484,333.02533,4.4503922,317.73825,4.5163846,334.69373,4.398696,324.84583,4.4859586,320.43375,4.384517,330.16458,4.3662243,313.14294,4.408935,326.6645,4.4238667
CCOC(=O)CN(CC(=O)OCC)c1ccc(-c2cc(-c3ccccn3)nc(-c3ccccn3)c2)cc1,CS(C)=O,336.0,4.51,313.82007,4.5278463,323.63452,4.528342,336.7057,4.465836,324.83963,4.455943,340.37054,4.417036,325.77444,4.32121,324.69077,4.446259,333.2591,4.365051,326.89944,4.426548,331.3393,4.518362
CCOC(=O)CN(CC(=O)OCC)c1ccc(-c2cc(-c3ccncc3)nc(-c3ccncc3)c2)cc1,c1ccccc1,332.0,4.43,325.19354,4.4792557,327.74313,4.4844007,319.65753,4.532692,338.96033,4.438818,343.3078,4.3486,315.56824,4.5302105,326.95932,4.520435,330.94498,4.4750137,315.7547,4.402389,327.4355,4.4439816
CCOC(=O)CN(CC(=O)OCC)c1ccc(-c2cc(-c3ccncc3)nc(-c3ccncc3)c2)cc1,CCOC(C)=O,334.0,4.46,323.58865,4.5683722,335.14426,4.561837,318.96338,4.5828547,344.33273,4.443974,335.07007,4.3532834,323.5934,4.605788,325.0493,4.6524253,326.35123,4.617684,317.59448,4.4238095,327.30725,4.453667
CCOC(=O)CN(CC(=O)OCC)c1ccc(-c2cc(-c3ccncc3)nc(-c3ccncc3)c2)cc1,CC#N,334.0,4.42,329.5423,4.5920453,330.37863,4.5424876,323.8518,4.565509,337.56046,4.4553237,337.2804,4.4026256,319.26782,4.546417,324.8203,4.597736,323.01163,4.5947194,316.0521,4.373027,332.58762,4.4585505
CCOC(=O)CN(CC(=O)OCC)c1ccc(-c2cc(-c3ccncc3)nc(-c3ccncc3)c2)cc1,CN(C)C=O,342.0,4.41,313.9506,4.5399685,337.02438,4.565464,322.4522,4.5697083,338.26645,4.5022554,341.33127,4.3884654,326.1624,4.602195,327.01746,4.546211,330.56458,4.5280266,316.49188,4.446993,324.22433,4.4204793
CCOC(=O)CN(CC(=O)OCC)c1ccc(-c2cc(-c3ccncc3)nc(-c3ccncc3)c2)cc1,CS(C)=O,344.0,4.37,319.33075,4.558808,334.8452,4.5340986,329.33545,4.5101476,346.77502,4.4194107,346.19424,4.4184256,324.72736,4.4918766,332.44067,4.5830097,332.58722,4.524986,325.005,4.4556775,329.42892,4.5115223
F[B-]1(F)OC(c2ccccc2)=Cc2ccc3ccccc3[n+]21,ClCCl,426.0,4.49,429.07016,4.5709195,417.9533,4.4274626,419.23364,4.51059,431.82007,4.5785675,432.85687,4.4779215,428.03702,4.52834,425.82938,4.472349,400.958,4.4640594,417.16214,4.456822,425.58408,4.5402946
N#CC1=c2c3cccc4cccc(c43)n2[B-](F)(F)[n+]2ccccc21,ClCCl,511.0,4.558708571,508.9817,4.508441,529.5266,4.5132074,499.07587,4.469824,505.94086,4.5508847,524.6907,4.4851427,518.08514,4.521111,515.6176,4.4474335,527.0855,4.5738854,498.40662,4.442017,512.39,4.4769936
CCCCCCCCCCCCNc1cccc2[n+]1[B-](F)(F)n1c(c3cccc4cccc1c43)=N2,ClCCl,467.0,4.450249108,457.68985,4.373257,483.88196,4.4609966,464.674,4.3903346,481.26605,4.481508,483.8141,4.459951,462.72815,4.4919605,461.3584,4.2823873,482.15387,4.589308,485.584,4.447691,463.8823,4.372512
OCCSc1cccc2[n+]1[B-](F)(F)n1c(c3cccc4cccc1c43)=N2,ClCCl,453.0,4.418301291,448.962,4.5598764,490.3574,4.607707,470.68622,4.570223,447.0391,4.5134544,463.77026,4.5436983,474.6719,4.6241193,489.7234,4.611658,485.4413,4.672889,473.88675,4.60394,455.26157,4.5198393
Cc1oc(-c2ccccc2)nc1C(=O)O,C1CCCCC1,269.0,4.086359831,290.07022,3.9304092,289.85074,3.764536,297.84454,3.6814642,286.4516,3.9107866,293.4248,3.853425,306.7428,3.6483047,308.80746,3.7275817,292.79263,3.9257872,313.788,3.5708752,292.31262,3.8850465
Cc1oc(-c2ccccc2)nc1C(=O)O,CCOC(C)=O,267.0,4.235528447,285.16324,3.8461304,281.52832,3.8309102,289.76,3.649352,286.2229,3.8963456,292.88834,3.811945,304.66553,3.7042532,303.1046,3.8449316,287.93103,4.0460687,308.46387,3.7084684,294.03217,3.8239775
Cc1oc(-c2ccccc2)nc1C(=O)O,CC#N,267.0,4.133538908,283.21643,4.0149117,281.109,3.871318,300.6181,3.7330315,278.43338,3.849193,290.73434,3.8675656,302.07224,3.8085692,307.55075,3.8977597,286.66714,4.0313888,305.63354,3.6292372,289.89392,3.89056
Cc1oc(-c2ccccc2)nc1C(=O)O,CCO,273.0,4.240549248,280.03046,3.7633724,284.81525,3.8487978,296.75922,3.6488209,285.22083,3.8548758,295.96753,3.6695228,301.46558,3.6907039,307.27032,3.705894,288.03503,3.9355564,307.756,3.5119042,292.41245,3.7584188
Cc1oc(-c2ccccc2)nc1C(=O)O,O,273.0,4.195899652,278.3401,3.996478,278.37628,3.9302125,283.85565,3.7001972,268.73572,3.8688889,285.22592,3.660651,292.11148,3.7552893,295.32584,3.6769378,288.05505,3.8340771,303.81903,3.75227,276.45804,3.8500106
CSc1cc(-c2cc3cc4c5c(c3oc2=O)CCCN5CCC4)oc(=O)c1C#N,Cc1ccccc1,527.0,4.805609588,528.51697,4.620587,544.24176,4.6462145,523.33997,4.4835334,518.5449,4.600426,524.7992,4.6170793,548.40094,4.6613207,537.2283,4.5621815,539.7589,4.680327,549.80743,4.6818295,534.2402,4.7851276
CSc1cc(-c2cc3cc4c5c(c3oc2=O)CCCN5CCC4)oc(=O)c1C#N,ClC(Cl)Cl,538.0,5.055313335,542.7928,4.6945148,549.8121,4.7287383,526.7183,4.610742,521.22015,4.684064,532.9158,4.65502,551.9978,4.707657,537.01404,4.616526,543.3849,4.686276,559.65094,4.7059693,534.282,4.7747955
CSc1cc(-c2cc3cc4c5c(c3oc2=O)CCCN5CCC4)oc(=O)c1C#N,CCOC(C)=O,527.0,4.706145741,526.69403,4.5798664,540.5094,4.6273565,516.33374,4.438074,513.9544,4.601632,518.36914,4.596553,540.50244,4.6591644,526.7113,4.572013,527.5536,4.6879783,544.7405,4.604267,523.3325,4.7290015
CSc1cc(-c2cc3cc4c5c(c3oc2=O)CCCN5CCC4)oc(=O)c1C#N,ClCCl,541.0,5.019461096,537.7233,4.7523036,547.7909,4.687606,529.92896,4.5358,524.54126,4.714629,528.5056,4.6423306,549.2581,4.720645,534.7604,4.618465,536.8239,4.6732235,550.0634,4.6805205,528.92755,4.8200164
CSc1cc(-c2cc3cc4c5c(c3oc2=O)CCCN5CCC4)oc(=O)c1C#N,CC(C)=O,536.0,4.648360011,532.3977,4.621711,545.9655,4.6379433,527.40497,4.5033474,517.2006,4.577298,525.20685,4.604679,544.6874,4.6519294,533.06384,4.5837255,536.9439,4.6471004,546.7623,4.639691,524.746,4.704852
CSc1cc(-c2cc3cc4c5c(c3oc2=O)CCCN5CCC4)oc(=O)c1C#N,C1CCOC1,532.0,4.90579588,527.2143,4.630208,546.2578,4.6783357,520.9337,4.5222387,515.5577,4.694357,522.94244,4.637976,544.6013,4.6931973,533.5915,4.5880437,534.8153,4.6714664,549.4935,4.660674,529.22485,4.792462
CSc1cc(-c2cc3cc4c5c(c3oc2=O)CCCN5CCC4)oc(=O)c1C#N,CO,537.0,4.706854278,541.4373,4.716351,544.3682,4.6206307,509.98315,4.317343,521.4368,4.5609345,525.5253,4.5316577,543.45935,4.5809107,531.73065,4.54906,537.0374,4.6414204,545.0525,4.618079,525.4664,4.6929035
CSc1cc(-c2cc3cc4c5c(c3oc2=O)CCCN5CCC4)oc(=O)c1C#N,CC#N,537.0,4.965356946,544.6107,4.7041078,540.052,4.635701,521.2077,4.5705285,521.0329,4.5520296,519.85876,4.608648,537.7828,4.6610546,533.50354,4.593144,531.4919,4.6670613,546.9802,4.6491575,530.1643,4.7257247
CSc1cc(-c2cc3cc4c5c(c3oc2=O)CCCN5CCC4)oc(=O)c1C#N,CN(C)C=O,545.0,4.960627723,547.3679,4.6656685,544.0485,4.640724,523.71515,4.603897,524.85547,4.6466923,527.2523,4.6157985,543.83203,4.65093,535.42773,4.5841885,538.1491,4.6501775,548.2886,4.6449823,535.2852,4.7042637
CSc1cc(-c2cc3cc4c5c(c3oc2=O)CCCN5CCC4)oc(=O)c1C#N,CS(C)=O,549.0,4.920384242,548.5526,4.59112,553.4298,4.609912,535.6071,4.5400715,533.10034,4.5658646,533.9288,4.5830774,547.5442,4.5977755,534.68475,4.5588613,538.6875,4.638091,549.50195,4.6342053,538.10046,4.7296352
C=CCNc1ccc2ccc3oc4cc(=[N+]5CCCC5)ccc-4nc3c2c1,ClCCl,588.0,4.471291711,566.36554,4.9868727,558.16864,4.7448235,579.04193,4.6930766,583.6587,4.7200575,584.93,4.4950995,576.8384,4.873968,569.97406,4.791907,587.0582,4.871957,582.52966,4.827492,560.0318,4.713878
C=CCNc1ccc2ccc3oc4cc(=[N+]5CCCC5)ccc-4nc3c2c1,CC#N,576.0,4.322219295,568.15924,4.827735,550.94946,4.708825,567.0968,4.566227,576.795,4.622161,569.8423,4.4854093,568.21484,4.8069386,568.5208,4.7519226,583.3063,4.8595324,574.01935,4.803433,550.7212,4.668605
C=CCNc1ccc2ccc3oc4cc(=[N+]5CCCC5)ccc-4nc3c2c1,CCO,570.0,4.439332694,558.10693,4.8015003,555.1666,4.6942873,571.70593,4.605216,584.6307,4.6503983,581.7061,4.484667,571.61444,4.7938747,566.7707,4.7215242,586.3396,4.8557334,576.8735,4.7795186,556.06415,4.6436095
C=CCNc1ccc2ccc3oc4cc(=[N+]5CCCC5)ccc-4nc3c2c1,O,556.0,4.170261715,555.60724,4.71624,547.5208,4.619106,562.9984,4.418969,565.1905,4.5238094,575.5842,4.37582,566.2411,4.680456,565.1907,4.624204,595.4509,4.7673025,580.62384,4.66275,553.9,4.5054083
C=CCNc1ccc2ccc3oc4cc(=O)ccc-4nc3c2c1,ClCCl,539.0,4.290034611,427.5436,3.988761,446.39374,4.0329757,437.90097,3.9898164,435.094,3.9535835,444.05557,3.8267126,442.45587,3.9927015,443.72488,4.1952944,424.9598,4.169712,444.3331,3.863895,451.00262,3.9716525
C=CCNc1ccc2ccc3oc4cc(=O)ccc-4nc3c2c1,CC#N,537.0,4.227886705,435.58325,4.180334,438.75986,4.087037,429.07056,4.1351404,438.61755,3.797739,432.46573,3.922829,444.16858,4.0435553,440.54645,4.176416,419.38205,4.186999,442.83908,3.8848782,443.19907,4.1381316
C=CCNc1ccc2ccc3oc4cc(=O)ccc-4nc3c2c1,CCO,531.0,4.354108439,439.06024,4.0311956,445.41824,3.9619544,438.8497,3.9839602,435.25284,3.9923117,447.76523,3.774766,447.88437,3.9555492,445.76175,4.1317244,427.2579,4.1448283,444.15402,3.8532531,448.49878,3.9837227
C=CCNc1ccc2ccc3oc4cc(=O)ccc-4nc3c2c1,O,522.0,4.359835482,425.4228,3.6603346,442.33594,3.9529245,420.85202,3.8345287,427.52515,3.7467127,438.06696,3.6710846,430.9969,3.7735748,437.21,3.956113,430.26355,3.93512,439.71317,3.694203,444.31,3.8519363
Clc1ccc(-c2c3nc(c(-c4ccc(Cl)cc4)c4ccc([nH]4)c(-c4ccc(Cl)cc4)c4nc(c(-c5ccc(Cl)cc5)c5ccc2[nH]5)C=C4N2CCOCC2)C=C3)cc1,CS(C)=O,652.0,3.361727836,628.88855,3.8896723,648.68896,3.806416,651.35645,3.7229133,632.9206,3.7235045,627.5553,3.9904983,632.54755,3.8151085,623.2297,3.8110821,626.89294,3.7678528,636.85944,3.6417427,635.2954,3.6685836
Cc1ccc(-c2c3nc(c(-c4ccc(C)cc4)c4ccc([nH]4)c(-c4ccc(C)cc4)c4nc(c(-c5ccc(C)cc5)c5ccc2[nH]5)C=C4N2CCOCC2)C=C3)cc1,CS(C)=O,653.0,3.51851394,619.0959,3.8691053,658.8669,3.7582154,660.90857,3.6945841,630.69476,3.6746886,646.9833,3.858141,656.02997,3.6781297,642.44507,3.768057,633.6285,3.8140574,641.79297,3.6134658,646.69904,3.6301467
COc1ccc(C2=N/C(=C\c3ccccc3)C(=O)N2)cc1OC,C1COCCO1,390.0,4.361727836,401.50586,4.3636413,398.7351,4.24165,391.97614,4.202613,399.4895,4.2743115,391.6088,4.235835,397.3037,4.3855343,388.09854,4.3073096,381.0722,4.371753,395.49524,4.279367,394.09955,4.3510175
O=C1OC(c2ccccc2)=N/C1=C\c1ccccc1,C1COCCO1,363.0,4.505149978,375.45374,4.47762,381.78387,4.4904695,361.8479,4.502568,359.168,4.448617,371.12372,4.429946,366.63397,4.5119157,375.10794,4.5366044,379.58557,4.5171247,382.72113,4.521234,373.9253,4.5154486
COC(=O)c1ccc(/C=C2\N=C(c3ccc(OC)c(OC)c3)OC2=O)cc1,C1COCCO1,391.0,4.602059991,382.32013,4.6241827,389.11002,4.6010737,391.17245,4.6493936,385.82343,4.6075416,392.25336,4.598221,385.33966,4.63697,390.5567,4.6436763,400.6828,4.660273,392.22366,4.6011167,392.3446,4.6725793
CC(C)CN1C(=O)/C(=C/c2ccc(C#N)cc2)C=C1c1ccccc1,C1COCCO1,440.0,4.025305865,440.5087,4.136619,445.87033,4.0743313,446.0493,4.1855803,448.95386,4.07226,447.0216,4.032159,471.78333,4.01701,459.3053,4.085322,428.23004,4.143028,467.9271,4.053553,440.97043,4.114367
COc1ccc(C2=C/C(=C\c3ccccc3)C(=O)N2)cc1OC,C1COCCO1,431.0,4.269512944,449.1998,4.24174,439.3244,4.1949563,452.441,4.1310997,445.95193,4.216335,446.7114,4.1338425,444.64252,4.225082,426.06543,4.149999,413.26532,4.276491,454.49698,4.092872,440.93213,4.2777967
COC(=O)c1ccc(/C=C2\C=C(c3ccc(OC)c(OC)c3)NC2=O)cc1,C1COCCO1,454.0,4.278753601,447.4333,4.323109,435.89304,4.350916,451.10782,4.2861166,452.7981,4.2949047,446.9436,4.2760854,439.27893,4.363299,434.0815,4.325504,424.76242,4.3664665,452.90628,4.193145,441.8484,4.3800426
COC(=O)c1ccc(/C=C2\C=C(c3ccc(C#N)cc3)N(CC(C)C)C2=O)cc1,C1COCCO1,438.0,4.113943352,433.32843,4.2668347,438.60626,4.2336254,448.57376,4.249608,443.20117,4.2201104,438.4694,4.1331,465.3897,4.068737,440.06915,4.2088127,432.6689,4.3007336,457.28757,4.128027,433.47845,4.26504
CC(=O)Nc1ccc(C2=C/C(=C\c3ccc(C#N)cc3)C(=O)N2)cc1,C1COCCO1,456.0,4.298853076,457.68634,4.2708836,448.30154,4.207813,462.7488,4.221766,463.3725,4.281344,453.3477,4.1449227,450.73694,4.2183495,456.95734,4.2335887,436.28964,4.14563,460.4974,4.1527104,447.4084,4.3590035
CC(C)CN1C(=O)/C(=C/c2ccc([N+](=O)[O-])cc2)C=C1c1ccccc1,C1COCCO1,456.0,4.103803721,454.2298,4.103818,445.9601,4.11012,446.2233,4.1624703,450.10596,4.070013,452.95657,4.051217,467.44034,4.0787325,443.85013,4.1181316,434.29877,4.1225734,463.9158,4.0191617,450.77588,4.1123543
N#Cc1ccc(/C=C2\C=C(c3ccccc3)OC2=O)cc1,C1COCCO1,400.0,4.478566496,416.87234,4.431619,432.945,4.3638396,423.56863,4.4248004,404.93274,4.43148,423.518,4.351671,421.98035,4.4149218,435.51163,4.4098105,415.40265,4.4412107,428.63376,4.3638177,415.02017,4.4505277
COc1ccc(C2=C/C(=C\c3ccc(C#N)cc3)C(=O)O2)cc1OC,C1COCCO1,428.0,4.492760389,410.985,4.5047092,442.8609,4.368159,420.50244,4.4744244,426.4751,4.4933624,439.88495,4.3899407,434.7664,4.4760017,436.83905,4.429441,421.71313,4.50541,435.1908,4.4007034,423.9531,4.5076714
COC(=O)c1ccc(/C=C2\C=C(c3ccc([N+](=O)[O-])cc3)OC2=O)cc1,C1COCCO1,411.0,4.583198774,419.18155,4.4399567,419.1568,4.438495,415.62906,4.4437056,414.88004,4.4785495,427.46075,4.413471,408.66867,4.4561586,426.89365,4.488454,422.70926,4.4624686,426.73422,4.3892474,424.504,4.466865
O=Cc1ccc(Oc2ccc3c4c(cccc24)C(=O)N(CCO)C3=O)cc1,ClC(Cl)Cl,355.0,4.358,370.7837,4.399454,364.55832,4.3125114,358.74457,4.280348,366.60632,4.4263897,343.31967,4.3107305,360.18274,4.306889,376.872,4.3442917,355.9452,4.3314056,362.3123,4.2621083,367.7405,4.3810496
CC(=O)OCCN1C(=O)c2cccc3c(Oc4ccc(C#N)cc4)ccc(c23)C1=O,ClC(Cl)Cl,351.0,4.214,354.07425,4.276565,344.5823,4.267614,349.88333,4.2646513,342.92963,4.2025146,346.90475,4.3058414,355.68884,4.300063,357.30566,4.333064,362.92377,4.055031,348.02777,4.3245807,356.554,4.321072
CCCCCn1c2cc(/C=C/c3ccc(N(c4ccccc4)c4ccccc4)cc3)ccc2c2ccc(/C=C/c3ccc(N(c4ccccc4)c4ccccc4)cc3)cc21,Cc1ccccc1,411.0,5.1,409.75867,5.212449,410.70068,4.986082,413.11115,5.075538,409.6434,5.173028,409.9379,4.916627,407.9838,5.1519003,398.72452,5.05809,428.02167,4.83058,402.665,4.9698486,414.3015,5.1171384
C=C(C)C(CN1C(=O)c2cccc3c2c(cc2oc(C)nc23)C1=O)OO,CCO,362.0,4.38,363.9226,4.3430758,359.96176,4.332818,343.3361,4.365209,365.8101,4.2793794,354.96588,4.363453,365.541,4.0378413,353.16855,4.14437,360.47006,4.1851854,357.63654,4.1462097,362.14767,4.460443
Clc1nnc(Oc2ccc(N(c3ccccc3)c3ccccc3)cc2)nn1,ClCCl,525.0,2.751279104,514.47375,2.5958357,528.0946,2.1980984,508.33826,2.7995532,508.91153,2.913866,516.6457,2.6888485,513.1063,2.8463082,521.41956,2.7249303,504.14868,2.8167877,520.48157,2.8508062,497.81067,2.9828901
CCCCCCCCCCCCOc1cc(C(=O)Nc2ccc(-c3ccc4c(c3)C(=O)c3ccccc3-4)cc2)cc(OCCCCCCCCCCCC)c1OCCCCCCCCCCCC,C1CCOC1,432.0,3.204119983,428.37662,3.5601227,427.35974,3.6108804,444.32812,3.4570146,428.82416,3.465211,440.13937,3.457983,442.67224,3.7364032,442.1682,3.393229,391.23883,4.3599544,444.3411,3.4784937,412.9254,3.2038653
COc1ccc(N(c2ccc(OC)cc2)c2ccc(-c3ccc4nc5ccccc5c(=O)n4c3)cc2)cc1,ClCCl,361.0,4.660865478,385.93823,4.5609317,393.92453,4.449495,385.27383,4.550001,374.2852,4.6325965,376.37805,4.6605725,389.84204,4.537926,383.8702,4.6643996,411.42725,4.4569087,385.4732,4.732159,377.5436,4.6844854
F[B-]1(F)n2c(-c3ccccc3)cnc2-c2cccc[n+]21,CCCCCC,412.0,4.423245874,420.10507,4.309529,407.45355,4.1023006,436.57993,4.2287064,420.40607,4.256289,412.56622,4.2032504,424.4611,4.141438,418.58588,4.2037277,387.60342,4.313535,398.15012,3.9923956,406.60938,4.2113094
F[B-]1(F)n2c(-c3ccccc3)cnc2-c2cccc[n+]21,C1CCCCC1,412.0,4.424064525,418.91522,4.384875,405.39285,4.1334977,438.13116,4.3030915,425.113,4.353263,413.0554,4.3180165,419.31796,4.2164655,417.73517,4.2225246,389.8316,4.285248,398.20422,4.1027656,411.25546,4.354451
F[B-]1(F)n2c(-c3ccccc3)cnc2-c2cccc[n+]21,C1CCOC1,394.0,4.436957331,406.2101,4.324068,406.31348,4.1890526,421.35416,4.1718125,404.1209,4.4199853,406.63736,4.247982,411.13437,4.1916895,416.01273,4.2060013,389.41507,4.27861,397.8216,3.9976876,402.9798,4.2265406
F[B-]1(F)n2c(-c3ccccc3)cnc2-c2cccc[n+]21,ClC(Cl)Cl,369.0,4.384174139,399.54797,4.335067,409.80893,4.2673,424.5653,4.094834,413.9494,4.2425466,403.53503,4.2094665,407.1567,4.1788716,416.4696,4.2176447,387.87628,4.270758,393.55478,4.051431,404.76367,4.3032517
F[B-]1(F)n2c(-c3ccccc3)cnc2-c2cccc[n+]21,C1COCCO1,394.0,4.433609843,399.69534,4.5364637,403.60266,4.319109,404.54742,4.498668,387.13574,4.6136155,409.65094,4.286222,403.01624,4.3761106,414.35602,4.2687016,389.5017,4.3006964,392.7947,4.092272,408.1727,4.3444076
F[B-]1(F)n2c(-c3ccccc3)cnc2-c2cccc[n+]21,CC#N,384.0,4.403120521,380.8645,4.2414613,399.89368,4.1240606,408.2179,4.0967054,368.43506,4.421862,400.20932,4.2113404,397.7156,4.0051064,408.59848,4.0376377,384.83478,4.285809,391.7623,3.9705565,393.83762,4.1847553
F[B-]1(F)n2c(-c3ccccc3)cnc2-c2cccc[n+]21,CO,382.0,4.447932866,392.69415,4.2386436,401.92706,4.132091,400.67624,4.1040134,389.9392,4.208029,405.9726,4.198357,402.3635,4.078371,412.84116,4.1310725,385.6953,4.3178177,392.1795,3.9749234,393.95908,4.3103566
CC(C)(C)C#Cc1ccc2c3cccc4cccc(c5cccc1c52)c43,C1CCCCC1,455.0,4.604226053,450.42798,4.498493,453.40927,4.5003486,460.30716,4.5798497,457.05682,4.5632634,449.98972,4.538831,446.66452,4.5204988,446.0328,4.562619,432.02728,4.5483932,439.1607,4.440493,448.32092,4.6290946
C[Si](C)(C)C#CC#Cc1ccc2c3cccc4cccc(c5cccc1c52)c43,C1CCCCC1,470.0,4.643452676,454.29056,4.6800127,451.9552,4.5272217,455.4369,4.6199675,458.98447,4.5638413,439.1505,4.5989594,445.8046,4.6248703,444.81708,4.648119,435.7653,4.6319885,442.01514,4.572935,442.1175,4.6128445
C(/C=C/Nc1ccccc1)=[NH+]c1ccccc1,CS(C)=O,381.0,4.492760389,351.35556,4.4070606,343.6539,4.503297,374.02274,4.195144,368.0765,4.604008,355.40875,4.3451657,342.2867,4.409963,364.3686,4.3325863,370.9994,4.3046913,373.40594,4.526539,372.7424,4.389527
Cc1ccc(C2=C3C=CC4=[N+]3[P-](=O)(=O)n3c2ccc3-c2ccc([nH]2)/C(c2ccc(C)cc2)=c2/cc/c(o2)=C(\c2ccc(C)cc2)c2ccc4[nH]2)cc1,ClC(Cl)Cl,708.0,4.9,717.6603,4.7735076,717.7423,4.819751,713.5968,4.796946,723.43555,4.7932076,721.67206,4.8261204,721.9905,4.844968,721.59863,4.7938538,713.2463,4.6796403,734.32556,4.7599087,733.8296,4.7855563
CCOC(=O)/C=C/C1=C(c2ccc(C)cc2)C2=Nc3c(-c4ccc(C)cc4)c(Br)c(-c4ccc(C)cc4)n3[B-](F)(F)[N+]2=C1c1ccc(C)cc1,ClC(Cl)Cl,666.0,4.85,662.44794,4.623242,660.16815,4.7285514,665.7328,4.6211867,671.2456,4.693322,659.6858,4.7129955,663.9696,4.777889,678.71796,4.6626115,679.9827,4.6914053,663.51013,4.620785,668.62286,4.793467
COc1ccc(C(=O)OCc2ccc3c4cccc5cccc(c6cccc2c63)c54)cc1,CCO,439.0,4.55,443.03964,4.2784405,439.2267,4.376581,443.83987,4.4088745,441.4738,4.443105,445.03723,4.3481727,435.69427,4.432125,451.06958,4.3799043,441.93365,4.417473,432.3432,4.41718,433.88815,4.4539566
CC(C)(C)OC(=O)NC(Cc1ccccc1)C(=O)OCc1ccc2c3cccc4cccc(c5cccc1c52)c43,CCO,440.0,4.4,429.39984,4.391931,437.78558,4.4113503,428.16177,4.435535,439.26364,4.415021,435.71924,4.3979053,429.66202,4.447176,438.92673,4.386193,443.43484,4.5116343,422.3226,4.384745,431.7318,4.4346848
OCc1ccc2c3cccc4cccc(c5cccc1c52)c43,CCO,439.0,4.55,436.1188,4.2963676,440.83435,4.402452,426.88254,4.397341,437.57843,4.363362,436.92258,4.289696,432.01492,4.356037,444.39288,4.4063535,420.5574,4.4263,429.0922,4.2908955,431.6714,4.4243336
CCCCCCCCOc1ccc(C2=C(c3ccc(OCCCCCCCC)cc3)C(C)(C)c3ccccc32)cc1,C1CCCCC1,281.0,4.64738297,300.05722,4.0240693,295.19907,4.0492935,292.79468,4.1480207,316.0363,4.2454267,317.7553,3.9679844,295.61722,4.1524396,312.65567,4.441646,302.94867,4.079759,315.96072,3.9776514,304.8028,4.155156
COc1ccc(C2=C(c3ccc(OC)cc3)C(C)(C)c3cc(-c4ccccc4)ccc32)cc1,C1CCCCC1,305.0,4.238046103,299.58994,4.389269,305.1753,4.159124,306.8979,4.3318334,306.11444,4.3308926,303.56,4.280199,299.75232,4.2227955,302.29504,4.2896795,311.74457,4.4840965,307.9242,4.3738317,309.56396,4.3638287
COc1ccc2c3c(c4ccc(OC)cc4c2c1)C(C)(C)c1ccccc1-3,C1CCCCC1,388.0,3.819543936,388.25662,3.306727,383.66858,3.477565,392.64435,3.383524,402.79266,3.328207,383.4383,3.3355098,384.59583,3.3583686,387.85916,3.3608632,377.55493,3.5794132,385.26483,3.4570274,390.0531,3.4704108
COc1ccc2c3c(c4ccc(OC)cc4c2c1)C(C)(C)c1cc(-c2ccccc2)ccc1-3,C1CCCCC1,389.0,3.255272505,383.61005,3.691373,385.4942,3.6332731,381.71915,3.6713123,400.08694,3.477598,377.9911,3.812613,382.01828,3.50179,383.28284,3.5863688,378.28915,4.048197,385.53125,3.634461,381.14966,3.6994393
COc1ccc2c3c(c4ccc(OC)cc4c2c1)C(C)(C)c1c-3ccc2ccccc12,C1CCCCC1,391.0,3.672097858,392.34756,3.4832017,410.05283,3.8103204,409.4348,3.5494623,411.9321,3.346408,398.02588,3.4639096,395.62646,3.5644891,403.4821,3.4261663,396.22137,3.787981,393.8817,3.5643973,409.2362,3.6498053
COc1ccc2c3c(c4ccc(OC)cc4c2c1)C(C)(C)c1ccc2ccccc2c1-3,C1CCCCC1,391.0,3.672097858,401.69678,3.631005,395.40536,3.714291,403.09045,3.5084414,405.37616,3.376879,406.56784,3.4998949,391.12042,3.5881748,401.30087,3.4601812,383.1135,3.6770015,394.2368,3.4677591,401.855,3.6090431
COc1ccc2c3c(c4ccc(OC)cc4c2c1)C(C)(C)c1sccc1-3,C1CCCCC1,391.0,3.230448921,380.73657,3.5680401,379.81262,3.573217,394.15692,3.4148295,399.60736,3.318916,392.20798,3.627643,381.6742,3.4943752,389.4711,3.4568589,387.9066,3.7790098,379.12247,3.5910013,385.51636,3.6494482
N#C/C(=C\c1cn(-c2ccccc2)nc1-c1ccccc1)c1nc2ccccc2s1,Cc1ccccc1,387.0,4.087319912,384.1562,4.3213196,383.5851,4.09164,372.78098,4.3886557,413.0403,3.9612865,385.0438,4.0240436,389.75394,4.151378,392.72168,4.4546676,375.49057,4.105847,403.7241,4.3936143,374.71234,3.4478164
N#C/C(=C\c1cn(-c2ccccc2)nc1-c1ccccc1)c1nc2ccccc2s1,C1CCOC1,381.0,4.338635752,373.6195,4.369666,367.7327,4.3900404,367.09985,4.447281,413.37146,4.257583,377.3268,4.325702,389.04004,4.4013796,385.58505,4.5483203,374.78564,4.2453456,404.14194,4.418857,370.869,4.01536
N#C/C(=C\c1cn(-c2ccccc2)nc1-c1ccccc1)c1nc2ccccc2s1,C1COCCO1,381.0,4.369790824,371.60492,4.3942986,367.7121,4.3678966,364.7896,4.5899196,410.73444,4.502454,377.6648,4.372903,393.49655,4.391131,388.242,4.561611,376.5991,4.308303,406.58142,4.41747,374.39355,4.1176343
N#C/C(=C\c1cn(-c2ccccc2)nc1-c1ccccc1)c1nc2ccccc2s1,CCOC(C)=O,380.0,4.452139252,370.83902,4.148969,368.13004,4.3412347,368.28766,4.504818,411.09567,4.300132,376.29135,4.286384,389.61646,4.021702,383.62753,4.5483265,373.12064,4.3232756,401.3207,4.3948402,371.29272,3.8853261
N#C/C(=C\c1cn(-c2ccccc2)nc1-c1ccccc1)c1nc2ccccc2s1,ClC(Cl)Cl,383.0,4.457079148,381.07947,4.2875385,376.5788,4.1850176,369.68988,4.48134,419.2308,4.287424,384.47577,4.148795,389.3319,4.2082124,388.77222,4.3800497,372.0016,4.159192,401.21304,4.420459,377.37262,3.8090258
N#C/C(=C\c1cn(-c2ccccc2)nc1-c1ccccc1)c1nc2ccccc2s1,ClCCl,380.0,4.451540829,382.9264,4.0279036,373.77655,4.3086505,371.8845,4.4253197,420.09314,4.1712036,383.98972,4.115542,391.81223,4.12904,387.72858,4.4625707,371.31076,4.194985,406.3363,4.341771,375.02307,3.8237734
N#C/C(=C\c1cn(-c2ccccc2)nc1-c1ccccc1)c1nc2ccccc2s1,CCO,380.0,4.444716027,374.9569,3.9821663,368.70593,4.0595603,367.30667,4.449803,418.37973,4.073131,377.83316,4.0293255,388.56152,3.792676,385.02658,4.339025,369.9517,4.107931,399.62262,4.2150283,368.67413,3.7047062
N#C/C(=C\c1cn(-c2ccccc2)nc1-c1ccccc1)c1nc2ccccc2s1,CO,377.0,4.383743576,369.65787,4.0466933,366.61276,3.8635645,361.0647,4.431807,408.96036,3.8433743,376.26343,3.2351544,389.93332,2.8475971,376.55505,4.1502757,363.94177,3.6624956,392.80978,3.8557205,372.2204,3.5943127
N#C/C(=C\c1cn(-c2ccccc2)nc1-c1ccccc1)c1nc2ccccc2s1,CN(C)C=O,388.0,4.426185825,374.59665,4.1076255,368.5127,4.1659884,374.8933,4.3597775,406.27386,4.3128147,387.59933,4.3905487,395.89786,4.3733444,388.88226,4.479977,379.0527,4.2165666,405.02655,4.486925,375.90695,3.9066384
N#C/C(=C\c1cn(-c2ccccc2)nc1-c1ccccc1)c1nc2ccccc2s1,CS(C)=O,382.0,4.372912003,377.72897,3.9766676,380.0345,4.0337076,367.71545,3.9478278,411.12613,3.989083,390.88013,4.351743,388.33496,4.209525,389.68988,4.4844894,378.11972,4.22584,408.0855,4.334716,374.1797,3.8622622
O=C1CC(c2cccc([N+](=O)[O-])c2)c2c(c3ccccc3c3nc4ccccc4nc23)O1,ClC(Cl)Cl,409.0,4.0,400.31454,4.186409,404.23367,3.9170344,409.8796,3.9727445,412.66528,3.7888122,415.59885,3.8977318,399.63086,3.8586664,411.57544,3.8819132,393.10483,4.1958385,403.5095,3.9535966,395.68576,4.010134
COc1ccc(C2CC(=O)Oc3c2c2nc4ccccc4nc2c2ccccc32)cc1,ClC(Cl)Cl,406.0,4.255272505,408.45877,3.975576,417.28735,3.9971418,413.27493,4.011575,416.87634,4.01774,418.65195,3.8810787,406.4289,3.9135633,418.1948,3.970017,410.48486,4.092049,418.98462,3.8700445,408.43243,3.946481
Cc1ccccc1C1CC(=O)Oc2c1c1nc3ccccc3nc1c1ccccc21,ClC(Cl)Cl,410.0,4.041392685,404.17355,3.9739654,407.71613,4.016345,407.53806,3.8477082,401.35724,3.8302317,405.80127,3.9602895,397.16992,3.830978,414.02127,3.9184198,398.63724,4.163546,401.35306,3.8444815,406.16626,4.005022
Cc1ccc2nc3c4c(c5ccccc5c3nc2c1)OC(=O)CC4c1ccc(F)cc1,ClC(Cl)Cl,411.0,4.079181246,412.20868,3.8027916,411.82727,4.033448,413.52008,3.8767037,411.32123,4.1725526,416.32367,3.8742833,415.17816,4.155203,410.95718,3.9865146,407.12256,4.1026306,424.57672,3.8433678,407.3426,4.00108
O=C1CC(c2cccc([N+](=O)[O-])c2)c2c(c3ccccc3c3nc4ccccc4nc23)O1,CCCCCC,407.0,3.77815125,393.90717,4.2014637,401.34192,3.9886506,405.09802,3.9392238,394.56073,3.8704164,414.2201,3.9716656,403.71646,3.8376374,411.92957,3.8930094,394.04236,4.211134,407.50372,3.9229841,397.98532,4.009513
O=C1CC(c2cccc([N+](=O)[O-])c2)c2c(c3ccccc3c3nc4ccccc4nc23)O1,CCOC(C)=O,409.0,4.176091259,394.65857,4.199992,403.58826,4.1195445,401.45383,4.0548563,403.3194,4.032858,406.23517,4.0150747,400.0361,3.8861425,407.96423,3.9973748,389.15967,4.350221,405.89655,3.919375,394.92383,3.983518
O=C1CC(c2cccc([N+](=O)[O-])c2)c2c(c3ccccc3c3nc4ccccc4nc23)O1,CN(C)C=O,410.0,4.255272505,398.04596,4.224548,410.54404,4.2325325,423.17868,4.0137887,418.35303,4.0494866,418.41238,3.9641554,405.21432,3.9350388,418.16888,4.0021877,401.89066,4.220374,419.625,3.9882483,403.89874,4.101962
O=C1CC(c2cccc([N+](=O)[O-])c2)c2c(c3ccccc3c3nc4ccccc4nc23)O1,CS(C)=O,412.0,4.079181246,401.8577,4.2760134,408.69257,4.0094132,426.95688,3.9443142,416.60504,4.011455,424.43692,3.919886,408.7129,3.7594688,419.97357,3.9349842,399.6496,4.206095,414.29794,3.9195504,407.31824,4.126502
O=C1CC(c2cccc([N+](=O)[O-])c2)c2c(c3ccccc3c3nc4ccccc4nc23)O1,CO,407.0,3.698970004,393.17523,4.2144446,397.68036,3.9549654,402.9176,4.0869308,396.55392,4.0460277,407.47714,3.8982775,400.69412,4.0043845,406.39346,4.047312,395.12387,4.1632557,401.42578,3.994538,394.68347,3.9487638
Cc1cc(C)c(B(c2ccc(-c3ccc(-c4nc5c6ccccc6c6ccccc6c5[nH]4)cc3)cc2)c2c(C)cc(C)cc2C)c(C)c1,Cc1ccccc1,374.0,4.64,366.1561,4.6221676,375.1991,4.5978813,367.4348,4.32484,378.28354,4.448671,365.03668,4.4778337,365.57288,4.4135942,387.81696,4.5324807,374.32483,4.722926,385.14825,4.514645,364.90277,4.581608
Cc1cc(C)c(B(c2ccc(-c3ccc(-c4nc5c6ccccc6c6ccccc6c5[nH]4)cc3)cc2)c2c(C)cc(C)cc2C)c(C)c1,ClCCl,371.0,4.68,364.90576,4.5414457,369.3272,4.6137733,369.96265,4.2631865,375.78238,4.502809,355.38037,4.4549813,353.69476,4.434824,378.0377,4.5424666,368.09253,4.7784905,380.6325,4.605912,352.70346,4.5692935
Cc1cc(C)c(B(c2ccc(-c3ccc(-c4nc5c6ccccc6c6ccccc6c5[nH]4)cc3)cc2)c2c(C)cc(C)cc2C)c(C)c1,C1CCOC1,375.0,4.63,365.2212,4.54732,370.72507,4.5855346,369.27722,4.3019485,378.89432,4.5133224,360.76892,4.442906,360.17377,4.3966126,383.58447,4.550239,370.1523,4.776832,382.0043,4.530709,358.08276,4.545626
Cc1cc(C)c(B(c2ccc(-c3ccc(-c4nc5c6ccccc6c6ccccc6c5[nH]4)cc3)cc2)c2c(C)cc(C)cc2C)c(C)c1,CC(C)=O,373.0,4.62,370.68036,4.4946146,376.0167,4.643838,372.19818,4.271255,379.55563,4.4726515,360.69955,4.448732,367.57748,4.335672,385.51978,4.4844556,373.91956,4.7355328,383.9672,4.56343,363.99615,4.5715322
Cc1cc(C)c(B(c2ccc(-c3ccc(-c4nc5c6ccccc6c6ccccc6c5[nH]4)cc3)cc2)c2c(C)cc(C)cc2C)c(C)c1,CS(C)=O,378.0,4.61,370.12494,4.5661235,377.1792,4.464307,381.95758,4.282928,379.5255,4.4709134,372.60382,4.418239,378.91397,4.3879037,390.2283,4.4810677,375.43542,4.717805,386.3491,4.551166,372.2673,4.551097
CCCCCCc1ccsc1-c1ccc(-c2sc(C(=O)O)cc2CCCCCC)s1,CCCCCC,357.0,4.318063335,391.5355,4.359405,375.799,4.2991385,382.50043,4.3134694,379.88058,4.168104,392.24237,4.224365,388.0433,4.371537,390.92844,4.265275,374.15652,4.402292,368.91608,4.2219815,392.34277,4.042232
CCCCCCc1ccsc1-c1ccc(-c2sc(C(=O)O)cc2CCCCCC)s1,ClCCl,364.0,4.397940009,393.54755,4.2260756,378.23724,4.369775,382.43283,4.2723365,390.00885,4.1655693,392.29855,4.234925,393.42575,4.3562922,396.62112,4.282314,372.08615,4.383422,370.07883,4.2358623,393.98932,4.0833173
CCCCCCc1ccsc1-c1ccc(-c2sc(C(=O)O)cc2CCCCCC)s1,CC(C)=O,361.0,4.369215857,393.0087,4.322325,377.77335,4.295802,384.0764,4.216099,382.12662,4.13469,392.45932,4.211472,384.94232,4.252227,393.90222,4.270243,380.0725,4.3524537,373.88498,4.212618,392.8824,4.0888333
CCCCCCc1ccsc1-c1ccc(-c2sc(C(=O)O)cc2CCCCCC)s1,CCO,352.0,4.290034611,390.38544,4.330062,377.3334,4.292221,379.64062,4.1890492,382.19525,4.011503,391.07858,4.131609,383.66428,4.28398,392.65366,4.252676,373.56357,4.36566,366.30212,4.2320943,390.5866,4.037121
CCCCCCc1ccsc1-c1ccc(-c2sc(C(=O)O)cc2CCCCCC)s1,CO,352.0,4.292256071,387.96362,4.2522364,377.01132,4.2820587,378.315,4.1455984,375.7948,4.014722,386.07306,4.137105,380.86407,4.32033,388.75095,4.267127,373.8359,4.3558974,359.14594,4.235078,391.03046,4.0572968
CCCCCCc1ccsc1-c1ccc(-c2sc(C(=O)O)cc2CCCCCC)s1,O,365.0,4.130333768,386.38925,3.8055682,376.8758,4.1155496,368.66992,3.9872448,370.56967,3.9604988,379.29355,3.8577118,367.8844,4.1018634,383.85043,3.9736428,376.42468,4.09051,365.71982,3.9669602,376.52866,3.856361
COc1ccc2cc(C(C)C(=O)Oc3ccc(-c4c5nc(c(-c6ccc(C)cc6)c6ccc([nH]6)c(-c6ccc(C)cc6)c6nc(c(-c7ccc(C)cc7)c7ccc4[nH]7)C=C6)C=C5)cc3)ccc2c1,ClCCl,648.0,3.71,645.8854,3.7399197,651.2479,3.7451625,657.06555,3.5935404,658.0287,3.5937715,672.77045,3.6971378,642.7656,3.6574035,654.21844,3.752571,644.41064,3.683188,647.8825,3.5436592,647.3993,3.62391
COc1ccc(-c2cc3c(ccc4sc5ccc6sccc6c5c43)s2)cc1,ClCCl,357.0,4.612783857,373.20084,4.5964575,365.30838,4.4910135,370.94867,4.5569205,354.57825,4.6006484,358.49637,4.495971,371.66568,4.3531275,382.7225,4.478675,394.92865,4.6600337,368.77286,4.522419,374.30798,4.5494046
COc1ccc(-c2cc3c(ccc4sc5ccc6sc(-c7ccc(C#N)cc7)cc6c5c43)s2)cc1,ClCCl,383.0,4.633468456,388.42984,4.7407265,382.8048,4.6933784,384.48663,4.734138,379.20782,4.741286,374.94904,4.6278596,386.6015,4.6760383,390.8805,4.6877093,406.04373,4.750356,384.6561,4.615671,383.6921,4.678261
C(=C/c1ccc(-c2cccc3ccccc23)s1)\c1ccc(-c2cccc3ccccc23)s1,ClCCl,388.0,4.62324929,380.39716,4.629453,397.2676,4.610904,392.42743,4.6415496,424.72595,4.6035624,427.75415,4.6667337,403.0634,4.6337457,411.2872,4.6525226,412.66037,4.5992427,415.0321,4.5474877,422.6212,4.6122146
CC(C)(C)c1ccc(-c2cc(-c3ccc(-c4cc(-c5ccc(C(C)(C)C)cc5)c(C(=O)NCc5cccs5)s4)s3)sc2C(=O)NCc2cccs2)cc1,ClCCl,394.0,4.544068044,399.95908,4.5858593,405.85468,4.4696035,400.0038,4.498031,425.67645,4.491301,402.61862,4.5875907,407.67407,4.5289,407.48596,4.5560017,405.16113,4.6350946,401.52667,4.3925395,408.05563,4.5115
O=S(=O)([O-])c1ccccc1/C=C/c1ccc(-c2nnc(-c3ccc(/C=C/c4ccccc4S(=O)(=O)[O-])cc3)o2)cc1,CN(C)C=O,348.0,4.414973348,357.95093,3.8502507,359.97772,4.5666533,371.81235,4.547001,371.35583,4.539981,364.07635,4.0265822,356.0604,4.4699225,364.4043,4.2512946,376.5641,4.551812,368.5283,4.123262,376.58655,4.5518084
O=S(=O)([O-])c1ccccc1/C=C/c1ccc(-c2nnc(-c3ccc(/C=C/c4ccccc4S(=O)(=O)[O-])cc3)o2)cc1,CC(C)=O,344.0,4.414973348,361.7141,3.8289154,349.69165,3.874908,365.74908,3.733546,362.76007,3.8696349,354.6476,3.9423265,353.69177,3.833426,359.07156,4.121615,373.86707,4.565976,364.20944,3.9053335,380.22397,4.6768203
O=S(=O)([O-])c1ccccc1/C=C/c1ccc(-c2nnc(-c3ccc(/C=C/c4ccccc4S(=O)(=O)[O-])cc3)o2)cc1,C1CCOC1,346.0,4.421603927,358.6759,3.822073,348.61374,3.949841,362.97205,3.9580572,361.89252,3.9138842,358.17712,3.9938557,361.9914,3.8726888,357.4677,4.1145086,372.77695,4.6049767,368.31244,3.9149032,377.91602,4.5976324
CC[N+]1=C(/C=C/C=C/C=C/C=C2/N(CCCCCC(=O)O)c3ccccc3C2(C)C)C(C)(C)c2cc(S(=O)(=O)[O-])ccc21,O,745.0,4.880813592,722.70276,5.1150117,737.77454,5.118038,742.0044,5.2850294,732.94226,5.240047,733.48865,5.2423472,737.2189,5.154394,734.4975,5.1781535,694.4088,5.135522,745.2881,5.1204896,732.0792,5.1889586
CC[N+]1=C(/C=C/C=C/C=C/C=C2/N(CCCCCC(=O)O)c3ccccc3C2(C)C)C(C)(C)c2cc(S(=O)(=O)[O-])ccc21,CO,751.0,4.982271233,725.39685,5.2419367,745.9459,5.2322173,747.2781,5.3388424,734.33203,5.321486,735.1316,5.378548,741.0863,5.354696,738.93787,5.293577,688.07446,5.217556,748.98395,5.2165284,737.09937,5.338708
CC1(C)C(/C=C/C=C/C=C/C=C2/N(CCCCCC(=O)O)c3ccc(S(=O)(=O)[O-])cc3C2(C)C)=[N+](CCCCS(=O)(=O)[O-])c2ccc(S(=O)(=O)[O-])cc21,O,749.0,5.383815366,740.379,5.188012,752.50305,5.100918,779.87836,5.308641,748.4706,5.1248226,777.6863,5.2423573,770.7166,5.268056,769.6172,5.22386,759.3281,5.2423835,757.8834,5.131477,762.4044,5.1626115
CC1(C)C(/C=C/C=C/C=C/C=C2/N(CCCCCC(=O)O)c3ccc(S(=O)(=O)[O-])cc3C2(C)C)=[N+](CCCCS(=O)(=O)[O-])c2ccc(S(=O)(=O)[O-])cc21,CO,753.0,5.413299764,745.3054,5.276879,762.15247,5.2069497,783.2589,5.3026147,752.35474,5.1827016,778.02563,5.3606534,778.13055,5.4514227,773.9923,5.338468,754.20996,5.3175797,762.05676,5.225133,767.8273,5.287877
C(=C/c1c[nH]c2ccc(Oc3ccccc3)cc12)\C1=[NH+]c2cccc3cccc1c23,CO,489.0,4.206825876,563.31915,4.22202,519.3225,4.2190495,509.5823,4.0519238,495.6583,4.200338,530.3478,4.218855,482.39398,4.199136,524.11505,4.2832575,542.7224,4.3808,494.50668,4.1184807,519.4229,4.2301555
C(=C/c1c[nH]c2ccc(Oc3ccccc3)cc12)\C1=[NH+]c2cccc3cccc1c23,O,532.0,4.152288344,538.3086,4.178458,523.15607,4.215602,534.71313,4.165861,535.45886,4.236965,536.8241,4.138802,479.29315,4.123039,529.57007,4.2471337,548.2823,4.2530103,510.3441,3.9897242,522.73346,4.246968
N#CC(C#N)=C(/C=C/c1ccc(N(c2ccccc2)c2ccc(/C=C/C(=C(C#N)C#N)c3ccccc3)cc2)cc1)c1ccccc1,Cc1ccccc1,508.0,4.698970004,507.6652,4.5436254,514.50586,4.5975046,498.11813,4.5104775,499.55563,4.5133996,531.56384,4.6297317,514.94385,4.631661,505.63046,4.644012,533.99713,4.6873236,519.4992,4.619765,514.45715,4.7752395
N#CC(C#N)=C(/C=C/c1ccc(N(c2ccccc2)c2ccc(/C=C/C(=C(C#N)C#N)c3ccccc3)cc2)cc1)c1ccccc1,C1COCCO1,507.0,4.652110905,496.73633,4.5691843,512.8097,4.624025,480.91266,4.5813384,488.82794,4.5366974,523.1441,4.572417,511.59314,4.627774,497.01086,4.606848,526.0263,4.6741753,511.19318,4.5914755,503.2118,4.695895
N#CC(C#N)=C(/C=C/c1ccc(N(c2ccccc2)c2ccc(/C=C/C(=C(C#N)C#N)c3ccccc3)cc2)cc1)c1ccccc1,ClCCl,505.0,4.618225964,503.97775,4.481468,518.11725,4.6216946,493.68365,4.5845246,488.45337,4.5966883,535.0579,4.614576,520.11505,4.6827917,509.3776,4.6226883,531.8965,4.671617,520.1046,4.604811,518.67346,4.7209983
N#CC(C#N)=C(/C=C/c1ccc(N(c2ccccc2)c2ccc(/C=C/C(=C(C#N)C#N)c3ccccc3)cc2)cc1)c1ccccc1,ClC(Cl)Cl,523.0,4.642098332,505.13232,4.4910297,524.47455,4.62066,495.1107,4.6054316,496.40222,4.563427,540.9789,4.6067333,528.3073,4.691116,517.3947,4.624958,539.2764,4.6654396,529.18536,4.6139116,521.9541,4.7460003
N#CC(C#N)=C(/C=C/c1ccc(N(c2ccccc2)c2ccc(/C=C/C(=C(C#N)C#N)c3ccccc3)cc2)cc1)c1ccccc1,CCOC(C)=O,505.0,4.642691995,495.86118,4.4964895,503.88004,4.618067,486.1682,4.6444674,487.3687,4.5975285,521.74133,4.5971045,508.02295,4.677439,496.67526,4.601821,522.07355,4.673134,507.9356,4.604747,503.33765,4.719158
N#CC(C#N)=C(/C=C/c1ccc(N(c2ccccc2)c2ccc(/C=C/C(=C(C#N)C#N)c3ccccc3)cc2)cc1)c1ccccc1,CC(C)=O,508.0,4.633680501,495.8313,4.518982,508.41776,4.625921,489.0282,4.653705,484.8165,4.678485,528.49304,4.604401,517.23,4.676696,503.7483,4.6247106,529.9679,4.6600013,513.4545,4.603992,503.7425,4.7822614
N#CC(C#N)=C(/C=C/c1ccc(N(c2ccccc2)c2ccc(/C=C/C(=C(C#N)C#N)c3ccccc3)cc2)cc1)c1ccccc1,CO,511.0,3.922362097,503.28082,4.5103855,514.2107,4.626916,500.29688,4.6173005,494.88638,4.6494102,532.71295,4.6529527,523.4127,4.6854324,507.30142,4.6375017,539.8642,4.667905,525.7116,4.6243267,511.14908,4.731596
N#CC(C#N)=C(/C=C/c1ccc(N(c2ccccc2)c2ccc(/C=C/C(=C(C#N)C#N)c3ccccc3)cc2)cc1)c1ccccc1,CCO,514.0,3.87279704,505.50284,4.530829,513.79565,4.624772,499.61346,4.6531744,503.60965,4.6971283,531.6659,4.641526,521.2668,4.6878443,506.61304,4.613547,531.9024,4.662342,516.4198,4.6065154,513.67993,4.714203
N#CC(C#N)=C(/C=C/c1ccc(N(c2ccccc2)c2ccc(/C=C/C(=C(C#N)C#N)c3ccccc3)cc2)cc1)c1ccccc1,CC#N,508.0,4.59892176,497.1053,4.473858,505.62268,4.6467314,495.2121,4.754283,492.39856,4.814666,515.5747,4.625892,513.0347,4.6747646,499.92862,4.632589,525.3983,4.6821933,512.2628,4.6336493,505.6169,4.7603683
N#CC(C#N)=C(/C=C/c1ccc(N(c2ccccc2)c2ccc(/C=C/C(=C(C#N)C#N)c3ccccc3)cc2)cc1)c1ccccc1,CN(C)C=O,520.0,4.568248672,508.37476,4.560032,528.3981,4.596754,499.89673,4.6486964,494.2837,4.673791,532.0,4.596454,526.15466,4.6598225,511.69144,4.607747,532.8363,4.656015,513.7564,4.601661,516.03296,4.702322
CCOC(=O)/C(C#N)=C(\C=C\c1ccc(N(c2ccccc2)c2ccc(/C=C/C(=C(/C#N)C(=O)OCC)c3ccccc3)cc2)cc1)c1ccccc1,Cc1ccccc1,490.0,4.694999833,500.19037,4.559239,500.6143,4.5811744,490.22314,4.565113,491.425,4.5375495,497.35498,4.588113,493.385,4.645663,486.8572,4.600793,502.9141,4.601746,506.9197,4.624808,483.2883,4.6069303
CCOC(=O)/C(C#N)=C(\C=C\c1ccc(N(c2ccccc2)c2ccc(/C=C/C(=C(/C#N)C(=O)OCC)c3ccccc3)cc2)cc1)c1ccccc1,C1COCCO1,474.0,4.721035281,493.73813,4.585641,494.85968,4.535515,479.18152,4.5991583,485.22635,4.526947,493.76508,4.533303,492.21063,4.6395783,480.55554,4.5571914,493.94797,4.582405,503.89508,4.5547414,479.4499,4.598977
CCOC(=O)/C(C#N)=C(\C=C\c1ccc(N(c2ccccc2)c2ccc(/C=C/C(=C(/C#N)C(=O)OCC)c3ccccc3)cc2)cc1)c1ccccc1,ClCCl,481.0,4.787488813,501.54623,4.4795556,500.93582,4.5810785,484.8404,4.561025,485.8553,4.5734324,501.95422,4.5603495,501.1585,4.689832,494.58185,4.594249,500.5656,4.580613,512.1845,4.589932,491.33,4.592939
CCOC(=O)/C(C#N)=C(\C=C\c1ccc(N(c2ccccc2)c2ccc(/C=C/C(=C(/C#N)C(=O)OCC)c3ccccc3)cc2)cc1)c1ccccc1,ClC(Cl)Cl,502.0,4.745605619,503.1883,4.5144362,507.35254,4.589625,489.47104,4.5786047,492.71722,4.5250096,512.60114,4.555382,506.8963,4.700223,503.1525,4.6001225,508.9483,4.576712,523.04346,4.6124277,492.81653,4.6143837
CCOC(=O)/C(C#N)=C(\C=C\c1ccc(N(c2ccccc2)c2ccc(/C=C/C(=C(/C#N)C(=O)OCC)c3ccccc3)cc2)cc1)c1ccccc1,CCOC(C)=O,481.0,4.719314711,490.3348,4.487138,490.09363,4.5926867,479.07843,4.63015,478.2235,4.5980053,489.21866,4.564531,488.83063,4.6589594,481.73782,4.555917,490.90643,4.5901213,501.65195,4.577523,477.64032,4.595051
CCOC(=O)/C(C#N)=C(\C=C\c1ccc(N(c2ccccc2)c2ccc(/C=C/C(=C(/C#N)C(=O)OCC)c3ccccc3)cc2)cc1)c1ccccc1,CC(C)=O,484.0,4.731258286,492.27762,4.5356727,493.4318,4.596207,482.69604,4.635855,481.80008,4.750131,495.61826,4.564687,497.21802,4.6883173,488.81314,4.594218,498.7193,4.5677853,508.02557,4.583171,478.18155,4.6617303
CCOC(=O)/C(C#N)=C(\C=C\c1ccc(N(c2ccccc2)c2ccc(/C=C/C(=C(/C#N)C(=O)OCC)c3ccccc3)cc2)cc1)c1ccccc1,CO,493.0,4.747233081,500.4668,4.529365,501.40723,4.585035,490.3062,4.703358,488.79938,4.7868104,503.64877,4.5991364,503.5956,4.7233515,493.11304,4.596343,510.43475,4.573881,514.5274,4.611199,483.99292,4.6124434
CCOC(=O)/C(C#N)=C(\C=C\c1ccc(N(c2ccccc2)c2ccc(/C=C/C(=C(/C#N)C(=O)OCC)c3ccccc3)cc2)cc1)c1ccccc1,CCO,493.0,4.754203037,499.02118,4.5197186,498.44162,4.5798244,493.06067,4.6313167,495.63806,4.750871,500.32986,4.5857162,500.32,4.701326,493.07202,4.576433,501.39508,4.569309,508.3997,4.591764,484.71326,4.584813
CCOC(=O)/C(C#N)=C(\C=C\c1ccc(N(c2ccccc2)c2ccc(/C=C/C(=C(/C#N)C(=O)OCC)c3ccccc3)cc2)cc1)c1ccccc1,CC#N,487.0,4.719314711,493.81064,4.4633555,491.6356,4.633379,483.07318,4.7900143,479.69064,4.7938004,483.88614,4.5557055,489.90848,4.680034,485.25592,4.592885,493.57172,4.5930324,506.55396,4.5950403,477.49432,4.6241875
CCOC(=O)/C(C#N)=C(\C=C\c1ccc(N(c2ccccc2)c2ccc(/C=C/C(=C(/C#N)C(=O)OCC)c3ccccc3)cc2)cc1)c1ccccc1,CN(C)C=O,496.0,4.723898771,496.41754,4.482522,507.2602,4.593303,483.32117,4.6146517,482.78973,4.620881,499.0267,4.55761,496.781,4.6689115,496.571,4.573962,501.99,4.5653753,510.0878,4.6030097,484.82123,4.560961
Cc1ccc2nc3cc4c(cc3c(-c3ccccc3)c2c1)[Si](C)(C)O[Si]4(C)C,ClCCl,370.0,4.541579244,372.1927,4.0432997,374.5459,4.0042715,368.38272,3.9933553,371.5818,3.95499,369.5573,3.923468,365.73215,3.970057,381.28635,4.048525,365.36264,4.194673,367.55157,4.1874175,374.1202,3.7692182
C[Si]1(C)O[Si](C)(C)c2cc3c(-c4ccccc4)c4cc(Cl)ccc4nc3cc21,ClCCl,376.0,3.892094603,372.38806,4.221857,378.01285,4.1066346,378.49088,4.13955,380.5067,4.0432177,378.68692,3.9431894,368.48004,4.010606,380.99683,4.103289,380.1271,4.1302147,368.26758,4.146966,377.7417,3.848288
C[Si]1(C)O[Si](C)(C)c2cc3c(-c4ccc(F)cc4)c4ccccc4nc3cc21,ClCCl,368.0,4.193124598,364.27667,4.1163054,372.18552,4.0819745,366.26862,4.105974,368.70682,4.042423,365.36975,3.9396539,364.9776,4.0568266,370.4483,4.1277637,370.8219,4.1920404,366.4352,4.0902834,367.2108,3.961536
C[Si]1(C)O[Si](C)(C)c2cc3nc4ccc(Cl)cc4c(-c4ccccc4)c3cc2[Si](C)(C)O1,ClCCl,373.0,4.130333768,383.11496,4.2010326,379.08395,4.203646,381.39493,4.150255,380.50397,4.128789,382.96967,4.08487,367.93552,4.1990695,381.1276,4.1759653,378.1016,4.217388,366.70438,4.116199,376.4571,4.055633
C[Si]1(C)O[Si](C)(C)c2cc3nc4ccc([N+](=O)[O-])cc4c(-c4ccccc4)c3cc2[Si](C)(C)O1,ClCCl,376.0,3.897627091,384.31342,3.8268633,378.14743,3.8102875,377.9934,3.852532,376.63486,3.8777232,383.9826,3.7772546,368.12073,3.9544628,393.07495,3.9076138,377.6635,4.225974,376.35022,3.77709,373.3749,3.798068
Fc1ccccc1-c1c2cc(Cl)ccc2nc2cc3ccccc3cc12,ClCCl,402.0,4.459392488,387.1266,4.1751657,396.90482,4.050878,395.2348,4.1693306,396.9948,4.172305,403.27133,3.941318,401.07056,4.121111,398.4495,4.166904,418.36694,4.1539726,401.5776,4.2138457,391.89127,3.9876506
F[B-]1(F)OC(c2ccccc2)=Nc2sc(-c3ccccc3)n[n+]21,ClC(Cl)Cl,335.0,4.527204419,329.16223,4.3776455,333.7922,4.376339,334.35193,4.3689137,342.39813,4.4826207,337.11108,4.4219003,337.6798,4.3888288,354.36615,4.2710476,352.65836,4.6029863,340.16797,4.331624,340.03925,4.3373103
F[B-]1(F)OC(c2ccccc2)=Nc2sc(-c3ccccc3)n[n+]21,Cc1ccccc1,337.0,4.556302501,346.816,4.435831,344.5096,4.4128428,339.32092,4.4080744,354.32126,4.481362,343.26413,4.3669305,339.78162,4.374961,359.35397,4.400041,356.21512,4.600065,349.82343,4.4017124,342.73004,4.3501773
F[B-]1(F)OC(c2ccccc2)=Nc2sc(-c3ccccc3)n[n+]21,ClCCl,333.0,4.51851394,330.7018,4.3286824,330.14752,4.2271733,332.1118,4.4261928,344.89087,4.5079026,334.8418,4.3725023,328.8426,4.3688416,348.9897,4.2811875,349.77936,4.617655,339.42603,4.3037653,334.71332,4.278036
F[B-]1(F)OC(c2ccccc2)=Nc2sc(-c3ccccc3)n[n+]21,C1CCOC1,332.0,4.509646002,334.37543,4.3707905,329.74115,4.2619753,331.42062,4.41412,339.8598,4.442906,336.59503,4.3509774,328.73743,4.3599854,346.1033,4.3499084,353.19586,4.6031094,344.98868,4.274866,335.66968,4.3055162
F[B-]1(F)OC(c2ccccc2)=Nc2sc(-c3ccccc3)n[n+]21,CCO,328.0,4.472273632,327.01465,4.2674465,330.0231,4.230764,335.34024,4.501745,341.46185,4.3227544,334.5257,4.3767467,325.6338,4.2953787,347.06177,4.305027,349.59955,4.5854692,339.1488,4.3216004,336.7827,4.3403883
F[B-]1(F)OC(c2ccccc2)=Nc2sc(-c3ccccc3)n[n+]21,CC#N,330.0,4.531478917,333.49115,4.35254,333.5416,4.2999735,332.3144,4.4141765,342.61563,4.5304794,336.79272,4.422368,335.7314,4.3721647,348.42896,4.3124895,350.7904,4.612447,341.3073,4.3938994,331.36792,4.378563
F[B-]1(F)OC(c2ccccc2)=Nc2sc(-c3ccccc3)n[n+]21,CCOC(C)=O,331.0,4.522874402,335.00946,4.2720575,333.4735,4.331541,331.2079,4.4020114,349.46387,4.5607753,335.57413,4.3068113,327.8656,4.3221574,345.47778,4.36438,356.57123,4.645091,343.00775,4.299151,333.416,4.2662797
F[B-]1(F)OC(c2ccccc2)=Nc2sc(-c3ccccc3)n[n+]21,CN(C)C=O,334.0,4.564275379,332.8895,4.348858,331.82504,4.343971,331.93002,4.369737,347.36127,4.440662,335.8592,4.377353,336.7879,4.3703203,352.89246,4.3324776,360.24622,4.5804048,348.45648,4.3282146,334.96173,4.3077555
O=Cc1ccc(-c2ccc(O)c(-c3nc4ccccc4s3)c2)o1,O,349.0,3.78096503,374.89215,3.2355137,368.95227,3.2443695,375.28802,3.0274649,375.77795,3.1421013,372.04126,3.3029435,370.4282,3.3713279,386.70828,3.3088808,357.38693,3.5194275,385.48715,3.288861,370.18173,3.186705
O=Cc1ccc(-c2ccc(O)c(-c3nc4ccccc4s3)c2)s1,O,338.0,3.512684396,368.2796,3.2961106,367.68695,3.2753913,374.5869,3.107903,368.31607,3.263184,374.63028,3.2587209,369.56274,3.392922,384.29047,3.3870058,364.39105,3.4845138,386.47894,3.3071516,367.21988,3.3181248
Oc1cc(-c2ccco2)ccc1-c1nc2ccccc2s1,O,354.0,3.741230411,332.31625,3.5378685,348.81897,3.2602596,325.14954,3.6087832,330.9077,3.335455,336.80093,3.277505,338.04712,3.3413134,347.34024,3.092806,334.0771,3.4625537,348.41162,3.3307161,341.7901,3.245745
Oc1cc(-c2cccs2)ccc1-c1nc2ccccc2s1,O,370.0,3.442479769,330.47174,3.4796987,349.02402,3.2296505,321.3449,3.5122368,328.6395,3.2266147,338.7248,3.213654,336.21396,3.3813276,348.1408,3.0983853,334.99628,3.462545,347.3523,3.3188288,342.8946,3.244479
O=Cc1ccc(-c2ccc(O)c(-c3nc4ccccc4s3)c2)o1,CCO,341.0,3.509202522,381.0525,3.4326103,379.5641,3.5343308,381.42493,3.5099692,379.943,3.7104363,383.2411,3.510385,388.08566,3.652541,395.25742,3.640634,358.10938,3.7783,394.25296,3.3910508,377.3391,3.514028
O=Cc1ccc(-c2ccc(O)c(-c3nc4ccccc4s3)c2)s1,CCO,348.0,3.562292864,377.65454,3.5436676,379.4063,3.556259,382.16895,3.515787,375.9004,3.87737,386.2202,3.4612427,386.21817,3.6756973,393.4796,3.7340782,365.02844,3.7309532,395.10553,3.4227815,374.61182,3.6788924
Oc1cc(-c2ccco2)ccc1-c1nc2ccccc2s1,CCO,359.0,3.436162647,345.1135,3.6604552,350.17505,3.4232774,349.99054,3.6274939,348.20825,3.4091406,342.797,3.504613,346.25375,3.5679607,350.22232,3.4820597,335.5122,3.672179,359.5465,3.2706716,345.0716,3.4220626
Oc1cc(-c2cccs2)ccc1-c1nc2ccccc2s1,CCO,361.0,3.550228353,343.64935,3.6241698,350.99683,3.4215972,344.94586,3.5898485,346.05267,3.324582,342.9682,3.4663055,343.7496,3.6283703,352.0347,3.478376,336.45074,3.6839402,359.01263,3.2389522,347.2835,3.4526255
N#CC(C#N)=Cc1ccc(-c2cccc(-c3nc4ccccc4s3)c2O)o1,CCO,421.0,3.481442629,415.59238,3.5578594,419.56128,3.4988282,417.03558,3.5428567,418.0284,3.661115,428.72922,3.4673135,413.58322,3.5786166,414.41272,3.671258,407.2765,3.6781006,424.25754,3.4239023,427.42743,3.596549
O=Cc1ccc(-c2cccc(-c3nc4ccccc4s3)c2O)s1,CCO,367.0,3.625312451,367.88666,3.676702,372.3303,3.5714996,371.41693,3.6584089,370.52597,3.7636409,377.6848,3.4039679,375.10883,3.5818589,379.32642,3.767588,364.84784,3.8212342,376.10876,3.4470663,376.3644,3.665423
O=Cc1ccc(-c2ccc(O)c(-c3nc4ccccc4s3)c2)o1,ClCCl,342.0,3.656098202,379.93777,3.4169962,382.079,3.5100892,379.86395,3.554109,386.641,3.681039,383.0343,3.5594935,392.84802,3.6890774,390.93765,3.6724646,358.35837,3.851749,397.12488,3.3573565,380.4562,3.4338944
O=Cc1ccc(-c2ccc(O)c(-c3nc4ccccc4s3)c2)s1,ClCCl,350.0,3.511883361,377.5307,3.5134053,381.8284,3.5291903,379.05243,3.6280289,382.75858,3.9198833,386.2115,3.4881053,391.9351,3.6961424,389.4528,3.7522612,365.26593,3.7966309,398.0998,3.3830197,376.51154,3.6058161
Oc1cc(-c2ccco2)ccc1-c1nc2ccccc2s1,ClCCl,361.0,3.392696953,347.6579,3.6324816,356.1992,3.4688072,353.6421,3.676103,344.3696,3.4456036,343.31512,3.5276804,348.75964,3.6238003,348.60956,3.501371,335.26147,3.756634,361.00754,3.3453183,353.78796,3.3870692
Oc1cc(-c2cccs2)ccc1-c1nc2ccccc2s1,ClCCl,364.0,3.328379603,346.90222,3.5718248,356.5788,3.4638615,348.58063,3.596283,341.31525,3.4270697,343.80298,3.48482,346.39658,3.6670868,349.67264,3.5053883,336.08133,3.7671182,360.90372,3.2987053,352.39868,3.4575777
N#CC(C#N)=Cc1ccc(-c2cccc(-c3nc4ccccc4s3)c2O)o1,ClCCl,428.0,3.696356389,421.70416,3.6391196,422.3567,3.5111184,421.38785,3.6273334,425.0166,3.67316,434.6782,3.5196776,423.0619,3.633382,418.56427,3.6789553,410.67603,3.7345738,428.8129,3.4993134,431.62997,3.6464179
O=Cc1ccc(-c2cccc(-c3nc4ccccc4s3)c2O)s1,ClCCl,370.0,3.459392488,369.0246,3.6082377,375.17563,3.49642,372.77432,3.6304898,377.14883,3.8272388,378.1863,3.4289327,379.65625,3.581,379.75574,3.7734392,365.23108,3.8809636,379.62985,3.4134483,377.26996,3.5705872
O=CN1N=C(c2ccc(Br)cc2)C[C@@H]1c1ccccc1,C1CCCCC1,305.0,4.298853076,309.2873,4.252341,299.57474,4.378172,322.18835,4.4044576,306.88916,4.3406005,293.99893,4.308783,294.43723,4.3228703,295.96082,4.388357,304.90253,4.224123,307.35358,4.1950097,289.38086,4.4050183
O=CN1N=C(c2ccc(Br)cc2)C[C@@H]1c1ccccc1,C1COCCO1,303.0,4.408239965,307.2186,4.300246,295.76904,4.440716,316.55328,4.446444,301.64618,4.2792244,292.96664,4.260973,294.45145,4.3972244,296.62793,4.369891,293.39075,4.250706,307.51053,4.2669277,279.87198,4.2223907
O=CN1N=C(c2ccc(Br)cc2)C[C@@H]1c1ccccc1,ClC(Cl)(Cl)Cl,306.0,4.501059262,301.32587,4.264806,308.08533,4.6097393,324.69434,4.4820504,310.99884,4.366491,294.752,4.3064413,305.01508,4.3176394,315.4248,4.4767222,306.5659,4.2909265,310.29733,4.3055906,296.00546,4.4262724
O=CN1N=C(c2ccc(Br)cc2)C[C@@H]1c1ccccc1,Cc1ccccc1,306.0,4.320146286,293.0215,4.0857444,299.86987,4.07547,320.56403,4.3860703,314.6214,4.093163,294.9114,4.293736,294.19135,4.3556666,306.8152,4.3274884,314.24542,4.0944786,315.6018,4.1212053,292.99158,4.2087255
O=CN1N=C(c2ccc(Br)cc2)C[C@@H]1c1ccccc1,CCOC(C)=O,301.0,4.374748346,303.66245,4.3507714,299.4271,4.4553747,313.48596,4.5048966,312.4518,4.419228,293.6411,4.387074,289.71072,4.4253163,300.40814,4.5691013,301.7254,4.343429,309.13913,4.3352466,293.73785,4.4639354
O=CN1N=C(c2ccc(Br)cc2)C[C@@H]1c1ccccc1,CCO,297.0,4.432969291,303.61868,4.334235,298.68027,4.562697,321.20505,4.58365,310.82434,4.4537115,292.96783,4.441066,297.8169,4.536376,304.57452,4.616975,303.8012,4.300369,310.6787,4.3503966,294.17755,4.5433083
O=CN1N=C(c2ccc(Br)cc2)C[C@@H]1c1ccccc1,CO,298.0,4.5132176,301.65216,4.1200976,298.07428,4.578615,320.93713,4.5865297,314.03162,4.387744,292.21576,4.4608893,303.14417,4.704303,298.50946,4.606466,305.1349,4.332166,311.92725,4.2383204,289.87122,4.5846
O=CN1N=C(c2ccc(Br)cc2)C[C@@H]1c1ccccc1,CC#N,298.0,4.274157849,303.0017,4.209537,298.38422,4.5214376,318.58228,4.5236654,309.29767,4.329626,284.1839,4.2686357,294.15668,4.4358473,298.2838,4.4924545,296.87537,4.271685,307.7909,4.2935,282.15228,4.371117
O=CN1N=C(c2ccc(Br)cc2)C[C@@H]1c1ccccc1,CS(C)=O,302.0,4.547774705,297.55695,4.3982406,300.43304,4.560498,321.20276,4.520027,314.66336,4.5885396,298.00922,4.3958945,291.7447,4.476232,317.54703,4.5363135,311.3642,4.2865663,319.98962,4.4501796,288.68216,4.4349213
CCCCCN1c2ccccc2Sc2cc(/C=C/c3ccc(/C=C(\C#N)C(=O)O)s3)ccc21,ClCCl,494.0,4.431363764,453.6384,4.223709,472.05063,4.192218,492.03558,4.3343744,476.93524,4.317471,474.21973,4.2638097,472.9849,4.127664,455.36252,4.274033,436.30896,4.2841234,446.47427,4.2426124,465.07993,4.0934477
COc1ccccc1C1=[N+]2C(=C(c3ccccc3)c3c4ccccc4c(-c4ccccc4OC)n3[B-]2(F)F)c2ccccc21,ClCCl,617.0,5.01,630.0886,5.034573,657.34863,4.985534,643.97534,5.0107927,660.3584,4.9509687,649.59735,4.940065,628.5266,4.9320307,648.2736,4.919317,665.182,4.8865643,637.711,4.959743,645.4953,4.90844
c1ccc(C2=C3C4=C(C5=[N+]3[B-]3(Oc6ccccc65)Oc5ccccc5-c5c6c(c2n53)C2CCC6CC2)C2CCC4CC2)cc1,ClCCl,626.0,4.8,606.65234,4.799572,589.9766,4.613809,596.15,4.7216544,614.41266,4.8909073,625.50494,4.723295,611.4502,4.819888,613.3625,4.8205533,597.34644,4.724971,605.7468,4.738572,616.76685,4.8184853
CC(C)(C)c1cc2c(c(C(C)(C)C)c1)O[B-]1(c3ccc([B-]45OC(c6ccccc6)=N[N+]4=Cc4cc(C(C)(C)C)cc(C(C)(C)C)c4O5)cc3)OC(c3ccccc3)=N[N+]1=C2,C1CCOC1,455.0,4.322219295,433.70975,4.369112,442.67603,4.4001427,454.0001,4.5775185,464.6311,4.4578547,476.46658,4.345491,462.33493,4.5455265,467.58038,4.4180303,449.35223,4.476309,478.17535,4.4150214,475.69305,4.283269
CN1C(=CC2=C([O-])C(=O)C2=C(C#N)C#N)Sc2ccccc21,CCO,481.0,4.800717078,470.82748,4.708768,508.94272,4.7665806,473.7082,4.806541,503.11008,5.0663776,500.12286,4.803423,480.8312,4.8264594,488.59714,4.600362,500.42984,4.581437,498.9443,4.749957,495.08728,4.6487036
CCCCOC(=O)/C(C#N)=C1\C(=O)C([O-])=C1C=C1N(C)c2ccccc2C1(C)C,CCO,462.0,4.575187845,472.98044,4.541384,512.12415,4.6276374,477.94635,4.7359457,463.1225,4.55652,502.6617,4.6489315,475.54788,4.67096,481.21558,4.5943613,478.9685,4.646163,521.4693,4.7383904,495.86865,4.7208796
CN1C(=Cc2c([O-])c(=O)/c2=N\C#N)C(C)(C)c2ccccc21,CCO,436.0,4.62324929,452.82233,4.616455,449.74866,4.5823083,458.2997,4.7813034,471.3626,4.8126574,450.43875,4.800629,448.12738,4.700108,469.33038,4.7162137,474.64383,4.732209,485.47043,4.6954474,481.9294,4.8408155
CN1C(=CC2=C([O-])C(=CC3=[N+](C)c4ccccc4C3(C)C)C2=C(C#N)C#N)C(C)(C)c2ccccc21,ClC(Cl)Cl,684.0,5.292256071,690.4657,5.1918197,678.3417,5.193181,693.7668,5.177717,673.9729,5.22112,689.77905,5.3373294,701.41394,5.212914,685.4946,5.206114,646.62537,5.067218,682.2927,5.1106453,696.459,5.181728
CCN(CC)c1ccc2cc(-c3nc4ccccc4n3-c3ccccc3)c(=O)oc2c1,ClCCl,410.0,5.556302501,430.57974,5.443576,419.98306,4.8586617,413.4859,5.4814816,436.0893,5.4231267,399.687,4.8950853,391.0406,5.7277365,425.72925,5.480118,410.2543,4.889452,438.45673,5.3652763,419.1972,4.91038
CCN(CC)c1ccc2cc(-c3nc4c5cccc6ccc7cccc(c7c65)c4n3-c3ccc(C(C)(C)C)cc3)c(=O)oc2c1,ClCCl,410.0,5.462397998,424.00323,5.5953546,424.10455,4.6479764,418.47272,5.6463175,429.55057,5.645398,422.54343,4.8201785,418.88647,5.7677503,421.18796,5.47282,417.79465,5.0877376,421.8322,5.4230914,430.32663,4.8139415
Cc1cc(C)n2c1C=[N+]1[N+](=C3C=NC=CN3[B-]1(F)F)[B-]2(F)F,ClCCl,467.0,4.505149978,497.6832,4.7462506,493.95187,4.7155547,485.33594,4.666418,500.27686,4.7194524,510.2994,4.7350698,514.282,4.728314,503.58328,4.780333,505.76865,4.723103,504.29572,4.7341294,508.49744,4.7459526
Cc1ccc(/C(C#N)=C/c2cc(/C=C(\C#N)c3ccc(C)cc3)c(-c3ccc(N(c4ccccc4)c4ccccc4)cc3)cc2-c2ccc(N(c3ccccc3)c3ccccc3)cc2)cc1,CCCCCC,385.0,4.44870632,427.23746,4.587365,440.7956,4.6582494,451.98407,4.5349674,425.1264,4.5859227,436.9231,4.660686,419.55463,4.739463,434.28265,4.6649694,431.6122,4.8103,422.614,4.7302547,420.36548,4.7288613
Cc1ccc(/C(C#N)=C/c2cc(/C=C(\C#N)c3ccc(C)cc3)c(-c3ccc(N(c4ccccc4)c4ccccc4)cc3)cc2-c2ccc(N(c3ccccc3)c3ccccc3)cc2)cc1,C1CCCCC1,385.0,4.472756449,428.2266,4.7032633,443.45688,4.695362,451.6007,4.5424523,427.2273,4.648256,436.70404,4.6775584,422.9807,4.742874,432.19424,4.668809,433.30957,4.789527,425.01944,4.737361,417.825,4.7423234
Cc1ccc(/C(C#N)=C/c2cc(/C=C(\C#N)c3ccc(C)cc3)c(-c3ccc(N(c4ccccc4)c4ccccc4)cc3)cc2-c2ccc(N(c3ccccc3)c3ccccc3)cc2)cc1,Cc1ccccc1,391.0,4.607455023,428.49875,4.7959857,442.68576,4.7239094,454.56403,4.5636134,434.83203,4.5746384,433.69324,4.7386565,420.5754,4.898914,429.23352,4.8418593,437.67465,4.78719,416.27713,4.843554,423.0973,4.8916364
Cc1ccc(/C(C#N)=C/c2cc(/C=C(\C#N)c3ccc(C)cc3)c(-c3ccc(N(c4ccccc4)c4ccccc4)cc3)cc2-c2ccc(N(c3ccccc3)c3ccccc3)cc2)cc1,ClC(Cl)Cl,385.0,4.587710965,430.0205,4.5648727,454.3725,4.6668234,460.37048,4.5810494,429.37177,4.6141205,443.72482,4.6757636,432.35895,4.7779408,445.75842,4.6732087,441.0528,4.7733393,433.80258,4.721839,427.01932,4.759287
Cc1ccc(/C(C#N)=C/c2cc(/C=C(\C#N)c3ccc(C)cc3)c(-c3ccc(N(c4ccccc4)c4ccccc4)cc3)cc2-c2ccc(N(c3ccccc3)c3ccccc3)cc2)cc1,CCOC(C)=O,393.0,4.611723308,428.34555,4.662468,438.20334,4.6777453,440.74286,4.585692,425.8837,4.5699883,428.70654,4.7031827,415.74582,4.750322,427.1791,4.6446657,429.47,4.795941,420.702,4.7415023,419.3741,4.7452116
Cc1ccc(/C(C#N)=C/c2cc(/C=C(\C#N)c3ccc(C)cc3)c(-c3ccc(N(c4ccccc4)c4ccccc4)cc3)cc2-c2ccc(N(c3ccccc3)c3ccccc3)cc2)cc1,C1CCOC1,391.0,4.582063363,426.2491,4.691865,443.80893,4.6267214,450.64606,4.5378814,424.5957,4.609556,432.04767,4.6748624,419.7414,4.7625713,427.2103,4.6637473,429.95114,4.7829843,423.17822,4.734588,415.55396,4.7475405
Cc1ccc(/C(C#N)=C/c2cc(/C=C(\C#N)c3ccc(C)cc3)c(-c3ccc(N(c4ccccc4)c4ccccc4)cc3)cc2-c2ccc(N(c3ccccc3)c3ccccc3)cc2)cc1,ClCCl,393.0,4.562292864,427.69852,4.566064,442.39624,4.6734247,453.01065,4.5667124,423.67078,4.564394,431.85437,4.7161736,422.69623,4.774941,431.64545,4.6768417,431.50122,4.791894,423.08118,4.765084,418.6684,4.7800593
N#C/C(=C\c1cc(/C=C(\C#N)c2ccc(C(F)(F)F)cc2)c(-c2ccc(N(c3ccccc3)c3ccccc3)cc2)cc1-c1ccc(N(c2ccccc2)c2ccccc2)cc1)c1ccc(C(F)(F)F)cc1,CCCCCC,402.0,4.59439255,457.27972,4.455851,453.4499,4.6125164,451.12045,4.473361,436.82996,4.5825315,440.50803,4.53315,422.0849,4.685981,444.20508,4.650332,435.17874,4.790811,430.64554,4.6108794,427.01822,4.673103
N#C/C(=C\c1cc(/C=C(\C#N)c2ccc(C(F)(F)F)cc2)c(-c2ccc(N(c3ccccc3)c3ccccc3)cc2)cc1-c1ccc(N(c2ccccc2)c2ccccc2)cc1)c1ccc(C(F)(F)F)cc1,C1CCCCC1,405.0,4.574031268,461.09613,4.55053,455.8394,4.652259,453.07938,4.513879,443.68427,4.6357102,438.85718,4.562444,426.5874,4.6763444,442.7239,4.6507926,436.1557,4.7734833,432.40674,4.614601,424.98477,4.680043
N#C/C(=C\c1cc(/C=C(\C#N)c2ccc(C(F)(F)F)cc2)c(-c2ccc(N(c3ccccc3)c3ccccc3)cc2)cc1-c1ccc(N(c2ccccc2)c2ccccc2)cc1)c1ccc(C(F)(F)F)cc1,Cc1ccccc1,408.0,4.583198774,459.26605,4.7298746,453.67838,4.686734,459.00266,4.5883737,441.50244,4.587981,433.81995,4.618662,423.14673,4.8285046,441.82098,4.7751036,440.81598,4.769757,422.7915,4.75504,429.7658,4.8239436
N#C/C(=C\c1cc(/C=C(\C#N)c2ccc(C(F)(F)F)cc2)c(-c2ccc(N(c3ccccc3)c3ccccc3)cc2)cc1-c1ccc(N(c2ccccc2)c2ccccc2)cc1)c1ccc(C(F)(F)F)cc1,ClC(Cl)Cl,407.0,4.559906625,462.52692,4.4637675,464.9645,4.665403,462.83844,4.5556564,445.74542,4.654327,447.16016,4.601367,432.73962,4.7319098,457.59573,4.676779,444.42142,4.7522798,439.42752,4.635995,430.32193,4.705888
N#C/C(=C\c1cc(/C=C(\C#N)c2ccc(C(F)(F)F)cc2)c(-c2ccc(N(c3ccccc3)c3ccccc3)cc2)cc1-c1ccc(N(c2ccccc2)c2ccccc2)cc1)c1ccc(C(F)(F)F)cc1,CCOC(C)=O,397.0,4.579783597,460.3655,4.5352826,445.84158,4.688792,443.8877,4.5792627,438.39368,4.5657473,432.20627,4.5997663,419.21906,4.6913614,435.1674,4.638329,434.43527,4.766001,427.87952,4.663826,425.03503,4.6991444
N#C/C(=C\c1cc(/C=C(\C#N)c2ccc(C(F)(F)F)cc2)c(-c2ccc(N(c3ccccc3)c3ccccc3)cc2)cc1-c1ccc(N(c2ccccc2)c2ccccc2)cc1)c1ccc(C(F)(F)F)cc1,C1CCOC1,402.0,4.547774705,460.47214,4.543878,454.06598,4.6243014,450.86093,4.539403,439.68115,4.621554,435.94278,4.568356,422.90018,4.703802,437.416,4.6583824,433.8911,4.760586,430.87463,4.627548,423.76593,4.687185
N#C/C(=C\c1cc(/C=C(\C#N)c2ccc(C(F)(F)F)cc2)c(-c2ccc(N(c3ccccc3)c3ccccc3)cc2)cc1-c1ccc(N(c2ccccc2)c2ccccc2)cc1)c1ccc(C(F)(F)F)cc1,ClCCl,405.0,4.549003262,460.23056,4.43349,454.15836,4.649152,456.05865,4.5150447,441.15656,4.6051636,437.15472,4.6262574,425.2031,4.715323,441.77997,4.669142,434.92923,4.772945,432.03635,4.6473646,424.76077,4.7230315
CC1(C)c2ccccc2N(c2ccc(-c3ccc(C#N)nc3)cc2)c2ccccc21,Cc1ccccc1,369.0,3.212187604,374.75842,3.2618446,367.67416,3.174602,351.30557,3.4937556,367.32562,3.2695568,356.652,3.4648376,369.6474,3.1603222,366.30307,3.264397,360.055,3.345286,369.67078,3.2447855,362.39594,3.3528142
CC1(C)c2ccccc2N(c2ccc(-c3ccc(C#N)cn3)cc2)c2ccccc21,Cc1ccccc1,384.0,2.826074803,372.19156,3.2665963,368.11646,3.1044607,357.0963,3.4016762,358.7113,3.2141156,340.8427,3.4861276,381.68246,3.0983183,362.60178,3.2897305,362.5385,3.4067168,368.20425,3.2379723,361.9715,3.350943
FC(F)(F)c1ccc(C2=CC3=c4cc(-c5ccc(C(F)(F)F)cc5)c5nc(C(F)(F)C(F)(F)C(F)(F)F)nc6c(-c7ccc(C(F)(F)F)cc7)cc(c4c65)C4=CC(c5ccc(C(F)(F)F)cc5)=C5N=C(C(F)(F)C(F)(F)C(F)(F)F)N=C2C5C43)cc1,C1CCOC1,489.0,4.8,450.01593,4.9554563,476.55234,4.8373194,489.04672,4.911515,490.5886,4.867386,472.07492,4.8514853,459.65967,4.7596045,481.2144,4.875496,490.84424,4.9348426,466.12747,4.86642,469.64978,4.883492
CC(C)[Si](C#CC1=CC2=c3cc(C#C[Si](C(C)C)(C(C)C)C(C)C)c4nc(C(F)(F)C(F)(F)C(F)(F)F)nc5c(C#C[Si](C(C)C)(C(C)C)C(C)C)cc(c3c54)C3=CC(C#C[Si](C(C)C)(C(C)C)C(C)C)=C4N=C(C(F)(F)C(F)(F)C(F)(F)F)N=C1C4C32)(C(C)C)C(C)C,C1CCOC1,516.0,5.02,514.8379,5.039197,538.42816,4.887664,609.1869,5.161575,509.9524,5.056642,508.3283,5.0372624,562.2052,5.1993103,577.65137,5.0167294,587.867,5.0240235,548.5025,5.108013,520.4193,5.079613
FC(F)(F)C(F)(F)C(F)(F)C1=NC2=C(c3ccc4ccc5cccc6ccc3c4c56)C=C3c4cc(-c5ccc6ccc7cccc8ccc5c6c78)c5nc(C(F)(F)C(F)(F)C(F)(F)F)nc6c(-c7ccc8ccc9cccc%10ccc7c8c9%10)cc(c4c56)=C4C=C(c5ccc6ccc7cccc8ccc5c6c78)C(=N1)C2C34,C1CCOC1,524.0,3.95,508.30496,4.8112135,501.55145,4.8535557,514.0471,5.1358685,519.5028,5.000622,512.2692,5.059986,528.4117,5.137606,519.83984,4.814975,472.54837,4.8896646,526.9448,4.9179153,489.21375,4.960967
FC(F)(F)C(F)(F)C(F)(F)C1=NC2=C(c3ccc4ccc5cccc6ccc3c4c56)C=C3c4cc(-c5ccc6ccc7cccc8ccc5c6c78)c5nc(C(F)(F)C(F)(F)C(F)(F)F)nc6c(-c7ccc8ccc9cccc%10ccc7c8c9%10)cc(c4c56)=C4C=C(c5ccc6ccc7cccc8ccc5c6c78)C(=N1)C2C34,Cc1ccccc1,560.0,4.58,515.6913,4.7882357,503.0962,4.8152285,520.4087,4.9452133,522.6471,4.9682016,521.70435,5.0413375,531.65845,5.107171,531.19336,4.834645,478.0308,4.890005,531.15796,4.92201,494.55927,4.912338
FC(F)(F)C(F)(F)C(F)(F)C1=NC2=C(c3ccc(N(c4ccccc4)c4ccccc4)cc3)C=C3c4cc(-c5ccc(N(c6ccccc6)c6ccccc6)cc5)c5nc(C(F)(F)C(F)(F)C(F)(F)F)nc6c(-c7ccc(N(c8ccccc8)c8ccccc8)cc7)cc(c4c56)=C4C=C(c5ccc(N(c6ccccc6)c6ccccc6)cc5)C(=N1)C2C34,C1CCOC1,594.0,4.58,536.7385,4.6691837,552.8257,4.68159,550.50226,4.5808334,517.1182,4.6304603,554.4237,4.641539,558.0633,4.761501,567.82635,4.705079,544.51404,4.8077545,537.39545,4.642164,508.27844,4.7068644
FC(F)(F)C(F)(F)C(F)(F)C1=NC2=C(c3ccc(N(c4ccccc4)c4ccccc4)cc3)C=C3c4cc(-c5ccc(N(c6ccccc6)c6ccccc6)cc5)c5nc(C(F)(F)C(F)(F)C(F)(F)F)nc6c(-c7ccc(N(c8ccccc8)c8ccccc8)cc7)cc(c4c56)=C4C=C(c5ccc(N(c6ccccc6)c6ccccc6)cc5)C(=N1)C2C34,Cc1ccccc1,611.0,4.64,539.09265,4.745176,551.12976,4.7294126,560.97546,4.590449,530.28375,4.6656094,560.83014,4.671159,557.2289,4.830479,573.7621,4.78216,551.91626,4.832042,535.4533,4.7270536,513.78595,4.8152084
FC(F)(F)C(F)(F)C(F)(F)C1=NC2=C(Sc3ccccc3)C=C3c4cc(Sc5ccccc5)c5nc(C(F)(F)C(F)(F)C(F)(F)F)nc6c(Sc7ccccc7)cc(c4c56)=C4C=C(Sc5ccccc5)C(=N1)C2C34,C1CCOC1,565.0,4.58,555.93866,4.777589,543.2854,4.765678,544.49384,4.884508,507.78937,4.717385,603.9089,4.7546687,549.0683,4.748728,541.6322,4.786424,540.4813,4.9189825,542.1444,4.7713947,547.89484,4.700989
CC1=C(c2cccs2)C(C)=[N+]2C1=C(c1ccc(OS(=O)(=O)c3ccc([N+](=O)[O-])cc3[N+](=O)[O-])cc1)c1c(C)c(-c3cccs3)c(C)n1[B-]2(F)F,Cc1ccccc1,535.0,4.602059991,526.51825,4.793668,537.1337,4.7376127,526.5408,4.814144,516.4115,4.795561,534.0918,4.877199,528.4997,4.869062,530.42523,4.6849647,536.2996,4.701183,528.10254,4.8335166,543.2539,4.8785977
CC1=C(c2cccs2)C(C)=[N+]2C1=C(c1ccc(OS(=O)(=O)c3ccc([N+](=O)[O-])cc3[N+](=O)[O-])cc1)c1c(C)c(-c3cccs3)c(C)n1[B-]2(F)F,ClCCl,533.0,4.62324929,522.69904,4.820792,533.6456,4.7543674,527.65027,4.813366,523.2833,4.74508,527.1018,4.8779917,526.28894,4.8850274,523.0933,4.714565,530.35724,4.700826,523.7278,4.826193,531.4782,4.864417
CC1=C(c2cccs2)C(C)=[N+]2C1=C(c1ccc(OS(=O)(=O)c3ccc([N+](=O)[O-])cc3[N+](=O)[O-])cc1)c1c(C)c(-c3cccs3)c(C)n1[B-]2(F)F,CO,526.0,4.612783857,524.05,4.8019714,528.642,4.7295036,527.7231,4.8040404,512.63586,4.775012,522.7795,4.8184547,521.21063,4.799681,518.9003,4.648683,522.4492,4.6558785,518.813,4.749818,528.3771,4.8087177
CC1=C(c2cccs2)C(C)=[N+]2C1=C(c1ccccc1)c1c(C)c(-c3cccs3)c(C)n1[B-]2(F)F,Cc1ccccc1,530.0,4.204119983,532.24255,4.7990775,546.3383,4.652835,532.29675,4.817492,540.1023,4.784532,534.5571,4.8654222,536.3534,4.8439293,538.0557,4.6568627,537.8529,4.7264442,540.2704,4.6787148,546.5723,4.841609
CC1=C(c2cccs2)C(C)=[N+]2C1=C(c1ccccc1)c1c(C)c(-c3cccs3)c(C)n1[B-]2(F)F,ClCCl,527.0,4.204119983,531.0704,4.8505173,544.7201,4.6999955,531.3524,4.8584223,535.4297,4.7645097,524.3598,4.87651,528.34784,4.829167,525.79913,4.6987963,532.90106,4.725063,531.8218,4.7234545,532.85144,4.8424
CC1=C(c2cccs2)C(C)=[N+]2C1=C(c1ccccc1)c1c(C)c(-c3cccs3)c(C)n1[B-]2(F)F,CO,521.0,4.230448921,527.085,4.7648487,537.43555,4.6426535,526.07434,4.7572446,528.05597,4.768929,523.8956,4.8073754,524.71075,4.7488384,524.1283,4.567098,526.6483,4.6810355,523.0207,4.586504,529.858,4.777872
c1ccc(-c2cccc(N3c4cc(-c5ccccc5)ccc4B4c5ccc(N(c6ccccc6)c6ccccc6)cc5N(c5ccccc5)c5cccc3c54)c2)cc1,ClCCl,444.0,4.63,415.60403,4.477232,425.69232,4.5309143,419.4689,4.453154,429.80884,4.566542,416.3538,4.5743465,447.54916,4.477369,396.5944,4.65016,415.6289,4.569252,404.55676,4.699636,422.50302,4.291941
CCC1(CC)c2cc(C#Cc3cc(C#Cc4ccc5c(c4)C(CC)(CC)c4cc(N(c6ccccc6)c6ccccc6)ccc4-5)c4ccc5c(C#Cc6ccc7c(c6)C(CC)(CC)c6cc(N(c8ccccc8)c8ccccc8)ccc6-7)cc(C#Cc6ccc7c(c6)C(CC)(CC)c6cc(N(c8ccccc8)c8ccccc8)ccc6-7)c6ccc3c4c65)ccc2-c2ccc(N(c3ccccc3)c3ccccc3)cc21,Cc1ccccc1,503.0,4.838849091,463.8589,4.9519,478.48218,5.203535,489.81158,4.870803,425.31985,4.92567,447.70755,4.9899096,420.65945,5.376948,423.29373,5.1481113,427.13498,4.9287076,433.6493,5.08453,466.85187,4.9916177
CCC1(CC)c2cc(C#Cc3cc(C#Cc4ccc5c(c4)C(CC)(CC)c4cc(N(c6ccccc6)c6ccccc6)ccc4-5)c4ccc5c(C#Cc6ccc7c(c6)C(CC)(CC)c6cc(N(c8ccccc8)c8ccccc8)ccc6-7)cc(C#Cc6ccc7c(c6)C(CC)(CC)c6cc(N(c8ccccc8)c8ccccc8)ccc6-7)c6ccc3c4c65)ccc2-c2ccc(N(c3ccccc3)c3ccccc3)cc21,ClC(Cl)Cl,503.0,4.825426118,465.217,4.8135834,490.3829,5.168673,495.12097,4.920656,430.46942,4.8967586,452.76962,4.9507866,425.3739,5.3487973,433.8038,5.016498,428.30087,4.9351826,442.5868,5.0191526,468.5605,4.8709526
CCC1(CC)c2cc(C#Cc3cc(C#Cc4ccc5c(c4)C(CC)(CC)c4cc(N(c6ccccc6)c6ccccc6)ccc4-5)c4ccc5c(C#Cc6ccc7c(c6)C(CC)(CC)c6cc(N(c8ccccc8)c8ccccc8)ccc6-7)cc(C#Cc6ccc7c(c6)C(CC)(CC)c6cc(N(c8ccccc8)c8ccccc8)ccc6-7)c6ccc3c4c65)ccc2-c2ccc(N(c3ccccc3)c3ccccc3)cc21,CCOC(C)=O,502.0,4.757396029,464.3074,4.8555245,476.56686,5.1677246,486.1068,4.8685775,429.67938,4.8875914,444.6024,4.93045,416.87344,5.353475,423.58368,4.9811616,424.096,4.952295,433.40192,5.0143156,462.46774,4.8507943
CCC1(CC)c2cc(C#Cc3cc(C#Cc4ccc5c(c4)C(CC)(CC)c4cc(N(c6ccccc6)c6ccccc6)ccc4-5)c4ccc5c(C#Cc6ccc7c(c6)C(CC)(CC)c6cc(N(c8ccccc8)c8ccccc8)ccc6-7)cc(C#Cc6ccc7c(c6)C(CC)(CC)c6cc(N(c8ccccc8)c8ccccc8)ccc6-7)c6ccc3c4c65)ccc2-c2ccc(N(c3ccccc3)c3ccccc3)cc21,C1CCOC1,506.0,4.775974331,463.03253,4.8793015,486.47046,5.142908,489.6263,4.854753,422.4199,4.9169254,447.2131,4.9244804,418.13666,5.352531,421.00064,5.002269,423.65863,4.9424267,435.27744,5.012413,460.73767,4.849197
CCC1(CC)c2cc(C#Cc3cc(C#Cc4ccc5c(c4)C(CC)(CC)c4cc(N(c6ccccc6)c6ccccc6)ccc4-5)c4ccc5c(C#Cc6ccc7c(c6)C(CC)(CC)c6cc(N(c8ccccc8)c8ccccc8)ccc6-7)cc(C#Cc6ccc7c(c6)C(CC)(CC)c6cc(N(c8ccccc8)c8ccccc8)ccc6-7)c6ccc3c4c65)ccc2-c2ccc(N(c3ccccc3)c3ccccc3)cc21,ClCCl,504.0,4.783188691,463.01166,4.79279,483.41183,5.154482,492.91513,4.8680925,430.57175,4.878063,448.0137,4.9623923,421.37534,5.3877125,424.81317,5.0264454,424.0091,4.9449973,437.51273,5.036169,464.29196,4.855042
CCC1(CC)c2cc(C#Cc3cc(C#Cc4ccc5c(c4)C(CC)(CC)c4cc(N(c6ccccc6)c6ccccc6)ccc4-5)c4ccc5c(C#Cc6ccc7c(c6)C(CC)(CC)c6cc(N(c8ccccc8)c8ccccc8)ccc6-7)cc(C#Cc6ccc7c(c6)C(CC)(CC)c6cc(N(c8ccccc8)c8ccccc8)ccc6-7)c6ccc3c4c65)ccc2-c2ccc(N(c3ccccc3)c3ccccc3)cc21,CN(C)C=O,506.0,4.733999287,461.3234,4.9369226,485.15405,5.252519,493.7067,4.932494,423.03516,4.95926,445.792,4.919161,421.37018,5.323375,431.17593,5.05038,427.61642,4.920372,434.6148,5.0563965,463.87634,4.9260683
N#Cc1cc(C#N)c(-n2c3ccccc3c3ccccc32)cc1-n1c2ccccc2c2ccccc21,Cc1ccccc1,374.0,3.161368002,376.6189,4.115652,365.7269,3.9675736,370.78934,4.0143476,375.6659,4.2080274,342.9514,4.4739585,354.46973,4.088544,377.48718,4.051687,375.8459,3.6903548,391.60587,3.9156463,358.62463,4.078474
FC(F)(F)c1ccc(-c2nnc(-c3cc(-c4nnc(-c5ccc(C(F)(F)F)cc5)o4)c(-n4c5ccccc5c5ccccc54)cc3-n3c4ccccc4c4ccccc43)o2)cc1,Cc1ccccc1,376.0,3.033423755,368.3066,3.796135,364.11816,3.3704643,333.60565,4.101348,393.15726,3.3122015,359.57697,3.246439,353.08185,3.3869843,382.67062,3.1028047,352.82297,3.354847,354.66687,3.2456443,375.27124,3.0181637
CC1(C)c2ccccc2N(c2ccc3c(c2)C2(c4cc(N5c6ccccc6C(C)(C)c6ccccc65)ccc4-3)c3ccccc3S(=O)(=O)c3ccccc32)c2ccccc21,Cc1ccccc1,364.0,3.951823035,405.04553,4.219127,368.91165,4.026365,385.7658,4.251624,374.0131,4.159143,362.21103,4.07832,347.89572,4.17424,368.32507,3.9618566,364.85492,4.190424,384.09595,3.9670496,407.15717,4.287571
CCCCN1C(=O)C(=CC=C2N(CCCC)c3ccccc3N2CCCC)C(=O)N(CCCC)C1=S,CCCCCC,470.0,5.001733713,508.11334,4.879652,501.9562,4.831112,504.9661,4.869896,495.42532,4.848813,455.77408,4.814294,474.51065,4.63423,477.9245,4.723395,448.27295,4.5381093,458.49716,4.610394,490.98312,4.807062
CCCCN1C(=O)C(=CC=C2N(CCCC)c3ccccc3N2CCCC)C(=O)N(CCCC)C1=S,Cc1ccccc1,468.0,4.846337112,510.29816,4.940456,499.78516,4.8431005,534.7177,5.0650177,534.8588,5.2175083,460.0995,4.833618,496.00677,4.7001452,484.23376,4.7291827,452.44968,4.5403285,459.71957,4.6299934,500.33966,4.8067675
CCCCN1C(=O)C(=CC=C2N(CCCC)c3ccccc3N2CCCC)C(=O)N(CCCC)C1=S,ClC(Cl)Cl,461.0,4.742725131,499.04318,4.8026657,498.00732,4.7930727,520.2181,4.8196545,514.1438,4.8580546,461.2767,4.831539,477.3023,4.608604,481.58987,4.691481,449.42874,4.5449257,464.18768,4.6129775,496.22723,4.732624
CCCCN1C(=O)C(=CC=C2N(CCCC)c3ccccc3N2CCCC)C(=O)N(CCCC)C1=S,ClCCl,456.0,4.736396502,494.54684,4.788148,501.5226,4.8133163,509.55304,4.787494,502.4331,4.790155,456.7996,4.838281,478.1135,4.653409,480.41827,4.7136326,448.15015,4.5281963,460.0335,4.635223,488.8842,4.7510805
CCCCN1C(=O)C(=CC=C2N(CCCC)c3ccccc3N2CCCC)C(=O)N(CCCC)C1=S,CN(C)C=O,431.0,4.613841822,466.08588,4.6780295,477.86246,4.676156,463.50934,4.6502347,466.29337,4.6300483,455.37024,4.7787595,450.73676,4.5326276,474.75266,4.673641,454.937,4.5226827,458.97363,4.587433,479.92902,4.6842422
CCCCN1C(=O)C(=CC=C2N(CCCC)c3ccccc3N2CCCC)C(=O)N(CCCC)C1=S,CCO,424.0,4.51054501,494.61035,4.851437,495.39236,4.760016,456.90195,4.471911,431.96967,4.5210752,451.131,4.7962,458.02313,4.5612574,471.78812,4.658253,444.40198,4.5175714,457.9134,4.6000657,480.4161,4.7134743
CCCCN1C(=O)C(=C/C=C/C=C/C=C2N(CCCC)c3ccccc3N2CCCC)C(=O)N(CCCC)C1=S,ClC(Cl)Cl,658.0,5.030599722,594.3999,4.8611717,598.2118,5.027859,604.33636,4.9769564,602.9137,4.882927,586.7626,4.998032,592.9021,4.9605784,573.235,4.883978,559.46375,4.9383693,593.18365,4.84177,579.5736,5.01645
CCCCN1C(=O)C(=C/C=C/C=C/C=C2N(CCCC)c3ccccc3N2CCCC)C(=O)N(CCCC)C1=S,ClCCl,642.0,4.904174368,592.86395,4.854351,595.22754,5.00889,594.4321,5.0069594,602.3342,4.87097,578.92834,4.985466,584.9949,4.954304,570.1584,4.882446,555.4088,4.9141026,585.14655,4.813684,572.68054,5.005823
CCCCN1C(=O)C(=C/C=C/C=C/C=C2N(CCCC)c3ccccc3N2CCCC)C(=O)N(CCCC)C1=S,CN(C)C=O,549.0,4.688419822,563.5158,4.824884,582.13403,4.931232,559.9665,4.7727556,558.3434,4.6703415,577.2229,4.9458876,564.58325,4.8699055,564.2426,4.8498173,556.3701,4.8920383,581.05597,4.7939897,569.5078,4.960473
CCCCN1C(=O)C(=C/C=C/C=C/C=C2N(CCCC)c3ccccc3N2CCCC)C(=O)N(CCCC)C1=S,CC#N,540.0,4.675778342,593.4983,4.8908205,591.0196,4.9825034,561.58936,4.894025,563.14886,4.711242,576.92737,4.921948,577.414,4.9627695,563.894,4.8605475,554.1004,4.890823,582.03735,4.803846,566.6578,4.953091
CCCCN1C(=O)C(=C/C=C/C=C/C=C2N(CCCC)c3ccccc3N2CCCC)C(=O)N(CCCC)C1=S,CCO,492.0,4.568201724,585.9711,4.990415,590.3181,4.987849,550.781,4.83698,521.7171,4.7314444,573.4763,4.9805355,568.0208,4.88487,560.78925,4.8426147,553.22644,4.906284,578.1306,4.8030868,560.3905,4.961904
CCCCN1C(=O)C(=C/C=C/C=C/C=C2N(CCCC)c3ccccc3N2CCCC)C(=O)N(CCCC)C1=S,CO,483.0,4.571708832,586.8512,4.987091,589.80896,5.003123,556.58545,4.896425,545.09546,4.833834,571.427,4.9639363,568.7164,4.9190817,560.9555,4.858787,550.34875,4.891262,580.1288,4.817153,560.24866,4.967908
CCCCN1C(=O)C(=C/C=C/C=C/C=C2N(CCCC)c3ccccc3N2CCCC)C(=O)N(CCCC)C1=S,OCC(F)(F)F,464.0,4.582063363,585.6386,4.841435,588.30273,4.9616666,559.17456,4.8275523,541.51306,4.603038,572.4109,4.9250865,572.58514,4.886031,558.8256,4.8312345,550.9766,4.872753,579.6657,4.76337,562.34436,4.924245
c1ccc(-c2cccc(N3c4cc(-c5ccccc5)ccc4B4c5ccc(N(c6ccccc6)c6ccccc6)cc5N(c5ccccc5)c5cccc3c54)c2)cc1,ClCCl,444.0,4.63,415.60403,4.477232,425.69232,4.5309143,419.4689,4.453154,429.80884,4.566542,416.3538,4.5743465,447.54916,4.477369,396.5944,4.65016,415.6289,4.569252,404.55676,4.699636,422.50302,4.291941
CC1(C)c2ccccc2N(c2ccc3c(c2)c(=O)c2cccc4c(=O)c5cc(N6c7ccccc7C(C)(C)c7ccccc76)ccc5n3c24)c2ccccc21,Cc1ccccc1,432.9648895,3.931989414,448.92578,4.1963606,415.86008,4.317067,454.52988,3.997516,435.93,4.1180325,408.85602,3.9125228,440.0076,3.9280448,457.07278,4.098712,393.04047,4.191171,454.48038,4.1569552,469.7642,4.16873
II,ClC(Cl)(Cl)Cl,516.4525994,2.964136222,356.75812,3.1981971,261.55133,3.0571313,371.07922,3.3882089,364.81787,3.1682122,367.01965,3.2402906,349.53833,3.0052643,356.19186,2.926669,277.043,2.8668733,346.3456,3.259016,324.81818,2.9243555
II,CCCCCCC,522.5688073,2.961258728,309.42538,3.8627777,226.2151,2.8675065,330.05505,3.3217888,345.88483,3.3130832,319.6738,3.4499764,311.48077,3.4300776,295.76605,3.2525215,248.9343,3.5357747,289.79688,3.7373817,269.77625,3.4914799
CC(C)=C(C)C,CCCCCCC,196.0,4.06069784,174.47269,4.0043106,196.92856,3.4712424,199.60089,3.126317,191.5477,3.5277069,190.26509,3.5619013,183.85474,3.648882,179.93173,3.648496,237.15068,3.4869795,179.59033,3.70163,194.36958,3.2902255
N=C(N)N,O,265.0,1.176091259,256.9322,3.0319138,277.56436,3.4970803,337.46173,3.7366388,328.01385,3.7844315,261.0072,3.7125893,229.90727,3.4627833,250.81042,3.109675,234.79839,3.31827,223.02394,3.3106108,247.93721,3.0661402
CC(C)=N[O-],CCO,265.0,2.301029996,248.30498,2.3287446,214.89873,2.5217912,225.99403,2.610415,216.69301,2.5516362,229.54254,2.2430975,216.90135,2.9175575,209.49797,2.8209918,243.75545,2.7187176,262.802,1.9049797,219.51901,2.6770208
CCSSCC,CCCCCC,250.0,2.579783597,199.83554,2.891667,204.71149,2.7932858,214.2923,2.4303186,198.72664,2.8150122,199.41202,2.7072644,188.35406,3.2253718,198.5578,3.1559892,215.14499,3.0219822,210.61432,2.980783,194.3709,2.7912312
O=C1CCC(=O)N1,CC#N,191.0,4.181843588,274.585,2.9260416,266.85696,3.2088404,270.1726,3.339046,286.49414,3.3545427,292.0234,3.0946772,340.88623,3.3717203,318.54858,3.6891527,293.36166,3.2009213,357.61722,3.1754866,278.4748,3.0053713
C1=Cc2ccc(N(c3ccccc3)c3ccccc3)cc2Cc2cc(N(c3ccccc3)c3ccccc3)ccc21,ClCCl,370.0,4.361727836,391.07263,4.4402075,377.16962,4.337801,378.79114,4.503551,389.23187,4.3781285,426.5748,4.474913,380.18365,4.266309,393.16226,4.4807796,409.03494,4.650996,386.228,4.5485234,409.42307,4.4596786
Fc1ccc(N(c2ccccc2)c2ccc3ccc4c(N(c5ccccc5)c5ccc(F)cc5)ccc5ccc2c3c54)cc1,ClCCl,423.0,4.346998068,426.71255,4.33765,420.31607,4.2545676,434.36145,4.47146,426.87164,4.425227,428.0555,4.2770305,420.5332,4.406974,427.61932,4.484024,412.44812,4.4743104,407.97388,4.51315,400.81036,4.4629064
c1ccc(N(c2ccccc2)c2ccc3ccc4c(N(c5ccccc5)c5ccccc5)ccc5ccc2c3c54)cc1,ClCCl,423.0,4.395029189,417.54996,4.342645,419.021,4.298164,424.16837,4.3870435,423.7104,4.4221416,416.12677,4.430314,412.5453,4.472269,422.75616,4.521828,408.49463,4.4953356,402.64963,4.5039415,398.47723,4.378856
CCCCC(CC)Cn1c2ccccc2c2cc(-c3ccc4c(c3)-c3cc(-c5ccc6c(c5)c5ccccc5n6CC(CC)CCCC)ccc3S4(=O)=O)ccc21,Cc1ccccc1,340.0,4.431363764,378.0089,4.502907,366.32504,4.397882,358.05374,4.475101,362.8332,4.374829,373.84885,4.370529,371.06604,4.3455033,371.9851,4.572259,373.29428,4.5419836,369.86255,4.3099604,358.68362,4.4235506
CCCCC(CC)Cn1c2ccccc2c2ccc(-c3ccc4c(c3)S(=O)(=O)c3cc(-c5ccc6c7ccccc7n(CC(CC)CCCC)c6c5)ccc3-4)cc21,Cc1ccccc1,370.0,4.72427587,367.77484,4.6898417,369.28378,4.640876,343.61627,4.751108,378.1169,4.599937,360.81543,4.6316576,368.99707,4.5262,361.7196,4.6557274,377.99637,4.676355,368.22498,4.5128465,364.8498,4.612034
c1ccc(N2c3ccccc3C3(c4ccccc4-c4ccccc43)c3ccccc32)cc1,ClCCl,310.0,4.29380436,343.28473,4.269606,361.78888,4.121448,335.1549,4.232287,351.9376,4.381765,319.7317,4.403368,341.05905,4.3767304,328.60443,4.3421216,338.85278,4.80442,338.47983,4.41605,347.63858,4.6487284
c1ccc(N(c2ccccc2)c2ccc(-c3ccc4c(c3)C3(c5cc(-c6ccc(N(c7ccccc7)c7ccccc7)cc6)ccc5-4)c4ccccc4N(c4ccccc4)c4ccccc43)cc2)cc1,ClCCl,372.0,4.870228279,371.00177,4.8179946,384.12573,4.747933,351.14185,4.800915,356.10065,4.8292108,362.76935,4.777308,370.17398,4.884804,363.39667,4.506802,380.6684,4.800838,359.1946,4.706476,360.22513,4.6927204
c1ccc(N(c2ccccc2)c2ccc(-c3ccc4c(c3)C3(c5ccccc5Oc5ccccc53)c3cc(-c5ccc(N(c6ccccc6)c6ccccc6)cc5)ccc3-4)cc2)cc1,ClCCl,372.0,4.901621764,365.73956,4.8657136,371.54382,4.782524,354.48688,4.8251905,342.45404,4.809621,347.19867,4.8100886,361.09238,4.8499894,359.4816,4.586941,371.455,4.8720236,356.99744,4.7857866,354.15887,4.754949
O=S1(=O)c2ccccc2C2(c3cc(-c4ccc(N(c5ccccc5)c5ccccc5)cc4)ccc3-c3ccc(-c4ccc(N(c5ccccc5)c5ccccc5)cc4)cc32)c2ccccc21,ClCCl,380.0,4.941113727,361.41818,4.9165726,354.96365,4.8547153,382.48352,4.731007,347.5971,4.952313,361.53543,4.931339,361.91083,5.002056,356.81723,4.5419455,383.44565,4.7490544,362.6136,4.8007364,361.4487,4.859207
O=S1(=O)c2ccccc2C2(c3cc(-c4ccc(-n5c6ccccc6c6ccccc65)cc4)ccc3-c3ccc(-c4ccc(-n5c6ccccc6c6ccccc65)cc4)cc32)c2ccccc21,ClCCl,346.0,4.945173046,360.0112,4.8692636,348.1856,5.1023545,361.493,4.7428093,340.72836,4.9133697,315.6819,5.0477023,347.29388,5.12328,332.2023,4.703463,356.46753,4.8852763,342.14346,4.883024,344.57916,4.955649
c1ccc2c(c1)OB1Oc3ccccc3-c3c1c-2c1c2c3-c3ccccc3OB2Oc2ccccc2-1,ClCCl,405.0,4.4,399.33633,3.4587808,406.9432,4.195215,391.5991,4.4023495,443.45462,4.463236,415.28772,4.2206016,403.09375,3.8839328,440.50354,4.215356,399.90942,4.437477,453.04572,4.2853613,417.2905,4.072832
Cc1cc(C)c(B2c3cc(C(C)(C)C)ccc3-c3cccc4cc(C(C)(C)C)cc2c34)c(C)c1,C1CCCCC1,409.0,4.041392685,399.29013,4.1551943,390.1623,4.1759686,400.9312,4.008597,388.70453,4.2495275,401.25626,3.677194,384.37076,4.1406965,391.4991,4.2797623,368.20447,4.3039126,381.75085,4.370609,383.06427,3.865714
Cc1cc(C)c(B2c3cc(C(C)(C)C)cc4ccc5ccc6cc(C(C)(C)C)cc2c6c5c34)c(C)c1,C1CCCCC1,427.0,4.113943352,420.68875,3.8990297,428.12787,3.709133,411.1774,3.7125127,415.8675,4.110479,419.53912,3.4328327,417.7755,3.8413608,419.39844,4.066972,397.93185,4.1045732,415.98087,4.0779853,409.40244,3.7990472
Cc1cc(C)c(B2c3cc(C(C)(C)C)ccc3-c3cc4ccccc4c4cc(C(C)(C)C)cc2c34)c(C)c1,C1CCCCC1,408.0,4.459392488,402.32254,4.2598033,391.15155,4.27531,404.77994,4.2766786,390.8515,4.3196654,403.47308,3.6888227,401.02795,4.278678,380.3719,4.361202,383.29184,4.255596,387.16516,4.3595715,381.03247,4.1012416
c1cc2c3c(c1)ccc1[n+]3[B-]3(Oc4cccc5ccc6[n+](c45)[B-](O2)(O3)n2c-6cc3c4ccccc4c4ccccc4c32)n2c-1cc1c3ccccc3c3ccccc3c12,ClCCl,472.0,4.65,518.4763,4.677945,598.37164,4.5654936,504.269,4.44258,569.64,4.624463,608.5116,4.747037,558.3773,4.508496,625.02966,4.210789,599.5475,4.495276,519.31384,4.421089,514.0893,4.563534
O=[N+]([O-])c1ccc2c(ccc3[n+]2[B-](F)(F)n2c-3cc3c4ccccc4c4ccccc4c32)c1,ClCCl,530.0,4.39,458.39078,4.261471,480.34503,4.501846,477.4977,4.262171,476.6806,4.2002597,487.1157,4.2251472,450.86206,4.4841,472.1526,4.182938,538.2791,4.6680393,475.8202,4.2490172,465.14688,4.2789593
CCC12C(=C3C(=C4c5ccc(-c6ccc(CO)cc6)cc5S(=O)(=O)C41CC)C(F)(F)C(F)(F)C3(F)F)c1ccc(-c3ccc(CO)cc3)cc1S2(=O)=O,C1COCCO1,463.0,4.698970004,452.69843,4.589002,444.08752,4.591908,430.67654,4.584722,444.6224,4.6870832,464.4286,4.6487927,443.159,4.5498495,448.43878,4.6627865,397.4821,4.518667,450.75812,4.579608,456.79108,4.6162343
CCC12C(=C3C(=C4c5ccc(-c6ccc(C(C)=O)s6)cc5S(=O)(=O)C41CC)C(F)(F)C(F)(F)C3(F)F)c1ccc(-c3ccc(C(C)=O)s3)cc1S2(=O)=O,C1COCCO1,485.0,4.799340549,471.32147,4.6813507,469.87756,4.703076,436.9974,4.6326714,471.22748,4.7133307,485.98932,4.6948686,459.08417,4.66501,486.30667,4.724093,466.3984,4.462135,488.55618,4.55426,485.89154,4.7332525
c1cc2c(C3SCCCS3)c3ccc(=[N+]4CCCCC4)cc-3oc2cc1N1CCCCC1,CO,583.6523539,4.793094794,574.4806,4.8041244,575.0148,4.781627,583.5226,4.7264366,575.6575,4.672735,577.06714,4.815893,570.1943,4.79058,589.0035,4.7541165,575.683,4.955987,554.1206,4.8183975,558.48627,4.7966824
CCC1=C(C)C2=Cc3c4ccccc4c4n3[B-](c3ccc5cc6ccccc6cc5c3)(Oc3ccccc3-4)[N+]2=C1C,CCCCCC,626.0,4.903632516,653.8128,4.9258432,655.9485,4.878991,658.558,4.8373156,658.9744,4.850558,656.14825,4.8089714,663.2117,4.885675,662.30884,4.905717,656.9825,4.840351,652.40784,4.826636,640.5503,4.870547
CCC1=C(C)C2=Cc3c4ccccc4c4n3[B-](c3ccc5cc6ccccc6cc5c3)(Oc3ccccc3-4)[N+]2=C1C,Cc1ccccc1,630.0,4.86923172,659.1052,4.925082,657.93414,4.8468328,661.9869,4.814344,663.56586,4.8347397,659.80664,4.79511,668.8837,4.8766007,667.6701,4.8689566,656.1723,4.8387036,653.7215,4.8241653,648.82764,4.861731
CCC1=C(C)C2=Cc3c4ccccc4c4n3[B-](c3ccc5cc6ccccc6cc5c3)(Oc3ccccc3-4)[N+]2=C1C,ClCCl,627.0,4.820857989,656.2772,4.847848,656.48254,4.841722,658.3321,4.8711934,658.69653,4.8337,656.0968,4.784156,665.47876,4.8770633,661.7804,4.859502,653.99817,4.828059,652.42346,4.8227344,641.5413,4.8441224
CCC1=C(C)C2=Cc3c4ccccc4c4n3[B-](c3ccc5cc6ccccc6cc5c3)(Oc3ccccc3-4)[N+]2=C1C,CC#N,621.0,4.818885415,652.26794,4.7839494,646.8462,4.8304715,651.0525,4.8003635,653.01605,4.74885,646.2675,4.745517,655.87683,4.8263884,652.086,4.842047,649.09015,4.808869,643.0044,4.8146214,631.822,4.8055124
CCC1=C(C)C2=Cc3c4ccccc4c4n3[B-](c3cc[n+](C)cc3)(Oc3ccccc3-4)[N+]2=C1C,CO,621.0,4.916453949,618.43164,4.749956,629.9358,4.7508845,618.9205,4.794179,621.4884,4.689735,633.90564,4.7748866,624.9769,4.813208,622.5801,4.801869,633.99585,4.8090405,625.3769,4.7150273,618.92096,4.7088246
CCC1=C(C)C2=Cc3c4ccccc4c4n3[B-](c3cc[n+](C)cc3)(Oc3ccccc3-4)[N+]2=C1C,CS(C)=O,626.0,4.854913022,635.00836,4.711004,643.32745,4.7281294,634.7715,4.7329783,628.0618,4.702666,644.5083,4.7062964,638.81384,4.742113,626.3499,4.8365893,634.47455,4.7818255,625.8727,4.6988325,625.3166,4.683504
F[B-]1(F)OC(c2ccccc2)=Cc2cc(Cl)nc[n+]21,CCCCCC,373.0,4.62838893,399.49033,4.6040382,365.93555,4.4685526,370.5961,4.620161,383.50235,4.6089687,389.6146,4.569214,378.86847,4.585466,390.79742,4.6231866,375.77972,4.529114,384.45016,4.536072,381.72015,4.630924
F[B-]1(F)OC(c2ccccc2)=Cc2cc(Cl)nc[n+]21,Cc1ccccc1,377.0,4.572871602,405.14893,4.7133694,378.8578,4.515005,375.07526,4.5229206,388.24905,4.4858193,388.2736,4.5843644,387.95895,4.622232,391.7112,4.5802016,383.3877,4.5224648,389.3609,4.519214,395.67114,4.6109853
F[B-]1(F)OC(c2ccccc2)=Cc2cc(Cl)nc[n+]21,ClC(Cl)Cl,376.0,4.619093331,384.9882,4.5756025,384.16663,4.5197325,371.4686,4.5704994,376.75366,4.6001267,385.30374,4.5735054,381.76202,4.553607,391.31033,4.580005,380.6756,4.5123386,381.5889,4.4869127,386.28186,4.60394
F[B-]1(F)OC(c2ccccc2)=Cc2cc(Cl)nc[n+]21,C1CCOC1,374.0,4.609594409,388.13644,4.581597,374.7882,4.4792557,368.4626,4.5647936,380.27386,4.489059,384.0361,4.5844545,374.58362,4.5890408,381.41986,4.547583,380.98526,4.5030613,382.44156,4.5188513,384.22504,4.5615654
F[B-]1(F)OC(c2ccccc2)=Cc2cc(Cl)nc[n+]21,ClCCl,375.0,4.629409599,386.0573,4.6433344,377.67795,4.489635,365.666,4.544687,386.7161,4.6948824,384.644,4.6228604,378.5047,4.620755,385.54648,4.60116,378.1125,4.5171814,379.59842,4.565034,386.34863,4.636105
F[B-]1(F)OC(c2ccccc2)=Cc2cc(Cl)nc[n+]21,CC#N,371.0,4.604226053,377.6679,4.6186905,368.4641,4.499664,368.90417,4.6336737,379.23547,4.5341372,382.11594,4.615078,374.93085,4.5981717,384.44095,4.559599,377.378,4.5108447,376.06818,4.5201993,376.81433,4.537509
CC(C)[Si]1(C(C)C)c2cc(N(C)C)ccc2-c2ccc(C(F)(F)F)cc21,C1CCCCC1,331.0,4.390935107,332.9856,4.3538117,320.81335,4.3426113,339.3124,4.392784,338.04654,4.4380636,328.30975,4.208487,339.2684,4.3717036,337.69867,4.390742,340.53125,4.3946896,333.29718,4.387956,327.50946,4.408185
CC(C)[Si]1(C(C)C)c2cc(N(C)C)ccc2-c2ccc(C(F)(F)F)cc21,c1ccccc1,338.0,4.369215857,336.91553,4.3408337,324.39145,4.294993,345.7754,4.3764286,344.38818,4.334612,339.9165,4.2882657,345.85782,4.3218055,347.8507,4.3876553,349.32602,4.376896,337.23163,4.3920097,337.8106,4.402472
CC(C)[Si]1(C(C)C)c2cc(N(C)C)ccc2-c2ccc(C(F)(F)F)cc21,CCOCC,334.0,4.426511261,329.58112,4.428776,327.30676,4.4486585,338.46667,4.4670153,343.4569,4.4562,334.76852,4.3522573,341.8611,4.4676113,332.7094,4.456474,332.56976,4.466049,335.13477,4.418027,339.32736,4.5387506
CC(C)[Si]1(C(C)C)c2cc(N(C)C)ccc2-c2ccc(C(F)(F)F)cc21,ClCCl,338.0,4.385606274,341.57602,4.337364,329.95398,4.374509,340.2085,4.310931,342.18173,4.3002105,343.63196,4.313371,349.95367,4.378154,344.38467,4.3775907,338.39963,4.4103174,335.08124,4.450804,342.1192,4.4659586
CC(C)[Si]1(C(C)C)c2cc(N(C)C)ccc2-c2ccc(C(F)(F)F)cc21,CCO,335.0,4.352182518,331.65378,4.267977,327.40994,4.2866893,335.76715,4.3453684,339.35065,4.3204174,333.97626,4.219268,344.8579,4.299309,339.88763,4.3645186,338.85873,4.402928,331.6856,4.3579745,337.05295,4.428345
CC(C)[Si]1(C(C)C)c2cc(N(C)C)ccc2-c2ccc(C(F)(F)F)cc21,CC#N,337.0,4.36361198,314.7967,4.1997433,315.90775,4.3083386,311.94733,4.120227,335.92636,4.4019165,326.10413,4.231667,331.43066,4.2144804,328.46866,4.2950063,331.531,4.3925753,328.32904,4.308783,322.926,4.329842
CC(C)[Si]1(C(C)C)c2cc(N(C)C)ccc2-c2ccc(C(F)(F)F)cc21,CS(C)=O,344.0,4.350248018,346.21936,4.3376684,332.7801,4.3627467,352.85986,4.3700104,350.4898,4.3267407,350.15616,4.246154,349.65024,4.3168955,345.43994,4.303682,343.93454,4.3721495,346.00723,4.3769994,351.57205,4.44426
CC(C)[Si]1(C(C)C)c2cc(C=C(C#N)C#N)ccc2-c2ccc(N(C)C)cc21,C1CCCCC1,480.0,4.738780558,484.56918,4.7158484,476.76993,4.5080748,480.53888,4.753826,483.90634,4.80058,483.50308,4.551615,478.83682,4.6145267,480.06357,4.5938864,482.43896,4.5718274,493.38605,4.6084146,478.87775,4.6676316
CC(C)[Si]1(C(C)C)c2cc(C=C(C#N)C#N)ccc2-c2ccc(N(C)C)cc21,c1ccccc1,480.0,4.699837726,484.8313,4.5692334,473.90793,4.423757,476.01227,4.5927076,486.17242,4.6219034,488.9996,4.4004793,488.4366,4.55325,485.2603,4.508826,483.29272,4.553972,487.7976,4.547564,479.265,4.5996656
CC(C)[Si]1(C(C)C)c2cc(C=C(C#N)C#N)ccc2-c2ccc(N(C)C)cc21,CCOCC,469.0,4.609594409,471.50354,4.609857,469.31442,4.476449,465.00842,4.6139154,471.3552,4.6576715,481.89188,4.4399185,470.85406,4.5524697,474.3191,4.570533,473.25653,4.6042924,486.37308,4.5494847,469.4043,4.5913844
CC(C)[Si]1(C(C)C)c2cc(C=C(C#N)C#N)ccc2-c2ccc(N(C)C)cc21,ClCCl,489.0,4.583198774,496.14935,4.642297,486.39893,4.4966717,482.14435,4.608435,495.78403,4.5663095,500.43384,4.4237885,487.9468,4.588322,494.1523,4.5656447,480.63638,4.57223,490.12213,4.579065,485.68127,4.620126
CC(C)[Si]1(C(C)C)c2cc(C=C(C#N)C#N)ccc2-c2ccc(N(C)C)cc21,CCO,478.0,4.507855872,490.05994,4.473181,482.7252,4.4023805,477.8742,4.5831947,475.91608,4.5870533,494.1717,4.358431,485.49295,4.5131803,489.01337,4.5106664,479.51984,4.5515256,487.98367,4.522289,480.54596,4.5118275
CC(C)[Si]1(C(C)C)c2cc(C=C(C#N)C#N)ccc2-c2ccc(N(C)C)cc21,CC#N,475.0,4.527629901,480.69925,4.590316,471.30902,4.4702334,469.3257,4.57161,476.60815,4.5817423,471.3228,4.4976707,475.6325,4.51635,480.72586,4.5776067,473.83984,4.590696,486.73743,4.54201,464.57135,4.573323
CC(C)[Si]1(C(C)C)c2cc(C=C(C#N)C#N)ccc2-c2ccc(N(C)C)cc21,CS(C)=O,488.0,4.450249108,486.83026,4.2950916,482.94434,4.380298,476.59818,4.2943444,492.67148,4.304676,489.86316,4.3343897,477.5486,4.4121966,485.48627,4.5238886,479.0623,4.551743,492.3695,4.5241528,482.81357,4.473641
CC1=[N+]2C(=C(c3ccc(C(=C(c4ccccc4)c4ccccc4)c4ccccc4)cc3)c3ccc(C)n3[B-]2(F)F)C=C1,C1CCOC1,511.0,4.791690649,524.4048,4.7686286,516.97406,4.674768,521.29456,4.7928796,534.9501,4.7649198,519.58777,4.6810813,522.4652,4.931679,522.32404,4.684241,526.2033,4.7060966,523.71625,4.6868577,512.69415,4.7226634
CC1=[N+]2C(=C(c3ccc(C(=C(c4ccccc4)c4ccccc4)c4ccccc4)cc3)c3ccc(/C=C/c4ccc(C(=C(c5ccccc5)c5ccccc5)c5ccccc5)cc4)n3[B-]2(F)F)C=C1,C1CCOC1,587.0,4.752816431,581.33093,4.945853,573.5378,4.852688,579.3626,4.8684945,587.2862,4.9561357,543.4039,4.711911,583.7924,4.984392,567.18024,4.7961025,569.47156,4.809377,571.5587,4.7025456,580.21515,4.92231
Cc1cc(C)c(B(c2c(C)cc(C)cc2C)c2cc3ccc4ccccc4c3c3c2cc(N(C)C)c2ccccc23)c(C)c1,C1CCCCC1,438.0,3.36,437.7839,3.1917262,421.80402,3.4389994,425.25848,3.3983848,427.67926,3.4641638,415.78302,3.380076,416.90958,3.4207108,433.1769,3.5059202,418.40613,3.7140625,429.22394,3.5893815,419.1919,3.4223797
Cc1cc(C)c(B(c2c(C)cc(C)cc2C)c2cc3ccc4ccccc4c3c3c2cc(N(C)C)c2ccccc23)c(C)c1,c1ccccc1,440.0,3.37,447.74164,3.2712524,438.08643,3.4397845,436.8178,3.3726013,431.12006,3.4732845,416.12958,3.44255,425.10062,3.5449638,449.2425,3.4731526,424.03632,3.6896195,438.03033,3.5112891,427.67188,3.390941
Cc1cc(C)c(B(c2c(C)cc(C)cc2C)c2cc3ccc4ccccc4c3c3c2cc(N(C)C)c2ccccc23)c(C)c1,ClC(Cl)Cl,440.0,3.33,443.8078,3.1925957,430.78238,3.4882026,432.4693,3.4047248,431.4421,3.5123615,414.70316,3.3073301,423.06927,3.4809499,437.9717,3.4483402,419.67844,3.7378106,437.81427,3.5828288,424.3806,3.3508763
Cc1cc(C)c(B(c2c(C)cc(C)cc2C)c2cc3ccc4ccccc4c3c3c2cc(N(C)C)c2ccccc23)c(C)c1,C1CCOC1,439.0,3.35,441.00598,3.1586852,429.00797,3.466188,428.79736,3.386629,427.3289,3.4615374,416.8391,3.3133714,419.95663,3.4443507,443.95197,3.447047,416.81146,3.7768986,434.46838,3.530641,422.02295,3.3690014
Cc1cc(C)c(B(c2c(C)cc(C)cc2C)c2cc3ccc4ccccc4c3c3c2cc(N(C)C)c2ccccc23)c(C)c1,CC#N,437.0,3.31,442.72684,3.1993878,425.65668,3.513236,430.49078,3.3858497,420.0786,3.3816292,413.70782,3.33507,424.69904,3.5252643,445.72644,3.353139,413.71664,3.7719522,435.61978,3.5051436,422.911,3.4470055
CN1/C(=C/C=C/C2=[N+](C)c3c(F)c(F)c4c(F)c(F)c(F)c(F)c4c3C2(C)C)C(C)(C)c2c1c(F)c(F)c1c(F)c(F)c(F)c(F)c21,ClCCl,542.0,4.908485019,582.4529,4.986207,611.04517,4.9441223,640.12115,5.1089168,606.2429,5.1140766,616.19116,5.2493877,609.1306,5.1584754,593.69995,5.1532407,589.5647,5.05179,589.9256,4.98575,592.6134,5.235625
CN1/C(=C/C=C/C2=[N+](C)c3ccc4ccccc4c3C2(C)C)C(C)(C)c2c1ccc1ccccc21,ClCCl,554.0,4.924279286,599.7386,5.1358933,593.8218,4.9932575,615.96063,5.196332,606.9508,5.118751,586.9082,5.168805,607.06,5.2969937,607.4994,5.228806,594.78845,5.122034,605.14215,4.9975305,582.1471,5.181636
C[N+]1=C(/C=C/C2=C3Oc4c(cc5c6c4CCCN6CCC5)C(c4ccccc4C(=O)O)=C3CCC2)C(C)(C)c2ccccc21,CCO,710.0,5.098453356,706.6162,5.054014,706.4531,4.9673133,725.8235,5.1111917,711.4719,5.113307,722.6478,5.102527,708.92896,5.064047,718.86127,5.1278653,724.54016,5.0785832,718.06104,5.060018,715.3563,5.165225
C[N+]1=C(/C=C/C2=C3Oc4c(cc5c6c4CCCN6CCC5)C(c4ccccc4C(=O)O)=C3CCC2)C(C)(C)c2ccccc21,CO,714.0,5.088334578,705.4351,5.0521526,705.4585,4.976999,724.87427,5.1101856,713.1466,5.1056867,720.1124,5.1013126,709.1845,5.100342,719.64264,5.1361036,726.6504,5.091395,720.37524,5.0766244,715.007,5.170659
C[N+]1=C(/C=C/C2=C3Oc4c(cc5c6c4CCCN6CCC5)C(c4ccccc4C(=O)O)=C3CCC2)C(C)(C)c2ccccc21,CC#N,724.0,5.128915978,708.9988,5.059187,702.91064,4.959008,724.4856,5.0931463,722.8689,5.1444826,718.55225,5.067696,710.9667,5.090617,721.0174,5.1454415,721.94824,5.0618978,718.9503,5.0625167,714.2573,5.1631985
C[N+]1=C(/C=C/C2=C3Oc4c(cc5c6c4CCCN6CCC5)C(c4ccccc4C(=O)O)=C3CCC2)C(C)(C)c2ccccc21,ClC(Cl)Cl,730.0,5.095796794,718.7468,5.0410895,716.5477,5.0258303,734.3258,5.0737143,728.3345,5.071053,731.4406,5.1271086,722.8147,5.1206512,732.9424,5.168534,732.6068,5.1000066,735.09717,5.0993485,728.175,5.222953
CCc1c(C)[nH]c(C2=[N+]3C(=Cc4c(C)c(CC)c(C)n4[B-]3(F)F)c3ccccc32)c1C,CCCCCC,629.0,5.03,623.25494,4.929505,623.0663,4.8478136,630.1195,4.792647,624.916,4.9064574,625.59186,4.895895,618.62744,4.880954,617.8885,4.882036,615.5471,4.935978,611.1295,4.8935223,623.657,4.8191204
CCc1c(C)[nH]c(C2=[N+]3C(=Cc4c(C)c(CC)c(C)n4[B-]3(F)F)c3ccccc32)c1C,Cc1ccccc1,636.0,4.94,634.0779,4.825154,627.18494,4.786343,632.75885,4.693826,632.9385,4.758553,632.6044,4.8571067,623.99426,4.8738647,620.1274,4.8153057,614.718,4.937069,615.81854,4.882411,632.64307,4.8154416
CCc1c(C)[nH]c(C2=[N+]3C(=Cc4c(C)c(CC)c(C)n4[B-]3(F)F)c3ccccc32)c1C,ClCCl,629.0,4.91,623.6382,4.788601,617.5523,4.7786217,625.85913,4.6932693,626.91736,4.7282076,627.3235,4.8511295,615.4267,4.8543224,612.87714,4.8227487,611.9279,4.928129,606.6411,4.8936567,624.26636,4.8070736
CCc1c(C)[nH]c(C2=[N+]3C(=Cc4c(C)c(CC)c(C)n4[B-]3(F)F)c3ccccc32)c1C,C1CCOC1,629.0,4.91,622.7734,4.7912135,618.6146,4.781037,625.47107,4.6541195,624.95355,4.7440357,624.79504,4.851832,615.9208,4.865145,614.86633,4.8079324,611.2613,4.9138293,608.2818,4.883502,620.9567,4.7810035
CCc1c(C)[nH]c(C2=[N+]3C(=Cc4c(C)c(CC)c(C)n4[B-]3(F)F)c3ccccc32)c1C,CC#N,620.0,4.82,620.4527,4.767347,612.0257,4.730196,619.3061,4.5973563,616.40375,4.685593,618.66956,4.811871,611.84985,4.818926,608.4862,4.7927213,608.97925,4.9035983,602.1872,4.867629,613.8684,4.7506037
CCc1c(C)[nH]c(C2=[N+]3C(=Cc4c(C)c(CC)c(C)n4[B-]3(F)F)c3ccccc32)c1C,CO,623.0,4.86,619.9136,4.687956,610.9756,4.7440076,620.63837,4.6280417,621.64935,4.7144876,624.54315,4.83222,610.29315,4.808136,611.11334,4.728465,613.3889,4.933803,603.22845,4.811165,619.04553,4.753085
CC1=C2c3ccccc3C(c3ccc[nH]3)=[N+]2[B-](F)(F)n2cccc21,CCCCCC,566.0,5.02,576.8359,4.830363,574.16437,4.696582,574.7463,4.8161683,576.3783,4.8766966,587.878,4.666469,581.25256,4.677433,578.7368,4.6726274,586.5544,4.5812263,581.5819,4.5912223,583.41565,4.6623783
CC1=C2c3ccccc3C(c3ccc[nH]3)=[N+]2[B-](F)(F)n2cccc21,Cc1ccccc1,570.0,4.71,578.6901,4.674553,576.513,4.63643,580.2921,4.6357713,575.9418,4.64672,596.463,4.6180143,586.16504,4.664975,586.98224,4.6053367,586.63635,4.5826817,583.3006,4.577062,593.92267,4.6625724
CC1=C2c3ccccc3C(c3ccc[nH]3)=[N+]2[B-](F)(F)n2cccc21,ClCCl,563.0,4.88,573.98285,4.6490235,573.42377,4.646804,573.40393,4.6541376,578.71375,4.8242483,591.77185,4.610018,578.3225,4.6554255,579.9626,4.6029034,584.5348,4.57779,578.59033,4.5782943,585.05493,4.6514297
CC1=C2c3ccccc3C(c3ccc[nH]3)=[N+]2[B-](F)(F)n2cccc21,C1CCOC1,564.0,4.85,571.12415,4.672138,574.008,4.6566596,574.5829,4.615322,569.4388,4.634001,588.48816,4.6139283,578.6824,4.663069,580.32697,4.5916767,582.52686,4.5733037,577.38965,4.5727634,581.1683,4.620337
CC1=C2c3ccccc3C(c3ccc[nH]3)=[N+]2[B-](F)(F)n2cccc21,CC#N,555.0,4.71,570.5818,4.602122,567.1373,4.625867,566.5092,4.515067,562.15845,4.571324,580.22046,4.588389,574.06903,4.604389,575.80334,4.562205,580.0166,4.5592175,570.1215,4.5705066,572.44104,4.5858655
CC1=C2c3ccccc3C(c3ccc[nH]3)=[N+]2[B-](F)(F)n2cccc21,CO,558.0,4.55,568.9741,4.575028,567.244,4.6226764,566.428,4.589212,562.16425,4.571511,584.783,4.5945973,570.6299,4.577196,574.2426,4.50379,580.7434,4.563724,577.30383,4.5149565,579.604,4.580658
Cc1ccc(C2=[N+]3C(=Cc4c(C)cc(C)n4[B-]3(F)F)c3ccccc32)[nH]1,CCCCCC,607.0,4.96,611.0223,4.908556,608.29034,4.836393,610.03784,4.8607607,610.5764,4.9332967,611.5867,4.717368,606.1218,4.8630443,603.75745,4.798341,603.67035,4.7655444,611.14294,4.657745,614.844,4.800077
Cc1ccc(C2=[N+]3C(=Cc4c(C)cc(C)n4[B-]3(F)F)c3ccccc32)[nH]1,Cc1ccccc1,612.0,4.88,617.03656,4.8729405,612.47174,4.776393,614.36957,4.8098006,615.38983,4.904451,619.3324,4.684357,611.29266,4.846437,610.0003,4.7456765,602.3967,4.7634783,612.3196,4.6564164,623.36694,4.791562
Cc1ccc(C2=[N+]3C(=Cc4c(C)cc(C)n4[B-]3(F)F)c3ccccc32)[nH]1,ClCCl,608.0,4.79,610.4148,4.7902436,602.92914,4.764073,606.21716,4.8149548,611.60913,4.844356,612.9801,4.6749644,603.00085,4.8396416,602.91016,4.7451344,600.1112,4.7556353,608.5134,4.6539145,616.72546,4.7775836
Cc1ccc(C2=[N+]3C(=Cc4c(C)cc(C)n4[B-]3(F)F)c3ccccc32)[nH]1,C1CCOC1,607.0,4.84,608.9,4.816568,604.2324,4.767392,608.3751,4.824988,611.0431,4.8864903,611.4004,4.6672926,603.8255,4.8507924,603.38684,4.7413807,598.3274,4.74572,608.37134,4.6428657,611.5055,4.7619414
Cc1ccc(C2=[N+]3C(=Cc4c(C)cc(C)n4[B-]3(F)F)c3ccccc32)[nH]1,CC#N,600.0,4.78,605.23303,4.7629604,598.19995,4.721847,600.5542,4.7552,602.0746,4.8266163,602.7384,4.638134,598.4512,4.7988143,598.5298,4.7116017,595.4844,4.736206,598.57477,4.652315,604.55945,4.7344446
Cc1ccc(C2=[N+]3C(=Cc4c(C)cc(C)n4[B-]3(F)F)c3ccccc32)[nH]1,CO,602.0,4.85,606.0996,4.793939,596.4198,4.744825,599.8347,4.8208027,603.10394,4.861576,606.5855,4.6611414,598.1164,4.7915173,598.1903,4.6615915,601.3394,4.7619886,604.1161,4.6002793,610.2395,4.7335734
CCc1c(C)[nH]c(C2=[N+]3C(=Cc4c(C)cc(C)n4[B-]3(F)F)c3ccccc32)c1C,CCCCCC,616.0,5.14,614.6419,5.069548,616.98224,5.015061,618.504,5.037445,618.4022,5.0224605,620.9479,4.9812484,607.96387,5.006869,607.90015,4.9808536,608.1277,4.9067993,605.0882,4.9384007,616.7538,5.014355
CCc1c(C)[nH]c(C2=[N+]3C(=Cc4c(C)cc(C)n4[B-]3(F)F)c3ccccc32)c1C,Cc1ccccc1,623.0,5.02,623.1738,5.005301,621.0911,4.965645,623.4278,4.991701,623.5942,4.965379,627.966,4.9500113,614.23126,4.999347,609.30444,4.925635,607.4265,4.908863,608.7544,4.9409103,624.76373,5.0142384
CCc1c(C)[nH]c(C2=[N+]3C(=Cc4c(C)cc(C)n4[B-]3(F)F)c3ccccc32)c1C,ClCCl,616.0,4.95,611.3852,4.963837,610.4043,4.9368587,614.9746,4.932035,620.0897,4.9243636,621.64,4.94128,606.34906,4.98358,602.6488,4.9240446,604.3957,4.8992167,600.5193,4.937022,614.3717,5.0091333
CCc1c(C)[nH]c(C2=[N+]3C(=Cc4c(C)cc(C)n4[B-]3(F)F)c3ccccc32)c1C,C1CCOC1,615.0,5.01,613.8169,4.981847,611.9198,4.9421177,616.7903,4.9673104,616.04395,4.9552426,619.1639,4.942043,606.04877,4.9965677,603.94354,4.913892,603.67773,4.8854027,602.29443,4.9281693,612.6011,4.9941025
CCc1c(C)[nH]c(C2=[N+]3C(=Cc4c(C)cc(C)n4[B-]3(F)F)c3ccccc32)c1C,CC#N,607.0,4.93,609.50165,4.9281287,608.0619,4.871813,610.38525,4.915082,608.63104,4.8853097,613.66235,4.898112,601.2792,4.946285,598.8544,4.894843,601.2978,4.8754816,596.07227,4.9149933,606.9006,4.9429727
CCc1c(C)[nH]c(C2=[N+]3C(=Cc4c(C)cc(C)n4[B-]3(F)F)c3ccccc32)c1C,CO,610.0,4.98,609.2865,4.9186344,605.04913,4.908477,609.7355,4.925545,610.5438,4.910937,620.9976,4.914906,601.2716,4.9378533,599.32996,4.8439703,606.0719,4.9035726,596.21814,4.8691645,609.416,4.95803
CCOC(=O)COc1ccc(/C=C/c2cc(C)c3n2[B-](F)(F)[N+]2=C(c4[nH]c(C)cc4C)c4ccccc4C2=C3)cc1,CCCCCC,679.0,4.66,674.09265,5.186295,671.43427,5.107559,677.49286,5.08544,661.5085,5.1060886,661.8362,5.101055,662.2436,5.0854073,671.9213,5.1468344,659.68964,5.026997,668.5952,5.074467,666.00635,5.1031575
CCOC(=O)COc1ccc(/C=C/c2cc(C)c3n2[B-](F)(F)[N+]2=C(c4[nH]c(C)cc4C)c4ccccc4C2=C3)cc1,Cc1ccccc1,678.0,4.77,679.0077,5.2028728,672.17474,5.0803885,683.6543,5.0715933,669.38904,5.279663,663.8963,5.0866866,665.816,5.083537,672.615,5.1293297,658.61414,5.029303,670.87463,5.087282,670.39014,5.1070375
CCOC(=O)COc1ccc(/C=C/c2cc(C)c3n2[B-](F)(F)[N+]2=C(c4[nH]c(C)cc4C)c4ccccc4C2=C3)cc1,ClCCl,680.0,4.94,672.27344,5.1006436,663.47296,5.0262184,674.42035,5.0356355,662.78046,5.211049,660.99677,5.065485,660.88525,5.0684233,666.90234,5.1111455,656.0873,5.018182,663.62726,5.0720897,664.94104,5.0793095
CCOC(=O)COc1ccc(/C=C/c2cc(C)c3n2[B-](F)(F)[N+]2=C(c4[nH]c(C)cc4C)c4ccccc4C2=C3)cc1,C1CCOC1,679.0,4.71,671.3093,5.148055,664.66,5.037699,675.1013,5.069881,658.3755,5.1827564,658.3967,5.06649,660.5444,5.0737967,667.59296,5.108853,654.96826,5.0061154,665.2041,5.0684,662.1317,5.0808268
CCOC(=O)COc1ccc(/C=C/c2cc(C)c3n2[B-](F)(F)[N+]2=C(c4[nH]c(C)cc4C)c4ccccc4C2=C3)cc1,CC#N,670.0,4.63,667.66956,5.081687,659.3023,5.00228,666.98914,5.022994,650.039,5.071995,653.0955,5.0322404,655.05615,5.0293927,662.61566,5.080941,652.5603,4.9945245,659.46643,5.0599837,657.6685,5.0512323
CCOC(=O)COc1ccc(/C=C/c2cc(C)c3n2[B-](F)(F)[N+]2=C(c4[nH]c(C)cc4C)c4ccccc4C2=C3)cc1,CO,671.0,4.4,669.9407,5.122501,660.1452,5.0325446,667.2885,5.0279984,643.38794,5.1151385,656.3022,5.061046,656.3096,5.0411944,660.15564,5.058132,657.1605,5.026409,658.80286,5.0357246,657.87396,5.044533
CCOC(=O)COc1ccc(/C=C/c2c(CC)c(C)c3n2[B-](F)(F)[N+]2=C(c4[nH]c(C)c(CC)c4C)c4ccccc4C2=C3C)cc1,CCCCCC,677.0,4.33,676.77484,5.2344975,682.7668,5.114684,684.75116,5.175067,684.562,5.169401,692.4765,5.1994877,689.04016,5.224851,681.253,5.135098,683.7552,5.029663,693.6948,5.123582,677.93396,5.122085
CCOC(=O)COc1ccc(/C=C/c2c(CC)c(C)c3n2[B-](F)(F)[N+]2=C(c4[nH]c(C)c(CC)c4C)c4ccccc4C2=C3C)cc1,Cc1ccccc1,682.0,4.72,684.57916,5.2354097,683.5464,5.078753,689.9479,5.1527934,687.87524,5.2587137,693.7374,5.185447,692.876,5.230566,683.00867,5.1037183,682.452,5.03113,696.2724,5.133507,682.2152,5.129961
CCOC(=O)COc1ccc(/C=C/c2c(CC)c(C)c3n2[B-](F)(F)[N+]2=C(c4[nH]c(C)c(CC)c4C)c4ccccc4C2=C3C)cc1,ClCCl,675.0,4.76,675.29443,5.15737,675.0024,5.0466847,681.70544,5.102799,683.4088,5.2155933,691.0917,5.1659684,686.82214,5.2079687,677.55756,5.091948,680.2973,5.021062,688.923,5.1214857,676.3843,5.1005673
CCOC(=O)COc1ccc(/C=C/c2c(CC)c(C)c3n2[B-](F)(F)[N+]2=C(c4[nH]c(C)c(CC)c4C)c4ccccc4C2=C3C)cc1,C1CCOC1,675.0,4.69,674.4249,5.203164,676.06604,5.058718,683.0534,5.141229,678.23956,5.2468543,688.28827,5.164044,687.1289,5.2152715,678.4956,5.0853105,678.65125,5.009754,690.0747,5.117148,674.0381,5.100415
CCOC(=O)COc1ccc(/C=C/c2c(CC)c(C)c3n2[B-](F)(F)[N+]2=C(c4[nH]c(C)c(CC)c4C)c4ccccc4C2=C3C)cc1,CC#N,664.0,4.65,671.7813,5.12103,670.7466,5.014757,675.90454,5.075463,669.8126,5.101086,683.7342,5.1305656,681.91736,5.1685214,672.411,5.0701494,676.2847,4.998383,684.6122,5.105118,669.1902,5.0688324
CCOC(=O)COc1ccc(/C=C/c2c(CC)c(C)c3n2[B-](F)(F)[N+]2=C(c4[nH]c(C)c(CC)c4C)c4ccccc4C2=C3C)cc1,CO,666.0,4.59,674.7446,5.143153,671.9024,5.0375113,675.3235,5.0870676,669.1421,5.1646585,686.5333,5.1622653,681.8218,5.180613,673.47156,5.0289087,681.32996,5.0302696,685.4623,5.082852,669.5664,5.0626535
CCOC(=O)COc1ccc(/C=C/C2=C3c4ccccc4C(c4ccc[nH]4)=[N+]3[B-](F)(F)n3ccc(C)c32)cc1,CCCCCC,587.0,4.18,595.96814,4.80536,582.3432,4.696582,596.8286,4.730526,604.48315,4.77547,595.01154,4.609658,607.1233,4.6073303,590.6332,4.5782146,609.63464,4.6780787,597.80237,4.5907655,600.3292,4.56965
CCOC(=O)COc1ccc(/C=C/C2=C3c4ccccc4C(c4ccc[nH]4)=[N+]3[B-](F)(F)n3ccc(C)c32)cc1,Cc1ccccc1,592.0,4.64,593.2537,4.808423,582.82446,4.666706,600.91864,4.738547,613.7979,4.6918144,599.86145,4.5919976,610.0969,4.614287,596.72644,4.524626,608.35626,4.6840696,596.31055,4.6013665,605.5973,4.6273217
CCOC(=O)COc1ccc(/C=C/C2=C3c4ccccc4C(c4ccc[nH]4)=[N+]3[B-](F)(F)n3ccc(C)c32)cc1,ClCCl,585.0,4.63,594.74725,4.657552,581.7013,4.6632714,594.59656,4.7726016,606.52747,4.179052,596.0807,4.571998,610.53735,4.6193886,595.53314,4.5249944,606.74207,4.6733756,600.12634,4.568843,603.3075,4.547029
CCOC(=O)COc1ccc(/C=C/C2=C3c4ccccc4C(c4ccc[nH]4)=[N+]3[B-](F)(F)n3ccc(C)c32)cc1,C1CCOC1,586.0,4.71,593.1045,4.7615576,580.69763,4.678791,594.296,4.766979,602.6008,4.7740555,592.84607,4.5764217,607.89,4.6102037,590.54913,4.518575,604.5752,4.6644225,596.0176,4.5719795,596.5667,4.5553274
CCOC(=O)COc1ccc(/C=C/C2=C3c4ccccc4C(c4ccc[nH]4)=[N+]3[B-](F)(F)n3ccc(C)c32)cc1,CC#N,577.0,4.82,587.97003,4.702109,572.4202,4.663759,583.27594,4.7006993,598.0198,4.711045,583.20593,4.5786757,602.512,4.5719547,585.1153,4.5301085,602.063,4.652394,588.88477,4.5710135,588.7649,4.5670285
CCOC(=O)COc1ccc(/C=C/C2=C3c4ccccc4C(c4ccc[nH]4)=[N+]3[B-](F)(F)n3ccc(C)c32)cc1,CO,580.0,4.63,588.7524,4.798913,577.3609,4.673898,587.0469,4.8205905,599.2203,4.7066817,587.6244,4.57991,600.7516,4.573343,591.5763,4.478931,605.03845,4.6689734,600.0238,4.588083,596.9327,4.5239124
CCc1c(C)[nH]c(C2=[N+]3C(=Cc4c(C)c(CC)c(/C=C/c5ccc(N(C)C)cc5)n4[B-]3(F)F)c3ccccc32)c1C,CCCCCC,719.0,4.95,680.1318,5.1676183,694.4181,5.0995665,705.7854,5.0890007,695.6588,5.160322,690.7738,5.1163464,692.2677,5.0894904,705.8584,5.1133547,693.07446,5.04888,690.6316,5.0858707,699.72375,5.070882
CCc1c(C)[nH]c(C2=[N+]3C(=Cc4c(C)c(CC)c(/C=C/c5ccc(N(C)C)cc5)n4[B-]3(F)F)c3ccccc32)c1C,Cc1ccccc1,730.0,4.86,690.8994,5.1395035,696.82336,5.05011,711.0768,5.0481896,696.5521,5.278321,694.37085,5.1076355,697.1233,5.086573,708.6543,5.087867,691.6509,5.0487967,693.5793,5.0964785,705.2374,5.069839
CCc1c(C)[nH]c(C2=[N+]3C(=Cc4c(C)c(CC)c(/C=C/c5ccc(N(C)C)cc5)n4[B-]3(F)F)c3ccccc32)c1C,ClCCl,725.0,4.8,685.01624,5.073006,688.22595,5.027599,703.483,5.027192,698.39685,5.2046013,693.82263,5.084793,693.7929,5.0746512,703.53735,5.071129,689.82916,5.037424,686.8162,5.0825977,700.6525,5.040477
CCc1c(C)[nH]c(C2=[N+]3C(=Cc4c(C)c(CC)c(/C=C/c5ccc(N(C)C)cc5)n4[B-]3(F)F)c3ccccc32)c1C,C1CCOC1,720.0,4.85,681.3999,5.091939,689.10535,5.0337014,701.33496,5.022151,685.10126,5.1576843,689.95557,5.0844603,692.40515,5.0804915,702.7754,5.0741925,687.76825,5.029005,687.8333,5.0792985,696.0831,5.040926
CCc1c(C)[nH]c(C2=[N+]3C(=Cc4c(C)c(CC)c(/C=C/c5ccc(N(C)C)cc5)n4[B-]3(F)F)c3ccccc32)c1C,CC#N,713.0,4.77,681.56006,5.0462923,683.1192,4.997261,695.3206,4.9935026,690.40906,5.128873,682.4961,5.051883,686.5087,5.0332594,697.0562,5.0532975,685.3769,5.016977,681.62,5.0709276,690.9118,5.014442
CCc1c(C)[nH]c(C2=[N+]3C(=Cc4c(C)c(CC)c(/C=C/c5ccc(N(C)C)cc5)n4[B-]3(F)F)c3ccccc32)c1C,CO,712.0,4.8,681.58246,5.0856004,683.13403,5.010008,696.4418,5.00615,692.6832,5.1182947,686.9948,5.072638,690.3079,5.0506907,698.146,5.0228004,691.20734,5.048648,682.53217,5.0542235,692.41016,5.007175
CCN(CC)c1ccc(OC)c(C=O)c1,CCCCCC,400.0,3.440909082,381.46283,3.6394296,348.92157,3.6486757,367.8912,3.6935544,374.83743,3.4462934,373.2669,3.3937337,371.41544,3.672817,370.40662,3.55191,366.85117,3.8081036,344.54153,3.5696955,385.19467,3.6514
CCN(CC)c1ccc(OC)c(C=O)c1,Cc1ccccc1,411.0,3.340444115,398.2425,3.9721205,354.50082,3.7451818,381.4811,3.8737311,383.66025,3.5465279,370.51566,3.449637,379.2331,3.5776138,376.4912,3.4144464,385.95068,3.8002627,372.3117,3.513431,382.2078,3.7618551
CCN(CC)c1ccc(OC)c(C=O)c1,CCOC(C)=O,406.0,3.387389826,406.02808,3.8425188,357.38312,3.7596972,388.66425,3.8023305,385.37402,3.5301776,375.88895,3.293335,381.0691,3.5213556,374.49072,3.4192877,379.2335,3.789515,359.49484,3.5018253,391.50854,3.6069787
CCN(CC)c1ccc(OC)c(C=O)c1,ClCCl,415.0,3.36361198,407.2597,3.9016824,375.8222,3.69191,388.3008,3.7072573,395.96005,3.7789326,383.63864,3.4843273,392.82654,3.6700625,385.9626,3.4958382,385.2241,3.814362,372.43274,3.7448454,409.88382,3.7370882
CCN(CC)c1ccc(OC)c(C=O)c1,CS(C)=O,424.0,3.344392274,412.12238,3.5221057,365.71127,3.6219532,402.18542,4.0556006,383.5302,3.6252832,384.91016,3.4012764,387.43887,3.4683702,386.83084,3.3908195,386.12387,3.715391,369.03998,3.5547094,398.9094,3.5517282
CCN(CC)c1ccc(OC)c(C=O)c1,CC#N,412.0,3.44870632,401.04852,3.6193104,354.3532,3.7358074,371.08496,3.7973108,376.64813,3.6162436,368.16605,3.2835886,390.10727,3.3400154,379.98453,3.4997904,374.90875,3.6862915,363.22644,3.3888016,392.4618,3.4901974
CCN(CC)c1ccc(OC)c(C=O)c1,CC(C)O,418.0,3.371067862,409.42233,3.7022026,359.88916,3.8060617,387.9925,3.7061484,389.7494,3.7102597,388.05798,3.3788555,377.38882,3.564784,390.51,3.4607038,383.40994,3.7462604,372.97946,3.6205091,387.6611,3.5814064
CCN(CC)c1ccc(OC)c(C=O)c1,CO,420.0,3.380211242,408.36514,3.8773453,364.18817,3.6168003,406.2926,3.7683172,393.21478,3.6012955,390.667,3.3993099,394.61316,3.7618206,385.3262,3.4176548,392.61664,4.0487657,384.8055,3.5472445,403.53668,3.7032676
COc1ccc(-c2cc3c(o2)=CC2=Cc4cc5oc(-c6ccc(OC)cc6)cc5n4[B-](F)(F)[N+]=32)cc1,ClC(Cl)Cl,673.0,5.459392488,667.87036,5.402717,677.2031,5.3667192,678.0114,5.4169393,692.7168,5.4979343,676.50104,5.569709,676.56287,5.522859,677.85724,5.4494934,655.547,5.39401,669.04816,5.4427304,691.02313,5.402365
CCCCN1C(=O)C2=C(c3ccc(Br)cc3)[N-]C(=O)C2=C1c1ccc(Br)cc1,ClCCl,571.0,4.255272505,582.44775,4.207859,483.12878,4.569441,450.4487,4.672172,555.6227,4.2420177,554.2162,4.396901,544.0254,4.399374,565.4547,4.4038386,484.23883,4.532477,544.64014,4.3542595,579.619,4.3653316
CCCCN1C(=O)C2=C(c3ccc(-c4ccccc4)cc3)[N-]C(=O)C2=C1c1ccc(-c2ccccc2)cc1,ClCCl,585.0,4.380211242,586.6887,4.2285786,489.51016,4.59326,465.12363,4.7357697,561.3135,4.360838,573.0739,4.4733844,572.53595,4.4144454,554.69604,4.2876368,480.80603,4.566537,549.45984,4.397225,573.7111,4.3331757
CC1(C)C(/C=C/C=C/c2cc3ccc(O)cc3oc2=O)=[N+](CCCS(=O)(=O)[O-])c2ccccc21,O,564.0,4.431363764,608.2252,4.625595,600.3112,4.6024356,633.82874,4.7339826,591.8729,4.585066,622.40796,4.651466,618.14514,4.660578,605.42316,4.7360826,615.5911,4.7510843,583.1298,4.689792,603.2305,4.6433644
CC1(C)C(/C=C/C=C/c2cc3ccc(O)cc3oc2=O)=[N+](CCCS(=O)(=O)[O-])c2ccccc21,CS(C)=O,491.0,4.389166084,629.57166,4.7374554,619.25305,4.6629057,636.5532,4.934218,635.61786,4.8115444,636.5413,4.7077847,641.6597,4.7467737,606.78375,4.836941,611.9328,4.8171906,588.8279,4.7724013,612.9823,4.720878
CC1(C)C(/C=C/c2cc3ccc(O)cc3oc2=O)=[N+](CCCS(=O)(=O)[O-])c2ccc(S(=O)(=O)O)cc21,O,573.0,4.847572659,626.6064,4.470003,608.34174,4.3939877,590.91797,4.4751697,583.54425,4.4887247,637.786,4.4599442,620.88306,4.458513,588.1636,4.548921,611.2721,4.5659456,536.7116,4.466603,609.5578,4.5017686
CC1(C)C(/C=C/c2cc3ccc(O)cc3oc2=O)=[N+](CCCS(=O)(=O)[O-])c2ccc(S(=O)(=O)O)cc21,CS(C)=O,485.0,4.550228353,650.32367,4.514408,626.69574,4.4504123,583.673,4.657435,647.85693,4.4752064,652.4272,4.48994,643.4708,4.5021935,594.31464,4.6101694,611.2869,4.66399,544.1104,4.523331,616.52106,4.5752883
CC1(C)C(/C=C/c2cc3ccc(O)cc3oc2=O)=[N+](CCCS(=O)(=O)[O-])c2ccc(S(=O)(=O)O)cc21,CCO,630.0,4.892094603,641.5674,4.4512634,624.14606,4.388999,587.0397,4.536862,627.1826,4.210022,645.8971,4.514892,636.7838,4.498726,592.76654,4.5892243,606.7466,4.6708035,537.2054,4.5296936,620.329,4.5097647
CC1(C)C(/C=C/C=C/c2cc3ccc(O)cc3oc2=O)=[N+](CCCS(=O)(=O)[O-])c2ccc(S(=O)(=O)O)cc21,O,592.0,4.389166084,640.5414,4.721975,629.4574,4.618155,661.58954,4.780179,617.2444,4.678728,663.2726,4.6876783,645.9469,4.6947536,629.57837,4.75319,650.5192,4.8144636,593.48737,4.6898913,628.1452,4.6797876
CC1(C)C(/C=C/C=C/c2cc3ccc(O)cc3oc2=O)=[N+](CCCS(=O)(=O)[O-])c2ccc(S(=O)(=O)O)cc21,CS(C)=O,494.0,4.371067862,658.9503,4.848183,650.47906,4.678885,670.93555,4.9721,656.6214,4.8486614,675.3423,4.720919,670.63025,4.7877216,634.17773,4.854517,649.0307,4.8713913,599.95,4.7615614,638.6708,4.752435
CC1(C)C(/C=C/C=C/c2cc3ccc(O)cc3oc2=O)=[N+](CCCS(=O)(=O)[O-])c2ccc(S(=O)(=O)O)cc21,CCO,508.0,4.397940009,650.07056,4.8384094,644.0514,4.6613016,666.4818,4.9176517,642.68646,4.575251,664.62054,4.782644,659.2512,4.8123236,631.06433,4.841398,645.219,4.883169,593.14014,4.769009,637.08276,4.7230783
CC1(C)C(/C=C/c2cc3ccc(O)cc3oc2=O)=[N+](CCCS(=O)(=O)[O-])c2ccc3c(S(=O)(=O)O)cc(S(=O)(=O)O)cc3c21,O,578.0,4.8162413,633.89526,4.4383,629.8836,4.3877273,599.4768,4.5491457,586.57025,4.5263553,648.379,4.4178143,634.9479,4.508265,604.51434,4.528861,594.6438,4.414527,562.37396,4.5213876,612.7092,4.5095086
CC1(C)C(/C=C/c2cc3ccc(O)cc3oc2=O)=[N+](CCCS(=O)(=O)[O-])c2ccc3c(S(=O)(=O)O)cc(S(=O)(=O)O)cc3c21,CS(C)=O,495.0,4.527629901,659.6941,4.4610624,647.3417,4.432654,596.8558,4.7353125,649.57245,4.5140233,663.8122,4.4470305,660.3843,4.566303,614.0942,4.5688705,598.5228,4.527611,567.3038,4.5734124,619.5185,4.581253
CC1(C)C(/C=C/c2cc3ccc(O)cc3oc2=O)=[N+](CCCS(=O)(=O)[O-])c2ccc3c(S(=O)(=O)O)cc(S(=O)(=O)O)cc3c21,CCO,643.0,4.621176282,650.58386,4.437305,644.8747,4.3738174,597.67084,4.643708,626.89233,4.2700777,657.83435,4.4599156,651.5469,4.5669284,611.5268,4.5482144,592.8164,4.535435,566.19476,4.579105,623.5333,4.524799
COc1cccc(-c2c3ccccc3c3n2[B-](F)(F)[N+]2=Cc4c5ccccc5c(-c5cccc(OC)c5)n4[B-](F)(F)[N+]2=C3)c1,CC#N,552.0,4.77,558.0507,4.6863937,570.49884,4.692586,568.87024,4.7872267,565.4819,4.7161374,574.37335,4.6929784,569.7727,4.6934867,564.6843,4.6748185,592.8848,4.741984,566.7606,4.6675663,553.74304,4.622656
COc1cccc(-c2c3ccccc3c3n2[B-](F)(F)[N+]2=Cc4c5ccccc5c(-c5cccc(OC)c5)n4[B-](F)(F)[N+]2=C3)c1,CN(C)C=O,561.0,4.74,562.9414,4.6527658,577.9809,4.6952667,574.3154,4.7339544,570.6327,4.6980205,584.45044,4.668535,573.6263,4.7010026,569.06146,4.685142,597.9594,4.7466145,569.3728,4.6567063,564.22485,4.618209
COc1cccc(-c2c3ccccc3c3n2[B-](F)(F)[N+]2=Cc4c5ccccc5c(-c5cccc(OC)c5)n4[B-](F)(F)[N+]2=C3)c1,ClCCl,563.0,4.75,563.6859,4.692635,575.36127,4.7111664,573.06555,4.8272085,570.8788,4.624825,585.1943,4.716435,577.0313,4.7358317,570.21533,4.7074213,597.21344,4.7635446,573.10284,4.683635,561.12286,4.661828
COc1cccc(-c2c3ccccc3c3n2[B-](F)(F)[N+]2=Cc4c5ccccc5c(-c5cccc(OC)c5)n4[B-](F)(F)[N+]2=C3)c1,CCCCCC,564.0,4.76,569.8021,4.7917824,578.8953,4.7506795,575.0831,4.8513727,574.0857,4.7346168,584.0389,4.74193,579.4075,4.746974,570.07654,4.742979,600.5359,4.7734103,575.2205,4.6796594,564.1919,4.6817303
COc1cccc(-c2c3ccccc3c3n2[B-](F)(F)[N+]2=Cc4c5ccccc5c(-c5cccc(OC)c5)n4[B-](F)(F)[N+]2=C3)c1,Cc1ccccc1,571.0,4.75,571.4524,4.7080956,580.4669,4.7162075,578.77423,4.8521433,577.0278,4.695385,590.57324,4.724058,583.1592,4.7495666,578.06287,4.7069783,599.52985,4.7729383,575.8617,4.6930094,572.8383,4.6743097
CC(C)(C)c1ccc(-c2sc3c(-c4ccc(C(C)(C)C)cc4)c4n(c3c2-c2ccc(C(C)(C)C)cc2)[B-](F)(F)[N+]2=Cc3c(-c5ccc(C(C)(C)C)cc5)c5sc(-c6ccc(C(C)(C)C)cc6)c(-c6ccc(C(C)(C)C)cc6)c5n3[B-](F)(F)[N+]2=C4)cc1,CC#N,574.0,4.85,579.7484,4.9563174,566.7838,4.8824377,570.9162,4.9449515,575.5381,4.821304,573.68384,4.8473816,603.69806,4.9358706,591.8612,4.8915586,582.0658,5.0354986,589.9973,4.8478794,570.57764,4.863439
CC(C)(C)c1ccc(-c2sc3c(-c4ccc(C(C)(C)C)cc4)c4n(c3c2-c2ccc(C(C)(C)C)cc2)[B-](F)(F)[N+]2=Cc3c(-c5ccc(C(C)(C)C)cc5)c5sc(-c6ccc(C(C)(C)C)cc6)c(-c6ccc(C(C)(C)C)cc6)c5n3[B-](F)(F)[N+]2=C4)cc1,CN(C)C=O,584.0,4.66,582.0553,4.993043,565.95514,4.9099836,573.2289,4.956596,580.078,4.965728,580.21484,4.872966,605.9211,4.9662538,593.9763,4.9069967,590.35144,5.0671587,590.581,4.851736,577.1271,4.8801303
CC(C)(C)c1ccc(-c2sc3c(-c4ccc(C(C)(C)C)cc4)c4n(c3c2-c2ccc(C(C)(C)C)cc2)[B-](F)(F)[N+]2=Cc3c(-c5ccc(C(C)(C)C)cc5)c5sc(-c6ccc(C(C)(C)C)cc6)c(-c6ccc(C(C)(C)C)cc6)c5n3[B-](F)(F)[N+]2=C4)cc1,ClCCl,591.0,4.9,593.3536,4.965312,575.02466,4.9073973,580.5965,4.95214,587.1792,4.8725834,583.47235,4.9130297,617.69055,4.996068,598.44073,4.9162254,586.6112,5.0649076,595.33167,4.8761935,577.09033,4.893129
CC(C)(C)c1ccc(-c2sc3c(-c4ccc(C(C)(C)C)cc4)c4n(c3c2-c2ccc(C(C)(C)C)cc2)[B-](F)(F)[N+]2=Cc3c(-c5ccc(C(C)(C)C)cc5)c5sc(-c6ccc(C(C)(C)C)cc6)c(-c6ccc(C(C)(C)C)cc6)c5n3[B-](F)(F)[N+]2=C4)cc1,CCCCCC,591.0,4.96,599.28186,5.017162,578.4741,4.912434,583.1049,4.9660993,591.52246,4.896476,582.7455,4.8998394,614.7332,4.987105,596.30676,4.9311914,589.1218,5.0767903,597.56274,4.8649006,579.7665,4.901112
CC(C)(C)c1ccc(-c2sc3c(-c4ccc(C(C)(C)C)cc4)c4n(c3c2-c2ccc(C(C)(C)C)cc2)[B-](F)(F)[N+]2=Cc3c(-c5ccc(C(C)(C)C)cc5)c5sc(-c6ccc(C(C)(C)C)cc6)c(-c6ccc(C(C)(C)C)cc6)c5n3[B-](F)(F)[N+]2=C4)cc1,Cc1ccccc1,596.0,4.9,601.71716,5.0359473,576.19214,4.9054737,590.9837,5.005394,592.97034,4.938862,587.62585,4.9370646,618.65845,4.993663,605.9214,4.9131656,589.9635,5.0765653,599.4542,4.87887,585.93286,4.9139113
CCN(CC)c1ccc2c(c1)oc(=O)c1cnc3c(cnn3-c3ccccc3)c12,ClCCl,405.0,4.792391689,400.66342,4.5497203,388.95837,4.388776,405.4955,4.654528,402.81567,4.679078,369.93533,4.7491217,404.5747,4.8317986,377.4423,4.659081,384.18433,4.6437254,393.36285,4.935614,402.43698,4.6784606
CCN(CC)c1ccc2c(c1)oc(=O)c1cnc3c(c(C)nn3-c3ccccc3)c12,ClCCl,404.0,4.397940009,392.86993,4.5443754,387.15756,4.4407372,407.0631,4.6428022,386.95392,4.673301,374.55136,4.638287,398.05313,4.5515733,375.18497,4.5752096,384.02335,4.597519,388.9025,4.778664,400.28806,4.570038
CCN(CC)c1ccc2c(c1)oc(=O)c1c(C)nc3c(c(C)nn3-c3ccccc3)c12,ClCCl,403.0,4.56937391,400.24286,4.6024327,394.45538,4.513251,417.06686,4.723286,394.0444,4.6544766,402.63773,4.6635847,384.55286,4.5623026,388.72217,4.5711255,397.3271,4.6153526,392.0691,4.685892,411.515,4.64378
CCN(CC)c1ccc2c(c1)oc(=O)c1c(C)nc3c(c(-c4ccccc4)nn3C)c12,ClCCl,408.0,4.582063363,408.67062,4.559247,390.38605,4.598354,382.59915,4.718587,386.58102,4.6861715,418.03265,4.5968175,369.2011,4.7030935,392.6642,4.672903,414.98767,4.72656,400.054,4.6651497,392.02618,4.7593904
O=C1c2ccccc2-c2cc3ccccc3c(=O)n21,ClC(Cl)Cl,379.0,4.037426498,365.78906,4.0867395,362.6117,3.7798383,341.4945,4.0774384,349.43253,4.0818586,345.15146,4.033612,347.6865,4.1657314,355.4295,4.13041,389.5865,3.9084024,351.70227,4.0072393,345.3087,3.9224982
O=C1c2ccccc2C2=Cc3ccccc3B(O)N12,ClC(Cl)Cl,375.0,4.255272505,361.57117,3.9925804,379.0533,3.9236476,372.95465,3.9720216,371.22498,3.8899906,364.27603,3.8627691,377.88812,3.924493,368.27008,4.0245733,365.44098,3.9087644,378.7573,3.6301305,374.62454,3.7493923
CCC1=C(C)C2=Cc3cscc3B(O)N2C1=O,ClC(Cl)Cl,355.0,4.389166084,384.7706,4.275433,392.89923,4.1844387,397.46756,4.123433,370.0503,4.3020625,370.23895,4.082028,383.37747,4.115451,385.9061,4.2477255,372.83905,4.1843576,392.73676,4.2462306,384.094,4.202077
O=C1c2ccccc2-c2cc3ccccc3c(=O)n21,CO,379.0,4.037426498,370.77905,4.0288787,361.94556,3.90175,349.042,4.000618,355.17892,4.264273,344.9793,4.2341437,350.5036,4.354023,355.89917,4.24586,393.00925,3.9317877,351.36243,4.1201077,348.4516,4.0873675
O=C1c2ccccc2C2=Cc3ccccc3B(O)N12,CO,372.0,4.507855872,367.5749,4.047451,372.31992,4.056237,372.05023,4.0130205,373.45297,3.8788066,364.08615,3.9514532,379.05252,4.0713882,369.7059,4.1905212,365.41376,3.837122,372.32513,3.6314836,374.77893,3.9787445
CCC1=C(C)C2=Cc3cscc3B(O)N2C1=O,CO,355.0,4.440909082,382.13998,4.272724,383.05157,4.1192946,382.8827,4.220438,365.32367,4.2449493,363.2599,4.1387577,379.18588,4.1524434,381.9353,4.3149457,373.8062,4.235275,392.76556,4.262652,381.54025,4.2267985
O=C1c2ccccc2-c2cc3ccccc3c(=O)n21,CS(C)=O,382.0,4.075546961,374.97696,4.0406976,371.74725,3.8668594,354.8224,3.9870353,360.44092,4.264798,346.7483,4.040945,356.40643,4.2689786,364.3352,4.206059,399.04672,3.9398398,359.10422,4.206344,349.68256,4.128132
O=C1c2ccccc2C2=Cc3ccccc3B(O)N12,CS(C)=O,372.0,4.463892989,367.50638,3.87573,378.5656,3.7521734,378.82257,3.8012753,381.95593,3.8440182,368.8913,3.929338,379.56973,3.8445568,376.05612,3.9780965,374.69196,3.9739146,387.19482,3.8302593,379.04315,3.845014
CCC1=C(C)C2=Cc3cscc3B(O)N2C1=O,CS(C)=O,352.0,4.257678575,377.20645,4.182437,383.9161,4.0833488,387.13956,4.1223984,367.82983,4.1365805,369.87503,4.0846825,373.14398,4.026795,377.08917,4.2271137,380.83597,4.184841,403.615,4.302814,380.73987,4.15686
O=C1c2ccccc2-c2cc3ccccc3c(=O)n21,CC#N,377.0,3.888179494,372.01715,3.8706465,367.21008,3.8446312,351.51566,4.0072336,353.9942,4.228998,348.80457,3.9553306,352.71646,4.3031535,351.0595,4.2363615,396.14288,3.8347142,356.81573,4.127151,349.70374,3.973828
O=C1c2ccccc2C2=Cc3ccccc3B(O)N12,CC#N,371.0,4.301029996,364.16733,3.7642128,377.24127,3.7474778,376.14682,3.8185458,375.15195,3.8220909,373.70544,3.8024106,382.8137,3.8955517,360.57147,3.9791002,368.89365,3.9313083,384.26636,3.6660519,376.1254,3.708013
CCC1=C(C)C2=Cc3cscc3B(O)N2C1=O,CC#N,350.0,4.397940009,374.64062,4.254764,378.68134,4.0883503,386.01602,4.246795,366.23492,4.2570033,359.99887,4.0660267,380.91885,4.0737557,376.8569,4.231704,373.379,4.1555734,391.3918,4.2561307,377.13516,4.166943
CCC1=C(C)C2=Cc3cscc3B(O)N2C1=O,CCCCCC,351.0,4.618048097,396.7343,4.376927,375.92084,4.0618777,392.76797,4.2667875,381.15094,4.3264713,366.4502,4.153976,383.2044,4.1493044,374.3643,4.3210754,373.6985,4.219642,388.55432,4.270472,374.83704,4.1813593
CCC1(CC)c2ccccc2-c2c1c1c(c3c2C(CC)(CC)c2cc(N(c4ccccc4)c4ccccc4)ccc2-3)C(CC)(CC)c2ccccc2-1,C1CCOC1,356.0,4.462397998,359.1955,4.6013694,352.6541,4.5386767,361.1499,4.410451,355.06213,4.4643836,355.4353,4.6081343,352.1108,4.6803303,346.62997,4.5920143,357.05353,4.859099,348.12683,4.8048053,345.55652,4.5394382
CCC1(CC)c2ccccc2-c2c1c1c(c3c2C(CC)(CC)c2cc(B(c4c(C)cc(C)cc4C)c4c(C)cc(C)cc4C)ccc2-3)C(CC)(CC)c2ccccc2-1,C1CCOC1,358.0,4.477121255,357.91437,4.5999126,347.00287,4.594887,364.5873,4.520611,359.86603,4.5644827,342.46188,4.726345,348.23407,4.780628,345.71643,4.7297797,335.5989,4.9777603,337.86536,4.831837,345.4903,4.539388
c1ccc(N(c2ccccc2)c2ccc(-c3cnc(-c4ccncc4)s3)cc2)cc1,CO,403.0,4.250420002,397.93268,4.4444327,383.57886,4.465928,368.3509,4.594855,390.89172,4.428053,385.8755,4.3898225,388.93872,4.3607903,382.74432,4.490126,374.81732,4.468745,380.68784,4.5024524,384.64844,4.445468
c1ccc(Nc2ncnc3ccc(-c4ccccc4)cc23)cc1,ClC(Cl)Cl,344.0,4.187520721,336.98715,4.2455416,333.31528,4.1687083,326.6067,4.116571,344.13928,4.146743,316.67786,4.0910463,323.66708,4.2090445,325.80917,4.179464,325.91946,4.311282,330.2348,4.1490364,330.25406,4.236156
N#Cc1ccc(-c2ccc3ncnc(Nc4ccccc4)c3c2)cc1,ClC(Cl)Cl,343.0,4.222716471,353.55286,4.1434765,340.24188,4.1912985,336.2938,4.0562186,344.21838,4.1698713,321.34735,4.1811585,332.7719,4.1610928,336.4874,4.209465,332.7291,4.311739,334.39087,4.121188,339.4113,4.194418
CN(C)c1ccc(/C=C/c2ccc3ncnc(Nc4ccccc4)c3c2)cc1,ClC(Cl)Cl,381.0,4.459392488,397.10788,4.530005,389.18655,4.4601955,384.22577,4.3609657,376.37625,4.4406295,392.71396,4.4745555,391.5154,4.48534,386.79047,4.513161,391.37524,4.613102,401.16324,4.53918,381.49893,4.5422273
O=[N+]([O-])c1ccc(/C=C/c2ccc3ncnc(Nc4ccccc4)c3c2)cc1,ClC(Cl)Cl,372.0,4.482873584,384.52478,4.5088606,358.84784,4.320903,363.59927,4.378308,350.622,4.51086,367.4851,4.382649,371.6444,4.418876,375.83972,4.6165404,358.58112,4.5776587,377.22037,4.443124,363.61853,4.4389434
CN(C)c1ccc(/C=C/C=C/c2ccc3ncnc(Nc4ccccc4)c3c2)cc1,ClC(Cl)Cl,403.0,4.726727209,426.7731,4.691338,405.71118,4.5534644,403.66586,4.5710864,401.44278,4.593542,420.4789,4.5938296,407.00766,4.563357,399.5148,4.576306,442.88968,4.7109528,410.0598,4.625661,424.4054,4.660071
C(/C=C/c1ccc2ncnc(Nc3ccccc3)c2c1)=C\c1ccccc1,ClC(Cl)Cl,361.0,4.646403726,359.8201,4.6455975,365.23938,4.6154366,363.47025,4.6621184,363.68665,4.727661,354.33905,4.5571985,358.52737,4.5223327,362.5509,4.5679708,380.63953,4.6562343,374.09323,4.5509553,368.87762,4.6474776
O=[N+]([O-])c1ccc(/C=C/C=C/c2ccc3ncnc(Nc4ccccc4)c3c2)cc1,ClC(Cl)Cl,391.0,4.614897216,391.6431,4.760248,374.74088,4.568303,381.91586,4.6493454,382.44333,4.6524386,379.49948,4.507356,379.93204,4.435006,377.34164,4.6657276,386.07904,4.663906,387.44806,4.5227275,391.59277,4.6563416
CCOC(=O)c1cc(C(=O)OCC)c2ccccc2n1,CCO,319.0,3.544068044,333.34747,3.6206534,348.45447,3.18506,333.40448,3.5853515,328.30814,3.585352,340.25174,3.571663,337.14496,3.620434,337.4607,3.5614297,348.593,3.5397491,348.05838,3.4196534,337.70184,3.3261147
CCOC(=O)c1cc(C(=O)OCC)c2cc(N)ccc2n1,CCO,421.0,3.748188027,382.80774,3.6081474,401.03195,3.6409817,385.23276,3.8220606,421.96964,3.524121,404.2866,3.7036932,382.97177,3.7841773,397.53943,3.6333766,378.33905,3.7828357,391.17715,3.5827951,377.82486,3.7416577
CCOC(=O)c1cc(C(=O)OCC)c2cc(N(C)C)ccc2n1,CCO,443.0,4.079181246,441.82974,4.0120974,435.06848,3.9256983,433.343,4.083115,449.8904,3.7578256,426.14673,4.023403,430.42194,4.1552815,416.72827,3.9817057,405.77856,4.095008,426.23993,4.1414475,448.0206,3.848274
CCOC(=O)c1cc(C(=O)OCC)c2cc([N+](=O)[O-])ccc2n1,CCO,304.0,3.968482949,359.8327,3.8279862,368.0327,3.2729917,359.2349,3.5205612,358.7492,3.6487744,372.16296,3.461108,345.8979,3.5254323,372.2214,3.6554177,369.91895,3.8175802,368.0218,3.3015697,375.2103,3.4454355
CCOC(=O)c1cc(C(=O)NCc2ccccc2)c2ccc(N(C)C)cc2n1,CCO,426.0,3.361727836,410.65305,3.4642682,414.80896,3.4841714,411.28317,3.8837516,406.8507,3.439045,429.3071,3.5022905,412.25256,3.616888,419.99713,3.570445,401.12137,3.8800433,423.16364,3.6367188,415.6995,3.441786
CCOC(=O)c1cc(C(=O)O)nc2cc(OC)ccc12,CCO,349.0,3.591064607,354.55283,3.145869,363.03577,3.4104254,368.11746,3.481134,359.1477,3.5844734,357.8891,3.3982666,369.30484,3.4301825,344.64276,3.6044154,354.99503,3.6922653,366.70972,3.5419898,365.3869,3.332985
CCC1=C(C)C(=O)n2c1cc1c(C)c(CC(=O)O)c(C)n1c2=O,c1ccccc1,424.0,4.170261715,443.63104,4.1897297,423.47742,4.076173,436.88562,4.2265434,430.26968,4.1655364,424.54114,4.1278934,422.11987,4.184748,429.79446,4.179289,441.58597,4.2175713,428.2716,4.157642,433.5692,4.218859
CCC1=C(C)C(=O)n2c1cc1c(C)c(CC(=O)O)c(C)n1c2=O,ClC(Cl)Cl,424.0,4.190331698,450.16824,4.1723456,423.05206,4.1773424,437.52316,4.2410216,434.5075,4.164827,424.92764,4.1485767,431.49683,4.213328,429.36893,4.213432,432.5958,4.222214,425.19217,4.1363277,433.56573,4.239089
CCC1=C(C)C(=O)n2c1cc1c(C)c(CC(=O)O)c(C)n1c2=O,CC(C)=O,417.0,4.170261715,439.1713,4.1549773,416.97357,4.1182365,427.9472,4.1856976,426.5656,4.1729913,418.03763,4.117835,421.09607,4.2042055,427.18976,4.1795945,434.91534,4.208352,425.24896,4.1440825,425.25302,4.1842494
CCC1=C(C)C(=O)n2c1cc1c(C)c(CC(=O)O)c(C)n1c2=O,CO,425.0,4.184691431,440.88544,4.186175,421.2696,4.119505,436.9945,4.264688,431.28253,4.163289,425.0293,4.1294327,428.92853,4.179161,427.99228,4.2447243,427.14084,4.2196283,421.89087,4.149615,433.7717,4.2287602
CCC1=C(C)C(=O)n2c1cc1c(C)c(CC(=O)O)c(C)n1c2=O,CC#N,417.0,4.193124598,432.98758,4.1715803,416.58282,4.1348133,425.839,4.2099032,421.8487,4.133884,414.9204,4.1354303,428.50818,4.1753154,431.64404,4.23735,428.1568,4.187165,423.01404,4.0992274,426.6984,4.1911025
CCC1=C(C)C(=O)n2c1cc1c(C)c(CC(=O)O)c(C)n1c2=O,CS(C)=O,423.0,4.198657087,447.35632,4.1460676,424.80405,4.179506,434.7631,4.267523,435.8722,4.2246633,431.74872,4.1221046,423.8317,4.176282,429.88348,4.176303,437.6178,4.203894,433.41006,4.1623745,434.70886,4.2421184
CC[n+]1nc2ccc(N(C)C)cc2c2cc(C)ccc21,O,483.0,4.399673721,430.44406,4.3888855,468.0999,4.0794797,484.22476,4.167831,478.96002,4.0741515,481.5621,4.1788545,415.2615,4.6721787,460.225,4.1516333,459.56412,4.258107,444.83032,4.477562,457.0985,4.010325
CC[n+]1nc2cc3c4c(c2c2ccccc21)CCCN4CCC3,O,493.0,4.716837723,489.98148,4.65362,498.08868,4.578429,514.656,4.6362114,500.9564,4.6981483,498.41537,4.579702,493.93695,4.6068726,495.75803,4.1497955,529.38214,4.5059085,520.8279,4.607096,502.03537,4.6574993
CC[n+]1nc2cc3c4c(c2c2cc(F)ccc21)CCCN4CCC3,O,494.0,4.589949601,490.68414,4.686188,502.46204,4.62908,513.78326,4.685211,506.18207,4.6861973,513.7976,4.58183,498.08356,4.6243906,499.15118,4.237263,531.7323,4.545474,522.4802,4.6237745,497.6763,4.7074013
Cc1ccc(C2=Nc3cccc4[n+]3[B-](F)(O2)OC(c2ccc(C)cc2)=N4)cc1,ClCCl,394.0,4.635483747,390.44586,4.7805996,402.26804,4.7129493,386.9596,4.662523,396.67145,4.755828,393.15475,4.6299477,397.388,4.9343724,408.85083,4.701231,409.83084,4.7389793,399.15173,4.76033,398.7036,4.6777916
c1ccc(C2=Nc3cccc4[n+]3[B-](c3ccccc3)(N2)NC(c2ccccc2)=N4)cc1,ClCCl,440.0,4.243038049,422.75595,4.2080717,424.49634,4.309491,449.96283,4.1718283,416.31787,4.2747145,474.7387,4.4305787,431.92978,4.39,438.49442,4.1928415,442.0214,4.3239903,414.12152,4.1642103,449.52863,4.276553
c1ccc([B-]23NC(C4CCCCC4)=Nc4cccc([n+]42)N=C(C2CCCCC2)N3)cc1,ClCCl,416.0,4.346352974,436.74695,4.279104,442.59512,4.389365,477.55505,4.096006,400.971,4.174491,442.83835,4.0515294,400.7724,4.057032,411.36398,3.8545763,394.30847,4.0875034,412.50836,4.293452,451.82422,4.1962523
Nc1cc2nc3cc(F)c(F)cc3nc2cc1N,CCO,433.0,4.243038049,433.01624,4.1882687,426.35107,4.2251124,434.9748,4.3382473,426.2984,4.3228755,423.56183,4.303329,429.47427,4.2013206,431.8122,4.192364,440.19858,4.34374,434.02393,4.218627,430.75095,4.1829844
CC1(C)Nc2cc3nc4cc(Cl)c(Cl)cc4nc3cc2N1,CCO,471.0,4.426511261,456.34937,4.223935,463.6495,4.615037,453.19302,4.3944826,463.49515,4.4923387,448.14578,4.5141473,452.02258,4.4557996,455.1247,4.4668393,460.8633,4.5768485,446.1769,4.1998672,459.1863,4.4776473
CC1(C)Nc2cc3nc4cc(Br)c(Br)cc4nc3cc2N1,CCO,473.0,4.431363764,451.15955,4.3526015,467.36853,4.6166925,452.85645,4.3993683,462.9013,4.4612746,448.58777,4.5288815,440.7868,4.5955644,458.7988,4.509498,465.71313,4.6182556,436.2737,4.277321,455.6563,4.5705724
CNc1cc2nc3cc(Cl)c(Cl)cc3nc2cc1NC,CCO,442.0,4.318063335,443.5865,4.2571187,438.01935,4.3180537,442.76068,4.346185,450.59802,4.4736814,454.88416,4.190565,447.31122,4.123209,446.8484,4.2352257,463.12378,4.4596953,455.05496,4.245544,448.0461,4.2400107
CN1CCc2cc(C3=Cc4cccc[n+]4[B-](F)(F)O3)ccc21,ClC(Cl)Cl,430.0,4.474216264,406.15457,4.4413276,427.4949,4.5265527,420.6531,4.5248775,411.9687,4.44317,421.70654,4.4530873,411.56146,4.4295855,418.36792,4.491823,407.94125,4.4895434,396.63324,4.4675546,414.70297,4.5020638
F[B-]1(F)OC(c2ccc(N3CCCC3)cc2)=Cc2cccc[n+]21,ClC(Cl)Cl,438.0,4.444044796,407.09723,4.5048676,413.2583,4.5937634,424.26205,4.6363783,412.52145,4.488001,402.77313,4.410611,407.8422,4.4434237,423.02237,4.6760254,438.68842,4.6756096,402.46912,4.5693793,425.9657,4.6013083
F[B-]1(F)OC(c2cc3c4c(c2)CCCN4CCC3)=Cc2cccc[n+]21,ClC(Cl)Cl,450.0,4.546542663,460.29034,4.540519,459.70908,4.4720697,479.91937,4.5157948,465.00522,4.4577303,466.48926,4.3401003,472.58252,4.4803987,499.0417,4.4576097,491.0022,4.6129546,483.71402,4.59699,456.8501,4.4829965
O=C1/C(=C2\Nc3cc4ccc5cccc6ccc(c3C2=O)c4c56)Nc2cc3ccc4cccc5ccc(c21)c3c45,C1CCOC1,687.0,4.047274867,524.655,4.2391396,571.908,4.2474318,499.56003,4.1712604,535.62286,4.455859,527.7225,4.622467,517.02686,4.299643,501.2249,4.1766267,524.15015,4.1762795,530.76605,4.32038,535.8082,4.387457
COc1ccc2c3ccc(OC)cc3c3cc4c(C)cc(=O)oc4cc3c2c1,ClC(Cl)Cl,365.0,4.161966616,380.79092,4.035531,390.5995,4.371769,403.38455,4.2366905,400.34946,4.0967712,383.92578,4.1070795,395.14456,4.0677934,393.008,4.0196247,379.7829,4.417039,405.96835,4.107202,375.91028,4.281481
COc1cc2c3cc(OC)c(OC)cc3c3cc4c(C)cc(=O)oc4cc3c2cc1OC,ClC(Cl)Cl,368.0,4.31344537,334.39096,4.429909,432.79562,4.760851,407.87283,4.7615623,414.2946,4.3645535,382.2146,4.3329473,407.64896,4.4489975,376.38937,4.0225773,392.83777,4.736743,383.4134,4.2805777,391.5386,4.6852174
COc1cc(OC)c2c(c1)c1cc3oc(=O)cc(C)c3cc1c1cc(OC)cc(OC)c12,ClC(Cl)Cl,390.0,4.197004728,414.94022,3.8905597,396.5899,4.367587,413.3278,4.238841,413.09363,4.0760946,396.76312,4.020255,419.13965,4.0505757,424.76675,4.043428,399.07205,4.1951723,410.13367,4.0293283,405.91995,4.0888267
CCCCCCn1c2ccccc2c2cc3c4cc5c6ccccc6n(CCCCCC)c5cc4c4cc5c(C)cc(=O)oc5cc4c3cc21,ClC(Cl)Cl,393.0,4.628286731,409.43103,4.492031,399.62927,4.9700003,430.85214,4.9612565,446.82123,4.596947,440.872,4.8760366,428.896,4.738023,405.11798,4.7257285,408.2929,4.983748,413.9743,4.5639687,409.8438,4.7427635
Cc1cc(=O)oc2cc3c(cc12)c1c2ccccc2c2ccccc2c1c1c2ccccc2c2ccccc2c31,ClC(Cl)Cl,386.0,4.808750972,408.68683,4.425096,412.79724,4.395743,431.9524,4.2388325,426.41318,4.2663207,435.74924,4.171463,411.69757,4.234218,433.2065,4.438096,399.38666,4.5526514,424.19763,4.367039,412.0024,4.239367
c1ccc(-c2cnc3nn4ccccc4c3c2)cc1,C1CCOC1,383.0,3.950851459,382.16403,3.9774456,384.94513,3.8522775,376.86154,4.0066543,385.79156,3.8535242,379.50952,3.7665057,387.811,3.8645375,377.4497,4.0807557,357.4704,4.062096,375.46045,3.8393037,366.519,3.892544
CC(=O)c1ccc(-c2cnc3nn4ccccc4c3c2)cc1,C1CCOC1,386.0,4.078819183,383.5373,4.0441155,383.38812,3.9171228,386.08502,4.052966,381.19598,4.006185,378.65308,3.9519873,390.64362,4.0256615,377.96677,4.2416487,361.37674,4.1067843,381.81998,3.8758078,370.88623,3.982743
C1=[N+](c2ccccc2)[B-]2(Oc3c1ccc1c4c(ccc31)C=[N+](c1ccccc1)[B-]1(O4)c3ccccc3Oc3ccccc31)c1ccccc1Oc1ccccc12,ClCCl,545.0,4.139879086,526.8123,4.197008,543.64075,4.232031,537.67334,4.264388,540.24146,4.17671,535.4193,4.2199607,538.55286,4.2395263,562.7278,4.29944,543.86896,4.368232,538.24664,4.2047935,539.5955,4.291937
C1=[N+](c2ccccc2)[B-]2(Oc3c1ccc1c4c(ccc31)C=[N+](c1ccccc1)[B-]1(O4)c3ccccc3Oc3ccccc31)c1ccccc1Oc1ccccc12,Cc1ccccc1,549.0,4.133538908,520.3925,4.1467266,540.54987,4.148902,532.65466,4.239543,528.3639,4.130307,535.1928,4.2502413,536.5683,4.1162977,562.3069,4.270386,546.16406,4.36634,536.3703,4.1759095,545.2927,4.1552024
O=[N+]([O-])c1ccc([N+]2=Cc3ccc4c5c(ccc4c3O[B-]2(c2ccccc2)c2ccccc2)C=[N+](c2ccc([N+](=O)[O-])cc2)[B-](c2ccccc2)(c2ccccc2)O5)cc1,ClCCl,541.0,4.204119983,551.038,4.184656,540.2637,4.297879,542.1675,4.1916347,531.28253,4.296413,553.499,4.1246214,541.3958,4.2874146,551.7773,4.198618,537.1725,4.181199,541.988,4.1542335,525.01495,4.1812234
CCCCCCOc1ccc(N(c2ccc(OCCCCCC)cc2)c2ccc(-c3sc(-c4ccc(N(c5ccc(OCCCCCC)cc5)c5ccc(OCCCCCC)cc5)cc4)c4nc(CC)c(CC)nc34)cc2)cc1,ClCCl,532.0,4.133538908,609.7126,4.1692185,615.2617,4.117208,585.42676,4.152041,612.8201,4.052866,616.3106,4.057557,583.98145,4.2383223,541.8212,4.325497,599.7114,4.1790776,565.10077,4.290604,591.1518,4.2829957
CCCCCCOc1ccc(N(c2ccc(OCCCCCC)cc2)c2ccc(-c3sc(-c4ccc(N(c5ccc(OCCCCCC)cc5)c5ccc(OCCCCCC)cc5)cc4)c4nc(-c5ccc(C(=O)OC)cc5)c(-c5ccc(C(=O)OC)cc5)nc34)cc2)cc1,ClCCl,626.0,4.117271296,560.2621,4.1313367,596.9112,4.2406034,573.40454,4.001474,574.24396,4.135479,593.1892,4.020649,586.81464,4.1670556,584.58545,4.246121,577.5807,4.173432,561.09235,4.1807537,593.73065,4.2000165
COc1ccc(-c2nc(-c3ccc(C)cc3)c3ccccn23)cc1,ClC(Cl)Cl,303.0,4.31,313.22937,4.41615,323.19043,4.3728037,320.77744,4.2389755,320.2261,4.350497,335.39517,4.353566,329.01465,4.178333,342.3615,4.356388,357.72507,4.145109,328.11734,4.2243876,316.73264,4.3638296
CN(C)c1ccc(-c2nc(-c3ccccc3)n3ccccc23)cc1,ClC(Cl)Cl,314.0,4.47,361.41415,4.141898,376.747,4.072216,364.9253,4.107799,368.6468,4.1078553,371.44745,4.1351743,370.84158,3.951329,398.11612,3.927911,391.35028,4.1728263,374.56006,4.1122217,365.49432,4.116309
COc1ccc(-c2cc(-c3ccc(C(F)(F)F)cc3)nn2C)cc1,ClCCl,262.0,4.541479395,259.75452,4.4211435,270.44244,4.3776126,267.45068,4.414078,259.2062,4.366363,262.24448,4.278212,262.5102,4.343692,261.04657,4.394637,276.7567,4.4254575,257.5272,4.289419,261.26886,4.4444957
COc1ccc(-c2cc(-c3ccc(C#N)cc3)nn2C)cc1,ClCCl,281.0,4.547860818,272.02142,4.538358,284.85162,4.5983944,280.51724,4.539772,287.82025,4.5355973,275.19632,4.530826,264.76514,4.4857883,279.2876,4.6640587,293.52863,4.541468,264.23285,4.494314,277.17654,4.603754
CN(C)c1ccc(-c2cc(-c3ccccc3)nn2C)cc1,ClCCl,280.0,4.465144817,276.4359,4.5788083,288.6941,4.68301,264.89343,4.5589647,282.3292,4.6927013,295.89407,4.6351423,276.25092,4.6474886,281.5868,4.65686,312.81027,4.6322937,294.54187,4.672461,285.4707,4.6891565
c1ccc2cc3c(cc2c1)-c1cccc2cc4ccccc4c-3c12,CCCCCCC,469.0,4.222716471,414.21,4.0930343,412.74237,4.135454,435.1607,4.345792,445.8359,4.090183,422.61176,4.0204616,435.22607,4.0841713,422.5695,4.150079,426.15353,4.001251,415.00577,4.1033297,417.27148,3.9530373
c1ccc2cc3c(cc2c1)-c1cccc2c1c-3cc1ccccc12,CCCCCCC,400.0,4.204119983,396.03778,4.2153163,392.51886,4.274292,392.31308,4.3415475,408.01694,4.1408415,400.71606,4.068537,428.52173,4.216316,403.97012,4.265513,428.05746,4.194741,406.3942,4.188494,412.8428,4.1240253
c1cc2c3c(cccc3c1)-c1c-2ccc2ccc3ccccc3c12,CCCCCCC,408.0,4.624282096,391.14807,4.1308236,402.94028,4.058861,396.22012,3.6169415,393.9566,4.3426123,410.57202,3.9809182,396.76993,3.8050666,410.106,4.3462796,402.47296,4.1597023,417.02884,3.9698625,400.92416,3.899384
CC1(C)CC(/C=C/c2ccc(-n3cccn3)cc2)=CC(=C(C#N)C#N)C1,c1ccccc1,407.0,5.571708832,406.4871,5.2923036,394.26544,5.293063,409.05145,5.315979,400.76538,5.36583,397.25107,5.447377,397.40308,5.365335,405.76218,5.2859135,422.1169,5.3936653,410.57935,5.1754055,411.51352,5.3657703
CC1(C)CC(/C=C/c2ccc(-n3cccn3)cc2)=CC(=C(C#N)C#N)C1,ClCCl,404.0,5.514547753,401.61115,5.2799997,388.84125,5.4155054,399.38214,5.318014,395.62207,5.3793154,391.6122,5.4598303,396.1292,5.3826437,404.46487,5.353833,409.45483,5.4132357,402.19937,5.291818,408.39227,5.3768754
CC1(C)CC(/C=C/c2ccc(-n3cccn3)cc2)=CC(=C(C#N)C#N)C1,C1CCOC1,405.0,5.564666064,401.68323,5.271181,387.99924,5.3521647,403.69836,5.279659,400.9096,5.345278,391.22537,5.379043,391.49777,5.3140073,398.24585,5.2804728,412.24118,5.3890224,406.31863,5.1807537,406.39325,5.320869
CC1(C)CC(/C=C/c2ccc(-n3cccn3)cc2)=CC(=C(C#N)C#N)C1,CCOC(C)=O,403.0,5.5774918,396.539,5.296149,387.33313,5.351179,398.22537,5.318831,392.98184,5.375362,389.0763,5.3794985,389.91092,5.348095,397.404,5.308763,410.01468,5.388317,403.01636,5.191772,401.1363,5.320777
CC1(C)CC(/C=C/c2ccc(-n3cccn3)cc2)=CC(=C(C#N)C#N)C1,CCO,404.0,5.46686762,406.0816,5.3443837,388.47992,5.3719006,399.53983,5.321277,401.3881,5.436079,395.4162,5.461986,390.52747,5.3366923,400.101,5.3208027,408.98117,5.3900433,404.2446,5.199185,401.8564,5.3577456
CC1(C)CC(/C=C/c2ccc(-n3cccn3)cc2)=CC(=C(C#N)C#N)C1,CC#N,397.0,5.5132176,393.7168,5.34254,385.97913,5.376606,396.19998,5.3417253,388.10977,5.537284,390.61407,5.4549565,397.70157,5.5320826,399.45447,5.354454,409.66742,5.4051743,401.18213,5.251584,405.37842,5.3099594
CC1(C)CC(/C=C/c2ccc(-n3cncn3)cc2)=CC(=C(C#N)C#N)C1,c1ccccc1,395.0,5.703291378,398.3441,5.324905,386.23355,5.253476,392.16034,5.23288,398.69073,5.36327,388.575,5.415148,393.60193,5.3190355,399.61914,5.239924,412.39062,5.383239,396.88123,5.17458,408.559,5.3386602
CC1(C)CC(/C=C/c2ccc(-n3cncn3)cc2)=CC(=C(C#N)C#N)C1,ClCCl,391.0,5.691965103,392.8165,5.3159494,383.18906,5.3968215,382.9119,5.2323413,393.57248,5.3968782,382.92282,5.4261785,393.3043,5.347252,398.61978,5.3201427,399.78177,5.4024916,389.21796,5.3086886,405.58893,5.3524284
CC1(C)CC(/C=C/c2ccc(-n3cncn3)cc2)=CC(=C(C#N)C#N)C1,C1CCOC1,394.0,5.73239376,392.66254,5.297783,381.77066,5.327196,387.2958,5.2091274,397.2098,5.3377695,382.34943,5.344047,388.56778,5.2788463,392.39185,5.2437477,402.81192,5.377789,392.84903,5.188518,403.5116,5.2937465
CC1(C)CC(/C=C/c2ccc(-n3cncn3)cc2)=CC(=C(C#N)C#N)C1,CCOC(C)=O,390.0,5.725911632,388.82864,5.3271117,381.9038,5.3303485,384.3068,5.256833,390.7734,5.391593,380.24,5.345417,387.6691,5.309804,392.24698,5.271429,401.05463,5.3790975,390.08875,5.2032,398.67953,5.2967944
CC1(C)CC(/C=C/c2ccc(-n3cncn3)cc2)=CC(=C(C#N)C#N)C1,CCO,392.0,5.694605199,397.82684,5.37587,382.4358,5.348979,382.80612,5.236621,398.59897,5.4329524,386.5816,5.431226,387.7697,5.295413,394.33444,5.285272,399.3845,5.379518,390.43353,5.2076225,399.70087,5.333827
CC1(C)CC(/C=C/c2ccc(-n3cncn3)cc2)=CC(=C(C#N)C#N)C1,CC#N,390.0,5.679427897,384.9577,5.3722315,380.40457,5.3583736,380.90265,5.2652416,383.93573,5.5177927,382.53586,5.4256487,395.30566,5.478208,394.30515,5.3172097,400.15912,5.393694,388.79794,5.262219,403.1486,5.287176
Nc1nc2ccc(F)cc2[n+]([O-])n1,CC#N,415.0,3.807,417.91306,3.8877687,422.56155,3.7043226,421.72766,3.8786452,425.74646,3.7187817,435.62155,3.740547,418.48514,3.9892519,433.72565,3.8247848,409.89935,3.989236,425.12534,3.805056,421.24182,3.6913419
Nc1nc2ccc(F)cc2[n+]([O-])n1,O,422.0,3.749,411.1159,3.8148453,420.46848,3.6815667,422.0157,3.7919025,431.39288,3.7493358,433.20697,3.656962,421.23795,3.8297417,426.03653,3.76488,403.8064,3.8603573,407.00333,3.6871715,408.94128,3.6493042
COc1ccc(-c2c3ccc(=[N+]4CCCCC4)cc-3oc3cc(N4CCCCC4)ccc23)cc1,ClCCl,562.0,5.067070856,571.8314,5.0654373,572.3892,4.972963,579.06036,5.0041976,574.0293,5.0838666,574.19336,5.0278683,571.0243,5.029019,580.9049,5.0239024,584.4585,4.9882708,570.89514,4.97815,562.2717,5.051387
COc1cccc(OC)c1-c1c2ccc(=[N+]3CCCCC3)cc-2oc2cc(N3CCCCC3)ccc12,ClCCl,565.0,4.941014244,573.6683,5.0980873,570.56354,4.969254,571.2465,5.0082755,552.7043,4.9297976,568.95416,4.9856477,578.61835,5.041525,582.3207,4.9429994,571.7658,5.0118427,555.02734,4.9351444,548.6642,4.977748
Cc1ccccc1-c1c2ccc(=[N+]3CCCCC3)cc-2oc2cc(N3CCCCC3)ccc12,ClCCl,565.0,5.092018471,561.2398,5.0835114,567.2961,4.987323,573.355,5.0596647,567.11145,5.0703063,563.7146,5.024179,571.5488,5.044131,572.0838,5.0435066,576.2156,5.004126,561.5432,4.9711485,550.78644,5.04215
CC(C)(C)OC(=O)N1CCN(c2ccc3c(-c4ccc(I)cc4)c4ccc(=[N+]5CCN(C(=O)OC(C)(C)C)CC5)cc-4oc3c2)CC1,ClCCl,561.0,4.891537458,553.1915,5.082508,563.51306,4.998588,562.7628,5.058679,567.8705,5.044305,565.01294,5.1148477,556.9078,5.035651,565.1627,5.12542,585.03577,5.0747895,553.62695,5.034686,556.22925,5.088018
COc1ccc(-c2c3ccc(=[N+]4CCCCC4)cc-3oc3cc(N4CCCCC4)ccc23)cc1,CCO,561.0,5.001733713,571.1488,4.949802,570.8704,4.9180484,576.91205,4.8454094,573.9199,4.9436545,576.2136,4.975843,568.56586,4.9347887,578.4803,4.9663363,582.49585,4.981968,566.7822,4.9279046,561.2154,4.9504304
Cc1ccccc1-c1c2ccc(=[N+]3CCCCC3)cc-2oc2cc(N3CCCCC3)ccc12,CCO,564.0,5.077367905,560.3292,4.9419694,565.74835,4.9306026,570.3476,4.917729,566.15454,4.9502363,566.4446,4.9714785,570.39233,4.947019,569.53253,4.9849176,574.03455,4.9978266,557.2003,4.9175153,548.758,4.9487495
Oc1cccc(O)c1-c1c2ccc(=[N+]3CCCCC3)cc-2oc2cc(N3CCCCC3)ccc12,CCO,557.0,4.851258349,563.6902,4.752286,551.65845,4.8513465,562.2473,4.7960186,554.8065,4.7523293,574.3143,4.8763857,577.727,4.9138885,571.44824,4.910281,575.0117,4.9788237,551.18976,4.8071923,568.1119,4.8823357
O=C(O)COc1cccc(OCC(=O)O)c1-c1c2ccc(=[N+]3CCCCC3)cc-2oc2cc(N3CCCCC3)ccc12,CCO,557.0,4.928395852,581.7944,4.776037,593.91486,4.8282986,607.42645,4.8615637,573.2609,4.735778,594.5147,4.8058305,621.5532,4.8876085,623.9203,4.8569083,591.9542,4.9753838,607.0294,4.855838,577.8634,4.808064
COc1cccc(OC)c1-c1c2ccc(=[N+]3CCNCC3)cc-2oc2cc(N3CCNCC3)ccc12,CCO,561.0,4.908485019,543.34705,4.875207,540.87317,4.85861,551.69556,4.8774652,515.0114,4.7875395,546.7769,4.8459487,559.1356,4.9871182,556.12396,4.858147,558.3895,5.0500364,523.9972,4.866348,541.9412,4.930793
O=C(O)COc1cccc(OCC(=O)O)c1-c1c2ccc(=[N+]3CCCCC3)cc-2oc2cc(N3CCCCC3)ccc12,O,567.0,4.883661435,578.48755,4.674293,587.29144,4.747043,595.751,4.7300134,560.25104,4.604088,597.89844,4.7022924,616.3507,4.799316,624.3234,4.756811,601.0027,4.893524,607.40485,4.7786527,570.4522,4.7609186
COc1cccc(OC)c1-c1c2ccc(=[N+]3CCNCC3)cc-2oc2cc(N3CCNCC3)ccc12,O,542.0,4.854306042,538.3169,4.779785,539.91534,4.759076,541.37134,4.814697,500.2113,4.699377,542.1616,4.693014,558.7429,4.8861036,558.0801,4.760474,568.92554,4.946287,535.2986,4.7783084,534.98816,4.831915
CCCCCCCCn1c(=O)c2cc3c(-c4ccc(N(c5ccccc5)c5ccccc5)cc4)c4cc5c(=O)n(CCCCCCCC)c(=O)c5cc4c(-c4ccc(N(c5ccccc5)c5ccccc5)cc4)c3cc2c1=O,ClC(Cl)Cl,479.0,3.447158031,541.89795,4.3344874,518.9724,4.16162,526.37213,4.1330667,579.7898,4.359838,551.8853,4.248484,541.75287,4.1792893,538.9958,4.398511,544.73126,4.3880906,542.76465,4.3382,571.5925,4.4541807
CCCCCCCCn1c(=O)c2cc3cc4cc5c(=O)n(CCCCCCCC)c(=O)c5cc4c(-c4ccc(N(c5ccccc5)c5ccccc5)cc4)c3cc2c1=O,ClC(Cl)Cl,427.0,4.045322979,512.8836,4.3323503,479.5036,4.169779,498.22287,4.133035,523.3005,4.3815117,505.9841,4.1585426,498.64188,4.1281075,491.71677,4.2421637,496.7082,4.3763313,493.20032,4.2704134,524.51843,4.49179
CCCCCCCCn1c(=O)c2cc3c(C#Cc4ccc(N(c5ccccc5)c5ccccc5)cc4)c4cc5c(=O)n(CCCCCCCC)c(=O)c5cc4c(C#Cc4ccc(N(c5ccccc5)c5ccccc5)cc4)c3cc2c1=O,ClC(Cl)Cl,582.0,4.51851394,586.36053,4.395745,585.02686,4.343563,547.5593,4.201688,592.6571,4.543027,563.2608,4.269461,574.5918,4.3300085,569.4701,4.4564204,582.0127,4.5396576,565.73254,4.432746,593.97644,4.6388984
F[B-]1(F)n2c(cc(Cl)c2-c2ccccc2)C(c2ccccc2)=C2C=C(Cl)C(c3ccccc3)=[N+]21,Cc1ccccc1,572.0,4.85308953,591.3318,4.8458295,577.718,4.6350546,606.0688,4.677654,598.6712,4.7337246,601.8999,4.641186,590.3395,4.6667104,597.6743,4.674876,599.909,4.691999,603.4592,4.6495852,596.5293,4.7164593
F[B-]1(F)n2c(cc(Cl)c2-c2ccccc2)C(c2ccccc2)=C2C=C(Cl)C(c3ccccc3)=[N+]21,C1CCOC1,566.0,4.828015064,582.83435,4.775613,575.03125,4.65354,601.2059,4.6610165,590.39685,4.686383,595.1542,4.62859,585.1156,4.654093,587.0962,4.67313,595.539,4.676008,596.7693,4.6489954,585.9171,4.6615376
F[B-]1(F)n2c(cc(Cl)c2-c2ccccc2)C(c2ccccc2)=C2C=C(Cl)C(c3ccccc3)=[N+]21,CC#N,558.0,4.712649702,580.9099,4.6987867,569.1809,4.6191344,594.175,4.581921,582.5217,4.5971117,586.57886,4.6114225,579.03687,4.5999255,584.12756,4.65027,593.0215,4.6640286,588.37335,4.646519,577.94415,4.6284475
F[B-]1(F)n2c(cc(-c3ccccc3)c2-c2ccccc2)C(c2ccccc2)=C2C=C(c3ccccc3)C(c3ccccc3)=[N+]21,Cc1ccccc1,592.0,4.829303773,597.694,4.6547203,593.618,4.58838,598.2731,4.559837,605.9962,4.6835012,607.3721,4.5523086,593.7155,4.6525183,615.7601,4.6057057,603.09705,4.6837683,603.63696,4.4874196,608.2353,4.5670347
F[B-]1(F)n2c(cc(-c3ccccc3)c2-c2ccccc2)C(c2ccccc2)=C2C=C(c3ccccc3)C(c3ccccc3)=[N+]21,C1CCOC1,586.0,4.737192643,592.8744,4.6517386,591.0791,4.614248,594.11597,4.5374413,599.35754,4.6131353,602.1913,4.528102,588.22235,4.6597676,605.5877,4.6066008,598.35583,4.6663084,596.0685,4.458503,597.6512,4.511567
F[B-]1(F)n2c(cc(-c3ccccc3)c2-c2ccccc2)C(c2ccccc2)=C2C=C(c3ccccc3)C(c3ccccc3)=[N+]21,CC#N,576.0,4.756636108,590.52423,4.4580903,583.85156,4.5916777,586.8064,4.494609,594.3484,4.5653176,592.40784,4.524498,582.0824,4.609529,601.57043,4.5800376,595.7796,4.6540456,587.99554,4.4595704,588.15094,4.4989533
O=C1c2ccc3c4c(-c5ccccc5)cc5c6c(ccc(c7c(-c8ccccc8)cc(c2c37)C(=O)N1C1CCCCC1)c64)C(=O)N(C1CCCCC1)C5=O,ClC(Cl)Cl,556.0,4.545307116,575.1062,4.4798884,561.69543,4.5999613,587.4962,4.6316357,596.14795,4.4990945,599.64954,4.260192,584.31726,4.669154,589.5892,4.4161634,557.9706,4.5047054,591.35,4.4144197,569.2904,4.4682255
O=C1c2ccc3c4c(NC5CCCCC5)cc5c6c(ccc(c7c(NC8CCCCC8)cc(c2c37)C(=O)N1C1CCCCC1)c64)C(=O)N(C1CCCCC1)C5=O,ClC(Cl)Cl,703.0,4.501059262,621.7503,4.4708,549.219,4.573827,551.13446,4.647304,605.952,4.5300984,561.50116,4.243412,548.3966,4.5696096,587.18115,4.4263225,574.9028,4.5445175,579.95245,4.475252,605.2434,4.4245687
CCCCCCCCCCCCOc1cc2c3c(ccc4c5c(OC6CCC(C(C)(C)C)CC6)cc6c7c(ccc(c1c34)c75)C(=O)N(C1CCCCC1)C6=O)C(=O)N(C1CCCCC1)C2=O,ClC(Cl)Cl,558.0,4.710963119,583.0512,4.557291,548.77985,4.6618404,574.5974,4.6916103,583.7866,4.714851,572.99146,4.488259,564.6597,4.731578,583.40424,4.6030154,577.7277,4.960302,573.2633,4.559679,563.98254,4.7098794
CCCCCCCCCCCCOc1cc2c3c(ccc4c5c(NC6CCCCC6)cc6c7c(ccc(c1c34)c75)C(=O)N(C1CCCCC1)C6=O)C(=O)N(C1CCCCC1)C2=O,ClC(Cl)Cl,640.0,4.5132176,605.70624,4.51605,546.5692,4.633008,561.1478,4.6585665,594.2534,4.582489,574.7252,4.401537,565.74146,4.6432867,583.57605,4.524635,574.9413,4.7819963,582.1021,4.53762,585.31494,4.558024
CCCCCCOc1cc2cc(=O)oc3ccc4cccc1c4c23,CC1CCCO1,460.0,4.5132176,470.34094,4.21628,441.71448,4.358679,471.64655,4.4818187,468.8858,4.387011,434.36273,4.4151993,453.58643,4.3635626,461.93668,4.3668904,460.27585,4.4552503,478.92386,4.3867164,444.73392,4.4760838
COc1cc2oc(=O)c3c4ccc(N(C)C)cc4c4ccc5cccc6c(c1)c2c3c4c56,C1CCOC1,480.0,4.048053173,459.06,4.165958,455.5651,4.2192807,458.17264,4.171504,465.84506,4.142506,475.54898,4.138131,456.9071,4.055374,471.28677,4.106285,443.297,4.3766465,482.91693,4.2655883,449.9137,4.08363
CCCCCOc1cc2oc(=O)c3c4ccc(N(c5ccc(C)cc5)c5ccc(C)cc5)cc4c4ccc5cccc6c(c1)c2c3c4c56,C1CCOC1,487.0,4.108903128,499.30313,4.1213174,492.677,4.115068,490.99557,3.983064,500.2483,4.1492324,513.54517,4.10553,500.3467,4.1606464,500.55692,4.1314974,493.48053,4.3781123,523.3784,4.269903,480.41794,4.254049
CCCCCCc1ccc(-n2c3c(c4c2c2c(n4-c4ccc(CCCCCC)cc4)-c4cccc(OC)c4NB2c2ccccc2)B(c2ccccc2)Nc2c(OC)cccc2-3)cc1,Cc1ccccc1,382.0,4.774516966,392.91257,4.815396,402.42645,4.905171,392.24866,4.753961,403.53275,4.729087,392.97998,4.7249293,380.97534,4.672209,350.7622,4.764448,387.03967,4.849476,404.64502,4.709823,420.11337,4.7575035
F[B-]1(F)n2c(-c3ccccc3)cc(-c3ccccc3)c2N=C2C(c3ccccc3)=CC(c3ccccc3)=[N+]21,CC#N,643.0,4.88592634,649.85486,4.8181796,649.605,4.865882,661.8165,4.8535876,659.3241,4.776611,662.9685,4.8674774,654.51807,4.9230394,674.9997,4.896114,665.30695,4.8550014,644.72656,4.9084396,668.5227,4.8991365
F[B-]1(F)n2c(-c3cccs3)cc(-c3ccccc3)c2N=C2C(c3ccccc3)=CC(c3cccs3)=[N+]21,CC#N,710.0,5.035829825,719.4099,4.9621677,708.0078,4.9819417,711.8214,4.9800887,706.1066,4.950347,713.2693,4.9486732,715.0228,4.994939,713.30457,4.9974775,715.099,5.0003643,707.1228,4.9089723,724.7019,4.9615345
C(#Cc1nc2ccccc2s1)c1ccc(N(c2ccccc2)c2ccccc2)cc1,Cc1ccccc1,388.0,4.574031268,370.403,4.4893456,380.49353,4.554696,365.01807,4.5540566,381.93085,4.6280785,384.36304,4.626652,374.88037,4.682026,390.43182,4.596019,377.23672,4.5741453,367.27338,4.634197,370.60104,4.2975726
C(#Cc1ccc2ncsc2c1)c1ccc(N(c2ccc(C#Cc3ccc4ncsc4c3)cc2)c2ccc(C#Cc3ccc4ncsc4c3)cc2)cc1,Cc1ccccc1,380.0,4.959041392,405.89862,4.890544,391.84662,4.8351736,396.51477,4.6390967,397.4567,4.704165,390.20123,4.5781693,388.88943,4.9365406,391.55334,4.8035154,382.84695,4.8720427,387.59454,4.533752,385.63278,4.846178
O=Cc1ccc(C2=C3C=c4c(oc5ccccc45)=[N+]3[B-](F)(F)n3c2cc2c4ccccc4oc23)cc1,C1CCCCC1,592.5,5.136720567,588.34796,5.3524528,591.0127,5.1604323,592.4863,5.2934427,585.46576,5.2889853,584.33527,5.275021,590.9701,5.2546954,594.35315,5.223782,590.3381,5.269063,595.307,5.2011986,593.82117,5.3021374
O=Cc1ccc(C2=C3C=c4c(oc5ccccc45)=[N+]3[B-](F)(F)n3c2cc2c4ccccc4oc23)cc1,Cc1ccccc1,597.0,5.045322979,584.9092,5.349659,592.98035,5.155876,594.74756,5.2683134,590.1622,5.3157215,581.54675,5.2638197,596.0927,5.23542,594.3384,5.224962,594.3895,5.263409,588.79755,5.1811795,599.8461,5.2762794
O=Cc1ccc(C2=C3C=c4c(oc5ccccc45)=[N+]3[B-](F)(F)n3c2cc2c4ccccc4oc23)cc1,C1CCOC1,589.0,5.029383778,587.47235,5.30766,587.8899,5.1051407,590.4542,5.2312355,584.04205,5.23257,574.3409,5.2476716,586.63293,5.213445,589.0195,5.19739,589.9391,5.2370973,587.14966,5.1534066,588.7799,5.2577577
O=Cc1ccc(C2=C3C=c4c(oc5ccccc45)=[N+]3[B-](F)(F)n3c2cc2c4ccccc4oc23)cc1,CCOC(C)=O,587.0,5.075546961,583.77246,5.2550144,584.1636,5.0428553,586.00385,5.2026157,580.15173,5.1886783,572.7843,5.2184753,584.1001,5.158293,583.896,5.1357017,586.174,5.232603,581.44666,5.100449,586.5194,5.2069206
O=Cc1ccc(C2=C3C=c4c(oc5ccccc45)=[N+]3[B-](F)(F)n3c2cc2c4ccccc4oc23)cc1,ClCCl,593.5,5.021189299,580.2108,5.279519,586.58264,5.097103,588.9706,5.209203,585.2395,5.2379727,573.6508,5.256081,585.2377,5.206335,587.7392,5.208095,588.82623,5.256954,583.8001,5.162121,588.4561,5.2714386
O=Cc1ccc(C2=C3C=c4c(oc5ccccc45)=[N+]3[B-](F)(F)n3c2cc2c4ccccc4oc23)cc1,CN(C)C=O,589.0,4.958563883,581.1137,5.1807613,588.34534,5.0016565,592.53625,5.1344757,583.5049,5.200396,577.1245,5.208104,585.5704,5.143382,588.7175,5.1669574,592.22406,5.228264,585.3388,5.1181135,589.7622,5.1994724
O=Cc1ccc(C2=C3C=c4c(oc5ccccc45)=[N+]3[B-](F)(F)n3c2cc2c4ccccc4oc23)cc1,CC#N,585.5,4.939519253,582.83594,5.2303414,586.54333,5.0452175,590.5183,5.1946044,579.84143,5.235251,574.33795,5.188858,584.5172,5.190191,585.5263,5.167595,587.4627,5.228955,581.9191,5.141499,584.0565,5.2059903
O=Cc1ccc(C2=C3C=c4c(oc5ccccc45)=[N+]3[B-](F)(F)n3c2cc2c4ccccc4oc23)cc1,CO,583.0,5.045322979,581.60504,5.2428517,583.5962,5.070347,587.03784,5.2004657,577.75385,5.200869,571.30383,5.2184196,581.50525,5.154063,583.0222,5.1473618,587.9932,5.257639,580.0753,5.12061,584.9825,5.226535
CCCCCCOc1ccc2oc3c(c2c1)=CC1=C(c2ccccc2C)c2cc4c5cc(OCCCCCC)ccc5oc4n2[B-](F)(F)[N+]=31,CO,585.0,5.181843588,592.7912,5.2390976,597.17944,5.0549917,593.28894,5.132177,593.91077,5.1425424,586.2915,5.2745485,587.6976,5.2272506,596.15234,5.246409,613.8997,5.3468976,596.4601,5.2288985,601.45,5.207466
CCCCCCOc1ccc2oc3c(c2c1)=CC1=C(c2ccccc2C)c2cc4c5cc(OCCCCCC)ccc5oc4n2[B-](F)(F)[N+]=31,CCOC(C)=O,587.0,5.195899652,591.4115,5.21891,597.1146,5.0251284,595.4861,5.1578927,595.4873,5.1551323,587.3525,5.2763457,591.10974,5.216475,596.8758,5.238898,612.1177,5.3320894,596.9046,5.2145495,604.0656,5.2006893
CCCCCCOc1ccc2oc3c(c2c1)=CC1=C(c2ccccc2C)c2cc4c5cc(OCCCCCC)ccc5oc4n2[B-](F)(F)[N+]=31,C1CCCCC1,592.0,5.278753601,596.6547,5.328272,606.6435,5.1450257,602.43243,5.284102,603.42426,5.242145,598.9681,5.334855,598.66925,5.3283906,607.19196,5.332646,615.9117,5.3690634,610.0619,5.316664,611.32605,5.2944603
Nc1ccc2c(c1)oc(=O)c1c(=O)oc3ccccc3c12,ClCCl,411.0,4.301029996,414.71487,3.9626143,420.29202,3.9263577,424.4927,4.0853024,404.18924,4.22484,408.8602,3.9847505,421.52307,3.9385662,426.45303,4.0889835,391.84976,4.1327586,403.78766,3.8381317,391.50317,4.0434155
Nc1ccc2c(c1)oc(=O)c1c(=O)oc3ccccc3c12,CS(C)=O,438.0,4.235528447,427.89227,3.971431,435.77365,3.9435668,428.59073,3.9165704,407.019,3.9136536,421.20053,3.964242,420.8782,3.8834984,430.2274,4.0285854,404.1516,4.135074,415.43518,3.9360979,402.64606,4.1047754
CCNc1cc2oc(=O)c3c(=O)oc4ccccc4c3c2cc1C,ClCCl,441.0,4.434568904,386.93265,4.2617993,423.79858,4.319985,435.71002,4.198048,420.7532,4.4560423,418.99573,4.172125,418.01587,4.0993433,399.5289,4.3055205,392.24475,4.24889,387.26517,4.1651635,410.31348,4.3390536
CCNc1cc2oc(=O)c3c(=O)oc4ccccc4c3c2cc1C,CS(C)=O,454.0,4.437750563,396.7053,4.2551327,430.19293,4.2392626,438.11563,3.997334,422.7792,4.3076077,431.51773,4.175705,418.51193,4.015225,401.83005,4.2630897,402.44443,4.2288914,402.6471,4.1967106,418.98975,4.287029
CCCCCCCCCCCCN(CCCCCCCCCCCC)c1ccc2c(c1)oc(=O)c1c(=O)oc3ccccc3c12,ClCCl,463.0,4.481442629,445.27972,4.664256,454.8918,4.567288,469.02917,4.519405,456.786,4.637379,444.22302,4.58936,470.04248,4.630499,472.13266,4.581177,433.351,4.859935,441.92618,4.6511674,454.42123,4.665861
CCCCCCCCCCCCN(CCCCCCCCCCCC)c1ccc2c(c1)oc(=O)c1c(=O)oc3ccccc3c12,CS(C)=O,464.0,4.494154594,448.80957,4.5334573,459.18365,4.525413,475.90952,4.5029263,463.59668,4.615758,448.48068,4.533275,472.61414,4.525396,467.1952,4.4821916,436.03513,4.863687,448.75632,4.5872154,468.0245,4.635711
CCN(CC)c1ccc2c(c1)oc(=O)c1c(=O)oc3cc(C#Cc4ccc(C#N)cc4)ccc3c12,ClCCl,476.0,4.414973348,448.6989,4.558073,444.06473,4.644087,455.46817,4.751834,438.9801,4.7343936,441.83408,4.709482,436.46558,4.635877,451.6618,4.6473536,452.71722,4.744089,439.29123,4.7067513,441.065,4.667926
CCN(CC)c1ccc2c(c1)oc(=O)c1c(=O)oc3cc(C#Cc4ccc(C#N)cc4)ccc3c12,CS(C)=O,481.0,4.383815366,453.55374,4.3932137,450.7186,4.5317445,454.3425,4.6267715,440.95068,4.733138,453.01123,4.631029,446.8971,4.4968834,450.03705,4.5802293,459.7415,4.699926,442.1554,4.626704,459.67175,4.5406175
CC[N+](CC)=c1ccc2c(-c3ccccc3C(=O)O)c3oc4cc(N)ccc4c3oc-2c1,ClCCl,581.0,4.64738297,583.45087,4.8114104,600.136,4.8229504,622.1232,4.9127226,620.51465,4.648228,593.8501,4.843204,578.32776,4.768862,590.2108,4.8419085,596.308,4.9323187,598.2903,4.8062773,606.2483,4.8293543
CC[N+](CC)=c1ccc2c(-c3ccccc3C(=O)O)c3oc4cc(N)ccc4c3oc-2c1,CCO,572.0,5.054613055,577.80383,4.4255166,596.0269,4.7618775,611.15765,4.748582,623.6225,4.5578127,594.01465,4.8062506,575.26404,4.6758666,586.33386,4.776945,595.963,4.9165697,592.76465,4.7368593,604.20844,4.7163725
CC[N+](CC)=c1ccc2c(-c3ccccc3C(=O)O)c3oc4cc(N)ccc4c3oc-2c1,O,581.0,4.853698212,576.72125,4.5681844,586.4258,4.697945,605.9089,4.725852,610.4696,4.608708,595.2293,4.6450777,568.90326,4.594941,587.3857,4.660493,606.6609,4.824018,594.7298,4.64826,598.7937,4.621412
CCOC(=O)c1ccccc1-c1c2ccc(=[N+](CC)CC)cc-2oc2c1oc1cc(N)ccc12,ClCCl,587.0,4.870403905,602.0609,4.925887,608.4954,4.8610315,637.18506,5.00626,619.4751,4.785974,606.17566,4.858176,589.5185,4.817667,593.6645,4.8676753,597.32196,4.9322405,605.6078,4.7994514,606.32324,4.877998
CCOC(=O)c1ccccc1-c1c2ccc(=[N+](CC)CC)cc-2oc2c1oc1cc(N)ccc12,CCO,590.0,5.124504225,597.3607,4.6041484,603.656,4.798932,625.33386,4.8339553,617.85803,4.562876,606.0822,4.821731,586.3328,4.728732,589.7285,4.8013353,596.9777,4.9165816,600.25604,4.728874,604.1476,4.7680254
CCOC(=O)c1ccccc1-c1c2ccc(=[N+](CC)CC)cc-2oc2c1oc1cc(N)ccc12,O,588.0,4.938519725,594.2328,4.6636715,594.80804,4.7312737,619.8744,4.791083,617.5023,4.721595,605.3725,4.6616254,579.9739,4.639569,590.0232,4.692853,607.1918,4.8242774,600.6508,4.6496015,599.4077,4.665712
F[B-]1(F)n2c(Cl)c(Cl)c(Br)c2C(Cl)=C2C(Br)=C(Cl)C(Cl)=[N+]21,ClCCl,546.0,4.87,502.47128,4.565157,545.6445,4.7353706,561.2783,4.7224045,528.8452,4.767366,543.753,4.7598805,543.0766,4.737501,526.1915,4.5517797,538.9763,4.7256,526.7264,4.710858,551.06946,4.755874
F[B-]1(F)n2c(Oc3ccccc3)c(Cl)c(Br)c2C(Oc2ccccc2)=C2C(Br)=C(Cl)C(Oc3ccccc3)=[N+]21,ClCCl,533.0,5.1,436.9179,4.359428,440.20682,4.3262753,463.91116,4.495459,445.33548,4.3469677,436.80475,4.4437227,444.7129,4.5091925,467.27667,4.5360065,460.589,4.3696785,471.62338,4.6320276,476.40753,4.5167704
CC1(C)C(/C=C/C2=C(c3ccc(C(=O)O)cc3)/C(=C/C=C3/N(CCCCS(=O)(=O)[O-])c4ccc(S(=O)(=O)[O-])cc4C3(C)C)CCC2)=[N+](CCCCS(=O)(=O)[O-])c2ccc(S(=O)(=O)[O-])cc21,CO,770.0,5.342422681,793.0326,5.422281,779.17554,5.205322,822.95703,5.333864,812.6773,5.4559546,821.5835,5.39332,801.83484,5.4696836,822.3353,5.4324017,816.57086,5.3500977,754.5772,5.1471186,828.557,5.4770846
CCOC(=O)c1cc2ccc3ccccc3c2c(C#N)c1N,Cc1ccccc1,435.0,4.0,432.43405,4.5125365,430.23782,3.974495,424.11182,4.4426622,434.88098,4.5323396,432.96967,4.272957,433.12714,4.3488717,418.46167,4.4211354,404.93915,4.0965924,432.73938,3.7050273,425.4108,4.418837
COc1ccc(C2=[N+]3C(=Nc4c(-c5cc(OC)c(OC)c(OC)c5)c(Br)c(-c5ccc(OC)cc5)n4[B-]3(F)F)C(c3cc(OC)c(OC)c(OC)c3)=C2Br)cc1,Cc1ccccc1,689.0,4.861534411,684.82043,4.916151,689.15796,4.903572,697.26917,4.9007187,696.66986,4.9440966,707.54144,4.849678,692.5109,4.9435263,689.6898,4.920212,703.92883,4.861722,680.2652,4.9081116,699.2875,4.8775134
COc1ccc2c3c(c4ccc(C(C)(C)C)cc4c2c1)=C(c1cc(OC)c(OC)c(OC)c1)C1=Nc2c(-c4cc(OC)c(OC)c(OC)c4)c4c5ccc(C(C)(C)C)cc5c5cc(OC)ccc5c4n2[B-](F)(F)[N+]=31,Cc1ccccc1,797.0,5.211387553,767.7293,5.2387667,783.6633,5.0133843,788.118,5.107171,772.4853,5.094791,803.5725,5.0008698,795.6771,5.1474743,782.3446,5.0819707,768.92773,5.1862373,778.70245,5.188241,811.9813,5.05617
Nc1cc2oc3cc(O)c(F)cc3c(=O)c2cc1F,CCO,366.0,4.593286067,381.12274,3.8638012,381.32053,4.1970353,383.9984,4.2887444,379.2569,4.220043,380.80762,4.010607,389.86047,4.152702,379.5863,4.1660695,366.73285,4.322074,373.0855,4.036496,368.31705,4.031886
CN(C)c1ccc(C2=CC3=C(c4ccc([N+](=O)[O-])cc4)[C@H]4c5ccccc5[C@]3(S2)c2ccccc24)cc1,ClCCl,484.0,4.301029996,435.95642,4.3862834,427.11478,4.281536,422.51074,4.361849,441.1865,4.406372,435.88327,4.24913,429.35443,4.4082346,441.202,4.316163,436.808,4.286477,417.8234,4.408816,418.94135,4.440506
CN(C)c1ccc(C2=C3C=C(c4ccc(C#N)cc4)S[C@]34c3ccccc3[C@H]2c2ccccc24)cc1,ClCCl,451.0,4.301029996,421.32852,4.3765616,462.40015,4.158814,454.32568,4.368546,495.13367,4.4444237,448.38843,4.270503,459.8146,4.2908773,457.91815,4.30534,451.63446,4.311831,426.0723,4.3283825,459.97925,4.3019276
Cc1cc(C)c(-c2nnc(-c3ccc(-n4c5ccccc5c5ccccc54)cc3)o2)c(C)c1,Cc1ccccc1,340.0,4.322219295,343.36557,4.2780733,327.7422,4.339553,338.5614,4.508593,346.8429,4.2972674,326.63495,4.4178505,337.49893,4.403027,335.25073,4.319799,327.818,4.313309,337.98636,4.3179526,327.30585,4.218382
COc1ccc2c3ccc(OC)cc3n(-c3ccc(-c4nnc(C)o4)cc3)c2c1,Cc1ccccc1,319.0,4.330413773,313.02695,4.4335847,309.34988,4.429556,319.01035,4.28003,317.7414,4.3202524,316.3368,4.4744377,306.223,4.307159,326.386,4.2897205,338.83136,4.401436,330.40198,4.5140667,315.68735,4.379401
CCCCN(CCCC)c1ccc(C#Cc2cc(C#Cc3ccc(N(CCCC)CCCC)cc3)c(C#Cc3ccc(C(F)(F)F)cc3)cc2C#Cc2ccc(C(F)(F)F)cc2)cc1,ClCCl,427.0,4.786183346,410.38513,4.663445,431.02625,4.523829,426.80655,4.537014,423.18356,4.589156,408.00916,4.6791224,423.027,4.712082,420.7782,4.6150293,437.62204,4.63454,428.1732,4.614934,421.7074,4.6157565
CCCCN(CCCC)c1ccc(C#Cc2cc(C#Cc3cc(C(F)(F)F)cc(C(F)(F)F)c3)c(C#Cc3ccc(N(CCCC)CCCC)cc3)cc2C#Cc2cc(C(F)(F)F)cc(C(F)(F)F)c2)cc1,ClCCl,456.0,4.585573519,418.85144,4.650286,427.45804,4.5834236,434.76065,4.415043,412.4261,4.7787685,393.28204,4.756252,420.83762,4.6336517,421.131,4.570044,453.57758,4.622193,431.06448,4.5374217,425.18777,4.6050105
CCCCN(CCCC)c1ccc(C#Cc2cc(C#Cc3ccc(C#N)cc3)c(C#Cc3ccc(C#N)cc3)cc2C#Cc2ccc(N(CCCC)CCCC)cc2)cc1,ClCCl,416.0,4.6599162,440.41367,4.589504,439.47546,4.5674076,441.19766,4.5479326,434.8901,4.507591,423.02603,4.650495,430.6215,4.6179194,430.93542,4.5824018,437.59192,4.6428638,437.5783,4.608427,436.3882,4.616713
CCC(CC)COC1=CC2=C3c4cc(OCC(CC)CC)c(-c5ccccc5)n4[B-](F)(F)[n+]4c3n(c3cc(C(C)(C)C)ccc34)[B-](F)(F)[N+]2=C1c1ccccc1,ClCCl,703.0,4.875061263,664.1434,4.966126,708.2245,4.9961987,677.3301,4.9702926,690.07117,5.001674,697.5974,4.937851,700.8386,5.0150833,691.05975,5.012791,694.63916,4.983206,676.63074,4.97796,675.391,4.979012
CCC(CC)COC1=CC2=C3c4cc(OCC(CC)CC)c(-c5ccccc5)n4[B-](F)(F)[n+]4c3n(c3cc(C(C)(C)C)ccc34)[B-](F)(F)[N+]2=C1c1ccccc1,C1CCOC1,702.0,4.86923172,662.82983,4.9784927,709.7228,5.0113754,679.45776,5.0114255,685.0155,5.0152817,694.4231,4.9374743,700.83325,5.0116096,689.58344,5.019131,692.347,4.9771414,676.6908,4.974668,671.9624,4.974421
CCC(CC)COC1=CC2=C3c4cc(OCC(CC)CC)c(-c5ccccc5)n4[B-](F)(F)[n+]4c3n(c3cc(C(C)(C)C)ccc34)[B-](F)(F)[N+]2=C1c1ccccc1,CC#N,694.0,4.838849091,654.3509,4.9681644,702.4035,4.972136,670.2093,4.955746,677.6246,4.966007,688.0098,4.902449,694.4464,4.96631,682.6321,4.9870534,689.93494,4.9635983,669.6016,4.964479,667.1416,4.941771
CCC(CC)COC1=CC2=C3c4cc(OCC(CC)CC)c(-c5cccs5)n4[B-](F)(F)[n+]4c3n(c3cc(C(C)(C)C)ccc34)[B-](F)(F)[N+]2=C1c1cccs1,ClCCl,791.0,5.064457989,733.6204,5.1114616,803.2455,5.203119,752.8611,5.1497936,772.3955,5.173349,784.1074,5.1518755,703.282,4.9703016,736.25415,5.144461,732.40063,5.106192,729.06836,5.1269965,761.73193,5.1815596
CCC(CC)COC1=CC2=C3c4cc(OCC(CC)CC)c(-c5cccs5)n4[B-](F)(F)[n+]4c3n(c3cc(C(C)(C)C)ccc34)[B-](F)(F)[N+]2=C1c1cccs1,C1CCOC1,792.0,5.120573931,730.058,5.127438,804.8958,5.217358,751.88824,5.175796,765.0885,5.1898575,780.723,5.1509066,703.1144,4.968907,734.83496,5.1492143,730.3301,5.0983677,729.20264,5.123041,758.2678,5.1760035
CCCCCCCc1ccc(C2=[N+]3C(=C4c5cc(OCC(CC)CC)c(-c6ccc(CCCCCCC)o6)n5[B-](F)(F)[n+]5c4n(c4cc(C(C)(C)C)ccc45)[B-]3(F)F)C=C2OCC(CC)CC)o1,ClCCl,826.0,5.190331698,700.8223,5.149794,798.78955,5.2147775,731.7718,5.174099,734.2322,5.1289463,793.1653,5.195915,718.1058,5.0353117,738.23334,5.224017,725.28577,5.151616,718.2805,5.221291,757.3228,5.23862
CCCCCCCc1ccc(C2=[N+]3C(=C4c5cc(OCC(CC)CC)c(-c6ccc(CCCCCCC)o6)n5[B-](F)(F)[n+]5c4n(c4cc(C(C)(C)C)ccc45)[B-]3(F)F)C=C2OCC(CC)CC)o1,C1CCOC1,816.0,5.227886705,700.94464,5.135214,800.40063,5.2289515,731.7915,5.1977706,728.8763,5.1492133,789.5635,5.1956162,718.0718,5.034814,738.45325,5.219906,723.41925,5.1445875,719.3451,5.2121043,754.70465,5.2292953
CCCCCCCc1ccc(C2=[N+]3C(=C4c5cc(OCC(CC)CC)c(-c6ccc(CCCCCCC)o6)n5[B-](F)(F)[n+]5nnn(c54)[B-]3(F)F)C=C2OCC(CC)CC)o1,ClCCl,826.0,5.271841607,748.7498,5.159971,797.104,5.178804,765.916,5.1652794,753.7256,5.0907907,822.12787,5.2204704,719.98193,5.0376525,761.103,5.1493993,762.4708,5.1872087,753.1958,5.1839566,783.54297,5.201759
CCCCCCCc1ccc(C2=[N+]3C(=C4c5cc(OCC(CC)CC)c(-c6ccc(CCCCCCC)o6)n5[B-](F)(F)[n+]5nnn(c54)[B-]3(F)F)C=C2OCC(CC)CC)o1,C1CCOC1,811.0,5.301029996,745.3292,5.1551623,798.55347,5.193836,763.1227,5.1776977,743.29236,5.106369,818.4336,5.220346,720.12946,5.0389543,760.23254,5.1493897,760.3263,5.1805444,753.71893,5.1779103,779.9828,5.1893983
CCCCC(CC)CN1C(=O)c2cc(Oc3ccc(C(C)(C)C)cc3)c3c4c(Oc5ccc(OC)cc5)cc5c6c(cc(Oc7ccc(OC)cc7)c(c7c(Oc8ccc(C(C)(C)C)cc8)cc(c2c37)C1=O)c64)C(=O)N(c1c(C(C)C)cccc1C(C)C)C5=O,Cc1ccccc1,581.0,4.792391689,578.84875,4.7414017,571.95776,4.7064404,586.348,4.768947,576.22986,4.683467,574.4156,4.7311296,578.7304,4.8016624,578.11066,4.726025,573.7569,4.7344117,585.8194,4.7355895,597.3981,4.7500615
CCCCOC(=O)c1cc(Oc2ccc(C(C)(C)C)cc2)c2c3c(Cl)cc4c5c(cc(Cl)c(c6c(Oc7ccc(C(C)(C)C)cc7)cc(C(=O)OCCCC)c1c26)c53)C(=O)N(c1c(C(C)C)cccc1C(C)C)C4=O,Cc1ccccc1,529.0,4.399673721,521.11664,4.53803,521.802,4.4509068,531.2455,4.502787,526.9031,4.4274487,514.53925,4.4855576,538.2019,4.6685257,530.696,4.550309,524.1587,4.733647,555.218,4.6819057,545.6491,4.6150513
CC(C)c1cccc(C(C)C)c1N1C(=O)c2cc(Cl)c3c4c(Cl)cc5c6c(cc(Cl)c(c7c(Cl)cc(c2c37)C1=O)c64)C(=O)N(c1c(C(C)C)cccc1C(C)C)C5=O,Cc1ccccc1,523.0,4.653212514,537.5685,4.6266875,514.19037,4.3940387,529.8397,4.5397816,555.22174,4.6976113,524.8404,4.4593434,522.7494,4.544638,508.28793,4.533189,520.12445,4.604752,543.3642,4.556621,558.9414,4.5004854
CCCCC(CC)CN1C(=O)c2cc(Oc3ccc(C(C)(C)C)cc3)c3c4c(Cl)cc5c6c(cc(Cl)c(c7c(Oc8ccc(C(C)(C)C)cc8)cc(c2c37)C1=O)c64)C(=O)N(c1c(C(C)C)cccc1C(C)C)C5=O,Cc1ccccc1,560.0,4.635483747,557.19446,4.7392073,539.322,4.5432205,566.54834,4.72332,564.66144,4.6518846,546.09033,4.6423697,549.6973,4.67664,544.12646,4.6127176,537.8279,4.710329,554.1254,4.6560736,562.77155,4.6980124
COc1ccc(-c2c3ccccc3c(C#Cc3ccccc3)c3cc4cc(C)sc4cc23)cc1,ClCCl,481.0,4.139879086,463.84555,3.9569666,488.81567,4.1640816,480.76752,4.0488954,474.877,4.142845,482.01675,4.159136,483.4886,4.1315627,493.99338,4.1835585,481.15204,4.265109,485.01782,4.246413,473.94037,4.179498
COc1ccc(C#Cc2c3cc4ccccc4cc3c(C#Cc3ccc(OC)cc3)c3cc4sc(C)cc4cc23)cc1,ClCCl,615.0,4.133538908,618.00903,4.418328,628.81696,4.528839,635.9734,4.4722323,620.478,4.5255413,615.0032,4.4609327,621.5067,4.538147,621.37976,4.4229093,619.3525,4.37844,621.44604,4.430211,612.22217,4.558609
COc1ccc(-c2cccc3ncc(-c4ccccc4)n23)cc1,ClCCl,332.0,3.79,329.34625,3.8089726,350.94995,3.5977843,337.6073,3.7328029,330.54727,3.9715588,340.59546,3.7874703,334.62173,3.972106,333.81183,3.8912127,344.8567,3.8641129,331.25574,3.831968,331.4013,3.886445
COc1ccc(-c2cnc3cccc(-c4ccccc4)n23)cc1,ClCCl,341.0,3.57,344.2559,3.6233554,357.15848,3.594664,360.3145,3.6875079,358.57593,3.8115118,345.65643,3.8056645,345.93765,3.786608,340.95624,3.898159,345.75104,3.853015,342.83505,3.62682,352.2543,3.715202
N#Cc1ccc(-c2cnc3cccc(-c4ccccc4)n23)cc1,ClCCl,331.0,4.35,347.06796,3.9630387,355.944,3.7570968,342.8494,4.003406,338.32864,3.9553218,346.91666,3.9588726,345.92825,3.8649905,354.8217,3.9072871,351.94153,3.91349,349.5017,3.6656609,350.30872,3.8409128
Cc1ccc(-c2cnc3ccc4ccccc4n23)cc1,ClCCl,324.0,3.93,338.57153,3.6530707,362.26978,3.6594417,328.18082,3.9202905,332.5874,3.849814,345.98358,3.7066891,345.04272,3.693651,339.92374,4.018697,346.39035,3.9424963,345.29773,3.6354377,342.72662,3.789444
c1ccc2c(c1)ncc1ccc3cnc4ccccc4c3c12,CC#N,397.0,3.477121255,406.41595,3.6349423,382.61694,3.500386,401.60077,3.6181426,390.9166,3.630476,395.32852,3.555411,397.32062,4.0933924,381.4947,4.2013597,379.56696,4.0066123,388.2723,3.9635265,387.34473,3.6487598
CCCCCCn1c(=O)c2c3[nH]c4cc5sc6c([nH]c5cc4sc3c3c(=O)n(CCCCCC)c(=O)c3c2c1=O)c1c(=O)n(CCCCCC)c(=O)c1c1c(=O)n(CCCCCC)c(=O)c61,ClCCl,549.0,4.264817823,639.6595,4.4943876,646.85736,4.710044,622.12463,4.3846903,561.3071,4.21718,615.0809,4.4102545,633.5153,4.626225,603.76227,4.4721994,577.7833,4.580699,613.85345,4.47792,613.69214,4.624065
CCCCCCn1c(=O)c2c3[nH]c4cc5[nH]c6c(oc5cc4oc3c3c(=O)n(CCCCCC)c(=O)c3c2c1=O)c1c(=O)n(CCCCCC)c(=O)c1c1c(=O)n(CCCCCC)c(=O)c61,ClCCl,511.0,4.127104798,600.92224,4.527325,624.18274,4.765959,572.5432,4.404715,517.43774,4.2729254,586.73224,4.3746233,581.8259,4.6824284,584.0317,4.4680514,540.8621,4.4640517,586.3121,4.424117,599.5814,4.622223
Cc1ccsc1-c1cc2c3cc(-c4sccc4C)c4nc(C(F)(F)C(F)(F)C(F)(F)F)nc5c(-c6sccc6C)cc(c6cc(-c7sccc7C)c7nc(C(F)(F)C(F)(F)C(F)(F)F)nc1c7c26)c3c45,C1CCOC1,532.0,4.59,489.76797,4.5678787,487.99026,4.6807404,552.4852,4.6921268,523.1326,4.635951,511.10504,4.3677664,510.1506,4.737389,490.75113,4.545361,478.07706,4.763397,487.84552,4.6015463,482.46057,4.6911254
C1=C(c2ccccc2)C=C(c2ccccc2)/C1=C/c1ccccc1,C1CCOC1,438.0,3.1,437.82397,2.794545,435.3572,2.7698855,441.82547,2.9675756,437.32812,2.8752148,449.56363,2.8251305,425.9459,2.989924,424.4432,2.9353414,429.0037,3.2157903,413.38773,3.2525043,440.48148,2.8518162
C1=C(c2ccccc2)C=C(c2ccccc2)/C1=C/c1ccc(-c2cccs2)s1,C1CCOC1,439.0,4.36,472.1421,4.178458,442.0112,3.8533373,446.09744,3.9224238,473.9616,3.8690636,475.13654,3.895931,458.40222,3.8382463,451.608,3.9257,472.568,4.172599,442.67065,3.7780576,451.82504,4.04197
COC(=O)/C=C/c1sc(-c2ccc(N(C)C)cc2)cc1N,CC#N,419.0,4.558708571,440.3526,4.5701466,425.67502,4.513407,448.16843,4.6659017,433.8729,4.5546107,439.04144,4.585337,444.4459,4.6018057,448.41968,4.574131,423.91193,4.4952507,447.97083,4.5303335,439.82483,4.640169
c1ccc2c(c1)-c1ccccc1C21c2ccccc2-c2oc3c(c21)C1(c2ccccc2-c2ccccc21)c1ccccc1-3,C1CCOC1,367.0,5.553883027,337.04028,4.4079437,379.42297,5.218821,370.9354,5.3551598,354.5777,5.0810003,342.24,5.1684065,378.4903,5.2647734,361.1227,5.517661,329.21582,5.487276,369.06873,5.3368893,383.6999,5.3115234
CC(C)[Si](C#Cc1c2ccc(C(C)(C)C)cc2c(C#Cc2c3ccc(C(C)(C)C)cc3c(C#Cc3c4ccc(C(C)(C)C)cc4c(C#C[Si](C(C)C)(C(C)C)C(C)C)c4ccc(C(C)(C)C)cc34)c3ccc(C(C)(C)C)cc23)c2ccc(C(C)(C)C)cc12)(C(C)C)C(C)C,Cc1ccccc1,570.0,4.781036939,538.5205,4.852297,583.73676,4.8061733,556.0973,4.908349,566.2797,4.849555,558.4045,4.7014513,553.1905,4.850894,563.471,4.807567,522.8295,4.7694674,550.6365,4.910543,585.9654,4.7812877
COC(=O)c1[nH]c(-c2ccccc2)c2nnc3c4ccccc4oc3c12,ClCCl,403.0,3.698970004,380.75946,4.0866437,391.94992,4.2554083,386.88504,3.996037,390.78528,4.106533,389.89618,4.057869,396.65778,3.7558138,392.9768,4.1788745,386.83234,4.439188,391.339,4.210431,404.99408,4.1245384
CC(C)(C)c1ccc2c(c1)c1cc(C(C)(C)C)ccc1n2-c1ccc(N(c2ccc(-c3ccc(N(c4ccc(-n5c6ccc(C(C)(C)C)cc6c6cc(C(C)(C)C)ccc65)cc4)c4ccc(-n5c6ccc(C(C)(C)C)cc6c6cc(C(C)(C)C)ccc65)cc4)cc3)cc2)c2ccc(-n3c4ccc(C(C)(C)C)cc4c4cc(C(C)(C)C)ccc43)cc2)cc1,ClCCl,349.0,5.0,370.6761,4.596659,376.05182,4.430644,391.70453,4.5395284,381.41757,4.7076483,379.52567,4.868158,378.93085,4.803083,401.0638,4.6986117,406.69366,4.5621157,359.5014,4.860028,375.15613,4.628167
CC(C)(C)c1ccc2c(c1)c1cc(C(C)(C)C)ccc1n2-c1ccc(N(c2ccc(-c3ccc(-c4ccc(N(c5ccc(-n6c7ccc(C(C)(C)C)cc7c7cc(C(C)(C)C)ccc76)cc5)c5ccc(-n6c7ccc(C(C)(C)C)cc7c7cc(C(C)(C)C)ccc76)cc5)cc4)s3)cc2)c2ccc(-n3c4ccc(C(C)(C)C)cc4c4cc(C(C)(C)C)ccc43)cc2)cc1,ClCCl,396.0,4.74,391.4557,4.5860453,394.57214,4.626053,424.90146,4.511138,403.3743,4.726136,387.99902,4.969679,397.7188,4.83186,418.16144,4.748326,423.27216,4.573219,371.5393,4.8512087,395.73444,4.7565894
CC(C)(C)c1ccc2c(c1)c1cc(C(C)(C)C)ccc1n2-c1ccc(N(c2ccc(-c3ccc(-c4ccc(-c5ccc(N(c6ccc(-n7c8ccc(C(C)(C)C)cc8c8cc(C(C)(C)C)ccc87)cc6)c6ccc(-n7c8ccc(C(C)(C)C)cc8c8cc(C(C)(C)C)ccc87)cc6)cc5)s4)s3)cc2)c2ccc(-n3c4ccc(C(C)(C)C)cc4c4cc(C(C)(C)C)ccc43)cc2)cc1,ClCCl,418.0,4.85,412.64633,4.626069,425.60938,4.6561947,444.63608,4.531768,429.5818,4.817458,428.1845,4.8935323,423.86215,4.8216605,442.66464,4.797734,435.50867,4.573732,397.22217,4.877519,411.24316,4.7754297
Cc1ccc(C#Cc2cc3ccccc3oc2=O)cc1,CC#N,345.0,4.44870632,359.91476,4.4173164,354.81616,4.328621,355.3713,4.4111686,351.4701,4.547016,347.44507,4.317045,349.2328,4.500605,365.48892,4.597206,346.75357,4.4849086,358.4109,4.5634146,347.1822,4.3842635
CC(C)Oc1ccc(C#Cc2cc3ccccc3oc2=O)cc1,CC#N,356.0,4.457881897,355.14072,4.36076,361.6372,4.3077946,346.4037,4.442493,349.20462,4.368041,345.81052,4.318237,347.90894,4.3664002,364.35748,4.4876356,353.8258,4.446832,359.80695,4.5131874,349.25656,4.3686767
O=c1ccc2ccc(C#Cc3ccccc3)cc2o1,CC#N,300.0,4.5132176,312.90268,4.608391,332.19867,4.682365,337.0312,4.749043,334.73053,4.713387,316.00836,4.5187902,321.67587,4.609903,327.1795,4.8538346,328.46606,4.62051,339.1376,4.7615976,324.71808,4.649336
Cc1ccc(C#Cc2ccc3ccc(=O)oc3c2)cc1,CC#N,304.0,4.481442629,321.07086,4.6596184,334.35138,4.745323,341.74887,4.74314,346.657,4.8323665,315.66263,4.5202885,318.73102,4.732239,341.08316,4.9068227,327.58594,4.668066,342.36716,4.863163,324.83975,4.705462
COc1ccc(C#Cc2ccc3ccc(=O)oc3c2)cc1,CC#N,308.0,4.499687083,316.56647,4.5948625,339.8081,4.7427096,345.23248,4.7683997,346.78128,4.661046,318.37045,4.549641,328.07483,4.623611,337.51907,4.834071,328.28815,4.6329594,347.6217,4.81748,330.32053,4.64585
CC(C)Oc1ccc(C#Cc2ccc3ccc(=O)oc3c2)cc1,CC#N,310.0,4.413299764,317.82724,4.5768056,341.76685,4.690406,337.3045,4.7433863,340.88782,4.5990195,313.79053,4.4879084,318.9349,4.5668745,340.90396,4.785814,334.612,4.6235127,344.4489,4.821306,329.73236,4.583418
COc1ccc2c(c1)SC1=Nc3sc4cc(OC)ccc4[n+]3CN12,CO,405.0,4.638658948,453.74487,4.543373,435.57614,4.550457,459.43976,4.7393374,473.3993,4.5397887,467.56274,4.6185713,473.3808,4.696794,476.3869,4.2606916,433.66742,4.5693483,431.33838,4.4265666,441.00613,4.3321533
C1=CC2=Nc3cccc[n+]3CN2C=C1,CO,412.0,4.785771025,433.12878,4.3994927,424.1266,4.4211583,421.44467,4.418328,416.09372,4.41751,406.59784,4.4298916,395.55862,4.3258247,442.85214,4.3394256,415.2664,4.474717,400.88367,4.334355,418.62634,4.412121
ClC1=CN2C[n+]3cc(Cl)ccc3N=C2C=C1,CO,433.0,4.160768562,381.76395,3.7574222,428.0255,4.150832,421.90393,3.9585385,405.62524,4.26526,412.0263,4.20094,412.45575,4.105752,406.5913,4.110374,411.16736,4.1780586,412.06573,4.0793786,407.5405,4.176926
BrC1=CN2C[n+]3cc(Br)cc(Br)c3N=C2C(Br)=C1,CS(C)=O,449.0,4.178372541,433.55484,4.2498302,438.4352,4.264085,458.71838,4.2175446,479.00742,4.3767266,474.6479,4.1690903,437.79645,4.21753,450.51093,4.4397817,454.94537,4.2454534,470.09537,4.2610307,442.23065,4.2638535
Cc1cc(Br)cn(Cn2cccc(C)c2=O)c1=N,CC(=O)O,310.0,3.914660431,334.81265,4.02737,277.23093,3.768855,269.10403,3.8565454,271.08978,3.6805668,309.50592,4.2651844,230.91605,4.0117855,257.76443,4.0708494,284.64258,4.1435084,281.9124,3.8897462,267.01132,3.5864124
O=c1cccc2n1CN1C=C(Br)C=CC1=N2,CO,436.0,4.17498965,415.17905,4.374034,392.69916,4.316058,386.67383,4.343707,411.01346,4.269003,413.54816,4.246541,391.61655,4.2503076,433.62006,4.2093015,409.46964,4.4011664,390.56647,4.3602448,379.70032,4.2381153
CCN(CC)c1ccc(-c2nc3c(nc2-c2ccc(B(c4c(C)cc(C)cc4C)c4c(C)cc(C)cc4C)cc2)c2ccccc2n3C)cc1,C1CCOC1,405.0,4.434568904,413.79974,4.585173,432.38043,4.535697,405.1058,4.5859346,417.1042,4.7757998,425.50784,4.650611,396.3387,4.6849995,439.11548,4.6455846,440.07315,4.727302,449.91312,4.483755,451.45056,4.404792
CCN(CC)c1ccc(-c2nc3c4ccccc4n(C)c3nc2-c2ccc(B(c3c(C)cc(C)cc3C)c3c(C)cc(C)cc3C)cc2)cc1,C1CCOC1,416.0,3.770852012,412.6169,4.5761285,432.58142,4.5394235,406.9755,4.5779614,418.26202,4.7682595,425.904,4.643233,396.1855,4.6948957,439.5777,4.6617355,440.05002,4.727312,449.19458,4.485576,450.72574,4.402855
COC(=O)C1=C(C(=O)OC)C2(c3ccccc3-c3c(C(=O)OC)cccc32)[C@@H](c2ccc(Cl)cc2)C=C2c3cc(OC)c(OC)cc3CCN21,ClCCl,311.0,3.93,312.95053,4.02556,307.22803,4.017609,315.78033,3.9892046,311.1632,4.0904484,312.53763,3.9333467,312.2884,4.0598216,311.09897,4.105408,314.22397,4.1894217,321.68283,4.0102983,317.05438,4.057222
COc1cc2c(cc1OC)C1=C[C@H](c3ccccc3)C3(C(C(=O)O[C@@H]4C[C@H]5CC[C@@H]4C5)=C(C(=O)O[C@H]4C[C@@H]5CC[C@H]4C5)N1CC2)c1ccccc1-c1ccccc13,ClCCl,314.0,3.98,310.81256,4.0190344,290.0913,4.1220937,314.66617,3.9636235,324.72375,3.8937714,311.51544,4.0255547,347.82837,4.163457,324.06158,4.066025,305.6374,4.231476,328.88684,3.923485,332.7958,4.1924663
COC(=O)C1=C(C(=O)OC)C2(c3cc(Cl)ccc3-c3c(Cl)cc(Cl)cc32)C2(/C=C/c3ccccc3)c3cc(OC)c(OC)cc3CCN12,ClCCl,327.0,3.98,331.5503,4.015491,333.08337,4.078227,333.75586,4.026398,337.26917,4.076279,337.25574,3.8650234,321.0579,3.9836583,329.859,4.0425615,342.58826,4.105795,329.85895,4.022232,348.14264,4.012753
CCOC(=O)C1=C(C(=O)OCC)C2(c3ccccc3-c3c(Br)cc(Br)cc32)C2(/C=C/c3ccc(Cl)cc3)c3cc(OC)c(OC)cc3CCN12,ClCCl,329.0,4.09,332.11774,4.0637245,325.3719,4.164032,328.41373,4.092857,334.41342,4.1093435,333.25616,3.9584098,327.1466,4.126825,335.1397,4.188334,336.6265,4.1341105,336.77158,4.161988,347.8105,4.0781455
COC(=O)C1=C(C(=O)OC)C2(c3cc([N+](=O)[O-])ccc3-c3ccc([N+](=O)[O-])cc32)C2(/C=C/c3ccccc3)c3cc(OC)c(OC)cc3CCN12,ClCCl,337.0,4.04,324.17764,4.2345943,345.10803,4.151623,337.9988,4.1445127,342.71027,4.2029834,346.08923,4.069503,336.0462,4.174798,333.64038,4.183535,334.13297,4.2497187,340.19116,4.132608,342.53326,4.063633
COc1cc2c(cc1OC)C1=C[C@H](c3ccccc3)C3(C(C#N)=C(C#N)N1CC2)c1ccccc1-c1ccccc13,ClCCl,310.0,4.03,311.173,3.9706526,299.12558,3.9926305,313.0113,3.9178474,318.14294,3.9066422,309.4193,3.8200026,314.24197,3.8595588,301.32016,4.065309,312.16928,4.0633383,312.8035,3.8933606,324.34317,3.9741917
COc1cc2c(cc1OC)C1=C[C@H](c3ccc(Cl)cc3)C3(C(C#N)=C(C#N)N1CC2)c1cc(Cl)ccc1-c1ccc(Cl)cc13,ClCCl,314.0,3.96,306.4629,4.0364814,305.9271,4.069677,310.08777,3.9780524,320.9163,4.181897,315.72693,3.9484043,309.8584,4.0583134,315.40085,4.1358747,318.30945,4.131458,309.8951,4.061939,316.32562,4.016016
COc1cc2c(cc1OC)C1=C[C@H](c3ccc(Cl)cc3)C3(C(C#N)=C(C#N)N1CC2)c1cc(Br)ccc1-c1ccc(Br)cc13,ClCCl,314.0,3.89,308.7881,4.1304364,313.318,4.1248875,314.48578,4.0782075,323.7897,4.1252384,316.961,4.0300684,314.06012,4.1228356,319.81476,4.2378807,319.00592,4.254128,315.90726,4.088493,324.3882,4.0789104
CC(C)[Si](C#Cc1cc2c3c(c1)c(=C(c1ccccc1)c1ccccc1)c1cc(C#C[Si](C(C)C)(C(C)C)C(C)C)cc4c1-n-3-c1c(cc(C#C[Si](C(C)C)(C(C)C)C(C)C)cc1c4=C(c1ccccc1)c1ccccc1)c2=C(c1ccccc1)c1ccccc1)(C(C)C)C(C)C,ClCCl,404.0,4.335457901,429.98648,4.5722136,431.361,4.465173,412.59735,4.4782743,486.80328,4.5010934,417.88196,4.500735,491.78085,4.4535546,438.79355,4.4216514,491.10773,4.574478,430.7955,4.4856772,464.3345,4.615512
CCCCCCc1cc2c(=S)c3cc(CCCCCC)cc4c(=S)c5cc(CCCCCC)cc6c(=S)c(c1)c2n(c34)c65,ClCCl,572.0,4.445604203,426.2184,4.1185274,511.36905,4.3528438,456.89023,4.3777323,488.11972,4.2613907,446.1931,4.5469656,453.4837,4.3696265,472.7922,4.335273,452.54498,4.5388746,477.49594,4.331351,462.02484,4.344137
CC(C)[Si](C#Cc1c2ccccc2c(C#C[Si](C(C)C)(C(C)C)C(C)C)c2nc3c(ccc4ccccc43)nc12)(C(C)C)C(C)C,CCCCCC,544.0,4.567238165,550.195,4.349863,564.4877,4.421688,601.1114,4.470419,591.69,4.4008775,552.58307,4.404813,566.91003,4.541256,585.92523,4.338276,544.36725,4.448112,585.4431,4.361575,541.4471,4.4118633
CC(C)[Si](C#Cc1c2nc3ccccc3nc2c(C#C[Si](C(C)C)(C(C)C)C(C)C)c2nc3c(ccc4ccccc43)nc12)(C(C)C)C(C)C,CCCCCC,649.0,4.315655525,603.602,4.167763,639.4259,4.2247543,614.2407,4.656836,613.4646,4.6542125,618.7345,4.3211284,569.8166,4.6348643,642.4763,4.1452303,608.9917,4.776181,630.1539,4.4163065,632.38196,4.2505207
CC(C)[Si](C#Cc1c2ccccc2c(C#C[Si](C(C)C)(C(C)C)C(C)C)c2nc3c(ccc4cc5ccccc5cc43)nc12)(C(C)C)C(C)C,CCCCCC,536.0,4.134527718,576.93243,4.328789,565.5317,4.436682,586.73956,4.426409,567.1911,4.3455763,584.7225,4.457772,584.63684,4.580787,597.75543,4.3513346,564.9494,4.5342793,603.4917,4.3612876,546.74896,4.4018636
CC(C)[Si](C#Cc1ccc(C#C[Si](C(C)C)(C(C)C)C(C)C)c2nc3c(nc12)Cc1ccccc1-3)(C(C)C)C(C)C,CCCCCC,369.0,3.936513742,378.34702,4.5037293,382.77847,4.236455,362.31412,4.4862185,350.284,4.497272,389.328,4.4186554,347.47192,4.412222,411.39737,4.4044642,411.78784,4.4670215,387.84238,4.3655663,393.94037,4.3717036
CC(C)(C)c1cc2ccc3c(N(c4ccccc4)c4ccccc4)cc(N(c4ccccc4)c4ccccc4)c4ccc(c1)c2c34,ClCCl,414.0,4.62,403.5466,4.560002,407.0454,4.627508,420.06342,4.3387346,415.6827,4.682452,418.6984,4.5772038,411.27426,4.5893536,412.33194,4.5543404,393.8742,4.548804,388.5777,4.7497315,409.76575,4.2499866
O=C1C2=C(O[B-](F)(F)[n+]3c2ccc2ccccc23)c2cccc3c(N4CCOCC4)ccc1c23,ClCCl,427.0,4.22,454.93488,4.173816,460.64017,4.118378,472.85208,4.1787825,466.79114,4.1864996,472.55017,4.0189805,470.8137,4.258848,469.95612,4.1160154,469.19812,4.129682,459.2628,4.150528,463.60043,4.1957474
O=C1C2=C(O[B-](F)(F)[n+]3c2ccc2ccccc23)c2cccc3c(N4CCOCC4)ccc1c23,C1CCOC1,427.0,4.25,459.40222,4.2732196,459.5458,4.1419206,474.56992,4.3122416,466.41373,4.164944,465.6142,4.0807457,470.38724,4.289861,462.62018,4.0967927,469.10648,4.146267,461.28143,4.162644,463.03748,4.228974
O=C1C2=C(O[B-](F)(F)[n+]3c2ccc2ccccc23)c2cccc3c(N4CCOCC4)ccc1c23,CC#N,424.0,4.32,453.38916,4.225088,451.36624,4.13416,473.18835,4.1633606,467.37454,4.2360134,453.61353,4.0595737,468.30655,4.2554507,457.89066,4.0831714,464.939,4.124965,459.96515,4.11489,459.82892,4.2293935
O=C1C2=C(O[B-](F)(F)[n+]3c2ccc2ccccc23)c2cccc3c(N4CCOCC4)ccc1c23,CCO,423.0,4.01,455.15958,3.8910294,458.20325,4.0115776,470.81766,3.9139445,460.27698,3.9417677,470.4602,3.912492,466.18542,4.102058,467.92752,4.0537176,466.4593,4.125673,460.0318,4.105682,464.9464,4.134568
O=C1C2=C(O[B-](F)(F)[n+]3c2ccc2ccccc23)c2cccc3c(N4CCOCC4)ccc1c23,CO,419.0,3.87,454.05133,3.8542323,453.67242,3.9776485,466.46597,3.8413744,460.4956,3.86392,468.29547,3.8626819,464.33096,4.022086,461.6661,4.1001363,464.58035,4.1084895,459.69638,4.060173,461.1921,4.07143
COc1ccc(-c2nc(-c3ccccc3)c(N(c3ccccc3)c3ccccc3)s2)cc1,ClC(Cl)Cl,357.0,4.127104798,367.60638,3.9835124,369.7219,4.166811,358.18887,4.0002775,360.04114,4.156493,366.86084,4.1474304,369.99854,4.1465063,376.25488,4.131825,365.1776,4.132053,352.02594,4.153965,367.83258,4.215379
Clc1ccc(-c2nc(-c3ccccc3)c(N(c3ccccc3)c3ccccc3)s2)cc1,ClC(Cl)Cl,371.0,4.053078443,367.09833,3.9639542,369.34863,3.9639726,371.6372,3.7363229,369.27676,4.0373735,364.95978,4.1030135,372.03467,3.9581404,380.29285,4.114228,369.22528,4.0756183,360.30347,3.9885404,365.41998,4.092035
C[C@H](Nc1c2ccc(=[N+]3CCCCC3)cc-2oc2cc(N3CCCCC3)ccc12)C(=O)OC(C)(C)C,ClCCl,462.0,4.792391689,496.63068,4.788112,519.815,4.84019,491.11646,4.81271,482.39435,4.7447243,513.581,4.90315,508.43933,4.8905077,512.96655,4.928291,529.4851,4.929551,486.9337,4.8190184,474.13083,4.7992034
c1ccc(CSc2c3ccc(=[N+]4CCCCC4)cc-3oc3cc(N4CCCCC4)ccc23)cc1,ClCCl,598.0,4.916980047,548.4963,4.911558,557.29553,4.808868,563.5702,4.9249725,553.1153,4.9159627,533.5142,4.846334,563.07874,4.8755684,557.00793,4.8659196,569.45654,4.9227543,534.8645,4.8100247,517.60675,4.8556943
O=S(=O)(/N=c1\oc2cccc3c4c(-c5ccccc5)oc5cccc(c(c1-c1ccccc1)c23)c54)C(F)(F)F,ClC(Cl)Cl,460.0,4.544068044,408.0864,4.188718,407.12335,4.1914654,405.60275,4.4281716,450.42725,4.427677,422.1529,4.1148853,452.48898,4.250714,425.8398,4.3063426,412.5775,4.4840655,420.34918,4.3521204,414.6887,3.920884
O=S(=O)(/N=c1\oc2cccc3c4c(-c5ccccc5)oc5cccc(c(c1-c1ccccc1)c23)c54)C(F)(F)F,CCCCCC,458.0,4.352182518,408.61176,4.3382897,404.2173,4.0294514,403.00403,4.3308315,442.91818,4.410963,424.43298,4.1147614,442.64215,4.2446275,421.1664,4.3308487,409.95963,4.49047,420.3281,4.3135567,412.19727,3.9844182
O=S(=O)(/N=c1\oc2cccc3c4c(-c5ccccc5)oc5cccc(c(c1-c1ccccc1)c23)c54)C(F)(F)F,ClCCl,463.0,4.491361694,401.51498,4.1528745,403.22513,4.1192837,405.3947,4.4269514,445.40622,4.39289,421.44812,4.1313353,452.0212,4.276735,424.18814,4.340817,407.60242,4.494385,422.4721,4.321263,409.25854,3.8212297
O=S(=O)(/N=c1\oc2cccc3c4c(-c5ccccc5)oc5cccc(c(c1-c1ccccc1)c23)c54)C(F)(F)F,CO,456.0,4.477121255,409.0561,4.204214,398.67847,4.045195,395.01483,4.4367404,439.2622,4.3585935,413.9124,3.9963794,439.86737,4.1491547,413.63065,4.242872,408.94394,4.425485,414.22238,4.2039766,410.09317,3.9066634
O=S(=O)(/N=c1\oc2cccc3c4c(-c5ccccc5)oc5cccc(c(c1-c1ccccc1)c23)c54)C(F)(F)F,CS(C)=O,463.0,4.491361694,412.49197,4.211327,406.83255,4.144327,409.5592,4.2774167,459.98383,4.2295837,434.05597,4.0972824,459.5,4.146294,427.03958,4.316234,417.49652,4.4564214,426.83646,4.2547655,420.47754,4.0086327
N#CC1=c2c3cccc4cccc(c43)n2[B-](F)(F)[n+]2ccccc21,CCCCCC,516.0,4.684845362,523.1989,4.486358,525.6667,4.455527,517.26263,4.4366684,514.198,4.4718947,527.4351,4.482419,518.90765,4.4879766,521.979,4.5042524,527.5173,4.5776577,506.0969,4.448635,516.8153,4.494679
N#CC1=c2c3cccc4cccc(c43)n2[B-](F)(F)[n+]2ccccc21,Cc1ccccc1,517.0,4.579783597,519.6281,4.4521585,527.957,4.401736,514.33276,4.469319,514.5365,4.524644,532.4382,4.472914,521.06824,4.4463224,527.71387,4.44272,532.7296,4.572445,510.8908,4.4146967,526.0116,4.50754
N#CC1=c2c3cccc4cccc(c43)n2[B-](F)(F)[n+]2ccccc21,C1CCOC1,512.0,4.568201724,515.4448,4.5315204,525.5073,4.514784,511.72452,4.4868336,510.9091,4.547697,521.8236,4.501522,515.5331,4.505868,516.6438,4.4581246,526.5385,4.570363,505.75714,4.457211,512.2887,4.48245
N#CC1=c2c3cccc4cccc(c43)n2[B-](F)(F)[n+]2ccccc21,CC#N,506.0,4.57054294,511.69577,4.436581,518.8097,4.4929304,504.6216,4.4963365,505.97046,4.5154047,517.9985,4.502618,512.8472,4.5087943,515.08514,4.455134,523.45087,4.556458,500.8011,4.4486847,510.056,4.507672
CCCCCCCCCCCCNc1cccc2[n+]1[B-](F)(F)n1c(c3cccc4cccc1c43)=N2,ClCCl,497.0,4.450249108,457.68985,4.373257,483.88196,4.4609966,464.674,4.3903346,481.26605,4.481508,483.8141,4.459951,462.72815,4.4919605,461.3584,4.2823873,482.15387,4.589308,485.584,4.447691,463.8823,4.372512
CCCCCCCCCCCCNc1cccc2[n+]1[B-](F)(F)n1c(c3cccc4cccc1c43)=N2,CCCCCC,496.0,4.517195898,477.2314,4.384183,481.38507,4.4150524,482.35114,4.363392,492.7256,4.427103,491.7869,4.4406652,464.572,4.4793677,462.60852,4.327863,481.6417,4.5978317,485.0229,4.434665,468.2189,4.379562
CCCCCCCCCCCCNc1cccc2[n+]1[B-](F)(F)n1c(c3cccc4cccc1c43)=N2,Cc1ccccc1,500.0,4.45484486,474.49374,4.4004407,481.47446,4.3795176,487.07794,4.4579926,499.74008,4.457993,491.22733,4.454511,472.11496,4.486016,469.3,4.231438,485.31763,4.5957246,486.51236,4.3983045,480.67096,4.458517
CCCCCCCCCCCCNc1cccc2[n+]1[B-](F)(F)n1c(c3cccc4cccc1c43)=N2,C1CCOC1,498.0,4.44870632,477.2874,4.3783345,483.65167,4.462367,487.4253,4.4469028,495.4267,4.434127,489.77338,4.4542627,466.61798,4.484342,466.9586,4.291898,482.82132,4.5801396,488.3661,4.429394,467.97058,4.3921123
CCCCCCCCCCCCNc1cccc2[n+]1[B-](F)(F)n1c(c3cccc4cccc1c43)=N2,CC#N,493.0,4.421603927,462.72604,4.4307384,473.87802,4.4334054,475.21332,4.479705,495.3018,4.4465556,488.2918,4.443587,460.79022,4.4413157,464.86987,4.307069,479.37903,4.565399,486.15524,4.4068594,465.01773,4.410882
OCCSc1cccc2[n+]1[B-](F)(F)n1c(c3cccc4cccc1c43)=N2,ClCCl,482.0,4.418301291,448.962,4.5598764,490.3574,4.607707,470.68622,4.570223,447.0391,4.5134544,463.77026,4.5436983,474.6719,4.6241193,489.7234,4.611658,485.4413,4.672889,473.88675,4.60394,455.26157,4.5198393
OCCSc1cccc2[n+]1[B-](F)(F)n1c(c3cccc4cccc1c43)=N2,CCCCCC,484.0,4.33243846,477.65582,4.5910525,490.4591,4.580904,491.9625,4.602227,473.87698,4.507633,478.55228,4.5521474,487.91632,4.64296,499.83722,4.667535,486.56686,4.671906,483.8614,4.6157813,467.2763,4.5327897
OCCSc1cccc2[n+]1[B-](F)(F)n1c(c3cccc4cccc1c43)=N2,Cc1ccccc1,487.0,4.33243846,479.10602,4.566151,491.27423,4.5305533,495.01385,4.616023,475.75003,4.552598,479.1036,4.5399017,494.55948,4.6552854,504.84106,4.599111,493.3518,4.6786666,486.75946,4.589908,477.36444,4.554337
OCCSc1cccc2[n+]1[B-](F)(F)n1c(c3cccc4cccc1c43)=N2,C1CCOC1,485.0,4.397940009,471.75702,4.5379553,490.66327,4.607489,494.65417,4.607093,469.73212,4.5633163,469.531,4.538686,479.52014,4.62821,494.56842,4.6009893,486.91443,4.6620116,482.88144,4.613093,464.10046,4.5441523
OCCSc1cccc2[n+]1[B-](F)(F)n1c(c3cccc4cccc1c43)=N2,CC#N,480.0,4.390935107,460.31,4.522412,483.9693,4.5606036,487.4697,4.5822024,464.04425,4.5407906,471.1697,4.52427,477.00644,4.6016083,494.79004,4.5985417,483.63937,4.651242,479.12372,4.585327,460.84802,4.511976
C1CCN2CCCn3c2c(c2c3=NCCN=2)C1,CC#N,370.0,4.10720997,364.58167,3.7863774,349.62793,4.0702806,372.94357,4.3124423,379.3496,4.039411,348.30634,4.0038204,338.33994,3.7277966,391.99103,3.6204877,392.9231,4.1062098,382.37857,3.9166412,333.46735,3.782123
CCCCCCCCCCCCOc1ccc(C2=C3C(=O)N(CC(OCC)OCC)C(c4ccc(OCCCCCCCCCCCC)c(OCCCCCCCCCCCC)c4)=C3C(=O)N2CC(OCC)OCC)cc1OCCCCCCCCCCCC,ClC(Cl)Cl,496.0,4.491361694,498.9531,4.5902276,498.3398,4.5744452,482.73608,4.394466,520.9125,4.735956,530.4403,4.8477483,481.23975,4.5111947,511.3536,4.7064934,478.66318,5.065813,548.0976,4.9954214,540.86505,4.7267747
CCOC(CN1C(=O)C2=C(c3ccsc3)N(CC(OCC)OCC)C(=O)C2=C1c1ccsc1)OCC,ClC(Cl)Cl,493.0,4.380211242,500.60843,4.33559,499.7061,4.380772,503.1642,4.259489,505.32944,4.483842,500.46054,4.4059334,482.75055,4.3557205,475.6859,4.3320475,458.9027,4.2082844,513.9358,4.500702,520.2468,4.347177
CCOC(CN1C(=O)C2=C(c3cc4cc(C(C)(C)C)cc(C(C)(C)C)c4o3)N(CC(OCC)OCC)C(=O)C2=C1c1cc2cc(C(C)(C)C)cc(C(C)(C)C)c2o1)OCC,ClC(Cl)Cl,580.0,4.875061263,594.916,4.6338654,585.4605,4.7406054,597.14343,4.802111,578.85376,4.827228,609.9278,4.8823376,583.6059,4.795462,586.0985,4.7400403,543.42566,4.6938577,588.8114,4.7169337,575.51843,4.823681
COc1cc2c(cc1OC)C1=C3C(=O)N4C=Cc5cc(OC)c(OC)cc5C4=C3C(=O)N1C=C2,ClC(Cl)Cl,593.0,5.041392685,571.96387,4.4786124,586.07794,4.79347,582.47253,4.8535337,581.3817,4.7022543,546.2405,4.574326,609.6622,4.6431766,580.35425,4.742145,549.15265,4.5849733,573.1811,4.7125077,560.64594,4.7286873
COc1cc2c(cc1OC)C1=C3C(=O)N4C=Cc5cc(OC)c(OC)cc5C4=C3C(=O)N1C=C2,CN(C)C=O,593.0,4.959041392,563.91077,4.524258,584.93555,4.7307215,570.89294,4.7717977,575.86597,4.671082,543.8763,4.558758,603.1611,4.6434374,570.1401,4.71927,547.69073,4.566887,562.79584,4.6769757,565.57074,4.6543136
O=C1C2=C3c4ccsc4C=CN3C(=O)C2=C2c3ccsc3C=CN12,ClC(Cl)Cl,575.0,4.851258349,603.2692,4.796513,582.89526,4.747233,583.604,4.807351,584.69946,4.9110413,576.1771,4.7548294,573.4863,4.81474,598.6903,4.8664904,564.5376,4.718,536.5953,4.7575607,581.5959,4.7912226
O=C1C2=C3c4ccsc4C=CN3C(=O)C2=C2c3ccsc3C=CN12,CN(C)C=O,575.0,4.832508913,590.9896,4.79315,584.5576,4.6828585,581.67786,4.723125,574.5017,4.676666,571.8636,4.725878,566.0547,4.743581,590.54974,4.8412433,563.286,4.6878467,533.8456,4.7337112,583.82367,4.7026005
Cc1c(COC(=O)c2ccccc2Br)n2c(OCC(=O)c3ccccc3Br)c(C)c(=O)n2c1=O,CCO,382.0,3.927370363,377.65167,4.023192,383.1589,3.895144,379.0902,3.9324567,391.95673,3.9290953,387.30936,3.9647946,373.41577,3.9988804,375.04257,3.9937677,365.0345,4.030535,391.46924,3.9594202,382.99768,3.9003856
C[N+]1=c2ccc3c(c2C(C)(C)CC1)Oc1cc2c(cc1C=3c1ccccc1C(=O)O)C(c1ccccc1C(=O)O)=c1ccc3c(c1O2)C(C)(C)CC[N+]=3C,ClC(Cl)Cl,617.0,5.034227261,590.1322,4.8984814,619.3917,5.051809,589.5857,4.975655,595.699,4.944162,690.91895,4.9016914,653.30945,4.9656153,593.5574,4.8308177,583.052,4.7688107,595.2692,4.9534125,615.0514,4.9719706
CC1(C)CC[N+]2=c3c(cc4c(c31)Oc1cc3c(cc1C=4c1ccccc1C(=O)O)C(c1ccccc1C(=O)O)=c1cc4c5c(c1O3)C(C)(C)CC[N+]=5CCC4)CCC2,ClC(Cl)Cl,611.0,5.068185862,639.2031,4.9077797,624.49854,5.0386844,597.265,4.9485016,616.2504,4.9168296,724.35266,4.967361,743.61096,5.133172,652.8148,4.901805,616.0841,4.7731853,673.5991,4.976615,661.14026,5.0144663
C=Cc1cc2ccccc2oc1=O,CC#N,326.0,4.371714203,322.29413,4.2257957,315.52383,4.104702,321.61133,4.327368,322.03973,4.3028507,329.54358,4.2863035,334.14484,4.3967166,330.2674,4.265843,336.28668,4.3527484,331.69318,4.3198214,322.57574,4.284705
C=Cc1cc2ccc(N(CC)CC)cc2oc1=O,CC#N,400.0,4.521295029,386.38284,4.383733,382.96472,4.463057,373.32016,4.438382,397.82553,4.4775963,387.166,4.5083017,404.58984,4.4078016,392.85233,4.4499307,386.3943,4.5549154,384.9355,4.6487904,400.9529,4.5912366
C=Cc1cc2ccc(OC(=O)c3ccccc3)cc2oc1=O,CC#N,328.0,4.398703695,336.7138,4.591682,337.04163,4.5462337,353.25256,4.6340594,335.27884,4.6217046,341.1614,4.5761347,340.40088,4.7283382,354.43677,4.645824,342.68396,4.5159855,328.15286,4.5960827,334.03528,4.600856
O=c1oc2ccccc2cc1/C=C/c1ccccc1,CC#N,351.0,4.441192225,351.00626,4.3529253,357.52487,4.34787,348.09082,4.518824,346.63635,4.3771987,354.73743,4.381211,356.56927,4.5427027,357.8331,4.431545,368.1008,4.4031925,355.87155,4.351256,351.16074,4.483082
O=c1oc2ccccc2cc1/C=C/c1ccc([N+](=O)[O-])cc1,CC#N,371.0,4.605423572,377.91763,4.506461,374.7548,4.431344,378.70233,4.653951,368.07108,4.491624,388.46033,4.481211,382.93848,4.621694,379.207,4.558372,380.8726,4.4538417,376.28708,4.3740396,382.1797,4.502838
CC(C)(C)c1cc2ccc3cccc4c3c2c(c1)c1nc2c3cc(C(C)(C)C)cc5ccc6cccc(c(=O)n2c41)c6c53,CCO,390.0,3.416640507,388.68854,4.0175924,390.6492,3.933598,391.47925,3.6998317,394.4936,4.0532503,392.55124,4.1309433,376.57687,4.1235137,404.787,3.983792,385.80408,4.3549266,393.0793,4.3032765,385.7016,3.9210956
CC(C)(C)c1cc2ccc3cccc4c3c2c(c1)c1nc2c3cc(C(C)(C)C)cc5ccc6cccc(c(=O)n2c41)c6c53,CC#N,389.0,3.480006943,391.14102,4.0789013,390.94907,4.261225,394.3589,3.5984473,393.6517,4.026145,389.50226,4.2080417,374.00168,3.7586658,394.51227,4.1746917,386.51993,4.424394,394.54382,4.432663,385.70786,3.9806125
CC(C)(C)c1cc2ccc3cccc4c3c2c(c1)c1nc2c3cc(C(C)(C)C)cc5ccc6cccc(c(=O)n2c41)c6c53,CS(C)=O,391.0,3.440909082,395.12845,4.1488004,393.4468,4.17271,391.03262,3.8989425,391.425,4.2501597,401.99908,4.136632,372.32855,4.0459213,402.96625,4.181105,391.7867,4.3582845,403.06985,4.368558,397.29846,4.0313196
CC(C)(C)c1cc2ccc3cccc4c3c2c(c1)c1nc2c3cc(C(C)(C)C)cc5ccc6cccc(c(=O)n2c41)c6c53,CC(C)=O,391.0,3.348304863,391.7995,4.312555,393.84998,4.145791,388.48877,3.9645712,393.17188,4.2704396,395.95435,4.2244625,378.40326,4.097252,402.20563,4.165759,390.0817,4.3738246,397.87976,4.412112,392.03308,4.033698
CC(C)(C)c1cc2ccc3cccc4c3c2c(c1)c1nc2c3cc(C(C)(C)C)cc5ccc6cccc(c(=O)n2c41)c6c53,ClC(Cl)Cl,395.0,3.354108439,395.0189,4.0197234,392.89157,4.1237116,397.22653,3.8582804,399.15652,4.249284,393.308,4.1612663,379.8377,4.1905417,404.24878,4.09868,385.55527,4.3565636,392.93103,4.433112,396.42297,3.972682
CC(C)(C)c1cc2ccc3cccc4c3c2c(c1)c1nc2c3cc(C(C)(C)C)cc5ccc6cccc(c(=O)n2c41)c6c53,CCOC(C)=O,390.0,3.828659897,394.13995,4.319528,396.28583,4.311859,389.99298,4.050128,389.14252,4.371512,391.2553,4.2806773,381.31937,4.2430534,398.97696,4.386899,388.17368,4.4991965,393.72696,4.455254,391.87872,4.080955
CC(C)(C)c1cc2ccc3cccc4c3c2c(c1)c1nc2c3cc(C(C)(C)C)cc5ccc6cccc(c(=O)n2c41)c6c53,C1CCOC1,395.0,3.421603927,391.96597,4.18345,396.20053,4.219324,391.1597,3.8252313,395.50137,4.1913834,393.98105,4.302506,380.0622,4.084677,400.9254,4.301352,387.89993,4.4166193,396.27823,4.426587,389.51694,4.016537
CC(C)(C)c1cc2ccc3cccc4c3c2c(c1)c1nc2c3cc(C(C)(C)C)cc5ccc6cccc(c(=O)n2c41)c6c53,c1ccccc1,395.0,3.428134794,397.11496,3.9294715,400.12198,3.7820635,401.72052,3.6158538,397.99118,4.272792,396.7161,4.141802,381.4992,4.1957855,411.4658,4.197879,393.20435,4.32823,397.79364,4.3516426,395.98337,3.9252398
CC(C)(C)c1cc2ccc3cccc4c3c2c(c1)c1nc2c3cc(C(C)(C)C)cc5ccc6cccc(c(=O)n2c41)c6c53,Cc1ccc(C)cc1,392.0,3.444044796,404.5019,4.3477345,399.2049,4.306015,389.8512,4.2283616,395.27985,4.3172836,398.49313,4.1920967,384.10428,4.190243,412.50034,4.2148376,391.86234,4.350117,399.05515,4.2627106,401.44376,4.0782537
CC(C)(C)c1cc2ccc3cccc4c3c2c(c1)c1nc2c3cc(C(C)(C)C)cc5ccc6cccc(c(=O)n2c41)c6c53,ClC(Cl)(Cl)Cl,395.0,3.439332694,391.67352,4.0140414,394.03568,4.141267,394.91504,3.8842552,394.8161,4.2674484,392.48108,4.150319,380.1621,4.211547,404.14267,4.098992,385.7458,4.3585153,394.5249,4.4426355,396.69562,4.0069785
CC(C)(C)c1cc2ccc3cccc4c3c2c(c1)c1nc2c3cc(C(C)(C)C)cc5ccc6cccc(c(=O)n2c41)c6c53,CCCCCC,393.0,3.436162647,396.5918,4.332879,394.11597,4.123621,390.84033,3.961656,393.9957,4.37796,396.78732,4.206282,380.83707,4.178355,398.71167,4.261231,388.6861,4.414792,392.40082,4.4050794,389.24362,3.9634748
CC(C)(C)c1cc2ccc3cccc4c3c2c(c1)c1nc2c3cc(C(C)(C)C)cc5ccc6cccc(c(=O)n2c41)c6c53,CO,382.0,3.326335861,389.35748,3.983643,387.52173,3.768333,388.81885,3.5556145,388.64578,3.9182644,383.52795,4.0603056,373.45837,4.17226,396.3567,3.9381814,384.07977,4.2921643,387.34863,4.109301,384.83942,3.815237
CC(C)(C)c1cc2ccc3cc(C(C)(C)C)cc4c3c2c(c1)c(=O)n1c4nc2c3ccccc3c3ccccc3c21,CCO,366.0,4.075546961,381.4192,3.923653,382.84503,3.797044,385.8513,3.6977496,385.95953,4.0374722,379.48187,4.0355697,366.0766,4.040435,400.35867,3.8783686,379.37,4.3006783,387.33588,4.1014104,380.79187,3.8630478
CC(C)(C)c1cc2ccc3cc(C(C)(C)C)cc4c3c2c(c1)c(=O)n1c4nc2c3ccccc3c3ccccc3c21,CC#N,365.0,4.120573931,388.40366,3.8488991,378.51877,4.1747727,389.15594,3.521151,382.57974,3.898332,376.11456,4.0651655,369.211,3.7313213,391.84802,3.9985468,381.1501,4.3735957,388.16327,4.321294,378.46924,3.8491454
CC(C)(C)c1cc2ccc3cc(C(C)(C)C)cc4c3c2c(c1)c(=O)n1c4nc2c3ccccc3c3ccccc3c21,CS(C)=O,368.0,4.103803721,387.22516,4.0051064,383.08533,4.0381866,387.57938,3.8427694,384.8254,4.218026,390.7963,4.039618,364.09998,4.0562167,399.41394,4.067595,386.92767,4.309677,396.83713,4.260543,389.92624,3.9323514
CC(C)(C)c1cc2ccc3cc(C(C)(C)C)cc4c3c2c(c1)c(=O)n1c4nc2c3ccccc3c3ccccc3c21,CC(C)=O,365.0,4.396199347,386.34918,4.1452956,385.15546,4.0059667,385.1642,3.9115887,385.8906,4.213148,382.21542,4.1153564,370.59668,3.965046,398.74088,4.049987,385.02945,4.3227577,391.4668,4.291664,385.9464,3.9703648
CC(C)(C)c1cc2ccc3cc(C(C)(C)C)cc4c3c2c(c1)c(=O)n1c4nc2c3ccccc3c3ccccc3c21,ClC(Cl)Cl,368.0,4.100370545,387.49823,3.8684783,383.66003,4.0874386,391.0438,3.8056326,394.04086,4.1012797,380.98367,4.079606,367.27856,4.1729536,399.9798,3.9719782,379.03177,4.3068857,383.44888,4.348931,389.67972,3.8635874
CC(C)(C)c1cc2ccc3cc(C(C)(C)C)cc4c3c2c(c1)c(=O)n1c4nc2c3ccccc3c3ccccc3c21,CCOC(C)=O,366.0,4.195899652,389.25055,4.0530787,382.38193,4.244056,386.80786,3.941178,381.6489,4.317669,377.1174,4.152146,375.24686,4.1519012,395.62393,4.234674,382.7339,4.450335,387.02893,4.3320007,384.15942,3.985649
CC(C)(C)c1cc2ccc3cc(C(C)(C)C)cc4c3c2c(c1)c(=O)n1c4nc2c3ccccc3c3ccccc3c21,C1CCOC1,354.0,4.217483944,388.9148,4.005056,384.69537,4.1540117,387.06006,3.7437882,387.48636,4.118702,379.8897,4.187572,375.99945,3.9482818,396.18585,4.176555,382.5278,4.365252,390.06537,4.344008,384.04312,3.8644576
CC(C)(C)c1cc2ccc3cc(C(C)(C)C)cc4c3c2c(c1)c(=O)n1c4nc2c3ccccc3c3ccccc3c21,c1ccccc1,369.0,4.10720997,389.6411,3.8832855,390.83215,3.7624102,395.21686,3.6339684,383.87592,4.2454653,386.10022,4.0648265,371.3183,4.1785755,406.18512,4.1183667,386.99893,4.2855277,392.1815,4.228956,388.8749,3.866706
CC(C)(C)c1cc2ccc3cc(C(C)(C)C)cc4c3c2c(c1)c(=O)n1c4nc2c3ccccc3c3ccccc3c21,Cc1ccc(C)cc1,368.0,4.103803721,388.20038,4.313118,383.95013,4.265635,382.40717,4.197556,385.45532,4.3339057,387.9257,4.114078,377.3739,4.1119843,407.35724,4.1454134,385.96115,4.304001,393.78143,4.154097,395.1513,4.005419
CC(C)(C)c1cc2ccc3cc(C(C)(C)C)cc4c3c2c(c1)c(=O)n1c4nc2c3ccccc3c3ccccc3c21,ClC(Cl)(Cl)Cl,369.0,4.100370545,386.46875,3.8381937,385.02768,4.0544724,389.3432,3.8008094,389.5957,4.1047893,380.06537,4.0750666,368.42883,4.2100825,400.72162,3.9724445,379.26993,4.3089285,386.24344,4.3397098,390.0872,3.9153068
CC(C)(C)c1cc2ccc3cc(C(C)(C)C)cc4c3c2c(c1)c(=O)n1c4nc2c3ccccc3c3ccccc3c21,CCCCCC,367.0,4.149219113,389.94653,4.20251,382.77298,4.0477476,382.16562,3.9553323,387.63608,4.3705916,384.18234,4.1207027,374.6244,4.061254,393.72174,4.1360235,382.31876,4.3663917,383.95587,4.3240433,381.8698,3.8521564
CC(C)(C)c1cc2ccc3cc(C(C)(C)C)cc4c3c2c(c1)c(=O)n1c4nc2c3ccccc3c3ccccc3c21,CO,362.0,3.912222057,382.47748,3.7995098,379.01797,3.7280328,381.75537,3.5714583,378.0508,3.8541393,371.56537,4.0269237,364.68585,4.1937404,392.1285,3.8035965,377.65836,4.2444525,381.75516,3.9575372,380.46777,3.77813
COc1ccc(C2=c3sc(-c4ccc(OC)cc4)cc3=[N+]3C2=Nc2c(-c4ccc(OC)cc4)c4sc(-c5ccc(OC)cc5)cc4n2[B-]3(F)F)cc1,ClC(Cl)Cl,788.0,5.230448921,758.7278,5.225766,770.38116,5.1521935,787.3533,5.304621,787.2177,5.430187,784.45215,5.256785,771.9207,5.238188,765.8113,5.214923,731.708,5.063087,758.65125,5.203746,789.31506,5.2994537
CCCCCCc1ccc(-n2c3c4cccc(OC)c4nc(-c4ccc(C)cc4)c3c3c2c2c(-c4ccc(C)cc4)nc4c(OC)cccc4c2n3-c2ccc(CCCCCC)cc2)cc1,ClC(Cl)Cl,315.0,4.767897616,330.02524,4.799595,309.94745,5.035697,301.60962,4.849394,331.20718,4.9475317,313.322,4.822177,308.99118,4.8878984,327.76758,4.7385283,336.8898,4.7331257,306.36853,4.8435073,327.40338,4.8621197
CCCCc1ccc(-n2c3c4ccc(C(F)(F)F)cc4nc(-c4ccc(C#N)cc4)c3c3c2c2c(-c4ccc(C#N)cc4)nc4cc(C(F)(F)F)ccc4c2n3-c2ccc(CCCC)cc2)cc1,ClC(Cl)Cl,318.0,4.835690571,306.25916,4.779679,323.4095,4.8811717,312.83328,4.6773624,332.35828,4.7410946,309.9815,4.7123413,307.16748,4.830524,334.31818,4.835125,328.61993,4.8021617,312.65277,4.788542,327.05325,4.695992
CCCCCCOc1cc(C=O)c(OCCCCCC)cc1C=O,ClCCl,403.0,2.47,361.66968,3.7454243,364.99548,3.8322742,355.98212,3.7766602,353.18762,3.8859603,356.7156,3.5942774,336.22595,3.8561964,326.69464,4.022085,338.04385,3.5115921,362.5253,3.6874247,332.8403,3.787787
CCCCCCOc1cc(/C=C/c2cc(OCCCCCC)c(/C=C/c3cc(OCCCCCC)c(C=O)cc3OCCCCCC)cc2OCCCCCC)c(OCCCCCC)cc1C=O,ClCCl,449.0,4.73,451.9348,4.8186665,458.52066,4.7797213,462.41748,4.8148317,448.2817,4.7321672,439.59796,4.7265925,448.68872,4.794148,450.09146,4.638661,479.71414,4.687127,468.3504,4.6202335,451.85965,4.7954407
CCCCCCOc1cc(C=C(C#N)C#N)c(OCCCCCC)cc1C=C(C#N)C#N,ClCCl,477.0,2.9,427.282,4.592352,432.83655,4.71356,439.75763,4.604533,448.353,4.834891,447.0,4.847194,424.87335,4.6630464,446.518,4.685601,457.9286,4.6149106,441.3656,4.6578817,436.4797,4.595953
CCCCCCCCOc1cc(/C=C/c2cc[n+](Cc3ccc(C)cc3)cc2)c(OCCCCCCCC)cc1/C=C/c1cc[n+](Cc2ccc(C)cc2)cc1,ClCCl,490.0,4.52,460.56998,3.8176236,400.47354,4.7029934,479.19147,3.8738453,499.52112,4.0295844,480.855,4.0287256,481.02002,3.9518447,482.4883,4.2119026,483.93347,4.3941884,450.00525,4.099339,461.35086,4.567581
CCCCCCOc1cc(/C=C/c2cc(OCCCCCC)c(/C=C/c3cc(OCCCCCC)c(C=C(C#N)C#N)cc3OCCCCCC)cc2OCCCCCC)c(OCCCCCC)cc1C=C(C#N)C#N,ClCCl,518.0,4.9,495.6818,4.7195544,508.7147,5.0164742,531.3884,4.9216805,512.1304,4.9729514,497.35385,5.0788217,500.82242,4.9412084,545.1476,4.936961,533.2206,4.774246,512.7263,4.7697177,501.57587,4.989693
CN1/C(=C/C=O)C(C)(C)c2ccccc21,CS(C)=O,338.0,4.733197265,339.80118,4.4666214,347.15042,4.3324637,340.0089,4.5688353,345.67285,4.556501,328.94003,4.2796235,342.07635,4.2978926,420.18283,4.556798,357.47336,4.3897195,437.40717,4.5797763,365.73596,4.529852
CN1/C(=C/C=N/c2sc3ccccc3[n+]2C)C(C)(C)c2ccccc21,CS(C)=O,469.0,4.870403905,492.1343,4.4234967,524.11816,4.607398,504.84045,4.73448,510.8707,4.4939866,510.6622,4.5404224,527.5043,4.6372976,522.64966,4.634248,524.1861,4.8735256,501.9736,4.639748,527.91705,4.712721
CC(C)(C)c1ccc(C#Cc2c(C#Cc3ccc(C(C)(C)C)cc3)c3cccc4c(C#Cc5ccc(C(C)(C)C)cc5)c(C#Cc5ccc(C(C)(C)C)cc5)c5cccc2c5c34)cc1,ClCCl,410.0,4.503790683,428.0915,4.6859307,433.36743,4.547297,426.34677,4.5973153,447.11255,4.717809,430.34778,4.6280065,444.49594,4.678761,452.8715,4.641708,426.36426,4.5965204,461.876,4.699341,458.17636,4.4991136
Brc1ccc(C2=c3cc4c5c(c3Oc3c2cc2c6c3CCCN6CCC2)CCC[N+]=5CCC4)cc1,CCO,580.0,4.846955325,650.82965,4.8630834,623.74396,4.743448,656.8333,4.640324,646.1054,4.811903,668.6566,4.8279657,676.436,4.899086,665.85974,4.85024,639.7283,4.7524405,690.9015,4.848966,648.09424,4.9115443
CC1=CC(C)(C)N(C)c2cc3c(cc21)C(c1ccc(Br)cc1)=c1cc2c(cc1O3)=[N+](C)C(C)(C)C=C2C,CCO,594.0,4.835056102,582.9307,4.726807,609.5218,4.7106304,539.7006,4.5927315,613.8554,4.778414,620.7716,4.817469,559.782,4.8958197,555.8718,4.7683992,543.7262,4.713748,563.34155,4.8123727,572.8046,4.732365
C[Si]1(C)c2cc3c(cc2-c2sc4ccccc4c21)[Si](C)(C)c1c-3sc2ccccc12,C1CCOC1,409.0,4.47,374.18478,4.407715,387.6188,4.360666,383.77353,4.16323,365.6639,4.012915,388.48074,4.3769507,390.27325,4.115236,383.87173,4.35306,371.13287,4.4005847,383.29828,4.146946,370.34488,3.8723068
C[Si]1(C)C2=C(c3ccccc31)S(=O)(=O)c1cc3c(cc12)S(=O)(=O)C1=C3[Si](C)(C)c2ccccc21,C1CCOC1,468.0,4.35,428.32205,4.3685517,391.22006,4.2023563,433.73947,4.3610387,456.00348,4.5886307,418.03885,4.5790405,427.97977,4.4791756,450.59772,4.482313,439.45123,4.465173,404.74692,4.3019633,414.43207,4.363943
c1ccc(C2(c3ccccc3)c3cc4c(cc3-c3sc5ccccc5c32)C(c2ccccc2)(c2ccccc2)c2c-4sc3ccccc23)cc1,C1CCOC1,394.0,4.73,334.24542,3.9378135,376.17975,4.4946833,350.91644,4.209754,338.24182,4.0339227,356.71198,4.200954,361.7484,3.9062166,353.1366,4.3475294,353.62833,4.4114876,395.0813,4.3286614,331.94452,4.365555
CCCc1cc2c(s1)-c1cc3c(cc1NB2c1ccccc1)-c1sc(CCC)cc1B(c1ccccc1)N3,ClCCl,411.0,4.77,400.94055,4.7783437,446.56107,4.500262,419.29486,4.6729407,420.58533,4.365003,415.23535,4.637399,431.03934,4.739444,413.7124,4.6803837,418.70444,4.637081,422.95746,4.6140246,411.84128,4.7441063
c1ccc(B2Nc3cc4c(cc3-c3occc32)NB(c2ccccc2)c2ccoc2-4)cc1,ClCCl,388.0,4.69,399.61353,4.7402344,412.65057,4.756203,398.68982,4.67622,408.02527,4.76302,403.20807,4.67941,381.59064,4.7757087,395.0657,4.8115163,402.67636,4.612814,401.14435,4.7539387,408.76495,4.6806073
c1ccc(B2Nc3cc4c(cc3-c3sc5ccccc5c32)NB(c2ccccc2)c2c-4sc3ccccc23)cc1,ClCCl,409.0,4.67,435.73532,4.6959696,446.40195,4.552332,417.13583,4.6925755,417.74472,4.4159765,409.81845,4.4269934,446.31427,4.532016,428.40265,4.763222,422.78406,4.702851,427.93115,4.493468,441.37335,4.129203
c1ccc2c(c1)-c1ccccc1[Si]21c2ccccc2-c2cc3c(cc21)-c1ccccc1[Si]31c2ccccc2-c2ccccc21,ClCCl,329.0,4.04,335.22137,4.1511087,317.44644,4.26232,328.27628,4.011658,339.86343,4.4399114,318.61902,4.4280405,318.3543,4.173011,302.22498,4.338092,347.7661,4.7960863,343.69293,4.4690633,343.9937,4.5906835
CC(C)(C)c1cc2c3c(c1)-c1cccc4c1N(B3N1c3ccccc3Sc3cccc-2c31)c1ccccc1S4,C1CCOC1,381.0,4.170261715,413.83813,4.300213,392.13034,4.229569,394.60562,4.384679,399.8556,4.376234,389.06506,4.0711174,390.27344,4.023894,401.75497,4.0884614,391.26355,4.286355,392.08466,4.0838737,415.95676,4.1217217
c1cc2c3c4c5c(cccc5cc3c1)-c1cccn1B4n1cccc1-2,C1CCOC1,505.0,3.662757832,434.63342,4.4140844,437.1614,3.9907522,439.6147,4.312306,403.2499,4.525522,417.84357,4.2422214,424.56516,4.4396214,439.53543,4.2309356,436.5537,4.0985155,425.29022,4.1684947,414.01758,4.266124
CCCCCCn1c2c(c3cc(-c4ccc5ccc6cccc7ccc4c5c67)ccc31)-c1c(c3cc(-c4ccc5ccc6cccc7ccc4c5c67)ccc3n1CCCCCC)-c1c(c3cc(-c4ccc5ccc6cccc7ccc4c5c67)ccc3n1CCCCCC)-c1c-2c2cc(-c3ccc4ccc5cccc6ccc3c4c56)ccc2n1CCCCCC,ClCCl,340.0,4.707570176,371.37012,5.109252,387.19608,5.3850064,392.54062,5.4269285,391.26505,5.045729,375.85883,5.1978183,383.57495,5.3845267,388.67365,5.148133,381.1932,4.9951196,398.31085,5.0572977,391.77002,4.992101
c1ccc(-c2nc3sc4cc5c(cc4c3s2)OCO5)cc1,CS(C)=O,359.0,4.461798558,347.9375,4.334466,358.88934,4.204605,358.4737,3.992979,360.40317,3.9496322,363.53955,4.13595,352.7009,3.9985542,367.52548,4.1058774,359.18518,4.4508514,360.0139,4.1619782,370.61224,4.3324986
Fc1ccc2sc3nc(-c4ccccc4)sc3c2c1,CS(C)=O,345.0,4.368472838,337.2505,4.430212,363.27502,4.1153073,346.92178,4.2911158,365.48212,4.0583677,356.2625,4.2122793,339.05383,4.3590746,363.8327,4.3553686,353.8512,4.411488,356.08264,4.3042274,343.51685,4.4077945
COc1cc(-c2nc3sc4ccccc4c3s2)cc(OC)c1OC,CS(C)=O,358.0,4.42357352,351.8701,4.3462386,356.45474,4.388662,350.45117,4.349563,356.73322,4.558705,371.52765,4.3706465,349.8449,4.338381,367.2049,4.3379064,356.58847,4.444648,357.5269,4.2979503,365.35,4.4633484
Clc1ccc(-c2nc3sc4ccccc4c3s2)cc1,CS(C)=O,351.0,4.197556213,343.58844,4.3645587,347.78235,4.334341,357.21686,4.194579,348.97815,4.48918,356.05695,4.335316,345.32513,4.305044,362.17474,4.4232554,355.42572,4.4063277,355.99133,4.2775307,345.00952,4.488252
Brc1ccc(-c2nc3sc4ccccc4c3s2)cc1,CS(C)=O,353.0,4.355259906,346.6045,4.430032,352.5185,4.334339,356.6011,4.360687,351.29443,4.4137974,358.67905,4.3634906,343.1104,4.3893514,364.72336,4.4458156,357.2609,4.4409766,358.46527,4.3123336,349.69458,4.4727755
c1ccc2c(-c3nc4sc5ccccc5c4s3)cccc2c1,CS(C)=O,350.0,4.085647288,358.1881,4.216763,355.63293,4.4157667,351.31747,4.240919,359.45374,4.46537,365.28918,4.3931007,343.74677,4.3246655,364.98007,4.328658,357.024,4.5193415,357.31097,4.349803,353.9042,4.4800262
COc1ccc(-c2sc3c(c2Br)=[N+]2C(=C(C(F)(F)F)c4cc5sc(-c6ccc(OC)cc6)c(Br)c5n4[B-]2(F)F)C=3)cc1,ClC(Cl)Cl,720.0,4.949390007,727.70996,5.138012,745.3801,5.12039,736.48376,5.176203,751.4906,5.283308,735.4671,5.217608,743.4602,5.2233787,733.16113,5.0991125,747.17883,5.237225,734.386,5.1245794,756.7661,5.1745496
COc1ccc(-c2sc3c(c2Br)=[N+]2C(=C(C(F)(F)F)c4cc5sc(-c6ccc(OC)cc6)c(Br)c5n4[B-]2(F)F)C=3)cc1,C1CCOC1,717.0,4.806179974,720.95166,5.1035395,739.73816,5.095156,732.155,5.1600266,745.10205,5.2101107,728.6084,5.1950245,736.8876,5.2016215,726.873,5.095075,738.85364,5.2070117,725.83295,5.098407,748.6926,5.124297
COc1ccc(-c2oc3c(c2Br)=[N+]2C(=C(C(F)(F)F)c4c(Br)c5oc(-c6ccc(OC)cc6)c(Br)c5n4[B-]2(F)F)C=3Br)cc1,ClC(Cl)Cl,746.0,4.973127854,700.2216,5.119522,734.6572,4.9582996,758.6615,5.0275345,733.82965,5.0554914,744.87146,5.0617123,740.0024,4.9458976,747.781,4.8839345,744.8832,5.179096,726.61975,5.0182104,762.5968,4.9703755
COc1ccc(-c2oc3c(c2Br)=[N+]2C(=C(C(F)(F)F)c4c(Br)c5oc(-c6ccc(OC)cc6)c(Br)c5n4[B-]2(F)F)C=3Br)cc1,C1CCOC1,741.0,5.1430148,695.5621,5.1100574,728.0916,4.9356008,751.0647,4.9636736,724.89624,4.967483,737.32806,5.041978,733.9166,4.9183335,742.45483,4.866478,736.4437,5.1496034,717.33984,4.983506,753.6497,4.9077606
CC(C)(C)c1ccc(C2=CC(c3ccccc3)=[N+]3C2=Nc2c(-c4ccc(C(C)(C)C)cc4)cc(-c4ccccc4)n2[B-]3(F)F)cc1,Cc1ccccc1,657.0,4.750508395,654.2063,4.9874625,657.71765,4.9562325,658.4449,4.92132,655.67773,4.9055147,671.9265,4.959823,668.84485,5.022017,679.8659,4.9608946,682.47705,4.956657,652.2984,4.946859,677.7705,4.9764295
CC(C)(C)c1ccc(C2=CC(c3ccccc3)=[N+]3C2=Nc2c(-c4ccc(C(C)(C)C)cc4)cc(-c4ccccc4)n2[B-]3(F)F)cc1,ClC(Cl)Cl,654.0,4.744292983,650.696,4.9164257,657.37726,4.958893,654.8351,4.896379,655.9617,4.8551617,674.49274,4.9651065,668.6303,5.0263624,678.32245,4.9575024,687.2302,4.968419,661.0996,4.963859,677.76855,4.979768
CC(C)(C)c1ccc(C2=CC(c3ccccc3)=[N+]3C2=Nc2c(-c4ccc(C(C)(C)C)cc4)cc(-c4ccccc4)n2[B-]3(F)F)cc1,C1CCOC1,654.0,4.755874856,643.9693,4.910434,651.16675,4.936446,650.7903,4.8936625,649.6025,4.8383527,664.64594,4.9482317,660.3146,5.0099287,671.54565,4.9600825,678.2388,4.9389443,650.3225,4.9314623,667.8224,4.9483733
CCCCCCCCCCCCOc1ccc(C2=c3sc4ccccc4c3=[N+]3C2=Nc2c(-c4ccc(OCCCCCCCCCCCC)cc4)c4sc5ccccc5c4n2[B-]3(F)F)cc1,Cc1ccccc1,733.0,4.92788341,719.17834,4.8591657,708.96124,4.863361,732.8784,4.8954053,731.3345,4.93481,738.6671,4.932355,715.79297,4.926986,726.4992,4.928745,729.7039,5.1101694,721.5493,4.9750814,736.2905,4.986996
CCCCCCCCCCCCOc1ccc(C2=c3sc4ccccc4c3=[N+]3C2=Nc2c(-c4ccc(OCCCCCCCCCCCC)cc4)c4sc5ccccc5c4n2[B-]3(F)F)cc1,ClC(Cl)Cl,731.0,4.936010796,720.3689,4.8393507,707.1437,4.8917594,730.6492,4.936997,727.91614,5.003152,739.8023,4.936595,715.198,4.932248,723.96045,4.941598,734.42566,5.1261415,726.2688,4.9933906,739.3491,4.983106
CCCCCCCCCCCCOc1ccc(C2=c3sc4ccccc4c3=[N+]3C2=Nc2c(-c4ccc(OCCCCCCCCCCCC)cc4)c4sc5ccccc5c4n2[B-]3(F)F)cc1,C1CCOC1,729.0,4.902546779,714.09174,4.7728295,702.079,4.862986,725.4673,4.8868985,722.2883,4.8800297,731.3059,4.914582,708.346,4.8996305,719.16296,4.925677,725.59155,5.092601,717.2107,4.951128,727.48303,4.943116
CCCCCCCC(CCCCCCC)N1C(=O)c2ccc3c4ccc5c6c(ccc(c7ccc(c2c37)C1=O)c64)C(=O)N(C(CCCCCCC)CCCCCCC)C5=O,ClCCl,526.0,4.908485019,460.47916,4.9577727,512.90875,4.8767548,514.0515,5.052471,521.26,4.9565005,491.88205,4.9634123,508.71277,5.138872,479.64615,5.045093,512.2647,5.071915,479.4104,5.036749,515.3193,5.0237346
CCCCCCn1c2cc(C=O)sc2c2sc3c(sc4c5sc(C=O)cc5n(CCCCCC)c43)c21,ClCCl,468.0,4.978636948,394.49207,4.6485877,461.75916,4.7447386,476.788,4.4692755,452.48978,4.4917436,409.6775,4.603838,427.07715,4.6242585,439.8797,4.643245,429.29526,4.6789327,426.73495,4.5148797,538.1909,4.95377
CCCCCCn1c2cc(C=C(C#N)C#N)sc2c2sc3c(sc4c5sc(C=C(C#N)C#N)cc5n(CCCCCC)c43)c21,ClCCl,588.0,5.203032887,465.83926,4.5565386,534.2999,4.722659,508.28906,4.41978,517.2912,4.5139637,505.62402,4.736551,497.1695,4.5742383,515.9956,4.5238695,518.41473,4.6808414,515.9885,4.474334,614.39105,4.7916307
CCCCCCCCCCCCc1sc(CCCCCC)c2c3cc(CCCCCC)sc3c3sc(CCCCCC)cc3c12,ClC(Cl)Cl,373.0,4.139879086,364.39038,3.9563282,363.21362,4.2802615,402.73462,4.1018953,409.44724,3.8961763,391.21948,4.0165873,398.5518,4.18938,396.28735,4.0659504,376.4411,4.451599,364.72754,4.553171,393.20685,4.000734
c1cc2c3c(c1)-c1ccc4c5c(ccc(c15)B3c1ccc3c5c(ccc-2c15)CC3)CC4,Cc1ccccc1,495.0,5.297760511,382.87347,4.459385,450.74554,4.54813,380.95465,4.462062,406.4908,4.4003973,418.2347,4.367467,411.08978,4.5685544,375.58447,4.500443,417.13675,4.163126,391.4518,4.0686145,439.2324,4.441715
