Command line
python /users/rmb20171/miniconda3/envs/chemprop15/bin/chemprop_train --data_path reaxys_data_no_numbers.csv --dataset_type regression --epochs 100 --number_of_molecules 2 --split_type random --seed 0 --depth 5 --hidden_size 1900 --ffn_hidden_size 2300 --ffn_num_layers 3 --dropout 0.15 --aggregation mean --batch_size 50 --metric rmse --num_workers 16 --save_dir chemprop_train_reaxys_test_NO_NUMBERS
Args
{'activation': 'ReLU',
 'adding_h': False,
 'aggregation': 'mean',
 'aggregation_norm': 100,
 'atom_descriptor_scaling': True,
 'atom_descriptors': None,
 'atom_descriptors_path': None,
 'atom_descriptors_size': 0,
 'atom_features_size': 0,
 'atom_messages': False,
 'batch_size': 50,
 'bias': False,
 'bias_solvent': False,
 'bond_feature_scaling': True,
 'bond_features_path': None,
 'bond_features_size': 0,
 'cache_cutoff': 10000,
 'checkpoint_dir': None,
 'checkpoint_frzn': None,
 'checkpoint_path': None,
 'checkpoint_paths': None,
 'class_balance': False,
 'config_path': None,
 'crossval_index_dir': None,
 'crossval_index_file': None,
 'crossval_index_sets': None,
 'cuda': False,
 'data_path': 'reaxys_data_no_numbers.csv',
 'data_weights_path': None,
 'dataset_type': 'regression',
 'depth': 5,
 'depth_solvent': 3,
 'device': device(type='cpu'),
 'dropout': 0.15,
 'empty_cache': False,
 'ensemble_size': 1,
 'epochs': 100,
 'evidential_regularization': 0,
 'explicit_h': False,
 'extra_metrics': [],
 'features_generator': None,
 'features_only': False,
 'features_path': None,
 'features_scaling': True,
 'features_size': None,
 'ffn_hidden_size': 2300,
 'ffn_num_layers': 3,
 'final_lr': 0.0001,
 'folds_file': None,
 'freeze_first_only': False,
 'frzn_ffn_layers': 0,
 'gpu': None,
 'grad_clip': None,
 'hidden_size': 1900,
 'hidden_size_solvent': 300,
 'ignore_columns': None,
 'init_lr': 0.0001,
 'log_frequency': 10,
 'loss_function': 'mse',
 'max_data_size': None,
 'max_lr': 0.001,
 'metric': 'rmse',
 'metrics': ['rmse'],
 'minimize_score': True,
 'mpn_shared': False,
 'multiclass_num_classes': 3,
 'no_atom_descriptor_scaling': False,
 'no_bond_features_scaling': False,
 'no_cache_mol': False,
 'no_cuda': False,
 'no_features_scaling': False,
 'num_folds': 1,
 'num_lrs': 1,
 'num_tasks': 2,
 'num_workers': 16,
 'number_of_molecules': 2,
 'overwrite_default_atom_features': False,
 'overwrite_default_bond_features': False,
 'phase_features_path': None,
 'pytorch_seed': 0,
 'quiet': False,
 'reaction': False,
 'reaction_mode': 'reac_diff',
 'reaction_solvent': False,
 'resume_experiment': False,
 'save_dir': 'chemprop_train_reaxys_test_NO_NUMBERS',
 'save_preds': False,
 'save_smiles_splits': False,
 'seed': 0,
 'separate_test_atom_descriptors_path': None,
 'separate_test_bond_features_path': None,
 'separate_test_features_path': None,
 'separate_test_path': None,
 'separate_test_phase_features_path': None,
 'separate_val_atom_descriptors_path': None,
 'separate_val_bond_features_path': None,
 'separate_val_features_path': None,
 'separate_val_path': None,
 'separate_val_phase_features_path': None,
 'show_individual_scores': False,
 'smiles_columns': ['Chromophore', 'Solvent'],
 'spectra_activation': 'exp',
 'spectra_phase_mask_path': None,
 'spectra_target_floor': 1e-08,
 'split_key_molecule': 0,
 'split_sizes': [0.8, 0.1, 0.1],
 'split_type': 'random',
 'target_columns': None,
 'target_weights': None,
 'task_names': ['Absorption max (nm)', 'log(e/mol-1 dm3 cm-1)'],
 'test': False,
 'test_fold_index': None,
 'train_data_size': None,
 'undirected': False,
 'use_input_features': False,
 'val_fold_index': None,
 'warmup_epochs': 2.0}
Setting molecule featurization parameters to default.
Loading data
Number of tasks = 2
Fold 0
Splitting data with seed 0
Total size = 55,866 | train size = 44,692 | val size = 5,587 | test size = 5,587
Fitting scaler
Building model 0
MoleculeModel(
  (encoder): MPN(
    (encoder): ModuleList(
      (0): MPNEncoder(
        (dropout_layer): Dropout(p=0.15, inplace=False)
        (act_func): ReLU()
        (W_i): Linear(in_features=147, out_features=1900, bias=False)
        (W_h): Linear(in_features=1900, out_features=1900, bias=False)
        (W_o): Linear(in_features=2033, out_features=1900, bias=True)
      )
      (1): MPNEncoder(
        (dropout_layer): Dropout(p=0.15, inplace=False)
        (act_func): ReLU()
        (W_i): Linear(in_features=147, out_features=1900, bias=False)
        (W_h): Linear(in_features=1900, out_features=1900, bias=False)
        (W_o): Linear(in_features=2033, out_features=1900, bias=True)
      )
    )
  )
  (ffn): Sequential(
    (0): Dropout(p=0.15, inplace=False)
    (1): Linear(in_features=3800, out_features=2300, bias=True)
    (2): ReLU()
    (3): Dropout(p=0.15, inplace=False)
    (4): Linear(in_features=2300, out_features=2300, bias=True)
    (5): ReLU()
    (6): Dropout(p=0.15, inplace=False)
    (7): Linear(in_features=2300, out_features=2, bias=True)
  )
)
Number of parameters = 29,550,802
Epoch 0
Loss = 1.1742e+00, PNorm = 115.9477, GNorm = 2.8751, lr_0 = 1.0554e-04
Loss = 1.1190e+00, PNorm = 115.9587, GNorm = 1.8418, lr_0 = 1.1058e-04
Loss = 8.7638e-01, PNorm = 115.9698, GNorm = 1.5062, lr_0 = 1.1562e-04
Loss = 9.1128e-01, PNorm = 115.9809, GNorm = 1.9396, lr_0 = 1.2066e-04
Loss = 9.3258e-01, PNorm = 115.9908, GNorm = 1.3618, lr_0 = 1.2570e-04
Loss = 1.0190e+00, PNorm = 116.0020, GNorm = 1.6002, lr_0 = 1.3074e-04
Loss = 8.4887e-01, PNorm = 116.0138, GNorm = 1.1873, lr_0 = 1.3578e-04
Loss = 8.2713e-01, PNorm = 116.0254, GNorm = 2.7184, lr_0 = 1.4082e-04
Loss = 8.5624e-01, PNorm = 116.0371, GNorm = 4.4032, lr_0 = 1.4586e-04
Loss = 9.5780e-01, PNorm = 116.0523, GNorm = 3.0049, lr_0 = 1.5090e-04
Loss = 8.3119e-01, PNorm = 116.0654, GNorm = 1.5122, lr_0 = 1.5594e-04
Loss = 7.8481e-01, PNorm = 116.0785, GNorm = 1.3106, lr_0 = 1.6097e-04
Loss = 7.7826e-01, PNorm = 116.0910, GNorm = 3.3338, lr_0 = 1.6601e-04
Loss = 6.5096e-01, PNorm = 116.1035, GNorm = 2.1757, lr_0 = 1.7105e-04
Loss = 7.3762e-01, PNorm = 116.1192, GNorm = 1.4243, lr_0 = 1.7609e-04
Loss = 9.2045e-01, PNorm = 116.1350, GNorm = 0.8640, lr_0 = 1.8113e-04
Loss = 8.1843e-01, PNorm = 116.1559, GNorm = 2.8277, lr_0 = 1.8617e-04
Loss = 7.3924e-01, PNorm = 116.1738, GNorm = 2.5896, lr_0 = 1.9121e-04
Loss = 7.3960e-01, PNorm = 116.1936, GNorm = 1.5303, lr_0 = 1.9625e-04
Loss = 7.7276e-01, PNorm = 116.2161, GNorm = 8.6468, lr_0 = 2.0129e-04
Loss = 7.6916e-01, PNorm = 116.2355, GNorm = 4.4886, lr_0 = 2.0633e-04
Loss = 6.7705e-01, PNorm = 116.2596, GNorm = 0.8116, lr_0 = 2.1137e-04
Loss = 7.0497e-01, PNorm = 116.2806, GNorm = 2.9149, lr_0 = 2.1641e-04
Loss = 8.3233e-01, PNorm = 116.3075, GNorm = 5.9251, lr_0 = 2.2144e-04
Loss = 6.6989e-01, PNorm = 116.3332, GNorm = 1.1565, lr_0 = 2.2648e-04
Loss = 6.7756e-01, PNorm = 116.3569, GNorm = 1.3293, lr_0 = 2.3152e-04
Loss = 6.9126e-01, PNorm = 116.3803, GNorm = 1.6568, lr_0 = 2.3656e-04
Loss = 7.4892e-01, PNorm = 116.4075, GNorm = 6.3686, lr_0 = 2.4160e-04
Loss = 8.1296e-01, PNorm = 116.4309, GNorm = 4.1020, lr_0 = 2.4664e-04
Loss = 7.3870e-01, PNorm = 116.4620, GNorm = 1.0936, lr_0 = 2.5168e-04
Loss = 7.9001e-01, PNorm = 116.4933, GNorm = 2.9499, lr_0 = 2.5672e-04
Loss = 7.8181e-01, PNorm = 116.5176, GNorm = 2.1428, lr_0 = 2.6176e-04
Loss = 6.1263e-01, PNorm = 116.5463, GNorm = 2.8557, lr_0 = 2.6680e-04
Loss = 7.2354e-01, PNorm = 116.5763, GNorm = 4.8658, lr_0 = 2.7184e-04
Loss = 7.4497e-01, PNorm = 116.6097, GNorm = 1.1871, lr_0 = 2.7688e-04
Loss = 5.9472e-01, PNorm = 116.6471, GNorm = 4.8951, lr_0 = 2.8191e-04
Loss = 6.4549e-01, PNorm = 116.6867, GNorm = 5.8058, lr_0 = 2.8695e-04
Loss = 5.8406e-01, PNorm = 116.7302, GNorm = 0.9621, lr_0 = 2.9199e-04
Loss = 7.0340e-01, PNorm = 116.7715, GNorm = 2.3165, lr_0 = 2.9703e-04
Loss = 7.0672e-01, PNorm = 116.8147, GNorm = 0.8555, lr_0 = 3.0207e-04
Loss = 6.9106e-01, PNorm = 116.8638, GNorm = 1.6788, lr_0 = 3.0711e-04
Loss = 7.2284e-01, PNorm = 116.9066, GNorm = 1.6047, lr_0 = 3.1215e-04
Loss = 6.3780e-01, PNorm = 116.9553, GNorm = 1.7355, lr_0 = 3.1719e-04
Loss = 7.1971e-01, PNorm = 117.0024, GNorm = 2.2435, lr_0 = 3.2223e-04
Loss = 6.7434e-01, PNorm = 117.0504, GNorm = 2.3601, lr_0 = 3.2727e-04
Loss = 6.1211e-01, PNorm = 117.0907, GNorm = 3.1912, lr_0 = 3.3231e-04
Loss = 6.3103e-01, PNorm = 117.1372, GNorm = 2.2978, lr_0 = 3.3735e-04
Loss = 6.8484e-01, PNorm = 117.1819, GNorm = 3.3515, lr_0 = 3.4239e-04
Loss = 7.1047e-01, PNorm = 117.2229, GNorm = 1.7419, lr_0 = 3.4742e-04
Loss = 6.9845e-01, PNorm = 117.2673, GNorm = 1.1839, lr_0 = 3.5246e-04
Loss = 6.8498e-01, PNorm = 117.3061, GNorm = 3.3029, lr_0 = 3.5750e-04
Loss = 6.7356e-01, PNorm = 117.3577, GNorm = 1.1729, lr_0 = 3.6254e-04
Loss = 7.3469e-01, PNorm = 117.4163, GNorm = 1.6560, lr_0 = 3.6758e-04
Loss = 6.8388e-01, PNorm = 117.4959, GNorm = 2.5491, lr_0 = 3.7262e-04
Loss = 7.1589e-01, PNorm = 117.5659, GNorm = 4.4916, lr_0 = 3.7766e-04
Loss = 5.7800e-01, PNorm = 117.6331, GNorm = 0.8718, lr_0 = 3.8270e-04
Loss = 6.6929e-01, PNorm = 117.6858, GNorm = 1.6699, lr_0 = 3.8774e-04
Loss = 6.5972e-01, PNorm = 117.7316, GNorm = 1.0587, lr_0 = 3.9278e-04
Loss = 5.3495e-01, PNorm = 117.7749, GNorm = 1.1706, lr_0 = 3.9782e-04
Loss = 6.7328e-01, PNorm = 117.8197, GNorm = 1.5871, lr_0 = 4.0286e-04
Loss = 5.9904e-01, PNorm = 117.8676, GNorm = 2.5654, lr_0 = 4.0789e-04
Loss = 6.3493e-01, PNorm = 117.9163, GNorm = 1.8175, lr_0 = 4.1293e-04
Loss = 6.7883e-01, PNorm = 117.9752, GNorm = 1.0815, lr_0 = 4.1797e-04
Loss = 6.0653e-01, PNorm = 118.0389, GNorm = 1.5513, lr_0 = 4.2301e-04
Loss = 6.1489e-01, PNorm = 118.1003, GNorm = 1.4415, lr_0 = 4.2805e-04
Loss = 6.1766e-01, PNorm = 118.1570, GNorm = 1.6549, lr_0 = 4.3309e-04
Loss = 5.8886e-01, PNorm = 118.2103, GNorm = 2.3118, lr_0 = 4.3813e-04
Loss = 5.4220e-01, PNorm = 118.2568, GNorm = 1.3437, lr_0 = 4.4317e-04
Loss = 6.1213e-01, PNorm = 118.3130, GNorm = 1.7261, lr_0 = 4.4821e-04
Loss = 5.9165e-01, PNorm = 118.3678, GNorm = 2.0156, lr_0 = 4.5325e-04
Loss = 6.0424e-01, PNorm = 118.4224, GNorm = 1.3476, lr_0 = 4.5829e-04
Loss = 5.9054e-01, PNorm = 118.4808, GNorm = 1.4652, lr_0 = 4.6333e-04
Loss = 5.1099e-01, PNorm = 118.5348, GNorm = 2.8311, lr_0 = 4.6837e-04
Loss = 5.4100e-01, PNorm = 118.5871, GNorm = 3.2001, lr_0 = 4.7340e-04
Loss = 6.4483e-01, PNorm = 118.6434, GNorm = 1.7167, lr_0 = 4.7844e-04
Loss = 6.6991e-01, PNorm = 118.7214, GNorm = 2.1465, lr_0 = 4.8348e-04
Loss = 6.8992e-01, PNorm = 118.7987, GNorm = 1.3438, lr_0 = 4.8852e-04
Loss = 5.4191e-01, PNorm = 118.8758, GNorm = 1.6162, lr_0 = 4.9356e-04
Loss = 4.3053e-01, PNorm = 118.9431, GNorm = 2.1917, lr_0 = 4.9860e-04
Loss = 6.1543e-01, PNorm = 119.0057, GNorm = 2.1431, lr_0 = 5.0364e-04
Loss = 5.2777e-01, PNorm = 119.0680, GNorm = 3.4077, lr_0 = 5.0868e-04
Loss = 6.1675e-01, PNorm = 119.1277, GNorm = 2.3659, lr_0 = 5.1372e-04
Loss = 5.5405e-01, PNorm = 119.2022, GNorm = 1.8712, lr_0 = 5.1876e-04
Loss = 5.7737e-01, PNorm = 119.2812, GNorm = 1.1673, lr_0 = 5.2380e-04
Loss = 5.2169e-01, PNorm = 119.3616, GNorm = 0.6888, lr_0 = 5.2884e-04
Loss = 6.1650e-01, PNorm = 119.4457, GNorm = 0.9080, lr_0 = 5.3387e-04
Loss = 5.8259e-01, PNorm = 119.5287, GNorm = 2.3888, lr_0 = 5.3891e-04
Loss = 5.6968e-01, PNorm = 119.6057, GNorm = 1.3117, lr_0 = 5.4395e-04
Loss = 5.2610e-01, PNorm = 119.6793, GNorm = 1.8009, lr_0 = 5.4899e-04
Validation rmse = 5.922834
Epoch 1
Loss = 5.5645e-01, PNorm = 119.7560, GNorm = 1.1678, lr_0 = 5.5454e-04
Loss = 5.0355e-01, PNorm = 119.8309, GNorm = 1.7678, lr_0 = 5.5957e-04
Loss = 5.5389e-01, PNorm = 119.9200, GNorm = 0.9850, lr_0 = 5.6461e-04
Loss = 5.1022e-01, PNorm = 120.0025, GNorm = 3.7047, lr_0 = 5.6965e-04
Loss = 6.2433e-01, PNorm = 120.0692, GNorm = 0.7157, lr_0 = 5.7469e-04
Loss = 6.1691e-01, PNorm = 120.1439, GNorm = 0.9771, lr_0 = 5.7973e-04
Loss = 5.7094e-01, PNorm = 120.2118, GNorm = 1.5486, lr_0 = 5.8477e-04
Loss = 5.5087e-01, PNorm = 120.2908, GNorm = 2.0078, lr_0 = 5.8981e-04
Loss = 5.4633e-01, PNorm = 120.3676, GNorm = 2.7492, lr_0 = 5.9485e-04
Loss = 5.4701e-01, PNorm = 120.4426, GNorm = 1.0963, lr_0 = 5.9989e-04
Loss = 5.0992e-01, PNorm = 120.5240, GNorm = 1.4618, lr_0 = 6.0493e-04
Loss = 4.8389e-01, PNorm = 120.6058, GNorm = 1.0681, lr_0 = 6.0997e-04
Loss = 5.6822e-01, PNorm = 120.6818, GNorm = 2.1835, lr_0 = 6.1501e-04
Loss = 5.3354e-01, PNorm = 120.7721, GNorm = 1.3421, lr_0 = 6.2004e-04
Loss = 4.4958e-01, PNorm = 120.8547, GNorm = 1.2435, lr_0 = 6.2508e-04
Loss = 4.9229e-01, PNorm = 120.9423, GNorm = 0.9874, lr_0 = 6.3012e-04
Loss = 5.9332e-01, PNorm = 121.0399, GNorm = 2.1715, lr_0 = 6.3516e-04
Loss = 5.8672e-01, PNorm = 121.1395, GNorm = 1.0701, lr_0 = 6.4020e-04
Loss = 5.6011e-01, PNorm = 121.2164, GNorm = 1.5925, lr_0 = 6.4524e-04
Loss = 5.0353e-01, PNorm = 121.2894, GNorm = 1.5400, lr_0 = 6.5028e-04
Loss = 4.4965e-01, PNorm = 121.3692, GNorm = 4.1786, lr_0 = 6.5532e-04
Loss = 5.3136e-01, PNorm = 121.4525, GNorm = 0.9612, lr_0 = 6.6036e-04
Loss = 4.9217e-01, PNorm = 121.5417, GNorm = 1.8032, lr_0 = 6.6540e-04
Loss = 4.8939e-01, PNorm = 121.6328, GNorm = 1.1868, lr_0 = 6.7044e-04
Loss = 4.6993e-01, PNorm = 121.7228, GNorm = 0.7237, lr_0 = 6.7548e-04
Loss = 5.4089e-01, PNorm = 121.8106, GNorm = 1.5140, lr_0 = 6.8052e-04
Loss = 4.9925e-01, PNorm = 121.9036, GNorm = 2.4522, lr_0 = 6.8555e-04
Loss = 5.3495e-01, PNorm = 121.9870, GNorm = 0.9389, lr_0 = 6.9059e-04
Loss = 4.4595e-01, PNorm = 122.0646, GNorm = 1.4736, lr_0 = 6.9563e-04
Loss = 5.1534e-01, PNorm = 122.1538, GNorm = 0.9256, lr_0 = 7.0067e-04
Loss = 5.5427e-01, PNorm = 122.2573, GNorm = 1.3190, lr_0 = 7.0571e-04
Loss = 6.6674e-01, PNorm = 122.3850, GNorm = 1.0536, lr_0 = 7.1075e-04
Loss = 5.9353e-01, PNorm = 122.5042, GNorm = 2.1786, lr_0 = 7.1579e-04
Loss = 5.3005e-01, PNorm = 122.6211, GNorm = 0.9678, lr_0 = 7.2083e-04
Loss = 4.7572e-01, PNorm = 122.7252, GNorm = 2.6774, lr_0 = 7.2587e-04
Loss = 4.5903e-01, PNorm = 122.8391, GNorm = 0.7561, lr_0 = 7.3091e-04
Loss = 4.9362e-01, PNorm = 122.9394, GNorm = 2.4339, lr_0 = 7.3595e-04
Loss = 5.8828e-01, PNorm = 123.0441, GNorm = 1.9982, lr_0 = 7.4099e-04
Loss = 4.4562e-01, PNorm = 123.1730, GNorm = 1.4651, lr_0 = 7.4602e-04
Loss = 5.4083e-01, PNorm = 123.2963, GNorm = 1.5416, lr_0 = 7.5106e-04
Loss = 5.7237e-01, PNorm = 123.4103, GNorm = 0.9120, lr_0 = 7.5610e-04
Loss = 5.5196e-01, PNorm = 123.5339, GNorm = 0.9970, lr_0 = 7.6114e-04
Loss = 4.3920e-01, PNorm = 123.6612, GNorm = 0.8919, lr_0 = 7.6618e-04
Loss = 6.1858e-01, PNorm = 123.7861, GNorm = 1.6213, lr_0 = 7.7122e-04
Loss = 4.5669e-01, PNorm = 123.9105, GNorm = 1.6316, lr_0 = 7.7626e-04
Loss = 5.9808e-01, PNorm = 124.0478, GNorm = 1.1538, lr_0 = 7.8130e-04
Loss = 4.9417e-01, PNorm = 124.1854, GNorm = 1.6779, lr_0 = 7.8634e-04
Loss = 5.1646e-01, PNorm = 124.3025, GNorm = 1.3260, lr_0 = 7.9138e-04
Loss = 4.5812e-01, PNorm = 124.4055, GNorm = 1.1259, lr_0 = 7.9642e-04
Loss = 4.6455e-01, PNorm = 124.5213, GNorm = 1.0611, lr_0 = 8.0146e-04
Loss = 4.9698e-01, PNorm = 124.6481, GNorm = 0.8942, lr_0 = 8.0649e-04
Loss = 4.6828e-01, PNorm = 124.7614, GNorm = 1.3444, lr_0 = 8.1153e-04
Loss = 5.3600e-01, PNorm = 124.9012, GNorm = 0.6640, lr_0 = 8.1657e-04
Loss = 6.0873e-01, PNorm = 125.0851, GNorm = 1.5688, lr_0 = 8.2161e-04
Loss = 5.0416e-01, PNorm = 125.2462, GNorm = 2.6180, lr_0 = 8.2665e-04
Loss = 6.1477e-01, PNorm = 125.4176, GNorm = 2.8298, lr_0 = 8.3169e-04
Loss = 4.8427e-01, PNorm = 125.5709, GNorm = 1.4735, lr_0 = 8.3673e-04
Loss = 4.6684e-01, PNorm = 125.6908, GNorm = 1.2117, lr_0 = 8.4177e-04
Loss = 5.2382e-01, PNorm = 125.8141, GNorm = 1.5220, lr_0 = 8.4681e-04
Loss = 6.0386e-01, PNorm = 125.9466, GNorm = 1.3377, lr_0 = 8.5185e-04
Loss = 4.6339e-01, PNorm = 126.0839, GNorm = 1.8282, lr_0 = 8.5689e-04
Loss = 4.6391e-01, PNorm = 126.2179, GNorm = 1.0278, lr_0 = 8.6193e-04
Loss = 4.7321e-01, PNorm = 126.3380, GNorm = 1.9602, lr_0 = 8.6697e-04
Loss = 4.5730e-01, PNorm = 126.4597, GNorm = 1.5169, lr_0 = 8.7200e-04
Loss = 5.8098e-01, PNorm = 126.6007, GNorm = 1.5042, lr_0 = 8.7704e-04
Loss = 4.5005e-01, PNorm = 126.7575, GNorm = 2.0019, lr_0 = 8.8208e-04
Loss = 5.3484e-01, PNorm = 126.9454, GNorm = 1.7049, lr_0 = 8.8712e-04
Loss = 5.0293e-01, PNorm = 127.1043, GNorm = 0.8999, lr_0 = 8.9216e-04
Loss = 6.0318e-01, PNorm = 127.2354, GNorm = 1.3997, lr_0 = 8.9720e-04
Loss = 5.0950e-01, PNorm = 127.3632, GNorm = 2.4165, lr_0 = 9.0224e-04
Loss = 4.7869e-01, PNorm = 127.5145, GNorm = 0.7668, lr_0 = 9.0728e-04
Loss = 5.1691e-01, PNorm = 127.6620, GNorm = 1.8097, lr_0 = 9.1232e-04
Loss = 4.1387e-01, PNorm = 127.8048, GNorm = 1.0673, lr_0 = 9.1736e-04
Loss = 4.4544e-01, PNorm = 127.9340, GNorm = 0.8454, lr_0 = 9.2240e-04
Loss = 4.5360e-01, PNorm = 128.0600, GNorm = 1.5109, lr_0 = 9.2744e-04
Loss = 4.7812e-01, PNorm = 128.2016, GNorm = 1.1296, lr_0 = 9.3247e-04
Loss = 4.7196e-01, PNorm = 128.3466, GNorm = 1.8340, lr_0 = 9.3751e-04
Loss = 5.5169e-01, PNorm = 128.5034, GNorm = 0.9733, lr_0 = 9.4255e-04
Loss = 6.5373e-01, PNorm = 128.6744, GNorm = 1.0374, lr_0 = 9.4759e-04
Loss = 4.9476e-01, PNorm = 128.8474, GNorm = 1.4379, lr_0 = 9.5263e-04
Loss = 5.4432e-01, PNorm = 129.0033, GNorm = 1.1304, lr_0 = 9.5767e-04
Loss = 4.5994e-01, PNorm = 129.1450, GNorm = 1.2566, lr_0 = 9.6271e-04
Loss = 4.4363e-01, PNorm = 129.2775, GNorm = 1.9225, lr_0 = 9.6775e-04
Loss = 3.8348e-01, PNorm = 129.4218, GNorm = 0.9709, lr_0 = 9.7279e-04
Loss = 4.9082e-01, PNorm = 129.5782, GNorm = 0.9903, lr_0 = 9.7783e-04
Loss = 4.6602e-01, PNorm = 129.7487, GNorm = 1.0030, lr_0 = 9.8287e-04
Loss = 4.3403e-01, PNorm = 129.9061, GNorm = 0.9087, lr_0 = 9.8791e-04
Loss = 5.2189e-01, PNorm = 130.0636, GNorm = 1.1538, lr_0 = 9.9295e-04
Loss = 4.4701e-01, PNorm = 130.2125, GNorm = 2.7298, lr_0 = 9.9798e-04
Validation rmse = 5.658522
Epoch 2
Loss = 4.4657e-01, PNorm = 130.3512, GNorm = 1.1382, lr_0 = 9.9984e-04
Loss = 4.9186e-01, PNorm = 130.5122, GNorm = 1.4604, lr_0 = 9.9958e-04
Loss = 3.9752e-01, PNorm = 130.6912, GNorm = 0.7935, lr_0 = 9.9932e-04
Loss = 4.7750e-01, PNorm = 130.8452, GNorm = 0.9158, lr_0 = 9.9905e-04
Loss = 4.4267e-01, PNorm = 131.0009, GNorm = 1.5886, lr_0 = 9.9879e-04
Loss = 4.3555e-01, PNorm = 131.1888, GNorm = 1.9776, lr_0 = 9.9853e-04
Loss = 4.6149e-01, PNorm = 131.3779, GNorm = 1.0915, lr_0 = 9.9826e-04
Loss = 4.1790e-01, PNorm = 131.5317, GNorm = 0.9078, lr_0 = 9.9800e-04
Loss = 4.2626e-01, PNorm = 131.6889, GNorm = 1.8331, lr_0 = 9.9774e-04
Loss = 5.0740e-01, PNorm = 131.8390, GNorm = 1.0506, lr_0 = 9.9748e-04
Loss = 4.2290e-01, PNorm = 131.9982, GNorm = 0.8499, lr_0 = 9.9721e-04
Loss = 4.3108e-01, PNorm = 132.1503, GNorm = 1.2916, lr_0 = 9.9695e-04
Loss = 4.8374e-01, PNorm = 132.3185, GNorm = 1.3831, lr_0 = 9.9669e-04
Loss = 5.0118e-01, PNorm = 132.4868, GNorm = 1.4013, lr_0 = 9.9643e-04
Loss = 6.0512e-01, PNorm = 132.6771, GNorm = 1.0236, lr_0 = 9.9617e-04
Loss = 5.6894e-01, PNorm = 132.8631, GNorm = 0.6894, lr_0 = 9.9590e-04
Loss = 4.7668e-01, PNorm = 133.0582, GNorm = 0.7244, lr_0 = 9.9564e-04
Loss = 4.0125e-01, PNorm = 133.2182, GNorm = 1.0723, lr_0 = 9.9538e-04
Loss = 4.4448e-01, PNorm = 133.3502, GNorm = 1.5275, lr_0 = 9.9512e-04
Loss = 5.0924e-01, PNorm = 133.4971, GNorm = 1.3162, lr_0 = 9.9486e-04
Loss = 4.3587e-01, PNorm = 133.6521, GNorm = 0.9051, lr_0 = 9.9459e-04
Loss = 4.1104e-01, PNorm = 133.8118, GNorm = 1.4036, lr_0 = 9.9433e-04
Loss = 4.1573e-01, PNorm = 133.9724, GNorm = 1.0733, lr_0 = 9.9407e-04
Loss = 4.3443e-01, PNorm = 134.1380, GNorm = 1.3251, lr_0 = 9.9381e-04
Loss = 4.5277e-01, PNorm = 134.3414, GNorm = 0.8268, lr_0 = 9.9355e-04
Loss = 3.4659e-01, PNorm = 134.5552, GNorm = 0.9568, lr_0 = 9.9329e-04
Loss = 3.9404e-01, PNorm = 134.7332, GNorm = 1.8895, lr_0 = 9.9303e-04
Loss = 4.5013e-01, PNorm = 134.8902, GNorm = 1.4896, lr_0 = 9.9276e-04
Loss = 4.4176e-01, PNorm = 135.0598, GNorm = 0.8374, lr_0 = 9.9250e-04
Loss = 4.6503e-01, PNorm = 135.2265, GNorm = 1.0246, lr_0 = 9.9224e-04
Loss = 5.0842e-01, PNorm = 135.3940, GNorm = 1.0307, lr_0 = 9.9198e-04
Loss = 4.7710e-01, PNorm = 135.5713, GNorm = 1.2168, lr_0 = 9.9172e-04
Loss = 4.2992e-01, PNorm = 135.7538, GNorm = 1.3441, lr_0 = 9.9146e-04
Loss = 3.8319e-01, PNorm = 135.9235, GNorm = 1.0544, lr_0 = 9.9120e-04
Loss = 4.0363e-01, PNorm = 136.0713, GNorm = 1.8287, lr_0 = 9.9094e-04
Loss = 4.1138e-01, PNorm = 136.2422, GNorm = 0.6464, lr_0 = 9.9068e-04
Loss = 5.1959e-01, PNorm = 136.4062, GNorm = 1.3557, lr_0 = 9.9042e-04
Loss = 3.8404e-01, PNorm = 136.5549, GNorm = 0.8146, lr_0 = 9.9016e-04
Loss = 4.8942e-01, PNorm = 136.6967, GNorm = 0.8536, lr_0 = 9.8990e-04
Loss = 5.1932e-01, PNorm = 136.8746, GNorm = 1.2751, lr_0 = 9.8963e-04
Loss = 3.8084e-01, PNorm = 137.0534, GNorm = 1.3366, lr_0 = 9.8937e-04
Loss = 5.8774e-01, PNorm = 137.1911, GNorm = 2.1614, lr_0 = 9.8911e-04
Loss = 3.9719e-01, PNorm = 137.3582, GNorm = 0.6153, lr_0 = 9.8885e-04
Loss = 4.7916e-01, PNorm = 137.5017, GNorm = 1.1057, lr_0 = 9.8859e-04
Loss = 5.0279e-01, PNorm = 137.6438, GNorm = 1.0249, lr_0 = 9.8833e-04
Loss = 5.1115e-01, PNorm = 137.7878, GNorm = 1.0612, lr_0 = 9.8807e-04
Loss = 4.7976e-01, PNorm = 137.9342, GNorm = 1.2738, lr_0 = 9.8781e-04
Loss = 4.2768e-01, PNorm = 138.0944, GNorm = 1.3835, lr_0 = 9.8755e-04
Loss = 4.2998e-01, PNorm = 138.2466, GNorm = 1.0784, lr_0 = 9.8729e-04
Loss = 4.3467e-01, PNorm = 138.3776, GNorm = 1.0442, lr_0 = 9.8703e-04
Loss = 4.3319e-01, PNorm = 138.5207, GNorm = 0.8460, lr_0 = 9.8677e-04
Loss = 4.1836e-01, PNorm = 138.6625, GNorm = 1.1943, lr_0 = 9.8652e-04
Loss = 4.3722e-01, PNorm = 138.8465, GNorm = 1.0123, lr_0 = 9.8626e-04
Loss = 4.1627e-01, PNorm = 139.0271, GNorm = 0.7660, lr_0 = 9.8600e-04
Loss = 4.8957e-01, PNorm = 139.1948, GNorm = 2.2571, lr_0 = 9.8574e-04
Loss = 4.2344e-01, PNorm = 139.3296, GNorm = 0.7480, lr_0 = 9.8548e-04
Loss = 4.8128e-01, PNorm = 139.4610, GNorm = 0.9335, lr_0 = 9.8522e-04
Loss = 5.0749e-01, PNorm = 139.6019, GNorm = 2.5594, lr_0 = 9.8496e-04
Loss = 4.9492e-01, PNorm = 139.7762, GNorm = 1.7056, lr_0 = 9.8470e-04
Loss = 4.9255e-01, PNorm = 139.9601, GNorm = 1.4512, lr_0 = 9.8444e-04
Loss = 5.6993e-01, PNorm = 140.1473, GNorm = 1.1165, lr_0 = 9.8418e-04
Loss = 5.0035e-01, PNorm = 140.3966, GNorm = 1.3049, lr_0 = 9.8392e-04
Loss = 4.2162e-01, PNorm = 140.6312, GNorm = 0.8902, lr_0 = 9.8366e-04
Loss = 4.0855e-01, PNorm = 140.8183, GNorm = 1.5066, lr_0 = 9.8341e-04
Loss = 3.8209e-01, PNorm = 140.9808, GNorm = 0.9360, lr_0 = 9.8315e-04
Loss = 4.8865e-01, PNorm = 141.1515, GNorm = 1.2067, lr_0 = 9.8289e-04
Loss = 4.0180e-01, PNorm = 141.3217, GNorm = 1.2114, lr_0 = 9.8263e-04
Loss = 4.1242e-01, PNorm = 141.4748, GNorm = 1.3825, lr_0 = 9.8237e-04
Loss = 3.2711e-01, PNorm = 141.6113, GNorm = 1.1195, lr_0 = 9.8211e-04
Loss = 4.0919e-01, PNorm = 141.7430, GNorm = 1.1969, lr_0 = 9.8185e-04
Loss = 4.8291e-01, PNorm = 141.8694, GNorm = 1.4671, lr_0 = 9.8160e-04
Loss = 4.1112e-01, PNorm = 142.0045, GNorm = 1.0570, lr_0 = 9.8134e-04
Loss = 4.7837e-01, PNorm = 142.1453, GNorm = 1.1116, lr_0 = 9.8108e-04
Loss = 4.4417e-01, PNorm = 142.3117, GNorm = 1.2646, lr_0 = 9.8082e-04
Loss = 4.5060e-01, PNorm = 142.4823, GNorm = 1.5719, lr_0 = 9.8056e-04
Loss = 4.8484e-01, PNorm = 142.6777, GNorm = 1.4304, lr_0 = 9.8031e-04
Loss = 5.0501e-01, PNorm = 142.8621, GNorm = 1.1125, lr_0 = 9.8005e-04
Loss = 4.0260e-01, PNorm = 143.0306, GNorm = 1.2546, lr_0 = 9.7979e-04
Loss = 4.0420e-01, PNorm = 143.1942, GNorm = 2.5802, lr_0 = 9.7953e-04
Loss = 4.0933e-01, PNorm = 143.3301, GNorm = 1.2260, lr_0 = 9.7927e-04
Loss = 3.9782e-01, PNorm = 143.4654, GNorm = 1.3933, lr_0 = 9.7902e-04
Loss = 4.2645e-01, PNorm = 143.6043, GNorm = 0.8560, lr_0 = 9.7876e-04
Loss = 3.6437e-01, PNorm = 143.7488, GNorm = 0.7841, lr_0 = 9.7850e-04
Loss = 4.6642e-01, PNorm = 143.9025, GNorm = 1.2765, lr_0 = 9.7824e-04
Loss = 5.5050e-01, PNorm = 144.0812, GNorm = 1.2120, lr_0 = 9.7799e-04
Loss = 4.4417e-01, PNorm = 144.2515, GNorm = 0.8088, lr_0 = 9.7773e-04
Loss = 4.2145e-01, PNorm = 144.3978, GNorm = 1.4041, lr_0 = 9.7747e-04
Loss = 3.6807e-01, PNorm = 144.5466, GNorm = 0.9863, lr_0 = 9.7722e-04
Loss = 3.5689e-01, PNorm = 144.6854, GNorm = 0.9998, lr_0 = 9.7696e-04
Loss = 3.8383e-01, PNorm = 144.8128, GNorm = 1.2378, lr_0 = 9.7670e-04
Validation rmse = 5.189048
Epoch 3
Loss = 4.1312e-01, PNorm = 144.9746, GNorm = 0.8772, lr_0 = 9.7644e-04
Loss = 3.9995e-01, PNorm = 145.1427, GNorm = 0.8327, lr_0 = 9.7619e-04
Loss = 3.2507e-01, PNorm = 145.3034, GNorm = 0.8546, lr_0 = 9.7593e-04
Loss = 4.5183e-01, PNorm = 145.4594, GNorm = 1.0606, lr_0 = 9.7567e-04
Loss = 3.4545e-01, PNorm = 145.6108, GNorm = 1.2549, lr_0 = 9.7542e-04
Loss = 4.5575e-01, PNorm = 145.7597, GNorm = 1.2376, lr_0 = 9.7516e-04
Loss = 3.7567e-01, PNorm = 145.9251, GNorm = 1.0438, lr_0 = 9.7490e-04
Loss = 3.7714e-01, PNorm = 146.0761, GNorm = 1.1103, lr_0 = 9.7465e-04
Loss = 4.4356e-01, PNorm = 146.1971, GNorm = 1.0476, lr_0 = 9.7439e-04
Loss = 2.6367e-01, PNorm = 146.3252, GNorm = 0.8292, lr_0 = 9.7413e-04
Loss = 5.0297e-01, PNorm = 146.4710, GNorm = 1.6927, lr_0 = 9.7388e-04
Loss = 4.2404e-01, PNorm = 146.6177, GNorm = 1.4112, lr_0 = 9.7362e-04
Loss = 4.0751e-01, PNorm = 146.7730, GNorm = 0.9713, lr_0 = 9.7337e-04
Loss = 3.7278e-01, PNorm = 146.9495, GNorm = 1.4232, lr_0 = 9.7311e-04
Loss = 3.7702e-01, PNorm = 147.1065, GNorm = 0.7819, lr_0 = 9.7285e-04
Loss = 4.2196e-01, PNorm = 147.2586, GNorm = 1.3321, lr_0 = 9.7260e-04
Loss = 3.7081e-01, PNorm = 147.4151, GNorm = 1.0796, lr_0 = 9.7234e-04
Loss = 4.1515e-01, PNorm = 147.5862, GNorm = 1.1361, lr_0 = 9.7209e-04
Loss = 3.3191e-01, PNorm = 147.7394, GNorm = 1.0532, lr_0 = 9.7183e-04
Loss = 3.3713e-01, PNorm = 147.8547, GNorm = 1.2538, lr_0 = 9.7157e-04
Loss = 4.0064e-01, PNorm = 147.9660, GNorm = 1.2001, lr_0 = 9.7132e-04
Loss = 4.1956e-01, PNorm = 148.0740, GNorm = 1.1244, lr_0 = 9.7106e-04
Loss = 4.1768e-01, PNorm = 148.2083, GNorm = 1.5092, lr_0 = 9.7081e-04
Loss = 4.5334e-01, PNorm = 148.3462, GNorm = 1.4980, lr_0 = 9.7055e-04
Loss = 3.2527e-01, PNorm = 148.5044, GNorm = 0.9951, lr_0 = 9.7030e-04
Loss = 4.3281e-01, PNorm = 148.6454, GNorm = 0.7900, lr_0 = 9.7004e-04
Loss = 3.6292e-01, PNorm = 148.7931, GNorm = 1.0201, lr_0 = 9.6979e-04
Loss = 4.0090e-01, PNorm = 148.9376, GNorm = 0.7044, lr_0 = 9.6953e-04
Loss = 3.6787e-01, PNorm = 149.0900, GNorm = 0.8014, lr_0 = 9.6928e-04
Loss = 4.4060e-01, PNorm = 149.2462, GNorm = 0.7345, lr_0 = 9.6902e-04
Loss = 3.6189e-01, PNorm = 149.4019, GNorm = 0.7771, lr_0 = 9.6877e-04
Loss = 4.1558e-01, PNorm = 149.5659, GNorm = 0.9461, lr_0 = 9.6851e-04
Loss = 4.5073e-01, PNorm = 149.7218, GNorm = 1.3445, lr_0 = 9.6826e-04
Loss = 4.9373e-01, PNorm = 149.8868, GNorm = 1.2352, lr_0 = 9.6800e-04
Loss = 4.2290e-01, PNorm = 150.0638, GNorm = 1.1922, lr_0 = 9.6775e-04
Loss = 4.3242e-01, PNorm = 150.2419, GNorm = 1.1649, lr_0 = 9.6749e-04
Loss = 4.1321e-01, PNorm = 150.4153, GNorm = 1.6022, lr_0 = 9.6724e-04
Loss = 3.4844e-01, PNorm = 150.5872, GNorm = 0.7277, lr_0 = 9.6698e-04
Loss = 4.1252e-01, PNorm = 150.7487, GNorm = 0.8845, lr_0 = 9.6673e-04
Loss = 3.7235e-01, PNorm = 150.9151, GNorm = 1.3021, lr_0 = 9.6648e-04
Loss = 4.0495e-01, PNorm = 151.0693, GNorm = 1.2503, lr_0 = 9.6622e-04
Loss = 4.0185e-01, PNorm = 151.2076, GNorm = 4.4616, lr_0 = 9.6597e-04
Loss = 4.5713e-01, PNorm = 151.3817, GNorm = 1.0090, lr_0 = 9.6571e-04
Loss = 3.3164e-01, PNorm = 151.5572, GNorm = 1.1229, lr_0 = 9.6546e-04
Loss = 3.2824e-01, PNorm = 151.7144, GNorm = 1.1262, lr_0 = 9.6521e-04
Loss = 3.3438e-01, PNorm = 151.8500, GNorm = 1.0635, lr_0 = 9.6495e-04
Loss = 3.7069e-01, PNorm = 151.9851, GNorm = 1.3271, lr_0 = 9.6470e-04
Loss = 3.8366e-01, PNorm = 152.1325, GNorm = 0.6134, lr_0 = 9.6444e-04
Loss = 4.3519e-01, PNorm = 152.2957, GNorm = 1.1993, lr_0 = 9.6419e-04
Loss = 3.4833e-01, PNorm = 152.4508, GNorm = 0.8819, lr_0 = 9.6394e-04
Loss = 3.5946e-01, PNorm = 152.5832, GNorm = 1.3323, lr_0 = 9.6368e-04
Loss = 3.2082e-01, PNorm = 152.7139, GNorm = 0.9701, lr_0 = 9.6343e-04
Loss = 4.2060e-01, PNorm = 152.8299, GNorm = 1.0258, lr_0 = 9.6318e-04
Loss = 4.4275e-01, PNorm = 152.9556, GNorm = 0.8920, lr_0 = 9.6292e-04
Loss = 4.3653e-01, PNorm = 153.0988, GNorm = 0.8688, lr_0 = 9.6267e-04
Loss = 3.7317e-01, PNorm = 153.2410, GNorm = 1.3479, lr_0 = 9.6242e-04
Loss = 3.6611e-01, PNorm = 153.3773, GNorm = 0.5774, lr_0 = 9.6216e-04
Loss = 4.1147e-01, PNorm = 153.4962, GNorm = 0.8151, lr_0 = 9.6191e-04
Loss = 4.2651e-01, PNorm = 153.6186, GNorm = 1.0607, lr_0 = 9.6166e-04
Loss = 4.3096e-01, PNorm = 153.7566, GNorm = 0.9046, lr_0 = 9.6140e-04
Loss = 3.6687e-01, PNorm = 153.8891, GNorm = 1.1115, lr_0 = 9.6115e-04
Loss = 2.8920e-01, PNorm = 154.0218, GNorm = 0.9706, lr_0 = 9.6090e-04
Loss = 3.6641e-01, PNorm = 154.1536, GNorm = 1.4089, lr_0 = 9.6064e-04
Loss = 4.6572e-01, PNorm = 154.2917, GNorm = 1.3784, lr_0 = 9.6039e-04
Loss = 4.3186e-01, PNorm = 154.4434, GNorm = 0.8998, lr_0 = 9.6014e-04
Loss = 3.7066e-01, PNorm = 154.5878, GNorm = 1.0361, lr_0 = 9.5989e-04
Loss = 4.1567e-01, PNorm = 154.7352, GNorm = 0.7524, lr_0 = 9.5963e-04
Loss = 3.2342e-01, PNorm = 154.8900, GNorm = 1.3533, lr_0 = 9.5938e-04
Loss = 3.8454e-01, PNorm = 155.0339, GNorm = 1.5782, lr_0 = 9.5913e-04
Loss = 2.9616e-01, PNorm = 155.1861, GNorm = 0.5728, lr_0 = 9.5888e-04
Loss = 3.7355e-01, PNorm = 155.3174, GNorm = 0.9629, lr_0 = 9.5862e-04
Loss = 3.4542e-01, PNorm = 155.4611, GNorm = 0.9024, lr_0 = 9.5837e-04
Loss = 3.4540e-01, PNorm = 155.6220, GNorm = 0.9228, lr_0 = 9.5812e-04
Loss = 3.3889e-01, PNorm = 155.7655, GNorm = 1.1443, lr_0 = 9.5787e-04
Loss = 4.0122e-01, PNorm = 155.9097, GNorm = 0.6117, lr_0 = 9.5762e-04
Loss = 4.3086e-01, PNorm = 156.0652, GNorm = 0.8836, lr_0 = 9.5736e-04
Loss = 3.3123e-01, PNorm = 156.2230, GNorm = 2.2284, lr_0 = 9.5711e-04
Loss = 2.8527e-01, PNorm = 156.3755, GNorm = 1.1176, lr_0 = 9.5686e-04
Loss = 2.8901e-01, PNorm = 156.4960, GNorm = 0.6852, lr_0 = 9.5661e-04
Loss = 3.9501e-01, PNorm = 156.6206, GNorm = 0.6773, lr_0 = 9.5636e-04
Loss = 3.5967e-01, PNorm = 156.7449, GNorm = 1.5938, lr_0 = 9.5611e-04
Loss = 3.9354e-01, PNorm = 156.8753, GNorm = 1.2922, lr_0 = 9.5585e-04
Loss = 3.2307e-01, PNorm = 157.0176, GNorm = 1.0293, lr_0 = 9.5560e-04
Loss = 3.6482e-01, PNorm = 157.1446, GNorm = 0.8574, lr_0 = 9.5535e-04
Loss = 3.3027e-01, PNorm = 157.2840, GNorm = 1.0250, lr_0 = 9.5510e-04
Loss = 3.9920e-01, PNorm = 157.4290, GNorm = 1.3537, lr_0 = 9.5485e-04
Loss = 4.3705e-01, PNorm = 157.5893, GNorm = 1.3351, lr_0 = 9.5460e-04
Loss = 4.1321e-01, PNorm = 157.7780, GNorm = 0.8326, lr_0 = 9.5435e-04
Loss = 4.7980e-01, PNorm = 157.9528, GNorm = 1.1691, lr_0 = 9.5410e-04
Validation rmse = 4.953779
Epoch 4
Loss = 3.2375e-01, PNorm = 158.1120, GNorm = 1.1737, lr_0 = 9.5384e-04
Loss = 3.4890e-01, PNorm = 158.2683, GNorm = 1.3151, lr_0 = 9.5359e-04
Loss = 3.9582e-01, PNorm = 158.4216, GNorm = 0.7497, lr_0 = 9.5334e-04
Loss = 3.7369e-01, PNorm = 158.6099, GNorm = 1.0928, lr_0 = 9.5309e-04
Loss = 4.0866e-01, PNorm = 158.7744, GNorm = 0.8983, lr_0 = 9.5284e-04
Loss = 3.0349e-01, PNorm = 158.9328, GNorm = 0.6960, lr_0 = 9.5259e-04
Loss = 3.6221e-01, PNorm = 159.0568, GNorm = 0.6544, lr_0 = 9.5234e-04
Loss = 3.7031e-01, PNorm = 159.1831, GNorm = 1.1802, lr_0 = 9.5209e-04
Loss = 2.7527e-01, PNorm = 159.3154, GNorm = 0.8819, lr_0 = 9.5184e-04
Loss = 3.5740e-01, PNorm = 159.4337, GNorm = 0.7305, lr_0 = 9.5159e-04
Loss = 2.9249e-01, PNorm = 159.5535, GNorm = 0.7884, lr_0 = 9.5134e-04
Loss = 3.2240e-01, PNorm = 159.6887, GNorm = 0.8166, lr_0 = 9.5109e-04
Loss = 3.5182e-01, PNorm = 159.8252, GNorm = 1.1576, lr_0 = 9.5084e-04
Loss = 3.2863e-01, PNorm = 159.9583, GNorm = 1.2450, lr_0 = 9.5059e-04
Loss = 3.2849e-01, PNorm = 160.1060, GNorm = 1.7634, lr_0 = 9.5034e-04
Loss = 3.4249e-01, PNorm = 160.2771, GNorm = 1.0057, lr_0 = 9.5009e-04
Loss = 3.8266e-01, PNorm = 160.4466, GNorm = 0.7950, lr_0 = 9.4984e-04
Loss = 3.5192e-01, PNorm = 160.6807, GNorm = 1.5573, lr_0 = 9.4959e-04
Loss = 4.0755e-01, PNorm = 160.8931, GNorm = 1.4077, lr_0 = 9.4934e-04
Loss = 4.2296e-01, PNorm = 161.0864, GNorm = 2.0551, lr_0 = 9.4909e-04
Loss = 3.4658e-01, PNorm = 161.2527, GNorm = 1.0340, lr_0 = 9.4884e-04
Loss = 3.4708e-01, PNorm = 161.4091, GNorm = 1.3897, lr_0 = 9.4859e-04
Loss = 3.6650e-01, PNorm = 161.5665, GNorm = 1.3444, lr_0 = 9.4834e-04
Loss = 3.6058e-01, PNorm = 161.7349, GNorm = 1.0490, lr_0 = 9.4809e-04
Loss = 3.8276e-01, PNorm = 161.9133, GNorm = 0.8881, lr_0 = 9.4784e-04
Loss = 3.6841e-01, PNorm = 162.0779, GNorm = 0.9517, lr_0 = 9.4759e-04
Loss = 3.9383e-01, PNorm = 162.2164, GNorm = 0.9967, lr_0 = 9.4734e-04
Loss = 2.9938e-01, PNorm = 162.3684, GNorm = 1.0213, lr_0 = 9.4709e-04
Loss = 3.2889e-01, PNorm = 162.5159, GNorm = 0.7121, lr_0 = 9.4684e-04
Loss = 2.9645e-01, PNorm = 162.6439, GNorm = 2.1808, lr_0 = 9.4659e-04
Loss = 3.4438e-01, PNorm = 162.7581, GNorm = 0.5415, lr_0 = 9.4635e-04
Loss = 3.3345e-01, PNorm = 162.8937, GNorm = 0.7521, lr_0 = 9.4610e-04
Loss = 3.7259e-01, PNorm = 163.0264, GNorm = 0.7737, lr_0 = 9.4585e-04
Loss = 3.1138e-01, PNorm = 163.1807, GNorm = 1.1112, lr_0 = 9.4560e-04
Loss = 3.4682e-01, PNorm = 163.3281, GNorm = 0.8464, lr_0 = 9.4535e-04
Loss = 4.1031e-01, PNorm = 163.4794, GNorm = 0.6197, lr_0 = 9.4510e-04
Loss = 3.7539e-01, PNorm = 163.6007, GNorm = 1.8526, lr_0 = 9.4485e-04
Loss = 3.3911e-01, PNorm = 163.7367, GNorm = 0.7713, lr_0 = 9.4460e-04
Loss = 3.0327e-01, PNorm = 163.8673, GNorm = 1.0580, lr_0 = 9.4436e-04
Loss = 3.4066e-01, PNorm = 163.9835, GNorm = 0.9807, lr_0 = 9.4411e-04
Loss = 3.3303e-01, PNorm = 164.1145, GNorm = 1.5967, lr_0 = 9.4386e-04
Loss = 3.5071e-01, PNorm = 164.2697, GNorm = 1.2583, lr_0 = 9.4361e-04
Loss = 3.6691e-01, PNorm = 164.4265, GNorm = 0.8769, lr_0 = 9.4336e-04
Loss = 4.3466e-01, PNorm = 164.5821, GNorm = 1.0679, lr_0 = 9.4311e-04
Loss = 2.9250e-01, PNorm = 164.7533, GNorm = 0.8595, lr_0 = 9.4287e-04
Loss = 4.0480e-01, PNorm = 164.9237, GNorm = 0.8762, lr_0 = 9.4262e-04
Loss = 3.7595e-01, PNorm = 165.0925, GNorm = 0.9420, lr_0 = 9.4237e-04
Loss = 3.6657e-01, PNorm = 165.2422, GNorm = 0.8963, lr_0 = 9.4212e-04
Loss = 4.1254e-01, PNorm = 165.3968, GNorm = 1.0171, lr_0 = 9.4187e-04
Loss = 4.5904e-01, PNorm = 165.5382, GNorm = 1.7822, lr_0 = 9.4163e-04
Loss = 3.3406e-01, PNorm = 165.6854, GNorm = 1.1362, lr_0 = 9.4138e-04
Loss = 3.6047e-01, PNorm = 165.8077, GNorm = 1.0948, lr_0 = 9.4113e-04
Loss = 3.9421e-01, PNorm = 165.9299, GNorm = 1.2199, lr_0 = 9.4088e-04
Loss = 3.9949e-01, PNorm = 166.0594, GNorm = 1.3527, lr_0 = 9.4064e-04
Loss = 3.8286e-01, PNorm = 166.2001, GNorm = 1.1148, lr_0 = 9.4039e-04
Loss = 3.2746e-01, PNorm = 166.3299, GNorm = 1.2731, lr_0 = 9.4014e-04
Loss = 3.5005e-01, PNorm = 166.4704, GNorm = 0.7214, lr_0 = 9.3989e-04
Loss = 3.3875e-01, PNorm = 166.6175, GNorm = 0.5170, lr_0 = 9.3965e-04
Loss = 3.3286e-01, PNorm = 166.7372, GNorm = 0.9855, lr_0 = 9.3940e-04
Loss = 4.1721e-01, PNorm = 166.8726, GNorm = 1.2182, lr_0 = 9.3915e-04
Loss = 3.5356e-01, PNorm = 167.0292, GNorm = 1.0106, lr_0 = 9.3890e-04
Loss = 3.2220e-01, PNorm = 167.1770, GNorm = 0.6697, lr_0 = 9.3866e-04
Loss = 3.2529e-01, PNorm = 167.3044, GNorm = 0.9832, lr_0 = 9.3841e-04
Loss = 3.1944e-01, PNorm = 167.4260, GNorm = 0.8030, lr_0 = 9.3816e-04
Loss = 2.8805e-01, PNorm = 167.5449, GNorm = 0.6870, lr_0 = 9.3792e-04
Loss = 3.6472e-01, PNorm = 167.6778, GNorm = 0.8558, lr_0 = 9.3767e-04
Loss = 3.3958e-01, PNorm = 167.8180, GNorm = 1.4108, lr_0 = 9.3742e-04
Loss = 3.5448e-01, PNorm = 167.9801, GNorm = 0.7160, lr_0 = 9.3718e-04
Loss = 3.0910e-01, PNorm = 168.1320, GNorm = 0.8638, lr_0 = 9.3693e-04
Loss = 3.1882e-01, PNorm = 168.2561, GNorm = 0.7745, lr_0 = 9.3668e-04
Loss = 3.5807e-01, PNorm = 168.3760, GNorm = 1.0426, lr_0 = 9.3644e-04
Loss = 2.7707e-01, PNorm = 168.4950, GNorm = 0.7489, lr_0 = 9.3619e-04
Loss = 3.1587e-01, PNorm = 168.6199, GNorm = 2.4391, lr_0 = 9.3594e-04
Loss = 3.4556e-01, PNorm = 168.7459, GNorm = 1.0712, lr_0 = 9.3570e-04
Loss = 3.1507e-01, PNorm = 168.8867, GNorm = 0.7705, lr_0 = 9.3545e-04
Loss = 3.4365e-01, PNorm = 169.0147, GNorm = 0.8858, lr_0 = 9.3521e-04
Loss = 3.5434e-01, PNorm = 169.1378, GNorm = 1.3274, lr_0 = 9.3496e-04
Loss = 3.6419e-01, PNorm = 169.3082, GNorm = 0.8563, lr_0 = 9.3471e-04
Loss = 3.5262e-01, PNorm = 169.4729, GNorm = 1.5570, lr_0 = 9.3447e-04
Loss = 3.7594e-01, PNorm = 169.6240, GNorm = 0.9949, lr_0 = 9.3422e-04
Loss = 3.6555e-01, PNorm = 169.7787, GNorm = 1.0904, lr_0 = 9.3398e-04
Loss = 3.4262e-01, PNorm = 169.9333, GNorm = 1.6743, lr_0 = 9.3373e-04
Loss = 3.8284e-01, PNorm = 170.0973, GNorm = 1.1892, lr_0 = 9.3349e-04
Loss = 3.8137e-01, PNorm = 170.2570, GNorm = 1.6466, lr_0 = 9.3324e-04
Loss = 3.9342e-01, PNorm = 170.4089, GNorm = 0.9465, lr_0 = 9.3299e-04
Loss = 3.1331e-01, PNorm = 170.5538, GNorm = 0.6853, lr_0 = 9.3275e-04
Loss = 3.8235e-01, PNorm = 170.6789, GNorm = 1.0421, lr_0 = 9.3250e-04
Loss = 4.0537e-01, PNorm = 170.8204, GNorm = 0.8531, lr_0 = 9.3226e-04
Loss = 3.4228e-01, PNorm = 170.9550, GNorm = 0.7188, lr_0 = 9.3201e-04
Validation rmse = 4.615090
Epoch 5
Loss = 4.2078e-01, PNorm = 171.0804, GNorm = 0.7514, lr_0 = 9.3177e-04
Loss = 3.2386e-01, PNorm = 171.2097, GNorm = 1.3615, lr_0 = 9.3152e-04
Loss = 2.7309e-01, PNorm = 171.3342, GNorm = 0.7112, lr_0 = 9.3128e-04
Loss = 3.4684e-01, PNorm = 171.4682, GNorm = 0.7317, lr_0 = 9.3103e-04
Loss = 3.1795e-01, PNorm = 171.5998, GNorm = 0.9113, lr_0 = 9.3079e-04
Loss = 3.2984e-01, PNorm = 171.7340, GNorm = 0.8551, lr_0 = 9.3054e-04
Loss = 3.5090e-01, PNorm = 171.8704, GNorm = 1.7761, lr_0 = 9.3030e-04
Loss = 3.2161e-01, PNorm = 172.0058, GNorm = 0.8437, lr_0 = 9.3005e-04
Loss = 3.3246e-01, PNorm = 172.1373, GNorm = 0.7449, lr_0 = 9.2981e-04
Loss = 2.5515e-01, PNorm = 172.2626, GNorm = 0.7869, lr_0 = 9.2956e-04
Loss = 2.6915e-01, PNorm = 172.3760, GNorm = 0.9605, lr_0 = 9.2932e-04
Loss = 4.3100e-01, PNorm = 172.5002, GNorm = 0.9114, lr_0 = 9.2908e-04
Loss = 2.7043e-01, PNorm = 172.6173, GNorm = 0.6080, lr_0 = 9.2883e-04
Loss = 2.8930e-01, PNorm = 172.7140, GNorm = 0.9287, lr_0 = 9.2859e-04
Loss = 3.2050e-01, PNorm = 172.8177, GNorm = 0.7406, lr_0 = 9.2834e-04
Loss = 2.5753e-01, PNorm = 172.9279, GNorm = 0.8355, lr_0 = 9.2810e-04
Loss = 2.7065e-01, PNorm = 173.0209, GNorm = 0.7931, lr_0 = 9.2785e-04
Loss = 2.7925e-01, PNorm = 173.1244, GNorm = 0.6117, lr_0 = 9.2761e-04
Loss = 2.9669e-01, PNorm = 173.2286, GNorm = 0.9266, lr_0 = 9.2737e-04
Loss = 3.0921e-01, PNorm = 173.3378, GNorm = 0.8809, lr_0 = 9.2712e-04
Loss = 2.7189e-01, PNorm = 173.4586, GNorm = 1.2810, lr_0 = 9.2688e-04
Loss = 3.0141e-01, PNorm = 173.5950, GNorm = 1.3033, lr_0 = 9.2663e-04
Loss = 2.7307e-01, PNorm = 173.7360, GNorm = 0.7721, lr_0 = 9.2639e-04
Loss = 3.5989e-01, PNorm = 173.8772, GNorm = 1.1067, lr_0 = 9.2615e-04
Loss = 2.8727e-01, PNorm = 174.0037, GNorm = 0.9617, lr_0 = 9.2590e-04
Loss = 3.0380e-01, PNorm = 174.1256, GNorm = 1.2831, lr_0 = 9.2566e-04
Loss = 2.7609e-01, PNorm = 174.2491, GNorm = 1.0330, lr_0 = 9.2542e-04
Loss = 3.4840e-01, PNorm = 174.3639, GNorm = 1.4526, lr_0 = 9.2517e-04
Loss = 2.8145e-01, PNorm = 174.4728, GNorm = 0.8490, lr_0 = 9.2493e-04
Loss = 2.6328e-01, PNorm = 174.5819, GNorm = 1.2881, lr_0 = 9.2469e-04
Loss = 2.3508e-01, PNorm = 174.6842, GNorm = 0.8416, lr_0 = 9.2444e-04
Loss = 4.1282e-01, PNorm = 174.7925, GNorm = 1.3100, lr_0 = 9.2420e-04
Loss = 3.2785e-01, PNorm = 174.9119, GNorm = 0.7915, lr_0 = 9.2396e-04
Loss = 2.9611e-01, PNorm = 175.0353, GNorm = 0.8569, lr_0 = 9.2371e-04
Loss = 2.8710e-01, PNorm = 175.1720, GNorm = 0.8271, lr_0 = 9.2347e-04
Loss = 2.5112e-01, PNorm = 175.3038, GNorm = 1.0360, lr_0 = 9.2323e-04
Loss = 3.1354e-01, PNorm = 175.4406, GNorm = 0.8365, lr_0 = 9.2298e-04
Loss = 2.9306e-01, PNorm = 175.5716, GNorm = 0.6073, lr_0 = 9.2274e-04
Loss = 2.3657e-01, PNorm = 175.6934, GNorm = 0.8406, lr_0 = 9.2250e-04
Loss = 3.9412e-01, PNorm = 175.8283, GNorm = 2.2989, lr_0 = 9.2226e-04
Loss = 3.2147e-01, PNorm = 175.9864, GNorm = 0.7235, lr_0 = 9.2201e-04
Loss = 3.3936e-01, PNorm = 176.1403, GNorm = 0.7646, lr_0 = 9.2177e-04
Loss = 2.5921e-01, PNorm = 176.2810, GNorm = 0.7179, lr_0 = 9.2153e-04
Loss = 3.1911e-01, PNorm = 176.4053, GNorm = 0.7936, lr_0 = 9.2129e-04
Loss = 2.6095e-01, PNorm = 176.5172, GNorm = 1.0549, lr_0 = 9.2104e-04
Loss = 3.5168e-01, PNorm = 176.6414, GNorm = 0.5851, lr_0 = 9.2080e-04
Loss = 3.4137e-01, PNorm = 176.7863, GNorm = 0.9781, lr_0 = 9.2056e-04
Loss = 2.9325e-01, PNorm = 176.9325, GNorm = 0.8255, lr_0 = 9.2032e-04
Loss = 3.3144e-01, PNorm = 177.0653, GNorm = 0.6031, lr_0 = 9.2007e-04
Loss = 3.0419e-01, PNorm = 177.1936, GNorm = 0.9929, lr_0 = 9.1983e-04
Loss = 3.5722e-01, PNorm = 177.3278, GNorm = 0.8623, lr_0 = 9.1959e-04
Loss = 3.6228e-01, PNorm = 177.4760, GNorm = 0.7777, lr_0 = 9.1935e-04
Loss = 3.4538e-01, PNorm = 177.6131, GNorm = 0.8979, lr_0 = 9.1911e-04
Loss = 3.0157e-01, PNorm = 177.7393, GNorm = 0.8676, lr_0 = 9.1886e-04
Loss = 3.2046e-01, PNorm = 177.8653, GNorm = 0.8855, lr_0 = 9.1862e-04
Loss = 3.7843e-01, PNorm = 178.0088, GNorm = 1.0509, lr_0 = 9.1838e-04
Loss = 3.0630e-01, PNorm = 178.1540, GNorm = 1.1116, lr_0 = 9.1814e-04
Loss = 2.8667e-01, PNorm = 178.2973, GNorm = 1.0072, lr_0 = 9.1790e-04
Loss = 3.5308e-01, PNorm = 178.4506, GNorm = 0.9958, lr_0 = 9.1766e-04
Loss = 3.0115e-01, PNorm = 178.6094, GNorm = 1.2350, lr_0 = 9.1742e-04
Loss = 3.6907e-01, PNorm = 178.7554, GNorm = 1.2450, lr_0 = 9.1717e-04
Loss = 2.7337e-01, PNorm = 178.9163, GNorm = 0.9012, lr_0 = 9.1693e-04
Loss = 3.2745e-01, PNorm = 179.0639, GNorm = 0.7496, lr_0 = 9.1669e-04
Loss = 3.3518e-01, PNorm = 179.1989, GNorm = 0.7325, lr_0 = 9.1645e-04
Loss = 2.9652e-01, PNorm = 179.3258, GNorm = 0.9813, lr_0 = 9.1621e-04
Loss = 2.5281e-01, PNorm = 179.4590, GNorm = 0.5704, lr_0 = 9.1597e-04
Loss = 3.1412e-01, PNorm = 179.5883, GNorm = 1.3037, lr_0 = 9.1573e-04
Loss = 3.4826e-01, PNorm = 179.7264, GNorm = 1.1923, lr_0 = 9.1549e-04
Loss = 3.2658e-01, PNorm = 179.8621, GNorm = 1.0940, lr_0 = 9.1525e-04
Loss = 3.5061e-01, PNorm = 179.9819, GNorm = 1.2079, lr_0 = 9.1500e-04
Loss = 3.5225e-01, PNorm = 180.1368, GNorm = 1.0668, lr_0 = 9.1476e-04
Loss = 3.3318e-01, PNorm = 180.3042, GNorm = 1.7762, lr_0 = 9.1452e-04
Loss = 4.0101e-01, PNorm = 180.4615, GNorm = 1.6135, lr_0 = 9.1428e-04
Loss = 3.0075e-01, PNorm = 180.6281, GNorm = 0.8353, lr_0 = 9.1404e-04
Loss = 4.1336e-01, PNorm = 180.7855, GNorm = 1.0288, lr_0 = 9.1380e-04
Loss = 2.6667e-01, PNorm = 180.9224, GNorm = 0.8453, lr_0 = 9.1356e-04
Loss = 3.2186e-01, PNorm = 181.0525, GNorm = 0.9930, lr_0 = 9.1332e-04
Loss = 2.9464e-01, PNorm = 181.1693, GNorm = 0.8046, lr_0 = 9.1308e-04
Loss = 3.1992e-01, PNorm = 181.2931, GNorm = 1.3983, lr_0 = 9.1284e-04
Loss = 3.1926e-01, PNorm = 181.4251, GNorm = 0.9490, lr_0 = 9.1260e-04
Loss = 3.0155e-01, PNorm = 181.5556, GNorm = 1.0253, lr_0 = 9.1236e-04
Loss = 3.5062e-01, PNorm = 181.6857, GNorm = 1.0198, lr_0 = 9.1212e-04
Loss = 3.2318e-01, PNorm = 181.8110, GNorm = 0.8230, lr_0 = 9.1188e-04
Loss = 3.2087e-01, PNorm = 181.9515, GNorm = 0.4699, lr_0 = 9.1164e-04
Loss = 2.7380e-01, PNorm = 182.1027, GNorm = 1.0030, lr_0 = 9.1140e-04
Loss = 3.2625e-01, PNorm = 182.2483, GNorm = 1.0574, lr_0 = 9.1116e-04
Loss = 3.1475e-01, PNorm = 182.4014, GNorm = 0.8493, lr_0 = 9.1092e-04
Loss = 3.2626e-01, PNorm = 182.5462, GNorm = 1.0589, lr_0 = 9.1068e-04
Loss = 3.2795e-01, PNorm = 182.6967, GNorm = 0.9820, lr_0 = 9.1044e-04
Loss = 2.8969e-01, PNorm = 182.8397, GNorm = 0.7866, lr_0 = 9.1020e-04
Validation rmse = 4.364336
Epoch 6
Loss = 2.5434e-01, PNorm = 182.9713, GNorm = 0.6404, lr_0 = 9.0996e-04
Loss = 2.9616e-01, PNorm = 183.1024, GNorm = 0.7370, lr_0 = 9.0972e-04
Loss = 2.7792e-01, PNorm = 183.2403, GNorm = 1.1447, lr_0 = 9.0948e-04
Loss = 3.0411e-01, PNorm = 183.3784, GNorm = 1.0457, lr_0 = 9.0924e-04
Loss = 2.7721e-01, PNorm = 183.5122, GNorm = 0.8658, lr_0 = 9.0901e-04
Loss = 3.1433e-01, PNorm = 183.6444, GNorm = 1.1232, lr_0 = 9.0877e-04
Loss = 3.1267e-01, PNorm = 183.7779, GNorm = 1.1679, lr_0 = 9.0853e-04
Loss = 3.1096e-01, PNorm = 183.9069, GNorm = 1.1205, lr_0 = 9.0829e-04
Loss = 3.4284e-01, PNorm = 184.0458, GNorm = 0.8692, lr_0 = 9.0805e-04
Loss = 2.4472e-01, PNorm = 184.1868, GNorm = 1.8952, lr_0 = 9.0781e-04
Loss = 2.9015e-01, PNorm = 184.3141, GNorm = 1.1107, lr_0 = 9.0757e-04
Loss = 3.2063e-01, PNorm = 184.4494, GNorm = 1.0712, lr_0 = 9.0733e-04
Loss = 2.3852e-01, PNorm = 184.5928, GNorm = 0.6735, lr_0 = 9.0709e-04
Loss = 2.4851e-01, PNorm = 184.7207, GNorm = 0.9446, lr_0 = 9.0686e-04
Loss = 3.1501e-01, PNorm = 184.8555, GNorm = 1.3426, lr_0 = 9.0662e-04
Loss = 2.9743e-01, PNorm = 185.0113, GNorm = 0.7202, lr_0 = 9.0638e-04
Loss = 3.4525e-01, PNorm = 185.1506, GNorm = 0.6624, lr_0 = 9.0614e-04
Loss = 2.3287e-01, PNorm = 185.2804, GNorm = 1.1181, lr_0 = 9.0590e-04
Loss = 2.9515e-01, PNorm = 185.4153, GNorm = 1.1019, lr_0 = 9.0566e-04
Loss = 2.7215e-01, PNorm = 185.5506, GNorm = 0.5521, lr_0 = 9.0543e-04
Loss = 2.6722e-01, PNorm = 185.6739, GNorm = 0.6819, lr_0 = 9.0519e-04
Loss = 2.8984e-01, PNorm = 185.7962, GNorm = 0.8208, lr_0 = 9.0495e-04
Loss = 3.5326e-01, PNorm = 185.9266, GNorm = 0.6475, lr_0 = 9.0471e-04
Loss = 3.1711e-01, PNorm = 186.0573, GNorm = 0.8556, lr_0 = 9.0447e-04
Loss = 2.6183e-01, PNorm = 186.1811, GNorm = 1.9163, lr_0 = 9.0423e-04
Loss = 3.0188e-01, PNorm = 186.2936, GNorm = 1.0181, lr_0 = 9.0400e-04
Loss = 2.7192e-01, PNorm = 186.4202, GNorm = 0.7764, lr_0 = 9.0376e-04
Loss = 2.7835e-01, PNorm = 186.5409, GNorm = 1.9914, lr_0 = 9.0352e-04
Loss = 2.8035e-01, PNorm = 186.6873, GNorm = 0.9394, lr_0 = 9.0328e-04
Loss = 3.1566e-01, PNorm = 186.8489, GNorm = 1.0424, lr_0 = 9.0305e-04
Loss = 3.2226e-01, PNorm = 187.0211, GNorm = 1.0107, lr_0 = 9.0281e-04
Loss = 2.3374e-01, PNorm = 187.1756, GNorm = 1.2016, lr_0 = 9.0257e-04
Loss = 2.6188e-01, PNorm = 187.3306, GNorm = 0.7415, lr_0 = 9.0233e-04
Loss = 2.9605e-01, PNorm = 187.4696, GNorm = 1.2906, lr_0 = 9.0210e-04
Loss = 3.1018e-01, PNorm = 187.6198, GNorm = 1.4204, lr_0 = 9.0186e-04
Loss = 3.1940e-01, PNorm = 187.7662, GNorm = 0.6068, lr_0 = 9.0162e-04
Loss = 2.8840e-01, PNorm = 187.9047, GNorm = 0.6955, lr_0 = 9.0138e-04
Loss = 3.0079e-01, PNorm = 188.0338, GNorm = 0.6362, lr_0 = 9.0115e-04
Loss = 2.8049e-01, PNorm = 188.1645, GNorm = 0.9877, lr_0 = 9.0091e-04
Loss = 3.3598e-01, PNorm = 188.2966, GNorm = 1.0575, lr_0 = 9.0067e-04
Loss = 2.7715e-01, PNorm = 188.4508, GNorm = 0.7786, lr_0 = 9.0044e-04
Loss = 3.1967e-01, PNorm = 188.6045, GNorm = 0.8980, lr_0 = 9.0020e-04
Loss = 2.0867e-01, PNorm = 188.7330, GNorm = 1.5393, lr_0 = 8.9996e-04
Loss = 2.2382e-01, PNorm = 188.8455, GNorm = 0.7437, lr_0 = 8.9973e-04
Loss = 2.2306e-01, PNorm = 188.9556, GNorm = 0.6463, lr_0 = 8.9949e-04
Loss = 2.1434e-01, PNorm = 189.0633, GNorm = 0.6153, lr_0 = 8.9925e-04
Loss = 3.3674e-01, PNorm = 189.1722, GNorm = 0.9432, lr_0 = 8.9902e-04
Loss = 2.2150e-01, PNorm = 189.2915, GNorm = 0.5676, lr_0 = 8.9878e-04
Loss = 3.4244e-01, PNorm = 189.4183, GNorm = 0.9317, lr_0 = 8.9854e-04
Loss = 2.8378e-01, PNorm = 189.5628, GNorm = 0.7975, lr_0 = 8.9831e-04
Loss = 2.7058e-01, PNorm = 189.7004, GNorm = 0.9736, lr_0 = 8.9807e-04
Loss = 3.4334e-01, PNorm = 189.8468, GNorm = 1.0128, lr_0 = 8.9783e-04
Loss = 2.8294e-01, PNorm = 189.9912, GNorm = 0.7999, lr_0 = 8.9760e-04
Loss = 2.8900e-01, PNorm = 190.1154, GNorm = 1.4525, lr_0 = 8.9736e-04
Loss = 2.9957e-01, PNorm = 190.2293, GNorm = 0.9745, lr_0 = 8.9713e-04
Loss = 2.2988e-01, PNorm = 190.3562, GNorm = 1.2373, lr_0 = 8.9689e-04
Loss = 2.7641e-01, PNorm = 190.4793, GNorm = 0.9136, lr_0 = 8.9665e-04
Loss = 2.8110e-01, PNorm = 190.6088, GNorm = 0.8116, lr_0 = 8.9642e-04
Loss = 3.6211e-01, PNorm = 190.7485, GNorm = 0.8449, lr_0 = 8.9618e-04
Loss = 2.9960e-01, PNorm = 190.8945, GNorm = 0.9553, lr_0 = 8.9595e-04
Loss = 2.7280e-01, PNorm = 191.0521, GNorm = 0.6655, lr_0 = 8.9571e-04
Loss = 3.1220e-01, PNorm = 191.1903, GNorm = 0.9773, lr_0 = 8.9547e-04
Loss = 2.9090e-01, PNorm = 191.3207, GNorm = 0.7288, lr_0 = 8.9524e-04
Loss = 3.6968e-01, PNorm = 191.4903, GNorm = 0.8724, lr_0 = 8.9500e-04
Loss = 3.5514e-01, PNorm = 191.6581, GNorm = 2.0323, lr_0 = 8.9477e-04
Loss = 3.8868e-01, PNorm = 191.8649, GNorm = 1.7009, lr_0 = 8.9453e-04
Loss = 3.0375e-01, PNorm = 192.0946, GNorm = 1.2264, lr_0 = 8.9430e-04
Loss = 3.2325e-01, PNorm = 192.2725, GNorm = 1.0411, lr_0 = 8.9406e-04
Loss = 3.4395e-01, PNorm = 192.4271, GNorm = 1.6241, lr_0 = 8.9383e-04
Loss = 3.3070e-01, PNorm = 192.5763, GNorm = 1.1023, lr_0 = 8.9359e-04
Loss = 3.0003e-01, PNorm = 192.7086, GNorm = 1.2304, lr_0 = 8.9336e-04
Loss = 2.3216e-01, PNorm = 192.8352, GNorm = 0.5868, lr_0 = 8.9312e-04
Loss = 3.1599e-01, PNorm = 192.9782, GNorm = 1.0363, lr_0 = 8.9289e-04
Loss = 2.6892e-01, PNorm = 193.1234, GNorm = 0.9142, lr_0 = 8.9265e-04
Loss = 3.0926e-01, PNorm = 193.2576, GNorm = 1.0452, lr_0 = 8.9242e-04
Loss = 2.6230e-01, PNorm = 193.3875, GNorm = 0.9956, lr_0 = 8.9218e-04
Loss = 3.0208e-01, PNorm = 193.5193, GNorm = 1.0077, lr_0 = 8.9195e-04
Loss = 2.6708e-01, PNorm = 193.6443, GNorm = 0.7955, lr_0 = 8.9171e-04
Loss = 2.5858e-01, PNorm = 193.7646, GNorm = 1.0357, lr_0 = 8.9148e-04
Loss = 2.3538e-01, PNorm = 193.8807, GNorm = 0.8987, lr_0 = 8.9124e-04
Loss = 3.0414e-01, PNorm = 194.0025, GNorm = 0.8566, lr_0 = 8.9101e-04
Loss = 2.4588e-01, PNorm = 194.1223, GNorm = 1.0646, lr_0 = 8.9078e-04
Loss = 3.1848e-01, PNorm = 194.2323, GNorm = 1.6215, lr_0 = 8.9054e-04
Loss = 3.3504e-01, PNorm = 194.3615, GNorm = 1.3583, lr_0 = 8.9031e-04
Loss = 2.7458e-01, PNorm = 194.4960, GNorm = 1.1403, lr_0 = 8.9007e-04
Loss = 2.9210e-01, PNorm = 194.6305, GNorm = 1.0772, lr_0 = 8.8984e-04
Loss = 2.7557e-01, PNorm = 194.7629, GNorm = 0.5973, lr_0 = 8.8960e-04
Loss = 2.9003e-01, PNorm = 194.8936, GNorm = 0.8485, lr_0 = 8.8937e-04
Loss = 3.0647e-01, PNorm = 195.0295, GNorm = 1.0829, lr_0 = 8.8914e-04
Validation rmse = 4.372501
Epoch 7
Loss = 2.2179e-01, PNorm = 195.1593, GNorm = 1.0503, lr_0 = 8.8888e-04
Loss = 2.6855e-01, PNorm = 195.2755, GNorm = 0.9440, lr_0 = 8.8864e-04
Loss = 2.6464e-01, PNorm = 195.4075, GNorm = 0.8042, lr_0 = 8.8841e-04
Loss = 2.6947e-01, PNorm = 195.5527, GNorm = 1.3728, lr_0 = 8.8818e-04
Loss = 2.6262e-01, PNorm = 195.6814, GNorm = 1.1697, lr_0 = 8.8794e-04
Loss = 2.8246e-01, PNorm = 195.8033, GNorm = 0.8864, lr_0 = 8.8771e-04
Loss = 2.4257e-01, PNorm = 195.9220, GNorm = 0.9219, lr_0 = 8.8748e-04
Loss = 2.5360e-01, PNorm = 196.0380, GNorm = 0.9061, lr_0 = 8.8724e-04
Loss = 2.4848e-01, PNorm = 196.1419, GNorm = 1.0368, lr_0 = 8.8701e-04
Loss = 2.0511e-01, PNorm = 196.2441, GNorm = 0.5771, lr_0 = 8.8678e-04
Loss = 2.4264e-01, PNorm = 196.3406, GNorm = 0.6593, lr_0 = 8.8654e-04
Loss = 3.3005e-01, PNorm = 196.4450, GNorm = 0.6108, lr_0 = 8.8631e-04
Loss = 2.6165e-01, PNorm = 196.5723, GNorm = 0.7344, lr_0 = 8.8608e-04
Loss = 2.3679e-01, PNorm = 196.6904, GNorm = 0.8960, lr_0 = 8.8584e-04
Loss = 2.8978e-01, PNorm = 196.8094, GNorm = 1.2702, lr_0 = 8.8561e-04
Loss = 2.4496e-01, PNorm = 196.9359, GNorm = 1.0121, lr_0 = 8.8538e-04
Loss = 3.2971e-01, PNorm = 197.0793, GNorm = 1.0351, lr_0 = 8.8514e-04
Loss = 2.4102e-01, PNorm = 197.2265, GNorm = 0.7270, lr_0 = 8.8491e-04
Loss = 2.0789e-01, PNorm = 197.3561, GNorm = 0.5903, lr_0 = 8.8468e-04
Loss = 3.0321e-01, PNorm = 197.4721, GNorm = 1.6123, lr_0 = 8.8445e-04
Loss = 2.4640e-01, PNorm = 197.6072, GNorm = 1.5522, lr_0 = 8.8421e-04
Loss = 2.1916e-01, PNorm = 197.7407, GNorm = 1.1702, lr_0 = 8.8398e-04
Loss = 2.4021e-01, PNorm = 197.8665, GNorm = 0.9434, lr_0 = 8.8375e-04
Loss = 2.3829e-01, PNorm = 197.9838, GNorm = 1.1724, lr_0 = 8.8352e-04
Loss = 2.6091e-01, PNorm = 198.1063, GNorm = 0.8903, lr_0 = 8.8328e-04
Loss = 3.1326e-01, PNorm = 198.2384, GNorm = 1.2032, lr_0 = 8.8305e-04
Loss = 3.3527e-01, PNorm = 198.3796, GNorm = 0.9281, lr_0 = 8.8282e-04
Loss = 3.0283e-01, PNorm = 198.5204, GNorm = 0.7358, lr_0 = 8.8259e-04
Loss = 2.6311e-01, PNorm = 198.6485, GNorm = 1.0520, lr_0 = 8.8235e-04
Loss = 3.3397e-01, PNorm = 198.7715, GNorm = 1.7560, lr_0 = 8.8212e-04
Loss = 2.5140e-01, PNorm = 198.9117, GNorm = 1.0983, lr_0 = 8.8189e-04
Loss = 3.1556e-01, PNorm = 199.0358, GNorm = 0.7636, lr_0 = 8.8166e-04
Loss = 2.5969e-01, PNorm = 199.1730, GNorm = 0.8953, lr_0 = 8.8143e-04
Loss = 2.9980e-01, PNorm = 199.3000, GNorm = 0.9749, lr_0 = 8.8119e-04
Loss = 3.0754e-01, PNorm = 199.4425, GNorm = 1.3947, lr_0 = 8.8096e-04
Loss = 2.3203e-01, PNorm = 199.5649, GNorm = 0.8471, lr_0 = 8.8073e-04
Loss = 2.0968e-01, PNorm = 199.6767, GNorm = 0.5965, lr_0 = 8.8050e-04
Loss = 2.2409e-01, PNorm = 199.7849, GNorm = 0.8437, lr_0 = 8.8027e-04
Loss = 2.5007e-01, PNorm = 199.9087, GNorm = 0.4733, lr_0 = 8.8004e-04
Loss = 2.1942e-01, PNorm = 200.0198, GNorm = 0.7833, lr_0 = 8.7980e-04
Loss = 2.2812e-01, PNorm = 200.1261, GNorm = 0.7043, lr_0 = 8.7957e-04
Loss = 3.0185e-01, PNorm = 200.2315, GNorm = 1.2298, lr_0 = 8.7934e-04
Loss = 2.0659e-01, PNorm = 200.3431, GNorm = 1.0592, lr_0 = 8.7911e-04
Loss = 2.6620e-01, PNorm = 200.4397, GNorm = 1.1402, lr_0 = 8.7888e-04
Loss = 2.9178e-01, PNorm = 200.5427, GNorm = 0.8756, lr_0 = 8.7865e-04
Loss = 2.4911e-01, PNorm = 200.6590, GNorm = 1.4370, lr_0 = 8.7842e-04
Loss = 2.5754e-01, PNorm = 200.7782, GNorm = 1.3998, lr_0 = 8.7819e-04
Loss = 2.3715e-01, PNorm = 200.8991, GNorm = 0.8364, lr_0 = 8.7795e-04
Loss = 2.4231e-01, PNorm = 201.0106, GNorm = 0.4311, lr_0 = 8.7772e-04
Loss = 2.4392e-01, PNorm = 201.1109, GNorm = 0.8179, lr_0 = 8.7749e-04
Loss = 2.3076e-01, PNorm = 201.2093, GNorm = 1.4301, lr_0 = 8.7726e-04
Loss = 2.9902e-01, PNorm = 201.3322, GNorm = 0.8963, lr_0 = 8.7703e-04
Loss = 2.5319e-01, PNorm = 201.4623, GNorm = 0.8893, lr_0 = 8.7680e-04
Loss = 2.5724e-01, PNorm = 201.5758, GNorm = 0.9098, lr_0 = 8.7657e-04
Loss = 2.7699e-01, PNorm = 201.6872, GNorm = 1.4350, lr_0 = 8.7634e-04
Loss = 3.0792e-01, PNorm = 201.8138, GNorm = 1.1503, lr_0 = 8.7611e-04
Loss = 2.8001e-01, PNorm = 201.9487, GNorm = 0.6178, lr_0 = 8.7588e-04
Loss = 2.6913e-01, PNorm = 202.0682, GNorm = 0.6560, lr_0 = 8.7565e-04
Loss = 2.8872e-01, PNorm = 202.1825, GNorm = 1.1805, lr_0 = 8.7542e-04
Loss = 2.5665e-01, PNorm = 202.3151, GNorm = 0.6547, lr_0 = 8.7519e-04
Loss = 2.8609e-01, PNorm = 202.4339, GNorm = 0.8002, lr_0 = 8.7496e-04
Loss = 3.0503e-01, PNorm = 202.5477, GNorm = 1.0576, lr_0 = 8.7473e-04
Loss = 2.4576e-01, PNorm = 202.6756, GNorm = 1.0819, lr_0 = 8.7450e-04
Loss = 2.3679e-01, PNorm = 202.8014, GNorm = 0.8295, lr_0 = 8.7427e-04
Loss = 2.3141e-01, PNorm = 202.9401, GNorm = 0.8027, lr_0 = 8.7404e-04
Loss = 2.7746e-01, PNorm = 203.0582, GNorm = 0.8616, lr_0 = 8.7381e-04
Loss = 2.3452e-01, PNorm = 203.1774, GNorm = 0.7727, lr_0 = 8.7358e-04
Loss = 3.5990e-01, PNorm = 203.2979, GNorm = 0.9906, lr_0 = 8.7335e-04
Loss = 2.6237e-01, PNorm = 203.4307, GNorm = 0.7067, lr_0 = 8.7312e-04
Loss = 3.0587e-01, PNorm = 203.5513, GNorm = 0.9814, lr_0 = 8.7289e-04
Loss = 2.4372e-01, PNorm = 203.6764, GNorm = 0.8111, lr_0 = 8.7266e-04
Loss = 2.9497e-01, PNorm = 203.8087, GNorm = 0.7746, lr_0 = 8.7243e-04
Loss = 2.4316e-01, PNorm = 203.9365, GNorm = 1.1908, lr_0 = 8.7220e-04
Loss = 1.9115e-01, PNorm = 204.0419, GNorm = 0.5565, lr_0 = 8.7197e-04
Loss = 2.5793e-01, PNorm = 204.1394, GNorm = 0.6853, lr_0 = 8.7174e-04
Loss = 3.1580e-01, PNorm = 204.2416, GNorm = 0.8917, lr_0 = 8.7151e-04
Loss = 2.7678e-01, PNorm = 204.3506, GNorm = 0.9100, lr_0 = 8.7128e-04
Loss = 2.5940e-01, PNorm = 204.4739, GNorm = 0.9794, lr_0 = 8.7105e-04
Loss = 3.7737e-01, PNorm = 204.5925, GNorm = 0.7381, lr_0 = 8.7082e-04
Loss = 3.5124e-01, PNorm = 204.7394, GNorm = 0.8711, lr_0 = 8.7059e-04
Loss = 3.3726e-01, PNorm = 204.8962, GNorm = 1.0202, lr_0 = 8.7036e-04
Loss = 2.8598e-01, PNorm = 205.0567, GNorm = 0.5528, lr_0 = 8.7014e-04
Loss = 2.7049e-01, PNorm = 205.2001, GNorm = 0.9335, lr_0 = 8.6991e-04
Loss = 2.7164e-01, PNorm = 205.3369, GNorm = 1.0803, lr_0 = 8.6968e-04
Loss = 2.6550e-01, PNorm = 205.4764, GNorm = 0.9099, lr_0 = 8.6945e-04
Loss = 3.2633e-01, PNorm = 205.6159, GNorm = 1.3205, lr_0 = 8.6922e-04
Loss = 2.6558e-01, PNorm = 205.7704, GNorm = 0.7648, lr_0 = 8.6899e-04
Loss = 2.6709e-01, PNorm = 205.9211, GNorm = 0.7423, lr_0 = 8.6876e-04
Loss = 3.5654e-01, PNorm = 206.0625, GNorm = 0.9303, lr_0 = 8.6853e-04
Loss = 3.7218e-01, PNorm = 206.2044, GNorm = 1.7729, lr_0 = 8.6831e-04
Validation rmse = 4.298736
Epoch 8
Loss = 2.9195e-01, PNorm = 206.3555, GNorm = 0.7972, lr_0 = 8.6808e-04
Loss = 2.6880e-01, PNorm = 206.4882, GNorm = 1.3445, lr_0 = 8.6785e-04
Loss = 2.5280e-01, PNorm = 206.6214, GNorm = 1.6233, lr_0 = 8.6762e-04
Loss = 2.7159e-01, PNorm = 206.7767, GNorm = 0.9281, lr_0 = 8.6739e-04
Loss = 2.4262e-01, PNorm = 206.9195, GNorm = 0.8198, lr_0 = 8.6716e-04
Loss = 2.2857e-01, PNorm = 207.0540, GNorm = 0.8524, lr_0 = 8.6694e-04
Loss = 2.2894e-01, PNorm = 207.1770, GNorm = 0.6595, lr_0 = 8.6671e-04
Loss = 2.5687e-01, PNorm = 207.3040, GNorm = 0.9975, lr_0 = 8.6648e-04
Loss = 2.2888e-01, PNorm = 207.4230, GNorm = 0.5972, lr_0 = 8.6625e-04
Loss = 2.5379e-01, PNorm = 207.5508, GNorm = 1.2374, lr_0 = 8.6602e-04
Loss = 2.3733e-01, PNorm = 207.6825, GNorm = 1.0206, lr_0 = 8.6580e-04
Loss = 2.1580e-01, PNorm = 207.7973, GNorm = 1.0710, lr_0 = 8.6557e-04
Loss = 2.3748e-01, PNorm = 207.9151, GNorm = 1.2134, lr_0 = 8.6534e-04
Loss = 1.8725e-01, PNorm = 208.0312, GNorm = 0.8094, lr_0 = 8.6511e-04
Loss = 2.1725e-01, PNorm = 208.1337, GNorm = 1.1114, lr_0 = 8.6489e-04
Loss = 2.3446e-01, PNorm = 208.2336, GNorm = 0.9004, lr_0 = 8.6466e-04
Loss = 2.5742e-01, PNorm = 208.3388, GNorm = 0.7274, lr_0 = 8.6443e-04
Loss = 2.8490e-01, PNorm = 208.4542, GNorm = 0.7205, lr_0 = 8.6420e-04
Loss = 2.5308e-01, PNorm = 208.5840, GNorm = 0.6960, lr_0 = 8.6398e-04
Loss = 2.1953e-01, PNorm = 208.7016, GNorm = 0.6478, lr_0 = 8.6375e-04
Loss = 2.7112e-01, PNorm = 208.8247, GNorm = 0.8466, lr_0 = 8.6352e-04
Loss = 1.9049e-01, PNorm = 208.9398, GNorm = 0.8966, lr_0 = 8.6329e-04
Loss = 3.8846e-01, PNorm = 209.0444, GNorm = 1.2925, lr_0 = 8.6307e-04
Loss = 2.5116e-01, PNorm = 209.1857, GNorm = 0.8110, lr_0 = 8.6284e-04
Loss = 2.2938e-01, PNorm = 209.3356, GNorm = 0.8489, lr_0 = 8.6261e-04
Loss = 2.6985e-01, PNorm = 209.4763, GNorm = 0.9259, lr_0 = 8.6239e-04
Loss = 2.6071e-01, PNorm = 209.6146, GNorm = 0.7221, lr_0 = 8.6216e-04
Loss = 2.8378e-01, PNorm = 209.7471, GNorm = 0.8892, lr_0 = 8.6193e-04
Loss = 3.2076e-01, PNorm = 209.8897, GNorm = 1.0619, lr_0 = 8.6171e-04
Loss = 2.5475e-01, PNorm = 210.0337, GNorm = 0.9359, lr_0 = 8.6148e-04
Loss = 3.8462e-01, PNorm = 210.1925, GNorm = 0.8783, lr_0 = 8.6125e-04
Loss = 3.1493e-01, PNorm = 210.3858, GNorm = 0.9551, lr_0 = 8.6103e-04
Loss = 2.5333e-01, PNorm = 210.5789, GNorm = 1.3170, lr_0 = 8.6080e-04
Loss = 2.8391e-01, PNorm = 210.7732, GNorm = 1.2254, lr_0 = 8.6057e-04
Loss = 2.9373e-01, PNorm = 210.9740, GNorm = 1.2895, lr_0 = 8.6035e-04
Loss = 3.2446e-01, PNorm = 211.1744, GNorm = 0.9000, lr_0 = 8.6012e-04
Loss = 2.6492e-01, PNorm = 211.3594, GNorm = 1.0027, lr_0 = 8.5989e-04
Loss = 2.7356e-01, PNorm = 211.5358, GNorm = 1.4072, lr_0 = 8.5967e-04
Loss = 2.6285e-01, PNorm = 211.7019, GNorm = 0.7639, lr_0 = 8.5944e-04
Loss = 2.2819e-01, PNorm = 211.8398, GNorm = 0.6035, lr_0 = 8.5922e-04
Loss = 2.4810e-01, PNorm = 211.9722, GNorm = 1.2397, lr_0 = 8.5899e-04
Loss = 2.1484e-01, PNorm = 212.0998, GNorm = 0.7417, lr_0 = 8.5876e-04
Loss = 2.2036e-01, PNorm = 212.2203, GNorm = 0.6991, lr_0 = 8.5854e-04
Loss = 2.9223e-01, PNorm = 212.3470, GNorm = 0.9760, lr_0 = 8.5831e-04
Loss = 2.7571e-01, PNorm = 212.4886, GNorm = 0.7154, lr_0 = 8.5809e-04
Loss = 2.0716e-01, PNorm = 212.6252, GNorm = 0.7987, lr_0 = 8.5786e-04
Loss = 2.4553e-01, PNorm = 212.7416, GNorm = 0.7789, lr_0 = 8.5763e-04
Loss = 2.7321e-01, PNorm = 212.8660, GNorm = 0.7263, lr_0 = 8.5741e-04
Loss = 2.6731e-01, PNorm = 212.9987, GNorm = 1.0790, lr_0 = 8.5718e-04
Loss = 2.3908e-01, PNorm = 213.1393, GNorm = 0.8692, lr_0 = 8.5696e-04
Loss = 2.2952e-01, PNorm = 213.2732, GNorm = 0.8122, lr_0 = 8.5673e-04
Loss = 2.2417e-01, PNorm = 213.3817, GNorm = 0.8285, lr_0 = 8.5651e-04
Loss = 3.0859e-01, PNorm = 213.4940, GNorm = 0.9957, lr_0 = 8.5628e-04
Loss = 2.4930e-01, PNorm = 213.6210, GNorm = 0.8830, lr_0 = 8.5606e-04
Loss = 2.5161e-01, PNorm = 213.7419, GNorm = 0.7368, lr_0 = 8.5583e-04
Loss = 2.5747e-01, PNorm = 213.8639, GNorm = 0.7371, lr_0 = 8.5561e-04
Loss = 2.6995e-01, PNorm = 213.9881, GNorm = 0.9953, lr_0 = 8.5538e-04
Loss = 2.1731e-01, PNorm = 214.1063, GNorm = 0.6435, lr_0 = 8.5516e-04
Loss = 2.4903e-01, PNorm = 214.2144, GNorm = 0.8218, lr_0 = 8.5493e-04
Loss = 3.2240e-01, PNorm = 214.3443, GNorm = 1.2597, lr_0 = 8.5471e-04
Loss = 1.8502e-01, PNorm = 214.4691, GNorm = 1.0797, lr_0 = 8.5448e-04
Loss = 2.2392e-01, PNorm = 214.5822, GNorm = 0.5367, lr_0 = 8.5426e-04
Loss = 2.0822e-01, PNorm = 214.6811, GNorm = 0.8953, lr_0 = 8.5403e-04
Loss = 2.4777e-01, PNorm = 214.7831, GNorm = 0.9355, lr_0 = 8.5381e-04
Loss = 2.8306e-01, PNorm = 214.8835, GNorm = 0.9191, lr_0 = 8.5358e-04
Loss = 2.2196e-01, PNorm = 214.9794, GNorm = 1.2983, lr_0 = 8.5336e-04
Loss = 2.0544e-01, PNorm = 215.0857, GNorm = 1.2794, lr_0 = 8.5313e-04
Loss = 2.8777e-01, PNorm = 215.1984, GNorm = 0.8097, lr_0 = 8.5291e-04
Loss = 2.1112e-01, PNorm = 215.3076, GNorm = 0.9717, lr_0 = 8.5268e-04
Loss = 2.6274e-01, PNorm = 215.4094, GNorm = 1.4090, lr_0 = 8.5246e-04
Loss = 2.4099e-01, PNorm = 215.5189, GNorm = 0.6591, lr_0 = 8.5224e-04
Loss = 2.5540e-01, PNorm = 215.6297, GNorm = 0.8269, lr_0 = 8.5201e-04
Loss = 2.4823e-01, PNorm = 215.7384, GNorm = 0.4547, lr_0 = 8.5179e-04
Loss = 3.2000e-01, PNorm = 215.8492, GNorm = 0.5941, lr_0 = 8.5156e-04
Loss = 2.7719e-01, PNorm = 215.9512, GNorm = 1.0013, lr_0 = 8.5134e-04
Loss = 3.0821e-01, PNorm = 216.0537, GNorm = 0.5365, lr_0 = 8.5112e-04
Loss = 1.8552e-01, PNorm = 216.1703, GNorm = 0.7699, lr_0 = 8.5089e-04
Loss = 3.1173e-01, PNorm = 216.2741, GNorm = 0.8138, lr_0 = 8.5067e-04
Loss = 2.4375e-01, PNorm = 216.3887, GNorm = 0.7558, lr_0 = 8.5044e-04
Loss = 2.5201e-01, PNorm = 216.4998, GNorm = 0.7732, lr_0 = 8.5022e-04
Loss = 2.5342e-01, PNorm = 216.6027, GNorm = 1.0107, lr_0 = 8.5000e-04
Loss = 2.6210e-01, PNorm = 216.6979, GNorm = 1.2537, lr_0 = 8.4977e-04
Loss = 2.1167e-01, PNorm = 216.7937, GNorm = 0.7879, lr_0 = 8.4955e-04
Loss = 2.4732e-01, PNorm = 216.8837, GNorm = 0.8664, lr_0 = 8.4933e-04
Loss = 2.6492e-01, PNorm = 216.9759, GNorm = 0.9282, lr_0 = 8.4910e-04
Loss = 2.0257e-01, PNorm = 217.0680, GNorm = 0.7606, lr_0 = 8.4888e-04
Loss = 2.5508e-01, PNorm = 217.1507, GNorm = 0.7063, lr_0 = 8.4866e-04
Loss = 2.2363e-01, PNorm = 217.2438, GNorm = 0.6609, lr_0 = 8.4843e-04
Loss = 2.1549e-01, PNorm = 217.3297, GNorm = 0.7368, lr_0 = 8.4821e-04
Validation rmse = 4.011053
Epoch 9
Loss = 2.0954e-01, PNorm = 217.4173, GNorm = 0.6218, lr_0 = 8.4799e-04
Loss = 2.7415e-01, PNorm = 217.5021, GNorm = 1.9151, lr_0 = 8.4776e-04
Loss = 2.2383e-01, PNorm = 217.6209, GNorm = 0.6215, lr_0 = 8.4754e-04
Loss = 2.2427e-01, PNorm = 217.7360, GNorm = 0.9023, lr_0 = 8.4732e-04
Loss = 1.7819e-01, PNorm = 217.8421, GNorm = 0.9292, lr_0 = 8.4709e-04
Loss = 2.0154e-01, PNorm = 217.9383, GNorm = 1.1150, lr_0 = 8.4687e-04
Loss = 2.2837e-01, PNorm = 218.0399, GNorm = 0.5320, lr_0 = 8.4665e-04
Loss = 2.3603e-01, PNorm = 218.1301, GNorm = 0.8100, lr_0 = 8.4643e-04
Loss = 2.2356e-01, PNorm = 218.2234, GNorm = 0.7464, lr_0 = 8.4620e-04
Loss = 1.9315e-01, PNorm = 218.3215, GNorm = 0.4680, lr_0 = 8.4598e-04
Loss = 2.0362e-01, PNorm = 218.4265, GNorm = 0.5687, lr_0 = 8.4576e-04
Loss = 2.3562e-01, PNorm = 218.5296, GNorm = 0.8863, lr_0 = 8.4554e-04
Loss = 2.3545e-01, PNorm = 218.6433, GNorm = 0.9544, lr_0 = 8.4531e-04
Loss = 2.6013e-01, PNorm = 218.7631, GNorm = 1.0784, lr_0 = 8.4509e-04
Loss = 2.1645e-01, PNorm = 218.8693, GNorm = 0.6601, lr_0 = 8.4487e-04
Loss = 2.6138e-01, PNorm = 218.9746, GNorm = 0.8013, lr_0 = 8.4465e-04
Loss = 2.1305e-01, PNorm = 219.0830, GNorm = 1.0805, lr_0 = 8.4442e-04
Loss = 2.4275e-01, PNorm = 219.1854, GNorm = 1.0830, lr_0 = 8.4420e-04
Loss = 2.0496e-01, PNorm = 219.2893, GNorm = 0.6051, lr_0 = 8.4398e-04
Loss = 1.9615e-01, PNorm = 219.3955, GNorm = 0.4918, lr_0 = 8.4376e-04
Loss = 2.2420e-01, PNorm = 219.4930, GNorm = 0.6284, lr_0 = 8.4354e-04
Loss = 2.0602e-01, PNorm = 219.5939, GNorm = 0.6788, lr_0 = 8.4331e-04
Loss = 3.0573e-01, PNorm = 219.7031, GNorm = 1.0212, lr_0 = 8.4309e-04
Loss = 3.1083e-01, PNorm = 219.8308, GNorm = 0.9705, lr_0 = 8.4287e-04
Loss = 1.6356e-01, PNorm = 219.9522, GNorm = 0.7371, lr_0 = 8.4265e-04
Loss = 2.7434e-01, PNorm = 220.0584, GNorm = 0.8947, lr_0 = 8.4243e-04
Loss = 2.4011e-01, PNorm = 220.1631, GNorm = 0.7412, lr_0 = 8.4220e-04
Loss = 2.3374e-01, PNorm = 220.2683, GNorm = 0.6847, lr_0 = 8.4198e-04
Loss = 2.1153e-01, PNorm = 220.3755, GNorm = 0.7475, lr_0 = 8.4176e-04
Loss = 1.9294e-01, PNorm = 220.4797, GNorm = 0.6338, lr_0 = 8.4154e-04
Loss = 2.2755e-01, PNorm = 220.5832, GNorm = 0.9805, lr_0 = 8.4132e-04
Loss = 1.8431e-01, PNorm = 220.6930, GNorm = 0.7147, lr_0 = 8.4110e-04
Loss = 2.2896e-01, PNorm = 220.7971, GNorm = 0.8701, lr_0 = 8.4088e-04
Loss = 2.3854e-01, PNorm = 220.9050, GNorm = 0.9494, lr_0 = 8.4065e-04
Loss = 1.7903e-01, PNorm = 221.0143, GNorm = 0.6110, lr_0 = 8.4043e-04
Loss = 1.8392e-01, PNorm = 221.1082, GNorm = 0.9341, lr_0 = 8.4021e-04
Loss = 1.9951e-01, PNorm = 221.1968, GNorm = 1.2571, lr_0 = 8.3999e-04
Loss = 1.9047e-01, PNorm = 221.2876, GNorm = 1.1636, lr_0 = 8.3977e-04
Loss = 1.8843e-01, PNorm = 221.4002, GNorm = 0.5735, lr_0 = 8.3955e-04
Loss = 1.8666e-01, PNorm = 221.5104, GNorm = 0.7743, lr_0 = 8.3933e-04
Loss = 2.1941e-01, PNorm = 221.6099, GNorm = 0.7767, lr_0 = 8.3911e-04
Loss = 2.0713e-01, PNorm = 221.7140, GNorm = 0.9412, lr_0 = 8.3889e-04
Loss = 2.3661e-01, PNorm = 221.8208, GNorm = 0.5923, lr_0 = 8.3867e-04
Loss = 2.0333e-01, PNorm = 221.9188, GNorm = 0.8712, lr_0 = 8.3845e-04
Loss = 1.7455e-01, PNorm = 222.0150, GNorm = 0.8246, lr_0 = 8.3823e-04
Loss = 2.5342e-01, PNorm = 222.1130, GNorm = 0.8497, lr_0 = 8.3800e-04
Loss = 2.6449e-01, PNorm = 222.2194, GNorm = 0.6964, lr_0 = 8.3778e-04
Loss = 2.5771e-01, PNorm = 222.3336, GNorm = 1.0468, lr_0 = 8.3756e-04
Loss = 1.9656e-01, PNorm = 222.4500, GNorm = 1.0934, lr_0 = 8.3734e-04
Loss = 2.1774e-01, PNorm = 222.5500, GNorm = 0.8918, lr_0 = 8.3712e-04
Loss = 1.8329e-01, PNorm = 222.6560, GNorm = 0.7269, lr_0 = 8.3690e-04
Loss = 2.3397e-01, PNorm = 222.7531, GNorm = 1.1679, lr_0 = 8.3668e-04
Loss = 2.7940e-01, PNorm = 222.8563, GNorm = 0.8881, lr_0 = 8.3646e-04
Loss = 2.3947e-01, PNorm = 222.9512, GNorm = 1.2695, lr_0 = 8.3624e-04
Loss = 2.2223e-01, PNorm = 223.0505, GNorm = 0.7371, lr_0 = 8.3602e-04
Loss = 2.3745e-01, PNorm = 223.1605, GNorm = 1.0627, lr_0 = 8.3580e-04
Loss = 2.1941e-01, PNorm = 223.2709, GNorm = 1.0510, lr_0 = 8.3558e-04
Loss = 2.3064e-01, PNorm = 223.3747, GNorm = 0.8035, lr_0 = 8.3536e-04
Loss = 2.2062e-01, PNorm = 223.4810, GNorm = 0.8265, lr_0 = 8.3514e-04
Loss = 2.7891e-01, PNorm = 223.5850, GNorm = 0.5522, lr_0 = 8.3492e-04
Loss = 2.3899e-01, PNorm = 223.6997, GNorm = 0.7225, lr_0 = 8.3470e-04
Loss = 1.9566e-01, PNorm = 223.8014, GNorm = 0.6932, lr_0 = 8.3448e-04
Loss = 2.8413e-01, PNorm = 223.8988, GNorm = 0.9183, lr_0 = 8.3426e-04
Loss = 1.7124e-01, PNorm = 223.9956, GNorm = 1.0370, lr_0 = 8.3405e-04
Loss = 2.0726e-01, PNorm = 224.0924, GNorm = 0.7581, lr_0 = 8.3383e-04
Loss = 2.8033e-01, PNorm = 224.2001, GNorm = 0.8295, lr_0 = 8.3361e-04
Loss = 2.5685e-01, PNorm = 224.3105, GNorm = 0.5480, lr_0 = 8.3339e-04
Loss = 2.6073e-01, PNorm = 224.4225, GNorm = 0.6149, lr_0 = 8.3317e-04
Loss = 2.4452e-01, PNorm = 224.5340, GNorm = 1.2800, lr_0 = 8.3295e-04
Loss = 2.4687e-01, PNorm = 224.6422, GNorm = 1.0752, lr_0 = 8.3273e-04
Loss = 2.3587e-01, PNorm = 224.7633, GNorm = 0.9574, lr_0 = 8.3251e-04
Loss = 2.8309e-01, PNorm = 224.8813, GNorm = 0.6078, lr_0 = 8.3229e-04
Loss = 1.9981e-01, PNorm = 224.9941, GNorm = 0.7439, lr_0 = 8.3207e-04
Loss = 2.6981e-01, PNorm = 225.1047, GNorm = 0.8799, lr_0 = 8.3185e-04
Loss = 2.2622e-01, PNorm = 225.2281, GNorm = 0.6028, lr_0 = 8.3164e-04
Loss = 2.5158e-01, PNorm = 225.3409, GNorm = 0.7389, lr_0 = 8.3142e-04
Loss = 2.2110e-01, PNorm = 225.4462, GNorm = 0.5567, lr_0 = 8.3120e-04
Loss = 2.0510e-01, PNorm = 225.5466, GNorm = 0.6968, lr_0 = 8.3098e-04
Loss = 2.4772e-01, PNorm = 225.6479, GNorm = 0.9123, lr_0 = 8.3076e-04
Loss = 1.9992e-01, PNorm = 225.7340, GNorm = 1.0009, lr_0 = 8.3054e-04
Loss = 2.3500e-01, PNorm = 225.8267, GNorm = 0.4924, lr_0 = 8.3032e-04
Loss = 2.6682e-01, PNorm = 225.9229, GNorm = 0.7330, lr_0 = 8.3010e-04
Loss = 2.0898e-01, PNorm = 226.0339, GNorm = 0.7445, lr_0 = 8.2989e-04
Loss = 1.9645e-01, PNorm = 226.1387, GNorm = 0.9336, lr_0 = 8.2967e-04
Loss = 2.4216e-01, PNorm = 226.2375, GNorm = 0.6409, lr_0 = 8.2945e-04
Loss = 2.1582e-01, PNorm = 226.3353, GNorm = 0.8588, lr_0 = 8.2923e-04
Loss = 2.3667e-01, PNorm = 226.4369, GNorm = 0.6960, lr_0 = 8.2901e-04
Loss = 3.1529e-01, PNorm = 226.5436, GNorm = 0.6023, lr_0 = 8.2880e-04
Loss = 2.5452e-01, PNorm = 226.6490, GNorm = 1.5559, lr_0 = 8.2858e-04
Validation rmse = 4.068879
Epoch 10
Loss = 1.8306e-01, PNorm = 226.7556, GNorm = 0.6269, lr_0 = 8.2836e-04
Loss = 1.7703e-01, PNorm = 226.8578, GNorm = 0.9317, lr_0 = 8.2814e-04
Loss = 2.1937e-01, PNorm = 226.9601, GNorm = 1.0305, lr_0 = 8.2792e-04
Loss = 2.0504e-01, PNorm = 227.0562, GNorm = 1.2474, lr_0 = 8.2771e-04
Loss = 2.3730e-01, PNorm = 227.1590, GNorm = 0.8256, lr_0 = 8.2749e-04
Loss = 1.9263e-01, PNorm = 227.2581, GNorm = 0.6542, lr_0 = 8.2727e-04
Loss = 1.9821e-01, PNorm = 227.3469, GNorm = 0.4030, lr_0 = 8.2705e-04
Loss = 2.3347e-01, PNorm = 227.4479, GNorm = 0.9971, lr_0 = 8.2684e-04
Loss = 1.8263e-01, PNorm = 227.5563, GNorm = 0.9140, lr_0 = 8.2662e-04
Loss = 1.9419e-01, PNorm = 227.6607, GNorm = 1.0149, lr_0 = 8.2640e-04
Loss = 1.8129e-01, PNorm = 227.7576, GNorm = 0.6386, lr_0 = 8.2618e-04
Loss = 1.8799e-01, PNorm = 227.8537, GNorm = 0.5394, lr_0 = 8.2597e-04
Loss = 2.1501e-01, PNorm = 227.9406, GNorm = 0.9888, lr_0 = 8.2575e-04
Loss = 2.1317e-01, PNorm = 228.0278, GNorm = 0.8876, lr_0 = 8.2553e-04
Loss = 1.7499e-01, PNorm = 228.1193, GNorm = 0.6494, lr_0 = 8.2531e-04
Loss = 1.7969e-01, PNorm = 228.2053, GNorm = 0.4590, lr_0 = 8.2510e-04
Loss = 2.1897e-01, PNorm = 228.2902, GNorm = 1.0802, lr_0 = 8.2488e-04
Loss = 1.7694e-01, PNorm = 228.3765, GNorm = 0.5640, lr_0 = 8.2466e-04
Loss = 2.0689e-01, PNorm = 228.4621, GNorm = 0.9388, lr_0 = 8.2445e-04
Loss = 1.8828e-01, PNorm = 228.5612, GNorm = 0.7012, lr_0 = 8.2423e-04
Loss = 1.8094e-01, PNorm = 228.6638, GNorm = 0.6796, lr_0 = 8.2401e-04
Loss = 2.0698e-01, PNorm = 228.7542, GNorm = 0.9351, lr_0 = 8.2380e-04
Loss = 1.9194e-01, PNorm = 228.8638, GNorm = 0.7585, lr_0 = 8.2358e-04
Loss = 1.7918e-01, PNorm = 228.9666, GNorm = 0.7304, lr_0 = 8.2336e-04
Loss = 1.8929e-01, PNorm = 229.0698, GNorm = 0.8201, lr_0 = 8.2315e-04
Loss = 2.5520e-01, PNorm = 229.1781, GNorm = 0.8016, lr_0 = 8.2293e-04
Loss = 1.6583e-01, PNorm = 229.2826, GNorm = 0.7563, lr_0 = 8.2271e-04
Loss = 2.3526e-01, PNorm = 229.3820, GNorm = 0.7463, lr_0 = 8.2250e-04
Loss = 2.2742e-01, PNorm = 229.4754, GNorm = 0.6886, lr_0 = 8.2228e-04
Loss = 2.2097e-01, PNorm = 229.5840, GNorm = 0.7810, lr_0 = 8.2206e-04
Loss = 2.3123e-01, PNorm = 229.7061, GNorm = 0.4871, lr_0 = 8.2185e-04
Loss = 2.0064e-01, PNorm = 229.8174, GNorm = 0.9463, lr_0 = 8.2163e-04
Loss = 2.2606e-01, PNorm = 229.9233, GNorm = 0.7835, lr_0 = 8.2141e-04
Loss = 1.9827e-01, PNorm = 230.0190, GNorm = 0.7406, lr_0 = 8.2120e-04
Loss = 2.1892e-01, PNorm = 230.1026, GNorm = 1.0417, lr_0 = 8.2098e-04
Loss = 2.1554e-01, PNorm = 230.1980, GNorm = 0.6467, lr_0 = 8.2077e-04
Loss = 2.7093e-01, PNorm = 230.3084, GNorm = 0.9501, lr_0 = 8.2055e-04
Loss = 2.5948e-01, PNorm = 230.4099, GNorm = 1.0642, lr_0 = 8.2033e-04
Loss = 1.9821e-01, PNorm = 230.5221, GNorm = 0.7270, lr_0 = 8.2012e-04
Loss = 2.2157e-01, PNorm = 230.6322, GNorm = 1.2498, lr_0 = 8.1990e-04
Loss = 2.2786e-01, PNorm = 230.7565, GNorm = 1.0438, lr_0 = 8.1969e-04
Loss = 1.8835e-01, PNorm = 230.8742, GNorm = 0.6169, lr_0 = 8.1947e-04
Loss = 2.1420e-01, PNorm = 230.9826, GNorm = 1.1912, lr_0 = 8.1926e-04
Loss = 1.7230e-01, PNorm = 231.0858, GNorm = 0.6944, lr_0 = 8.1904e-04
Loss = 2.1867e-01, PNorm = 231.1895, GNorm = 0.7230, lr_0 = 8.1882e-04
Loss = 2.2525e-01, PNorm = 231.2984, GNorm = 0.8377, lr_0 = 8.1861e-04
Loss = 2.4582e-01, PNorm = 231.4065, GNorm = 1.1281, lr_0 = 8.1839e-04
Loss = 1.9924e-01, PNorm = 231.5196, GNorm = 0.6782, lr_0 = 8.1818e-04
Loss = 2.3615e-01, PNorm = 231.6216, GNorm = 0.9175, lr_0 = 8.1796e-04
Loss = 2.1061e-01, PNorm = 231.7297, GNorm = 0.9900, lr_0 = 8.1775e-04
Loss = 2.2659e-01, PNorm = 231.8321, GNorm = 1.4611, lr_0 = 8.1753e-04
Loss = 2.5217e-01, PNorm = 231.9383, GNorm = 1.3102, lr_0 = 8.1732e-04
Loss = 2.3588e-01, PNorm = 232.0553, GNorm = 0.7438, lr_0 = 8.1710e-04
Loss = 2.3330e-01, PNorm = 232.1806, GNorm = 0.7199, lr_0 = 8.1689e-04
Loss = 2.2831e-01, PNorm = 232.2975, GNorm = 0.7677, lr_0 = 8.1667e-04
Loss = 1.7775e-01, PNorm = 232.4141, GNorm = 1.0539, lr_0 = 8.1646e-04
Loss = 2.2602e-01, PNorm = 232.5204, GNorm = 1.2191, lr_0 = 8.1624e-04
Loss = 2.1726e-01, PNorm = 232.6376, GNorm = 1.3163, lr_0 = 8.1603e-04
Loss = 2.4571e-01, PNorm = 232.7639, GNorm = 0.5272, lr_0 = 8.1581e-04
Loss = 2.2410e-01, PNorm = 232.8800, GNorm = 0.8486, lr_0 = 8.1560e-04
Loss = 2.0818e-01, PNorm = 233.0040, GNorm = 0.6047, lr_0 = 8.1539e-04
Loss = 2.0895e-01, PNorm = 233.1057, GNorm = 0.7957, lr_0 = 8.1517e-04
Loss = 2.8162e-01, PNorm = 233.2112, GNorm = 0.8473, lr_0 = 8.1496e-04
Loss = 2.8450e-01, PNorm = 233.3240, GNorm = 1.2761, lr_0 = 8.1474e-04
Loss = 2.0920e-01, PNorm = 233.4319, GNorm = 0.7935, lr_0 = 8.1453e-04
Loss = 2.2043e-01, PNorm = 233.5502, GNorm = 0.9030, lr_0 = 8.1431e-04
Loss = 2.0002e-01, PNorm = 233.6637, GNorm = 0.8647, lr_0 = 8.1410e-04
Loss = 1.7550e-01, PNorm = 233.7709, GNorm = 0.9675, lr_0 = 8.1388e-04
Loss = 2.7130e-01, PNorm = 233.8727, GNorm = 1.2824, lr_0 = 8.1367e-04
Loss = 2.8615e-01, PNorm = 233.9889, GNorm = 1.1638, lr_0 = 8.1346e-04
Loss = 2.5377e-01, PNorm = 234.1017, GNorm = 0.9347, lr_0 = 8.1324e-04
Loss = 1.9353e-01, PNorm = 234.2026, GNorm = 0.6134, lr_0 = 8.1303e-04
Loss = 1.9913e-01, PNorm = 234.2967, GNorm = 0.9892, lr_0 = 8.1281e-04
Loss = 2.0462e-01, PNorm = 234.3918, GNorm = 1.2460, lr_0 = 8.1260e-04
Loss = 2.0435e-01, PNorm = 234.4872, GNorm = 0.8876, lr_0 = 8.1239e-04
Loss = 2.8457e-01, PNorm = 234.5850, GNorm = 1.0785, lr_0 = 8.1217e-04
Loss = 2.2268e-01, PNorm = 234.6772, GNorm = 0.5698, lr_0 = 8.1196e-04
Loss = 1.9979e-01, PNorm = 234.7603, GNorm = 0.8679, lr_0 = 8.1175e-04
Loss = 2.2293e-01, PNorm = 234.8523, GNorm = 0.8281, lr_0 = 8.1153e-04
Loss = 2.1551e-01, PNorm = 234.9531, GNorm = 1.1468, lr_0 = 8.1132e-04
Loss = 1.8931e-01, PNorm = 235.0447, GNorm = 1.0921, lr_0 = 8.1111e-04
Loss = 2.3448e-01, PNorm = 235.1498, GNorm = 0.5903, lr_0 = 8.1089e-04
Loss = 2.1335e-01, PNorm = 235.2609, GNorm = 1.7132, lr_0 = 8.1068e-04
Loss = 2.0323e-01, PNorm = 235.3623, GNorm = 0.8663, lr_0 = 8.1047e-04
Loss = 1.9098e-01, PNorm = 235.4537, GNorm = 0.9137, lr_0 = 8.1025e-04
Loss = 1.7701e-01, PNorm = 235.5630, GNorm = 0.7115, lr_0 = 8.1004e-04
Loss = 2.4341e-01, PNorm = 235.6620, GNorm = 2.3159, lr_0 = 8.0983e-04
Loss = 1.9821e-01, PNorm = 235.7706, GNorm = 0.5311, lr_0 = 8.0961e-04
Loss = 2.4772e-01, PNorm = 235.8748, GNorm = 1.2571, lr_0 = 8.0940e-04
Loss = 1.9011e-01, PNorm = 235.9644, GNorm = 0.4691, lr_0 = 8.0919e-04
Validation rmse = 4.050138
Epoch 11
Loss = 2.0082e-01, PNorm = 236.0511, GNorm = 0.9305, lr_0 = 8.0897e-04
Loss = 2.2040e-01, PNorm = 236.1498, GNorm = 0.5356, lr_0 = 8.0876e-04
Loss = 2.1104e-01, PNorm = 236.2570, GNorm = 1.8538, lr_0 = 8.0855e-04
Loss = 1.7105e-01, PNorm = 236.3544, GNorm = 0.4690, lr_0 = 8.0834e-04
Loss = 2.0889e-01, PNorm = 236.4418, GNorm = 0.7025, lr_0 = 8.0812e-04
Loss = 1.7659e-01, PNorm = 236.5426, GNorm = 0.7705, lr_0 = 8.0791e-04
Loss = 1.8952e-01, PNorm = 236.6455, GNorm = 0.7593, lr_0 = 8.0770e-04
Loss = 2.1886e-01, PNorm = 236.7561, GNorm = 0.9785, lr_0 = 8.0749e-04
Loss = 2.1241e-01, PNorm = 236.8613, GNorm = 0.9422, lr_0 = 8.0727e-04
Loss = 1.9735e-01, PNorm = 236.9594, GNorm = 0.6613, lr_0 = 8.0706e-04
Loss = 1.4342e-01, PNorm = 237.0458, GNorm = 0.6086, lr_0 = 8.0685e-04
Loss = 2.3132e-01, PNorm = 237.1375, GNorm = 0.7150, lr_0 = 8.0664e-04
Loss = 1.7442e-01, PNorm = 237.2256, GNorm = 0.7791, lr_0 = 8.0642e-04
Loss = 1.9138e-01, PNorm = 237.3119, GNorm = 0.9709, lr_0 = 8.0621e-04
Loss = 1.8864e-01, PNorm = 237.4080, GNorm = 0.5560, lr_0 = 8.0600e-04
Loss = 1.8310e-01, PNorm = 237.5067, GNorm = 0.7998, lr_0 = 8.0579e-04
Loss = 1.8635e-01, PNorm = 237.5865, GNorm = 0.8634, lr_0 = 8.0558e-04
Loss = 1.8667e-01, PNorm = 237.6740, GNorm = 0.7275, lr_0 = 8.0536e-04
Loss = 1.6459e-01, PNorm = 237.7613, GNorm = 0.6678, lr_0 = 8.0515e-04
Loss = 1.4391e-01, PNorm = 237.8451, GNorm = 0.4336, lr_0 = 8.0494e-04
Loss = 1.3802e-01, PNorm = 237.9247, GNorm = 1.3501, lr_0 = 8.0473e-04
Loss = 1.5723e-01, PNorm = 238.0097, GNorm = 0.4502, lr_0 = 8.0452e-04
Loss = 1.7797e-01, PNorm = 238.0933, GNorm = 0.5704, lr_0 = 8.0431e-04
Loss = 1.9183e-01, PNorm = 238.1844, GNorm = 0.7394, lr_0 = 8.0409e-04
Loss = 1.7300e-01, PNorm = 238.2736, GNorm = 0.5339, lr_0 = 8.0388e-04
Loss = 2.0087e-01, PNorm = 238.3675, GNorm = 0.8157, lr_0 = 8.0367e-04
Loss = 1.8975e-01, PNorm = 238.4655, GNorm = 0.5341, lr_0 = 8.0346e-04
Loss = 1.9627e-01, PNorm = 238.5563, GNorm = 0.6897, lr_0 = 8.0325e-04
Loss = 2.2281e-01, PNorm = 238.6395, GNorm = 0.8344, lr_0 = 8.0304e-04
Loss = 1.9106e-01, PNorm = 238.7256, GNorm = 0.9697, lr_0 = 8.0283e-04
Loss = 1.8965e-01, PNorm = 238.8144, GNorm = 0.7985, lr_0 = 8.0261e-04
Loss = 2.2122e-01, PNorm = 238.9134, GNorm = 0.6907, lr_0 = 8.0240e-04
Loss = 1.9455e-01, PNorm = 239.0224, GNorm = 1.4202, lr_0 = 8.0219e-04
Loss = 2.4210e-01, PNorm = 239.1420, GNorm = 1.1931, lr_0 = 8.0198e-04
Loss = 2.2466e-01, PNorm = 239.2737, GNorm = 0.8041, lr_0 = 8.0177e-04
Loss = 1.9213e-01, PNorm = 239.3951, GNorm = 0.6386, lr_0 = 8.0156e-04
Loss = 2.0338e-01, PNorm = 239.5022, GNorm = 1.0499, lr_0 = 8.0135e-04
Loss = 1.7506e-01, PNorm = 239.6049, GNorm = 0.6411, lr_0 = 8.0114e-04
Loss = 2.0837e-01, PNorm = 239.7016, GNorm = 0.5208, lr_0 = 8.0093e-04
Loss = 2.1062e-01, PNorm = 239.7932, GNorm = 1.0376, lr_0 = 8.0072e-04
Loss = 1.7242e-01, PNorm = 239.8931, GNorm = 0.7429, lr_0 = 8.0050e-04
Loss = 1.9742e-01, PNorm = 239.9873, GNorm = 0.5100, lr_0 = 8.0029e-04
Loss = 1.8759e-01, PNorm = 240.0854, GNorm = 0.9572, lr_0 = 8.0008e-04
Loss = 1.8063e-01, PNorm = 240.1827, GNorm = 1.3329, lr_0 = 7.9987e-04
Loss = 2.6538e-01, PNorm = 240.2822, GNorm = 0.9027, lr_0 = 7.9966e-04
Loss = 1.9807e-01, PNorm = 240.3831, GNorm = 1.6528, lr_0 = 7.9945e-04
Loss = 2.0333e-01, PNorm = 240.4919, GNorm = 0.5513, lr_0 = 7.9924e-04
Loss = 1.9399e-01, PNorm = 240.5982, GNorm = 0.7649, lr_0 = 7.9903e-04
Loss = 2.1524e-01, PNorm = 240.7106, GNorm = 0.9741, lr_0 = 7.9882e-04
Loss = 2.2167e-01, PNorm = 240.8245, GNorm = 0.7110, lr_0 = 7.9861e-04
Loss = 1.4053e-01, PNorm = 240.9251, GNorm = 0.6725, lr_0 = 7.9840e-04
Loss = 2.6365e-01, PNorm = 241.0153, GNorm = 0.5973, lr_0 = 7.9819e-04
Loss = 1.7816e-01, PNorm = 241.1101, GNorm = 0.6262, lr_0 = 7.9798e-04
Loss = 2.5871e-01, PNorm = 241.2102, GNorm = 0.9120, lr_0 = 7.9777e-04
Loss = 2.1213e-01, PNorm = 241.3161, GNorm = 0.9542, lr_0 = 7.9756e-04
Loss = 1.9687e-01, PNorm = 241.4260, GNorm = 0.7363, lr_0 = 7.9735e-04
Loss = 2.0573e-01, PNorm = 241.5355, GNorm = 0.6532, lr_0 = 7.9714e-04
Loss = 2.3922e-01, PNorm = 241.6441, GNorm = 1.1920, lr_0 = 7.9693e-04
Loss = 2.1137e-01, PNorm = 241.7662, GNorm = 0.8139, lr_0 = 7.9672e-04
Loss = 1.9255e-01, PNorm = 241.8766, GNorm = 0.5889, lr_0 = 7.9651e-04
Loss = 2.4150e-01, PNorm = 241.9715, GNorm = 1.7644, lr_0 = 7.9630e-04
Loss = 1.8265e-01, PNorm = 242.0649, GNorm = 0.5676, lr_0 = 7.9609e-04
Loss = 1.7483e-01, PNorm = 242.1589, GNorm = 0.8299, lr_0 = 7.9588e-04
Loss = 2.0792e-01, PNorm = 242.2436, GNorm = 0.6090, lr_0 = 7.9568e-04
Loss = 2.0257e-01, PNorm = 242.3254, GNorm = 0.5658, lr_0 = 7.9547e-04
Loss = 2.1150e-01, PNorm = 242.4113, GNorm = 0.9645, lr_0 = 7.9526e-04
Loss = 2.1025e-01, PNorm = 242.5055, GNorm = 0.7420, lr_0 = 7.9505e-04
Loss = 2.4009e-01, PNorm = 242.6013, GNorm = 0.7399, lr_0 = 7.9484e-04
Loss = 2.0384e-01, PNorm = 242.7084, GNorm = 0.8064, lr_0 = 7.9463e-04
Loss = 2.4858e-01, PNorm = 242.8140, GNorm = 0.7910, lr_0 = 7.9442e-04
Loss = 1.8163e-01, PNorm = 242.9349, GNorm = 0.4564, lr_0 = 7.9421e-04
Loss = 1.7779e-01, PNorm = 243.0375, GNorm = 0.6929, lr_0 = 7.9400e-04
Loss = 1.6915e-01, PNorm = 243.1314, GNorm = 0.8079, lr_0 = 7.9379e-04
Loss = 2.1488e-01, PNorm = 243.2217, GNorm = 0.7120, lr_0 = 7.9358e-04
Loss = 2.5912e-01, PNorm = 243.3245, GNorm = 0.9209, lr_0 = 7.9338e-04
Loss = 2.3587e-01, PNorm = 243.4235, GNorm = 0.6505, lr_0 = 7.9317e-04
Loss = 2.0386e-01, PNorm = 243.5196, GNorm = 0.6114, lr_0 = 7.9296e-04
Loss = 2.1833e-01, PNorm = 243.6083, GNorm = 0.6312, lr_0 = 7.9275e-04
Loss = 1.5527e-01, PNorm = 243.6902, GNorm = 0.8199, lr_0 = 7.9254e-04
Loss = 1.8544e-01, PNorm = 243.7716, GNorm = 0.9093, lr_0 = 7.9233e-04
Loss = 1.9023e-01, PNorm = 243.8585, GNorm = 1.1643, lr_0 = 7.9212e-04
Loss = 1.7359e-01, PNorm = 243.9450, GNorm = 0.4600, lr_0 = 7.9192e-04
Loss = 2.1289e-01, PNorm = 244.0292, GNorm = 0.9834, lr_0 = 7.9171e-04
Loss = 1.7828e-01, PNorm = 244.1153, GNorm = 0.8226, lr_0 = 7.9150e-04
Loss = 1.6909e-01, PNorm = 244.2122, GNorm = 0.6320, lr_0 = 7.9129e-04
Loss = 2.9551e-01, PNorm = 244.3125, GNorm = 3.7170, lr_0 = 7.9108e-04
Loss = 2.0775e-01, PNorm = 244.4315, GNorm = 1.2419, lr_0 = 7.9087e-04
Loss = 2.0866e-01, PNorm = 244.5465, GNorm = 0.7662, lr_0 = 7.9067e-04
Loss = 1.7951e-01, PNorm = 244.6528, GNorm = 1.1033, lr_0 = 7.9046e-04
Validation rmse = 3.913678
Epoch 12
Loss = 2.4560e-01, PNorm = 244.7486, GNorm = 1.0489, lr_0 = 7.9025e-04
Loss = 2.0676e-01, PNorm = 244.8448, GNorm = 0.4856, lr_0 = 7.9004e-04
Loss = 2.2994e-01, PNorm = 244.9336, GNorm = 0.9442, lr_0 = 7.8984e-04
Loss = 2.7949e-01, PNorm = 245.0299, GNorm = 5.1623, lr_0 = 7.8963e-04
Loss = 1.8803e-01, PNorm = 245.1283, GNorm = 1.2394, lr_0 = 7.8942e-04
Loss = 2.2140e-01, PNorm = 245.2271, GNorm = 0.8943, lr_0 = 7.8921e-04
Loss = 1.8663e-01, PNorm = 245.3271, GNorm = 0.8574, lr_0 = 7.8900e-04
Loss = 1.6752e-01, PNorm = 245.4147, GNorm = 0.6510, lr_0 = 7.8880e-04
Loss = 1.8603e-01, PNorm = 245.4945, GNorm = 0.6813, lr_0 = 7.8859e-04
Loss = 1.7350e-01, PNorm = 245.5808, GNorm = 1.0701, lr_0 = 7.8838e-04
Loss = 1.7936e-01, PNorm = 245.6648, GNorm = 0.5928, lr_0 = 7.8817e-04
Loss = 1.4882e-01, PNorm = 245.7483, GNorm = 0.4397, lr_0 = 7.8797e-04
Loss = 1.9240e-01, PNorm = 245.8316, GNorm = 0.9044, lr_0 = 7.8776e-04
Loss = 1.9156e-01, PNorm = 245.9163, GNorm = 1.2714, lr_0 = 7.8755e-04
Loss = 1.6140e-01, PNorm = 246.0015, GNorm = 0.6115, lr_0 = 7.8735e-04
Loss = 1.7914e-01, PNorm = 246.0794, GNorm = 1.1410, lr_0 = 7.8714e-04
Loss = 2.1452e-01, PNorm = 246.1647, GNorm = 0.6905, lr_0 = 7.8693e-04
Loss = 2.0289e-01, PNorm = 246.2515, GNorm = 0.5334, lr_0 = 7.8672e-04
Loss = 1.8422e-01, PNorm = 246.3444, GNorm = 0.4781, lr_0 = 7.8652e-04
Loss = 2.3274e-01, PNorm = 246.4348, GNorm = 0.8400, lr_0 = 7.8631e-04
Loss = 1.8157e-01, PNorm = 246.5395, GNorm = 0.7879, lr_0 = 7.8610e-04
Loss = 1.8309e-01, PNorm = 246.6446, GNorm = 1.4123, lr_0 = 7.8590e-04
Loss = 1.8758e-01, PNorm = 246.7413, GNorm = 0.6499, lr_0 = 7.8569e-04
Loss = 2.0438e-01, PNorm = 246.8463, GNorm = 2.5613, lr_0 = 7.8548e-04
Loss = 1.9387e-01, PNorm = 246.9508, GNorm = 0.6022, lr_0 = 7.8528e-04
Loss = 1.9082e-01, PNorm = 247.0426, GNorm = 0.6626, lr_0 = 7.8507e-04
Loss = 1.6782e-01, PNorm = 247.1220, GNorm = 0.5151, lr_0 = 7.8486e-04
Loss = 2.4795e-01, PNorm = 247.2100, GNorm = 0.9898, lr_0 = 7.8466e-04
Loss = 1.5125e-01, PNorm = 247.2978, GNorm = 0.4962, lr_0 = 7.8445e-04
Loss = 1.5389e-01, PNorm = 247.3801, GNorm = 0.5739, lr_0 = 7.8424e-04
Loss = 1.6439e-01, PNorm = 247.4570, GNorm = 0.7135, lr_0 = 7.8404e-04
Loss = 1.6844e-01, PNorm = 247.5320, GNorm = 0.7374, lr_0 = 7.8383e-04
Loss = 1.9311e-01, PNorm = 247.6276, GNorm = 0.9220, lr_0 = 7.8363e-04
Loss = 1.5962e-01, PNorm = 247.7190, GNorm = 0.6446, lr_0 = 7.8342e-04
Loss = 1.7220e-01, PNorm = 247.8059, GNorm = 0.7210, lr_0 = 7.8321e-04
Loss = 1.6837e-01, PNorm = 247.8950, GNorm = 0.7191, lr_0 = 7.8301e-04
Loss = 1.7140e-01, PNorm = 247.9792, GNorm = 0.6622, lr_0 = 7.8280e-04
Loss = 2.4420e-01, PNorm = 248.0728, GNorm = 1.3532, lr_0 = 7.8259e-04
Loss = 2.1296e-01, PNorm = 248.1755, GNorm = 0.9146, lr_0 = 7.8239e-04
Loss = 1.6256e-01, PNorm = 248.2826, GNorm = 0.8381, lr_0 = 7.8218e-04
Loss = 1.7589e-01, PNorm = 248.3913, GNorm = 0.7907, lr_0 = 7.8198e-04
Loss = 2.0996e-01, PNorm = 248.4894, GNorm = 0.7813, lr_0 = 7.8177e-04
Loss = 1.9252e-01, PNorm = 248.5891, GNorm = 1.0343, lr_0 = 7.8157e-04
Loss = 1.7722e-01, PNorm = 248.6873, GNorm = 0.5400, lr_0 = 7.8136e-04
Loss = 1.6161e-01, PNorm = 248.7795, GNorm = 0.7212, lr_0 = 7.8115e-04
Loss = 1.8478e-01, PNorm = 248.8669, GNorm = 0.4127, lr_0 = 7.8095e-04
Loss = 1.6903e-01, PNorm = 248.9536, GNorm = 1.5366, lr_0 = 7.8074e-04
Loss = 2.0155e-01, PNorm = 249.0522, GNorm = 1.0069, lr_0 = 7.8054e-04
Loss = 2.0501e-01, PNorm = 249.1474, GNorm = 0.9374, lr_0 = 7.8033e-04
Loss = 1.7986e-01, PNorm = 249.2400, GNorm = 0.3847, lr_0 = 7.8013e-04
Loss = 1.6385e-01, PNorm = 249.3261, GNorm = 0.8472, lr_0 = 7.7992e-04
Loss = 1.6435e-01, PNorm = 249.4150, GNorm = 0.5496, lr_0 = 7.7972e-04
Loss = 1.7208e-01, PNorm = 249.4969, GNorm = 0.6751, lr_0 = 7.7951e-04
Loss = 1.6619e-01, PNorm = 249.5826, GNorm = 0.5435, lr_0 = 7.7931e-04
Loss = 1.6519e-01, PNorm = 249.6785, GNorm = 0.6603, lr_0 = 7.7910e-04
Loss = 1.7580e-01, PNorm = 249.7659, GNorm = 1.0011, lr_0 = 7.7890e-04
Loss = 1.8903e-01, PNorm = 249.8546, GNorm = 0.6673, lr_0 = 7.7869e-04
Loss = 1.7522e-01, PNorm = 249.9375, GNorm = 0.5233, lr_0 = 7.7849e-04
Loss = 1.6303e-01, PNorm = 250.0176, GNorm = 0.6936, lr_0 = 7.7828e-04
Loss = 1.8539e-01, PNorm = 250.1079, GNorm = 0.5672, lr_0 = 7.7808e-04
Loss = 2.0999e-01, PNorm = 250.2096, GNorm = 0.8899, lr_0 = 7.7787e-04
Loss = 2.2655e-01, PNorm = 250.3114, GNorm = 0.6289, lr_0 = 7.7767e-04
Loss = 1.7534e-01, PNorm = 250.4102, GNorm = 0.5875, lr_0 = 7.7746e-04
Loss = 1.7153e-01, PNorm = 250.5023, GNorm = 0.6826, lr_0 = 7.7726e-04
Loss = 1.5972e-01, PNorm = 250.5907, GNorm = 0.4524, lr_0 = 7.7706e-04
Loss = 1.7439e-01, PNorm = 250.6707, GNorm = 0.8586, lr_0 = 7.7685e-04
Loss = 1.5889e-01, PNorm = 250.7504, GNorm = 0.9378, lr_0 = 7.7665e-04
Loss = 1.9345e-01, PNorm = 250.8261, GNorm = 0.6163, lr_0 = 7.7644e-04
Loss = 2.0032e-01, PNorm = 250.9172, GNorm = 0.8243, lr_0 = 7.7624e-04
Loss = 1.7940e-01, PNorm = 251.0092, GNorm = 0.8631, lr_0 = 7.7603e-04
Loss = 2.5275e-01, PNorm = 251.1045, GNorm = 1.9752, lr_0 = 7.7583e-04
Loss = 2.2281e-01, PNorm = 251.1999, GNorm = 1.0571, lr_0 = 7.7563e-04
Loss = 1.7992e-01, PNorm = 251.2913, GNorm = 0.8478, lr_0 = 7.7542e-04
Loss = 2.0190e-01, PNorm = 251.3789, GNorm = 1.0734, lr_0 = 7.7522e-04
Loss = 2.0227e-01, PNorm = 251.4677, GNorm = 0.8320, lr_0 = 7.7501e-04
Loss = 2.0281e-01, PNorm = 251.5552, GNorm = 0.4919, lr_0 = 7.7481e-04
Loss = 1.5771e-01, PNorm = 251.6381, GNorm = 0.6807, lr_0 = 7.7461e-04
Loss = 2.1340e-01, PNorm = 251.7201, GNorm = 1.0050, lr_0 = 7.7440e-04
Loss = 1.9650e-01, PNorm = 251.8167, GNorm = 1.3385, lr_0 = 7.7420e-04
Loss = 1.5851e-01, PNorm = 251.9163, GNorm = 0.5636, lr_0 = 7.7399e-04
Loss = 1.8230e-01, PNorm = 252.0095, GNorm = 0.8958, lr_0 = 7.7379e-04
Loss = 1.7780e-01, PNorm = 252.1046, GNorm = 0.7611, lr_0 = 7.7359e-04
Loss = 1.7451e-01, PNorm = 252.2032, GNorm = 0.5477, lr_0 = 7.7338e-04
Loss = 2.2805e-01, PNorm = 252.2969, GNorm = 0.8595, lr_0 = 7.7318e-04
Loss = 1.5751e-01, PNorm = 252.3838, GNorm = 1.0049, lr_0 = 7.7298e-04
Loss = 2.4068e-01, PNorm = 252.4745, GNorm = 1.2823, lr_0 = 7.7277e-04
Loss = 1.9096e-01, PNorm = 252.5812, GNorm = 0.4760, lr_0 = 7.7257e-04
Loss = 2.0202e-01, PNorm = 252.6768, GNorm = 0.6392, lr_0 = 7.7237e-04
Loss = 1.9232e-01, PNorm = 252.7689, GNorm = 0.8531, lr_0 = 7.7216e-04
Validation rmse = 3.926797
Epoch 13
Loss = 1.5912e-01, PNorm = 252.8784, GNorm = 0.7651, lr_0 = 7.7194e-04
Loss = 1.7435e-01, PNorm = 252.9759, GNorm = 0.6244, lr_0 = 7.7174e-04
Loss = 1.6710e-01, PNorm = 253.0620, GNorm = 1.0197, lr_0 = 7.7153e-04
Loss = 1.5221e-01, PNorm = 253.1450, GNorm = 0.6721, lr_0 = 7.7133e-04
Loss = 1.7392e-01, PNorm = 253.2287, GNorm = 0.5524, lr_0 = 7.7113e-04
Loss = 1.7590e-01, PNorm = 253.3176, GNorm = 0.4941, lr_0 = 7.7093e-04
Loss = 2.0518e-01, PNorm = 253.4107, GNorm = 0.7104, lr_0 = 7.7072e-04
Loss = 1.6357e-01, PNorm = 253.5025, GNorm = 0.5758, lr_0 = 7.7052e-04
Loss = 1.6045e-01, PNorm = 253.5894, GNorm = 0.5706, lr_0 = 7.7032e-04
Loss = 1.6724e-01, PNorm = 253.6762, GNorm = 0.6727, lr_0 = 7.7011e-04
Loss = 1.4400e-01, PNorm = 253.7588, GNorm = 0.5808, lr_0 = 7.6991e-04
Loss = 1.5402e-01, PNorm = 253.8447, GNorm = 0.5307, lr_0 = 7.6971e-04
Loss = 1.5130e-01, PNorm = 253.9258, GNorm = 0.4853, lr_0 = 7.6951e-04
Loss = 1.3787e-01, PNorm = 253.9974, GNorm = 0.7728, lr_0 = 7.6930e-04
Loss = 1.7584e-01, PNorm = 254.0678, GNorm = 0.6143, lr_0 = 7.6910e-04
Loss = 1.6200e-01, PNorm = 254.1466, GNorm = 0.9121, lr_0 = 7.6890e-04
Loss = 1.4698e-01, PNorm = 254.2244, GNorm = 0.7668, lr_0 = 7.6870e-04
Loss = 1.6589e-01, PNorm = 254.2911, GNorm = 0.4958, lr_0 = 7.6850e-04
Loss = 1.7011e-01, PNorm = 254.3669, GNorm = 0.8537, lr_0 = 7.6829e-04
Loss = 1.5013e-01, PNorm = 254.4510, GNorm = 0.5505, lr_0 = 7.6809e-04
Loss = 1.3013e-01, PNorm = 254.5309, GNorm = 0.4941, lr_0 = 7.6789e-04
Loss = 1.7546e-01, PNorm = 254.6093, GNorm = 0.8263, lr_0 = 7.6769e-04
Loss = 1.5365e-01, PNorm = 254.6980, GNorm = 0.7321, lr_0 = 7.6748e-04
Loss = 1.9701e-01, PNorm = 254.7918, GNorm = 0.6553, lr_0 = 7.6728e-04
Loss = 1.6060e-01, PNorm = 254.8806, GNorm = 0.5750, lr_0 = 7.6708e-04
Loss = 2.0475e-01, PNorm = 254.9665, GNorm = 0.7058, lr_0 = 7.6688e-04
Loss = 1.5358e-01, PNorm = 255.0571, GNorm = 0.6454, lr_0 = 7.6668e-04
Loss = 1.6668e-01, PNorm = 255.1497, GNorm = 0.4481, lr_0 = 7.6648e-04
Loss = 1.8222e-01, PNorm = 255.2398, GNorm = 0.8230, lr_0 = 7.6627e-04
Loss = 1.9715e-01, PNorm = 255.3388, GNorm = 1.0001, lr_0 = 7.6607e-04
Loss = 1.6817e-01, PNorm = 255.4441, GNorm = 0.3971, lr_0 = 7.6587e-04
Loss = 1.7643e-01, PNorm = 255.5408, GNorm = 0.7517, lr_0 = 7.6567e-04
Loss = 1.9091e-01, PNorm = 255.6303, GNorm = 0.4742, lr_0 = 7.6547e-04
Loss = 2.1152e-01, PNorm = 255.7330, GNorm = 1.1142, lr_0 = 7.6527e-04
Loss = 1.9948e-01, PNorm = 255.8420, GNorm = 1.0279, lr_0 = 7.6507e-04
Loss = 1.4797e-01, PNorm = 255.9407, GNorm = 0.6889, lr_0 = 7.6486e-04
Loss = 1.4711e-01, PNorm = 256.0273, GNorm = 0.6669, lr_0 = 7.6466e-04
Loss = 1.8754e-01, PNorm = 256.1124, GNorm = 0.9190, lr_0 = 7.6446e-04
Loss = 1.5852e-01, PNorm = 256.1949, GNorm = 0.7206, lr_0 = 7.6426e-04
Loss = 1.5780e-01, PNorm = 256.2810, GNorm = 0.4566, lr_0 = 7.6406e-04
Loss = 1.8566e-01, PNorm = 256.3666, GNorm = 0.5594, lr_0 = 7.6386e-04
Loss = 1.6729e-01, PNorm = 256.4501, GNorm = 0.8245, lr_0 = 7.6366e-04
Loss = 2.1943e-01, PNorm = 256.5396, GNorm = 1.0089, lr_0 = 7.6346e-04
Loss = 1.4550e-01, PNorm = 256.6254, GNorm = 0.9113, lr_0 = 7.6326e-04
Loss = 1.6512e-01, PNorm = 256.7085, GNorm = 0.8114, lr_0 = 7.6306e-04
Loss = 2.1466e-01, PNorm = 256.7943, GNorm = 1.0569, lr_0 = 7.6285e-04
Loss = 1.9900e-01, PNorm = 256.8840, GNorm = 1.2797, lr_0 = 7.6265e-04
Loss = 1.4251e-01, PNorm = 256.9679, GNorm = 0.7429, lr_0 = 7.6245e-04
Loss = 2.1157e-01, PNorm = 257.0488, GNorm = 1.0898, lr_0 = 7.6225e-04
Loss = 1.6511e-01, PNorm = 257.1336, GNorm = 0.5977, lr_0 = 7.6205e-04
Loss = 2.1220e-01, PNorm = 257.2215, GNorm = 0.8176, lr_0 = 7.6185e-04
Loss = 1.6046e-01, PNorm = 257.3178, GNorm = 0.6882, lr_0 = 7.6165e-04
Loss = 1.4200e-01, PNorm = 257.4142, GNorm = 0.5418, lr_0 = 7.6145e-04
Loss = 2.0648e-01, PNorm = 257.5032, GNorm = 0.8724, lr_0 = 7.6125e-04
Loss = 1.7295e-01, PNorm = 257.5995, GNorm = 0.5819, lr_0 = 7.6105e-04
Loss = 1.3993e-01, PNorm = 257.6846, GNorm = 0.7123, lr_0 = 7.6085e-04
Loss = 1.5893e-01, PNorm = 257.7599, GNorm = 0.8853, lr_0 = 7.6065e-04
Loss = 1.9201e-01, PNorm = 257.8325, GNorm = 0.7375, lr_0 = 7.6045e-04
Loss = 2.1435e-01, PNorm = 257.9189, GNorm = 0.5920, lr_0 = 7.6025e-04
Loss = 1.5190e-01, PNorm = 258.0065, GNorm = 0.5138, lr_0 = 7.6005e-04
Loss = 1.7319e-01, PNorm = 258.0898, GNorm = 0.7423, lr_0 = 7.5985e-04
Loss = 2.1228e-01, PNorm = 258.1819, GNorm = 0.9602, lr_0 = 7.5965e-04
Loss = 2.0565e-01, PNorm = 258.2796, GNorm = 0.8455, lr_0 = 7.5945e-04
Loss = 2.3898e-01, PNorm = 258.3724, GNorm = 0.7686, lr_0 = 7.5925e-04
Loss = 1.9417e-01, PNorm = 258.4770, GNorm = 1.1004, lr_0 = 7.5905e-04
Loss = 1.7633e-01, PNorm = 258.5779, GNorm = 0.9786, lr_0 = 7.5885e-04
Loss = 2.0048e-01, PNorm = 258.6693, GNorm = 0.8633, lr_0 = 7.5865e-04
Loss = 1.6794e-01, PNorm = 258.7584, GNorm = 1.1221, lr_0 = 7.5845e-04
Loss = 1.7227e-01, PNorm = 258.8484, GNorm = 1.4179, lr_0 = 7.5825e-04
Loss = 1.7740e-01, PNorm = 258.9380, GNorm = 0.8069, lr_0 = 7.5805e-04
Loss = 1.5540e-01, PNorm = 259.0201, GNorm = 0.4617, lr_0 = 7.5785e-04
Loss = 1.9345e-01, PNorm = 259.1026, GNorm = 0.7993, lr_0 = 7.5765e-04
Loss = 1.7760e-01, PNorm = 259.1887, GNorm = 0.9025, lr_0 = 7.5745e-04
Loss = 1.6647e-01, PNorm = 259.2727, GNorm = 0.6986, lr_0 = 7.5726e-04
Loss = 1.6977e-01, PNorm = 259.3586, GNorm = 0.8562, lr_0 = 7.5706e-04
Loss = 1.7650e-01, PNorm = 259.4450, GNorm = 0.5663, lr_0 = 7.5686e-04
Loss = 1.9670e-01, PNorm = 259.5283, GNorm = 0.9058, lr_0 = 7.5666e-04
Loss = 1.7122e-01, PNorm = 259.6108, GNorm = 0.8346, lr_0 = 7.5646e-04
Loss = 2.3131e-01, PNorm = 259.6930, GNorm = 1.6842, lr_0 = 7.5626e-04
Loss = 1.9553e-01, PNorm = 259.7873, GNorm = 0.7313, lr_0 = 7.5606e-04
Loss = 1.8513e-01, PNorm = 259.8853, GNorm = 0.6598, lr_0 = 7.5586e-04
Loss = 1.6861e-01, PNorm = 259.9761, GNorm = 0.7709, lr_0 = 7.5566e-04
Loss = 1.6645e-01, PNorm = 260.0678, GNorm = 0.6091, lr_0 = 7.5546e-04
Loss = 2.1496e-01, PNorm = 260.1603, GNorm = 1.2551, lr_0 = 7.5527e-04
Loss = 2.0077e-01, PNorm = 260.2606, GNorm = 0.9116, lr_0 = 7.5507e-04
Loss = 1.6922e-01, PNorm = 260.3576, GNorm = 0.8446, lr_0 = 7.5487e-04
Loss = 1.7590e-01, PNorm = 260.4542, GNorm = 0.4694, lr_0 = 7.5467e-04
Loss = 2.2336e-01, PNorm = 260.5534, GNorm = 0.5727, lr_0 = 7.5447e-04
Loss = 1.8666e-01, PNorm = 260.6567, GNorm = 0.8378, lr_0 = 7.5427e-04
Loss = 1.5957e-01, PNorm = 260.7548, GNorm = 0.7794, lr_0 = 7.5407e-04
Validation rmse = 3.964925
Epoch 14
Loss = 1.8443e-01, PNorm = 260.8449, GNorm = 1.3569, lr_0 = 7.5388e-04
Loss = 1.4957e-01, PNorm = 260.9362, GNorm = 0.7908, lr_0 = 7.5368e-04
Loss = 1.7493e-01, PNorm = 261.0252, GNorm = 1.3996, lr_0 = 7.5348e-04
Loss = 1.9101e-01, PNorm = 261.1192, GNorm = 0.5503, lr_0 = 7.5328e-04
Loss = 1.3970e-01, PNorm = 261.2056, GNorm = 0.6980, lr_0 = 7.5308e-04
Loss = 1.5952e-01, PNorm = 261.2982, GNorm = 0.6767, lr_0 = 7.5288e-04
Loss = 1.7236e-01, PNorm = 261.3946, GNorm = 0.7947, lr_0 = 7.5269e-04
Loss = 1.8618e-01, PNorm = 261.4968, GNorm = 0.5585, lr_0 = 7.5249e-04
Loss = 1.5556e-01, PNorm = 261.5901, GNorm = 1.2438, lr_0 = 7.5229e-04
Loss = 1.6399e-01, PNorm = 261.6717, GNorm = 0.7870, lr_0 = 7.5209e-04
Loss = 1.5694e-01, PNorm = 261.7551, GNorm = 0.4840, lr_0 = 7.5189e-04
Loss = 1.3877e-01, PNorm = 261.8389, GNorm = 0.7452, lr_0 = 7.5170e-04
Loss = 1.5669e-01, PNorm = 261.9251, GNorm = 0.5914, lr_0 = 7.5150e-04
Loss = 1.5008e-01, PNorm = 262.0117, GNorm = 1.3075, lr_0 = 7.5130e-04
Loss = 1.5629e-01, PNorm = 262.0998, GNorm = 0.8042, lr_0 = 7.5110e-04
Loss = 1.9022e-01, PNorm = 262.1828, GNorm = 0.8808, lr_0 = 7.5091e-04
Loss = 1.6063e-01, PNorm = 262.2737, GNorm = 0.6345, lr_0 = 7.5071e-04
Loss = 1.7332e-01, PNorm = 262.3697, GNorm = 0.6395, lr_0 = 7.5051e-04
Loss = 1.9279e-01, PNorm = 262.4595, GNorm = 1.8107, lr_0 = 7.5031e-04
Loss = 1.7202e-01, PNorm = 262.5448, GNorm = 0.4850, lr_0 = 7.5012e-04
Loss = 1.9148e-01, PNorm = 262.6212, GNorm = 0.5373, lr_0 = 7.4992e-04
Loss = 1.8484e-01, PNorm = 262.7080, GNorm = 1.0028, lr_0 = 7.4972e-04
Loss = 1.5886e-01, PNorm = 262.7908, GNorm = 0.9533, lr_0 = 7.4952e-04
Loss = 1.5371e-01, PNorm = 262.8670, GNorm = 0.6295, lr_0 = 7.4933e-04
Loss = 1.8091e-01, PNorm = 262.9449, GNorm = 0.6621, lr_0 = 7.4913e-04
Loss = 1.6477e-01, PNorm = 263.0225, GNorm = 0.6524, lr_0 = 7.4893e-04
Loss = 1.5704e-01, PNorm = 263.1088, GNorm = 0.3949, lr_0 = 7.4874e-04
Loss = 1.4029e-01, PNorm = 263.1877, GNorm = 0.4837, lr_0 = 7.4854e-04
Loss = 1.7033e-01, PNorm = 263.2578, GNorm = 0.5213, lr_0 = 7.4834e-04
Loss = 1.5699e-01, PNorm = 263.3305, GNorm = 1.3532, lr_0 = 7.4815e-04
Loss = 1.4979e-01, PNorm = 263.4083, GNorm = 0.5171, lr_0 = 7.4795e-04
Loss = 1.3115e-01, PNorm = 263.4896, GNorm = 0.9946, lr_0 = 7.4775e-04
Loss = 1.7006e-01, PNorm = 263.5688, GNorm = 0.6028, lr_0 = 7.4755e-04
Loss = 2.0095e-01, PNorm = 263.6427, GNorm = 0.6525, lr_0 = 7.4736e-04
Loss = 1.5096e-01, PNorm = 263.7181, GNorm = 0.6628, lr_0 = 7.4716e-04
Loss = 1.7255e-01, PNorm = 263.7919, GNorm = 0.8126, lr_0 = 7.4697e-04
Loss = 1.9862e-01, PNorm = 263.8680, GNorm = 0.8357, lr_0 = 7.4677e-04
Loss = 1.5379e-01, PNorm = 263.9443, GNorm = 0.7545, lr_0 = 7.4657e-04
Loss = 1.4010e-01, PNorm = 264.0175, GNorm = 0.4983, lr_0 = 7.4638e-04
Loss = 1.9769e-01, PNorm = 264.0982, GNorm = 0.4768, lr_0 = 7.4618e-04
Loss = 1.7609e-01, PNorm = 264.1811, GNorm = 0.6426, lr_0 = 7.4598e-04
Loss = 1.5441e-01, PNorm = 264.2719, GNorm = 0.5740, lr_0 = 7.4579e-04
Loss = 1.8754e-01, PNorm = 264.3585, GNorm = 0.4036, lr_0 = 7.4559e-04
Loss = 1.3921e-01, PNorm = 264.4374, GNorm = 0.5413, lr_0 = 7.4539e-04
Loss = 1.3897e-01, PNorm = 264.5101, GNorm = 0.7385, lr_0 = 7.4520e-04
Loss = 1.2964e-01, PNorm = 264.5866, GNorm = 0.4932, lr_0 = 7.4500e-04
Loss = 1.8073e-01, PNorm = 264.6669, GNorm = 0.4124, lr_0 = 7.4481e-04
Loss = 1.6997e-01, PNorm = 264.7551, GNorm = 0.8901, lr_0 = 7.4461e-04
Loss = 2.0173e-01, PNorm = 264.8522, GNorm = 0.7101, lr_0 = 7.4441e-04
Loss = 1.6741e-01, PNorm = 264.9501, GNorm = 2.8166, lr_0 = 7.4422e-04
Loss = 1.8494e-01, PNorm = 265.0520, GNorm = 1.1353, lr_0 = 7.4402e-04
Loss = 1.5832e-01, PNorm = 265.1494, GNorm = 0.7264, lr_0 = 7.4383e-04
Loss = 1.7244e-01, PNorm = 265.2368, GNorm = 0.9675, lr_0 = 7.4363e-04
Loss = 1.6224e-01, PNorm = 265.3201, GNorm = 0.6591, lr_0 = 7.4344e-04
Loss = 1.5392e-01, PNorm = 265.4013, GNorm = 0.8117, lr_0 = 7.4324e-04
Loss = 1.6022e-01, PNorm = 265.4869, GNorm = 0.7996, lr_0 = 7.4304e-04
Loss = 1.4993e-01, PNorm = 265.5720, GNorm = 0.4873, lr_0 = 7.4285e-04
Loss = 1.7797e-01, PNorm = 265.6528, GNorm = 0.7442, lr_0 = 7.4265e-04
Loss = 1.5679e-01, PNorm = 265.7343, GNorm = 0.5295, lr_0 = 7.4246e-04
Loss = 1.8233e-01, PNorm = 265.8237, GNorm = 1.5172, lr_0 = 7.4226e-04
Loss = 1.5652e-01, PNorm = 265.9177, GNorm = 0.6699, lr_0 = 7.4207e-04
Loss = 1.6252e-01, PNorm = 266.0181, GNorm = 0.5166, lr_0 = 7.4187e-04
Loss = 1.5435e-01, PNorm = 266.1084, GNorm = 0.7572, lr_0 = 7.4168e-04
Loss = 1.9617e-01, PNorm = 266.1891, GNorm = 0.9914, lr_0 = 7.4148e-04
Loss = 1.7879e-01, PNorm = 266.2727, GNorm = 0.4168, lr_0 = 7.4129e-04
Loss = 1.3960e-01, PNorm = 266.3455, GNorm = 0.6622, lr_0 = 7.4109e-04
Loss = 1.6224e-01, PNorm = 266.4174, GNorm = 1.0128, lr_0 = 7.4090e-04
Loss = 1.7940e-01, PNorm = 266.4945, GNorm = 0.9177, lr_0 = 7.4070e-04
Loss = 1.9835e-01, PNorm = 266.5683, GNorm = 0.9725, lr_0 = 7.4051e-04
Loss = 1.7416e-01, PNorm = 266.6503, GNorm = 0.6741, lr_0 = 7.4031e-04
Loss = 1.7225e-01, PNorm = 266.7373, GNorm = 0.8007, lr_0 = 7.4012e-04
Loss = 1.7339e-01, PNorm = 266.8192, GNorm = 0.9831, lr_0 = 7.3992e-04
Loss = 1.7505e-01, PNorm = 266.8977, GNorm = 0.8462, lr_0 = 7.3973e-04
Loss = 1.6319e-01, PNorm = 266.9804, GNorm = 0.7622, lr_0 = 7.3953e-04
Loss = 1.7237e-01, PNorm = 267.0680, GNorm = 0.6292, lr_0 = 7.3934e-04
Loss = 1.5514e-01, PNorm = 267.1553, GNorm = 0.8165, lr_0 = 7.3914e-04
Loss = 1.7707e-01, PNorm = 267.2382, GNorm = 0.6263, lr_0 = 7.3895e-04
Loss = 2.1107e-01, PNorm = 267.3277, GNorm = 0.5093, lr_0 = 7.3876e-04
Loss = 2.0336e-01, PNorm = 267.4242, GNorm = 0.9522, lr_0 = 7.3856e-04
Loss = 1.7077e-01, PNorm = 267.5225, GNorm = 1.0181, lr_0 = 7.3837e-04
Loss = 1.7844e-01, PNorm = 267.6064, GNorm = 1.0259, lr_0 = 7.3817e-04
Loss = 1.6185e-01, PNorm = 267.6843, GNorm = 1.0160, lr_0 = 7.3798e-04
Loss = 1.5055e-01, PNorm = 267.7691, GNorm = 0.7068, lr_0 = 7.3778e-04
Loss = 1.8033e-01, PNorm = 267.8509, GNorm = 0.6908, lr_0 = 7.3759e-04
Loss = 1.6835e-01, PNorm = 267.9347, GNorm = 0.7367, lr_0 = 7.3740e-04
Loss = 1.8276e-01, PNorm = 268.0184, GNorm = 0.4198, lr_0 = 7.3720e-04
Loss = 2.1399e-01, PNorm = 268.1117, GNorm = 0.8480, lr_0 = 7.3701e-04
Loss = 2.2404e-01, PNorm = 268.2035, GNorm = 1.2697, lr_0 = 7.3681e-04
Loss = 1.5386e-01, PNorm = 268.2980, GNorm = 0.6404, lr_0 = 7.3662e-04
Validation rmse = 3.905292
Epoch 15
Loss = 2.8071e-01, PNorm = 268.3875, GNorm = 2.2594, lr_0 = 7.3643e-04
Loss = 1.8041e-01, PNorm = 268.4890, GNorm = 0.7978, lr_0 = 7.3623e-04
Loss = 1.6455e-01, PNorm = 268.5871, GNorm = 0.5553, lr_0 = 7.3604e-04
Loss = 1.5136e-01, PNorm = 268.6718, GNorm = 0.7276, lr_0 = 7.3585e-04
Loss = 1.4704e-01, PNorm = 268.7618, GNorm = 0.6145, lr_0 = 7.3565e-04
Loss = 1.4086e-01, PNorm = 268.8496, GNorm = 0.6980, lr_0 = 7.3546e-04
Loss = 1.6328e-01, PNorm = 268.9298, GNorm = 1.0326, lr_0 = 7.3527e-04
Loss = 1.4909e-01, PNorm = 269.0041, GNorm = 0.6933, lr_0 = 7.3507e-04
Loss = 1.6415e-01, PNorm = 269.0802, GNorm = 0.6764, lr_0 = 7.3488e-04
Loss = 1.7287e-01, PNorm = 269.1631, GNorm = 0.5945, lr_0 = 7.3469e-04
Loss = 1.6324e-01, PNorm = 269.2491, GNorm = 0.7118, lr_0 = 7.3449e-04
Loss = 1.6251e-01, PNorm = 269.3298, GNorm = 0.7914, lr_0 = 7.3430e-04
Loss = 1.6281e-01, PNorm = 269.4046, GNorm = 0.6453, lr_0 = 7.3411e-04
Loss = 1.3307e-01, PNorm = 269.4759, GNorm = 0.7479, lr_0 = 7.3391e-04
Loss = 1.4310e-01, PNorm = 269.5451, GNorm = 0.6154, lr_0 = 7.3372e-04
Loss = 1.6247e-01, PNorm = 269.6213, GNorm = 0.7808, lr_0 = 7.3353e-04
Loss = 1.1893e-01, PNorm = 269.6942, GNorm = 0.7073, lr_0 = 7.3333e-04
Loss = 1.8446e-01, PNorm = 269.7719, GNorm = 0.8846, lr_0 = 7.3314e-04
Loss = 1.2084e-01, PNorm = 269.8583, GNorm = 0.4986, lr_0 = 7.3295e-04
Loss = 1.5526e-01, PNorm = 269.9349, GNorm = 0.9043, lr_0 = 7.3275e-04
Loss = 1.7305e-01, PNorm = 270.0190, GNorm = 0.5939, lr_0 = 7.3256e-04
Loss = 1.8028e-01, PNorm = 270.1064, GNorm = 0.7836, lr_0 = 7.3237e-04
Loss = 1.2008e-01, PNorm = 270.1799, GNorm = 0.7735, lr_0 = 7.3218e-04
Loss = 1.6003e-01, PNorm = 270.2475, GNorm = 0.6042, lr_0 = 7.3198e-04
Loss = 1.5255e-01, PNorm = 270.3239, GNorm = 0.6014, lr_0 = 7.3179e-04
Loss = 1.3313e-01, PNorm = 270.4040, GNorm = 0.6157, lr_0 = 7.3160e-04
Loss = 1.3286e-01, PNorm = 270.4757, GNorm = 0.4718, lr_0 = 7.3141e-04
Loss = 1.6289e-01, PNorm = 270.5483, GNorm = 1.2490, lr_0 = 7.3121e-04
Loss = 1.2574e-01, PNorm = 270.6252, GNorm = 0.5718, lr_0 = 7.3102e-04
Loss = 1.6726e-01, PNorm = 270.6979, GNorm = 0.4431, lr_0 = 7.3083e-04
Loss = 1.1684e-01, PNorm = 270.7712, GNorm = 0.5013, lr_0 = 7.3064e-04
Loss = 1.9689e-01, PNorm = 270.8413, GNorm = 0.7494, lr_0 = 7.3045e-04
Loss = 1.3568e-01, PNorm = 270.9104, GNorm = 0.7547, lr_0 = 7.3025e-04
Loss = 1.4200e-01, PNorm = 270.9799, GNorm = 0.6637, lr_0 = 7.3006e-04
Loss = 1.6094e-01, PNorm = 271.0496, GNorm = 0.8537, lr_0 = 7.2987e-04
Loss = 1.7217e-01, PNorm = 271.1207, GNorm = 0.9812, lr_0 = 7.2968e-04
Loss = 1.8070e-01, PNorm = 271.1948, GNorm = 0.7626, lr_0 = 7.2948e-04
Loss = 1.4188e-01, PNorm = 271.2877, GNorm = 1.0439, lr_0 = 7.2929e-04
Loss = 1.3295e-01, PNorm = 271.3725, GNorm = 0.9791, lr_0 = 7.2910e-04
Loss = 1.5641e-01, PNorm = 271.4609, GNorm = 0.9850, lr_0 = 7.2891e-04
Loss = 1.6387e-01, PNorm = 271.5463, GNorm = 0.6874, lr_0 = 7.2872e-04
Loss = 1.5584e-01, PNorm = 271.6310, GNorm = 0.5621, lr_0 = 7.2853e-04
Loss = 2.0187e-01, PNorm = 271.7096, GNorm = 1.3112, lr_0 = 7.2833e-04
Loss = 1.6022e-01, PNorm = 271.7889, GNorm = 0.7453, lr_0 = 7.2814e-04
Loss = 1.7503e-01, PNorm = 271.8619, GNorm = 0.4946, lr_0 = 7.2795e-04
Loss = 1.5193e-01, PNorm = 271.9286, GNorm = 0.9303, lr_0 = 7.2776e-04
Loss = 1.7313e-01, PNorm = 272.0006, GNorm = 0.9234, lr_0 = 7.2757e-04
Loss = 1.5621e-01, PNorm = 272.0791, GNorm = 0.5554, lr_0 = 7.2738e-04
Loss = 1.4329e-01, PNorm = 272.1521, GNorm = 0.5815, lr_0 = 7.2719e-04
Loss = 1.4905e-01, PNorm = 272.2250, GNorm = 0.7724, lr_0 = 7.2699e-04
Loss = 1.4260e-01, PNorm = 272.2960, GNorm = 0.8059, lr_0 = 7.2680e-04
Loss = 1.6755e-01, PNorm = 272.3694, GNorm = 1.2651, lr_0 = 7.2661e-04
Loss = 1.2004e-01, PNorm = 272.4479, GNorm = 0.7503, lr_0 = 7.2642e-04
Loss = 1.4156e-01, PNorm = 272.5294, GNorm = 0.7403, lr_0 = 7.2623e-04
Loss = 1.4402e-01, PNorm = 272.6061, GNorm = 0.5694, lr_0 = 7.2604e-04
Loss = 1.6456e-01, PNorm = 272.6881, GNorm = 0.6079, lr_0 = 7.2585e-04
Loss = 1.9223e-01, PNorm = 272.7716, GNorm = 0.7467, lr_0 = 7.2566e-04
Loss = 1.6058e-01, PNorm = 272.8499, GNorm = 0.3468, lr_0 = 7.2547e-04
Loss = 1.8902e-01, PNorm = 272.9375, GNorm = 0.4283, lr_0 = 7.2527e-04
Loss = 1.3687e-01, PNorm = 273.0194, GNorm = 0.5211, lr_0 = 7.2508e-04
Loss = 1.7484e-01, PNorm = 273.1061, GNorm = 0.4905, lr_0 = 7.2489e-04
Loss = 1.6080e-01, PNorm = 273.1937, GNorm = 0.6056, lr_0 = 7.2470e-04
Loss = 1.4924e-01, PNorm = 273.2678, GNorm = 0.4916, lr_0 = 7.2451e-04
Loss = 1.4004e-01, PNorm = 273.3335, GNorm = 0.6360, lr_0 = 7.2432e-04
Loss = 1.5987e-01, PNorm = 273.4042, GNorm = 0.8832, lr_0 = 7.2413e-04
Loss = 1.8274e-01, PNorm = 273.4802, GNorm = 0.7870, lr_0 = 7.2394e-04
Loss = 1.5714e-01, PNorm = 273.5629, GNorm = 0.5623, lr_0 = 7.2375e-04
Loss = 1.6650e-01, PNorm = 273.6418, GNorm = 0.5355, lr_0 = 7.2356e-04
Loss = 1.7506e-01, PNorm = 273.7167, GNorm = 0.6555, lr_0 = 7.2337e-04
Loss = 1.8311e-01, PNorm = 273.7894, GNorm = 1.0509, lr_0 = 7.2318e-04
Loss = 1.3465e-01, PNorm = 273.8631, GNorm = 0.6431, lr_0 = 7.2299e-04
Loss = 1.8114e-01, PNorm = 273.9357, GNorm = 0.4855, lr_0 = 7.2280e-04
Loss = 1.3316e-01, PNorm = 274.0054, GNorm = 0.4882, lr_0 = 7.2261e-04
Loss = 1.5093e-01, PNorm = 274.0765, GNorm = 1.4704, lr_0 = 7.2242e-04
Loss = 1.8343e-01, PNorm = 274.1452, GNorm = 1.0509, lr_0 = 7.2223e-04
Loss = 2.3622e-01, PNorm = 274.2215, GNorm = 0.9072, lr_0 = 7.2204e-04
Loss = 1.6358e-01, PNorm = 274.3045, GNorm = 0.7398, lr_0 = 7.2185e-04
Loss = 1.7029e-01, PNorm = 274.3886, GNorm = 0.7199, lr_0 = 7.2166e-04
Loss = 1.3838e-01, PNorm = 274.4702, GNorm = 0.7025, lr_0 = 7.2147e-04
Loss = 1.7695e-01, PNorm = 274.5439, GNorm = 0.8452, lr_0 = 7.2128e-04
Loss = 1.9783e-01, PNorm = 274.6260, GNorm = 0.8935, lr_0 = 7.2109e-04
Loss = 1.6237e-01, PNorm = 274.7087, GNorm = 0.8078, lr_0 = 7.2090e-04
Loss = 1.5751e-01, PNorm = 274.7900, GNorm = 0.6167, lr_0 = 7.2071e-04
Loss = 1.6573e-01, PNorm = 274.8705, GNorm = 0.6072, lr_0 = 7.2052e-04
Loss = 1.5961e-01, PNorm = 274.9524, GNorm = 0.7124, lr_0 = 7.2033e-04
Loss = 1.7295e-01, PNorm = 275.0273, GNorm = 0.5079, lr_0 = 7.2014e-04
Loss = 1.8115e-01, PNorm = 275.1011, GNorm = 0.6229, lr_0 = 7.1995e-04
Loss = 1.2029e-01, PNorm = 275.1664, GNorm = 0.6228, lr_0 = 7.1976e-04
Loss = 1.5299e-01, PNorm = 275.2263, GNorm = 0.5931, lr_0 = 7.1957e-04
Loss = 1.9075e-01, PNorm = 275.2869, GNorm = 0.8546, lr_0 = 7.1938e-04
Validation rmse = 3.760699
Epoch 16
Loss = 1.7423e-01, PNorm = 275.3500, GNorm = 0.9066, lr_0 = 7.1919e-04
Loss = 1.3151e-01, PNorm = 275.4112, GNorm = 0.8136, lr_0 = 7.1900e-04
Loss = 1.4857e-01, PNorm = 275.4745, GNorm = 0.8940, lr_0 = 7.1882e-04
Loss = 1.8061e-01, PNorm = 275.5412, GNorm = 0.4190, lr_0 = 7.1863e-04
Loss = 1.2135e-01, PNorm = 275.6104, GNorm = 0.6326, lr_0 = 7.1844e-04
Loss = 1.3867e-01, PNorm = 275.6809, GNorm = 1.2801, lr_0 = 7.1825e-04
Loss = 1.3934e-01, PNorm = 275.7476, GNorm = 0.6033, lr_0 = 7.1806e-04
Loss = 1.2715e-01, PNorm = 275.8182, GNorm = 0.6812, lr_0 = 7.1787e-04
Loss = 1.4453e-01, PNorm = 275.8822, GNorm = 0.9460, lr_0 = 7.1768e-04
Loss = 1.4151e-01, PNorm = 275.9553, GNorm = 0.5940, lr_0 = 7.1749e-04
Loss = 1.5335e-01, PNorm = 276.0240, GNorm = 0.7735, lr_0 = 7.1730e-04
Loss = 1.6889e-01, PNorm = 276.0958, GNorm = 0.5144, lr_0 = 7.1712e-04
Loss = 1.2773e-01, PNorm = 276.1669, GNorm = 0.9990, lr_0 = 7.1693e-04
Loss = 1.8977e-01, PNorm = 276.2395, GNorm = 0.6325, lr_0 = 7.1674e-04
Loss = 1.1808e-01, PNorm = 276.3149, GNorm = 0.5017, lr_0 = 7.1655e-04
Loss = 1.2928e-01, PNorm = 276.3848, GNorm = 0.5436, lr_0 = 7.1636e-04
Loss = 1.3938e-01, PNorm = 276.4555, GNorm = 0.5011, lr_0 = 7.1617e-04
Loss = 1.3805e-01, PNorm = 276.5221, GNorm = 0.5255, lr_0 = 7.1598e-04
Loss = 1.7034e-01, PNorm = 276.5937, GNorm = 3.2149, lr_0 = 7.1580e-04
Loss = 1.4457e-01, PNorm = 276.6780, GNorm = 0.6760, lr_0 = 7.1561e-04
Loss = 1.9202e-01, PNorm = 276.7471, GNorm = 1.1074, lr_0 = 7.1542e-04
Loss = 1.2405e-01, PNorm = 276.8160, GNorm = 0.3080, lr_0 = 7.1523e-04
Loss = 1.7845e-01, PNorm = 276.8880, GNorm = 0.6197, lr_0 = 7.1504e-04
Loss = 1.5690e-01, PNorm = 276.9586, GNorm = 1.0560, lr_0 = 7.1485e-04
Loss = 1.6951e-01, PNorm = 277.0392, GNorm = 0.5670, lr_0 = 7.1467e-04
Loss = 1.5150e-01, PNorm = 277.1115, GNorm = 0.8669, lr_0 = 7.1448e-04
Loss = 1.4327e-01, PNorm = 277.1765, GNorm = 0.6373, lr_0 = 7.1429e-04
Loss = 1.3787e-01, PNorm = 277.2423, GNorm = 0.7433, lr_0 = 7.1410e-04
Loss = 1.5337e-01, PNorm = 277.3126, GNorm = 0.4100, lr_0 = 7.1391e-04
Loss = 1.4121e-01, PNorm = 277.3869, GNorm = 0.9052, lr_0 = 7.1373e-04
Loss = 1.3081e-01, PNorm = 277.4675, GNorm = 0.4885, lr_0 = 7.1354e-04
Loss = 1.3564e-01, PNorm = 277.5359, GNorm = 0.7188, lr_0 = 7.1335e-04
Loss = 1.3332e-01, PNorm = 277.5988, GNorm = 0.6990, lr_0 = 7.1316e-04
Loss = 1.3140e-01, PNorm = 277.6618, GNorm = 0.9434, lr_0 = 7.1298e-04
Loss = 1.2172e-01, PNorm = 277.7197, GNorm = 0.5327, lr_0 = 7.1279e-04
Loss = 1.3029e-01, PNorm = 277.7778, GNorm = 0.4833, lr_0 = 7.1260e-04
Loss = 1.1930e-01, PNorm = 277.8336, GNorm = 0.6280, lr_0 = 7.1241e-04
Loss = 1.3699e-01, PNorm = 277.8943, GNorm = 0.6593, lr_0 = 7.1223e-04
Loss = 1.5222e-01, PNorm = 277.9625, GNorm = 0.9765, lr_0 = 7.1204e-04
Loss = 1.3071e-01, PNorm = 278.0372, GNorm = 0.6126, lr_0 = 7.1185e-04
Loss = 1.4065e-01, PNorm = 278.1110, GNorm = 0.5180, lr_0 = 7.1166e-04
Loss = 1.6271e-01, PNorm = 278.1770, GNorm = 0.6431, lr_0 = 7.1148e-04
Loss = 1.3347e-01, PNorm = 278.2441, GNorm = 0.7275, lr_0 = 7.1129e-04
Loss = 1.1924e-01, PNorm = 278.3121, GNorm = 0.6758, lr_0 = 7.1110e-04
Loss = 1.2887e-01, PNorm = 278.3784, GNorm = 0.8897, lr_0 = 7.1092e-04
Loss = 1.2507e-01, PNorm = 278.4454, GNorm = 0.8330, lr_0 = 7.1073e-04
Loss = 1.5881e-01, PNorm = 278.5185, GNorm = 1.4279, lr_0 = 7.1054e-04
Loss = 1.4620e-01, PNorm = 278.5987, GNorm = 0.4848, lr_0 = 7.1035e-04
Loss = 2.0404e-01, PNorm = 278.6819, GNorm = 0.6636, lr_0 = 7.1017e-04
Loss = 1.9556e-01, PNorm = 278.7831, GNorm = 0.6084, lr_0 = 7.0998e-04
Loss = 1.2744e-01, PNorm = 278.8822, GNorm = 0.4425, lr_0 = 7.0979e-04
Loss = 1.6596e-01, PNorm = 278.9721, GNorm = 0.6027, lr_0 = 7.0961e-04
Loss = 1.7732e-01, PNorm = 279.0621, GNorm = 1.1237, lr_0 = 7.0942e-04
Loss = 1.5827e-01, PNorm = 279.1540, GNorm = 0.7274, lr_0 = 7.0923e-04
Loss = 1.6788e-01, PNorm = 279.2410, GNorm = 0.6239, lr_0 = 7.0905e-04
Loss = 1.6109e-01, PNorm = 279.3159, GNorm = 0.7094, lr_0 = 7.0886e-04
Loss = 1.4343e-01, PNorm = 279.3950, GNorm = 0.6398, lr_0 = 7.0867e-04
Loss = 1.4349e-01, PNorm = 279.4730, GNorm = 0.8362, lr_0 = 7.0849e-04
Loss = 1.4233e-01, PNorm = 279.5472, GNorm = 0.8315, lr_0 = 7.0830e-04
Loss = 1.7806e-01, PNorm = 279.6209, GNorm = 0.5091, lr_0 = 7.0812e-04
Loss = 1.4755e-01, PNorm = 279.6901, GNorm = 0.7622, lr_0 = 7.0793e-04
Loss = 1.3686e-01, PNorm = 279.7485, GNorm = 0.9797, lr_0 = 7.0774e-04
Loss = 1.5428e-01, PNorm = 279.8115, GNorm = 0.9651, lr_0 = 7.0756e-04
Loss = 1.1991e-01, PNorm = 279.8800, GNorm = 0.9379, lr_0 = 7.0737e-04
Loss = 2.2127e-01, PNorm = 279.9560, GNorm = 0.5331, lr_0 = 7.0718e-04
Loss = 1.8862e-01, PNorm = 280.0362, GNorm = 0.9360, lr_0 = 7.0700e-04
Loss = 1.3298e-01, PNorm = 280.1033, GNorm = 0.8137, lr_0 = 7.0681e-04
Loss = 1.4245e-01, PNorm = 280.1651, GNorm = 0.5661, lr_0 = 7.0663e-04
Loss = 1.6899e-01, PNorm = 280.2287, GNorm = 0.6003, lr_0 = 7.0644e-04
Loss = 1.4468e-01, PNorm = 280.2991, GNorm = 0.6820, lr_0 = 7.0625e-04
Loss = 1.6451e-01, PNorm = 280.3738, GNorm = 0.7474, lr_0 = 7.0607e-04
Loss = 1.6246e-01, PNorm = 280.4513, GNorm = 0.6560, lr_0 = 7.0588e-04
Loss = 1.7298e-01, PNorm = 280.5262, GNorm = 0.4740, lr_0 = 7.0570e-04
Loss = 1.4312e-01, PNorm = 280.6004, GNorm = 0.6452, lr_0 = 7.0551e-04
Loss = 1.8803e-01, PNorm = 280.6771, GNorm = 0.6792, lr_0 = 7.0533e-04
Loss = 1.4728e-01, PNorm = 280.7581, GNorm = 0.6907, lr_0 = 7.0514e-04
Loss = 1.8472e-01, PNorm = 280.8347, GNorm = 1.0230, lr_0 = 7.0496e-04
Loss = 1.4732e-01, PNorm = 280.9143, GNorm = 0.7891, lr_0 = 7.0477e-04
Loss = 1.6134e-01, PNorm = 280.9917, GNorm = 1.2935, lr_0 = 7.0458e-04
Loss = 1.9282e-01, PNorm = 281.0772, GNorm = 0.9488, lr_0 = 7.0440e-04
Loss = 1.9954e-01, PNorm = 281.1730, GNorm = 1.3005, lr_0 = 7.0421e-04
Loss = 1.3859e-01, PNorm = 281.2751, GNorm = 0.6206, lr_0 = 7.0403e-04
Loss = 1.6293e-01, PNorm = 281.3575, GNorm = 0.6349, lr_0 = 7.0384e-04
Loss = 1.5865e-01, PNorm = 281.4439, GNorm = 0.6254, lr_0 = 7.0366e-04
Loss = 1.5731e-01, PNorm = 281.5263, GNorm = 0.7015, lr_0 = 7.0347e-04
Loss = 2.0712e-01, PNorm = 281.6096, GNorm = 1.0569, lr_0 = 7.0329e-04
Loss = 1.6540e-01, PNorm = 281.6840, GNorm = 0.8178, lr_0 = 7.0310e-04
Loss = 1.4928e-01, PNorm = 281.7562, GNorm = 0.7241, lr_0 = 7.0292e-04
Loss = 1.8161e-01, PNorm = 281.8331, GNorm = 0.4276, lr_0 = 7.0273e-04
Validation rmse = 3.765902
Epoch 17
Loss = 1.8200e-01, PNorm = 281.9101, GNorm = 0.8819, lr_0 = 7.0255e-04
Loss = 1.1735e-01, PNorm = 281.9823, GNorm = 0.6568, lr_0 = 7.0236e-04
Loss = 1.3425e-01, PNorm = 282.0562, GNorm = 0.7314, lr_0 = 7.0218e-04
Loss = 1.3315e-01, PNorm = 282.1264, GNorm = 0.4798, lr_0 = 7.0199e-04
Loss = 1.4293e-01, PNorm = 282.1901, GNorm = 0.8005, lr_0 = 7.0181e-04
Loss = 1.3812e-01, PNorm = 282.2530, GNorm = 0.6876, lr_0 = 7.0162e-04
Loss = 1.3395e-01, PNorm = 282.3151, GNorm = 0.6839, lr_0 = 7.0144e-04
Loss = 1.3305e-01, PNorm = 282.3798, GNorm = 0.7499, lr_0 = 7.0126e-04
Loss = 1.2632e-01, PNorm = 282.4495, GNorm = 0.5810, lr_0 = 7.0107e-04
Loss = 1.4808e-01, PNorm = 282.5172, GNorm = 0.9576, lr_0 = 7.0089e-04
Loss = 1.2054e-01, PNorm = 282.5884, GNorm = 0.8993, lr_0 = 7.0070e-04
Loss = 1.2735e-01, PNorm = 282.6553, GNorm = 0.5977, lr_0 = 7.0052e-04
Loss = 1.4971e-01, PNorm = 282.7225, GNorm = 0.5491, lr_0 = 7.0033e-04
Loss = 1.2023e-01, PNorm = 282.7843, GNorm = 0.5372, lr_0 = 7.0015e-04
Loss = 1.3175e-01, PNorm = 282.8461, GNorm = 0.6970, lr_0 = 6.9996e-04
Loss = 1.3126e-01, PNorm = 282.9118, GNorm = 0.5022, lr_0 = 6.9978e-04
Loss = 1.4794e-01, PNorm = 282.9737, GNorm = 0.7766, lr_0 = 6.9960e-04
Loss = 1.5160e-01, PNorm = 283.0360, GNorm = 1.1722, lr_0 = 6.9941e-04
Loss = 1.5718e-01, PNorm = 283.1083, GNorm = 0.5613, lr_0 = 6.9923e-04
Loss = 1.7450e-01, PNorm = 283.1836, GNorm = 0.8791, lr_0 = 6.9904e-04
Loss = 1.3264e-01, PNorm = 283.2633, GNorm = 1.2800, lr_0 = 6.9886e-04
Loss = 1.5095e-01, PNorm = 283.3336, GNorm = 0.6875, lr_0 = 6.9868e-04
Loss = 1.6083e-01, PNorm = 283.4070, GNorm = 0.7355, lr_0 = 6.9849e-04
Loss = 1.4702e-01, PNorm = 283.4869, GNorm = 0.8136, lr_0 = 6.9831e-04
Loss = 1.5062e-01, PNorm = 283.5659, GNorm = 0.5820, lr_0 = 6.9813e-04
Loss = 1.4402e-01, PNorm = 283.6364, GNorm = 0.6394, lr_0 = 6.9794e-04
Loss = 1.8625e-01, PNorm = 283.7079, GNorm = 0.8667, lr_0 = 6.9776e-04
Loss = 1.6368e-01, PNorm = 283.7774, GNorm = 0.7196, lr_0 = 6.9757e-04
Loss = 1.4830e-01, PNorm = 283.8435, GNorm = 0.7387, lr_0 = 6.9739e-04
Loss = 1.4647e-01, PNorm = 283.9100, GNorm = 0.7994, lr_0 = 6.9721e-04
Loss = 1.5096e-01, PNorm = 283.9836, GNorm = 0.7229, lr_0 = 6.9702e-04
Loss = 1.3173e-01, PNorm = 284.0505, GNorm = 0.8211, lr_0 = 6.9684e-04
Loss = 1.6322e-01, PNorm = 284.1143, GNorm = 0.7915, lr_0 = 6.9666e-04
Loss = 1.3262e-01, PNorm = 284.1826, GNorm = 0.4234, lr_0 = 6.9647e-04
Loss = 1.7578e-01, PNorm = 284.2460, GNorm = 0.7015, lr_0 = 6.9629e-04
Loss = 1.3769e-01, PNorm = 284.3096, GNorm = 0.6920, lr_0 = 6.9611e-04
Loss = 1.4976e-01, PNorm = 284.3728, GNorm = 0.4948, lr_0 = 6.9592e-04
Loss = 1.4676e-01, PNorm = 284.4386, GNorm = 0.5043, lr_0 = 6.9574e-04
Loss = 1.8175e-01, PNorm = 284.5171, GNorm = 0.7498, lr_0 = 6.9556e-04
Loss = 1.4725e-01, PNorm = 284.6000, GNorm = 0.8358, lr_0 = 6.9538e-04
Loss = 1.9527e-01, PNorm = 284.6814, GNorm = 0.7606, lr_0 = 6.9519e-04
Loss = 1.6995e-01, PNorm = 284.7580, GNorm = 0.9645, lr_0 = 6.9501e-04
Loss = 1.3164e-01, PNorm = 284.8269, GNorm = 0.7431, lr_0 = 6.9483e-04
Loss = 1.4040e-01, PNorm = 284.8873, GNorm = 0.6929, lr_0 = 6.9464e-04
Loss = 1.6782e-01, PNorm = 284.9497, GNorm = 0.7014, lr_0 = 6.9446e-04
Loss = 1.1872e-01, PNorm = 285.0120, GNorm = 0.5220, lr_0 = 6.9428e-04
Loss = 1.4032e-01, PNorm = 285.0738, GNorm = 0.5516, lr_0 = 6.9410e-04
Loss = 1.3801e-01, PNorm = 285.1496, GNorm = 0.5547, lr_0 = 6.9391e-04
Loss = 1.2840e-01, PNorm = 285.2203, GNorm = 0.6410, lr_0 = 6.9373e-04
Loss = 1.4933e-01, PNorm = 285.2811, GNorm = 0.4768, lr_0 = 6.9355e-04
Loss = 1.4212e-01, PNorm = 285.3418, GNorm = 0.8116, lr_0 = 6.9337e-04
Loss = 1.2082e-01, PNorm = 285.4085, GNorm = 0.6564, lr_0 = 6.9318e-04
Loss = 1.6520e-01, PNorm = 285.4737, GNorm = 0.5720, lr_0 = 6.9300e-04
Loss = 1.3521e-01, PNorm = 285.5403, GNorm = 0.5263, lr_0 = 6.9282e-04
Loss = 1.4218e-01, PNorm = 285.5998, GNorm = 0.4815, lr_0 = 6.9264e-04
Loss = 1.4108e-01, PNorm = 285.6668, GNorm = 1.0690, lr_0 = 6.9245e-04
Loss = 1.4005e-01, PNorm = 285.7438, GNorm = 0.6598, lr_0 = 6.9227e-04
Loss = 1.3239e-01, PNorm = 285.8153, GNorm = 0.5658, lr_0 = 6.9209e-04
Loss = 1.4753e-01, PNorm = 285.8879, GNorm = 0.9095, lr_0 = 6.9191e-04
Loss = 1.4858e-01, PNorm = 285.9579, GNorm = 1.2234, lr_0 = 6.9173e-04
Loss = 1.2272e-01, PNorm = 286.0262, GNorm = 0.6760, lr_0 = 6.9154e-04
Loss = 1.4185e-01, PNorm = 286.0943, GNorm = 1.2298, lr_0 = 6.9136e-04
Loss = 1.1960e-01, PNorm = 286.1642, GNorm = 0.9933, lr_0 = 6.9118e-04
Loss = 1.0778e-01, PNorm = 286.2257, GNorm = 0.5166, lr_0 = 6.9100e-04
Loss = 1.6857e-01, PNorm = 286.2834, GNorm = 1.4048, lr_0 = 6.9082e-04
Loss = 1.4318e-01, PNorm = 286.3474, GNorm = 0.8463, lr_0 = 6.9063e-04
Loss = 1.5462e-01, PNorm = 286.4196, GNorm = 0.5362, lr_0 = 6.9045e-04
Loss = 1.8482e-01, PNorm = 286.4926, GNorm = 0.9048, lr_0 = 6.9027e-04
Loss = 1.5041e-01, PNorm = 286.5708, GNorm = 0.6617, lr_0 = 6.9009e-04
Loss = 1.6345e-01, PNorm = 286.6601, GNorm = 0.6545, lr_0 = 6.8991e-04
Loss = 1.8554e-01, PNorm = 286.7492, GNorm = 0.5886, lr_0 = 6.8973e-04
Loss = 1.4524e-01, PNorm = 286.8337, GNorm = 0.7619, lr_0 = 6.8955e-04
Loss = 1.1582e-01, PNorm = 286.9066, GNorm = 0.4559, lr_0 = 6.8936e-04
Loss = 1.5321e-01, PNorm = 286.9734, GNorm = 0.7333, lr_0 = 6.8918e-04
Loss = 1.4404e-01, PNorm = 287.0392, GNorm = 0.6717, lr_0 = 6.8900e-04
Loss = 1.6978e-01, PNorm = 287.1068, GNorm = 0.8681, lr_0 = 6.8882e-04
Loss = 1.3770e-01, PNorm = 287.1724, GNorm = 0.8517, lr_0 = 6.8864e-04
Loss = 1.4063e-01, PNorm = 287.2339, GNorm = 0.8134, lr_0 = 6.8846e-04
Loss = 1.3317e-01, PNorm = 287.2985, GNorm = 0.5249, lr_0 = 6.8828e-04
Loss = 1.6718e-01, PNorm = 287.3752, GNorm = 0.6560, lr_0 = 6.8810e-04
Loss = 1.7129e-01, PNorm = 287.4618, GNorm = 0.4321, lr_0 = 6.8791e-04
Loss = 1.5821e-01, PNorm = 287.5479, GNorm = 0.4097, lr_0 = 6.8773e-04
Loss = 1.3996e-01, PNorm = 287.6293, GNorm = 0.4043, lr_0 = 6.8755e-04
Loss = 1.5982e-01, PNorm = 287.7048, GNorm = 0.7343, lr_0 = 6.8737e-04
Loss = 1.4434e-01, PNorm = 287.7815, GNorm = 0.5219, lr_0 = 6.8719e-04
Loss = 1.7538e-01, PNorm = 287.8580, GNorm = 0.5536, lr_0 = 6.8701e-04
Loss = 1.3652e-01, PNorm = 287.9340, GNorm = 1.0160, lr_0 = 6.8683e-04
Loss = 1.3370e-01, PNorm = 288.0006, GNorm = 0.7153, lr_0 = 6.8665e-04
Loss = 1.5695e-01, PNorm = 288.0626, GNorm = 0.7697, lr_0 = 6.8647e-04
Validation rmse = 3.721109
Epoch 18
Loss = 8.8912e-02, PNorm = 288.1247, GNorm = 0.6394, lr_0 = 6.8629e-04
Loss = 1.2585e-01, PNorm = 288.1895, GNorm = 0.7892, lr_0 = 6.8611e-04
Loss = 1.3001e-01, PNorm = 288.2530, GNorm = 0.6005, lr_0 = 6.8593e-04
Loss = 1.2209e-01, PNorm = 288.3136, GNorm = 0.6496, lr_0 = 6.8575e-04
Loss = 1.3624e-01, PNorm = 288.3673, GNorm = 0.4408, lr_0 = 6.8557e-04
Loss = 1.2098e-01, PNorm = 288.4216, GNorm = 0.4720, lr_0 = 6.8539e-04
Loss = 1.3545e-01, PNorm = 288.4803, GNorm = 0.7638, lr_0 = 6.8521e-04
Loss = 1.1374e-01, PNorm = 288.5408, GNorm = 0.5196, lr_0 = 6.8502e-04
Loss = 1.1838e-01, PNorm = 288.5943, GNorm = 0.6157, lr_0 = 6.8484e-04
Loss = 1.2944e-01, PNorm = 288.6477, GNorm = 0.6861, lr_0 = 6.8466e-04
Loss = 1.2819e-01, PNorm = 288.6982, GNorm = 0.9005, lr_0 = 6.8448e-04
Loss = 1.1712e-01, PNorm = 288.7532, GNorm = 0.5874, lr_0 = 6.8430e-04
Loss = 1.3022e-01, PNorm = 288.8066, GNorm = 0.5177, lr_0 = 6.8412e-04
Loss = 1.0989e-01, PNorm = 288.8670, GNorm = 0.4589, lr_0 = 6.8394e-04
Loss = 1.0903e-01, PNorm = 288.9218, GNorm = 0.3914, lr_0 = 6.8376e-04
Loss = 1.5398e-01, PNorm = 288.9799, GNorm = 0.4011, lr_0 = 6.8358e-04
Loss = 1.3164e-01, PNorm = 289.0403, GNorm = 0.5483, lr_0 = 6.8340e-04
Loss = 1.6702e-01, PNorm = 289.1112, GNorm = 0.6156, lr_0 = 6.8322e-04
Loss = 1.2413e-01, PNorm = 289.1800, GNorm = 0.5983, lr_0 = 6.8305e-04
Loss = 1.1624e-01, PNorm = 289.2460, GNorm = 0.6581, lr_0 = 6.8287e-04
Loss = 1.2987e-01, PNorm = 289.3055, GNorm = 0.6364, lr_0 = 6.8269e-04
Loss = 1.0736e-01, PNorm = 289.3601, GNorm = 0.8895, lr_0 = 6.8251e-04
Loss = 1.2875e-01, PNorm = 289.4200, GNorm = 1.0490, lr_0 = 6.8233e-04
Loss = 1.2908e-01, PNorm = 289.4767, GNorm = 0.9197, lr_0 = 6.8215e-04
Loss = 1.2334e-01, PNorm = 289.5323, GNorm = 0.3802, lr_0 = 6.8197e-04
Loss = 1.2537e-01, PNorm = 289.5951, GNorm = 0.5790, lr_0 = 6.8179e-04
Loss = 1.3834e-01, PNorm = 289.6547, GNorm = 0.4491, lr_0 = 6.8161e-04
Loss = 1.3108e-01, PNorm = 289.7164, GNorm = 0.6258, lr_0 = 6.8143e-04
Loss = 1.0656e-01, PNorm = 289.7727, GNorm = 0.5756, lr_0 = 6.8125e-04
Loss = 1.3746e-01, PNorm = 289.8333, GNorm = 0.6708, lr_0 = 6.8107e-04
Loss = 1.3258e-01, PNorm = 289.8985, GNorm = 0.7141, lr_0 = 6.8089e-04
Loss = 1.3463e-01, PNorm = 289.9669, GNorm = 0.7049, lr_0 = 6.8071e-04
Loss = 1.3198e-01, PNorm = 290.0321, GNorm = 0.4785, lr_0 = 6.8053e-04
Loss = 1.2583e-01, PNorm = 290.0902, GNorm = 0.7421, lr_0 = 6.8035e-04
Loss = 1.3907e-01, PNorm = 290.1531, GNorm = 0.5411, lr_0 = 6.8018e-04
Loss = 1.4214e-01, PNorm = 290.2200, GNorm = 0.6585, lr_0 = 6.8000e-04
Loss = 1.4106e-01, PNorm = 290.2893, GNorm = 0.4840, lr_0 = 6.7982e-04
Loss = 1.8003e-01, PNorm = 290.3539, GNorm = 0.4063, lr_0 = 6.7964e-04
Loss = 1.4086e-01, PNorm = 290.4230, GNorm = 0.6622, lr_0 = 6.7946e-04
Loss = 1.4873e-01, PNorm = 290.4874, GNorm = 0.6557, lr_0 = 6.7928e-04
Loss = 1.5443e-01, PNorm = 290.5511, GNorm = 0.5995, lr_0 = 6.7910e-04
Loss = 1.4296e-01, PNorm = 290.6201, GNorm = 0.4321, lr_0 = 6.7892e-04
Loss = 1.4065e-01, PNorm = 290.6843, GNorm = 0.5962, lr_0 = 6.7875e-04
Loss = 1.6158e-01, PNorm = 290.7482, GNorm = 1.4269, lr_0 = 6.7857e-04
Loss = 1.4679e-01, PNorm = 290.8107, GNorm = 0.4685, lr_0 = 6.7839e-04
Loss = 1.3216e-01, PNorm = 290.8748, GNorm = 0.6247, lr_0 = 6.7821e-04
Loss = 1.3014e-01, PNorm = 290.9479, GNorm = 0.6049, lr_0 = 6.7803e-04
Loss = 1.6163e-01, PNorm = 291.0181, GNorm = 0.6278, lr_0 = 6.7785e-04
Loss = 1.3760e-01, PNorm = 291.0890, GNorm = 0.8243, lr_0 = 6.7767e-04
Loss = 1.6213e-01, PNorm = 291.1593, GNorm = 0.5261, lr_0 = 6.7750e-04
Loss = 1.4193e-01, PNorm = 291.2322, GNorm = 0.5375, lr_0 = 6.7732e-04
Loss = 1.5321e-01, PNorm = 291.2995, GNorm = 0.8123, lr_0 = 6.7714e-04
Loss = 1.4117e-01, PNorm = 291.3621, GNorm = 0.7649, lr_0 = 6.7696e-04
Loss = 2.0575e-01, PNorm = 291.4337, GNorm = 1.4778, lr_0 = 6.7678e-04
Loss = 1.1722e-01, PNorm = 291.5096, GNorm = 0.6279, lr_0 = 6.7661e-04
Loss = 1.2287e-01, PNorm = 291.5797, GNorm = 1.0220, lr_0 = 6.7643e-04
Loss = 1.5745e-01, PNorm = 291.6433, GNorm = 0.6157, lr_0 = 6.7625e-04
Loss = 1.5933e-01, PNorm = 291.7069, GNorm = 0.7670, lr_0 = 6.7607e-04
Loss = 1.8844e-01, PNorm = 291.7676, GNorm = 0.6709, lr_0 = 6.7589e-04
Loss = 1.3108e-01, PNorm = 291.8417, GNorm = 0.7759, lr_0 = 6.7572e-04
Loss = 1.4585e-01, PNorm = 291.9165, GNorm = 0.5312, lr_0 = 6.7554e-04
Loss = 1.4587e-01, PNorm = 291.9860, GNorm = 0.4686, lr_0 = 6.7536e-04
Loss = 1.8603e-01, PNorm = 292.0578, GNorm = 0.7204, lr_0 = 6.7518e-04
Loss = 1.5097e-01, PNorm = 292.1195, GNorm = 0.6101, lr_0 = 6.7501e-04
Loss = 1.6129e-01, PNorm = 292.1870, GNorm = 0.5495, lr_0 = 6.7483e-04
Loss = 1.7561e-01, PNorm = 292.2563, GNorm = 0.4964, lr_0 = 6.7465e-04
Loss = 1.7142e-01, PNorm = 292.3227, GNorm = 0.8873, lr_0 = 6.7447e-04
Loss = 1.5382e-01, PNorm = 292.3921, GNorm = 0.7758, lr_0 = 6.7430e-04
Loss = 1.2926e-01, PNorm = 292.4544, GNorm = 0.9826, lr_0 = 6.7412e-04
Loss = 1.2517e-01, PNorm = 292.5160, GNorm = 0.5389, lr_0 = 6.7394e-04
Loss = 1.5066e-01, PNorm = 292.5776, GNorm = 0.5667, lr_0 = 6.7376e-04
Loss = 1.4490e-01, PNorm = 292.6367, GNorm = 0.8443, lr_0 = 6.7359e-04
Loss = 1.4235e-01, PNorm = 292.7068, GNorm = 0.4317, lr_0 = 6.7341e-04
Loss = 1.4188e-01, PNorm = 292.7765, GNorm = 0.7138, lr_0 = 6.7323e-04
Loss = 1.2406e-01, PNorm = 292.8367, GNorm = 0.7599, lr_0 = 6.7305e-04
Loss = 1.4514e-01, PNorm = 292.8935, GNorm = 0.6297, lr_0 = 6.7288e-04
Loss = 1.1685e-01, PNorm = 292.9492, GNorm = 0.6086, lr_0 = 6.7270e-04
Loss = 1.4364e-01, PNorm = 293.0032, GNorm = 0.5406, lr_0 = 6.7252e-04
Loss = 1.4606e-01, PNorm = 293.0695, GNorm = 0.7103, lr_0 = 6.7235e-04
Loss = 1.4153e-01, PNorm = 293.1420, GNorm = 0.9071, lr_0 = 6.7217e-04
Loss = 1.5731e-01, PNorm = 293.2091, GNorm = 0.6455, lr_0 = 6.7199e-04
Loss = 1.7178e-01, PNorm = 293.2944, GNorm = 0.9302, lr_0 = 6.7182e-04
Loss = 1.5108e-01, PNorm = 293.3811, GNorm = 1.1042, lr_0 = 6.7164e-04
Loss = 1.4936e-01, PNorm = 293.4574, GNorm = 0.7067, lr_0 = 6.7146e-04
Loss = 1.5621e-01, PNorm = 293.5209, GNorm = 0.5197, lr_0 = 6.7129e-04
Loss = 1.3871e-01, PNorm = 293.5813, GNorm = 0.7309, lr_0 = 6.7111e-04
Loss = 1.3597e-01, PNorm = 293.6487, GNorm = 0.7388, lr_0 = 6.7093e-04
Loss = 1.4672e-01, PNorm = 293.7147, GNorm = 1.3607, lr_0 = 6.7076e-04
Loss = 1.4596e-01, PNorm = 293.7857, GNorm = 0.4099, lr_0 = 6.7058e-04
Loss = 1.5299e-01, PNorm = 293.8520, GNorm = 0.6427, lr_0 = 6.7040e-04
Validation rmse = 3.764853
Epoch 19
Loss = 1.5681e-01, PNorm = 293.9317, GNorm = 0.6429, lr_0 = 6.7021e-04
Loss = 1.0890e-01, PNorm = 293.9969, GNorm = 0.5392, lr_0 = 6.7003e-04
Loss = 1.1811e-01, PNorm = 294.0534, GNorm = 0.6164, lr_0 = 6.6986e-04
Loss = 1.0809e-01, PNorm = 294.1046, GNorm = 0.6142, lr_0 = 6.6968e-04
Loss = 1.3553e-01, PNorm = 294.1636, GNorm = 0.7771, lr_0 = 6.6950e-04
Loss = 1.1867e-01, PNorm = 294.2242, GNorm = 0.5376, lr_0 = 6.6933e-04
Loss = 1.4644e-01, PNorm = 294.2835, GNorm = 0.5871, lr_0 = 6.6915e-04
Loss = 1.1464e-01, PNorm = 294.3436, GNorm = 0.6342, lr_0 = 6.6898e-04
Loss = 1.1191e-01, PNorm = 294.3997, GNorm = 0.6713, lr_0 = 6.6880e-04
Loss = 1.3767e-01, PNorm = 294.4547, GNorm = 0.3518, lr_0 = 6.6862e-04
Loss = 1.0753e-01, PNorm = 294.5021, GNorm = 0.3576, lr_0 = 6.6845e-04
Loss = 1.4433e-01, PNorm = 294.5503, GNorm = 0.6187, lr_0 = 6.6827e-04
Loss = 1.3007e-01, PNorm = 294.6086, GNorm = 0.5079, lr_0 = 6.6810e-04
Loss = 1.2997e-01, PNorm = 294.6687, GNorm = 0.6435, lr_0 = 6.6792e-04
Loss = 1.1908e-01, PNorm = 294.7244, GNorm = 0.4724, lr_0 = 6.6775e-04
Loss = 1.5484e-01, PNorm = 294.7774, GNorm = 0.5950, lr_0 = 6.6757e-04
Loss = 1.2403e-01, PNorm = 294.8414, GNorm = 0.5099, lr_0 = 6.6739e-04
Loss = 1.3576e-01, PNorm = 294.9038, GNorm = 0.9459, lr_0 = 6.6722e-04
Loss = 1.4690e-01, PNorm = 294.9630, GNorm = 1.1001, lr_0 = 6.6704e-04
Loss = 1.2132e-01, PNorm = 295.0200, GNorm = 0.5353, lr_0 = 6.6687e-04
Loss = 1.4555e-01, PNorm = 295.0751, GNorm = 0.6828, lr_0 = 6.6669e-04
Loss = 1.4558e-01, PNorm = 295.1363, GNorm = 0.8678, lr_0 = 6.6652e-04
Loss = 1.4557e-01, PNorm = 295.1930, GNorm = 0.6365, lr_0 = 6.6634e-04
Loss = 1.4362e-01, PNorm = 295.2547, GNorm = 0.5383, lr_0 = 6.6617e-04
Loss = 1.2487e-01, PNorm = 295.3120, GNorm = 0.6833, lr_0 = 6.6599e-04
Loss = 1.1254e-01, PNorm = 295.3669, GNorm = 0.3364, lr_0 = 6.6582e-04
Loss = 1.0204e-01, PNorm = 295.4157, GNorm = 0.6392, lr_0 = 6.6564e-04
Loss = 1.3247e-01, PNorm = 295.4649, GNorm = 0.7573, lr_0 = 6.6547e-04
Loss = 1.3183e-01, PNorm = 295.5205, GNorm = 0.5345, lr_0 = 6.6529e-04
Loss = 1.1508e-01, PNorm = 295.5745, GNorm = 0.4856, lr_0 = 6.6512e-04
Loss = 1.1112e-01, PNorm = 295.6290, GNorm = 0.4915, lr_0 = 6.6494e-04
Loss = 1.3976e-01, PNorm = 295.6821, GNorm = 0.5978, lr_0 = 6.6477e-04
Loss = 1.2956e-01, PNorm = 295.7365, GNorm = 0.4227, lr_0 = 6.6459e-04
Loss = 1.2874e-01, PNorm = 295.7928, GNorm = 0.5837, lr_0 = 6.6442e-04
Loss = 1.5042e-01, PNorm = 295.8530, GNorm = 0.6129, lr_0 = 6.6424e-04
Loss = 1.4803e-01, PNorm = 295.9142, GNorm = 0.7139, lr_0 = 6.6407e-04
Loss = 1.5902e-01, PNorm = 295.9711, GNorm = 0.6658, lr_0 = 6.6389e-04
Loss = 1.9365e-01, PNorm = 296.0352, GNorm = 0.8521, lr_0 = 6.6372e-04
Loss = 1.2706e-01, PNorm = 296.1014, GNorm = 0.7428, lr_0 = 6.6354e-04
Loss = 1.3519e-01, PNorm = 296.1660, GNorm = 0.3882, lr_0 = 6.6337e-04
Loss = 1.6161e-01, PNorm = 296.2292, GNorm = 0.8748, lr_0 = 6.6319e-04
Loss = 1.4858e-01, PNorm = 296.2911, GNorm = 1.0755, lr_0 = 6.6302e-04
Loss = 1.7514e-01, PNorm = 296.3579, GNorm = 0.4908, lr_0 = 6.6284e-04
Loss = 1.3305e-01, PNorm = 296.4279, GNorm = 0.8617, lr_0 = 6.6267e-04
Loss = 1.1740e-01, PNorm = 296.4960, GNorm = 0.4351, lr_0 = 6.6250e-04
Loss = 1.2824e-01, PNorm = 296.5539, GNorm = 0.5893, lr_0 = 6.6232e-04
Loss = 1.4657e-01, PNorm = 296.6176, GNorm = 0.7505, lr_0 = 6.6215e-04
Loss = 1.3889e-01, PNorm = 296.6783, GNorm = 0.8668, lr_0 = 6.6197e-04
Loss = 1.4326e-01, PNorm = 296.7365, GNorm = 1.0186, lr_0 = 6.6180e-04
Loss = 1.3817e-01, PNorm = 296.8058, GNorm = 1.2105, lr_0 = 6.6162e-04
Loss = 1.0417e-01, PNorm = 296.8743, GNorm = 0.8767, lr_0 = 6.6145e-04
Loss = 1.2207e-01, PNorm = 296.9394, GNorm = 0.7827, lr_0 = 6.6128e-04
Loss = 1.3761e-01, PNorm = 297.0065, GNorm = 0.6861, lr_0 = 6.6110e-04
Loss = 1.3494e-01, PNorm = 297.0665, GNorm = 1.0801, lr_0 = 6.6093e-04
Loss = 1.2883e-01, PNorm = 297.1298, GNorm = 0.5168, lr_0 = 6.6075e-04
Loss = 1.0353e-01, PNorm = 297.1877, GNorm = 0.6874, lr_0 = 6.6058e-04
Loss = 1.2278e-01, PNorm = 297.2394, GNorm = 0.4641, lr_0 = 6.6041e-04
Loss = 1.3106e-01, PNorm = 297.2964, GNorm = 0.9729, lr_0 = 6.6023e-04
Loss = 1.2283e-01, PNorm = 297.3526, GNorm = 0.8502, lr_0 = 6.6006e-04
Loss = 1.5110e-01, PNorm = 297.4148, GNorm = 0.5903, lr_0 = 6.5989e-04
Loss = 1.2729e-01, PNorm = 297.4704, GNorm = 0.6423, lr_0 = 6.5971e-04
Loss = 1.2335e-01, PNorm = 297.5210, GNorm = 0.4359, lr_0 = 6.5954e-04
Loss = 1.9993e-01, PNorm = 297.5835, GNorm = 1.0349, lr_0 = 6.5937e-04
Loss = 1.2276e-01, PNorm = 297.6541, GNorm = 0.6767, lr_0 = 6.5919e-04
Loss = 1.4595e-01, PNorm = 297.7196, GNorm = 0.3583, lr_0 = 6.5902e-04
Loss = 1.3133e-01, PNorm = 297.7856, GNorm = 0.8258, lr_0 = 6.5885e-04
Loss = 1.3438e-01, PNorm = 297.8533, GNorm = 0.5923, lr_0 = 6.5867e-04
Loss = 1.6579e-01, PNorm = 297.9184, GNorm = 0.6871, lr_0 = 6.5850e-04
Loss = 1.4117e-01, PNorm = 297.9856, GNorm = 0.5716, lr_0 = 6.5833e-04
Loss = 1.1374e-01, PNorm = 298.0464, GNorm = 0.5781, lr_0 = 6.5815e-04
Loss = 1.3356e-01, PNorm = 298.1069, GNorm = 0.4648, lr_0 = 6.5798e-04
Loss = 1.4758e-01, PNorm = 298.1657, GNorm = 0.5872, lr_0 = 6.5781e-04
Loss = 1.1109e-01, PNorm = 298.2246, GNorm = 0.6246, lr_0 = 6.5763e-04
Loss = 1.3753e-01, PNorm = 298.2773, GNorm = 0.5209, lr_0 = 6.5746e-04
Loss = 1.6288e-01, PNorm = 298.3304, GNorm = 0.7786, lr_0 = 6.5729e-04
Loss = 1.4991e-01, PNorm = 298.3914, GNorm = 0.7752, lr_0 = 6.5711e-04
Loss = 1.2507e-01, PNorm = 298.4526, GNorm = 0.8448, lr_0 = 6.5694e-04
Loss = 1.4046e-01, PNorm = 298.5111, GNorm = 0.8948, lr_0 = 6.5677e-04
Loss = 1.1283e-01, PNorm = 298.5743, GNorm = 0.5763, lr_0 = 6.5660e-04
Loss = 1.7144e-01, PNorm = 298.6420, GNorm = 0.7354, lr_0 = 6.5642e-04
Loss = 1.2897e-01, PNorm = 298.7064, GNorm = 0.3719, lr_0 = 6.5625e-04
Loss = 1.6085e-01, PNorm = 298.7699, GNorm = 0.6207, lr_0 = 6.5608e-04
Loss = 1.4155e-01, PNorm = 298.8418, GNorm = 0.6065, lr_0 = 6.5590e-04
Loss = 1.1909e-01, PNorm = 298.9102, GNorm = 0.6668, lr_0 = 6.5573e-04
Loss = 1.2132e-01, PNorm = 298.9694, GNorm = 1.0287, lr_0 = 6.5556e-04
Loss = 1.4249e-01, PNorm = 299.0359, GNorm = 0.4767, lr_0 = 6.5539e-04
Loss = 1.1373e-01, PNorm = 299.0972, GNorm = 0.5954, lr_0 = 6.5521e-04
Loss = 1.0886e-01, PNorm = 299.1531, GNorm = 0.6633, lr_0 = 6.5504e-04
Loss = 1.2186e-01, PNorm = 299.2129, GNorm = 0.6051, lr_0 = 6.5487e-04
Validation rmse = 3.557539
Epoch 20
Loss = 1.2348e-01, PNorm = 299.2721, GNorm = 0.5882, lr_0 = 6.5470e-04
Loss = 1.2295e-01, PNorm = 299.3240, GNorm = 0.6865, lr_0 = 6.5453e-04
Loss = 1.2842e-01, PNorm = 299.3768, GNorm = 1.2876, lr_0 = 6.5435e-04
Loss = 1.1059e-01, PNorm = 299.4321, GNorm = 0.6303, lr_0 = 6.5418e-04
Loss = 1.0451e-01, PNorm = 299.4851, GNorm = 0.5920, lr_0 = 6.5401e-04
Loss = 1.1585e-01, PNorm = 299.5382, GNorm = 0.5174, lr_0 = 6.5384e-04
Loss = 1.0348e-01, PNorm = 299.5891, GNorm = 0.9310, lr_0 = 6.5367e-04
Loss = 1.2808e-01, PNorm = 299.6432, GNorm = 0.5843, lr_0 = 6.5349e-04
Loss = 1.4553e-01, PNorm = 299.6974, GNorm = 0.4787, lr_0 = 6.5332e-04
Loss = 1.2692e-01, PNorm = 299.7556, GNorm = 0.6236, lr_0 = 6.5315e-04
Loss = 9.9138e-02, PNorm = 299.8095, GNorm = 0.6435, lr_0 = 6.5298e-04
Loss = 1.2120e-01, PNorm = 299.8634, GNorm = 0.4006, lr_0 = 6.5281e-04
Loss = 1.0857e-01, PNorm = 299.9189, GNorm = 0.7308, lr_0 = 6.5263e-04
Loss = 1.2704e-01, PNorm = 299.9733, GNorm = 0.6520, lr_0 = 6.5246e-04
Loss = 1.1564e-01, PNorm = 300.0284, GNorm = 0.3569, lr_0 = 6.5229e-04
Loss = 1.2962e-01, PNorm = 300.0838, GNorm = 0.7158, lr_0 = 6.5212e-04
Loss = 1.2047e-01, PNorm = 300.1392, GNorm = 0.5372, lr_0 = 6.5195e-04
Loss = 9.8437e-02, PNorm = 300.1975, GNorm = 0.4511, lr_0 = 6.5178e-04
Loss = 1.5094e-01, PNorm = 300.2552, GNorm = 0.5307, lr_0 = 6.5160e-04
Loss = 1.4386e-01, PNorm = 300.3077, GNorm = 0.4944, lr_0 = 6.5143e-04
Loss = 1.0860e-01, PNorm = 300.3597, GNorm = 0.4194, lr_0 = 6.5126e-04
Loss = 1.0544e-01, PNorm = 300.4121, GNorm = 0.4834, lr_0 = 6.5109e-04
Loss = 1.2573e-01, PNorm = 300.4613, GNorm = 0.5744, lr_0 = 6.5092e-04
Loss = 1.3898e-01, PNorm = 300.5180, GNorm = 0.7677, lr_0 = 6.5075e-04
Loss = 9.4408e-02, PNorm = 300.5722, GNorm = 0.6656, lr_0 = 6.5058e-04
Loss = 1.2144e-01, PNorm = 300.6231, GNorm = 0.5654, lr_0 = 6.5041e-04
Loss = 1.3743e-01, PNorm = 300.6805, GNorm = 0.5624, lr_0 = 6.5023e-04
Loss = 1.3841e-01, PNorm = 300.7360, GNorm = 1.0185, lr_0 = 6.5006e-04
Loss = 1.4494e-01, PNorm = 300.7918, GNorm = 0.7404, lr_0 = 6.4989e-04
Loss = 1.3355e-01, PNorm = 300.8532, GNorm = 0.4766, lr_0 = 6.4972e-04
Loss = 1.1105e-01, PNorm = 300.9090, GNorm = 0.8883, lr_0 = 6.4955e-04
Loss = 1.2132e-01, PNorm = 300.9646, GNorm = 0.5425, lr_0 = 6.4938e-04
Loss = 9.6620e-02, PNorm = 301.0130, GNorm = 0.4658, lr_0 = 6.4921e-04
Loss = 1.8692e-01, PNorm = 301.0607, GNorm = 0.8111, lr_0 = 6.4904e-04
Loss = 1.0639e-01, PNorm = 301.1196, GNorm = 0.5894, lr_0 = 6.4887e-04
Loss = 9.1345e-02, PNorm = 301.1690, GNorm = 0.3509, lr_0 = 6.4870e-04
Loss = 1.4651e-01, PNorm = 301.2129, GNorm = 0.5530, lr_0 = 6.4853e-04
Loss = 1.2493e-01, PNorm = 301.2600, GNorm = 0.6374, lr_0 = 6.4836e-04
Loss = 1.3220e-01, PNorm = 301.3085, GNorm = 0.6868, lr_0 = 6.4818e-04
Loss = 9.7227e-02, PNorm = 301.3610, GNorm = 0.6452, lr_0 = 6.4801e-04
Loss = 1.4791e-01, PNorm = 301.4136, GNorm = 0.5372, lr_0 = 6.4784e-04
Loss = 9.5242e-02, PNorm = 301.4653, GNorm = 0.5421, lr_0 = 6.4767e-04
Loss = 9.2646e-02, PNorm = 301.5121, GNorm = 0.8218, lr_0 = 6.4750e-04
Loss = 1.0800e-01, PNorm = 301.5570, GNorm = 0.4063, lr_0 = 6.4733e-04
Loss = 1.5259e-01, PNorm = 301.6097, GNorm = 0.4612, lr_0 = 6.4716e-04
Loss = 1.1534e-01, PNorm = 301.6687, GNorm = 0.6198, lr_0 = 6.4699e-04
Loss = 1.2346e-01, PNorm = 301.7278, GNorm = 0.5360, lr_0 = 6.4682e-04
Loss = 1.3626e-01, PNorm = 301.7896, GNorm = 0.6428, lr_0 = 6.4665e-04
Loss = 1.2631e-01, PNorm = 301.8515, GNorm = 0.7852, lr_0 = 6.4648e-04
Loss = 1.4449e-01, PNorm = 301.9138, GNorm = 0.7821, lr_0 = 6.4631e-04
Loss = 1.3479e-01, PNorm = 301.9785, GNorm = 0.7326, lr_0 = 6.4614e-04
Loss = 1.1937e-01, PNorm = 302.0443, GNorm = 0.5659, lr_0 = 6.4597e-04
Loss = 1.3214e-01, PNorm = 302.1076, GNorm = 0.9283, lr_0 = 6.4580e-04
Loss = 1.1915e-01, PNorm = 302.1700, GNorm = 0.5264, lr_0 = 6.4563e-04
Loss = 1.2714e-01, PNorm = 302.2293, GNorm = 0.6526, lr_0 = 6.4546e-04
Loss = 1.4085e-01, PNorm = 302.2831, GNorm = 0.5721, lr_0 = 6.4529e-04
Loss = 1.7209e-01, PNorm = 302.3478, GNorm = 0.6766, lr_0 = 6.4512e-04
Loss = 1.0473e-01, PNorm = 302.4062, GNorm = 0.7138, lr_0 = 6.4495e-04
Loss = 1.2985e-01, PNorm = 302.4631, GNorm = 0.8385, lr_0 = 6.4478e-04
Loss = 1.4682e-01, PNorm = 302.5240, GNorm = 0.5115, lr_0 = 6.4461e-04
Loss = 1.2369e-01, PNorm = 302.5812, GNorm = 1.0763, lr_0 = 6.4444e-04
Loss = 1.2659e-01, PNorm = 302.6374, GNorm = 0.5929, lr_0 = 6.4427e-04
Loss = 1.3419e-01, PNorm = 302.6971, GNorm = 0.6601, lr_0 = 6.4410e-04
Loss = 1.1566e-01, PNorm = 302.7506, GNorm = 0.4602, lr_0 = 6.4393e-04
Loss = 1.1997e-01, PNorm = 302.8071, GNorm = 0.8226, lr_0 = 6.4377e-04
Loss = 1.4633e-01, PNorm = 302.8631, GNorm = 0.5184, lr_0 = 6.4360e-04
Loss = 1.0451e-01, PNorm = 302.9183, GNorm = 0.5677, lr_0 = 6.4343e-04
Loss = 1.0821e-01, PNorm = 302.9701, GNorm = 0.5745, lr_0 = 6.4326e-04
Loss = 1.7288e-01, PNorm = 303.0243, GNorm = 0.7200, lr_0 = 6.4309e-04
Loss = 1.1779e-01, PNorm = 303.0801, GNorm = 0.4371, lr_0 = 6.4292e-04
Loss = 1.1192e-01, PNorm = 303.1250, GNorm = 0.6870, lr_0 = 6.4275e-04
Loss = 1.3342e-01, PNorm = 303.1698, GNorm = 0.6090, lr_0 = 6.4258e-04
Loss = 1.3690e-01, PNorm = 303.2185, GNorm = 0.5653, lr_0 = 6.4241e-04
Loss = 1.1361e-01, PNorm = 303.2672, GNorm = 0.5038, lr_0 = 6.4224e-04
Loss = 1.2091e-01, PNorm = 303.3137, GNorm = 0.9508, lr_0 = 6.4207e-04
Loss = 1.6398e-01, PNorm = 303.3734, GNorm = 0.6200, lr_0 = 6.4191e-04
Loss = 1.2761e-01, PNorm = 303.4413, GNorm = 0.6866, lr_0 = 6.4174e-04
Loss = 1.2218e-01, PNorm = 303.5037, GNorm = 0.6802, lr_0 = 6.4157e-04
Loss = 1.2112e-01, PNorm = 303.5591, GNorm = 0.3677, lr_0 = 6.4140e-04
Loss = 1.3431e-01, PNorm = 303.6122, GNorm = 0.4379, lr_0 = 6.4123e-04
Loss = 1.4373e-01, PNorm = 303.6683, GNorm = 0.8003, lr_0 = 6.4106e-04
Loss = 1.2798e-01, PNorm = 303.7282, GNorm = 0.6502, lr_0 = 6.4089e-04
Loss = 1.2482e-01, PNorm = 303.7860, GNorm = 0.6331, lr_0 = 6.4072e-04
Loss = 1.1809e-01, PNorm = 303.8399, GNorm = 0.9762, lr_0 = 6.4056e-04
Loss = 1.5624e-01, PNorm = 303.8940, GNorm = 0.8479, lr_0 = 6.4039e-04
Loss = 1.2387e-01, PNorm = 303.9533, GNorm = 0.4990, lr_0 = 6.4022e-04
Loss = 1.2597e-01, PNorm = 304.0102, GNorm = 0.7701, lr_0 = 6.4005e-04
Loss = 1.1662e-01, PNorm = 304.0702, GNorm = 0.5696, lr_0 = 6.3988e-04
Loss = 1.4194e-01, PNorm = 304.1305, GNorm = 0.4763, lr_0 = 6.3971e-04
Loss = 1.0958e-01, PNorm = 304.1898, GNorm = 0.7822, lr_0 = 6.3954e-04
Validation rmse = 3.680070
Epoch 21
Loss = 1.1646e-01, PNorm = 304.2516, GNorm = 0.4475, lr_0 = 6.3938e-04
Loss = 8.6051e-02, PNorm = 304.3071, GNorm = 0.5142, lr_0 = 6.3921e-04
Loss = 1.0674e-01, PNorm = 304.3581, GNorm = 0.7194, lr_0 = 6.3904e-04
Loss = 1.1004e-01, PNorm = 304.4076, GNorm = 1.0855, lr_0 = 6.3887e-04
Loss = 1.0051e-01, PNorm = 304.4532, GNorm = 0.4140, lr_0 = 6.3870e-04
Loss = 1.0895e-01, PNorm = 304.5017, GNorm = 0.7411, lr_0 = 6.3854e-04
Loss = 1.0767e-01, PNorm = 304.5504, GNorm = 0.6669, lr_0 = 6.3837e-04
Loss = 1.0950e-01, PNorm = 304.5977, GNorm = 0.3211, lr_0 = 6.3820e-04
Loss = 1.1299e-01, PNorm = 304.6443, GNorm = 0.4991, lr_0 = 6.3803e-04
Loss = 1.2332e-01, PNorm = 304.6914, GNorm = 0.4266, lr_0 = 6.3786e-04
Loss = 9.4451e-02, PNorm = 304.7402, GNorm = 0.8950, lr_0 = 6.3770e-04
Loss = 1.2312e-01, PNorm = 304.7907, GNorm = 0.7163, lr_0 = 6.3753e-04
Loss = 1.2352e-01, PNorm = 304.8471, GNorm = 0.9012, lr_0 = 6.3736e-04
Loss = 1.1329e-01, PNorm = 304.9006, GNorm = 0.6221, lr_0 = 6.3719e-04
Loss = 9.0871e-02, PNorm = 304.9517, GNorm = 0.5372, lr_0 = 6.3703e-04
Loss = 1.0535e-01, PNorm = 305.0021, GNorm = 0.6909, lr_0 = 6.3686e-04
Loss = 1.2994e-01, PNorm = 305.0488, GNorm = 0.4161, lr_0 = 6.3669e-04
Loss = 9.6272e-02, PNorm = 305.0984, GNorm = 0.5594, lr_0 = 6.3652e-04
Loss = 1.2545e-01, PNorm = 305.1450, GNorm = 0.5960, lr_0 = 6.3636e-04
Loss = 1.3187e-01, PNorm = 305.1986, GNorm = 0.5727, lr_0 = 6.3619e-04
Loss = 1.1039e-01, PNorm = 305.2596, GNorm = 0.4613, lr_0 = 6.3602e-04
Loss = 1.2272e-01, PNorm = 305.3236, GNorm = 0.9233, lr_0 = 6.3585e-04
Loss = 9.5024e-02, PNorm = 305.3837, GNorm = 0.5830, lr_0 = 6.3569e-04
Loss = 1.2112e-01, PNorm = 305.4421, GNorm = 0.5834, lr_0 = 6.3552e-04
Loss = 1.3106e-01, PNorm = 305.4987, GNorm = 0.7909, lr_0 = 6.3535e-04
Loss = 1.0105e-01, PNorm = 305.5516, GNorm = 0.5204, lr_0 = 6.3518e-04
Loss = 1.1511e-01, PNorm = 305.6012, GNorm = 0.4437, lr_0 = 6.3502e-04
Loss = 1.1264e-01, PNorm = 305.6496, GNorm = 1.1454, lr_0 = 6.3485e-04
Loss = 1.1784e-01, PNorm = 305.7005, GNorm = 0.8217, lr_0 = 6.3468e-04
Loss = 1.1543e-01, PNorm = 305.7507, GNorm = 0.7730, lr_0 = 6.3452e-04
Loss = 1.3110e-01, PNorm = 305.8069, GNorm = 0.5823, lr_0 = 6.3435e-04
Loss = 1.0875e-01, PNorm = 305.8647, GNorm = 0.4175, lr_0 = 6.3418e-04
Loss = 8.6669e-02, PNorm = 305.9226, GNorm = 0.2948, lr_0 = 6.3402e-04
Loss = 9.5844e-02, PNorm = 305.9719, GNorm = 0.5568, lr_0 = 6.3385e-04
Loss = 1.1380e-01, PNorm = 306.0190, GNorm = 0.8721, lr_0 = 6.3368e-04
Loss = 1.4165e-01, PNorm = 306.0723, GNorm = 0.5974, lr_0 = 6.3352e-04
Loss = 1.2314e-01, PNorm = 306.1265, GNorm = 0.7014, lr_0 = 6.3335e-04
Loss = 1.1285e-01, PNorm = 306.1797, GNorm = 0.6653, lr_0 = 6.3318e-04
Loss = 1.4034e-01, PNorm = 306.2308, GNorm = 0.7930, lr_0 = 6.3302e-04
Loss = 1.2331e-01, PNorm = 306.2868, GNorm = 0.5835, lr_0 = 6.3285e-04
Loss = 1.1606e-01, PNorm = 306.3436, GNorm = 0.3908, lr_0 = 6.3268e-04
Loss = 1.1444e-01, PNorm = 306.4013, GNorm = 0.6475, lr_0 = 6.3252e-04
Loss = 1.0785e-01, PNorm = 306.4516, GNorm = 0.7774, lr_0 = 6.3235e-04
Loss = 1.0797e-01, PNorm = 306.5059, GNorm = 0.4669, lr_0 = 6.3218e-04
Loss = 1.3092e-01, PNorm = 306.5588, GNorm = 0.6184, lr_0 = 6.3202e-04
Loss = 1.0009e-01, PNorm = 306.6083, GNorm = 0.7608, lr_0 = 6.3185e-04
Loss = 1.2353e-01, PNorm = 306.6623, GNorm = 0.4691, lr_0 = 6.3168e-04
Loss = 1.0935e-01, PNorm = 306.7152, GNorm = 0.7819, lr_0 = 6.3152e-04
Loss = 1.5446e-01, PNorm = 306.7666, GNorm = 0.7258, lr_0 = 6.3135e-04
Loss = 1.2303e-01, PNorm = 306.8191, GNorm = 0.5642, lr_0 = 6.3119e-04
Loss = 1.0696e-01, PNorm = 306.8742, GNorm = 0.6815, lr_0 = 6.3102e-04
Loss = 1.2353e-01, PNorm = 306.9299, GNorm = 0.8576, lr_0 = 6.3085e-04
Loss = 1.2518e-01, PNorm = 306.9870, GNorm = 0.7479, lr_0 = 6.3069e-04
Loss = 1.4582e-01, PNorm = 307.0436, GNorm = 0.6939, lr_0 = 6.3052e-04
Loss = 1.3666e-01, PNorm = 307.1058, GNorm = 0.5651, lr_0 = 6.3036e-04
Loss = 1.2223e-01, PNorm = 307.1651, GNorm = 0.4463, lr_0 = 6.3019e-04
Loss = 1.2089e-01, PNorm = 307.2214, GNorm = 0.8465, lr_0 = 6.3003e-04
Loss = 1.1224e-01, PNorm = 307.2758, GNorm = 0.4749, lr_0 = 6.2986e-04
Loss = 1.1113e-01, PNorm = 307.3255, GNorm = 0.4135, lr_0 = 6.2969e-04
Loss = 1.2552e-01, PNorm = 307.3812, GNorm = 0.4566, lr_0 = 6.2953e-04
Loss = 1.4268e-01, PNorm = 307.4371, GNorm = 0.4679, lr_0 = 6.2936e-04
Loss = 1.2391e-01, PNorm = 307.4929, GNorm = 0.6495, lr_0 = 6.2920e-04
Loss = 1.4512e-01, PNorm = 307.5542, GNorm = 0.6917, lr_0 = 6.2903e-04
Loss = 1.3644e-01, PNorm = 307.6145, GNorm = 0.6643, lr_0 = 6.2887e-04
Loss = 1.5837e-01, PNorm = 307.6671, GNorm = 0.7441, lr_0 = 6.2870e-04
Loss = 1.3273e-01, PNorm = 307.7221, GNorm = 0.6837, lr_0 = 6.2853e-04
Loss = 1.2796e-01, PNorm = 307.7857, GNorm = 0.6612, lr_0 = 6.2837e-04
Loss = 1.2780e-01, PNorm = 307.8491, GNorm = 1.0109, lr_0 = 6.2820e-04
Loss = 1.4565e-01, PNorm = 307.9097, GNorm = 0.6342, lr_0 = 6.2804e-04
Loss = 1.2964e-01, PNorm = 307.9768, GNorm = 0.7390, lr_0 = 6.2787e-04
Loss = 1.5249e-01, PNorm = 308.0405, GNorm = 1.0516, lr_0 = 6.2771e-04
Loss = 1.1840e-01, PNorm = 308.1088, GNorm = 0.6656, lr_0 = 6.2754e-04
Loss = 1.4073e-01, PNorm = 308.1682, GNorm = 0.6886, lr_0 = 6.2738e-04
Loss = 1.3834e-01, PNorm = 308.2280, GNorm = 1.0339, lr_0 = 6.2721e-04
Loss = 1.3350e-01, PNorm = 308.2890, GNorm = 0.8848, lr_0 = 6.2705e-04
Loss = 1.4218e-01, PNorm = 308.3515, GNorm = 0.8529, lr_0 = 6.2688e-04
Loss = 1.5610e-01, PNorm = 308.4186, GNorm = 0.5857, lr_0 = 6.2672e-04
Loss = 1.5045e-01, PNorm = 308.4979, GNorm = 0.5272, lr_0 = 6.2655e-04
Loss = 1.2707e-01, PNorm = 308.5704, GNorm = 0.5568, lr_0 = 6.2639e-04
Loss = 1.3242e-01, PNorm = 308.6332, GNorm = 0.5815, lr_0 = 6.2622e-04
Loss = 1.1960e-01, PNorm = 308.6971, GNorm = 0.7077, lr_0 = 6.2606e-04
Loss = 1.3969e-01, PNorm = 308.7571, GNorm = 0.7120, lr_0 = 6.2589e-04
Loss = 1.1977e-01, PNorm = 308.8137, GNorm = 0.6236, lr_0 = 6.2573e-04
Loss = 1.2620e-01, PNorm = 308.8706, GNorm = 0.7829, lr_0 = 6.2557e-04
Loss = 1.4888e-01, PNorm = 308.9268, GNorm = 0.8799, lr_0 = 6.2540e-04
Loss = 1.2754e-01, PNorm = 308.9884, GNorm = 0.8094, lr_0 = 6.2524e-04
Loss = 1.1898e-01, PNorm = 309.0509, GNorm = 0.9395, lr_0 = 6.2507e-04
Loss = 1.2706e-01, PNorm = 309.1133, GNorm = 0.5965, lr_0 = 6.2491e-04
Loss = 1.2566e-01, PNorm = 309.1734, GNorm = 1.7689, lr_0 = 6.2474e-04
Validation rmse = 3.603873
Epoch 22
Loss = 1.1831e-01, PNorm = 309.2340, GNorm = 0.6757, lr_0 = 6.2458e-04
Loss = 9.0245e-02, PNorm = 309.2901, GNorm = 0.3882, lr_0 = 6.2441e-04
Loss = 1.2028e-01, PNorm = 309.3422, GNorm = 0.6810, lr_0 = 6.2425e-04
Loss = 1.0634e-01, PNorm = 309.3941, GNorm = 0.5604, lr_0 = 6.2409e-04
Loss = 9.9291e-02, PNorm = 309.4421, GNorm = 0.3323, lr_0 = 6.2392e-04
Loss = 1.0872e-01, PNorm = 309.4856, GNorm = 0.5958, lr_0 = 6.2376e-04
Loss = 1.2778e-01, PNorm = 309.5331, GNorm = 0.4696, lr_0 = 6.2359e-04
Loss = 1.1011e-01, PNorm = 309.5830, GNorm = 0.6251, lr_0 = 6.2343e-04
Loss = 1.0881e-01, PNorm = 309.6365, GNorm = 0.4813, lr_0 = 6.2327e-04
Loss = 1.1231e-01, PNorm = 309.6949, GNorm = 0.9422, lr_0 = 6.2310e-04
Loss = 1.1593e-01, PNorm = 309.7495, GNorm = 1.1884, lr_0 = 6.2294e-04
Loss = 1.1819e-01, PNorm = 309.8016, GNorm = 0.6329, lr_0 = 6.2277e-04
Loss = 1.2145e-01, PNorm = 309.8559, GNorm = 0.5123, lr_0 = 6.2261e-04
Loss = 9.8724e-02, PNorm = 309.9080, GNorm = 0.6600, lr_0 = 6.2245e-04
Loss = 1.3211e-01, PNorm = 309.9587, GNorm = 0.5172, lr_0 = 6.2228e-04
Loss = 1.0641e-01, PNorm = 310.0148, GNorm = 0.6914, lr_0 = 6.2212e-04
Loss = 1.2389e-01, PNorm = 310.0727, GNorm = 0.7739, lr_0 = 6.2195e-04
Loss = 1.3782e-01, PNorm = 310.1291, GNorm = 0.6786, lr_0 = 6.2179e-04
Loss = 1.0896e-01, PNorm = 310.1797, GNorm = 0.5424, lr_0 = 6.2163e-04
Loss = 1.2851e-01, PNorm = 310.2335, GNorm = 0.5764, lr_0 = 6.2146e-04
Loss = 1.1205e-01, PNorm = 310.2850, GNorm = 0.4756, lr_0 = 6.2130e-04
Loss = 1.2079e-01, PNorm = 310.3323, GNorm = 0.6601, lr_0 = 6.2114e-04
Loss = 1.2881e-01, PNorm = 310.3845, GNorm = 0.7470, lr_0 = 6.2097e-04
Loss = 1.0231e-01, PNorm = 310.4401, GNorm = 0.3673, lr_0 = 6.2081e-04
Loss = 1.2831e-01, PNorm = 310.4922, GNorm = 0.6758, lr_0 = 6.2065e-04
Loss = 1.1820e-01, PNorm = 310.5439, GNorm = 0.4575, lr_0 = 6.2048e-04
Loss = 1.1411e-01, PNorm = 310.5957, GNorm = 0.5167, lr_0 = 6.2032e-04
Loss = 1.2739e-01, PNorm = 310.6474, GNorm = 0.5824, lr_0 = 6.2016e-04
Loss = 1.0907e-01, PNorm = 310.6965, GNorm = 0.8091, lr_0 = 6.1999e-04
Loss = 1.0023e-01, PNorm = 310.7493, GNorm = 0.6897, lr_0 = 6.1983e-04
Loss = 1.2019e-01, PNorm = 310.8046, GNorm = 0.9890, lr_0 = 6.1967e-04
Loss = 1.2762e-01, PNorm = 310.8639, GNorm = 0.5690, lr_0 = 6.1950e-04
Loss = 1.2208e-01, PNorm = 310.9175, GNorm = 0.5290, lr_0 = 6.1934e-04
Loss = 1.1887e-01, PNorm = 310.9703, GNorm = 0.4099, lr_0 = 6.1918e-04
Loss = 9.0969e-02, PNorm = 311.0170, GNorm = 0.4671, lr_0 = 6.1902e-04
Loss = 8.7121e-02, PNorm = 311.0620, GNorm = 0.5836, lr_0 = 6.1885e-04
Loss = 9.3404e-02, PNorm = 311.1024, GNorm = 0.4581, lr_0 = 6.1869e-04
Loss = 1.1458e-01, PNorm = 311.1434, GNorm = 0.4767, lr_0 = 6.1853e-04
Loss = 1.3544e-01, PNorm = 311.1909, GNorm = 1.0186, lr_0 = 6.1836e-04
Loss = 1.0776e-01, PNorm = 311.2405, GNorm = 0.6129, lr_0 = 6.1820e-04
Loss = 1.1298e-01, PNorm = 311.2905, GNorm = 0.5632, lr_0 = 6.1804e-04
Loss = 1.2129e-01, PNorm = 311.3434, GNorm = 0.6821, lr_0 = 6.1788e-04
Loss = 1.0309e-01, PNorm = 311.3940, GNorm = 0.4740, lr_0 = 6.1771e-04
Loss = 1.0066e-01, PNorm = 311.4417, GNorm = 0.4972, lr_0 = 6.1755e-04
Loss = 1.1298e-01, PNorm = 311.4911, GNorm = 0.7906, lr_0 = 6.1739e-04
Loss = 1.1058e-01, PNorm = 311.5454, GNorm = 0.4617, lr_0 = 6.1723e-04
Loss = 1.3149e-01, PNorm = 311.5953, GNorm = 0.4990, lr_0 = 6.1706e-04
Loss = 1.4991e-01, PNorm = 311.6493, GNorm = 0.8896, lr_0 = 6.1690e-04
Loss = 1.0814e-01, PNorm = 311.7035, GNorm = 0.4443, lr_0 = 6.1674e-04
Loss = 1.2425e-01, PNorm = 311.7614, GNorm = 0.8718, lr_0 = 6.1658e-04
Loss = 1.0458e-01, PNorm = 311.8165, GNorm = 0.4655, lr_0 = 6.1642e-04
Loss = 1.2674e-01, PNorm = 311.8652, GNorm = 1.3345, lr_0 = 6.1625e-04
Loss = 1.3362e-01, PNorm = 311.9135, GNorm = 0.8644, lr_0 = 6.1609e-04
Loss = 1.4267e-01, PNorm = 311.9656, GNorm = 0.7732, lr_0 = 6.1593e-04
Loss = 9.0312e-02, PNorm = 312.0184, GNorm = 0.5721, lr_0 = 6.1577e-04
Loss = 1.2307e-01, PNorm = 312.0683, GNorm = 0.5049, lr_0 = 6.1561e-04
Loss = 1.0140e-01, PNorm = 312.1211, GNorm = 0.7539, lr_0 = 6.1544e-04
Loss = 9.5790e-02, PNorm = 312.1708, GNorm = 0.5928, lr_0 = 6.1528e-04
Loss = 1.3682e-01, PNorm = 312.2183, GNorm = 1.0131, lr_0 = 6.1512e-04
Loss = 1.6954e-01, PNorm = 312.2740, GNorm = 0.6203, lr_0 = 6.1496e-04
Loss = 1.3380e-01, PNorm = 312.3326, GNorm = 0.5391, lr_0 = 6.1480e-04
Loss = 1.4437e-01, PNorm = 312.3880, GNorm = 0.4451, lr_0 = 6.1463e-04
Loss = 1.1830e-01, PNorm = 312.4489, GNorm = 0.5743, lr_0 = 6.1447e-04
Loss = 1.0766e-01, PNorm = 312.5052, GNorm = 0.6251, lr_0 = 6.1431e-04
Loss = 1.2111e-01, PNorm = 312.5563, GNorm = 0.5275, lr_0 = 6.1415e-04
Loss = 1.1024e-01, PNorm = 312.6090, GNorm = 0.8058, lr_0 = 6.1399e-04
Loss = 1.2443e-01, PNorm = 312.6704, GNorm = 0.5241, lr_0 = 6.1383e-04
Loss = 1.0129e-01, PNorm = 312.7305, GNorm = 0.5999, lr_0 = 6.1366e-04
Loss = 1.1462e-01, PNorm = 312.7876, GNorm = 0.5626, lr_0 = 6.1350e-04
Loss = 1.0247e-01, PNorm = 312.8396, GNorm = 0.7057, lr_0 = 6.1334e-04
Loss = 1.4205e-01, PNorm = 312.8889, GNorm = 0.6408, lr_0 = 6.1318e-04
Loss = 1.2637e-01, PNorm = 312.9430, GNorm = 1.0779, lr_0 = 6.1302e-04
Loss = 1.0790e-01, PNorm = 312.9978, GNorm = 0.6455, lr_0 = 6.1286e-04
Loss = 1.2634e-01, PNorm = 313.0523, GNorm = 0.4875, lr_0 = 6.1270e-04
Loss = 1.3632e-01, PNorm = 313.1089, GNorm = 0.7416, lr_0 = 6.1254e-04
Loss = 1.4409e-01, PNorm = 313.1643, GNorm = 0.4324, lr_0 = 6.1237e-04
Loss = 1.4709e-01, PNorm = 313.2254, GNorm = 0.8778, lr_0 = 6.1221e-04
Loss = 1.1233e-01, PNorm = 313.2824, GNorm = 0.6816, lr_0 = 6.1205e-04
Loss = 1.3914e-01, PNorm = 313.3350, GNorm = 0.6960, lr_0 = 6.1189e-04
Loss = 1.1647e-01, PNorm = 313.3882, GNorm = 0.4635, lr_0 = 6.1173e-04
Loss = 1.2070e-01, PNorm = 313.4380, GNorm = 0.8579, lr_0 = 6.1157e-04
Loss = 1.4575e-01, PNorm = 313.4892, GNorm = 0.7250, lr_0 = 6.1141e-04
Loss = 1.1295e-01, PNorm = 313.5458, GNorm = 0.7151, lr_0 = 6.1125e-04
Loss = 1.1415e-01, PNorm = 313.6035, GNorm = 0.6545, lr_0 = 6.1109e-04
Loss = 1.2280e-01, PNorm = 313.6555, GNorm = 0.4368, lr_0 = 6.1093e-04
Loss = 1.2189e-01, PNorm = 313.7038, GNorm = 0.6204, lr_0 = 6.1077e-04
Loss = 1.1098e-01, PNorm = 313.7589, GNorm = 0.5339, lr_0 = 6.1060e-04
Loss = 1.4257e-01, PNorm = 313.8163, GNorm = 0.5063, lr_0 = 6.1044e-04
Loss = 1.1027e-01, PNorm = 313.8708, GNorm = 0.7556, lr_0 = 6.1028e-04
Validation rmse = 3.614056
Epoch 23
Loss = 1.2302e-01, PNorm = 313.9203, GNorm = 0.9985, lr_0 = 6.1012e-04
Loss = 1.4192e-01, PNorm = 313.9753, GNorm = 0.7117, lr_0 = 6.0996e-04
Loss = 1.0837e-01, PNorm = 314.0287, GNorm = 0.4963, lr_0 = 6.0980e-04
Loss = 1.0792e-01, PNorm = 314.0793, GNorm = 0.4015, lr_0 = 6.0964e-04
Loss = 1.1464e-01, PNorm = 314.1252, GNorm = 0.5061, lr_0 = 6.0948e-04
Loss = 1.2559e-01, PNorm = 314.1727, GNorm = 1.0554, lr_0 = 6.0932e-04
Loss = 9.5100e-02, PNorm = 314.2183, GNorm = 0.3806, lr_0 = 6.0916e-04
Loss = 1.2057e-01, PNorm = 314.2642, GNorm = 0.5923, lr_0 = 6.0900e-04
Loss = 1.1924e-01, PNorm = 314.3121, GNorm = 0.7342, lr_0 = 6.0884e-04
Loss = 1.1870e-01, PNorm = 314.3615, GNorm = 0.4824, lr_0 = 6.0868e-04
Loss = 1.1757e-01, PNorm = 314.4116, GNorm = 0.5793, lr_0 = 6.0852e-04
Loss = 9.3239e-02, PNorm = 314.4607, GNorm = 0.4938, lr_0 = 6.0836e-04
Loss = 1.2924e-01, PNorm = 314.5076, GNorm = 0.5335, lr_0 = 6.0820e-04
Loss = 1.0656e-01, PNorm = 314.5506, GNorm = 0.5453, lr_0 = 6.0804e-04
Loss = 9.9199e-02, PNorm = 314.5969, GNorm = 0.4311, lr_0 = 6.0788e-04
Loss = 8.8176e-02, PNorm = 314.6366, GNorm = 0.8412, lr_0 = 6.0772e-04
Loss = 1.0081e-01, PNorm = 314.6788, GNorm = 0.3998, lr_0 = 6.0756e-04
Loss = 1.2327e-01, PNorm = 314.7214, GNorm = 0.4674, lr_0 = 6.0740e-04
Loss = 1.0372e-01, PNorm = 314.7610, GNorm = 0.4235, lr_0 = 6.0724e-04
Loss = 8.5111e-02, PNorm = 314.8028, GNorm = 0.5856, lr_0 = 6.0708e-04
Loss = 1.0181e-01, PNorm = 314.8466, GNorm = 0.4732, lr_0 = 6.0692e-04
Loss = 1.0074e-01, PNorm = 314.8921, GNorm = 0.9357, lr_0 = 6.0676e-04
Loss = 8.9335e-02, PNorm = 314.9448, GNorm = 0.3852, lr_0 = 6.0660e-04
Loss = 1.1185e-01, PNorm = 314.9892, GNorm = 0.5714, lr_0 = 6.0644e-04
Loss = 9.6909e-02, PNorm = 315.0347, GNorm = 0.4407, lr_0 = 6.0628e-04
Loss = 1.0384e-01, PNorm = 315.0804, GNorm = 0.4144, lr_0 = 6.0612e-04
Loss = 9.9330e-02, PNorm = 315.1271, GNorm = 0.6993, lr_0 = 6.0596e-04
Loss = 1.3368e-01, PNorm = 315.1755, GNorm = 0.5735, lr_0 = 6.0580e-04
Loss = 1.1444e-01, PNorm = 315.2291, GNorm = 0.7279, lr_0 = 6.0564e-04
Loss = 1.0794e-01, PNorm = 315.2788, GNorm = 0.4613, lr_0 = 6.0549e-04
Loss = 1.1050e-01, PNorm = 315.3308, GNorm = 0.5532, lr_0 = 6.0533e-04
Loss = 1.1026e-01, PNorm = 315.3836, GNorm = 0.6900, lr_0 = 6.0517e-04
Loss = 1.0561e-01, PNorm = 315.4373, GNorm = 0.4180, lr_0 = 6.0501e-04
Loss = 9.8506e-02, PNorm = 315.4896, GNorm = 0.3649, lr_0 = 6.0485e-04
Loss = 1.0757e-01, PNorm = 315.5363, GNorm = 0.6092, lr_0 = 6.0469e-04
Loss = 1.0680e-01, PNorm = 315.5878, GNorm = 0.4109, lr_0 = 6.0453e-04
Loss = 1.1115e-01, PNorm = 315.6396, GNorm = 0.9702, lr_0 = 6.0437e-04
Loss = 1.1572e-01, PNorm = 315.6896, GNorm = 0.5455, lr_0 = 6.0421e-04
Loss = 1.2003e-01, PNorm = 315.7406, GNorm = 0.5438, lr_0 = 6.0405e-04
Loss = 9.5260e-02, PNorm = 315.7913, GNorm = 0.3907, lr_0 = 6.0389e-04
Loss = 1.4103e-01, PNorm = 315.8402, GNorm = 0.7638, lr_0 = 6.0374e-04
Loss = 1.6233e-01, PNorm = 315.8943, GNorm = 0.5227, lr_0 = 6.0358e-04
Loss = 1.1626e-01, PNorm = 315.9482, GNorm = 1.0330, lr_0 = 6.0342e-04
Loss = 1.0719e-01, PNorm = 315.9977, GNorm = 0.5992, lr_0 = 6.0326e-04
Loss = 1.0874e-01, PNorm = 316.0455, GNorm = 0.5205, lr_0 = 6.0310e-04
Loss = 1.0790e-01, PNorm = 316.0960, GNorm = 0.6653, lr_0 = 6.0294e-04
Loss = 1.0793e-01, PNorm = 316.1451, GNorm = 0.7382, lr_0 = 6.0278e-04
Loss = 1.0401e-01, PNorm = 316.1869, GNorm = 0.8376, lr_0 = 6.0262e-04
Loss = 1.1642e-01, PNorm = 316.2275, GNorm = 0.4240, lr_0 = 6.0247e-04
Loss = 1.0329e-01, PNorm = 316.2666, GNorm = 0.4470, lr_0 = 6.0231e-04
Loss = 1.0930e-01, PNorm = 316.3061, GNorm = 0.7645, lr_0 = 6.0215e-04
Loss = 1.1714e-01, PNorm = 316.3459, GNorm = 0.5971, lr_0 = 6.0199e-04
Loss = 1.2123e-01, PNorm = 316.3947, GNorm = 0.6888, lr_0 = 6.0183e-04
Loss = 1.1555e-01, PNorm = 316.4512, GNorm = 0.5614, lr_0 = 6.0167e-04
Loss = 1.4247e-01, PNorm = 316.5079, GNorm = 1.0663, lr_0 = 6.0152e-04
Loss = 1.1425e-01, PNorm = 316.5595, GNorm = 0.6228, lr_0 = 6.0136e-04
Loss = 1.2979e-01, PNorm = 316.6176, GNorm = 0.6023, lr_0 = 6.0120e-04
Loss = 1.1116e-01, PNorm = 316.6723, GNorm = 0.7535, lr_0 = 6.0104e-04
Loss = 1.1072e-01, PNorm = 316.7265, GNorm = 0.5281, lr_0 = 6.0088e-04
Loss = 1.2436e-01, PNorm = 316.7748, GNorm = 0.4282, lr_0 = 6.0072e-04
Loss = 9.7142e-02, PNorm = 316.8178, GNorm = 0.4849, lr_0 = 6.0057e-04
Loss = 1.1016e-01, PNorm = 316.8594, GNorm = 0.4173, lr_0 = 6.0041e-04
Loss = 9.5433e-02, PNorm = 316.9024, GNorm = 0.5114, lr_0 = 6.0025e-04
Loss = 1.0432e-01, PNorm = 316.9468, GNorm = 0.4361, lr_0 = 6.0009e-04
Loss = 9.8257e-02, PNorm = 316.9911, GNorm = 0.4660, lr_0 = 5.9993e-04
Loss = 1.2364e-01, PNorm = 317.0328, GNorm = 0.7874, lr_0 = 5.9978e-04
Loss = 1.1967e-01, PNorm = 317.0822, GNorm = 0.5001, lr_0 = 5.9962e-04
Loss = 1.3889e-01, PNorm = 317.1344, GNorm = 0.7317, lr_0 = 5.9946e-04
Loss = 1.2194e-01, PNorm = 317.1923, GNorm = 0.7795, lr_0 = 5.9930e-04
Loss = 8.7464e-02, PNorm = 317.2463, GNorm = 0.3541, lr_0 = 5.9915e-04
Loss = 1.1249e-01, PNorm = 317.2968, GNorm = 0.5625, lr_0 = 5.9899e-04
Loss = 1.0384e-01, PNorm = 317.3463, GNorm = 1.3247, lr_0 = 5.9883e-04
Loss = 1.1582e-01, PNorm = 317.4019, GNorm = 0.8998, lr_0 = 5.9867e-04
Loss = 1.0786e-01, PNorm = 317.4583, GNorm = 0.5939, lr_0 = 5.9852e-04
Loss = 1.0103e-01, PNorm = 317.5088, GNorm = 0.5474, lr_0 = 5.9836e-04
Loss = 1.1112e-01, PNorm = 317.5613, GNorm = 0.3980, lr_0 = 5.9820e-04
Loss = 1.4033e-01, PNorm = 317.6068, GNorm = 0.5993, lr_0 = 5.9804e-04
Loss = 1.2037e-01, PNorm = 317.6550, GNorm = 0.4218, lr_0 = 5.9789e-04
Loss = 1.1663e-01, PNorm = 317.7018, GNorm = 0.6733, lr_0 = 5.9773e-04
Loss = 1.1184e-01, PNorm = 317.7527, GNorm = 0.6013, lr_0 = 5.9757e-04
Loss = 1.3695e-01, PNorm = 317.8031, GNorm = 0.6123, lr_0 = 5.9741e-04
Loss = 1.1320e-01, PNorm = 317.8565, GNorm = 0.8838, lr_0 = 5.9726e-04
Loss = 8.4580e-02, PNorm = 317.9042, GNorm = 0.3998, lr_0 = 5.9710e-04
Loss = 1.1757e-01, PNorm = 317.9464, GNorm = 0.8183, lr_0 = 5.9694e-04
Loss = 1.3506e-01, PNorm = 317.9936, GNorm = 0.4155, lr_0 = 5.9679e-04
Loss = 1.2015e-01, PNorm = 318.0504, GNorm = 0.3669, lr_0 = 5.9663e-04
Loss = 1.0529e-01, PNorm = 318.1045, GNorm = 0.6540, lr_0 = 5.9647e-04
Loss = 1.1997e-01, PNorm = 318.1550, GNorm = 0.7402, lr_0 = 5.9632e-04
Loss = 1.4572e-01, PNorm = 318.2053, GNorm = 0.5416, lr_0 = 5.9616e-04
Loss = 1.1944e-01, PNorm = 318.2532, GNorm = 0.8248, lr_0 = 5.9600e-04
Validation rmse = 3.592747
Epoch 24
Loss = 1.0137e-01, PNorm = 318.2995, GNorm = 0.3945, lr_0 = 5.9584e-04
Loss = 1.1829e-01, PNorm = 318.3440, GNorm = 0.4713, lr_0 = 5.9569e-04
Loss = 1.3366e-01, PNorm = 318.3858, GNorm = 0.8036, lr_0 = 5.9553e-04
Loss = 9.3338e-02, PNorm = 318.4323, GNorm = 0.5120, lr_0 = 5.9537e-04
Loss = 9.6067e-02, PNorm = 318.4810, GNorm = 0.6355, lr_0 = 5.9522e-04
Loss = 8.9773e-02, PNorm = 318.5288, GNorm = 0.5788, lr_0 = 5.9506e-04
Loss = 8.0461e-02, PNorm = 318.5702, GNorm = 0.3846, lr_0 = 5.9490e-04
Loss = 1.3157e-01, PNorm = 318.6150, GNorm = 0.6880, lr_0 = 5.9475e-04
Loss = 9.6956e-02, PNorm = 318.6595, GNorm = 0.4802, lr_0 = 5.9459e-04
Loss = 1.1782e-01, PNorm = 318.7042, GNorm = 0.6874, lr_0 = 5.9444e-04
Loss = 9.2415e-02, PNorm = 318.7533, GNorm = 0.7233, lr_0 = 5.9428e-04
Loss = 1.1759e-01, PNorm = 318.8008, GNorm = 0.4923, lr_0 = 5.9412e-04
Loss = 9.5252e-02, PNorm = 318.8488, GNorm = 0.3077, lr_0 = 5.9397e-04
Loss = 8.5537e-02, PNorm = 318.8918, GNorm = 0.4860, lr_0 = 5.9381e-04
Loss = 8.8827e-02, PNorm = 318.9301, GNorm = 0.4067, lr_0 = 5.9365e-04
Loss = 1.1341e-01, PNorm = 318.9705, GNorm = 0.3992, lr_0 = 5.9350e-04
Loss = 1.1601e-01, PNorm = 319.0126, GNorm = 0.5105, lr_0 = 5.9334e-04
Loss = 7.7812e-02, PNorm = 319.0473, GNorm = 0.4603, lr_0 = 5.9319e-04
Loss = 9.3163e-02, PNorm = 319.0872, GNorm = 0.3939, lr_0 = 5.9303e-04
Loss = 9.4758e-02, PNorm = 319.1266, GNorm = 0.5479, lr_0 = 5.9287e-04
Loss = 9.1231e-02, PNorm = 319.1641, GNorm = 0.3518, lr_0 = 5.9272e-04
Loss = 8.5921e-02, PNorm = 319.2016, GNorm = 0.3881, lr_0 = 5.9256e-04
Loss = 9.7753e-02, PNorm = 319.2385, GNorm = 0.8026, lr_0 = 5.9241e-04
Loss = 1.0093e-01, PNorm = 319.2783, GNorm = 0.5980, lr_0 = 5.9225e-04
Loss = 1.1223e-01, PNorm = 319.3191, GNorm = 0.5224, lr_0 = 5.9209e-04
Loss = 1.2752e-01, PNorm = 319.3654, GNorm = 1.2728, lr_0 = 5.9194e-04
Loss = 9.9776e-02, PNorm = 319.4088, GNorm = 0.7538, lr_0 = 5.9178e-04
Loss = 9.3503e-02, PNorm = 319.4591, GNorm = 0.4306, lr_0 = 5.9163e-04
Loss = 1.0615e-01, PNorm = 319.5131, GNorm = 0.4842, lr_0 = 5.9147e-04
Loss = 8.8769e-02, PNorm = 319.5566, GNorm = 0.6542, lr_0 = 5.9132e-04
Loss = 1.5156e-01, PNorm = 319.6028, GNorm = 0.8580, lr_0 = 5.9116e-04
Loss = 1.1843e-01, PNorm = 319.6612, GNorm = 0.5411, lr_0 = 5.9100e-04
Loss = 1.3366e-01, PNorm = 319.7175, GNorm = 0.5589, lr_0 = 5.9085e-04
Loss = 1.3303e-01, PNorm = 319.7724, GNorm = 1.3636, lr_0 = 5.9069e-04
Loss = 9.0061e-02, PNorm = 319.8220, GNorm = 0.7276, lr_0 = 5.9054e-04
Loss = 1.0859e-01, PNorm = 319.8700, GNorm = 0.4510, lr_0 = 5.9038e-04
Loss = 9.9133e-02, PNorm = 319.9196, GNorm = 0.4342, lr_0 = 5.9023e-04
Loss = 1.1264e-01, PNorm = 319.9628, GNorm = 0.3181, lr_0 = 5.9007e-04
Loss = 1.0968e-01, PNorm = 320.0069, GNorm = 0.5133, lr_0 = 5.8992e-04
Loss = 8.4200e-02, PNorm = 320.0487, GNorm = 0.6112, lr_0 = 5.8976e-04
Loss = 1.4557e-01, PNorm = 320.0898, GNorm = 0.4515, lr_0 = 5.8961e-04
Loss = 8.7804e-02, PNorm = 320.1355, GNorm = 0.5281, lr_0 = 5.8945e-04
Loss = 1.2897e-01, PNorm = 320.1805, GNorm = 0.5489, lr_0 = 5.8930e-04
Loss = 1.2006e-01, PNorm = 320.2304, GNorm = 0.5736, lr_0 = 5.8914e-04
Loss = 1.6755e-01, PNorm = 320.2820, GNorm = 0.9982, lr_0 = 5.8899e-04
Loss = 9.8982e-02, PNorm = 320.3329, GNorm = 1.0243, lr_0 = 5.8883e-04
Loss = 9.8608e-02, PNorm = 320.3778, GNorm = 0.7447, lr_0 = 5.8868e-04
Loss = 1.1301e-01, PNorm = 320.4233, GNorm = 0.7933, lr_0 = 5.8852e-04
Loss = 9.8863e-02, PNorm = 320.4642, GNorm = 0.7319, lr_0 = 5.8837e-04
Loss = 1.2095e-01, PNorm = 320.5075, GNorm = 0.7689, lr_0 = 5.8821e-04
Loss = 1.0716e-01, PNorm = 320.5549, GNorm = 0.6778, lr_0 = 5.8806e-04
Loss = 1.0670e-01, PNorm = 320.5998, GNorm = 0.3723, lr_0 = 5.8790e-04
Loss = 1.2996e-01, PNorm = 320.6429, GNorm = 0.4449, lr_0 = 5.8775e-04
Loss = 1.0740e-01, PNorm = 320.6884, GNorm = 0.6168, lr_0 = 5.8759e-04
Loss = 9.3833e-02, PNorm = 320.7346, GNorm = 0.4303, lr_0 = 5.8744e-04
Loss = 1.1880e-01, PNorm = 320.7766, GNorm = 0.6734, lr_0 = 5.8728e-04
Loss = 1.2912e-01, PNorm = 320.8205, GNorm = 0.7926, lr_0 = 5.8713e-04
Loss = 1.1181e-01, PNorm = 320.8662, GNorm = 0.4126, lr_0 = 5.8698e-04
Loss = 8.9031e-02, PNorm = 320.9139, GNorm = 0.5832, lr_0 = 5.8682e-04
Loss = 1.2697e-01, PNorm = 320.9620, GNorm = 0.7490, lr_0 = 5.8667e-04
Loss = 9.5026e-02, PNorm = 321.0098, GNorm = 0.3539, lr_0 = 5.8651e-04
Loss = 1.1046e-01, PNorm = 321.0565, GNorm = 0.6838, lr_0 = 5.8636e-04
Loss = 9.1488e-02, PNorm = 321.1004, GNorm = 0.4642, lr_0 = 5.8620e-04
Loss = 1.1164e-01, PNorm = 321.1395, GNorm = 0.6548, lr_0 = 5.8605e-04
Loss = 1.2956e-01, PNorm = 321.1859, GNorm = 0.4627, lr_0 = 5.8590e-04
Loss = 1.0772e-01, PNorm = 321.2340, GNorm = 0.4320, lr_0 = 5.8574e-04
Loss = 1.0888e-01, PNorm = 321.2797, GNorm = 0.4156, lr_0 = 5.8559e-04
Loss = 1.0060e-01, PNorm = 321.3269, GNorm = 0.5892, lr_0 = 5.8543e-04
Loss = 8.6604e-02, PNorm = 321.3723, GNorm = 0.3315, lr_0 = 5.8528e-04
Loss = 1.2145e-01, PNorm = 321.4141, GNorm = 0.4720, lr_0 = 5.8513e-04
Loss = 1.0479e-01, PNorm = 321.4603, GNorm = 0.4089, lr_0 = 5.8497e-04
Loss = 1.0501e-01, PNorm = 321.5091, GNorm = 0.7008, lr_0 = 5.8482e-04
Loss = 1.4321e-01, PNorm = 321.5590, GNorm = 0.4410, lr_0 = 5.8466e-04
Loss = 1.2462e-01, PNorm = 321.6054, GNorm = 0.5228, lr_0 = 5.8451e-04
Loss = 1.3864e-01, PNorm = 321.6532, GNorm = 0.5557, lr_0 = 5.8436e-04
Loss = 9.8960e-02, PNorm = 321.6993, GNorm = 0.5294, lr_0 = 5.8420e-04
Loss = 1.0759e-01, PNorm = 321.7407, GNorm = 0.6761, lr_0 = 5.8405e-04
Loss = 1.3519e-01, PNorm = 321.7868, GNorm = 0.7807, lr_0 = 5.8389e-04
Loss = 8.7983e-02, PNorm = 321.8319, GNorm = 0.5778, lr_0 = 5.8374e-04
Loss = 1.0095e-01, PNorm = 321.8738, GNorm = 0.4395, lr_0 = 5.8359e-04
Loss = 9.1217e-02, PNorm = 321.9145, GNorm = 0.4169, lr_0 = 5.8343e-04
Loss = 9.9945e-02, PNorm = 321.9524, GNorm = 0.4342, lr_0 = 5.8328e-04
Loss = 1.3041e-01, PNorm = 321.9961, GNorm = 0.5598, lr_0 = 5.8313e-04
Loss = 1.0831e-01, PNorm = 322.0458, GNorm = 0.8162, lr_0 = 5.8297e-04
Loss = 1.0621e-01, PNorm = 322.0970, GNorm = 0.9130, lr_0 = 5.8282e-04
Loss = 9.9736e-02, PNorm = 322.1475, GNorm = 0.9432, lr_0 = 5.8267e-04
Loss = 1.1664e-01, PNorm = 322.2055, GNorm = 1.0948, lr_0 = 5.8251e-04
Loss = 1.0167e-01, PNorm = 322.2557, GNorm = 0.9065, lr_0 = 5.8236e-04
Loss = 1.0415e-01, PNorm = 322.2979, GNorm = 0.7994, lr_0 = 5.8221e-04
Validation rmse = 3.579685
Epoch 25
Loss = 1.3445e-01, PNorm = 322.3444, GNorm = 0.7621, lr_0 = 5.8205e-04
Loss = 8.9560e-02, PNorm = 322.3882, GNorm = 0.4344, lr_0 = 5.8190e-04
Loss = 9.2893e-02, PNorm = 322.4319, GNorm = 1.1099, lr_0 = 5.8175e-04
Loss = 1.0229e-01, PNorm = 322.4734, GNorm = 0.4806, lr_0 = 5.8159e-04
Loss = 1.1091e-01, PNorm = 322.5149, GNorm = 0.9099, lr_0 = 5.8144e-04
Loss = 9.1710e-02, PNorm = 322.5560, GNorm = 0.4606, lr_0 = 5.8129e-04
Loss = 1.3170e-01, PNorm = 322.6003, GNorm = 0.4169, lr_0 = 5.8114e-04
Loss = 1.0115e-01, PNorm = 322.6460, GNorm = 0.5450, lr_0 = 5.8098e-04
Loss = 1.2747e-01, PNorm = 322.6943, GNorm = 0.5959, lr_0 = 5.8083e-04
Loss = 9.7134e-02, PNorm = 322.7441, GNorm = 0.7067, lr_0 = 5.8068e-04
Loss = 1.0757e-01, PNorm = 322.7880, GNorm = 0.4000, lr_0 = 5.8052e-04
Loss = 1.1245e-01, PNorm = 322.8269, GNorm = 0.4909, lr_0 = 5.8037e-04
Loss = 1.2979e-01, PNorm = 322.8712, GNorm = 1.1264, lr_0 = 5.8022e-04
Loss = 9.5224e-02, PNorm = 322.9139, GNorm = 0.6236, lr_0 = 5.8007e-04
Loss = 1.2710e-01, PNorm = 322.9574, GNorm = 0.7868, lr_0 = 5.7991e-04
Loss = 7.4747e-02, PNorm = 323.0065, GNorm = 0.3795, lr_0 = 5.7976e-04
Loss = 7.9975e-02, PNorm = 323.0470, GNorm = 0.4916, lr_0 = 5.7961e-04
Loss = 9.7171e-02, PNorm = 323.0865, GNorm = 0.3690, lr_0 = 5.7946e-04
Loss = 1.1028e-01, PNorm = 323.1271, GNorm = 0.8702, lr_0 = 5.7930e-04
Loss = 1.0026e-01, PNorm = 323.1685, GNorm = 0.4762, lr_0 = 5.7915e-04
Loss = 1.2122e-01, PNorm = 323.2137, GNorm = 0.9360, lr_0 = 5.7900e-04
Loss = 9.2929e-02, PNorm = 323.2549, GNorm = 0.6844, lr_0 = 5.7885e-04
Loss = 1.2108e-01, PNorm = 323.3013, GNorm = 0.4066, lr_0 = 5.7869e-04
Loss = 1.1208e-01, PNorm = 323.3467, GNorm = 0.6451, lr_0 = 5.7854e-04
Loss = 1.5339e-01, PNorm = 323.4001, GNorm = 0.5237, lr_0 = 5.7839e-04
Loss = 2.2986e-01, PNorm = 323.4691, GNorm = 0.7179, lr_0 = 5.7824e-04
Loss = 1.1782e-01, PNorm = 323.5340, GNorm = 0.5429, lr_0 = 5.7809e-04
Loss = 1.4331e-01, PNorm = 323.5913, GNorm = 0.5494, lr_0 = 5.7793e-04
Loss = 9.7364e-02, PNorm = 323.6503, GNorm = 0.5264, lr_0 = 5.7778e-04
Loss = 1.1344e-01, PNorm = 323.7062, GNorm = 0.5521, lr_0 = 5.7763e-04
Loss = 1.0080e-01, PNorm = 323.7611, GNorm = 0.4833, lr_0 = 5.7748e-04
Loss = 8.9624e-02, PNorm = 323.8114, GNorm = 0.8417, lr_0 = 5.7733e-04
Loss = 1.5190e-01, PNorm = 323.8672, GNorm = 0.5046, lr_0 = 5.7717e-04
Loss = 1.0475e-01, PNorm = 323.9248, GNorm = 0.7640, lr_0 = 5.7702e-04
Loss = 1.2032e-01, PNorm = 323.9848, GNorm = 0.3497, lr_0 = 5.7687e-04
Loss = 1.1304e-01, PNorm = 324.0430, GNorm = 0.6463, lr_0 = 5.7672e-04
Loss = 1.0560e-01, PNorm = 324.0973, GNorm = 0.6062, lr_0 = 5.7657e-04
Loss = 1.1397e-01, PNorm = 324.1479, GNorm = 0.4986, lr_0 = 5.7642e-04
Loss = 8.6422e-02, PNorm = 324.1969, GNorm = 0.5428, lr_0 = 5.7626e-04
Loss = 1.1682e-01, PNorm = 324.2449, GNorm = 0.7187, lr_0 = 5.7611e-04
Loss = 1.0820e-01, PNorm = 324.2928, GNorm = 0.7819, lr_0 = 5.7596e-04
Loss = 1.2933e-01, PNorm = 324.3397, GNorm = 0.6301, lr_0 = 5.7581e-04
Loss = 1.2887e-01, PNorm = 324.3840, GNorm = 1.6589, lr_0 = 5.7566e-04
Loss = 1.1059e-01, PNorm = 324.4315, GNorm = 0.7297, lr_0 = 5.7551e-04
Loss = 1.2114e-01, PNorm = 324.4787, GNorm = 0.7593, lr_0 = 5.7535e-04
Loss = 1.0986e-01, PNorm = 324.5292, GNorm = 0.4268, lr_0 = 5.7520e-04
Loss = 1.2450e-01, PNorm = 324.5742, GNorm = 0.6656, lr_0 = 5.7505e-04
Loss = 1.1643e-01, PNorm = 324.6253, GNorm = 0.6318, lr_0 = 5.7490e-04
Loss = 1.2442e-01, PNorm = 324.6791, GNorm = 1.2793, lr_0 = 5.7475e-04
Loss = 1.0323e-01, PNorm = 324.7284, GNorm = 0.5156, lr_0 = 5.7460e-04
Loss = 8.4630e-02, PNorm = 324.7718, GNorm = 0.4609, lr_0 = 5.7445e-04
Loss = 1.0577e-01, PNorm = 324.8129, GNorm = 0.6110, lr_0 = 5.7430e-04
Loss = 1.0870e-01, PNorm = 324.8555, GNorm = 0.7122, lr_0 = 5.7414e-04
Loss = 1.0728e-01, PNorm = 324.8970, GNorm = 0.7826, lr_0 = 5.7399e-04
Loss = 1.1114e-01, PNorm = 324.9418, GNorm = 0.6998, lr_0 = 5.7384e-04
Loss = 9.5825e-02, PNorm = 324.9832, GNorm = 1.2021, lr_0 = 5.7369e-04
Loss = 1.0001e-01, PNorm = 325.0273, GNorm = 0.5548, lr_0 = 5.7354e-04
Loss = 9.6180e-02, PNorm = 325.0657, GNorm = 0.4736, lr_0 = 5.7339e-04
Loss = 1.0093e-01, PNorm = 325.1045, GNorm = 0.6247, lr_0 = 5.7324e-04
Loss = 1.1384e-01, PNorm = 325.1427, GNorm = 0.5603, lr_0 = 5.7309e-04
Loss = 1.0576e-01, PNorm = 325.1834, GNorm = 0.7226, lr_0 = 5.7294e-04
Loss = 1.1685e-01, PNorm = 325.2228, GNorm = 0.3791, lr_0 = 5.7279e-04
Loss = 1.0167e-01, PNorm = 325.2637, GNorm = 0.5683, lr_0 = 5.7264e-04
Loss = 1.0492e-01, PNorm = 325.3014, GNorm = 0.7163, lr_0 = 5.7249e-04
Loss = 1.3485e-01, PNorm = 325.3435, GNorm = 0.4432, lr_0 = 5.7233e-04
Loss = 9.5135e-02, PNorm = 325.3861, GNorm = 0.5357, lr_0 = 5.7218e-04
Loss = 1.2193e-01, PNorm = 325.4286, GNorm = 0.6178, lr_0 = 5.7203e-04
Loss = 1.0964e-01, PNorm = 325.4747, GNorm = 0.6406, lr_0 = 5.7188e-04
Loss = 1.0246e-01, PNorm = 325.5179, GNorm = 1.0873, lr_0 = 5.7173e-04
Loss = 9.9592e-02, PNorm = 325.5596, GNorm = 0.8936, lr_0 = 5.7158e-04
Loss = 8.9974e-02, PNorm = 325.6025, GNorm = 0.8595, lr_0 = 5.7143e-04
Loss = 9.8513e-02, PNorm = 325.6377, GNorm = 0.5518, lr_0 = 5.7128e-04
Loss = 8.8281e-02, PNorm = 325.6737, GNorm = 0.4872, lr_0 = 5.7113e-04
Loss = 1.0197e-01, PNorm = 325.7125, GNorm = 0.4970, lr_0 = 5.7098e-04
Loss = 1.0244e-01, PNorm = 325.7551, GNorm = 0.4292, lr_0 = 5.7083e-04
Loss = 1.1183e-01, PNorm = 325.7967, GNorm = 0.6427, lr_0 = 5.7068e-04
Loss = 1.1644e-01, PNorm = 325.8360, GNorm = 0.5920, lr_0 = 5.7053e-04
Loss = 1.0291e-01, PNorm = 325.8741, GNorm = 0.5451, lr_0 = 5.7038e-04
Loss = 9.8520e-02, PNorm = 325.9096, GNorm = 0.5523, lr_0 = 5.7023e-04
Loss = 1.3474e-01, PNorm = 325.9469, GNorm = 0.4639, lr_0 = 5.7008e-04
Loss = 9.3644e-02, PNorm = 325.9897, GNorm = 0.6254, lr_0 = 5.6993e-04
Loss = 9.7399e-02, PNorm = 326.0333, GNorm = 0.6624, lr_0 = 5.6978e-04
Loss = 9.8400e-02, PNorm = 326.0751, GNorm = 1.2727, lr_0 = 5.6963e-04
Loss = 1.3019e-01, PNorm = 326.1127, GNorm = 0.6372, lr_0 = 5.6948e-04
Loss = 1.2003e-01, PNorm = 326.1578, GNorm = 0.9309, lr_0 = 5.6933e-04
Loss = 9.5612e-02, PNorm = 326.2056, GNorm = 0.7627, lr_0 = 5.6918e-04
Loss = 1.0092e-01, PNorm = 326.2484, GNorm = 0.4980, lr_0 = 5.6903e-04
Loss = 1.2931e-01, PNorm = 326.2856, GNorm = 0.6416, lr_0 = 5.6888e-04
Loss = 1.1133e-01, PNorm = 326.3339, GNorm = 0.5621, lr_0 = 5.6873e-04
Validation rmse = 3.592207
Epoch 26
Loss = 6.5245e-02, PNorm = 326.3893, GNorm = 0.4791, lr_0 = 5.6857e-04
Loss = 8.2411e-02, PNorm = 326.4344, GNorm = 0.5681, lr_0 = 5.6842e-04
Loss = 1.0070e-01, PNorm = 326.4741, GNorm = 0.7193, lr_0 = 5.6827e-04
Loss = 8.6465e-02, PNorm = 326.5120, GNorm = 0.4430, lr_0 = 5.6812e-04
Loss = 7.2665e-02, PNorm = 326.5482, GNorm = 0.6141, lr_0 = 5.6797e-04
Loss = 1.1166e-01, PNorm = 326.5836, GNorm = 0.3651, lr_0 = 5.6782e-04
Loss = 7.6725e-02, PNorm = 326.6169, GNorm = 0.6060, lr_0 = 5.6767e-04
Loss = 8.0004e-02, PNorm = 326.6530, GNorm = 0.3163, lr_0 = 5.6752e-04
Loss = 8.7517e-02, PNorm = 326.6879, GNorm = 0.2954, lr_0 = 5.6737e-04
Loss = 9.0104e-02, PNorm = 326.7202, GNorm = 0.3280, lr_0 = 5.6722e-04
Loss = 9.7638e-02, PNorm = 326.7583, GNorm = 0.5992, lr_0 = 5.6707e-04
Loss = 9.0060e-02, PNorm = 326.7956, GNorm = 0.4092, lr_0 = 5.6692e-04
Loss = 1.0985e-01, PNorm = 326.8349, GNorm = 0.5099, lr_0 = 5.6678e-04
Loss = 9.5200e-02, PNorm = 326.8798, GNorm = 0.4177, lr_0 = 5.6663e-04
Loss = 1.2852e-01, PNorm = 326.9214, GNorm = 0.5807, lr_0 = 5.6648e-04
Loss = 7.0432e-02, PNorm = 326.9613, GNorm = 0.5300, lr_0 = 5.6633e-04
Loss = 9.1638e-02, PNorm = 326.9980, GNorm = 1.4099, lr_0 = 5.6618e-04
Loss = 1.1859e-01, PNorm = 327.0379, GNorm = 0.5890, lr_0 = 5.6603e-04
Loss = 9.7994e-02, PNorm = 327.0773, GNorm = 0.7070, lr_0 = 5.6588e-04
Loss = 7.9721e-02, PNorm = 327.1155, GNorm = 0.3379, lr_0 = 5.6573e-04
Loss = 9.5747e-02, PNorm = 327.1498, GNorm = 0.4004, lr_0 = 5.6558e-04
Loss = 9.1057e-02, PNorm = 327.1862, GNorm = 0.4898, lr_0 = 5.6543e-04
Loss = 1.0560e-01, PNorm = 327.2214, GNorm = 0.6636, lr_0 = 5.6529e-04
Loss = 8.1600e-02, PNorm = 327.2561, GNorm = 0.3921, lr_0 = 5.6514e-04
Loss = 9.8449e-02, PNorm = 327.2948, GNorm = 0.4664, lr_0 = 5.6499e-04
Loss = 9.8217e-02, PNorm = 327.3362, GNorm = 0.6093, lr_0 = 5.6484e-04
Loss = 1.2050e-01, PNorm = 327.3760, GNorm = 0.6534, lr_0 = 5.6469e-04
Loss = 1.2233e-01, PNorm = 327.4173, GNorm = 0.4982, lr_0 = 5.6454e-04
Loss = 1.1061e-01, PNorm = 327.4624, GNorm = 0.5808, lr_0 = 5.6439e-04
Loss = 1.2969e-01, PNorm = 327.5086, GNorm = 0.8315, lr_0 = 5.6425e-04
Loss = 1.0891e-01, PNorm = 327.5519, GNorm = 0.5343, lr_0 = 5.6410e-04
Loss = 7.4548e-02, PNorm = 327.5891, GNorm = 0.4772, lr_0 = 5.6395e-04
Loss = 8.6598e-02, PNorm = 327.6236, GNorm = 0.3689, lr_0 = 5.6380e-04
Loss = 1.4696e-01, PNorm = 327.6601, GNorm = 0.5436, lr_0 = 5.6365e-04
Loss = 9.5652e-02, PNorm = 327.7008, GNorm = 0.4508, lr_0 = 5.6350e-04
Loss = 9.6397e-02, PNorm = 327.7368, GNorm = 0.8985, lr_0 = 5.6336e-04
Loss = 1.0610e-01, PNorm = 327.7722, GNorm = 0.4069, lr_0 = 5.6321e-04
Loss = 1.1486e-01, PNorm = 327.8132, GNorm = 0.7158, lr_0 = 5.6306e-04
Loss = 1.0297e-01, PNorm = 327.8532, GNorm = 0.3725, lr_0 = 5.6291e-04
Loss = 8.6475e-02, PNorm = 327.8941, GNorm = 0.4575, lr_0 = 5.6276e-04
Loss = 9.3221e-02, PNorm = 327.9336, GNorm = 0.5321, lr_0 = 5.6262e-04
Loss = 9.3518e-02, PNorm = 327.9732, GNorm = 0.4247, lr_0 = 5.6247e-04
Loss = 9.2354e-02, PNorm = 328.0130, GNorm = 0.5510, lr_0 = 5.6232e-04
Loss = 9.0491e-02, PNorm = 328.0485, GNorm = 0.6001, lr_0 = 5.6217e-04
Loss = 1.0017e-01, PNorm = 328.0825, GNorm = 0.4090, lr_0 = 5.6202e-04
Loss = 8.5818e-02, PNorm = 328.1161, GNorm = 0.4272, lr_0 = 5.6188e-04
Loss = 1.0890e-01, PNorm = 328.1506, GNorm = 0.4412, lr_0 = 5.6173e-04
Loss = 9.9857e-02, PNorm = 328.1873, GNorm = 0.5707, lr_0 = 5.6158e-04
Loss = 9.9858e-02, PNorm = 328.2264, GNorm = 0.5283, lr_0 = 5.6143e-04
Loss = 1.1145e-01, PNorm = 328.2649, GNorm = 0.8148, lr_0 = 5.6128e-04
Loss = 1.0104e-01, PNorm = 328.3005, GNorm = 0.7177, lr_0 = 5.6114e-04
Loss = 7.5327e-02, PNorm = 328.3398, GNorm = 0.4176, lr_0 = 5.6099e-04
Loss = 1.0587e-01, PNorm = 328.3780, GNorm = 0.6701, lr_0 = 5.6084e-04
Loss = 9.6429e-02, PNorm = 328.4176, GNorm = 0.6088, lr_0 = 5.6069e-04
Loss = 9.3587e-02, PNorm = 328.4601, GNorm = 0.4997, lr_0 = 5.6055e-04
Loss = 8.6644e-02, PNorm = 328.4989, GNorm = 0.4018, lr_0 = 5.6040e-04
Loss = 1.0129e-01, PNorm = 328.5351, GNorm = 0.6447, lr_0 = 5.6025e-04
Loss = 7.7621e-02, PNorm = 328.5694, GNorm = 0.3328, lr_0 = 5.6010e-04
Loss = 9.1927e-02, PNorm = 328.6040, GNorm = 0.3756, lr_0 = 5.5996e-04
Loss = 9.1928e-02, PNorm = 328.6407, GNorm = 0.4961, lr_0 = 5.5981e-04
Loss = 9.5387e-02, PNorm = 328.6810, GNorm = 0.5270, lr_0 = 5.5966e-04
Loss = 1.1881e-01, PNorm = 328.7270, GNorm = 0.5303, lr_0 = 5.5952e-04
Loss = 1.2580e-01, PNorm = 328.7793, GNorm = 0.5779, lr_0 = 5.5937e-04
Loss = 1.2032e-01, PNorm = 328.8254, GNorm = 0.5189, lr_0 = 5.5922e-04
Loss = 1.4485e-01, PNorm = 328.8699, GNorm = 0.7799, lr_0 = 5.5907e-04
Loss = 9.0312e-02, PNorm = 328.9161, GNorm = 0.5738, lr_0 = 5.5893e-04
Loss = 1.1546e-01, PNorm = 328.9621, GNorm = 0.5721, lr_0 = 5.5878e-04
Loss = 1.1334e-01, PNorm = 329.0066, GNorm = 0.4276, lr_0 = 5.5863e-04
Loss = 1.2416e-01, PNorm = 329.0496, GNorm = 0.5849, lr_0 = 5.5849e-04
Loss = 1.0783e-01, PNorm = 329.0900, GNorm = 0.9272, lr_0 = 5.5834e-04
Loss = 1.1278e-01, PNorm = 329.1339, GNorm = 0.6322, lr_0 = 5.5819e-04
Loss = 1.0114e-01, PNorm = 329.1784, GNorm = 0.8955, lr_0 = 5.5804e-04
Loss = 9.4648e-02, PNorm = 329.2185, GNorm = 0.5767, lr_0 = 5.5790e-04
Loss = 9.0111e-02, PNorm = 329.2540, GNorm = 1.0011, lr_0 = 5.5775e-04
Loss = 1.1769e-01, PNorm = 329.2915, GNorm = 0.5337, lr_0 = 5.5760e-04
Loss = 8.5913e-02, PNorm = 329.3320, GNorm = 0.4078, lr_0 = 5.5746e-04
Loss = 1.0602e-01, PNorm = 329.3714, GNorm = 0.4566, lr_0 = 5.5731e-04
Loss = 9.7940e-02, PNorm = 329.4132, GNorm = 1.2149, lr_0 = 5.5716e-04
Loss = 1.0504e-01, PNorm = 329.4561, GNorm = 0.5534, lr_0 = 5.5702e-04
Loss = 9.7068e-02, PNorm = 329.5086, GNorm = 0.3420, lr_0 = 5.5687e-04
Loss = 1.3787e-01, PNorm = 329.5578, GNorm = 0.4703, lr_0 = 5.5672e-04
Loss = 1.3663e-01, PNorm = 329.5990, GNorm = 0.7399, lr_0 = 5.5658e-04
Loss = 1.1603e-01, PNorm = 329.6443, GNorm = 0.6704, lr_0 = 5.5643e-04
Loss = 1.0870e-01, PNorm = 329.6892, GNorm = 0.4174, lr_0 = 5.5629e-04
Loss = 1.2473e-01, PNorm = 329.7345, GNorm = 0.6068, lr_0 = 5.5614e-04
Loss = 7.7534e-02, PNorm = 329.7796, GNorm = 0.5298, lr_0 = 5.5599e-04
Loss = 1.0668e-01, PNorm = 329.8204, GNorm = 0.3617, lr_0 = 5.5585e-04
Loss = 9.1177e-02, PNorm = 329.8628, GNorm = 0.6637, lr_0 = 5.5570e-04
Loss = 9.7968e-02, PNorm = 329.9068, GNorm = 1.1589, lr_0 = 5.5555e-04
Loss = 1.0262e-01, PNorm = 329.9509, GNorm = 0.8543, lr_0 = 5.5541e-04
Validation rmse = 3.543607
Epoch 27
Loss = 8.5844e-02, PNorm = 329.9906, GNorm = 0.4091, lr_0 = 5.5526e-04
Loss = 7.9811e-02, PNorm = 330.0284, GNorm = 0.5091, lr_0 = 5.5512e-04
Loss = 1.0574e-01, PNorm = 330.0655, GNorm = 0.5571, lr_0 = 5.5497e-04
Loss = 1.0879e-01, PNorm = 330.1034, GNorm = 0.5279, lr_0 = 5.5482e-04
Loss = 7.9248e-02, PNorm = 330.1439, GNorm = 0.5162, lr_0 = 5.5468e-04
Loss = 8.8009e-02, PNorm = 330.1765, GNorm = 1.3050, lr_0 = 5.5453e-04
Loss = 7.8288e-02, PNorm = 330.2088, GNorm = 0.5763, lr_0 = 5.5439e-04
Loss = 9.6360e-02, PNorm = 330.2438, GNorm = 0.6034, lr_0 = 5.5424e-04
Loss = 9.1286e-02, PNorm = 330.2759, GNorm = 0.4416, lr_0 = 5.5409e-04
Loss = 1.0002e-01, PNorm = 330.3141, GNorm = 0.4190, lr_0 = 5.5395e-04
Loss = 8.5228e-02, PNorm = 330.3562, GNorm = 0.3888, lr_0 = 5.5380e-04
Loss = 8.6732e-02, PNorm = 330.3956, GNorm = 0.3600, lr_0 = 5.5366e-04
Loss = 8.3773e-02, PNorm = 330.4321, GNorm = 0.4267, lr_0 = 5.5351e-04
Loss = 9.7672e-02, PNorm = 330.4705, GNorm = 0.6830, lr_0 = 5.5337e-04
Loss = 1.1541e-01, PNorm = 330.5100, GNorm = 0.4042, lr_0 = 5.5322e-04
Loss = 9.9655e-02, PNorm = 330.5514, GNorm = 0.7341, lr_0 = 5.5307e-04
Loss = 1.0090e-01, PNorm = 330.5943, GNorm = 0.5484, lr_0 = 5.5293e-04
Loss = 7.8643e-02, PNorm = 330.6380, GNorm = 0.3214, lr_0 = 5.5278e-04
Loss = 1.0350e-01, PNorm = 330.6758, GNorm = 0.7391, lr_0 = 5.5264e-04
Loss = 8.8372e-02, PNorm = 330.7159, GNorm = 0.3703, lr_0 = 5.5249e-04
Loss = 1.1761e-01, PNorm = 330.7553, GNorm = 0.6705, lr_0 = 5.5235e-04
Loss = 1.0323e-01, PNorm = 330.7963, GNorm = 0.3870, lr_0 = 5.5220e-04
Loss = 1.1724e-01, PNorm = 330.8340, GNorm = 0.8076, lr_0 = 5.5206e-04
Loss = 9.8614e-02, PNorm = 330.8735, GNorm = 0.4928, lr_0 = 5.5191e-04
Loss = 8.0243e-02, PNorm = 330.9124, GNorm = 0.5107, lr_0 = 5.5177e-04
Loss = 8.7807e-02, PNorm = 330.9502, GNorm = 0.5382, lr_0 = 5.5162e-04
Loss = 9.5772e-02, PNorm = 330.9883, GNorm = 0.4564, lr_0 = 5.5148e-04
Loss = 1.0036e-01, PNorm = 331.0274, GNorm = 0.3825, lr_0 = 5.5133e-04
Loss = 1.0836e-01, PNorm = 331.0706, GNorm = 0.8688, lr_0 = 5.5119e-04
Loss = 9.9705e-02, PNorm = 331.1164, GNorm = 0.5676, lr_0 = 5.5104e-04
Loss = 9.0585e-02, PNorm = 331.1644, GNorm = 0.7867, lr_0 = 5.5090e-04
Loss = 8.0517e-02, PNorm = 331.2061, GNorm = 0.7293, lr_0 = 5.5075e-04
Loss = 8.8827e-02, PNorm = 331.2462, GNorm = 0.5700, lr_0 = 5.5061e-04
Loss = 7.0889e-02, PNorm = 331.2845, GNorm = 0.4926, lr_0 = 5.5046e-04
Loss = 1.4324e-01, PNorm = 331.3214, GNorm = 0.8965, lr_0 = 5.5032e-04
Loss = 8.3300e-02, PNorm = 331.3679, GNorm = 0.6501, lr_0 = 5.5017e-04
Loss = 9.9560e-02, PNorm = 331.4096, GNorm = 0.4700, lr_0 = 5.5003e-04
Loss = 8.7525e-02, PNorm = 331.4506, GNorm = 0.4497, lr_0 = 5.4988e-04
Loss = 1.0287e-01, PNorm = 331.4876, GNorm = 0.4238, lr_0 = 5.4974e-04
Loss = 8.0385e-02, PNorm = 331.5244, GNorm = 0.5266, lr_0 = 5.4959e-04
Loss = 8.3211e-02, PNorm = 331.5585, GNorm = 0.3532, lr_0 = 5.4945e-04
Loss = 1.0922e-01, PNorm = 331.5907, GNorm = 0.4487, lr_0 = 5.4930e-04
Loss = 9.1035e-02, PNorm = 331.6258, GNorm = 0.5627, lr_0 = 5.4916e-04
Loss = 9.1087e-02, PNorm = 331.6623, GNorm = 0.3233, lr_0 = 5.4902e-04
Loss = 1.0536e-01, PNorm = 331.6966, GNorm = 0.4820, lr_0 = 5.4887e-04
Loss = 1.0727e-01, PNorm = 331.7312, GNorm = 0.6012, lr_0 = 5.4873e-04
Loss = 8.5352e-02, PNorm = 331.7666, GNorm = 0.4024, lr_0 = 5.4858e-04
Loss = 1.2546e-01, PNorm = 331.8071, GNorm = 0.5887, lr_0 = 5.4844e-04
Loss = 8.5126e-02, PNorm = 331.8524, GNorm = 0.8708, lr_0 = 5.4829e-04
Loss = 1.2011e-01, PNorm = 331.8984, GNorm = 0.4489, lr_0 = 5.4815e-04
Loss = 9.7818e-02, PNorm = 331.9456, GNorm = 0.4756, lr_0 = 5.4801e-04
Loss = 1.0079e-01, PNorm = 331.9929, GNorm = 0.7960, lr_0 = 5.4786e-04
Loss = 1.0614e-01, PNorm = 332.0374, GNorm = 0.9917, lr_0 = 5.4772e-04
Loss = 9.0204e-02, PNorm = 332.0784, GNorm = 0.4425, lr_0 = 5.4757e-04
Loss = 1.1099e-01, PNorm = 332.1154, GNorm = 0.5169, lr_0 = 5.4743e-04
Loss = 1.5278e-01, PNorm = 332.1571, GNorm = 0.5135, lr_0 = 5.4728e-04
Loss = 7.7073e-02, PNorm = 332.2020, GNorm = 0.4423, lr_0 = 5.4714e-04
Loss = 7.8048e-02, PNorm = 332.2433, GNorm = 0.4717, lr_0 = 5.4700e-04
Loss = 9.9501e-02, PNorm = 332.2833, GNorm = 0.3818, lr_0 = 5.4685e-04
Loss = 1.0740e-01, PNorm = 332.3274, GNorm = 0.4494, lr_0 = 5.4671e-04
Loss = 8.2329e-02, PNorm = 332.3706, GNorm = 0.5292, lr_0 = 5.4657e-04
Loss = 7.7339e-02, PNorm = 332.4109, GNorm = 0.7266, lr_0 = 5.4642e-04
Loss = 1.0166e-01, PNorm = 332.4520, GNorm = 0.3866, lr_0 = 5.4628e-04
Loss = 9.0263e-02, PNorm = 332.4955, GNorm = 0.5731, lr_0 = 5.4613e-04
Loss = 8.6492e-02, PNorm = 332.5338, GNorm = 0.4077, lr_0 = 5.4599e-04
Loss = 1.0758e-01, PNorm = 332.5703, GNorm = 0.6111, lr_0 = 5.4585e-04
Loss = 8.3069e-02, PNorm = 332.6108, GNorm = 0.4518, lr_0 = 5.4570e-04
Loss = 1.1763e-01, PNorm = 332.6519, GNorm = 0.3870, lr_0 = 5.4556e-04
Loss = 1.0987e-01, PNorm = 332.6903, GNorm = 0.6623, lr_0 = 5.4542e-04
Loss = 7.7236e-02, PNorm = 332.7299, GNorm = 0.4499, lr_0 = 5.4527e-04
Loss = 1.2843e-01, PNorm = 332.7713, GNorm = 0.6202, lr_0 = 5.4513e-04
Loss = 9.7335e-02, PNorm = 332.8143, GNorm = 0.5391, lr_0 = 5.4499e-04
Loss = 1.0411e-01, PNorm = 332.8551, GNorm = 0.3294, lr_0 = 5.4484e-04
Loss = 1.0307e-01, PNorm = 332.8942, GNorm = 0.7537, lr_0 = 5.4470e-04
Loss = 1.1379e-01, PNorm = 332.9332, GNorm = 0.7525, lr_0 = 5.4456e-04
Loss = 1.0889e-01, PNorm = 332.9714, GNorm = 0.5118, lr_0 = 5.4441e-04
Loss = 9.6527e-02, PNorm = 333.0181, GNorm = 0.6127, lr_0 = 5.4427e-04
Loss = 9.9762e-02, PNorm = 333.0629, GNorm = 0.5803, lr_0 = 5.4413e-04
Loss = 1.0134e-01, PNorm = 333.1077, GNorm = 0.7390, lr_0 = 5.4398e-04
Loss = 8.5969e-02, PNorm = 333.1490, GNorm = 0.4056, lr_0 = 5.4384e-04
Loss = 1.0141e-01, PNorm = 333.1907, GNorm = 0.4003, lr_0 = 5.4370e-04
Loss = 8.9592e-02, PNorm = 333.2275, GNorm = 0.4163, lr_0 = 5.4355e-04
Loss = 1.0146e-01, PNorm = 333.2640, GNorm = 0.5407, lr_0 = 5.4341e-04
Loss = 1.3033e-01, PNorm = 333.3005, GNorm = 1.1114, lr_0 = 5.4327e-04
Loss = 9.6115e-02, PNorm = 333.3403, GNorm = 0.3321, lr_0 = 5.4312e-04
Loss = 9.4252e-02, PNorm = 333.3802, GNorm = 0.6475, lr_0 = 5.4298e-04
Loss = 8.6775e-02, PNorm = 333.4163, GNorm = 0.5753, lr_0 = 5.4284e-04
Loss = 1.1558e-01, PNorm = 333.4535, GNorm = 0.9136, lr_0 = 5.4270e-04
Loss = 1.1894e-01, PNorm = 333.4956, GNorm = 0.4247, lr_0 = 5.4255e-04
Validation rmse = 3.573067
Epoch 28
Loss = 9.5159e-02, PNorm = 333.5370, GNorm = 0.7845, lr_0 = 5.4241e-04
Loss = 1.0225e-01, PNorm = 333.5791, GNorm = 0.3493, lr_0 = 5.4227e-04
Loss = 1.0362e-01, PNorm = 333.6191, GNorm = 0.3875, lr_0 = 5.4213e-04
Loss = 7.8427e-02, PNorm = 333.6581, GNorm = 0.3782, lr_0 = 5.4198e-04
Loss = 8.8331e-02, PNorm = 333.6913, GNorm = 0.8954, lr_0 = 5.4184e-04
Loss = 1.0110e-01, PNorm = 333.7266, GNorm = 0.5680, lr_0 = 5.4170e-04
Loss = 8.0646e-02, PNorm = 333.7624, GNorm = 0.3747, lr_0 = 5.4156e-04
Loss = 9.2518e-02, PNorm = 333.7972, GNorm = 0.3389, lr_0 = 5.4141e-04
Loss = 1.0196e-01, PNorm = 333.8346, GNorm = 0.5682, lr_0 = 5.4127e-04
Loss = 1.1600e-01, PNorm = 333.8786, GNorm = 0.4235, lr_0 = 5.4113e-04
Loss = 1.1709e-01, PNorm = 333.9189, GNorm = 0.3663, lr_0 = 5.4099e-04
Loss = 7.8200e-02, PNorm = 333.9571, GNorm = 0.3647, lr_0 = 5.4084e-04
Loss = 1.0056e-01, PNorm = 333.9928, GNorm = 0.5520, lr_0 = 5.4070e-04
Loss = 1.0339e-01, PNorm = 334.0317, GNorm = 0.4694, lr_0 = 5.4056e-04
Loss = 7.2389e-02, PNorm = 334.0650, GNorm = 0.4666, lr_0 = 5.4042e-04
Loss = 9.0509e-02, PNorm = 334.0983, GNorm = 0.4494, lr_0 = 5.4027e-04
Loss = 1.1305e-01, PNorm = 334.1283, GNorm = 0.5795, lr_0 = 5.4013e-04
Loss = 9.7132e-02, PNorm = 334.1611, GNorm = 0.6672, lr_0 = 5.3999e-04
Loss = 8.6772e-02, PNorm = 334.1953, GNorm = 0.4977, lr_0 = 5.3985e-04
Loss = 9.1464e-02, PNorm = 334.2319, GNorm = 0.3786, lr_0 = 5.3971e-04
Loss = 1.2236e-01, PNorm = 334.2663, GNorm = 0.6351, lr_0 = 5.3956e-04
Loss = 8.9299e-02, PNorm = 334.3000, GNorm = 0.4242, lr_0 = 5.3942e-04
Loss = 9.8858e-02, PNorm = 334.3378, GNorm = 0.6596, lr_0 = 5.3928e-04
Loss = 8.5641e-02, PNorm = 334.3755, GNorm = 0.4062, lr_0 = 5.3914e-04
Loss = 9.0884e-02, PNorm = 334.4156, GNorm = 0.3805, lr_0 = 5.3900e-04
Loss = 8.7424e-02, PNorm = 334.4548, GNorm = 0.7259, lr_0 = 5.3885e-04
Loss = 9.0788e-02, PNorm = 334.4928, GNorm = 0.5610, lr_0 = 5.3871e-04
Loss = 1.1602e-01, PNorm = 334.5306, GNorm = 0.7789, lr_0 = 5.3857e-04
Loss = 7.6827e-02, PNorm = 334.5731, GNorm = 0.6155, lr_0 = 5.3843e-04
Loss = 7.7932e-02, PNorm = 334.6129, GNorm = 0.3449, lr_0 = 5.3829e-04
Loss = 8.4355e-02, PNorm = 334.6473, GNorm = 0.5512, lr_0 = 5.3815e-04
Loss = 1.0980e-01, PNorm = 334.6801, GNorm = 0.5126, lr_0 = 5.3800e-04
Loss = 9.8026e-02, PNorm = 334.7140, GNorm = 0.4446, lr_0 = 5.3786e-04
Loss = 7.5772e-02, PNorm = 334.7461, GNorm = 0.4691, lr_0 = 5.3772e-04
Loss = 8.2586e-02, PNorm = 334.7820, GNorm = 0.5470, lr_0 = 5.3758e-04
Loss = 1.1060e-01, PNorm = 334.8184, GNorm = 0.4524, lr_0 = 5.3744e-04
Loss = 9.2728e-02, PNorm = 334.8590, GNorm = 0.4634, lr_0 = 5.3730e-04
Loss = 1.0191e-01, PNorm = 334.8995, GNorm = 0.3601, lr_0 = 5.3716e-04
Loss = 8.1066e-02, PNorm = 334.9396, GNorm = 0.4239, lr_0 = 5.3701e-04
Loss = 8.9354e-02, PNorm = 334.9771, GNorm = 0.4859, lr_0 = 5.3687e-04
Loss = 1.1021e-01, PNorm = 335.0163, GNorm = 0.5474, lr_0 = 5.3673e-04
Loss = 7.6696e-02, PNorm = 335.0537, GNorm = 0.5113, lr_0 = 5.3659e-04
Loss = 8.8410e-02, PNorm = 335.0897, GNorm = 0.4046, lr_0 = 5.3645e-04
Loss = 8.4619e-02, PNorm = 335.1251, GNorm = 0.4517, lr_0 = 5.3631e-04
Loss = 8.8637e-02, PNorm = 335.1631, GNorm = 0.5009, lr_0 = 5.3617e-04
Loss = 1.1011e-01, PNorm = 335.2062, GNorm = 0.5966, lr_0 = 5.3603e-04
Loss = 9.1181e-02, PNorm = 335.2521, GNorm = 0.5794, lr_0 = 5.3589e-04
Loss = 9.6370e-02, PNorm = 335.2931, GNorm = 0.6056, lr_0 = 5.3574e-04
Loss = 7.9518e-02, PNorm = 335.3358, GNorm = 0.3990, lr_0 = 5.3560e-04
Loss = 1.0250e-01, PNorm = 335.3741, GNorm = 0.4844, lr_0 = 5.3546e-04
Loss = 9.2371e-02, PNorm = 335.4121, GNorm = 0.6659, lr_0 = 5.3532e-04
Loss = 8.6121e-02, PNorm = 335.4478, GNorm = 0.4215, lr_0 = 5.3518e-04
Loss = 1.0210e-01, PNorm = 335.4848, GNorm = 0.4329, lr_0 = 5.3504e-04
Loss = 1.1516e-01, PNorm = 335.5219, GNorm = 0.4241, lr_0 = 5.3490e-04
Loss = 1.1086e-01, PNorm = 335.5627, GNorm = 0.4112, lr_0 = 5.3476e-04
Loss = 6.7653e-02, PNorm = 335.6035, GNorm = 0.5645, lr_0 = 5.3462e-04
Loss = 8.8771e-02, PNorm = 335.6394, GNorm = 0.3261, lr_0 = 5.3448e-04
Loss = 7.9245e-02, PNorm = 335.6707, GNorm = 0.4566, lr_0 = 5.3434e-04
Loss = 7.5002e-02, PNorm = 335.7032, GNorm = 0.6255, lr_0 = 5.3420e-04
Loss = 1.2539e-01, PNorm = 335.7381, GNorm = 0.6770, lr_0 = 5.3406e-04
Loss = 7.8899e-02, PNorm = 335.7744, GNorm = 0.6714, lr_0 = 5.3392e-04
Loss = 9.7090e-02, PNorm = 335.8099, GNorm = 0.3576, lr_0 = 5.3377e-04
Loss = 1.1313e-01, PNorm = 335.8490, GNorm = 0.5206, lr_0 = 5.3363e-04
Loss = 1.0160e-01, PNorm = 335.8889, GNorm = 0.4175, lr_0 = 5.3349e-04
Loss = 1.0462e-01, PNorm = 335.9242, GNorm = 0.6714, lr_0 = 5.3335e-04
Loss = 9.4034e-02, PNorm = 335.9611, GNorm = 0.4871, lr_0 = 5.3321e-04
Loss = 8.1868e-02, PNorm = 335.9978, GNorm = 0.5767, lr_0 = 5.3307e-04
Loss = 9.1425e-02, PNorm = 336.0301, GNorm = 0.8683, lr_0 = 5.3293e-04
Loss = 8.6719e-02, PNorm = 336.0616, GNorm = 0.7133, lr_0 = 5.3279e-04
Loss = 7.7091e-02, PNorm = 336.0949, GNorm = 0.5182, lr_0 = 5.3265e-04
Loss = 8.6952e-02, PNorm = 336.1276, GNorm = 1.0766, lr_0 = 5.3251e-04
Loss = 1.0276e-01, PNorm = 336.1627, GNorm = 0.7981, lr_0 = 5.3237e-04
Loss = 9.9292e-02, PNorm = 336.2006, GNorm = 0.6035, lr_0 = 5.3223e-04
Loss = 1.1883e-01, PNorm = 336.2393, GNorm = 0.8856, lr_0 = 5.3209e-04
Loss = 7.5071e-02, PNorm = 336.2764, GNorm = 0.4072, lr_0 = 5.3195e-04
Loss = 8.0778e-02, PNorm = 336.3086, GNorm = 0.5859, lr_0 = 5.3181e-04
Loss = 1.0365e-01, PNorm = 336.3421, GNorm = 0.7139, lr_0 = 5.3167e-04
Loss = 8.4887e-02, PNorm = 336.3757, GNorm = 0.5978, lr_0 = 5.3153e-04
Loss = 9.1700e-02, PNorm = 336.4070, GNorm = 0.3811, lr_0 = 5.3139e-04
Loss = 9.8316e-02, PNorm = 336.4434, GNorm = 0.4648, lr_0 = 5.3125e-04
Loss = 7.9218e-02, PNorm = 336.4818, GNorm = 0.4817, lr_0 = 5.3111e-04
Loss = 8.9352e-02, PNorm = 336.5155, GNorm = 0.4874, lr_0 = 5.3097e-04
Loss = 8.6608e-02, PNorm = 336.5470, GNorm = 0.4843, lr_0 = 5.3083e-04
Loss = 9.4170e-02, PNorm = 336.5773, GNorm = 0.6502, lr_0 = 5.3069e-04
Loss = 8.9863e-02, PNorm = 336.6085, GNorm = 0.6007, lr_0 = 5.3055e-04
Loss = 1.0358e-01, PNorm = 336.6438, GNorm = 0.5539, lr_0 = 5.3041e-04
Loss = 1.0064e-01, PNorm = 336.6809, GNorm = 0.5626, lr_0 = 5.3028e-04
Loss = 1.3277e-01, PNorm = 336.7192, GNorm = 0.9373, lr_0 = 5.3014e-04
Loss = 9.8220e-02, PNorm = 336.7664, GNorm = 0.6570, lr_0 = 5.3000e-04
Loss = 1.1796e-01, PNorm = 336.8125, GNorm = 0.5012, lr_0 = 5.2986e-04
Validation rmse = 3.602428
Epoch 29
Loss = 9.6973e-02, PNorm = 336.8626, GNorm = 1.0567, lr_0 = 5.2972e-04
Loss = 8.2788e-02, PNorm = 336.9051, GNorm = 0.6989, lr_0 = 5.2958e-04
Loss = 7.7706e-02, PNorm = 336.9454, GNorm = 0.3901, lr_0 = 5.2944e-04
Loss = 8.5012e-02, PNorm = 336.9803, GNorm = 0.5410, lr_0 = 5.2930e-04
Loss = 8.1316e-02, PNorm = 337.0178, GNorm = 0.7014, lr_0 = 5.2916e-04
Loss = 6.8116e-02, PNorm = 337.0516, GNorm = 0.4291, lr_0 = 5.2902e-04
Loss = 8.4237e-02, PNorm = 337.0871, GNorm = 0.4311, lr_0 = 5.2888e-04
Loss = 9.2977e-02, PNorm = 337.1225, GNorm = 0.6200, lr_0 = 5.2874e-04
Loss = 9.9674e-02, PNorm = 337.1567, GNorm = 0.7942, lr_0 = 5.2860e-04
Loss = 9.3309e-02, PNorm = 337.1910, GNorm = 0.3896, lr_0 = 5.2846e-04
Loss = 8.2019e-02, PNorm = 337.2269, GNorm = 0.3891, lr_0 = 5.2833e-04
Loss = 1.0627e-01, PNorm = 337.2614, GNorm = 0.7439, lr_0 = 5.2819e-04
Loss = 8.9318e-02, PNorm = 337.2962, GNorm = 0.3917, lr_0 = 5.2805e-04
Loss = 9.0951e-02, PNorm = 337.3324, GNorm = 0.4127, lr_0 = 5.2791e-04
Loss = 9.8791e-02, PNorm = 337.3714, GNorm = 0.9001, lr_0 = 5.2777e-04
Loss = 8.2596e-02, PNorm = 337.4123, GNorm = 0.4900, lr_0 = 5.2763e-04
Loss = 9.5867e-02, PNorm = 337.4564, GNorm = 0.9177, lr_0 = 5.2749e-04
Loss = 8.8393e-02, PNorm = 337.4950, GNorm = 0.3783, lr_0 = 5.2735e-04
Loss = 9.6153e-02, PNorm = 337.5328, GNorm = 0.6319, lr_0 = 5.2721e-04
Loss = 8.9022e-02, PNorm = 337.5709, GNorm = 0.3676, lr_0 = 5.2708e-04
Loss = 8.5423e-02, PNorm = 337.6051, GNorm = 0.6233, lr_0 = 5.2694e-04
Loss = 8.4119e-02, PNorm = 337.6404, GNorm = 0.4217, lr_0 = 5.2680e-04
Loss = 1.0163e-01, PNorm = 337.6790, GNorm = 0.5635, lr_0 = 5.2666e-04
Loss = 8.5672e-02, PNorm = 337.7190, GNorm = 0.3097, lr_0 = 5.2652e-04
Loss = 1.0887e-01, PNorm = 337.7510, GNorm = 0.4329, lr_0 = 5.2638e-04
Loss = 8.1227e-02, PNorm = 337.7900, GNorm = 0.4736, lr_0 = 5.2624e-04
Loss = 7.8780e-02, PNorm = 337.8253, GNorm = 0.4233, lr_0 = 5.2611e-04
Loss = 8.9769e-02, PNorm = 337.8569, GNorm = 0.4234, lr_0 = 5.2597e-04
Loss = 7.4507e-02, PNorm = 337.8902, GNorm = 0.4208, lr_0 = 5.2583e-04
Loss = 8.9552e-02, PNorm = 337.9240, GNorm = 0.3689, lr_0 = 5.2569e-04
Loss = 7.6234e-02, PNorm = 337.9538, GNorm = 0.7895, lr_0 = 5.2555e-04
Loss = 1.0649e-01, PNorm = 337.9835, GNorm = 0.6531, lr_0 = 5.2541e-04
Loss = 7.6855e-02, PNorm = 338.0208, GNorm = 0.5470, lr_0 = 5.2528e-04
Loss = 8.8284e-02, PNorm = 338.0584, GNorm = 0.3824, lr_0 = 5.2514e-04
Loss = 9.0407e-02, PNorm = 338.0987, GNorm = 0.5962, lr_0 = 5.2500e-04
Loss = 8.7728e-02, PNorm = 338.1366, GNorm = 0.6304, lr_0 = 5.2486e-04
Loss = 1.0625e-01, PNorm = 338.1748, GNorm = 0.6781, lr_0 = 5.2472e-04
Loss = 7.7377e-02, PNorm = 338.2158, GNorm = 0.9481, lr_0 = 5.2459e-04
Loss = 8.8321e-02, PNorm = 338.2525, GNorm = 0.4016, lr_0 = 5.2445e-04
Loss = 1.0738e-01, PNorm = 338.2862, GNorm = 0.9538, lr_0 = 5.2431e-04
Loss = 8.5775e-02, PNorm = 338.3183, GNorm = 0.6876, lr_0 = 5.2417e-04
Loss = 1.0004e-01, PNorm = 338.3521, GNorm = 0.4244, lr_0 = 5.2403e-04
Loss = 7.4883e-02, PNorm = 338.3874, GNorm = 0.6015, lr_0 = 5.2390e-04
Loss = 9.5069e-02, PNorm = 338.4241, GNorm = 1.3219, lr_0 = 5.2376e-04
Loss = 6.3961e-02, PNorm = 338.4596, GNorm = 0.3183, lr_0 = 5.2362e-04
Loss = 8.5671e-02, PNorm = 338.4935, GNorm = 0.5312, lr_0 = 5.2348e-04
Loss = 9.9505e-02, PNorm = 338.5261, GNorm = 0.6832, lr_0 = 5.2334e-04
Loss = 7.2847e-02, PNorm = 338.5602, GNorm = 0.3880, lr_0 = 5.2321e-04
Loss = 7.1652e-02, PNorm = 338.5917, GNorm = 0.3323, lr_0 = 5.2307e-04
Loss = 7.2039e-02, PNorm = 338.6213, GNorm = 0.4521, lr_0 = 5.2293e-04
Loss = 8.5414e-02, PNorm = 338.6540, GNorm = 0.4492, lr_0 = 5.2279e-04
Loss = 7.4732e-02, PNorm = 338.6880, GNorm = 0.3918, lr_0 = 5.2266e-04
Loss = 9.2059e-02, PNorm = 338.7247, GNorm = 0.6265, lr_0 = 5.2252e-04
Loss = 8.9821e-02, PNorm = 338.7637, GNorm = 0.7083, lr_0 = 5.2238e-04
Loss = 1.1120e-01, PNorm = 338.8042, GNorm = 0.5558, lr_0 = 5.2224e-04
Loss = 1.0920e-01, PNorm = 338.8422, GNorm = 0.4064, lr_0 = 5.2211e-04
Loss = 8.9637e-02, PNorm = 338.8792, GNorm = 0.3528, lr_0 = 5.2197e-04
Loss = 8.0488e-02, PNorm = 338.9165, GNorm = 0.4419, lr_0 = 5.2183e-04
Loss = 1.0168e-01, PNorm = 338.9506, GNorm = 0.5160, lr_0 = 5.2169e-04
Loss = 1.1391e-01, PNorm = 338.9878, GNorm = 0.6453, lr_0 = 5.2156e-04
Loss = 1.0832e-01, PNorm = 339.0234, GNorm = 0.5452, lr_0 = 5.2142e-04
Loss = 8.7599e-02, PNorm = 339.0590, GNorm = 0.4561, lr_0 = 5.2128e-04
Loss = 9.1897e-02, PNorm = 339.1006, GNorm = 0.4580, lr_0 = 5.2115e-04
Loss = 1.0301e-01, PNorm = 339.1381, GNorm = 0.4861, lr_0 = 5.2101e-04
Loss = 1.0197e-01, PNorm = 339.1709, GNorm = 0.3383, lr_0 = 5.2087e-04
Loss = 1.0293e-01, PNorm = 339.2101, GNorm = 0.4570, lr_0 = 5.2074e-04
Loss = 7.9450e-02, PNorm = 339.2483, GNorm = 0.6401, lr_0 = 5.2060e-04
Loss = 8.3178e-02, PNorm = 339.2804, GNorm = 0.5028, lr_0 = 5.2046e-04
Loss = 8.8296e-02, PNorm = 339.3132, GNorm = 0.5721, lr_0 = 5.2032e-04
Loss = 9.9409e-02, PNorm = 339.3449, GNorm = 0.5238, lr_0 = 5.2019e-04
Loss = 8.2279e-02, PNorm = 339.3816, GNorm = 0.9216, lr_0 = 5.2005e-04
Loss = 1.0993e-01, PNorm = 339.4201, GNorm = 0.8423, lr_0 = 5.1991e-04
Loss = 9.7078e-02, PNorm = 339.4580, GNorm = 0.9227, lr_0 = 5.1978e-04
Loss = 9.2812e-02, PNorm = 339.4946, GNorm = 0.4120, lr_0 = 5.1964e-04
Loss = 9.6212e-02, PNorm = 339.5314, GNorm = 0.4693, lr_0 = 5.1950e-04
Loss = 1.1189e-01, PNorm = 339.5692, GNorm = 0.8161, lr_0 = 5.1937e-04
Loss = 9.6057e-02, PNorm = 339.6061, GNorm = 0.5767, lr_0 = 5.1923e-04
Loss = 7.5742e-02, PNorm = 339.6394, GNorm = 0.4043, lr_0 = 5.1909e-04
Loss = 9.5829e-02, PNorm = 339.6692, GNorm = 0.4527, lr_0 = 5.1896e-04
Loss = 8.5207e-02, PNorm = 339.7052, GNorm = 0.6786, lr_0 = 5.1882e-04
Loss = 1.0418e-01, PNorm = 339.7444, GNorm = 0.5636, lr_0 = 5.1868e-04
Loss = 1.0474e-01, PNorm = 339.7836, GNorm = 0.4526, lr_0 = 5.1855e-04
Loss = 1.0815e-01, PNorm = 339.8233, GNorm = 0.5610, lr_0 = 5.1841e-04
Loss = 9.5581e-02, PNorm = 339.8580, GNorm = 0.6288, lr_0 = 5.1827e-04
Loss = 8.6887e-02, PNorm = 339.8985, GNorm = 0.3942, lr_0 = 5.1814e-04
Loss = 8.7981e-02, PNorm = 339.9358, GNorm = 0.4092, lr_0 = 5.1800e-04
Loss = 1.3532e-01, PNorm = 339.9772, GNorm = 0.5372, lr_0 = 5.1787e-04
Loss = 8.6446e-02, PNorm = 340.0203, GNorm = 0.6567, lr_0 = 5.1773e-04
Loss = 1.0715e-01, PNorm = 340.0587, GNorm = 1.1524, lr_0 = 5.1759e-04
Validation rmse = 3.580036
Epoch 30
Loss = 8.5346e-02, PNorm = 340.0972, GNorm = 0.5170, lr_0 = 5.1746e-04
Loss = 8.2870e-02, PNorm = 340.1359, GNorm = 0.5312, lr_0 = 5.1732e-04
Loss = 8.3767e-02, PNorm = 340.1749, GNorm = 0.6794, lr_0 = 5.1718e-04
Loss = 6.3764e-02, PNorm = 340.2107, GNorm = 0.4751, lr_0 = 5.1705e-04
Loss = 1.1147e-01, PNorm = 340.2439, GNorm = 1.4238, lr_0 = 5.1691e-04
Loss = 8.2424e-02, PNorm = 340.2780, GNorm = 0.5277, lr_0 = 5.1678e-04
Loss = 1.3401e-01, PNorm = 340.3111, GNorm = 0.8630, lr_0 = 5.1664e-04
Loss = 8.3589e-02, PNorm = 340.3481, GNorm = 0.4841, lr_0 = 5.1650e-04
Loss = 6.6179e-02, PNorm = 340.3837, GNorm = 0.4421, lr_0 = 5.1637e-04
Loss = 1.1138e-01, PNorm = 340.4125, GNorm = 0.5780, lr_0 = 5.1623e-04
Loss = 8.2285e-02, PNorm = 340.4438, GNorm = 0.5064, lr_0 = 5.1610e-04
Loss = 8.5130e-02, PNorm = 340.4771, GNorm = 0.3336, lr_0 = 5.1596e-04
Loss = 9.6002e-02, PNorm = 340.5075, GNorm = 1.1137, lr_0 = 5.1583e-04
Loss = 8.1632e-02, PNorm = 340.5410, GNorm = 0.4753, lr_0 = 5.1569e-04
Loss = 6.6216e-02, PNorm = 340.5685, GNorm = 0.8878, lr_0 = 5.1555e-04
Loss = 8.5870e-02, PNorm = 340.5970, GNorm = 0.4265, lr_0 = 5.1542e-04
Loss = 1.0591e-01, PNorm = 340.6292, GNorm = 0.6374, lr_0 = 5.1528e-04
Loss = 8.8949e-02, PNorm = 340.6611, GNorm = 0.3759, lr_0 = 5.1515e-04
Loss = 8.3579e-02, PNorm = 340.6948, GNorm = 0.3742, lr_0 = 5.1501e-04
Loss = 8.7508e-02, PNorm = 340.7263, GNorm = 0.6070, lr_0 = 5.1488e-04
Loss = 9.0687e-02, PNorm = 340.7551, GNorm = 0.4138, lr_0 = 5.1474e-04
Loss = 9.7423e-02, PNorm = 340.7873, GNorm = 0.4888, lr_0 = 5.1461e-04
Loss = 1.0648e-01, PNorm = 340.8244, GNorm = 0.4431, lr_0 = 5.1447e-04
Loss = 7.8387e-02, PNorm = 340.8592, GNorm = 0.3997, lr_0 = 5.1434e-04
Loss = 8.0965e-02, PNorm = 340.8927, GNorm = 0.5898, lr_0 = 5.1420e-04
Loss = 7.5804e-02, PNorm = 340.9248, GNorm = 0.4063, lr_0 = 5.1406e-04
Loss = 9.9161e-02, PNorm = 340.9580, GNorm = 0.3766, lr_0 = 5.1393e-04
Loss = 1.0964e-01, PNorm = 340.9898, GNorm = 0.5296, lr_0 = 5.1379e-04
Loss = 7.6290e-02, PNorm = 341.0249, GNorm = 0.3754, lr_0 = 5.1366e-04
Loss = 8.0088e-02, PNorm = 341.0582, GNorm = 0.6125, lr_0 = 5.1352e-04
Loss = 8.9902e-02, PNorm = 341.0946, GNorm = 0.4217, lr_0 = 5.1339e-04
Loss = 8.6960e-02, PNorm = 341.1318, GNorm = 0.3625, lr_0 = 5.1325e-04
Loss = 7.7376e-02, PNorm = 341.1669, GNorm = 0.5871, lr_0 = 5.1312e-04
Loss = 9.2455e-02, PNorm = 341.1986, GNorm = 0.5142, lr_0 = 5.1298e-04
Loss = 9.9446e-02, PNorm = 341.2303, GNorm = 0.3504, lr_0 = 5.1285e-04
Loss = 8.8484e-02, PNorm = 341.2597, GNorm = 0.3508, lr_0 = 5.1271e-04
Loss = 7.9223e-02, PNorm = 341.2877, GNorm = 0.5221, lr_0 = 5.1258e-04
Loss = 8.3019e-02, PNorm = 341.3193, GNorm = 0.4159, lr_0 = 5.1244e-04
Loss = 1.1627e-01, PNorm = 341.3556, GNorm = 0.5764, lr_0 = 5.1231e-04
Loss = 9.6677e-02, PNorm = 341.3960, GNorm = 0.6555, lr_0 = 5.1217e-04
Loss = 9.6820e-02, PNorm = 341.4386, GNorm = 0.5978, lr_0 = 5.1204e-04
Loss = 7.4514e-02, PNorm = 341.4762, GNorm = 0.3727, lr_0 = 5.1191e-04
Loss = 8.3828e-02, PNorm = 341.5093, GNorm = 0.4233, lr_0 = 5.1177e-04
Loss = 9.3623e-02, PNorm = 341.5397, GNorm = 0.5443, lr_0 = 5.1164e-04
Loss = 1.4849e-01, PNorm = 341.5756, GNorm = 0.6526, lr_0 = 5.1150e-04
Loss = 1.0702e-01, PNorm = 341.6199, GNorm = 1.2697, lr_0 = 5.1137e-04
Loss = 7.9847e-02, PNorm = 341.6631, GNorm = 1.1204, lr_0 = 5.1123e-04
Loss = 9.7949e-02, PNorm = 341.7036, GNorm = 0.7200, lr_0 = 5.1110e-04
Loss = 9.1779e-02, PNorm = 341.7473, GNorm = 0.3584, lr_0 = 5.1096e-04
Loss = 9.0180e-02, PNorm = 341.7855, GNorm = 0.4235, lr_0 = 5.1083e-04
Loss = 8.9857e-02, PNorm = 341.8224, GNorm = 0.6597, lr_0 = 5.1069e-04
Loss = 6.7509e-02, PNorm = 341.8600, GNorm = 0.5336, lr_0 = 5.1056e-04
Loss = 6.9934e-02, PNorm = 341.8886, GNorm = 0.3365, lr_0 = 5.1043e-04
Loss = 7.2750e-02, PNorm = 341.9154, GNorm = 0.4054, lr_0 = 5.1029e-04
Loss = 8.0924e-02, PNorm = 341.9434, GNorm = 0.7599, lr_0 = 5.1016e-04
Loss = 7.5797e-02, PNorm = 341.9698, GNorm = 0.3525, lr_0 = 5.1002e-04
Loss = 7.8086e-02, PNorm = 341.9949, GNorm = 0.3957, lr_0 = 5.0989e-04
Loss = 8.5130e-02, PNorm = 342.0261, GNorm = 0.4623, lr_0 = 5.0975e-04
Loss = 8.7416e-02, PNorm = 342.0611, GNorm = 0.3804, lr_0 = 5.0962e-04
Loss = 7.8590e-02, PNorm = 342.0980, GNorm = 0.4435, lr_0 = 5.0949e-04
Loss = 8.7365e-02, PNorm = 342.1301, GNorm = 1.3137, lr_0 = 5.0935e-04
Loss = 1.1556e-01, PNorm = 342.1595, GNorm = 0.8876, lr_0 = 5.0922e-04
Loss = 8.4944e-02, PNorm = 342.1980, GNorm = 0.5450, lr_0 = 5.0908e-04
Loss = 1.1790e-01, PNorm = 342.2357, GNorm = 0.4548, lr_0 = 5.0895e-04
Loss = 8.0637e-02, PNorm = 342.2750, GNorm = 0.3838, lr_0 = 5.0882e-04
Loss = 9.4636e-02, PNorm = 342.3138, GNorm = 0.3694, lr_0 = 5.0868e-04
Loss = 8.6205e-02, PNorm = 342.3467, GNorm = 0.4569, lr_0 = 5.0855e-04
Loss = 9.9367e-02, PNorm = 342.3817, GNorm = 0.6672, lr_0 = 5.0842e-04
Loss = 7.8712e-02, PNorm = 342.4167, GNorm = 0.3340, lr_0 = 5.0828e-04
Loss = 8.2405e-02, PNorm = 342.4459, GNorm = 0.4560, lr_0 = 5.0815e-04
Loss = 8.4881e-02, PNorm = 342.4761, GNorm = 0.6286, lr_0 = 5.0801e-04
Loss = 7.8263e-02, PNorm = 342.5072, GNorm = 0.7765, lr_0 = 5.0788e-04
Loss = 7.6651e-02, PNorm = 342.5395, GNorm = 0.3941, lr_0 = 5.0775e-04
Loss = 8.0570e-02, PNorm = 342.5725, GNorm = 0.4283, lr_0 = 5.0761e-04
Loss = 9.1178e-02, PNorm = 342.6046, GNorm = 0.4341, lr_0 = 5.0748e-04
Loss = 8.6042e-02, PNorm = 342.6388, GNorm = 0.3731, lr_0 = 5.0735e-04
Loss = 9.0898e-02, PNorm = 342.6738, GNorm = 0.4918, lr_0 = 5.0721e-04
Loss = 8.6667e-02, PNorm = 342.7099, GNorm = 0.6464, lr_0 = 5.0708e-04
Loss = 8.4537e-02, PNorm = 342.7421, GNorm = 0.6974, lr_0 = 5.0695e-04
Loss = 1.1003e-01, PNorm = 342.7744, GNorm = 0.5056, lr_0 = 5.0681e-04
Loss = 1.0237e-01, PNorm = 342.8134, GNorm = 0.3120, lr_0 = 5.0668e-04
Loss = 1.0867e-01, PNorm = 342.8532, GNorm = 0.5394, lr_0 = 5.0655e-04
Loss = 1.0167e-01, PNorm = 342.8880, GNorm = 0.4760, lr_0 = 5.0641e-04
Loss = 1.1488e-01, PNorm = 342.9214, GNorm = 0.7272, lr_0 = 5.0628e-04
Loss = 8.6049e-02, PNorm = 342.9530, GNorm = 0.6485, lr_0 = 5.0615e-04
Loss = 8.9608e-02, PNorm = 342.9841, GNorm = 0.4225, lr_0 = 5.0601e-04
Loss = 9.1091e-02, PNorm = 343.0156, GNorm = 0.5252, lr_0 = 5.0588e-04
Loss = 9.0594e-02, PNorm = 343.0471, GNorm = 0.4844, lr_0 = 5.0575e-04
Loss = 9.4944e-02, PNorm = 343.0793, GNorm = 0.3976, lr_0 = 5.0561e-04
Validation rmse = 3.510442
Epoch 31
Loss = 8.1985e-02, PNorm = 343.1134, GNorm = 0.3898, lr_0 = 5.0548e-04
Loss = 6.6337e-02, PNorm = 343.1469, GNorm = 0.3751, lr_0 = 5.0535e-04
Loss = 7.8304e-02, PNorm = 343.1757, GNorm = 0.4145, lr_0 = 5.0521e-04
Loss = 6.5372e-02, PNorm = 343.2041, GNorm = 0.3530, lr_0 = 5.0508e-04
Loss = 7.5558e-02, PNorm = 343.2318, GNorm = 0.4562, lr_0 = 5.0495e-04
Loss = 8.1272e-02, PNorm = 343.2632, GNorm = 0.4658, lr_0 = 5.0482e-04
Loss = 7.3931e-02, PNorm = 343.2938, GNorm = 0.3922, lr_0 = 5.0468e-04
Loss = 7.5525e-02, PNorm = 343.3242, GNorm = 0.6170, lr_0 = 5.0455e-04
Loss = 9.7453e-02, PNorm = 343.3558, GNorm = 0.4553, lr_0 = 5.0442e-04
Loss = 9.4944e-02, PNorm = 343.3864, GNorm = 0.4922, lr_0 = 5.0429e-04
Loss = 6.6653e-02, PNorm = 343.4153, GNorm = 0.3378, lr_0 = 5.0415e-04
Loss = 9.6225e-02, PNorm = 343.4490, GNorm = 0.3810, lr_0 = 5.0402e-04
Loss = 9.1376e-02, PNorm = 343.4845, GNorm = 0.4787, lr_0 = 5.0389e-04
Loss = 7.3808e-02, PNorm = 343.5154, GNorm = 0.5170, lr_0 = 5.0375e-04
Loss = 8.5382e-02, PNorm = 343.5458, GNorm = 0.7682, lr_0 = 5.0362e-04
Loss = 6.6711e-02, PNorm = 343.5765, GNorm = 0.6140, lr_0 = 5.0349e-04
Loss = 7.9751e-02, PNorm = 343.6090, GNorm = 0.4586, lr_0 = 5.0336e-04
Loss = 9.3554e-02, PNorm = 343.6415, GNorm = 0.4864, lr_0 = 5.0322e-04
Loss = 8.4748e-02, PNorm = 343.6741, GNorm = 0.7992, lr_0 = 5.0309e-04
Loss = 8.1180e-02, PNorm = 343.7067, GNorm = 0.4912, lr_0 = 5.0296e-04
Loss = 9.2763e-02, PNorm = 343.7437, GNorm = 0.7844, lr_0 = 5.0283e-04
Loss = 8.1087e-02, PNorm = 343.7816, GNorm = 0.6920, lr_0 = 5.0270e-04
Loss = 7.3622e-02, PNorm = 343.8173, GNorm = 0.5108, lr_0 = 5.0256e-04
Loss = 7.4883e-02, PNorm = 343.8469, GNorm = 0.5164, lr_0 = 5.0243e-04
Loss = 1.0914e-01, PNorm = 343.8765, GNorm = 0.7136, lr_0 = 5.0230e-04
Loss = 7.0836e-02, PNorm = 343.9083, GNorm = 0.3698, lr_0 = 5.0217e-04
Loss = 7.9244e-02, PNorm = 343.9394, GNorm = 0.5033, lr_0 = 5.0203e-04
Loss = 7.8260e-02, PNorm = 343.9713, GNorm = 0.5964, lr_0 = 5.0190e-04
Loss = 7.7763e-02, PNorm = 344.0059, GNorm = 0.4349, lr_0 = 5.0177e-04
Loss = 7.3789e-02, PNorm = 344.0396, GNorm = 0.3626, lr_0 = 5.0164e-04
Loss = 8.4000e-02, PNorm = 344.0715, GNorm = 0.5475, lr_0 = 5.0151e-04
Loss = 7.5430e-02, PNorm = 344.1009, GNorm = 0.3525, lr_0 = 5.0137e-04
Loss = 8.9038e-02, PNorm = 344.1272, GNorm = 0.4885, lr_0 = 5.0124e-04
Loss = 8.6291e-02, PNorm = 344.1534, GNorm = 0.4368, lr_0 = 5.0111e-04
Loss = 8.8469e-02, PNorm = 344.1859, GNorm = 0.4146, lr_0 = 5.0098e-04
Loss = 8.9656e-02, PNorm = 344.2188, GNorm = 0.5655, lr_0 = 5.0085e-04
Loss = 8.1133e-02, PNorm = 344.2497, GNorm = 0.5698, lr_0 = 5.0072e-04
Loss = 7.3908e-02, PNorm = 344.2780, GNorm = 0.4169, lr_0 = 5.0058e-04
Loss = 8.6054e-02, PNorm = 344.3059, GNorm = 0.7370, lr_0 = 5.0045e-04
Loss = 7.0359e-02, PNorm = 344.3356, GNorm = 0.6735, lr_0 = 5.0032e-04
Loss = 8.0659e-02, PNorm = 344.3693, GNorm = 0.4188, lr_0 = 5.0019e-04
Loss = 1.0466e-01, PNorm = 344.4010, GNorm = 0.6168, lr_0 = 5.0006e-04
Loss = 1.0874e-01, PNorm = 344.4330, GNorm = 0.9960, lr_0 = 4.9993e-04
Loss = 1.0891e-01, PNorm = 344.4677, GNorm = 0.9640, lr_0 = 4.9979e-04
Loss = 8.6581e-02, PNorm = 344.5036, GNorm = 0.3398, lr_0 = 4.9966e-04
Loss = 9.3853e-02, PNorm = 344.5398, GNorm = 0.4830, lr_0 = 4.9953e-04
Loss = 7.3265e-02, PNorm = 344.5719, GNorm = 0.9641, lr_0 = 4.9940e-04
Loss = 9.6318e-02, PNorm = 344.6016, GNorm = 0.4453, lr_0 = 4.9927e-04
Loss = 8.3632e-02, PNorm = 344.6365, GNorm = 0.3384, lr_0 = 4.9914e-04
Loss = 6.1736e-02, PNorm = 344.6643, GNorm = 0.4823, lr_0 = 4.9901e-04
Loss = 8.5168e-02, PNorm = 344.6953, GNorm = 0.4632, lr_0 = 4.9887e-04
Loss = 9.3722e-02, PNorm = 344.7269, GNorm = 0.3216, lr_0 = 4.9874e-04
Loss = 8.3099e-02, PNorm = 344.7603, GNorm = 0.4362, lr_0 = 4.9861e-04
Loss = 9.7672e-02, PNorm = 344.7969, GNorm = 0.2586, lr_0 = 4.9848e-04
Loss = 1.0180e-01, PNorm = 344.8344, GNorm = 0.6052, lr_0 = 4.9835e-04
Loss = 7.2727e-02, PNorm = 344.8700, GNorm = 0.5713, lr_0 = 4.9822e-04
Loss = 1.0344e-01, PNorm = 344.9022, GNorm = 0.3940, lr_0 = 4.9809e-04
Loss = 8.0683e-02, PNorm = 344.9343, GNorm = 0.6482, lr_0 = 4.9796e-04
Loss = 1.0572e-01, PNorm = 344.9656, GNorm = 0.2994, lr_0 = 4.9783e-04
Loss = 1.0070e-01, PNorm = 345.0005, GNorm = 0.5607, lr_0 = 4.9769e-04
Loss = 8.1496e-02, PNorm = 345.0360, GNorm = 0.3443, lr_0 = 4.9756e-04
Loss = 8.6195e-02, PNorm = 345.0695, GNorm = 0.5487, lr_0 = 4.9743e-04
Loss = 8.3401e-02, PNorm = 345.1055, GNorm = 0.4727, lr_0 = 4.9730e-04
Loss = 9.7711e-02, PNorm = 345.1397, GNorm = 0.5025, lr_0 = 4.9717e-04
Loss = 7.2619e-02, PNorm = 345.1746, GNorm = 1.1536, lr_0 = 4.9704e-04
Loss = 7.4844e-02, PNorm = 345.2081, GNorm = 0.4031, lr_0 = 4.9691e-04
Loss = 7.2849e-02, PNorm = 345.2367, GNorm = 0.5298, lr_0 = 4.9678e-04
Loss = 8.5069e-02, PNorm = 345.2665, GNorm = 0.5673, lr_0 = 4.9665e-04
Loss = 8.9233e-02, PNorm = 345.3009, GNorm = 0.4040, lr_0 = 4.9652e-04
Loss = 8.4755e-02, PNorm = 345.3344, GNorm = 0.3513, lr_0 = 4.9639e-04
Loss = 1.2840e-01, PNorm = 345.3669, GNorm = 0.5417, lr_0 = 4.9626e-04
Loss = 7.3936e-02, PNorm = 345.4036, GNorm = 0.4666, lr_0 = 4.9613e-04
Loss = 7.6083e-02, PNorm = 345.4421, GNorm = 0.4950, lr_0 = 4.9599e-04
Loss = 1.2406e-01, PNorm = 345.4780, GNorm = 0.7873, lr_0 = 4.9586e-04
Loss = 9.8931e-02, PNorm = 345.5146, GNorm = 0.5138, lr_0 = 4.9573e-04
Loss = 8.6790e-02, PNorm = 345.5452, GNorm = 0.6164, lr_0 = 4.9560e-04
Loss = 8.5761e-02, PNorm = 345.5758, GNorm = 0.4302, lr_0 = 4.9547e-04
Loss = 8.6853e-02, PNorm = 345.6081, GNorm = 0.6169, lr_0 = 4.9534e-04
Loss = 8.1496e-02, PNorm = 345.6375, GNorm = 0.4937, lr_0 = 4.9521e-04
Loss = 7.0627e-02, PNorm = 345.6647, GNorm = 0.3806, lr_0 = 4.9508e-04
Loss = 1.0773e-01, PNorm = 345.6955, GNorm = 0.7618, lr_0 = 4.9495e-04
Loss = 7.4749e-02, PNorm = 345.7275, GNorm = 0.4095, lr_0 = 4.9482e-04
Loss = 7.7140e-02, PNorm = 345.7615, GNorm = 0.5435, lr_0 = 4.9469e-04
Loss = 8.2382e-02, PNorm = 345.7933, GNorm = 0.3635, lr_0 = 4.9456e-04
Loss = 8.4831e-02, PNorm = 345.8255, GNorm = 0.3740, lr_0 = 4.9443e-04
Loss = 7.5439e-02, PNorm = 345.8571, GNorm = 0.3544, lr_0 = 4.9430e-04
Loss = 9.1797e-02, PNorm = 345.8888, GNorm = 0.8242, lr_0 = 4.9417e-04
Loss = 7.6655e-02, PNorm = 345.9232, GNorm = 0.4938, lr_0 = 4.9404e-04
Loss = 1.1598e-01, PNorm = 345.9580, GNorm = 0.5686, lr_0 = 4.9391e-04
Loss = 8.3467e-02, PNorm = 345.9950, GNorm = 0.3479, lr_0 = 4.9378e-04
Validation rmse = 3.513531
Epoch 32
Loss = 7.5733e-02, PNorm = 346.0313, GNorm = 0.3487, lr_0 = 4.9364e-04
Loss = 7.6720e-02, PNorm = 346.0651, GNorm = 0.4470, lr_0 = 4.9351e-04
Loss = 9.6415e-02, PNorm = 346.0987, GNorm = 0.4663, lr_0 = 4.9338e-04
Loss = 9.0167e-02, PNorm = 346.1316, GNorm = 0.4263, lr_0 = 4.9325e-04
Loss = 7.2557e-02, PNorm = 346.1618, GNorm = 0.3440, lr_0 = 4.9312e-04
Loss = 6.9505e-02, PNorm = 346.1912, GNorm = 0.3912, lr_0 = 4.9299e-04
Loss = 8.7285e-02, PNorm = 346.2199, GNorm = 0.4891, lr_0 = 4.9286e-04
Loss = 7.4055e-02, PNorm = 346.2494, GNorm = 0.3953, lr_0 = 4.9273e-04
Loss = 7.2434e-02, PNorm = 346.2780, GNorm = 0.5344, lr_0 = 4.9260e-04
Loss = 8.0476e-02, PNorm = 346.3049, GNorm = 0.3704, lr_0 = 4.9247e-04
Loss = 6.7329e-02, PNorm = 346.3298, GNorm = 0.6215, lr_0 = 4.9234e-04
Loss = 7.1818e-02, PNorm = 346.3593, GNorm = 0.4370, lr_0 = 4.9221e-04
Loss = 6.0882e-02, PNorm = 346.3906, GNorm = 0.5091, lr_0 = 4.9208e-04
Loss = 9.0393e-02, PNorm = 346.4250, GNorm = 0.5402, lr_0 = 4.9195e-04
Loss = 8.8880e-02, PNorm = 346.4622, GNorm = 0.5488, lr_0 = 4.9182e-04
Loss = 8.4537e-02, PNorm = 346.4966, GNorm = 0.3748, lr_0 = 4.9169e-04
Loss = 7.5493e-02, PNorm = 346.5275, GNorm = 0.4858, lr_0 = 4.9156e-04
Loss = 5.9739e-02, PNorm = 346.5566, GNorm = 0.3877, lr_0 = 4.9144e-04
Loss = 6.2710e-02, PNorm = 346.5849, GNorm = 0.3953, lr_0 = 4.9131e-04
Loss = 6.9347e-02, PNorm = 346.6125, GNorm = 0.3839, lr_0 = 4.9118e-04
Loss = 7.3146e-02, PNorm = 346.6340, GNorm = 0.9007, lr_0 = 4.9105e-04
Loss = 1.0989e-01, PNorm = 346.6636, GNorm = 0.3927, lr_0 = 4.9092e-04
Loss = 8.0845e-02, PNorm = 346.6949, GNorm = 0.4946, lr_0 = 4.9079e-04
Loss = 7.1734e-02, PNorm = 346.7252, GNorm = 0.6583, lr_0 = 4.9066e-04
Loss = 8.9810e-02, PNorm = 346.7581, GNorm = 0.6479, lr_0 = 4.9053e-04
Loss = 7.0734e-02, PNorm = 346.7883, GNorm = 0.3407, lr_0 = 4.9040e-04
Loss = 1.0094e-01, PNorm = 346.8185, GNorm = 0.2874, lr_0 = 4.9027e-04
Loss = 7.8762e-02, PNorm = 346.8506, GNorm = 0.3574, lr_0 = 4.9014e-04
Loss = 8.4414e-02, PNorm = 346.8788, GNorm = 0.4429, lr_0 = 4.9002e-04
Loss = 9.4035e-02, PNorm = 346.9122, GNorm = 0.5540, lr_0 = 4.8989e-04
Loss = 6.4011e-02, PNorm = 346.9393, GNorm = 0.3899, lr_0 = 4.8976e-04
Loss = 6.4979e-02, PNorm = 346.9636, GNorm = 0.5040, lr_0 = 4.8963e-04
Loss = 7.1728e-02, PNorm = 346.9896, GNorm = 0.3721, lr_0 = 4.8950e-04
Loss = 7.2547e-02, PNorm = 347.0183, GNorm = 0.3122, lr_0 = 4.8937e-04
Loss = 6.2594e-02, PNorm = 347.0430, GNorm = 0.5104, lr_0 = 4.8924e-04
Loss = 8.3981e-02, PNorm = 347.0731, GNorm = 0.4404, lr_0 = 4.8911e-04
Loss = 9.4425e-02, PNorm = 347.1023, GNorm = 0.5821, lr_0 = 4.8898e-04
Loss = 8.4536e-02, PNorm = 347.1327, GNorm = 0.5477, lr_0 = 4.8886e-04
Loss = 6.2258e-02, PNorm = 347.1635, GNorm = 0.3131, lr_0 = 4.8873e-04
Loss = 7.6330e-02, PNorm = 347.1911, GNorm = 0.5289, lr_0 = 4.8860e-04
Loss = 1.0188e-01, PNorm = 347.2201, GNorm = 0.3746, lr_0 = 4.8847e-04
Loss = 1.0534e-01, PNorm = 347.2511, GNorm = 0.5158, lr_0 = 4.8834e-04
Loss = 9.0086e-02, PNorm = 347.2852, GNorm = 0.4518, lr_0 = 4.8821e-04
Loss = 7.9674e-02, PNorm = 347.3170, GNorm = 0.4389, lr_0 = 4.8809e-04
Loss = 8.3799e-02, PNorm = 347.3514, GNorm = 0.3133, lr_0 = 4.8796e-04
Loss = 8.4630e-02, PNorm = 347.3838, GNorm = 0.3733, lr_0 = 4.8783e-04
Loss = 9.7036e-02, PNorm = 347.4178, GNorm = 0.6494, lr_0 = 4.8770e-04
Loss = 7.6287e-02, PNorm = 347.4494, GNorm = 0.4053, lr_0 = 4.8757e-04
Loss = 8.2460e-02, PNorm = 347.4755, GNorm = 0.5057, lr_0 = 4.8744e-04
Loss = 8.6363e-02, PNorm = 347.5038, GNorm = 0.4708, lr_0 = 4.8732e-04
Loss = 7.4723e-02, PNorm = 347.5298, GNorm = 0.6052, lr_0 = 4.8719e-04
Loss = 8.2693e-02, PNorm = 347.5587, GNorm = 0.4699, lr_0 = 4.8706e-04
Loss = 7.7996e-02, PNorm = 347.5873, GNorm = 0.4015, lr_0 = 4.8693e-04
Loss = 8.5254e-02, PNorm = 347.6166, GNorm = 0.4305, lr_0 = 4.8680e-04
Loss = 7.4379e-02, PNorm = 347.6476, GNorm = 0.5441, lr_0 = 4.8667e-04
Loss = 7.0826e-02, PNorm = 347.6745, GNorm = 0.3908, lr_0 = 4.8655e-04
Loss = 7.8526e-02, PNorm = 347.7015, GNorm = 0.3897, lr_0 = 4.8642e-04
Loss = 9.5487e-02, PNorm = 347.7324, GNorm = 0.4123, lr_0 = 4.8629e-04
Loss = 8.2474e-02, PNorm = 347.7628, GNorm = 0.2402, lr_0 = 4.8616e-04
Loss = 9.6313e-02, PNorm = 347.7946, GNorm = 0.4607, lr_0 = 4.8603e-04
Loss = 9.2073e-02, PNorm = 347.8279, GNorm = 0.4147, lr_0 = 4.8591e-04
Loss = 7.8313e-02, PNorm = 347.8580, GNorm = 1.1009, lr_0 = 4.8578e-04
Loss = 7.8863e-02, PNorm = 347.8850, GNorm = 0.5660, lr_0 = 4.8565e-04
Loss = 7.9500e-02, PNorm = 347.9119, GNorm = 0.5099, lr_0 = 4.8552e-04
Loss = 9.3501e-02, PNorm = 347.9396, GNorm = 0.7593, lr_0 = 4.8540e-04
Loss = 9.2653e-02, PNorm = 347.9720, GNorm = 0.3567, lr_0 = 4.8527e-04
Loss = 7.6953e-02, PNorm = 348.0061, GNorm = 0.3557, lr_0 = 4.8514e-04
Loss = 1.0575e-01, PNorm = 348.0353, GNorm = 0.9529, lr_0 = 4.8501e-04
Loss = 7.9134e-02, PNorm = 348.0649, GNorm = 0.6643, lr_0 = 4.8489e-04
Loss = 8.4348e-02, PNorm = 348.0962, GNorm = 0.7999, lr_0 = 4.8476e-04
Loss = 8.6405e-02, PNorm = 348.1278, GNorm = 0.5094, lr_0 = 4.8463e-04
Loss = 7.5266e-02, PNorm = 348.1574, GNorm = 0.4181, lr_0 = 4.8450e-04
Loss = 7.4340e-02, PNorm = 348.1864, GNorm = 0.4514, lr_0 = 4.8438e-04
Loss = 9.8321e-02, PNorm = 348.2130, GNorm = 0.4883, lr_0 = 4.8425e-04
Loss = 7.5773e-02, PNorm = 348.2431, GNorm = 0.4844, lr_0 = 4.8412e-04
Loss = 9.1125e-02, PNorm = 348.2740, GNorm = 0.5671, lr_0 = 4.8399e-04
Loss = 8.4492e-02, PNorm = 348.2997, GNorm = 0.3338, lr_0 = 4.8387e-04
Loss = 7.7901e-02, PNorm = 348.3290, GNorm = 0.4320, lr_0 = 4.8374e-04
Loss = 1.0613e-01, PNorm = 348.3609, GNorm = 0.6409, lr_0 = 4.8361e-04
Loss = 8.3772e-02, PNorm = 348.3925, GNorm = 0.3589, lr_0 = 4.8348e-04
Loss = 8.5114e-02, PNorm = 348.4228, GNorm = 1.0537, lr_0 = 4.8336e-04
Loss = 8.8650e-02, PNorm = 348.4528, GNorm = 0.7732, lr_0 = 4.8323e-04
Loss = 1.2714e-01, PNorm = 348.4832, GNorm = 0.5045, lr_0 = 4.8310e-04
Loss = 8.2623e-02, PNorm = 348.5126, GNorm = 0.4582, lr_0 = 4.8298e-04
Loss = 6.9137e-02, PNorm = 348.5394, GNorm = 0.3901, lr_0 = 4.8285e-04
Loss = 1.1133e-01, PNorm = 348.5656, GNorm = 1.0248, lr_0 = 4.8272e-04
Loss = 9.5477e-02, PNorm = 348.5913, GNorm = 1.6909, lr_0 = 4.8259e-04
Loss = 7.9618e-02, PNorm = 348.6225, GNorm = 0.5033, lr_0 = 4.8247e-04
Loss = 1.1874e-01, PNorm = 348.6570, GNorm = 0.2802, lr_0 = 4.8234e-04
Validation rmse = 3.490903
Epoch 33
Loss = 6.1542e-02, PNorm = 348.6888, GNorm = 0.3957, lr_0 = 4.8221e-04
Loss = 6.9951e-02, PNorm = 348.7175, GNorm = 0.3473, lr_0 = 4.8209e-04
Loss = 8.0446e-02, PNorm = 348.7442, GNorm = 0.4676, lr_0 = 4.8196e-04
Loss = 8.1172e-02, PNorm = 348.7731, GNorm = 0.5941, lr_0 = 4.8183e-04
Loss = 8.2751e-02, PNorm = 348.8005, GNorm = 0.4408, lr_0 = 4.8171e-04
Loss = 7.4182e-02, PNorm = 348.8291, GNorm = 0.5621, lr_0 = 4.8158e-04
Loss = 6.1046e-02, PNorm = 348.8562, GNorm = 0.4547, lr_0 = 4.8145e-04
Loss = 7.4586e-02, PNorm = 348.8806, GNorm = 0.3549, lr_0 = 4.8133e-04
Loss = 9.6802e-02, PNorm = 348.9085, GNorm = 0.4580, lr_0 = 4.8120e-04
Loss = 1.0083e-01, PNorm = 348.9371, GNorm = 0.3976, lr_0 = 4.8107e-04
Loss = 8.2043e-02, PNorm = 348.9695, GNorm = 0.3501, lr_0 = 4.8095e-04
Loss = 7.3596e-02, PNorm = 348.9994, GNorm = 0.4036, lr_0 = 4.8082e-04
Loss = 5.8770e-02, PNorm = 349.0264, GNorm = 0.3472, lr_0 = 4.8069e-04
Loss = 6.1209e-02, PNorm = 349.0501, GNorm = 0.3768, lr_0 = 4.8057e-04
Loss = 6.3408e-02, PNorm = 349.0731, GNorm = 0.5087, lr_0 = 4.8044e-04
Loss = 6.8219e-02, PNorm = 349.0994, GNorm = 0.4019, lr_0 = 4.8031e-04
Loss = 7.2012e-02, PNorm = 349.1263, GNorm = 0.4297, lr_0 = 4.8019e-04
Loss = 7.3930e-02, PNorm = 349.1526, GNorm = 0.3855, lr_0 = 4.8006e-04
Loss = 9.3468e-02, PNorm = 349.1777, GNorm = 0.6421, lr_0 = 4.7994e-04
Loss = 7.5872e-02, PNorm = 349.2080, GNorm = 0.5083, lr_0 = 4.7981e-04
Loss = 8.5034e-02, PNorm = 349.2396, GNorm = 0.5582, lr_0 = 4.7968e-04
Loss = 9.1046e-02, PNorm = 349.2707, GNorm = 0.4865, lr_0 = 4.7956e-04
Loss = 9.6837e-02, PNorm = 349.3051, GNorm = 0.3342, lr_0 = 4.7943e-04
Loss = 8.0312e-02, PNorm = 349.3389, GNorm = 0.4202, lr_0 = 4.7930e-04
Loss = 7.7330e-02, PNorm = 349.3730, GNorm = 0.4424, lr_0 = 4.7918e-04
Loss = 8.5687e-02, PNorm = 349.4033, GNorm = 0.5262, lr_0 = 4.7905e-04
Loss = 7.9451e-02, PNorm = 349.4316, GNorm = 0.4506, lr_0 = 4.7893e-04
Loss = 8.4223e-02, PNorm = 349.4630, GNorm = 0.8807, lr_0 = 4.7880e-04
Loss = 8.2225e-02, PNorm = 349.4908, GNorm = 0.6082, lr_0 = 4.7867e-04
Loss = 8.3673e-02, PNorm = 349.5186, GNorm = 0.4682, lr_0 = 4.7855e-04
Loss = 7.4836e-02, PNorm = 349.5459, GNorm = 0.3762, lr_0 = 4.7842e-04
Loss = 6.9741e-02, PNorm = 349.5743, GNorm = 0.3605, lr_0 = 4.7830e-04
Loss = 7.5637e-02, PNorm = 349.6051, GNorm = 0.3195, lr_0 = 4.7817e-04
Loss = 7.0677e-02, PNorm = 349.6334, GNorm = 0.5543, lr_0 = 4.7804e-04
Loss = 8.3385e-02, PNorm = 349.6601, GNorm = 0.5775, lr_0 = 4.7792e-04
Loss = 8.5848e-02, PNorm = 349.6897, GNorm = 0.4471, lr_0 = 4.7779e-04
Loss = 7.8616e-02, PNorm = 349.7215, GNorm = 0.4674, lr_0 = 4.7767e-04
Loss = 8.6244e-02, PNorm = 349.7543, GNorm = 0.8600, lr_0 = 4.7754e-04
Loss = 7.4404e-02, PNorm = 349.7880, GNorm = 0.5922, lr_0 = 4.7742e-04
Loss = 7.9170e-02, PNorm = 349.8229, GNorm = 0.4047, lr_0 = 4.7729e-04
Loss = 7.7941e-02, PNorm = 349.8546, GNorm = 0.4449, lr_0 = 4.7716e-04
Loss = 8.0568e-02, PNorm = 349.8822, GNorm = 0.5815, lr_0 = 4.7704e-04
Loss = 7.3978e-02, PNorm = 349.9075, GNorm = 0.5757, lr_0 = 4.7691e-04
Loss = 9.3651e-02, PNorm = 349.9350, GNorm = 0.6097, lr_0 = 4.7679e-04
Loss = 9.0330e-02, PNorm = 349.9636, GNorm = 0.6083, lr_0 = 4.7666e-04
Loss = 8.0997e-02, PNorm = 349.9952, GNorm = 0.7504, lr_0 = 4.7654e-04
Loss = 7.8271e-02, PNorm = 350.0264, GNorm = 0.4336, lr_0 = 4.7641e-04
Loss = 8.6472e-02, PNorm = 350.0550, GNorm = 0.3863, lr_0 = 4.7629e-04
Loss = 6.2827e-02, PNorm = 350.0826, GNorm = 0.3843, lr_0 = 4.7616e-04
Loss = 7.3403e-02, PNorm = 350.1112, GNorm = 0.4437, lr_0 = 4.7604e-04
Loss = 8.5523e-02, PNorm = 350.1399, GNorm = 0.4733, lr_0 = 4.7591e-04
Loss = 7.0756e-02, PNorm = 350.1668, GNorm = 0.5543, lr_0 = 4.7579e-04
Loss = 6.5807e-02, PNorm = 350.1973, GNorm = 0.4516, lr_0 = 4.7566e-04
Loss = 7.9901e-02, PNorm = 350.2248, GNorm = 0.3523, lr_0 = 4.7554e-04
Loss = 8.9515e-02, PNorm = 350.2513, GNorm = 0.4282, lr_0 = 4.7541e-04
Loss = 1.0730e-01, PNorm = 350.2811, GNorm = 0.7039, lr_0 = 4.7529e-04
Loss = 6.6246e-02, PNorm = 350.3112, GNorm = 0.3718, lr_0 = 4.7516e-04
Loss = 9.3939e-02, PNorm = 350.3391, GNorm = 0.4451, lr_0 = 4.7504e-04
Loss = 8.5580e-02, PNorm = 350.3683, GNorm = 0.4764, lr_0 = 4.7491e-04
Loss = 8.8569e-02, PNorm = 350.3982, GNorm = 0.3439, lr_0 = 4.7479e-04
Loss = 7.8213e-02, PNorm = 350.4292, GNorm = 0.4539, lr_0 = 4.7466e-04
Loss = 8.9205e-02, PNorm = 350.4635, GNorm = 0.6252, lr_0 = 4.7454e-04
Loss = 1.0243e-01, PNorm = 350.4978, GNorm = 0.3501, lr_0 = 4.7441e-04
Loss = 7.3760e-02, PNorm = 350.5315, GNorm = 0.4050, lr_0 = 4.7429e-04
Loss = 1.1677e-01, PNorm = 350.5636, GNorm = 0.4136, lr_0 = 4.7416e-04
Loss = 7.9880e-02, PNorm = 350.5945, GNorm = 0.4802, lr_0 = 4.7404e-04
Loss = 6.6703e-02, PNorm = 350.6232, GNorm = 0.2907, lr_0 = 4.7391e-04
Loss = 6.5758e-02, PNorm = 350.6539, GNorm = 0.4046, lr_0 = 4.7379e-04
Loss = 8.5232e-02, PNorm = 350.6833, GNorm = 0.5843, lr_0 = 4.7366e-04
Loss = 7.7846e-02, PNorm = 350.7133, GNorm = 0.6180, lr_0 = 4.7354e-04
Loss = 6.9923e-02, PNorm = 350.7434, GNorm = 0.4430, lr_0 = 4.7341e-04
Loss = 7.2377e-02, PNorm = 350.7723, GNorm = 0.4398, lr_0 = 4.7329e-04
Loss = 6.5914e-02, PNorm = 350.7994, GNorm = 0.3635, lr_0 = 4.7316e-04
Loss = 7.8139e-02, PNorm = 350.8263, GNorm = 0.5612, lr_0 = 4.7304e-04
Loss = 7.4415e-02, PNorm = 350.8573, GNorm = 0.9633, lr_0 = 4.7292e-04
Loss = 7.0998e-02, PNorm = 350.8899, GNorm = 0.3504, lr_0 = 4.7279e-04
Loss = 8.5311e-02, PNorm = 350.9189, GNorm = 0.6462, lr_0 = 4.7267e-04
Loss = 7.5381e-02, PNorm = 350.9470, GNorm = 0.3814, lr_0 = 4.7254e-04
Loss = 7.7589e-02, PNorm = 350.9744, GNorm = 0.3995, lr_0 = 4.7242e-04
Loss = 9.0327e-02, PNorm = 351.0021, GNorm = 0.4329, lr_0 = 4.7229e-04
Loss = 8.1646e-02, PNorm = 351.0268, GNorm = 0.7204, lr_0 = 4.7217e-04
Loss = 7.1855e-02, PNorm = 351.0548, GNorm = 0.3300, lr_0 = 4.7205e-04
Loss = 7.6715e-02, PNorm = 351.0821, GNorm = 0.5707, lr_0 = 4.7192e-04
Loss = 7.5417e-02, PNorm = 351.1087, GNorm = 0.3490, lr_0 = 4.7180e-04
Loss = 8.9519e-02, PNorm = 351.1361, GNorm = 0.7984, lr_0 = 4.7167e-04
Loss = 8.1911e-02, PNorm = 351.1655, GNorm = 0.5355, lr_0 = 4.7155e-04
Loss = 7.7300e-02, PNorm = 351.1982, GNorm = 0.3985, lr_0 = 4.7142e-04
Loss = 7.6073e-02, PNorm = 351.2281, GNorm = 0.3973, lr_0 = 4.7130e-04
Loss = 8.0098e-02, PNorm = 351.2562, GNorm = 0.5462, lr_0 = 4.7118e-04
Loss = 7.1072e-02, PNorm = 351.2838, GNorm = 0.2916, lr_0 = 4.7105e-04
Validation rmse = 3.556034
Epoch 34
Loss = 7.0899e-02, PNorm = 351.3146, GNorm = 0.3535, lr_0 = 4.7093e-04
Loss = 8.1403e-02, PNorm = 351.3436, GNorm = 0.7810, lr_0 = 4.7080e-04
Loss = 8.8030e-02, PNorm = 351.3738, GNorm = 0.4930, lr_0 = 4.7068e-04
Loss = 6.2859e-02, PNorm = 351.4079, GNorm = 0.4170, lr_0 = 4.7056e-04
Loss = 7.2827e-02, PNorm = 351.4365, GNorm = 0.3641, lr_0 = 4.7043e-04
Loss = 9.5406e-02, PNorm = 351.4699, GNorm = 0.6505, lr_0 = 4.7031e-04
Loss = 7.1618e-02, PNorm = 351.5009, GNorm = 1.1808, lr_0 = 4.7019e-04
Loss = 8.6351e-02, PNorm = 351.5287, GNorm = 0.3832, lr_0 = 4.7006e-04
Loss = 8.7776e-02, PNorm = 351.5623, GNorm = 0.4487, lr_0 = 4.6994e-04
Loss = 5.1200e-02, PNorm = 351.5909, GNorm = 0.3560, lr_0 = 4.6981e-04
Loss = 5.8546e-02, PNorm = 351.6147, GNorm = 0.6747, lr_0 = 4.6969e-04
Loss = 9.7450e-02, PNorm = 351.6370, GNorm = 0.8362, lr_0 = 4.6957e-04
Loss = 7.4713e-02, PNorm = 351.6602, GNorm = 0.4283, lr_0 = 4.6944e-04
Loss = 7.8462e-02, PNorm = 351.6864, GNorm = 0.4355, lr_0 = 4.6932e-04
Loss = 7.2095e-02, PNorm = 351.7148, GNorm = 0.4259, lr_0 = 4.6920e-04
Loss = 6.9376e-02, PNorm = 351.7431, GNorm = 0.3193, lr_0 = 4.6907e-04
Loss = 6.8805e-02, PNorm = 351.7696, GNorm = 0.4013, lr_0 = 4.6895e-04
Loss = 9.2408e-02, PNorm = 351.7963, GNorm = 0.4287, lr_0 = 4.6883e-04
Loss = 6.0743e-02, PNorm = 351.8238, GNorm = 0.2660, lr_0 = 4.6870e-04
Loss = 6.6192e-02, PNorm = 351.8522, GNorm = 0.3899, lr_0 = 4.6858e-04
Loss = 8.2379e-02, PNorm = 351.8791, GNorm = 0.5018, lr_0 = 4.6846e-04
Loss = 6.3115e-02, PNorm = 351.9039, GNorm = 0.7050, lr_0 = 4.6833e-04
Loss = 7.0235e-02, PNorm = 351.9290, GNorm = 0.4157, lr_0 = 4.6821e-04
Loss = 6.6397e-02, PNorm = 351.9559, GNorm = 0.4262, lr_0 = 4.6809e-04
Loss = 7.4456e-02, PNorm = 351.9838, GNorm = 0.5566, lr_0 = 4.6796e-04
Loss = 7.1749e-02, PNorm = 352.0091, GNorm = 0.4233, lr_0 = 4.6784e-04
Loss = 7.4071e-02, PNorm = 352.0386, GNorm = 0.5286, lr_0 = 4.6772e-04
Loss = 7.0399e-02, PNorm = 352.0644, GNorm = 0.4276, lr_0 = 4.6760e-04
Loss = 8.0900e-02, PNorm = 352.0920, GNorm = 0.5614, lr_0 = 4.6747e-04
Loss = 6.6481e-02, PNorm = 352.1208, GNorm = 0.3206, lr_0 = 4.6735e-04
Loss = 6.7345e-02, PNorm = 352.1502, GNorm = 0.3494, lr_0 = 4.6723e-04
Loss = 6.1889e-02, PNorm = 352.1767, GNorm = 0.7739, lr_0 = 4.6710e-04
Loss = 6.9032e-02, PNorm = 352.2008, GNorm = 0.4875, lr_0 = 4.6698e-04
Loss = 8.6641e-02, PNorm = 352.2274, GNorm = 0.8372, lr_0 = 4.6686e-04
Loss = 6.2936e-02, PNorm = 352.2558, GNorm = 0.4722, lr_0 = 4.6673e-04
Loss = 6.6196e-02, PNorm = 352.2823, GNorm = 0.4996, lr_0 = 4.6661e-04
Loss = 7.2845e-02, PNorm = 352.3054, GNorm = 0.3606, lr_0 = 4.6649e-04
Loss = 7.1474e-02, PNorm = 352.3261, GNorm = 0.7762, lr_0 = 4.6637e-04
Loss = 1.0914e-01, PNorm = 352.3514, GNorm = 0.8017, lr_0 = 4.6624e-04
Loss = 7.6197e-02, PNorm = 352.3821, GNorm = 0.3996, lr_0 = 4.6612e-04
Loss = 9.2645e-02, PNorm = 352.4065, GNorm = 0.6138, lr_0 = 4.6600e-04
Loss = 8.9240e-02, PNorm = 352.4342, GNorm = 0.5259, lr_0 = 4.6588e-04
Loss = 9.5801e-02, PNorm = 352.4648, GNorm = 0.5882, lr_0 = 4.6575e-04
Loss = 7.6618e-02, PNorm = 352.4940, GNorm = 0.4009, lr_0 = 4.6563e-04
Loss = 7.7145e-02, PNorm = 352.5222, GNorm = 0.5285, lr_0 = 4.6551e-04
Loss = 7.1230e-02, PNorm = 352.5543, GNorm = 0.3982, lr_0 = 4.6539e-04
Loss = 7.4121e-02, PNorm = 352.5870, GNorm = 0.7299, lr_0 = 4.6526e-04
Loss = 9.2144e-02, PNorm = 352.6161, GNorm = 0.2982, lr_0 = 4.6514e-04
Loss = 8.0460e-02, PNorm = 352.6463, GNorm = 0.3733, lr_0 = 4.6502e-04
Loss = 7.3069e-02, PNorm = 352.6717, GNorm = 0.3052, lr_0 = 4.6490e-04
Loss = 6.2985e-02, PNorm = 352.6953, GNorm = 0.5805, lr_0 = 4.6477e-04
Loss = 7.4389e-02, PNorm = 352.7199, GNorm = 0.5048, lr_0 = 4.6465e-04
Loss = 6.4487e-02, PNorm = 352.7453, GNorm = 0.6925, lr_0 = 4.6453e-04
Loss = 7.1303e-02, PNorm = 352.7691, GNorm = 0.6663, lr_0 = 4.6441e-04
Loss = 1.0515e-01, PNorm = 352.7944, GNorm = 0.6472, lr_0 = 4.6429e-04
Loss = 6.9824e-02, PNorm = 352.8239, GNorm = 0.5074, lr_0 = 4.6416e-04
Loss = 7.0197e-02, PNorm = 352.8517, GNorm = 0.6376, lr_0 = 4.6404e-04
Loss = 7.5602e-02, PNorm = 352.8764, GNorm = 0.5683, lr_0 = 4.6392e-04
Loss = 8.3189e-02, PNorm = 352.9049, GNorm = 0.5018, lr_0 = 4.6380e-04
Loss = 9.1448e-02, PNorm = 352.9299, GNorm = 0.3846, lr_0 = 4.6367e-04
Loss = 7.2585e-02, PNorm = 352.9564, GNorm = 0.4257, lr_0 = 4.6355e-04
Loss = 7.8839e-02, PNorm = 352.9859, GNorm = 0.5838, lr_0 = 4.6343e-04
Loss = 7.3291e-02, PNorm = 353.0180, GNorm = 0.4667, lr_0 = 4.6331e-04
Loss = 7.1917e-02, PNorm = 353.0520, GNorm = 0.3837, lr_0 = 4.6319e-04
Loss = 7.4116e-02, PNorm = 353.0808, GNorm = 0.5958, lr_0 = 4.6307e-04
Loss = 9.4438e-02, PNorm = 353.1111, GNorm = 0.3387, lr_0 = 4.6294e-04
Loss = 7.8276e-02, PNorm = 353.1420, GNorm = 0.5799, lr_0 = 4.6282e-04
Loss = 7.5902e-02, PNorm = 353.1685, GNorm = 0.3724, lr_0 = 4.6270e-04
Loss = 1.1327e-01, PNorm = 353.1966, GNorm = 0.3936, lr_0 = 4.6258e-04
Loss = 1.0341e-01, PNorm = 353.2272, GNorm = 0.3738, lr_0 = 4.6246e-04
Loss = 6.8673e-02, PNorm = 353.2570, GNorm = 0.4693, lr_0 = 4.6233e-04
Loss = 8.4177e-02, PNorm = 353.2844, GNorm = 0.5298, lr_0 = 4.6221e-04
Loss = 8.9039e-02, PNorm = 353.3137, GNorm = 0.4632, lr_0 = 4.6209e-04
Loss = 8.7204e-02, PNorm = 353.3431, GNorm = 0.5564, lr_0 = 4.6197e-04
Loss = 6.4537e-02, PNorm = 353.3704, GNorm = 0.4152, lr_0 = 4.6185e-04
Loss = 7.7135e-02, PNorm = 353.3999, GNorm = 0.5356, lr_0 = 4.6173e-04
Loss = 7.0013e-02, PNorm = 353.4282, GNorm = 0.4188, lr_0 = 4.6161e-04
Loss = 7.5201e-02, PNorm = 353.4547, GNorm = 0.3672, lr_0 = 4.6148e-04
Loss = 7.5366e-02, PNorm = 353.4845, GNorm = 0.4084, lr_0 = 4.6136e-04
Loss = 9.8020e-02, PNorm = 353.5092, GNorm = 0.4911, lr_0 = 4.6124e-04
Loss = 6.7665e-02, PNorm = 353.5325, GNorm = 0.5654, lr_0 = 4.6112e-04
Loss = 6.8681e-02, PNorm = 353.5561, GNorm = 0.3769, lr_0 = 4.6100e-04
Loss = 6.7721e-02, PNorm = 353.5784, GNorm = 0.4082, lr_0 = 4.6088e-04
Loss = 8.3053e-02, PNorm = 353.6036, GNorm = 0.3905, lr_0 = 4.6076e-04
Loss = 1.0387e-01, PNorm = 353.6316, GNorm = 0.9037, lr_0 = 4.6063e-04
Loss = 8.1101e-02, PNorm = 353.6657, GNorm = 0.4489, lr_0 = 4.6051e-04
Loss = 8.9128e-02, PNorm = 353.6991, GNorm = 0.3402, lr_0 = 4.6039e-04
Loss = 8.5105e-02, PNorm = 353.7327, GNorm = 0.3454, lr_0 = 4.6027e-04
Loss = 9.6307e-02, PNorm = 353.7648, GNorm = 0.5880, lr_0 = 4.6015e-04
Validation rmse = 3.537175
Epoch 35
Loss = 7.6043e-02, PNorm = 353.7930, GNorm = 0.5474, lr_0 = 4.6003e-04
Loss = 1.0846e-01, PNorm = 353.8226, GNorm = 0.9703, lr_0 = 4.5991e-04
Loss = 7.3633e-02, PNorm = 353.8553, GNorm = 0.5783, lr_0 = 4.5979e-04
Loss = 8.4632e-02, PNorm = 353.8909, GNorm = 0.5057, lr_0 = 4.5967e-04
Loss = 6.8307e-02, PNorm = 353.9234, GNorm = 0.3834, lr_0 = 4.5955e-04
Loss = 8.4900e-02, PNorm = 353.9515, GNorm = 0.6966, lr_0 = 4.5942e-04
Loss = 7.2211e-02, PNorm = 353.9794, GNorm = 0.3159, lr_0 = 4.5930e-04
Loss = 8.0563e-02, PNorm = 354.0028, GNorm = 0.3289, lr_0 = 4.5918e-04
Loss = 7.8431e-02, PNorm = 354.0273, GNorm = 0.7730, lr_0 = 4.5906e-04
Loss = 7.9922e-02, PNorm = 354.0543, GNorm = 0.6836, lr_0 = 4.5894e-04
Loss = 6.6227e-02, PNorm = 354.0788, GNorm = 0.3279, lr_0 = 4.5882e-04
Loss = 8.0771e-02, PNorm = 354.1076, GNorm = 0.4832, lr_0 = 4.5870e-04
Loss = 6.2978e-02, PNorm = 354.1363, GNorm = 0.3525, lr_0 = 4.5858e-04
Loss = 8.7496e-02, PNorm = 354.1646, GNorm = 0.4432, lr_0 = 4.5846e-04
Loss = 7.6310e-02, PNorm = 354.1889, GNorm = 0.3845, lr_0 = 4.5834e-04
Loss = 7.4007e-02, PNorm = 354.2115, GNorm = 0.5113, lr_0 = 4.5822e-04
Loss = 7.0565e-02, PNorm = 354.2333, GNorm = 0.3816, lr_0 = 4.5810e-04
Loss = 7.7799e-02, PNorm = 354.2554, GNorm = 0.7346, lr_0 = 4.5798e-04
Loss = 7.9431e-02, PNorm = 354.2833, GNorm = 0.5030, lr_0 = 4.5786e-04
Loss = 6.3658e-02, PNorm = 354.3102, GNorm = 0.5656, lr_0 = 4.5774e-04
Loss = 6.7786e-02, PNorm = 354.3360, GNorm = 0.4454, lr_0 = 4.5761e-04
Loss = 8.0850e-02, PNorm = 354.3639, GNorm = 0.5009, lr_0 = 4.5749e-04
Loss = 7.2403e-02, PNorm = 354.3931, GNorm = 0.3641, lr_0 = 4.5737e-04
Loss = 7.6663e-02, PNorm = 354.4217, GNorm = 0.2891, lr_0 = 4.5725e-04
Loss = 6.1197e-02, PNorm = 354.4487, GNorm = 0.4478, lr_0 = 4.5713e-04
Loss = 7.5558e-02, PNorm = 354.4712, GNorm = 0.5572, lr_0 = 4.5701e-04
Loss = 7.2058e-02, PNorm = 354.4985, GNorm = 0.2711, lr_0 = 4.5689e-04
Loss = 7.4058e-02, PNorm = 354.5210, GNorm = 0.4099, lr_0 = 4.5677e-04
Loss = 7.8548e-02, PNorm = 354.5484, GNorm = 0.5393, lr_0 = 4.5665e-04
Loss = 8.3637e-02, PNorm = 354.5760, GNorm = 0.8460, lr_0 = 4.5653e-04
Loss = 7.0334e-02, PNorm = 354.6048, GNorm = 0.5638, lr_0 = 4.5641e-04
Loss = 8.6972e-02, PNorm = 354.6329, GNorm = 0.6623, lr_0 = 4.5629e-04
Loss = 8.6789e-02, PNorm = 354.6610, GNorm = 0.4212, lr_0 = 4.5617e-04
Loss = 6.5713e-02, PNorm = 354.6892, GNorm = 0.3591, lr_0 = 4.5605e-04
Loss = 8.4569e-02, PNorm = 354.7164, GNorm = 0.4325, lr_0 = 4.5593e-04
Loss = 6.0445e-02, PNorm = 354.7421, GNorm = 0.3906, lr_0 = 4.5581e-04
Loss = 8.2929e-02, PNorm = 354.7649, GNorm = 0.7403, lr_0 = 4.5569e-04
Loss = 7.3109e-02, PNorm = 354.7881, GNorm = 0.3171, lr_0 = 4.5557e-04
Loss = 9.6742e-02, PNorm = 354.8121, GNorm = 0.6075, lr_0 = 4.5545e-04
Loss = 6.4657e-02, PNorm = 354.8385, GNorm = 0.4603, lr_0 = 4.5533e-04
Loss = 6.6627e-02, PNorm = 354.8627, GNorm = 0.4450, lr_0 = 4.5521e-04
Loss = 7.4756e-02, PNorm = 354.8865, GNorm = 0.5607, lr_0 = 4.5509e-04
Loss = 7.0160e-02, PNorm = 354.9123, GNorm = 0.6071, lr_0 = 4.5497e-04
Loss = 7.1650e-02, PNorm = 354.9362, GNorm = 0.4294, lr_0 = 4.5485e-04
Loss = 6.2334e-02, PNorm = 354.9590, GNorm = 0.4125, lr_0 = 4.5473e-04
Loss = 6.9241e-02, PNorm = 354.9824, GNorm = 0.3887, lr_0 = 4.5461e-04
Loss = 7.5994e-02, PNorm = 355.0058, GNorm = 0.2573, lr_0 = 4.5449e-04
Loss = 7.8049e-02, PNorm = 355.0289, GNorm = 0.3654, lr_0 = 4.5438e-04
Loss = 7.1809e-02, PNorm = 355.0544, GNorm = 0.4982, lr_0 = 4.5426e-04
Loss = 6.6157e-02, PNorm = 355.0844, GNorm = 0.3305, lr_0 = 4.5414e-04
Loss = 7.7713e-02, PNorm = 355.1143, GNorm = 0.2975, lr_0 = 4.5402e-04
Loss = 7.7343e-02, PNorm = 355.1457, GNorm = 0.3313, lr_0 = 4.5390e-04
Loss = 8.5480e-02, PNorm = 355.1773, GNorm = 0.8177, lr_0 = 4.5378e-04
Loss = 7.3795e-02, PNorm = 355.2062, GNorm = 0.4703, lr_0 = 4.5366e-04
Loss = 7.7916e-02, PNorm = 355.2308, GNorm = 0.4379, lr_0 = 4.5354e-04
Loss = 7.7205e-02, PNorm = 355.2586, GNorm = 0.4219, lr_0 = 4.5342e-04
Loss = 6.3083e-02, PNorm = 355.2850, GNorm = 0.5862, lr_0 = 4.5330e-04
Loss = 5.9457e-02, PNorm = 355.3083, GNorm = 0.4217, lr_0 = 4.5318e-04
Loss = 8.7290e-02, PNorm = 355.3342, GNorm = 0.4321, lr_0 = 4.5306e-04
Loss = 7.8082e-02, PNorm = 355.3596, GNorm = 0.5454, lr_0 = 4.5294e-04
Loss = 6.6341e-02, PNorm = 355.3848, GNorm = 0.4684, lr_0 = 4.5282e-04
Loss = 7.2722e-02, PNorm = 355.4087, GNorm = 1.2750, lr_0 = 4.5270e-04
Loss = 7.7771e-02, PNorm = 355.4384, GNorm = 0.4233, lr_0 = 4.5259e-04
Loss = 7.4586e-02, PNorm = 355.4643, GNorm = 0.9486, lr_0 = 4.5247e-04
Loss = 7.8311e-02, PNorm = 355.4918, GNorm = 0.2960, lr_0 = 4.5235e-04
Loss = 8.0249e-02, PNorm = 355.5177, GNorm = 0.5160, lr_0 = 4.5223e-04
Loss = 6.7106e-02, PNorm = 355.5447, GNorm = 0.5383, lr_0 = 4.5211e-04
Loss = 7.4306e-02, PNorm = 355.5710, GNorm = 0.4201, lr_0 = 4.5199e-04
Loss = 7.7110e-02, PNorm = 355.5949, GNorm = 0.4734, lr_0 = 4.5187e-04
Loss = 6.5013e-02, PNorm = 355.6169, GNorm = 0.4814, lr_0 = 4.5175e-04
Loss = 6.8982e-02, PNorm = 355.6367, GNorm = 0.4615, lr_0 = 4.5163e-04
Loss = 7.7495e-02, PNorm = 355.6569, GNorm = 0.3629, lr_0 = 4.5152e-04
Loss = 7.4934e-02, PNorm = 355.6764, GNorm = 0.3503, lr_0 = 4.5140e-04
Loss = 1.0014e-01, PNorm = 355.7022, GNorm = 0.8321, lr_0 = 4.5128e-04
Loss = 8.5320e-02, PNorm = 355.7322, GNorm = 0.5054, lr_0 = 4.5116e-04
Loss = 6.3924e-02, PNorm = 355.7617, GNorm = 0.5224, lr_0 = 4.5104e-04
Loss = 6.9290e-02, PNorm = 355.7865, GNorm = 0.8881, lr_0 = 4.5092e-04
Loss = 6.8986e-02, PNorm = 355.8118, GNorm = 0.7940, lr_0 = 4.5080e-04
Loss = 8.3262e-02, PNorm = 355.8379, GNorm = 0.4670, lr_0 = 4.5068e-04
Loss = 7.8504e-02, PNorm = 355.8641, GNorm = 0.2981, lr_0 = 4.5057e-04
Loss = 7.2754e-02, PNorm = 355.8887, GNorm = 0.5093, lr_0 = 4.5045e-04
Loss = 7.3695e-02, PNorm = 355.9125, GNorm = 0.6190, lr_0 = 4.5033e-04
Loss = 8.3952e-02, PNorm = 355.9408, GNorm = 0.6222, lr_0 = 4.5021e-04
Loss = 7.8456e-02, PNorm = 355.9684, GNorm = 0.5430, lr_0 = 4.5009e-04
Loss = 7.6060e-02, PNorm = 355.9906, GNorm = 0.3542, lr_0 = 4.4997e-04
Loss = 8.9237e-02, PNorm = 356.0147, GNorm = 0.5571, lr_0 = 4.4986e-04
Loss = 7.4679e-02, PNorm = 356.0399, GNorm = 0.5725, lr_0 = 4.4974e-04
Loss = 7.9488e-02, PNorm = 356.0629, GNorm = 0.5823, lr_0 = 4.4962e-04
Loss = 7.3492e-02, PNorm = 356.0892, GNorm = 0.7127, lr_0 = 4.4950e-04
Validation rmse = 3.524429
Epoch 36
Loss = 1.6193e-01, PNorm = 356.1185, GNorm = 0.3588, lr_0 = 4.4938e-04
Loss = 6.8157e-02, PNorm = 356.1452, GNorm = 0.3374, lr_0 = 4.4926e-04
Loss = 7.1283e-02, PNorm = 356.1723, GNorm = 0.3471, lr_0 = 4.4915e-04
Loss = 6.1328e-02, PNorm = 356.1951, GNorm = 0.3094, lr_0 = 4.4903e-04
Loss = 6.1927e-02, PNorm = 356.2164, GNorm = 0.4348, lr_0 = 4.4891e-04
Loss = 8.3584e-02, PNorm = 356.2344, GNorm = 0.7414, lr_0 = 4.4879e-04
Loss = 6.4421e-02, PNorm = 356.2565, GNorm = 0.3612, lr_0 = 4.4867e-04
Loss = 8.0551e-02, PNorm = 356.2801, GNorm = 0.3578, lr_0 = 4.4856e-04
Loss = 7.1355e-02, PNorm = 356.3050, GNorm = 0.9471, lr_0 = 4.4844e-04
Loss = 8.2303e-02, PNorm = 356.3325, GNorm = 0.3467, lr_0 = 4.4832e-04
Loss = 6.1488e-02, PNorm = 356.3582, GNorm = 0.4947, lr_0 = 4.4820e-04
Loss = 6.4382e-02, PNorm = 356.3843, GNorm = 0.3737, lr_0 = 4.4808e-04
Loss = 6.8417e-02, PNorm = 356.4096, GNorm = 0.7267, lr_0 = 4.4797e-04
Loss = 6.4361e-02, PNorm = 356.4339, GNorm = 0.3199, lr_0 = 4.4785e-04
Loss = 6.2581e-02, PNorm = 356.4566, GNorm = 0.4043, lr_0 = 4.4773e-04
Loss = 8.4081e-02, PNorm = 356.4804, GNorm = 0.6791, lr_0 = 4.4761e-04
Loss = 7.2370e-02, PNorm = 356.5038, GNorm = 0.3745, lr_0 = 4.4749e-04
Loss = 8.0271e-02, PNorm = 356.5298, GNorm = 0.8368, lr_0 = 4.4738e-04
Loss = 7.5908e-02, PNorm = 356.5546, GNorm = 0.6965, lr_0 = 4.4726e-04
Loss = 8.2708e-02, PNorm = 356.5815, GNorm = 0.4526, lr_0 = 4.4714e-04
Loss = 6.8972e-02, PNorm = 356.6104, GNorm = 0.7961, lr_0 = 4.4702e-04
Loss = 6.0849e-02, PNorm = 356.6379, GNorm = 0.5488, lr_0 = 4.4691e-04
Loss = 6.7174e-02, PNorm = 356.6614, GNorm = 0.3964, lr_0 = 4.4679e-04
Loss = 7.1328e-02, PNorm = 356.6839, GNorm = 0.9632, lr_0 = 4.4667e-04
Loss = 7.2497e-02, PNorm = 356.7089, GNorm = 0.6248, lr_0 = 4.4655e-04
Loss = 7.6692e-02, PNorm = 356.7314, GNorm = 0.5665, lr_0 = 4.4644e-04
Loss = 7.5462e-02, PNorm = 356.7537, GNorm = 0.4307, lr_0 = 4.4632e-04
Loss = 6.5872e-02, PNorm = 356.7765, GNorm = 0.5965, lr_0 = 4.4620e-04
Loss = 7.5471e-02, PNorm = 356.8001, GNorm = 0.2890, lr_0 = 4.4608e-04
Loss = 7.6327e-02, PNorm = 356.8237, GNorm = 0.4769, lr_0 = 4.4597e-04
Loss = 5.6087e-02, PNorm = 356.8465, GNorm = 0.2716, lr_0 = 4.4585e-04
Loss = 7.6945e-02, PNorm = 356.8708, GNorm = 0.6157, lr_0 = 4.4573e-04
Loss = 9.4920e-02, PNorm = 356.8977, GNorm = 0.7770, lr_0 = 4.4561e-04
Loss = 6.8624e-02, PNorm = 356.9257, GNorm = 0.4935, lr_0 = 4.4550e-04
Loss = 8.9627e-02, PNorm = 356.9514, GNorm = 0.4519, lr_0 = 4.4538e-04
Loss = 5.8646e-02, PNorm = 356.9764, GNorm = 0.4033, lr_0 = 4.4526e-04
Loss = 7.4755e-02, PNorm = 357.0007, GNorm = 0.3537, lr_0 = 4.4515e-04
Loss = 6.2222e-02, PNorm = 357.0261, GNorm = 0.3729, lr_0 = 4.4503e-04
Loss = 9.3155e-02, PNorm = 357.0497, GNorm = 0.4640, lr_0 = 4.4491e-04
Loss = 8.7333e-02, PNorm = 357.0776, GNorm = 0.3335, lr_0 = 4.4479e-04
Loss = 8.2015e-02, PNorm = 357.1065, GNorm = 0.6415, lr_0 = 4.4468e-04
Loss = 7.5897e-02, PNorm = 357.1345, GNorm = 0.5977, lr_0 = 4.4456e-04
Loss = 6.6660e-02, PNorm = 357.1595, GNorm = 0.4952, lr_0 = 4.4444e-04
Loss = 7.7265e-02, PNorm = 357.1856, GNorm = 0.4688, lr_0 = 4.4433e-04
Loss = 7.8379e-02, PNorm = 357.2140, GNorm = 0.3641, lr_0 = 4.4421e-04
Loss = 6.7002e-02, PNorm = 357.2413, GNorm = 0.3692, lr_0 = 4.4409e-04
Loss = 7.2713e-02, PNorm = 357.2661, GNorm = 0.6199, lr_0 = 4.4398e-04
Loss = 1.0054e-01, PNorm = 357.2920, GNorm = 0.9190, lr_0 = 4.4386e-04
Loss = 6.1571e-02, PNorm = 357.3182, GNorm = 0.3457, lr_0 = 4.4374e-04
Loss = 6.0828e-02, PNorm = 357.3423, GNorm = 0.4204, lr_0 = 4.4363e-04
Loss = 6.7596e-02, PNorm = 357.3659, GNorm = 0.4288, lr_0 = 4.4351e-04
Loss = 7.4539e-02, PNorm = 357.3896, GNorm = 0.4731, lr_0 = 4.4339e-04
Loss = 8.0503e-02, PNorm = 357.4121, GNorm = 0.5066, lr_0 = 4.4328e-04
Loss = 7.4681e-02, PNorm = 357.4374, GNorm = 0.8833, lr_0 = 4.4316e-04
Loss = 7.0780e-02, PNorm = 357.4654, GNorm = 0.4933, lr_0 = 4.4304e-04
Loss = 6.0517e-02, PNorm = 357.4913, GNorm = 0.6007, lr_0 = 4.4293e-04
Loss = 9.3210e-02, PNorm = 357.5162, GNorm = 0.4958, lr_0 = 4.4281e-04
Loss = 8.0208e-02, PNorm = 357.5415, GNorm = 0.6834, lr_0 = 4.4269e-04
Loss = 5.9363e-02, PNorm = 357.5664, GNorm = 0.6600, lr_0 = 4.4258e-04
Loss = 7.2035e-02, PNorm = 357.5910, GNorm = 0.5306, lr_0 = 4.4246e-04
Loss = 7.9007e-02, PNorm = 357.6169, GNorm = 0.4238, lr_0 = 4.4234e-04
Loss = 6.8333e-02, PNorm = 357.6425, GNorm = 0.4200, lr_0 = 4.4223e-04
Loss = 7.2446e-02, PNorm = 357.6665, GNorm = 0.5549, lr_0 = 4.4211e-04
Loss = 8.8657e-02, PNorm = 357.6918, GNorm = 0.3577, lr_0 = 4.4199e-04
Loss = 8.4510e-02, PNorm = 357.7166, GNorm = 0.6425, lr_0 = 4.4188e-04
Loss = 6.2579e-02, PNorm = 357.7450, GNorm = 0.2838, lr_0 = 4.4176e-04
Loss = 7.4478e-02, PNorm = 357.7711, GNorm = 0.4984, lr_0 = 4.4165e-04
Loss = 6.1475e-02, PNorm = 357.7947, GNorm = 0.7092, lr_0 = 4.4153e-04
Loss = 6.3197e-02, PNorm = 357.8188, GNorm = 0.8169, lr_0 = 4.4141e-04
Loss = 5.8637e-02, PNorm = 357.8421, GNorm = 0.3465, lr_0 = 4.4130e-04
Loss = 7.0422e-02, PNorm = 357.8641, GNorm = 0.2908, lr_0 = 4.4118e-04
Loss = 6.3144e-02, PNorm = 357.8871, GNorm = 0.4826, lr_0 = 4.4106e-04
Loss = 5.2602e-02, PNorm = 357.9119, GNorm = 0.3591, lr_0 = 4.4095e-04
Loss = 9.0707e-02, PNorm = 357.9355, GNorm = 0.2868, lr_0 = 4.4083e-04
Loss = 7.7031e-02, PNorm = 357.9596, GNorm = 0.5128, lr_0 = 4.4072e-04
Loss = 9.4708e-02, PNorm = 357.9833, GNorm = 0.8356, lr_0 = 4.4060e-04
Loss = 8.3877e-02, PNorm = 358.0092, GNorm = 0.4527, lr_0 = 4.4049e-04
Loss = 8.4041e-02, PNorm = 358.0355, GNorm = 0.3521, lr_0 = 4.4037e-04
Loss = 7.2071e-02, PNorm = 358.0660, GNorm = 0.5668, lr_0 = 4.4025e-04
Loss = 7.3958e-02, PNorm = 358.0925, GNorm = 0.6505, lr_0 = 4.4014e-04
Loss = 7.3562e-02, PNorm = 358.1166, GNorm = 0.5024, lr_0 = 4.4002e-04
Loss = 9.5849e-02, PNorm = 358.1434, GNorm = 0.6487, lr_0 = 4.3991e-04
Loss = 7.3955e-02, PNorm = 358.1719, GNorm = 0.3491, lr_0 = 4.3979e-04
Loss = 8.1325e-02, PNorm = 358.2007, GNorm = 0.4013, lr_0 = 4.3967e-04
Loss = 7.2365e-02, PNorm = 358.2300, GNorm = 0.3559, lr_0 = 4.3956e-04
Loss = 1.0641e-01, PNorm = 358.2588, GNorm = 0.4182, lr_0 = 4.3944e-04
Loss = 8.8990e-02, PNorm = 358.2900, GNorm = 0.7517, lr_0 = 4.3933e-04
Loss = 9.1564e-02, PNorm = 358.3238, GNorm = 0.3616, lr_0 = 4.3921e-04
Loss = 6.6808e-02, PNorm = 358.3542, GNorm = 0.4897, lr_0 = 4.3910e-04
Loss = 7.7725e-02, PNorm = 358.3774, GNorm = 0.4999, lr_0 = 4.3898e-04
Validation rmse = 3.527848
Epoch 37
Loss = 7.1798e-02, PNorm = 358.4020, GNorm = 0.3612, lr_0 = 4.3887e-04
Loss = 6.1183e-02, PNorm = 358.4253, GNorm = 0.7773, lr_0 = 4.3875e-04
Loss = 6.2415e-02, PNorm = 358.4473, GNorm = 0.5005, lr_0 = 4.3863e-04
Loss = 7.1158e-02, PNorm = 358.4706, GNorm = 0.4588, lr_0 = 4.3852e-04
Loss = 6.7994e-02, PNorm = 358.4957, GNorm = 0.4541, lr_0 = 4.3840e-04
Loss = 5.8435e-02, PNorm = 358.5209, GNorm = 0.7750, lr_0 = 4.3829e-04
Loss = 7.4275e-02, PNorm = 358.5462, GNorm = 1.0846, lr_0 = 4.3817e-04
Loss = 7.0442e-02, PNorm = 358.5707, GNorm = 0.5665, lr_0 = 4.3806e-04
Loss = 7.3037e-02, PNorm = 358.5938, GNorm = 0.3800, lr_0 = 4.3794e-04
Loss = 5.9576e-02, PNorm = 358.6172, GNorm = 0.4468, lr_0 = 4.3783e-04
Loss = 5.4877e-02, PNorm = 358.6401, GNorm = 0.4197, lr_0 = 4.3771e-04
Loss = 7.5517e-02, PNorm = 358.6617, GNorm = 0.3654, lr_0 = 4.3760e-04
Loss = 8.9582e-02, PNorm = 358.6829, GNorm = 0.3715, lr_0 = 4.3748e-04
Loss = 6.2563e-02, PNorm = 358.7030, GNorm = 0.4630, lr_0 = 4.3737e-04
Loss = 9.0479e-02, PNorm = 358.7287, GNorm = 0.5985, lr_0 = 4.3725e-04
Loss = 5.9854e-02, PNorm = 358.7595, GNorm = 0.4125, lr_0 = 4.3714e-04
Loss = 7.4978e-02, PNorm = 358.7857, GNorm = 1.0831, lr_0 = 4.3702e-04
Loss = 7.0006e-02, PNorm = 358.8114, GNorm = 0.3683, lr_0 = 4.3691e-04
Loss = 8.1111e-02, PNorm = 358.8347, GNorm = 0.9715, lr_0 = 4.3679e-04
Loss = 9.2391e-02, PNorm = 358.8598, GNorm = 0.4530, lr_0 = 4.3668e-04
Loss = 5.9707e-02, PNorm = 358.8855, GNorm = 0.2998, lr_0 = 4.3656e-04
Loss = 7.4544e-02, PNorm = 358.9080, GNorm = 0.3438, lr_0 = 4.3645e-04
Loss = 8.5700e-02, PNorm = 358.9288, GNorm = 0.6216, lr_0 = 4.3633e-04
Loss = 6.5797e-02, PNorm = 358.9517, GNorm = 0.4579, lr_0 = 4.3622e-04
Loss = 7.2498e-02, PNorm = 358.9728, GNorm = 0.9852, lr_0 = 4.3610e-04
Loss = 6.9650e-02, PNorm = 358.9923, GNorm = 0.4278, lr_0 = 4.3599e-04
Loss = 7.6182e-02, PNorm = 359.0159, GNorm = 0.5352, lr_0 = 4.3587e-04
Loss = 7.2685e-02, PNorm = 359.0408, GNorm = 0.4616, lr_0 = 4.3576e-04
Loss = 7.5462e-02, PNorm = 359.0651, GNorm = 0.4069, lr_0 = 4.3564e-04
Loss = 6.8549e-02, PNorm = 359.0909, GNorm = 0.3733, lr_0 = 4.3553e-04
Loss = 7.9025e-02, PNorm = 359.1160, GNorm = 0.3140, lr_0 = 4.3542e-04
Loss = 7.4998e-02, PNorm = 359.1386, GNorm = 0.3923, lr_0 = 4.3530e-04
Loss = 7.3845e-02, PNorm = 359.1624, GNorm = 0.9608, lr_0 = 4.3519e-04
Loss = 7.2779e-02, PNorm = 359.1880, GNorm = 0.4556, lr_0 = 4.3507e-04
Loss = 7.3487e-02, PNorm = 359.2137, GNorm = 1.0757, lr_0 = 4.3496e-04
Loss = 7.6164e-02, PNorm = 359.2420, GNorm = 0.3820, lr_0 = 4.3484e-04
Loss = 7.1493e-02, PNorm = 359.2681, GNorm = 0.6213, lr_0 = 4.3473e-04
Loss = 8.9263e-02, PNorm = 359.2969, GNorm = 0.4274, lr_0 = 4.3461e-04
Loss = 7.1082e-02, PNorm = 359.3238, GNorm = 0.3927, lr_0 = 4.3450e-04
Loss = 6.1634e-02, PNorm = 359.3491, GNorm = 0.4459, lr_0 = 4.3439e-04
Loss = 7.8724e-02, PNorm = 359.3736, GNorm = 0.4580, lr_0 = 4.3427e-04
Loss = 9.0369e-02, PNorm = 359.3996, GNorm = 0.4458, lr_0 = 4.3416e-04
Loss = 7.9752e-02, PNorm = 359.4303, GNorm = 0.5459, lr_0 = 4.3404e-04
Loss = 9.3047e-02, PNorm = 359.4582, GNorm = 0.4280, lr_0 = 4.3393e-04
Loss = 6.1180e-02, PNorm = 359.4856, GNorm = 0.3299, lr_0 = 4.3381e-04
Loss = 7.4741e-02, PNorm = 359.5109, GNorm = 0.7268, lr_0 = 4.3370e-04
Loss = 7.4888e-02, PNorm = 359.5389, GNorm = 0.3193, lr_0 = 4.3359e-04
Loss = 6.6652e-02, PNorm = 359.5644, GNorm = 0.4470, lr_0 = 4.3347e-04
Loss = 7.8925e-02, PNorm = 359.5850, GNorm = 0.4332, lr_0 = 4.3336e-04
Loss = 7.5393e-02, PNorm = 359.6085, GNorm = 0.4039, lr_0 = 4.3324e-04
Loss = 9.0108e-02, PNorm = 359.6331, GNorm = 1.0586, lr_0 = 4.3313e-04
Loss = 7.0056e-02, PNorm = 359.6560, GNorm = 0.4409, lr_0 = 4.3302e-04
Loss = 5.6124e-02, PNorm = 359.6805, GNorm = 0.3558, lr_0 = 4.3290e-04
Loss = 6.9121e-02, PNorm = 359.7026, GNorm = 0.7924, lr_0 = 4.3279e-04
Loss = 7.8426e-02, PNorm = 359.7248, GNorm = 0.4331, lr_0 = 4.3267e-04
Loss = 7.4916e-02, PNorm = 359.7490, GNorm = 0.4327, lr_0 = 4.3256e-04
Loss = 7.2546e-02, PNorm = 359.7750, GNorm = 0.3910, lr_0 = 4.3245e-04
Loss = 6.7932e-02, PNorm = 359.7985, GNorm = 0.3571, lr_0 = 4.3233e-04
Loss = 6.7728e-02, PNorm = 359.8178, GNorm = 0.4459, lr_0 = 4.3222e-04
Loss = 6.9499e-02, PNorm = 359.8403, GNorm = 0.5969, lr_0 = 4.3211e-04
Loss = 6.9033e-02, PNorm = 359.8648, GNorm = 0.5887, lr_0 = 4.3199e-04
Loss = 7.1342e-02, PNorm = 359.8839, GNorm = 0.5465, lr_0 = 4.3188e-04
Loss = 6.0472e-02, PNorm = 359.9071, GNorm = 0.2607, lr_0 = 4.3176e-04
Loss = 9.3039e-02, PNorm = 359.9337, GNorm = 0.3574, lr_0 = 4.3165e-04
Loss = 6.4746e-02, PNorm = 359.9600, GNorm = 0.4034, lr_0 = 4.3154e-04
Loss = 6.2350e-02, PNorm = 359.9801, GNorm = 0.6491, lr_0 = 4.3142e-04
Loss = 6.3641e-02, PNorm = 359.9992, GNorm = 0.3019, lr_0 = 4.3131e-04
Loss = 7.2180e-02, PNorm = 360.0204, GNorm = 0.4353, lr_0 = 4.3120e-04
Loss = 7.6460e-02, PNorm = 360.0419, GNorm = 0.4823, lr_0 = 4.3108e-04
Loss = 5.8430e-02, PNorm = 360.0621, GNorm = 0.4384, lr_0 = 4.3097e-04
Loss = 6.2203e-02, PNorm = 360.0816, GNorm = 0.4360, lr_0 = 4.3086e-04
Loss = 8.2804e-02, PNorm = 360.1022, GNorm = 0.4376, lr_0 = 4.3074e-04
Loss = 6.3534e-02, PNorm = 360.1253, GNorm = 0.3674, lr_0 = 4.3063e-04
Loss = 9.8892e-02, PNorm = 360.1489, GNorm = 0.9357, lr_0 = 4.3052e-04
Loss = 7.1111e-02, PNorm = 360.1778, GNorm = 0.3742, lr_0 = 4.3040e-04
Loss = 6.4755e-02, PNorm = 360.2054, GNorm = 0.3082, lr_0 = 4.3029e-04
Loss = 9.8839e-02, PNorm = 360.2306, GNorm = 0.4451, lr_0 = 4.3018e-04
Loss = 6.5814e-02, PNorm = 360.2552, GNorm = 0.3933, lr_0 = 4.3006e-04
Loss = 6.6657e-02, PNorm = 360.2765, GNorm = 0.5575, lr_0 = 4.2995e-04
Loss = 7.4730e-02, PNorm = 360.2988, GNorm = 0.4766, lr_0 = 4.2984e-04
Loss = 6.4647e-02, PNorm = 360.3189, GNorm = 0.2990, lr_0 = 4.2972e-04
Loss = 8.9220e-02, PNorm = 360.3427, GNorm = 0.4098, lr_0 = 4.2961e-04
Loss = 6.8437e-02, PNorm = 360.3643, GNorm = 0.4629, lr_0 = 4.2950e-04
Loss = 6.7270e-02, PNorm = 360.3874, GNorm = 0.3930, lr_0 = 4.2939e-04
Loss = 6.4820e-02, PNorm = 360.4137, GNorm = 0.3885, lr_0 = 4.2927e-04
Loss = 6.4344e-02, PNorm = 360.4361, GNorm = 0.3362, lr_0 = 4.2916e-04
Loss = 5.4079e-02, PNorm = 360.4574, GNorm = 0.3950, lr_0 = 4.2905e-04
Loss = 6.6273e-02, PNorm = 360.4768, GNorm = 0.6260, lr_0 = 4.2893e-04
Loss = 7.6714e-02, PNorm = 360.4993, GNorm = 0.3157, lr_0 = 4.2882e-04
Validation rmse = 3.474351
Epoch 38
Loss = 7.5467e-02, PNorm = 360.5257, GNorm = 0.7118, lr_0 = 4.2870e-04
Loss = 6.4080e-02, PNorm = 360.5480, GNorm = 0.3534, lr_0 = 4.2858e-04
Loss = 9.9685e-02, PNorm = 360.5702, GNorm = 0.5375, lr_0 = 4.2847e-04
Loss = 6.8645e-02, PNorm = 360.5935, GNorm = 0.5692, lr_0 = 4.2836e-04
Loss = 5.9638e-02, PNorm = 360.6176, GNorm = 0.4266, lr_0 = 4.2825e-04
Loss = 6.7338e-02, PNorm = 360.6412, GNorm = 0.4983, lr_0 = 4.2813e-04
Loss = 5.7154e-02, PNorm = 360.6639, GNorm = 0.3195, lr_0 = 4.2802e-04
Loss = 5.1566e-02, PNorm = 360.6870, GNorm = 0.4623, lr_0 = 4.2791e-04
Loss = 7.2837e-02, PNorm = 360.7083, GNorm = 0.5543, lr_0 = 4.2780e-04
Loss = 5.9312e-02, PNorm = 360.7307, GNorm = 0.3643, lr_0 = 4.2768e-04
Loss = 7.1765e-02, PNorm = 360.7534, GNorm = 0.2861, lr_0 = 4.2757e-04
Loss = 5.8800e-02, PNorm = 360.7742, GNorm = 0.4833, lr_0 = 4.2746e-04
Loss = 8.2274e-02, PNorm = 360.7963, GNorm = 0.5110, lr_0 = 4.2735e-04
Loss = 6.6656e-02, PNorm = 360.8194, GNorm = 0.3796, lr_0 = 4.2723e-04
Loss = 7.7461e-02, PNorm = 360.8439, GNorm = 0.3866, lr_0 = 4.2712e-04
Loss = 6.2427e-02, PNorm = 360.8685, GNorm = 0.2966, lr_0 = 4.2701e-04
Loss = 5.5251e-02, PNorm = 360.8903, GNorm = 0.5493, lr_0 = 4.2690e-04
Loss = 6.0429e-02, PNorm = 360.9071, GNorm = 0.2859, lr_0 = 4.2678e-04
Loss = 7.0235e-02, PNorm = 360.9289, GNorm = 0.3228, lr_0 = 4.2667e-04
Loss = 8.5245e-02, PNorm = 360.9505, GNorm = 0.4033, lr_0 = 4.2656e-04
Loss = 7.7929e-02, PNorm = 360.9745, GNorm = 0.5489, lr_0 = 4.2645e-04
Loss = 1.0225e-01, PNorm = 360.9998, GNorm = 0.5316, lr_0 = 4.2633e-04
Loss = 7.3168e-02, PNorm = 361.0272, GNorm = 0.7772, lr_0 = 4.2622e-04
Loss = 6.0279e-02, PNorm = 361.0531, GNorm = 0.3226, lr_0 = 4.2611e-04
Loss = 6.5793e-02, PNorm = 361.0742, GNorm = 0.5942, lr_0 = 4.2600e-04
Loss = 7.4479e-02, PNorm = 361.0958, GNorm = 0.3593, lr_0 = 4.2589e-04
Loss = 6.8072e-02, PNorm = 361.1194, GNorm = 0.3035, lr_0 = 4.2577e-04
Loss = 6.0293e-02, PNorm = 361.1433, GNorm = 0.4069, lr_0 = 4.2566e-04
Loss = 7.3338e-02, PNorm = 361.1664, GNorm = 0.2630, lr_0 = 4.2555e-04
Loss = 6.8472e-02, PNorm = 361.1909, GNorm = 0.4793, lr_0 = 4.2544e-04
Loss = 8.2695e-02, PNorm = 361.2134, GNorm = 0.6524, lr_0 = 4.2533e-04
Loss = 5.5518e-02, PNorm = 361.2343, GNorm = 0.3749, lr_0 = 4.2521e-04
Loss = 7.2019e-02, PNorm = 361.2547, GNorm = 0.3898, lr_0 = 4.2510e-04
Loss = 6.1948e-02, PNorm = 361.2761, GNorm = 0.3663, lr_0 = 4.2499e-04
Loss = 7.1314e-02, PNorm = 361.2987, GNorm = 0.4110, lr_0 = 4.2488e-04
Loss = 6.6515e-02, PNorm = 361.3209, GNorm = 0.5359, lr_0 = 4.2477e-04
Loss = 6.3804e-02, PNorm = 361.3415, GNorm = 0.6552, lr_0 = 4.2466e-04
Loss = 6.8536e-02, PNorm = 361.3615, GNorm = 0.6131, lr_0 = 4.2454e-04
Loss = 8.0058e-02, PNorm = 361.3831, GNorm = 0.4712, lr_0 = 4.2443e-04
Loss = 6.4604e-02, PNorm = 361.4070, GNorm = 0.5095, lr_0 = 4.2432e-04
Loss = 6.7742e-02, PNorm = 361.4313, GNorm = 0.6145, lr_0 = 4.2421e-04
Loss = 6.3801e-02, PNorm = 361.4571, GNorm = 0.3807, lr_0 = 4.2410e-04
Loss = 5.9498e-02, PNorm = 361.4831, GNorm = 0.4175, lr_0 = 4.2399e-04
Loss = 6.1791e-02, PNorm = 361.5097, GNorm = 0.3271, lr_0 = 4.2387e-04
Loss = 5.5514e-02, PNorm = 361.5319, GNorm = 0.4238, lr_0 = 4.2376e-04
Loss = 6.3513e-02, PNorm = 361.5561, GNorm = 0.3885, lr_0 = 4.2365e-04
Loss = 8.5300e-02, PNorm = 361.5800, GNorm = 0.3325, lr_0 = 4.2354e-04
Loss = 6.6440e-02, PNorm = 361.6014, GNorm = 0.4872, lr_0 = 4.2343e-04
Loss = 6.3858e-02, PNorm = 361.6228, GNorm = 0.4210, lr_0 = 4.2332e-04
Loss = 6.2039e-02, PNorm = 361.6434, GNorm = 0.4310, lr_0 = 4.2321e-04
Loss = 6.5778e-02, PNorm = 361.6608, GNorm = 0.2765, lr_0 = 4.2309e-04
Loss = 7.0670e-02, PNorm = 361.6791, GNorm = 0.5108, lr_0 = 4.2298e-04
Loss = 5.2772e-02, PNorm = 361.6986, GNorm = 0.3182, lr_0 = 4.2287e-04
Loss = 6.3746e-02, PNorm = 361.7187, GNorm = 0.6825, lr_0 = 4.2276e-04
Loss = 8.0334e-02, PNorm = 361.7410, GNorm = 0.3942, lr_0 = 4.2265e-04
Loss = 6.0615e-02, PNorm = 361.7637, GNorm = 0.3396, lr_0 = 4.2254e-04
Loss = 6.5965e-02, PNorm = 361.7848, GNorm = 0.3546, lr_0 = 4.2243e-04
Loss = 6.0904e-02, PNorm = 361.8058, GNorm = 0.4052, lr_0 = 4.2232e-04
Loss = 7.2554e-02, PNorm = 361.8272, GNorm = 0.4426, lr_0 = 4.2220e-04
Loss = 6.5717e-02, PNorm = 361.8534, GNorm = 0.4136, lr_0 = 4.2209e-04
Loss = 7.3877e-02, PNorm = 361.8792, GNorm = 0.3647, lr_0 = 4.2198e-04
Loss = 6.5676e-02, PNorm = 361.9036, GNorm = 0.9880, lr_0 = 4.2187e-04
Loss = 5.8104e-02, PNorm = 361.9291, GNorm = 0.2537, lr_0 = 4.2176e-04
Loss = 6.2243e-02, PNorm = 361.9534, GNorm = 0.3581, lr_0 = 4.2165e-04
Loss = 5.7396e-02, PNorm = 361.9734, GNorm = 0.4467, lr_0 = 4.2154e-04
Loss = 8.1821e-02, PNorm = 361.9932, GNorm = 0.2652, lr_0 = 4.2143e-04
Loss = 7.0705e-02, PNorm = 362.0155, GNorm = 0.3186, lr_0 = 4.2132e-04
Loss = 6.7347e-02, PNorm = 362.0360, GNorm = 0.4967, lr_0 = 4.2121e-04
Loss = 6.8218e-02, PNorm = 362.0559, GNorm = 0.4595, lr_0 = 4.2110e-04
Loss = 5.7557e-02, PNorm = 362.0743, GNorm = 0.3574, lr_0 = 4.2098e-04
Loss = 6.4595e-02, PNorm = 362.0946, GNorm = 0.3341, lr_0 = 4.2087e-04
Loss = 6.1236e-02, PNorm = 362.1153, GNorm = 0.8761, lr_0 = 4.2076e-04
Loss = 6.6021e-02, PNorm = 362.1367, GNorm = 0.3050, lr_0 = 4.2065e-04
Loss = 9.0796e-02, PNorm = 362.1585, GNorm = 0.5026, lr_0 = 4.2054e-04
Loss = 9.0983e-02, PNorm = 362.1833, GNorm = 0.3622, lr_0 = 4.2043e-04
Loss = 7.3891e-02, PNorm = 362.2068, GNorm = 0.4054, lr_0 = 4.2032e-04
Loss = 6.3426e-02, PNorm = 362.2314, GNorm = 0.4110, lr_0 = 4.2021e-04
Loss = 6.2010e-02, PNorm = 362.2550, GNorm = 0.3554, lr_0 = 4.2010e-04
Loss = 7.2864e-02, PNorm = 362.2734, GNorm = 0.4494, lr_0 = 4.1999e-04
Loss = 6.2948e-02, PNorm = 362.2920, GNorm = 0.5459, lr_0 = 4.1988e-04
Loss = 6.8939e-02, PNorm = 362.3108, GNorm = 0.4961, lr_0 = 4.1977e-04
Loss = 7.5240e-02, PNorm = 362.3315, GNorm = 0.3855, lr_0 = 4.1966e-04
Loss = 6.6824e-02, PNorm = 362.3536, GNorm = 0.4412, lr_0 = 4.1955e-04
Loss = 6.5778e-02, PNorm = 362.3768, GNorm = 0.4051, lr_0 = 4.1944e-04
Loss = 8.3778e-02, PNorm = 362.4002, GNorm = 0.3045, lr_0 = 4.1933e-04
Loss = 9.0158e-02, PNorm = 362.4235, GNorm = 0.6686, lr_0 = 4.1922e-04
Loss = 7.3905e-02, PNorm = 362.4494, GNorm = 0.6938, lr_0 = 4.1911e-04
Loss = 8.3355e-02, PNorm = 362.4724, GNorm = 0.3996, lr_0 = 4.1900e-04
Loss = 8.0322e-02, PNorm = 362.4968, GNorm = 0.4682, lr_0 = 4.1888e-04
Validation rmse = 3.498982
Epoch 39
Loss = 8.4154e-02, PNorm = 362.5213, GNorm = 0.6465, lr_0 = 4.1877e-04
Loss = 5.4571e-02, PNorm = 362.5453, GNorm = 0.3604, lr_0 = 4.1866e-04
Loss = 6.0657e-02, PNorm = 362.5681, GNorm = 0.9634, lr_0 = 4.1855e-04
Loss = 8.2040e-02, PNorm = 362.5898, GNorm = 0.3358, lr_0 = 4.1844e-04
Loss = 5.9612e-02, PNorm = 362.6128, GNorm = 0.4344, lr_0 = 4.1833e-04
Loss = 6.2634e-02, PNorm = 362.6363, GNorm = 0.5387, lr_0 = 4.1822e-04
Loss = 6.4461e-02, PNorm = 362.6601, GNorm = 0.3512, lr_0 = 4.1811e-04
Loss = 7.3053e-02, PNorm = 362.6841, GNorm = 0.4337, lr_0 = 4.1800e-04
Loss = 5.8482e-02, PNorm = 362.7068, GNorm = 0.7957, lr_0 = 4.1789e-04
Loss = 6.0264e-02, PNorm = 362.7275, GNorm = 0.4233, lr_0 = 4.1778e-04
Loss = 7.6527e-02, PNorm = 362.7494, GNorm = 0.2755, lr_0 = 4.1767e-04
Loss = 9.3382e-02, PNorm = 362.7729, GNorm = 0.9810, lr_0 = 4.1756e-04
Loss = 6.4443e-02, PNorm = 362.7983, GNorm = 0.3178, lr_0 = 4.1745e-04
Loss = 7.2932e-02, PNorm = 362.8230, GNorm = 0.9333, lr_0 = 4.1734e-04
Loss = 5.7554e-02, PNorm = 362.8461, GNorm = 0.4768, lr_0 = 4.1724e-04
Loss = 6.8399e-02, PNorm = 362.8701, GNorm = 0.4702, lr_0 = 4.1713e-04
Loss = 7.2847e-02, PNorm = 362.8929, GNorm = 0.6509, lr_0 = 4.1702e-04
Loss = 6.6472e-02, PNorm = 362.9203, GNorm = 0.3211, lr_0 = 4.1691e-04
Loss = 7.4174e-02, PNorm = 362.9484, GNorm = 0.2714, lr_0 = 4.1680e-04
Loss = 7.9465e-02, PNorm = 362.9754, GNorm = 0.3991, lr_0 = 4.1669e-04
Loss = 6.0635e-02, PNorm = 362.9984, GNorm = 0.3580, lr_0 = 4.1658e-04
Loss = 6.8261e-02, PNorm = 363.0209, GNorm = 0.4027, lr_0 = 4.1647e-04
Loss = 7.3884e-02, PNorm = 363.0420, GNorm = 0.2492, lr_0 = 4.1636e-04
Loss = 5.8438e-02, PNorm = 363.0664, GNorm = 0.2978, lr_0 = 4.1625e-04
Loss = 6.1425e-02, PNorm = 363.0892, GNorm = 0.5626, lr_0 = 4.1614e-04
Loss = 7.3081e-02, PNorm = 363.1126, GNorm = 0.6166, lr_0 = 4.1603e-04
Loss = 5.1260e-02, PNorm = 363.1330, GNorm = 0.3755, lr_0 = 4.1592e-04
Loss = 5.8128e-02, PNorm = 363.1519, GNorm = 0.3758, lr_0 = 4.1581e-04
Loss = 6.2776e-02, PNorm = 363.1717, GNorm = 0.3928, lr_0 = 4.1570e-04
Loss = 5.9144e-02, PNorm = 363.1895, GNorm = 0.4385, lr_0 = 4.1559e-04
Loss = 6.2059e-02, PNorm = 363.2089, GNorm = 0.6248, lr_0 = 4.1548e-04
Loss = 6.4111e-02, PNorm = 363.2261, GNorm = 0.3779, lr_0 = 4.1537e-04
Loss = 8.2222e-02, PNorm = 363.2475, GNorm = 0.3352, lr_0 = 4.1526e-04
Loss = 7.2066e-02, PNorm = 363.2686, GNorm = 0.5008, lr_0 = 4.1515e-04
Loss = 6.2884e-02, PNorm = 363.2931, GNorm = 0.3777, lr_0 = 4.1505e-04
Loss = 6.3378e-02, PNorm = 363.3159, GNorm = 0.3847, lr_0 = 4.1494e-04
Loss = 6.5651e-02, PNorm = 363.3365, GNorm = 0.5317, lr_0 = 4.1483e-04
Loss = 7.3512e-02, PNorm = 363.3609, GNorm = 0.4580, lr_0 = 4.1472e-04
Loss = 6.7273e-02, PNorm = 363.3848, GNorm = 0.3691, lr_0 = 4.1461e-04
Loss = 7.2193e-02, PNorm = 363.4067, GNorm = 1.1073, lr_0 = 4.1450e-04
Loss = 6.9293e-02, PNorm = 363.4272, GNorm = 0.3327, lr_0 = 4.1439e-04
Loss = 6.1863e-02, PNorm = 363.4499, GNorm = 0.4090, lr_0 = 4.1428e-04
Loss = 7.3616e-02, PNorm = 363.4712, GNorm = 0.3547, lr_0 = 4.1417e-04
Loss = 6.2163e-02, PNorm = 363.4920, GNorm = 0.3961, lr_0 = 4.1406e-04
Loss = 6.0363e-02, PNorm = 363.5151, GNorm = 0.3949, lr_0 = 4.1395e-04
Loss = 5.7200e-02, PNorm = 363.5357, GNorm = 0.3087, lr_0 = 4.1385e-04
Loss = 7.0414e-02, PNorm = 363.5548, GNorm = 0.3617, lr_0 = 4.1374e-04
Loss = 8.4139e-02, PNorm = 363.5749, GNorm = 0.6096, lr_0 = 4.1363e-04
Loss = 7.4738e-02, PNorm = 363.5955, GNorm = 0.4777, lr_0 = 4.1352e-04
Loss = 8.0168e-02, PNorm = 363.6179, GNorm = 0.2614, lr_0 = 4.1341e-04
Loss = 6.9642e-02, PNorm = 363.6404, GNorm = 0.4457, lr_0 = 4.1330e-04
Loss = 4.8454e-02, PNorm = 363.6648, GNorm = 0.4128, lr_0 = 4.1319e-04
Loss = 7.9745e-02, PNorm = 363.6869, GNorm = 0.3645, lr_0 = 4.1308e-04
Loss = 7.5437e-02, PNorm = 363.7084, GNorm = 0.4243, lr_0 = 4.1298e-04
Loss = 6.0774e-02, PNorm = 363.7305, GNorm = 0.4272, lr_0 = 4.1287e-04
Loss = 6.8452e-02, PNorm = 363.7500, GNorm = 0.3820, lr_0 = 4.1276e-04
Loss = 6.2466e-02, PNorm = 363.7696, GNorm = 0.3082, lr_0 = 4.1265e-04
Loss = 6.2850e-02, PNorm = 363.7917, GNorm = 0.3536, lr_0 = 4.1254e-04
Loss = 6.7235e-02, PNorm = 363.8133, GNorm = 0.5109, lr_0 = 4.1243e-04
Loss = 6.1590e-02, PNorm = 363.8337, GNorm = 0.3670, lr_0 = 4.1232e-04
Loss = 6.1937e-02, PNorm = 363.8573, GNorm = 0.3027, lr_0 = 4.1222e-04
Loss = 6.8005e-02, PNorm = 363.8801, GNorm = 0.4554, lr_0 = 4.1211e-04
Loss = 6.0194e-02, PNorm = 363.9028, GNorm = 0.4223, lr_0 = 4.1200e-04
Loss = 5.9544e-02, PNorm = 363.9248, GNorm = 0.2929, lr_0 = 4.1189e-04
Loss = 6.0588e-02, PNorm = 363.9477, GNorm = 0.6074, lr_0 = 4.1178e-04
Loss = 6.0269e-02, PNorm = 363.9710, GNorm = 0.4562, lr_0 = 4.1167e-04
Loss = 6.6099e-02, PNorm = 363.9920, GNorm = 0.3939, lr_0 = 4.1157e-04
Loss = 6.8016e-02, PNorm = 364.0139, GNorm = 0.4161, lr_0 = 4.1146e-04
Loss = 6.5882e-02, PNorm = 364.0353, GNorm = 0.3749, lr_0 = 4.1135e-04
Loss = 6.4733e-02, PNorm = 364.0552, GNorm = 0.3642, lr_0 = 4.1124e-04
Loss = 7.2477e-02, PNorm = 364.0756, GNorm = 0.5757, lr_0 = 4.1113e-04
Loss = 5.2279e-02, PNorm = 364.0988, GNorm = 0.2951, lr_0 = 4.1102e-04
Loss = 7.7731e-02, PNorm = 364.1232, GNorm = 0.4362, lr_0 = 4.1092e-04
Loss = 8.4230e-02, PNorm = 364.1460, GNorm = 0.4147, lr_0 = 4.1081e-04
Loss = 7.7690e-02, PNorm = 364.1704, GNorm = 0.4292, lr_0 = 4.1070e-04
Loss = 6.0756e-02, PNorm = 364.1943, GNorm = 0.4335, lr_0 = 4.1059e-04
Loss = 6.7879e-02, PNorm = 364.2162, GNorm = 0.2734, lr_0 = 4.1048e-04
Loss = 6.3179e-02, PNorm = 364.2364, GNorm = 0.3917, lr_0 = 4.1038e-04
Loss = 8.5178e-02, PNorm = 364.2554, GNorm = 0.4048, lr_0 = 4.1027e-04
Loss = 6.4472e-02, PNorm = 364.2801, GNorm = 0.3051, lr_0 = 4.1016e-04
Loss = 8.8494e-02, PNorm = 364.3035, GNorm = 0.7630, lr_0 = 4.1005e-04
Loss = 6.7542e-02, PNorm = 364.3276, GNorm = 0.3622, lr_0 = 4.0994e-04
Loss = 6.4966e-02, PNorm = 364.3525, GNorm = 0.9542, lr_0 = 4.0984e-04
Loss = 6.1094e-02, PNorm = 364.3757, GNorm = 0.3310, lr_0 = 4.0973e-04
Loss = 8.3201e-02, PNorm = 364.3992, GNorm = 0.5105, lr_0 = 4.0962e-04
Loss = 8.2527e-02, PNorm = 364.4245, GNorm = 0.4106, lr_0 = 4.0951e-04
Loss = 7.1616e-02, PNorm = 364.4483, GNorm = 0.6788, lr_0 = 4.0941e-04
Loss = 8.6085e-02, PNorm = 364.4708, GNorm = 0.5180, lr_0 = 4.0930e-04
Loss = 7.2064e-02, PNorm = 364.4947, GNorm = 0.6113, lr_0 = 4.0919e-04
Loss = 6.5411e-02, PNorm = 364.5170, GNorm = 0.4280, lr_0 = 4.0908e-04
Validation rmse = 3.503828
Epoch 40
Loss = 5.8957e-02, PNorm = 364.5357, GNorm = 0.3297, lr_0 = 4.0897e-04
Loss = 6.6749e-02, PNorm = 364.5548, GNorm = 0.3518, lr_0 = 4.0887e-04
Loss = 5.4480e-02, PNorm = 364.5719, GNorm = 0.2776, lr_0 = 4.0876e-04
Loss = 5.7618e-02, PNorm = 364.5888, GNorm = 0.5019, lr_0 = 4.0865e-04
Loss = 7.0166e-02, PNorm = 364.6078, GNorm = 0.3745, lr_0 = 4.0854e-04
Loss = 5.5894e-02, PNorm = 364.6270, GNorm = 0.3314, lr_0 = 4.0844e-04
Loss = 5.6716e-02, PNorm = 364.6457, GNorm = 0.5450, lr_0 = 4.0833e-04
Loss = 5.9217e-02, PNorm = 364.6629, GNorm = 0.4362, lr_0 = 4.0822e-04
Loss = 6.5737e-02, PNorm = 364.6834, GNorm = 0.5732, lr_0 = 4.0811e-04
Loss = 6.8352e-02, PNorm = 364.7035, GNorm = 0.3709, lr_0 = 4.0801e-04
Loss = 7.2132e-02, PNorm = 364.7265, GNorm = 0.6358, lr_0 = 4.0790e-04
Loss = 6.2617e-02, PNorm = 364.7501, GNorm = 0.6999, lr_0 = 4.0779e-04
Loss = 6.0011e-02, PNorm = 364.7766, GNorm = 0.4887, lr_0 = 4.0769e-04
Loss = 5.9409e-02, PNorm = 364.7993, GNorm = 0.5153, lr_0 = 4.0758e-04
Loss = 5.0963e-02, PNorm = 364.8190, GNorm = 0.4316, lr_0 = 4.0747e-04
Loss = 6.2183e-02, PNorm = 364.8356, GNorm = 0.3183, lr_0 = 4.0736e-04
Loss = 6.7332e-02, PNorm = 364.8538, GNorm = 0.2680, lr_0 = 4.0726e-04
Loss = 7.2027e-02, PNorm = 364.8735, GNorm = 0.6037, lr_0 = 4.0715e-04
Loss = 8.2187e-02, PNorm = 364.8927, GNorm = 0.3814, lr_0 = 4.0704e-04
Loss = 6.1380e-02, PNorm = 364.9144, GNorm = 0.6201, lr_0 = 4.0694e-04
Loss = 6.0695e-02, PNorm = 364.9371, GNorm = 0.3456, lr_0 = 4.0683e-04
Loss = 6.5750e-02, PNorm = 364.9582, GNorm = 0.5082, lr_0 = 4.0672e-04
Loss = 8.0699e-02, PNorm = 364.9789, GNorm = 0.5680, lr_0 = 4.0661e-04
Loss = 7.2611e-02, PNorm = 364.9996, GNorm = 0.6461, lr_0 = 4.0651e-04
Loss = 8.4559e-02, PNorm = 365.0208, GNorm = 0.8287, lr_0 = 4.0640e-04
Loss = 6.2822e-02, PNorm = 365.0424, GNorm = 0.4747, lr_0 = 4.0629e-04
Loss = 5.2110e-02, PNorm = 365.0628, GNorm = 0.3955, lr_0 = 4.0619e-04
Loss = 6.6683e-02, PNorm = 365.0809, GNorm = 0.3940, lr_0 = 4.0608e-04
Loss = 6.8967e-02, PNorm = 365.1018, GNorm = 0.4760, lr_0 = 4.0597e-04
Loss = 6.2679e-02, PNorm = 365.1250, GNorm = 0.2850, lr_0 = 4.0587e-04
Loss = 5.7267e-02, PNorm = 365.1441, GNorm = 0.4691, lr_0 = 4.0576e-04
Loss = 8.1711e-02, PNorm = 365.1636, GNorm = 0.4898, lr_0 = 4.0565e-04
Loss = 5.6747e-02, PNorm = 365.1849, GNorm = 0.4462, lr_0 = 4.0555e-04
Loss = 6.8721e-02, PNorm = 365.2064, GNorm = 0.3448, lr_0 = 4.0544e-04
Loss = 5.7432e-02, PNorm = 365.2276, GNorm = 0.7717, lr_0 = 4.0533e-04
Loss = 5.3140e-02, PNorm = 365.2481, GNorm = 0.3399, lr_0 = 4.0523e-04
Loss = 6.2751e-02, PNorm = 365.2662, GNorm = 0.3626, lr_0 = 4.0512e-04
Loss = 6.2255e-02, PNorm = 365.2867, GNorm = 0.5479, lr_0 = 4.0501e-04
Loss = 6.6695e-02, PNorm = 365.3056, GNorm = 0.4178, lr_0 = 4.0491e-04
Loss = 5.9569e-02, PNorm = 365.3289, GNorm = 0.3322, lr_0 = 4.0480e-04
Loss = 6.2484e-02, PNorm = 365.3507, GNorm = 0.3881, lr_0 = 4.0469e-04
Loss = 7.6250e-02, PNorm = 365.3738, GNorm = 0.4499, lr_0 = 4.0459e-04
Loss = 6.7436e-02, PNorm = 365.3948, GNorm = 0.7139, lr_0 = 4.0448e-04
Loss = 6.0173e-02, PNorm = 365.4154, GNorm = 0.3986, lr_0 = 4.0437e-04
Loss = 5.9268e-02, PNorm = 365.4365, GNorm = 0.4465, lr_0 = 4.0427e-04
Loss = 6.6259e-02, PNorm = 365.4584, GNorm = 0.6304, lr_0 = 4.0416e-04
Loss = 6.3975e-02, PNorm = 365.4793, GNorm = 0.5087, lr_0 = 4.0405e-04
Loss = 6.9636e-02, PNorm = 365.5002, GNorm = 0.4121, lr_0 = 4.0395e-04
Loss = 6.2890e-02, PNorm = 365.5221, GNorm = 0.2706, lr_0 = 4.0384e-04
Loss = 7.6951e-02, PNorm = 365.5442, GNorm = 0.4330, lr_0 = 4.0374e-04
Loss = 8.4599e-02, PNorm = 365.5666, GNorm = 0.5191, lr_0 = 4.0363e-04
Loss = 6.5984e-02, PNorm = 365.5878, GNorm = 0.3926, lr_0 = 4.0352e-04
Loss = 8.4691e-02, PNorm = 365.6099, GNorm = 0.5158, lr_0 = 4.0342e-04
Loss = 6.7596e-02, PNorm = 365.6326, GNorm = 0.4067, lr_0 = 4.0331e-04
Loss = 6.6085e-02, PNorm = 365.6538, GNorm = 0.4820, lr_0 = 4.0321e-04
Loss = 7.5090e-02, PNorm = 365.6776, GNorm = 0.3804, lr_0 = 4.0310e-04
Loss = 5.8532e-02, PNorm = 365.6995, GNorm = 0.4204, lr_0 = 4.0299e-04
Loss = 7.4981e-02, PNorm = 365.7219, GNorm = 0.5185, lr_0 = 4.0289e-04
Loss = 6.5649e-02, PNorm = 365.7457, GNorm = 0.3825, lr_0 = 4.0278e-04
Loss = 5.8334e-02, PNorm = 365.7676, GNorm = 0.3086, lr_0 = 4.0267e-04
Loss = 6.5969e-02, PNorm = 365.7892, GNorm = 0.4146, lr_0 = 4.0257e-04
Loss = 6.3470e-02, PNorm = 365.8124, GNorm = 0.2880, lr_0 = 4.0246e-04
Loss = 6.5664e-02, PNorm = 365.8354, GNorm = 0.4578, lr_0 = 4.0236e-04
Loss = 5.6083e-02, PNorm = 365.8541, GNorm = 0.4503, lr_0 = 4.0225e-04
Loss = 7.8740e-02, PNorm = 365.8748, GNorm = 0.5156, lr_0 = 4.0215e-04
Loss = 7.2755e-02, PNorm = 365.8968, GNorm = 0.4657, lr_0 = 4.0204e-04
Loss = 6.6164e-02, PNorm = 365.9158, GNorm = 0.2759, lr_0 = 4.0193e-04
Loss = 6.1674e-02, PNorm = 365.9345, GNorm = 0.5112, lr_0 = 4.0183e-04
Loss = 6.3458e-02, PNorm = 365.9566, GNorm = 0.2946, lr_0 = 4.0172e-04
Loss = 8.3006e-02, PNorm = 365.9790, GNorm = 0.4090, lr_0 = 4.0162e-04
Loss = 6.8131e-02, PNorm = 366.0036, GNorm = 0.3286, lr_0 = 4.0151e-04
Loss = 7.0859e-02, PNorm = 366.0267, GNorm = 0.3334, lr_0 = 4.0141e-04
Loss = 6.6254e-02, PNorm = 366.0483, GNorm = 0.5260, lr_0 = 4.0130e-04
Loss = 6.3267e-02, PNorm = 366.0684, GNorm = 0.4628, lr_0 = 4.0119e-04
Loss = 6.1360e-02, PNorm = 366.0887, GNorm = 0.3900, lr_0 = 4.0109e-04
Loss = 6.9172e-02, PNorm = 366.1095, GNorm = 0.6477, lr_0 = 4.0098e-04
Loss = 5.7364e-02, PNorm = 366.1307, GNorm = 0.3090, lr_0 = 4.0088e-04
Loss = 6.7856e-02, PNorm = 366.1534, GNorm = 0.3742, lr_0 = 4.0077e-04
Loss = 5.8295e-02, PNorm = 366.1759, GNorm = 0.2637, lr_0 = 4.0067e-04
Loss = 6.7851e-02, PNorm = 366.1974, GNorm = 0.5652, lr_0 = 4.0056e-04
Loss = 5.8571e-02, PNorm = 366.2168, GNorm = 0.3637, lr_0 = 4.0046e-04
Loss = 7.4810e-02, PNorm = 366.2359, GNorm = 0.5202, lr_0 = 4.0035e-04
Loss = 1.0636e-01, PNorm = 366.2571, GNorm = 0.3643, lr_0 = 4.0025e-04
Loss = 7.0053e-02, PNorm = 366.2817, GNorm = 0.3153, lr_0 = 4.0014e-04
Loss = 6.5875e-02, PNorm = 366.3054, GNorm = 0.6550, lr_0 = 4.0003e-04
Loss = 7.9206e-02, PNorm = 366.3288, GNorm = 0.8436, lr_0 = 3.9993e-04
Loss = 6.3423e-02, PNorm = 366.3515, GNorm = 0.3278, lr_0 = 3.9982e-04
Loss = 6.2108e-02, PNorm = 366.3718, GNorm = 0.5332, lr_0 = 3.9972e-04
Loss = 6.2619e-02, PNorm = 366.3954, GNorm = 0.5126, lr_0 = 3.9961e-04
Validation rmse = 3.490846
Epoch 41
Loss = 6.4530e-02, PNorm = 366.4164, GNorm = 0.2729, lr_0 = 3.9951e-04
Loss = 5.8667e-02, PNorm = 366.4367, GNorm = 0.4437, lr_0 = 3.9940e-04
Loss = 9.0428e-02, PNorm = 366.4584, GNorm = 0.3931, lr_0 = 3.9930e-04
Loss = 7.9008e-02, PNorm = 366.4763, GNorm = 0.7791, lr_0 = 3.9919e-04
Loss = 8.4848e-02, PNorm = 366.4968, GNorm = 0.4618, lr_0 = 3.9909e-04
Loss = 6.2103e-02, PNorm = 366.5185, GNorm = 0.7000, lr_0 = 3.9898e-04
Loss = 7.5333e-02, PNorm = 366.5422, GNorm = 0.5466, lr_0 = 3.9888e-04
Loss = 5.1764e-02, PNorm = 366.5665, GNorm = 0.3593, lr_0 = 3.9877e-04
Loss = 5.8013e-02, PNorm = 366.5887, GNorm = 0.6485, lr_0 = 3.9867e-04
Loss = 6.5407e-02, PNorm = 366.6096, GNorm = 0.3586, lr_0 = 3.9856e-04
Loss = 5.9383e-02, PNorm = 366.6308, GNorm = 0.5046, lr_0 = 3.9846e-04
Loss = 6.0547e-02, PNorm = 366.6484, GNorm = 0.3762, lr_0 = 3.9835e-04
Loss = 6.4072e-02, PNorm = 366.6640, GNorm = 0.3841, lr_0 = 3.9825e-04
Loss = 6.8202e-02, PNorm = 366.6822, GNorm = 0.5454, lr_0 = 3.9814e-04
Loss = 6.0006e-02, PNorm = 366.7019, GNorm = 0.5522, lr_0 = 3.9804e-04
Loss = 5.6380e-02, PNorm = 366.7213, GNorm = 0.3124, lr_0 = 3.9794e-04
Loss = 6.3410e-02, PNorm = 366.7404, GNorm = 0.4733, lr_0 = 3.9783e-04
Loss = 7.4902e-02, PNorm = 366.7570, GNorm = 0.2753, lr_0 = 3.9773e-04
Loss = 5.8765e-02, PNorm = 366.7760, GNorm = 0.4442, lr_0 = 3.9762e-04
Loss = 6.3297e-02, PNorm = 366.7941, GNorm = 0.6072, lr_0 = 3.9752e-04
Loss = 5.4997e-02, PNorm = 366.8145, GNorm = 0.3368, lr_0 = 3.9741e-04
Loss = 4.6138e-02, PNorm = 366.8345, GNorm = 0.3512, lr_0 = 3.9731e-04
Loss = 8.3055e-02, PNorm = 366.8547, GNorm = 0.4011, lr_0 = 3.9720e-04
Loss = 5.3625e-02, PNorm = 366.8735, GNorm = 0.3067, lr_0 = 3.9710e-04
Loss = 6.7811e-02, PNorm = 366.8906, GNorm = 0.4488, lr_0 = 3.9699e-04
Loss = 5.3855e-02, PNorm = 366.9082, GNorm = 0.3292, lr_0 = 3.9689e-04
Loss = 6.3742e-02, PNorm = 366.9262, GNorm = 0.4113, lr_0 = 3.9679e-04
Loss = 5.8213e-02, PNorm = 366.9470, GNorm = 0.5869, lr_0 = 3.9668e-04
Loss = 5.1536e-02, PNorm = 366.9647, GNorm = 0.3361, lr_0 = 3.9658e-04
Loss = 6.1949e-02, PNorm = 366.9814, GNorm = 0.4843, lr_0 = 3.9647e-04
Loss = 5.8415e-02, PNorm = 367.0004, GNorm = 0.3454, lr_0 = 3.9637e-04
Loss = 6.0937e-02, PNorm = 367.0199, GNorm = 0.3297, lr_0 = 3.9626e-04
Loss = 6.0077e-02, PNorm = 367.0390, GNorm = 0.3320, lr_0 = 3.9616e-04
Loss = 5.3391e-02, PNorm = 367.0571, GNorm = 0.3858, lr_0 = 3.9606e-04
Loss = 6.3020e-02, PNorm = 367.0785, GNorm = 0.5931, lr_0 = 3.9595e-04
Loss = 5.1688e-02, PNorm = 367.0986, GNorm = 0.3806, lr_0 = 3.9585e-04
Loss = 6.8794e-02, PNorm = 367.1161, GNorm = 0.3985, lr_0 = 3.9574e-04
Loss = 5.7976e-02, PNorm = 367.1333, GNorm = 0.3102, lr_0 = 3.9564e-04
Loss = 5.7387e-02, PNorm = 367.1508, GNorm = 0.5212, lr_0 = 3.9553e-04
Loss = 5.8822e-02, PNorm = 367.1685, GNorm = 0.3663, lr_0 = 3.9543e-04
Loss = 7.5157e-02, PNorm = 367.1897, GNorm = 0.3694, lr_0 = 3.9533e-04
Loss = 6.2368e-02, PNorm = 367.2115, GNorm = 0.6743, lr_0 = 3.9522e-04
Loss = 5.9647e-02, PNorm = 367.2302, GNorm = 0.4085, lr_0 = 3.9512e-04
Loss = 5.9467e-02, PNorm = 367.2488, GNorm = 0.3302, lr_0 = 3.9501e-04
Loss = 5.6725e-02, PNorm = 367.2683, GNorm = 0.5065, lr_0 = 3.9491e-04
Loss = 6.2409e-02, PNorm = 367.2885, GNorm = 0.3369, lr_0 = 3.9481e-04
Loss = 6.8673e-02, PNorm = 367.3082, GNorm = 0.5056, lr_0 = 3.9470e-04
Loss = 6.3090e-02, PNorm = 367.3248, GNorm = 0.3365, lr_0 = 3.9460e-04
Loss = 6.7788e-02, PNorm = 367.3455, GNorm = 0.3869, lr_0 = 3.9450e-04
Loss = 5.5367e-02, PNorm = 367.3649, GNorm = 0.3882, lr_0 = 3.9439e-04
Loss = 6.2683e-02, PNorm = 367.3835, GNorm = 0.5197, lr_0 = 3.9429e-04
Loss = 6.1689e-02, PNorm = 367.4019, GNorm = 0.3538, lr_0 = 3.9418e-04
Loss = 6.0167e-02, PNorm = 367.4226, GNorm = 0.4105, lr_0 = 3.9408e-04
Loss = 8.0591e-02, PNorm = 367.4446, GNorm = 0.4357, lr_0 = 3.9398e-04
Loss = 5.6876e-02, PNorm = 367.4656, GNorm = 0.5612, lr_0 = 3.9387e-04
Loss = 5.7449e-02, PNorm = 367.4841, GNorm = 0.3752, lr_0 = 3.9377e-04
Loss = 7.3931e-02, PNorm = 367.5035, GNorm = 0.6198, lr_0 = 3.9367e-04
Loss = 7.4476e-02, PNorm = 367.5202, GNorm = 0.3729, lr_0 = 3.9356e-04
Loss = 7.4676e-02, PNorm = 367.5360, GNorm = 0.5047, lr_0 = 3.9346e-04
Loss = 5.5130e-02, PNorm = 367.5522, GNorm = 0.4146, lr_0 = 3.9336e-04
Loss = 5.7333e-02, PNorm = 367.5686, GNorm = 0.4644, lr_0 = 3.9325e-04
Loss = 6.4496e-02, PNorm = 367.5874, GNorm = 0.3024, lr_0 = 3.9315e-04
Loss = 7.3062e-02, PNorm = 367.6069, GNorm = 0.5239, lr_0 = 3.9304e-04
Loss = 7.7621e-02, PNorm = 367.6260, GNorm = 1.2951, lr_0 = 3.9294e-04
Loss = 5.7394e-02, PNorm = 367.6459, GNorm = 0.4000, lr_0 = 3.9284e-04
Loss = 7.0147e-02, PNorm = 367.6677, GNorm = 0.5679, lr_0 = 3.9273e-04
Loss = 6.6846e-02, PNorm = 367.6909, GNorm = 0.3534, lr_0 = 3.9263e-04
Loss = 6.4225e-02, PNorm = 367.7116, GNorm = 1.1221, lr_0 = 3.9253e-04
Loss = 6.9209e-02, PNorm = 367.7334, GNorm = 0.4770, lr_0 = 3.9242e-04
Loss = 6.8540e-02, PNorm = 367.7556, GNorm = 0.4571, lr_0 = 3.9232e-04
Loss = 8.6667e-02, PNorm = 367.7788, GNorm = 0.4614, lr_0 = 3.9222e-04
Loss = 7.9543e-02, PNorm = 367.8040, GNorm = 0.4832, lr_0 = 3.9212e-04
Loss = 8.3547e-02, PNorm = 367.8253, GNorm = 0.2264, lr_0 = 3.9201e-04
Loss = 7.1133e-02, PNorm = 367.8459, GNorm = 0.4062, lr_0 = 3.9191e-04
Loss = 4.9567e-02, PNorm = 367.8636, GNorm = 0.3174, lr_0 = 3.9181e-04
Loss = 7.0926e-02, PNorm = 367.8792, GNorm = 0.4156, lr_0 = 3.9170e-04
Loss = 6.4154e-02, PNorm = 367.8989, GNorm = 0.4080, lr_0 = 3.9160e-04
Loss = 7.3989e-02, PNorm = 367.9173, GNorm = 0.6339, lr_0 = 3.9150e-04
Loss = 7.1365e-02, PNorm = 367.9362, GNorm = 0.4397, lr_0 = 3.9139e-04
Loss = 6.7659e-02, PNorm = 367.9562, GNorm = 0.4425, lr_0 = 3.9129e-04
Loss = 8.9652e-02, PNorm = 367.9770, GNorm = 0.2590, lr_0 = 3.9119e-04
Loss = 5.3988e-02, PNorm = 367.9963, GNorm = 0.3636, lr_0 = 3.9108e-04
Loss = 6.7827e-02, PNorm = 368.0169, GNorm = 0.3497, lr_0 = 3.9098e-04
Loss = 6.6380e-02, PNorm = 368.0386, GNorm = 0.2938, lr_0 = 3.9088e-04
Loss = 6.8488e-02, PNorm = 368.0601, GNorm = 0.3796, lr_0 = 3.9078e-04
Loss = 5.2999e-02, PNorm = 368.0769, GNorm = 0.3376, lr_0 = 3.9067e-04
Loss = 7.6806e-02, PNorm = 368.0942, GNorm = 0.3661, lr_0 = 3.9057e-04
Loss = 6.1001e-02, PNorm = 368.1119, GNorm = 0.4102, lr_0 = 3.9047e-04
Loss = 5.2154e-02, PNorm = 368.1282, GNorm = 0.4504, lr_0 = 3.9037e-04
Loss = 8.2234e-02, PNorm = 368.1468, GNorm = 0.2468, lr_0 = 3.9026e-04
Validation rmse = 3.535975
Epoch 42
Loss = 6.5703e-02, PNorm = 368.1711, GNorm = 0.4356, lr_0 = 3.9016e-04
Loss = 5.8262e-02, PNorm = 368.1954, GNorm = 0.4388, lr_0 = 3.9006e-04
Loss = 5.8129e-02, PNorm = 368.2150, GNorm = 0.6562, lr_0 = 3.8995e-04
Loss = 6.1279e-02, PNorm = 368.2352, GNorm = 0.5641, lr_0 = 3.8985e-04
Loss = 5.4194e-02, PNorm = 368.2562, GNorm = 0.5276, lr_0 = 3.8975e-04
Loss = 6.5361e-02, PNorm = 368.2748, GNorm = 0.7375, lr_0 = 3.8965e-04
Loss = 5.5919e-02, PNorm = 368.2940, GNorm = 0.4307, lr_0 = 3.8954e-04
Loss = 6.4790e-02, PNorm = 368.3119, GNorm = 0.3966, lr_0 = 3.8944e-04
Loss = 5.2027e-02, PNorm = 368.3277, GNorm = 0.5727, lr_0 = 3.8934e-04
Loss = 6.4830e-02, PNorm = 368.3438, GNorm = 0.5842, lr_0 = 3.8924e-04
Loss = 4.9894e-02, PNorm = 368.3608, GNorm = 0.3238, lr_0 = 3.8913e-04
Loss = 4.7160e-02, PNorm = 368.3774, GNorm = 0.2755, lr_0 = 3.8903e-04
Loss = 6.2102e-02, PNorm = 368.3941, GNorm = 0.3200, lr_0 = 3.8893e-04
Loss = 5.2134e-02, PNorm = 368.4117, GNorm = 0.3336, lr_0 = 3.8883e-04
Loss = 6.6263e-02, PNorm = 368.4276, GNorm = 0.5105, lr_0 = 3.8873e-04
Loss = 5.4757e-02, PNorm = 368.4448, GNorm = 0.3407, lr_0 = 3.8862e-04
Loss = 5.0784e-02, PNorm = 368.4639, GNorm = 0.3100, lr_0 = 3.8852e-04
Loss = 7.3664e-02, PNorm = 368.4821, GNorm = 1.4181, lr_0 = 3.8842e-04
Loss = 5.2750e-02, PNorm = 368.5021, GNorm = 0.5400, lr_0 = 3.8832e-04
Loss = 5.5201e-02, PNorm = 368.5214, GNorm = 0.2986, lr_0 = 3.8821e-04
Loss = 6.2774e-02, PNorm = 368.5378, GNorm = 0.4763, lr_0 = 3.8811e-04
Loss = 7.9899e-02, PNorm = 368.5573, GNorm = 0.5460, lr_0 = 3.8801e-04
Loss = 6.3350e-02, PNorm = 368.5770, GNorm = 0.3969, lr_0 = 3.8791e-04
Loss = 7.5047e-02, PNorm = 368.5989, GNorm = 0.4659, lr_0 = 3.8781e-04
Loss = 5.4385e-02, PNorm = 368.6231, GNorm = 0.5951, lr_0 = 3.8770e-04
Loss = 6.5681e-02, PNorm = 368.6449, GNorm = 0.3631, lr_0 = 3.8760e-04
Loss = 6.0227e-02, PNorm = 368.6673, GNorm = 0.4447, lr_0 = 3.8750e-04
Loss = 6.2085e-02, PNorm = 368.6881, GNorm = 0.5533, lr_0 = 3.8740e-04
Loss = 5.7663e-02, PNorm = 368.7077, GNorm = 0.3317, lr_0 = 3.8730e-04
Loss = 6.2796e-02, PNorm = 368.7265, GNorm = 0.4369, lr_0 = 3.8719e-04
Loss = 5.9939e-02, PNorm = 368.7449, GNorm = 0.3819, lr_0 = 3.8709e-04
Loss = 5.5303e-02, PNorm = 368.7615, GNorm = 0.4122, lr_0 = 3.8699e-04
Loss = 7.6774e-02, PNorm = 368.7796, GNorm = 0.3919, lr_0 = 3.8689e-04
Loss = 5.7188e-02, PNorm = 368.7999, GNorm = 0.3541, lr_0 = 3.8679e-04
Loss = 5.3561e-02, PNorm = 368.8200, GNorm = 0.3336, lr_0 = 3.8669e-04
Loss = 7.4401e-02, PNorm = 368.8376, GNorm = 0.3747, lr_0 = 3.8658e-04
Loss = 5.4380e-02, PNorm = 368.8563, GNorm = 0.2583, lr_0 = 3.8648e-04
Loss = 5.3234e-02, PNorm = 368.8740, GNorm = 0.2847, lr_0 = 3.8638e-04
Loss = 5.2873e-02, PNorm = 368.8882, GNorm = 0.4870, lr_0 = 3.8628e-04
Loss = 6.4794e-02, PNorm = 368.9068, GNorm = 0.3481, lr_0 = 3.8618e-04
Loss = 7.2914e-02, PNorm = 368.9242, GNorm = 0.4293, lr_0 = 3.8608e-04
Loss = 8.5863e-02, PNorm = 368.9402, GNorm = 0.5739, lr_0 = 3.8597e-04
Loss = 6.8933e-02, PNorm = 368.9584, GNorm = 0.2967, lr_0 = 3.8587e-04
Loss = 7.4048e-02, PNorm = 368.9781, GNorm = 0.6709, lr_0 = 3.8577e-04
Loss = 6.9623e-02, PNorm = 369.0008, GNorm = 0.7649, lr_0 = 3.8567e-04
Loss = 6.4786e-02, PNorm = 369.0196, GNorm = 0.7686, lr_0 = 3.8557e-04
Loss = 5.8046e-02, PNorm = 369.0392, GNorm = 0.3444, lr_0 = 3.8547e-04
Loss = 6.8224e-02, PNorm = 369.0572, GNorm = 0.4967, lr_0 = 3.8536e-04
Loss = 7.4960e-02, PNorm = 369.0785, GNorm = 0.3490, lr_0 = 3.8526e-04
Loss = 5.7636e-02, PNorm = 369.0991, GNorm = 0.3651, lr_0 = 3.8516e-04
Loss = 5.8013e-02, PNorm = 369.1179, GNorm = 0.4131, lr_0 = 3.8506e-04
Loss = 5.9141e-02, PNorm = 369.1355, GNorm = 0.4995, lr_0 = 3.8496e-04
Loss = 7.5823e-02, PNorm = 369.1531, GNorm = 0.6550, lr_0 = 3.8486e-04
Loss = 7.2756e-02, PNorm = 369.1754, GNorm = 0.3508, lr_0 = 3.8476e-04
Loss = 1.0201e-01, PNorm = 369.1994, GNorm = 0.3952, lr_0 = 3.8466e-04
Loss = 9.2706e-02, PNorm = 369.2214, GNorm = 0.2697, lr_0 = 3.8455e-04
Loss = 8.0234e-02, PNorm = 369.2409, GNorm = 0.3827, lr_0 = 3.8445e-04
Loss = 6.0517e-02, PNorm = 369.2609, GNorm = 0.4841, lr_0 = 3.8435e-04
Loss = 6.4591e-02, PNorm = 369.2833, GNorm = 1.0283, lr_0 = 3.8425e-04
Loss = 6.4075e-02, PNorm = 369.3070, GNorm = 0.3762, lr_0 = 3.8415e-04
Loss = 5.4541e-02, PNorm = 369.3274, GNorm = 0.5898, lr_0 = 3.8405e-04
Loss = 5.7591e-02, PNorm = 369.3449, GNorm = 0.3444, lr_0 = 3.8395e-04
Loss = 6.4956e-02, PNorm = 369.3624, GNorm = 0.2738, lr_0 = 3.8385e-04
Loss = 5.9455e-02, PNorm = 369.3814, GNorm = 0.2808, lr_0 = 3.8375e-04
Loss = 6.9047e-02, PNorm = 369.4026, GNorm = 0.3849, lr_0 = 3.8364e-04
Loss = 6.5045e-02, PNorm = 369.4243, GNorm = 0.3653, lr_0 = 3.8354e-04
Loss = 6.3415e-02, PNorm = 369.4424, GNorm = 0.4997, lr_0 = 3.8344e-04
Loss = 5.6121e-02, PNorm = 369.4603, GNorm = 0.5244, lr_0 = 3.8334e-04
Loss = 6.3775e-02, PNorm = 369.4791, GNorm = 0.4308, lr_0 = 3.8324e-04
Loss = 8.0224e-02, PNorm = 369.5006, GNorm = 0.5805, lr_0 = 3.8314e-04
Loss = 5.6245e-02, PNorm = 369.5217, GNorm = 0.3363, lr_0 = 3.8304e-04
Loss = 5.9985e-02, PNorm = 369.5407, GNorm = 0.3226, lr_0 = 3.8294e-04
Loss = 5.7956e-02, PNorm = 369.5578, GNorm = 0.3881, lr_0 = 3.8284e-04
Loss = 5.9198e-02, PNorm = 369.5776, GNorm = 0.4940, lr_0 = 3.8274e-04
Loss = 6.4813e-02, PNorm = 369.5990, GNorm = 0.4791, lr_0 = 3.8264e-04
Loss = 5.2841e-02, PNorm = 369.6173, GNorm = 0.2516, lr_0 = 3.8254e-04
Loss = 7.1942e-02, PNorm = 369.6337, GNorm = 0.5922, lr_0 = 3.8244e-04
Loss = 7.4411e-02, PNorm = 369.6502, GNorm = 0.4160, lr_0 = 3.8233e-04
Loss = 5.2408e-02, PNorm = 369.6662, GNorm = 0.3517, lr_0 = 3.8223e-04
Loss = 5.2841e-02, PNorm = 369.6836, GNorm = 0.4522, lr_0 = 3.8213e-04
Loss = 5.4199e-02, PNorm = 369.6993, GNorm = 0.2419, lr_0 = 3.8203e-04
Loss = 6.5415e-02, PNorm = 369.7167, GNorm = 0.3315, lr_0 = 3.8193e-04
Loss = 6.5292e-02, PNorm = 369.7360, GNorm = 0.5447, lr_0 = 3.8183e-04
Loss = 5.9738e-02, PNorm = 369.7543, GNorm = 0.5039, lr_0 = 3.8173e-04
Loss = 6.9568e-02, PNorm = 369.7703, GNorm = 0.7045, lr_0 = 3.8163e-04
Loss = 7.2121e-02, PNorm = 369.7866, GNorm = 0.9362, lr_0 = 3.8153e-04
Loss = 7.7138e-02, PNorm = 369.8056, GNorm = 0.5865, lr_0 = 3.8143e-04
Loss = 5.8152e-02, PNorm = 369.8280, GNorm = 0.4311, lr_0 = 3.8133e-04
Loss = 6.5826e-02, PNorm = 369.8499, GNorm = 0.3599, lr_0 = 3.8123e-04
Validation rmse = 3.489270
Epoch 43
Loss = 7.4270e-02, PNorm = 369.8708, GNorm = 0.2655, lr_0 = 3.8113e-04
Loss = 5.3407e-02, PNorm = 369.8892, GNorm = 0.5160, lr_0 = 3.8103e-04
Loss = 4.9782e-02, PNorm = 369.9069, GNorm = 0.4041, lr_0 = 3.8093e-04
Loss = 6.3959e-02, PNorm = 369.9227, GNorm = 0.4152, lr_0 = 3.8083e-04
Loss = 5.5201e-02, PNorm = 369.9411, GNorm = 0.6780, lr_0 = 3.8073e-04
Loss = 5.4152e-02, PNorm = 369.9600, GNorm = 0.3722, lr_0 = 3.8063e-04
Loss = 6.9370e-02, PNorm = 369.9766, GNorm = 0.4949, lr_0 = 3.8053e-04
Loss = 5.4900e-02, PNorm = 369.9933, GNorm = 0.3787, lr_0 = 3.8043e-04
Loss = 5.9595e-02, PNorm = 370.0095, GNorm = 0.3490, lr_0 = 3.8033e-04
Loss = 5.5610e-02, PNorm = 370.0245, GNorm = 0.3633, lr_0 = 3.8023e-04
Loss = 6.3644e-02, PNorm = 370.0405, GNorm = 0.7525, lr_0 = 3.8013e-04
Loss = 5.1934e-02, PNorm = 370.0562, GNorm = 0.3921, lr_0 = 3.8003e-04
Loss = 5.8977e-02, PNorm = 370.0713, GNorm = 0.3384, lr_0 = 3.7993e-04
Loss = 5.5405e-02, PNorm = 370.0903, GNorm = 0.3640, lr_0 = 3.7983e-04
Loss = 6.6190e-02, PNorm = 370.1090, GNorm = 0.3063, lr_0 = 3.7973e-04
Loss = 5.5933e-02, PNorm = 370.1263, GNorm = 0.4382, lr_0 = 3.7963e-04
Loss = 5.6455e-02, PNorm = 370.1441, GNorm = 0.5233, lr_0 = 3.7953e-04
Loss = 5.6512e-02, PNorm = 370.1635, GNorm = 0.3922, lr_0 = 3.7943e-04
Loss = 6.3869e-02, PNorm = 370.1814, GNorm = 0.4155, lr_0 = 3.7933e-04
Loss = 5.8666e-02, PNorm = 370.1981, GNorm = 0.4442, lr_0 = 3.7923e-04
Loss = 5.2385e-02, PNorm = 370.2139, GNorm = 0.4018, lr_0 = 3.7913e-04
Loss = 5.7400e-02, PNorm = 370.2324, GNorm = 0.3485, lr_0 = 3.7903e-04
Loss = 4.9537e-02, PNorm = 370.2497, GNorm = 0.3646, lr_0 = 3.7893e-04
Loss = 5.9153e-02, PNorm = 370.2654, GNorm = 0.2396, lr_0 = 3.7883e-04
Loss = 7.1559e-02, PNorm = 370.2818, GNorm = 0.6358, lr_0 = 3.7873e-04
Loss = 5.7714e-02, PNorm = 370.3038, GNorm = 0.4040, lr_0 = 3.7863e-04
Loss = 4.9598e-02, PNorm = 370.3231, GNorm = 0.4526, lr_0 = 3.7853e-04
Loss = 7.0851e-02, PNorm = 370.3398, GNorm = 0.3226, lr_0 = 3.7843e-04
Loss = 5.1931e-02, PNorm = 370.3561, GNorm = 0.3524, lr_0 = 3.7833e-04
Loss = 7.2413e-02, PNorm = 370.3721, GNorm = 0.4196, lr_0 = 3.7823e-04
Loss = 5.6270e-02, PNorm = 370.3890, GNorm = 0.4083, lr_0 = 3.7813e-04
Loss = 6.6314e-02, PNorm = 370.4071, GNorm = 0.6753, lr_0 = 3.7803e-04
Loss = 5.5605e-02, PNorm = 370.4267, GNorm = 0.3492, lr_0 = 3.7793e-04
Loss = 5.8865e-02, PNorm = 370.4449, GNorm = 0.4238, lr_0 = 3.7783e-04
Loss = 5.4344e-02, PNorm = 370.4622, GNorm = 0.2533, lr_0 = 3.7774e-04
Loss = 6.2539e-02, PNorm = 370.4804, GNorm = 0.4459, lr_0 = 3.7764e-04
Loss = 5.5576e-02, PNorm = 370.4974, GNorm = 0.3875, lr_0 = 3.7754e-04
Loss = 5.5152e-02, PNorm = 370.5138, GNorm = 0.3285, lr_0 = 3.7744e-04
Loss = 6.1259e-02, PNorm = 370.5295, GNorm = 0.4836, lr_0 = 3.7734e-04
Loss = 5.8955e-02, PNorm = 370.5465, GNorm = 0.2792, lr_0 = 3.7724e-04
Loss = 9.0625e-02, PNorm = 370.5650, GNorm = 0.7930, lr_0 = 3.7714e-04
Loss = 8.6455e-02, PNorm = 370.5861, GNorm = 0.4797, lr_0 = 3.7704e-04
Loss = 5.6973e-02, PNorm = 370.6036, GNorm = 0.5043, lr_0 = 3.7694e-04
Loss = 5.0740e-02, PNorm = 370.6219, GNorm = 0.4870, lr_0 = 3.7684e-04
Loss = 5.2077e-02, PNorm = 370.6410, GNorm = 0.4128, lr_0 = 3.7674e-04
Loss = 5.4355e-02, PNorm = 370.6592, GNorm = 0.3423, lr_0 = 3.7664e-04
Loss = 6.1624e-02, PNorm = 370.6764, GNorm = 0.4777, lr_0 = 3.7654e-04
Loss = 5.9544e-02, PNorm = 370.6984, GNorm = 0.3795, lr_0 = 3.7645e-04
Loss = 6.2173e-02, PNorm = 370.7191, GNorm = 0.3854, lr_0 = 3.7635e-04
Loss = 6.4835e-02, PNorm = 370.7404, GNorm = 0.7662, lr_0 = 3.7625e-04
Loss = 7.2357e-02, PNorm = 370.7618, GNorm = 0.5100, lr_0 = 3.7615e-04
Loss = 5.2991e-02, PNorm = 370.7802, GNorm = 0.3807, lr_0 = 3.7605e-04
Loss = 6.8202e-02, PNorm = 370.8003, GNorm = 0.3326, lr_0 = 3.7595e-04
Loss = 5.8633e-02, PNorm = 370.8218, GNorm = 0.5465, lr_0 = 3.7585e-04
Loss = 5.0344e-02, PNorm = 370.8387, GNorm = 0.3330, lr_0 = 3.7575e-04
Loss = 5.2978e-02, PNorm = 370.8527, GNorm = 0.2868, lr_0 = 3.7565e-04
Loss = 6.6455e-02, PNorm = 370.8701, GNorm = 0.3011, lr_0 = 3.7556e-04
Loss = 5.9872e-02, PNorm = 370.8894, GNorm = 0.5572, lr_0 = 3.7546e-04
Loss = 6.5843e-02, PNorm = 370.9100, GNorm = 0.3825, lr_0 = 3.7536e-04
Loss = 5.7026e-02, PNorm = 370.9312, GNorm = 0.3351, lr_0 = 3.7526e-04
Loss = 5.3037e-02, PNorm = 370.9512, GNorm = 0.3110, lr_0 = 3.7516e-04
Loss = 5.8227e-02, PNorm = 370.9700, GNorm = 0.4035, lr_0 = 3.7506e-04
Loss = 7.0832e-02, PNorm = 370.9874, GNorm = 0.5202, lr_0 = 3.7496e-04
Loss = 5.8562e-02, PNorm = 371.0034, GNorm = 0.5925, lr_0 = 3.7486e-04
Loss = 6.3931e-02, PNorm = 371.0222, GNorm = 0.3544, lr_0 = 3.7477e-04
Loss = 6.0062e-02, PNorm = 371.0388, GNorm = 0.3052, lr_0 = 3.7467e-04
Loss = 6.1216e-02, PNorm = 371.0565, GNorm = 0.4307, lr_0 = 3.7457e-04
Loss = 8.4015e-02, PNorm = 371.0743, GNorm = 0.4289, lr_0 = 3.7447e-04
Loss = 6.0263e-02, PNorm = 371.0944, GNorm = 0.4871, lr_0 = 3.7437e-04
Loss = 6.9603e-02, PNorm = 371.1165, GNorm = 1.0787, lr_0 = 3.7427e-04
Loss = 5.6500e-02, PNorm = 371.1383, GNorm = 0.4173, lr_0 = 3.7417e-04
Loss = 7.6501e-02, PNorm = 371.1582, GNorm = 0.3737, lr_0 = 3.7408e-04
Loss = 5.0465e-02, PNorm = 371.1778, GNorm = 0.4926, lr_0 = 3.7398e-04
Loss = 6.4510e-02, PNorm = 371.1951, GNorm = 0.3208, lr_0 = 3.7388e-04
Loss = 5.5679e-02, PNorm = 371.2120, GNorm = 0.3556, lr_0 = 3.7378e-04
Loss = 6.6916e-02, PNorm = 371.2307, GNorm = 0.4304, lr_0 = 3.7368e-04
Loss = 5.8835e-02, PNorm = 371.2528, GNorm = 0.2767, lr_0 = 3.7358e-04
Loss = 6.3282e-02, PNorm = 371.2733, GNorm = 0.4342, lr_0 = 3.7349e-04
Loss = 6.5395e-02, PNorm = 371.2924, GNorm = 0.4888, lr_0 = 3.7339e-04
Loss = 5.6269e-02, PNorm = 371.3096, GNorm = 0.3256, lr_0 = 3.7329e-04
Loss = 6.5203e-02, PNorm = 371.3283, GNorm = 0.4006, lr_0 = 3.7319e-04
Loss = 5.8299e-02, PNorm = 371.3486, GNorm = 0.3513, lr_0 = 3.7309e-04
Loss = 9.3073e-02, PNorm = 371.3723, GNorm = 0.5987, lr_0 = 3.7299e-04
Loss = 4.5466e-02, PNorm = 371.3953, GNorm = 0.3566, lr_0 = 3.7290e-04
Loss = 5.9913e-02, PNorm = 371.4141, GNorm = 0.4031, lr_0 = 3.7280e-04
Loss = 6.6865e-02, PNorm = 371.4310, GNorm = 0.3126, lr_0 = 3.7270e-04
Loss = 7.6755e-02, PNorm = 371.4473, GNorm = 0.3738, lr_0 = 3.7260e-04
Loss = 5.2216e-02, PNorm = 371.4652, GNorm = 0.4766, lr_0 = 3.7250e-04
Loss = 6.2975e-02, PNorm = 371.4821, GNorm = 0.4046, lr_0 = 3.7241e-04
Validation rmse = 3.481149
Epoch 44
Loss = 4.6749e-02, PNorm = 371.5000, GNorm = 0.4191, lr_0 = 3.7230e-04
Loss = 5.6584e-02, PNorm = 371.5180, GNorm = 0.3533, lr_0 = 3.7220e-04
Loss = 6.1863e-02, PNorm = 371.5341, GNorm = 0.3323, lr_0 = 3.7210e-04
Loss = 7.1575e-02, PNorm = 371.5505, GNorm = 0.4394, lr_0 = 3.7200e-04
Loss = 5.2158e-02, PNorm = 371.5686, GNorm = 0.2941, lr_0 = 3.7191e-04
Loss = 7.8644e-02, PNorm = 371.5842, GNorm = 0.5127, lr_0 = 3.7181e-04
Loss = 5.0614e-02, PNorm = 371.6031, GNorm = 0.4223, lr_0 = 3.7171e-04
Loss = 6.6968e-02, PNorm = 371.6221, GNorm = 0.6074, lr_0 = 3.7161e-04
Loss = 5.4496e-02, PNorm = 371.6414, GNorm = 0.3149, lr_0 = 3.7152e-04
Loss = 6.0775e-02, PNorm = 371.6591, GNorm = 0.3986, lr_0 = 3.7142e-04
Loss = 5.2623e-02, PNorm = 371.6745, GNorm = 0.4429, lr_0 = 3.7132e-04
Loss = 5.7326e-02, PNorm = 371.6885, GNorm = 0.3343, lr_0 = 3.7122e-04
Loss = 6.5232e-02, PNorm = 371.7034, GNorm = 0.3306, lr_0 = 3.7113e-04
Loss = 4.8609e-02, PNorm = 371.7179, GNorm = 0.3098, lr_0 = 3.7103e-04
Loss = 5.2795e-02, PNorm = 371.7370, GNorm = 0.3380, lr_0 = 3.7093e-04
Loss = 6.0949e-02, PNorm = 371.7516, GNorm = 0.7086, lr_0 = 3.7083e-04
Loss = 5.6290e-02, PNorm = 371.7650, GNorm = 0.4360, lr_0 = 3.7073e-04
Loss = 5.4299e-02, PNorm = 371.7803, GNorm = 0.3854, lr_0 = 3.7064e-04
Loss = 5.4489e-02, PNorm = 371.7957, GNorm = 0.2365, lr_0 = 3.7054e-04
Loss = 4.5014e-02, PNorm = 371.8103, GNorm = 0.4148, lr_0 = 3.7044e-04
Loss = 4.8683e-02, PNorm = 371.8276, GNorm = 0.4437, lr_0 = 3.7034e-04
Loss = 5.3826e-02, PNorm = 371.8426, GNorm = 0.4246, lr_0 = 3.7025e-04
Loss = 5.2594e-02, PNorm = 371.8599, GNorm = 0.4259, lr_0 = 3.7015e-04
Loss = 5.4493e-02, PNorm = 371.8779, GNorm = 0.3897, lr_0 = 3.7005e-04
Loss = 6.0403e-02, PNorm = 371.8934, GNorm = 0.3426, lr_0 = 3.6996e-04
Loss = 6.2905e-02, PNorm = 371.9118, GNorm = 0.2887, lr_0 = 3.6986e-04
Loss = 6.4054e-02, PNorm = 371.9294, GNorm = 0.4010, lr_0 = 3.6976e-04
Loss = 5.4023e-02, PNorm = 371.9441, GNorm = 0.5880, lr_0 = 3.6966e-04
Loss = 7.1781e-02, PNorm = 371.9612, GNorm = 0.7989, lr_0 = 3.6957e-04
Loss = 6.1929e-02, PNorm = 371.9788, GNorm = 0.2754, lr_0 = 3.6947e-04
Loss = 5.5182e-02, PNorm = 371.9964, GNorm = 0.3931, lr_0 = 3.6937e-04
Loss = 5.4648e-02, PNorm = 372.0169, GNorm = 0.2774, lr_0 = 3.6927e-04
Loss = 5.5587e-02, PNorm = 372.0337, GNorm = 0.3840, lr_0 = 3.6918e-04
Loss = 5.6608e-02, PNorm = 372.0512, GNorm = 0.4193, lr_0 = 3.6908e-04
Loss = 5.6823e-02, PNorm = 372.0679, GNorm = 0.3803, lr_0 = 3.6898e-04
Loss = 5.7679e-02, PNorm = 372.0844, GNorm = 0.3228, lr_0 = 3.6889e-04
Loss = 4.4359e-02, PNorm = 372.0999, GNorm = 0.3880, lr_0 = 3.6879e-04
Loss = 5.9139e-02, PNorm = 372.1164, GNorm = 0.2574, lr_0 = 3.6869e-04
Loss = 5.0736e-02, PNorm = 372.1322, GNorm = 0.4364, lr_0 = 3.6859e-04
Loss = 5.3093e-02, PNorm = 372.1472, GNorm = 0.6958, lr_0 = 3.6850e-04
Loss = 8.3747e-02, PNorm = 372.1627, GNorm = 2.4996, lr_0 = 3.6840e-04
Loss = 6.3059e-02, PNorm = 372.1828, GNorm = 0.2878, lr_0 = 3.6830e-04
Loss = 5.6352e-02, PNorm = 372.2015, GNorm = 0.4948, lr_0 = 3.6821e-04
Loss = 5.2974e-02, PNorm = 372.2187, GNorm = 0.4524, lr_0 = 3.6811e-04
Loss = 5.6161e-02, PNorm = 372.2351, GNorm = 0.3846, lr_0 = 3.6801e-04
Loss = 5.3898e-02, PNorm = 372.2543, GNorm = 0.3514, lr_0 = 3.6792e-04
Loss = 5.0907e-02, PNorm = 372.2730, GNorm = 0.4870, lr_0 = 3.6782e-04
Loss = 5.4088e-02, PNorm = 372.2916, GNorm = 0.3458, lr_0 = 3.6772e-04
Loss = 8.2133e-02, PNorm = 372.3104, GNorm = 0.3380, lr_0 = 3.6763e-04
Loss = 6.2762e-02, PNorm = 372.3276, GNorm = 0.3892, lr_0 = 3.6753e-04
Loss = 6.7163e-02, PNorm = 372.3425, GNorm = 0.6927, lr_0 = 3.6743e-04
Loss = 6.0139e-02, PNorm = 372.3627, GNorm = 0.2119, lr_0 = 3.6734e-04
Loss = 5.7843e-02, PNorm = 372.3809, GNorm = 0.3072, lr_0 = 3.6724e-04
Loss = 4.6424e-02, PNorm = 372.3970, GNorm = 0.5440, lr_0 = 3.6714e-04
Loss = 5.2231e-02, PNorm = 372.4140, GNorm = 0.2564, lr_0 = 3.6705e-04
Loss = 6.9921e-02, PNorm = 372.4308, GNorm = 0.4810, lr_0 = 3.6695e-04
Loss = 5.1317e-02, PNorm = 372.4474, GNorm = 0.3872, lr_0 = 3.6685e-04
Loss = 7.0409e-02, PNorm = 372.4646, GNorm = 0.6808, lr_0 = 3.6676e-04
Loss = 5.7615e-02, PNorm = 372.4830, GNorm = 0.3482, lr_0 = 3.6666e-04
Loss = 5.3513e-02, PNorm = 372.4999, GNorm = 0.3356, lr_0 = 3.6656e-04
Loss = 5.8283e-02, PNorm = 372.5155, GNorm = 0.3424, lr_0 = 3.6647e-04
Loss = 5.5809e-02, PNorm = 372.5316, GNorm = 0.2807, lr_0 = 3.6637e-04
Loss = 5.8087e-02, PNorm = 372.5500, GNorm = 0.2978, lr_0 = 3.6627e-04
Loss = 5.8877e-02, PNorm = 372.5674, GNorm = 0.4162, lr_0 = 3.6618e-04
Loss = 6.4497e-02, PNorm = 372.5833, GNorm = 0.8560, lr_0 = 3.6608e-04
Loss = 6.4639e-02, PNorm = 372.6023, GNorm = 0.3486, lr_0 = 3.6599e-04
Loss = 5.2966e-02, PNorm = 372.6201, GNorm = 0.2928, lr_0 = 3.6589e-04
Loss = 6.1512e-02, PNorm = 372.6360, GNorm = 0.5495, lr_0 = 3.6579e-04
Loss = 6.0441e-02, PNorm = 372.6540, GNorm = 0.3856, lr_0 = 3.6570e-04
Loss = 8.8980e-02, PNorm = 372.6743, GNorm = 0.5331, lr_0 = 3.6560e-04
Loss = 6.6833e-02, PNorm = 372.6973, GNorm = 0.5279, lr_0 = 3.6550e-04
Loss = 5.9950e-02, PNorm = 372.7203, GNorm = 0.4832, lr_0 = 3.6541e-04
Loss = 5.4499e-02, PNorm = 372.7415, GNorm = 0.5850, lr_0 = 3.6531e-04
Loss = 5.9979e-02, PNorm = 372.7589, GNorm = 0.4659, lr_0 = 3.6522e-04
Loss = 6.1072e-02, PNorm = 372.7764, GNorm = 0.3507, lr_0 = 3.6512e-04
Loss = 4.9295e-02, PNorm = 372.7921, GNorm = 0.3132, lr_0 = 3.6502e-04
Loss = 5.9146e-02, PNorm = 372.8089, GNorm = 0.4437, lr_0 = 3.6493e-04
Loss = 6.0114e-02, PNorm = 372.8272, GNorm = 0.4129, lr_0 = 3.6483e-04
Loss = 5.9412e-02, PNorm = 372.8443, GNorm = 0.4372, lr_0 = 3.6474e-04
Loss = 5.9215e-02, PNorm = 372.8628, GNorm = 0.5054, lr_0 = 3.6464e-04
Loss = 5.9845e-02, PNorm = 372.8833, GNorm = 0.6218, lr_0 = 3.6454e-04
Loss = 5.8627e-02, PNorm = 372.9032, GNorm = 0.3103, lr_0 = 3.6445e-04
Loss = 5.9547e-02, PNorm = 372.9217, GNorm = 0.3871, lr_0 = 3.6435e-04
Loss = 6.1509e-02, PNorm = 372.9384, GNorm = 0.5216, lr_0 = 3.6426e-04
Loss = 5.7965e-02, PNorm = 372.9560, GNorm = 0.3684, lr_0 = 3.6416e-04
Loss = 6.1466e-02, PNorm = 372.9702, GNorm = 0.3876, lr_0 = 3.6406e-04
Loss = 6.5422e-02, PNorm = 372.9880, GNorm = 0.3092, lr_0 = 3.6397e-04
Loss = 5.1456e-02, PNorm = 373.0059, GNorm = 0.4776, lr_0 = 3.6387e-04
Loss = 7.5931e-02, PNorm = 373.0231, GNorm = 0.4085, lr_0 = 3.6378e-04
Loss = 4.8951e-02, PNorm = 373.0399, GNorm = 0.4474, lr_0 = 3.6368e-04
Validation rmse = 3.449612
Epoch 45
Loss = 6.9975e-02, PNorm = 373.0576, GNorm = 0.3401, lr_0 = 3.6359e-04
Loss = 5.8350e-02, PNorm = 373.0763, GNorm = 0.3476, lr_0 = 3.6349e-04
Loss = 5.5847e-02, PNorm = 373.0906, GNorm = 0.3092, lr_0 = 3.6339e-04
Loss = 5.1246e-02, PNorm = 373.1052, GNorm = 0.3907, lr_0 = 3.6330e-04
Loss = 5.0970e-02, PNorm = 373.1200, GNorm = 0.6500, lr_0 = 3.6320e-04
Loss = 4.3948e-02, PNorm = 373.1346, GNorm = 0.2775, lr_0 = 3.6311e-04
Loss = 6.2993e-02, PNorm = 373.1494, GNorm = 0.2590, lr_0 = 3.6301e-04
Loss = 4.7465e-02, PNorm = 373.1642, GNorm = 0.3211, lr_0 = 3.6292e-04
Loss = 5.1094e-02, PNorm = 373.1786, GNorm = 0.5154, lr_0 = 3.6282e-04
Loss = 4.7131e-02, PNorm = 373.1942, GNorm = 0.2863, lr_0 = 3.6273e-04
Loss = 4.6365e-02, PNorm = 373.2117, GNorm = 0.3801, lr_0 = 3.6263e-04
Loss = 6.0024e-02, PNorm = 373.2280, GNorm = 0.6163, lr_0 = 3.6254e-04
Loss = 5.4965e-02, PNorm = 373.2426, GNorm = 0.5510, lr_0 = 3.6244e-04
Loss = 4.7346e-02, PNorm = 373.2596, GNorm = 0.3232, lr_0 = 3.6234e-04
Loss = 6.0634e-02, PNorm = 373.2746, GNorm = 0.3598, lr_0 = 3.6225e-04
Loss = 6.7634e-02, PNorm = 373.2899, GNorm = 0.3758, lr_0 = 3.6215e-04
Loss = 4.8846e-02, PNorm = 373.3047, GNorm = 0.4078, lr_0 = 3.6206e-04
Loss = 5.5758e-02, PNorm = 373.3200, GNorm = 0.4408, lr_0 = 3.6196e-04
Loss = 5.7936e-02, PNorm = 373.3357, GNorm = 0.3508, lr_0 = 3.6187e-04
Loss = 6.9351e-02, PNorm = 373.3515, GNorm = 0.5798, lr_0 = 3.6177e-04
Loss = 7.4380e-02, PNorm = 373.3686, GNorm = 0.2712, lr_0 = 3.6168e-04
Loss = 5.4007e-02, PNorm = 373.3868, GNorm = 0.3403, lr_0 = 3.6158e-04
Loss = 5.5408e-02, PNorm = 373.4046, GNorm = 0.5424, lr_0 = 3.6149e-04
Loss = 6.9018e-02, PNorm = 373.4222, GNorm = 0.2592, lr_0 = 3.6139e-04
Loss = 5.8430e-02, PNorm = 373.4401, GNorm = 0.4905, lr_0 = 3.6130e-04
Loss = 5.0501e-02, PNorm = 373.4590, GNorm = 0.4218, lr_0 = 3.6120e-04
Loss = 7.0268e-02, PNorm = 373.4806, GNorm = 0.9779, lr_0 = 3.6111e-04
Loss = 5.2610e-02, PNorm = 373.5006, GNorm = 0.3193, lr_0 = 3.6101e-04
Loss = 5.9114e-02, PNorm = 373.5165, GNorm = 0.4434, lr_0 = 3.6092e-04
Loss = 6.1908e-02, PNorm = 373.5327, GNorm = 0.3340, lr_0 = 3.6082e-04
Loss = 5.2707e-02, PNorm = 373.5496, GNorm = 0.5723, lr_0 = 3.6073e-04
Loss = 5.5246e-02, PNorm = 373.5662, GNorm = 0.3026, lr_0 = 3.6063e-04
Loss = 5.8128e-02, PNorm = 373.5834, GNorm = 0.2993, lr_0 = 3.6054e-04
Loss = 5.0940e-02, PNorm = 373.5993, GNorm = 0.4005, lr_0 = 3.6044e-04
Loss = 4.9505e-02, PNorm = 373.6142, GNorm = 0.3647, lr_0 = 3.6035e-04
Loss = 4.9315e-02, PNorm = 373.6308, GNorm = 0.3677, lr_0 = 3.6025e-04
Loss = 6.0010e-02, PNorm = 373.6470, GNorm = 0.3391, lr_0 = 3.6016e-04
Loss = 6.4394e-02, PNorm = 373.6620, GNorm = 0.5142, lr_0 = 3.6006e-04
Loss = 5.6777e-02, PNorm = 373.6789, GNorm = 0.7332, lr_0 = 3.5997e-04
Loss = 7.1304e-02, PNorm = 373.6964, GNorm = 0.6601, lr_0 = 3.5987e-04
Loss = 5.4433e-02, PNorm = 373.7124, GNorm = 0.3826, lr_0 = 3.5978e-04
Loss = 5.5420e-02, PNorm = 373.7301, GNorm = 0.4345, lr_0 = 3.5969e-04
Loss = 5.5362e-02, PNorm = 373.7475, GNorm = 0.3112, lr_0 = 3.5959e-04
Loss = 6.3901e-02, PNorm = 373.7657, GNorm = 0.3877, lr_0 = 3.5950e-04
Loss = 5.0444e-02, PNorm = 373.7833, GNorm = 0.2848, lr_0 = 3.5940e-04
Loss = 4.9136e-02, PNorm = 373.8003, GNorm = 0.7333, lr_0 = 3.5931e-04
Loss = 5.2127e-02, PNorm = 373.8180, GNorm = 0.4342, lr_0 = 3.5921e-04
Loss = 6.7343e-02, PNorm = 373.8372, GNorm = 0.3739, lr_0 = 3.5912e-04
Loss = 5.1303e-02, PNorm = 373.8522, GNorm = 0.3322, lr_0 = 3.5902e-04
Loss = 5.9214e-02, PNorm = 373.8655, GNorm = 0.8060, lr_0 = 3.5893e-04
Loss = 6.4609e-02, PNorm = 373.8811, GNorm = 0.3325, lr_0 = 3.5883e-04
Loss = 8.1834e-02, PNorm = 373.8961, GNorm = 0.2553, lr_0 = 3.5874e-04
Loss = 8.4641e-02, PNorm = 373.9125, GNorm = 0.6578, lr_0 = 3.5865e-04
Loss = 5.7796e-02, PNorm = 373.9307, GNorm = 0.4430, lr_0 = 3.5855e-04
Loss = 4.6580e-02, PNorm = 373.9494, GNorm = 0.4900, lr_0 = 3.5846e-04
Loss = 5.9151e-02, PNorm = 373.9666, GNorm = 0.3866, lr_0 = 3.5836e-04
Loss = 5.8915e-02, PNorm = 373.9863, GNorm = 0.2986, lr_0 = 3.5827e-04
Loss = 6.0951e-02, PNorm = 374.0050, GNorm = 0.3541, lr_0 = 3.5817e-04
Loss = 7.5167e-02, PNorm = 374.0241, GNorm = 0.3189, lr_0 = 3.5808e-04
Loss = 6.1642e-02, PNorm = 374.0459, GNorm = 0.2619, lr_0 = 3.5799e-04
Loss = 6.2794e-02, PNorm = 374.0640, GNorm = 0.2606, lr_0 = 3.5789e-04
Loss = 5.9761e-02, PNorm = 374.0787, GNorm = 0.4157, lr_0 = 3.5780e-04
Loss = 5.6395e-02, PNorm = 374.0945, GNorm = 0.2772, lr_0 = 3.5770e-04
Loss = 7.0006e-02, PNorm = 374.1142, GNorm = 0.4046, lr_0 = 3.5761e-04
Loss = 6.7029e-02, PNorm = 374.1347, GNorm = 0.3614, lr_0 = 3.5752e-04
Loss = 5.2510e-02, PNorm = 374.1540, GNorm = 0.3816, lr_0 = 3.5742e-04
Loss = 4.8151e-02, PNorm = 374.1700, GNorm = 0.3699, lr_0 = 3.5733e-04
Loss = 5.9589e-02, PNorm = 374.1859, GNorm = 0.5979, lr_0 = 3.5723e-04
Loss = 4.9730e-02, PNorm = 374.2029, GNorm = 0.3402, lr_0 = 3.5714e-04
Loss = 6.2906e-02, PNorm = 374.2201, GNorm = 0.4005, lr_0 = 3.5705e-04
Loss = 6.2363e-02, PNorm = 374.2356, GNorm = 0.4789, lr_0 = 3.5695e-04
Loss = 5.8751e-02, PNorm = 374.2523, GNorm = 0.3690, lr_0 = 3.5686e-04
Loss = 5.3702e-02, PNorm = 374.2676, GNorm = 0.3607, lr_0 = 3.5676e-04
Loss = 5.8340e-02, PNorm = 374.2823, GNorm = 0.4508, lr_0 = 3.5667e-04
Loss = 6.2660e-02, PNorm = 374.2999, GNorm = 0.2894, lr_0 = 3.5658e-04
Loss = 5.9042e-02, PNorm = 374.3179, GNorm = 0.6635, lr_0 = 3.5648e-04
Loss = 5.8290e-02, PNorm = 374.3336, GNorm = 0.4880, lr_0 = 3.5639e-04
Loss = 6.1370e-02, PNorm = 374.3495, GNorm = 0.5004, lr_0 = 3.5629e-04
Loss = 6.3754e-02, PNorm = 374.3653, GNorm = 0.5185, lr_0 = 3.5620e-04
Loss = 5.2105e-02, PNorm = 374.3830, GNorm = 0.5569, lr_0 = 3.5611e-04
Loss = 6.8583e-02, PNorm = 374.4001, GNorm = 0.4445, lr_0 = 3.5601e-04
Loss = 7.2438e-02, PNorm = 374.4184, GNorm = 0.3135, lr_0 = 3.5592e-04
Loss = 6.4533e-02, PNorm = 374.4354, GNorm = 0.5692, lr_0 = 3.5583e-04
Loss = 5.3808e-02, PNorm = 374.4529, GNorm = 0.4314, lr_0 = 3.5573e-04
Loss = 5.8908e-02, PNorm = 374.4682, GNorm = 0.2190, lr_0 = 3.5564e-04
Loss = 5.0483e-02, PNorm = 374.4841, GNorm = 0.4730, lr_0 = 3.5555e-04
Loss = 5.9528e-02, PNorm = 374.4981, GNorm = 0.3688, lr_0 = 3.5545e-04
Loss = 4.4707e-02, PNorm = 374.5136, GNorm = 0.3641, lr_0 = 3.5536e-04
Loss = 4.9739e-02, PNorm = 374.5275, GNorm = 0.5116, lr_0 = 3.5526e-04
Validation rmse = 3.462631
Epoch 46
Loss = 3.5262e-02, PNorm = 374.5436, GNorm = 0.2059, lr_0 = 3.5517e-04
Loss = 5.5691e-02, PNorm = 374.5576, GNorm = 0.5088, lr_0 = 3.5508e-04
Loss = 4.9320e-02, PNorm = 374.5723, GNorm = 0.3461, lr_0 = 3.5498e-04
Loss = 6.5220e-02, PNorm = 374.5875, GNorm = 0.4457, lr_0 = 3.5489e-04
Loss = 4.6649e-02, PNorm = 374.6025, GNorm = 0.3522, lr_0 = 3.5480e-04
Loss = 5.3030e-02, PNorm = 374.6174, GNorm = 0.3396, lr_0 = 3.5470e-04
Loss = 5.7253e-02, PNorm = 374.6304, GNorm = 0.5923, lr_0 = 3.5461e-04
Loss = 6.3247e-02, PNorm = 374.6444, GNorm = 0.4814, lr_0 = 3.5452e-04
Loss = 5.5398e-02, PNorm = 374.6605, GNorm = 0.7287, lr_0 = 3.5442e-04
Loss = 4.4295e-02, PNorm = 374.6748, GNorm = 0.3387, lr_0 = 3.5433e-04
Loss = 4.8879e-02, PNorm = 374.6886, GNorm = 0.2743, lr_0 = 3.5424e-04
Loss = 5.3682e-02, PNorm = 374.7033, GNorm = 0.3965, lr_0 = 3.5414e-04
Loss = 4.6304e-02, PNorm = 374.7192, GNorm = 0.5053, lr_0 = 3.5405e-04
Loss = 4.2997e-02, PNorm = 374.7338, GNorm = 0.3405, lr_0 = 3.5396e-04
Loss = 6.7516e-02, PNorm = 374.7499, GNorm = 0.6231, lr_0 = 3.5387e-04
Loss = 5.0796e-02, PNorm = 374.7663, GNorm = 0.4403, lr_0 = 3.5377e-04
Loss = 6.0740e-02, PNorm = 374.7852, GNorm = 1.1088, lr_0 = 3.5368e-04
Loss = 5.0609e-02, PNorm = 374.8029, GNorm = 0.4208, lr_0 = 3.5359e-04
Loss = 5.0691e-02, PNorm = 374.8202, GNorm = 0.3527, lr_0 = 3.5349e-04
Loss = 5.0799e-02, PNorm = 374.8360, GNorm = 0.3341, lr_0 = 3.5340e-04
Loss = 4.8797e-02, PNorm = 374.8505, GNorm = 0.3328, lr_0 = 3.5331e-04
Loss = 5.7047e-02, PNorm = 374.8626, GNorm = 0.3456, lr_0 = 3.5321e-04
Loss = 5.0811e-02, PNorm = 374.8761, GNorm = 0.3077, lr_0 = 3.5312e-04
Loss = 7.0958e-02, PNorm = 374.8897, GNorm = 0.3243, lr_0 = 3.5303e-04
Loss = 5.0432e-02, PNorm = 374.9031, GNorm = 0.3832, lr_0 = 3.5294e-04
Loss = 5.4525e-02, PNorm = 374.9175, GNorm = 0.5625, lr_0 = 3.5284e-04
Loss = 6.2200e-02, PNorm = 374.9326, GNorm = 0.3709, lr_0 = 3.5275e-04
Loss = 5.0500e-02, PNorm = 374.9496, GNorm = 0.3216, lr_0 = 3.5266e-04
Loss = 5.6521e-02, PNorm = 374.9635, GNorm = 0.8204, lr_0 = 3.5256e-04
Loss = 4.1798e-02, PNorm = 374.9784, GNorm = 0.3485, lr_0 = 3.5247e-04
Loss = 5.8453e-02, PNorm = 374.9935, GNorm = 0.4399, lr_0 = 3.5238e-04
Loss = 5.6191e-02, PNorm = 375.0091, GNorm = 0.3725, lr_0 = 3.5229e-04
Loss = 5.7126e-02, PNorm = 375.0253, GNorm = 0.6505, lr_0 = 3.5219e-04
Loss = 5.2874e-02, PNorm = 375.0425, GNorm = 0.3142, lr_0 = 3.5210e-04
Loss = 5.2287e-02, PNorm = 375.0587, GNorm = 0.3822, lr_0 = 3.5201e-04
Loss = 4.9870e-02, PNorm = 375.0740, GNorm = 0.7456, lr_0 = 3.5192e-04
Loss = 6.0607e-02, PNorm = 375.0901, GNorm = 0.5499, lr_0 = 3.5182e-04
Loss = 6.2263e-02, PNorm = 375.1079, GNorm = 0.4030, lr_0 = 3.5173e-04
Loss = 7.5341e-02, PNorm = 375.1248, GNorm = 0.2740, lr_0 = 3.5164e-04
Loss = 6.2147e-02, PNorm = 375.1407, GNorm = 0.4990, lr_0 = 3.5155e-04
Loss = 5.0886e-02, PNorm = 375.1556, GNorm = 0.4122, lr_0 = 3.5145e-04
Loss = 5.2978e-02, PNorm = 375.1714, GNorm = 0.7172, lr_0 = 3.5136e-04
Loss = 5.7271e-02, PNorm = 375.1883, GNorm = 0.4806, lr_0 = 3.5127e-04
Loss = 6.3568e-02, PNorm = 375.2047, GNorm = 0.5822, lr_0 = 3.5118e-04
Loss = 5.0537e-02, PNorm = 375.2221, GNorm = 0.3348, lr_0 = 3.5108e-04
Loss = 5.9413e-02, PNorm = 375.2390, GNorm = 0.3556, lr_0 = 3.5099e-04
Loss = 5.4256e-02, PNorm = 375.2551, GNorm = 0.4279, lr_0 = 3.5090e-04
Loss = 6.3386e-02, PNorm = 375.2740, GNorm = 0.2746, lr_0 = 3.5081e-04
Loss = 5.3749e-02, PNorm = 375.2936, GNorm = 0.4255, lr_0 = 3.5071e-04
Loss = 5.7728e-02, PNorm = 375.3112, GNorm = 0.3541, lr_0 = 3.5062e-04
Loss = 5.4089e-02, PNorm = 375.3258, GNorm = 0.2444, lr_0 = 3.5053e-04
Loss = 5.8421e-02, PNorm = 375.3411, GNorm = 0.6932, lr_0 = 3.5044e-04
Loss = 5.6413e-02, PNorm = 375.3554, GNorm = 0.5822, lr_0 = 3.5034e-04
Loss = 6.9211e-02, PNorm = 375.3699, GNorm = 0.5151, lr_0 = 3.5025e-04
Loss = 6.2496e-02, PNorm = 375.3866, GNorm = 0.3793, lr_0 = 3.5016e-04
Loss = 6.2372e-02, PNorm = 375.4043, GNorm = 0.4799, lr_0 = 3.5007e-04
Loss = 4.9047e-02, PNorm = 375.4218, GNorm = 0.4343, lr_0 = 3.4998e-04
Loss = 5.6632e-02, PNorm = 375.4369, GNorm = 0.6590, lr_0 = 3.4988e-04
Loss = 7.0211e-02, PNorm = 375.4534, GNorm = 0.5616, lr_0 = 3.4979e-04
Loss = 4.8885e-02, PNorm = 375.4735, GNorm = 0.3210, lr_0 = 3.4970e-04
Loss = 5.1148e-02, PNorm = 375.4898, GNorm = 0.4963, lr_0 = 3.4961e-04
Loss = 7.0318e-02, PNorm = 375.5070, GNorm = 0.5855, lr_0 = 3.4952e-04
Loss = 6.6445e-02, PNorm = 375.5251, GNorm = 0.4241, lr_0 = 3.4942e-04
Loss = 5.5039e-02, PNorm = 375.5443, GNorm = 0.4392, lr_0 = 3.4933e-04
Loss = 6.6602e-02, PNorm = 375.5618, GNorm = 0.3242, lr_0 = 3.4924e-04
Loss = 5.7555e-02, PNorm = 375.5780, GNorm = 0.4261, lr_0 = 3.4915e-04
Loss = 5.8215e-02, PNorm = 375.5934, GNorm = 0.3299, lr_0 = 3.4906e-04
Loss = 5.1560e-02, PNorm = 375.6108, GNorm = 0.3104, lr_0 = 3.4896e-04
Loss = 5.1047e-02, PNorm = 375.6256, GNorm = 0.4921, lr_0 = 3.4887e-04
Loss = 5.9139e-02, PNorm = 375.6416, GNorm = 0.6010, lr_0 = 3.4878e-04
Loss = 5.5717e-02, PNorm = 375.6576, GNorm = 0.3668, lr_0 = 3.4869e-04
Loss = 5.3952e-02, PNorm = 375.6728, GNorm = 0.3573, lr_0 = 3.4860e-04
Loss = 6.0576e-02, PNorm = 375.6872, GNorm = 0.4249, lr_0 = 3.4851e-04
Loss = 6.7226e-02, PNorm = 375.7036, GNorm = 0.5375, lr_0 = 3.4841e-04
Loss = 4.8829e-02, PNorm = 375.7194, GNorm = 0.3690, lr_0 = 3.4832e-04
Loss = 5.6394e-02, PNorm = 375.7366, GNorm = 0.3510, lr_0 = 3.4823e-04
Loss = 5.7373e-02, PNorm = 375.7543, GNorm = 0.3802, lr_0 = 3.4814e-04
Loss = 6.9482e-02, PNorm = 375.7695, GNorm = 0.5698, lr_0 = 3.4805e-04
Loss = 4.4788e-02, PNorm = 375.7860, GNorm = 0.2983, lr_0 = 3.4796e-04
Loss = 5.1134e-02, PNorm = 375.7996, GNorm = 0.2710, lr_0 = 3.4786e-04
Loss = 5.1275e-02, PNorm = 375.8107, GNorm = 0.4830, lr_0 = 3.4777e-04
Loss = 5.9953e-02, PNorm = 375.8222, GNorm = 0.3898, lr_0 = 3.4768e-04
Loss = 5.7261e-02, PNorm = 375.8368, GNorm = 0.3045, lr_0 = 3.4759e-04
Loss = 5.1230e-02, PNorm = 375.8520, GNorm = 0.3031, lr_0 = 3.4750e-04
Loss = 5.8813e-02, PNorm = 375.8649, GNorm = 0.8796, lr_0 = 3.4741e-04
Loss = 5.3761e-02, PNorm = 375.8789, GNorm = 0.3546, lr_0 = 3.4732e-04
Loss = 5.1398e-02, PNorm = 375.8940, GNorm = 0.3464, lr_0 = 3.4722e-04
Loss = 7.5657e-02, PNorm = 375.9114, GNorm = 0.2664, lr_0 = 3.4713e-04
Loss = 5.5850e-02, PNorm = 375.9263, GNorm = 0.5487, lr_0 = 3.4704e-04
Loss = 7.5225e-02, PNorm = 375.9433, GNorm = 0.3846, lr_0 = 3.4695e-04
Validation rmse = 3.467193
Epoch 47
Loss = 4.9980e-02, PNorm = 375.9616, GNorm = 0.3131, lr_0 = 3.4686e-04
Loss = 4.4271e-02, PNorm = 375.9788, GNorm = 0.2460, lr_0 = 3.4677e-04
Loss = 4.5370e-02, PNorm = 375.9948, GNorm = 0.2579, lr_0 = 3.4668e-04
Loss = 4.4120e-02, PNorm = 376.0104, GNorm = 0.3190, lr_0 = 3.4659e-04
Loss = 6.3382e-02, PNorm = 376.0264, GNorm = 0.3255, lr_0 = 3.4649e-04
Loss = 6.9802e-02, PNorm = 376.0432, GNorm = 0.5073, lr_0 = 3.4640e-04
Loss = 5.0111e-02, PNorm = 376.0598, GNorm = 0.4343, lr_0 = 3.4631e-04
Loss = 5.7161e-02, PNorm = 376.0769, GNorm = 0.2365, lr_0 = 3.4622e-04
Loss = 5.2047e-02, PNorm = 376.0917, GNorm = 0.2873, lr_0 = 3.4613e-04
Loss = 5.7851e-02, PNorm = 376.1074, GNorm = 0.4274, lr_0 = 3.4604e-04
Loss = 6.1818e-02, PNorm = 376.1238, GNorm = 0.4499, lr_0 = 3.4595e-04
Loss = 5.6511e-02, PNorm = 376.1432, GNorm = 0.4174, lr_0 = 3.4586e-04
Loss = 4.7669e-02, PNorm = 376.1576, GNorm = 0.2920, lr_0 = 3.4577e-04
Loss = 6.4762e-02, PNorm = 376.1713, GNorm = 0.9063, lr_0 = 3.4568e-04
Loss = 5.2541e-02, PNorm = 376.1873, GNorm = 0.3828, lr_0 = 3.4558e-04
Loss = 5.6333e-02, PNorm = 376.2041, GNorm = 0.3496, lr_0 = 3.4549e-04
Loss = 5.0828e-02, PNorm = 376.2199, GNorm = 0.5543, lr_0 = 3.4540e-04
Loss = 5.8145e-02, PNorm = 376.2331, GNorm = 0.5153, lr_0 = 3.4531e-04
Loss = 4.9503e-02, PNorm = 376.2492, GNorm = 0.2797, lr_0 = 3.4522e-04
Loss = 6.7395e-02, PNorm = 376.2623, GNorm = 0.2733, lr_0 = 3.4513e-04
Loss = 4.8877e-02, PNorm = 376.2737, GNorm = 0.3317, lr_0 = 3.4504e-04
Loss = 5.1355e-02, PNorm = 376.2842, GNorm = 0.5772, lr_0 = 3.4495e-04
Loss = 5.3408e-02, PNorm = 376.2982, GNorm = 0.3906, lr_0 = 3.4486e-04
Loss = 4.7340e-02, PNorm = 376.3141, GNorm = 0.4350, lr_0 = 3.4477e-04
Loss = 5.4895e-02, PNorm = 376.3297, GNorm = 0.6072, lr_0 = 3.4468e-04
Loss = 5.4279e-02, PNorm = 376.3448, GNorm = 0.4015, lr_0 = 3.4459e-04
Loss = 6.3255e-02, PNorm = 376.3596, GNorm = 0.5691, lr_0 = 3.4449e-04
Loss = 6.0444e-02, PNorm = 376.3726, GNorm = 0.5130, lr_0 = 3.4440e-04
Loss = 5.5971e-02, PNorm = 376.3874, GNorm = 0.3580, lr_0 = 3.4431e-04
Loss = 4.7553e-02, PNorm = 376.4022, GNorm = 0.4089, lr_0 = 3.4422e-04
Loss = 5.5718e-02, PNorm = 376.4185, GNorm = 0.3718, lr_0 = 3.4413e-04
Loss = 4.8780e-02, PNorm = 376.4329, GNorm = 0.3982, lr_0 = 3.4404e-04
Loss = 5.8102e-02, PNorm = 376.4470, GNorm = 0.4098, lr_0 = 3.4395e-04
Loss = 5.5131e-02, PNorm = 376.4621, GNorm = 0.5712, lr_0 = 3.4386e-04
Loss = 7.0209e-02, PNorm = 376.4799, GNorm = 0.3685, lr_0 = 3.4377e-04
Loss = 5.6337e-02, PNorm = 376.4972, GNorm = 0.3952, lr_0 = 3.4368e-04
Loss = 4.3258e-02, PNorm = 376.5149, GNorm = 0.3639, lr_0 = 3.4359e-04
Loss = 5.6053e-02, PNorm = 376.5302, GNorm = 0.3085, lr_0 = 3.4350e-04
Loss = 4.5290e-02, PNorm = 376.5448, GNorm = 0.4389, lr_0 = 3.4341e-04
Loss = 4.2755e-02, PNorm = 376.5590, GNorm = 0.3174, lr_0 = 3.4332e-04
Loss = 4.0120e-02, PNorm = 376.5712, GNorm = 0.3418, lr_0 = 3.4323e-04
Loss = 6.0389e-02, PNorm = 376.5839, GNorm = 0.4027, lr_0 = 3.4314e-04
Loss = 5.7847e-02, PNorm = 376.5984, GNorm = 1.0853, lr_0 = 3.4305e-04
Loss = 4.8492e-02, PNorm = 376.6136, GNorm = 0.3564, lr_0 = 3.4296e-04
Loss = 5.0524e-02, PNorm = 376.6281, GNorm = 0.4522, lr_0 = 3.4287e-04
Loss = 4.9266e-02, PNorm = 376.6436, GNorm = 0.3204, lr_0 = 3.4278e-04
Loss = 4.9095e-02, PNorm = 376.6577, GNorm = 0.2393, lr_0 = 3.4269e-04
Loss = 6.6449e-02, PNorm = 376.6697, GNorm = 0.3737, lr_0 = 3.4260e-04
Loss = 6.4404e-02, PNorm = 376.6847, GNorm = 0.3300, lr_0 = 3.4251e-04
Loss = 7.4603e-02, PNorm = 376.7023, GNorm = 0.2039, lr_0 = 3.4242e-04
Loss = 5.3517e-02, PNorm = 376.7207, GNorm = 0.2610, lr_0 = 3.4233e-04
Loss = 5.4919e-02, PNorm = 376.7359, GNorm = 0.7989, lr_0 = 3.4224e-04
Loss = 5.5397e-02, PNorm = 376.7512, GNorm = 0.4933, lr_0 = 3.4215e-04
Loss = 6.1137e-02, PNorm = 376.7706, GNorm = 0.2702, lr_0 = 3.4206e-04
Loss = 7.3942e-02, PNorm = 376.7886, GNorm = 0.3646, lr_0 = 3.4197e-04
Loss = 6.2476e-02, PNorm = 376.8079, GNorm = 0.6697, lr_0 = 3.4188e-04
Loss = 4.9764e-02, PNorm = 376.8256, GNorm = 0.3698, lr_0 = 3.4179e-04
Loss = 5.6708e-02, PNorm = 376.8408, GNorm = 0.3140, lr_0 = 3.4170e-04
Loss = 4.8732e-02, PNorm = 376.8557, GNorm = 0.3859, lr_0 = 3.4161e-04
Loss = 6.0177e-02, PNorm = 376.8710, GNorm = 0.4427, lr_0 = 3.4152e-04
Loss = 5.4418e-02, PNorm = 376.8865, GNorm = 0.3518, lr_0 = 3.4143e-04
Loss = 5.8560e-02, PNorm = 376.9010, GNorm = 0.3764, lr_0 = 3.4134e-04
Loss = 4.5806e-02, PNorm = 376.9185, GNorm = 0.3436, lr_0 = 3.4125e-04
Loss = 5.8879e-02, PNorm = 376.9342, GNorm = 0.5487, lr_0 = 3.4116e-04
Loss = 6.9760e-02, PNorm = 376.9498, GNorm = 0.8554, lr_0 = 3.4107e-04
Loss = 5.7369e-02, PNorm = 376.9672, GNorm = 0.5961, lr_0 = 3.4098e-04
Loss = 5.9228e-02, PNorm = 376.9837, GNorm = 0.7148, lr_0 = 3.4089e-04
Loss = 4.6532e-02, PNorm = 376.9989, GNorm = 0.4530, lr_0 = 3.4080e-04
Loss = 5.5852e-02, PNorm = 377.0158, GNorm = 0.3468, lr_0 = 3.4071e-04
Loss = 5.5865e-02, PNorm = 377.0320, GNorm = 0.4624, lr_0 = 3.4062e-04
Loss = 5.1425e-02, PNorm = 377.0465, GNorm = 0.2824, lr_0 = 3.4053e-04
Loss = 5.8930e-02, PNorm = 377.0622, GNorm = 0.4937, lr_0 = 3.4044e-04
Loss = 7.0978e-02, PNorm = 377.0760, GNorm = 0.3051, lr_0 = 3.4035e-04
Loss = 5.5879e-02, PNorm = 377.0909, GNorm = 0.5339, lr_0 = 3.4026e-04
Loss = 5.9622e-02, PNorm = 377.1090, GNorm = 0.4976, lr_0 = 3.4017e-04
Loss = 5.3486e-02, PNorm = 377.1277, GNorm = 0.7420, lr_0 = 3.4008e-04
Loss = 5.8690e-02, PNorm = 377.1426, GNorm = 0.5012, lr_0 = 3.3999e-04
Loss = 4.2310e-02, PNorm = 377.1559, GNorm = 0.3144, lr_0 = 3.3990e-04
Loss = 6.0788e-02, PNorm = 377.1701, GNorm = 0.3282, lr_0 = 3.3981e-04
Loss = 5.7703e-02, PNorm = 377.1847, GNorm = 0.4330, lr_0 = 3.3972e-04
Loss = 5.2409e-02, PNorm = 377.1975, GNorm = 0.4391, lr_0 = 3.3963e-04
Loss = 5.2049e-02, PNorm = 377.2136, GNorm = 0.4688, lr_0 = 3.3955e-04
Loss = 5.6083e-02, PNorm = 377.2316, GNorm = 0.4492, lr_0 = 3.3946e-04
Loss = 6.6547e-02, PNorm = 377.2497, GNorm = 0.4332, lr_0 = 3.3937e-04
Loss = 4.9117e-02, PNorm = 377.2660, GNorm = 0.3146, lr_0 = 3.3928e-04
Loss = 5.4181e-02, PNorm = 377.2833, GNorm = 0.3451, lr_0 = 3.3919e-04
Loss = 6.6423e-02, PNorm = 377.3024, GNorm = 0.5254, lr_0 = 3.3910e-04
Loss = 7.4561e-02, PNorm = 377.3190, GNorm = 0.6024, lr_0 = 3.3901e-04
Loss = 5.3573e-02, PNorm = 377.3375, GNorm = 0.3748, lr_0 = 3.3892e-04
Validation rmse = 3.467996
Epoch 48
Loss = 4.6429e-02, PNorm = 377.3545, GNorm = 0.3409, lr_0 = 3.3883e-04
Loss = 4.6124e-02, PNorm = 377.3704, GNorm = 0.3764, lr_0 = 3.3874e-04
Loss = 6.5399e-02, PNorm = 377.3833, GNorm = 0.5377, lr_0 = 3.3865e-04
Loss = 6.0677e-02, PNorm = 377.3973, GNorm = 0.3543, lr_0 = 3.3856e-04
Loss = 5.2829e-02, PNorm = 377.4118, GNorm = 0.3212, lr_0 = 3.3848e-04
Loss = 5.4158e-02, PNorm = 377.4233, GNorm = 0.3392, lr_0 = 3.3839e-04
Loss = 4.5984e-02, PNorm = 377.4324, GNorm = 0.4881, lr_0 = 3.3830e-04
Loss = 5.0819e-02, PNorm = 377.4443, GNorm = 0.5338, lr_0 = 3.3821e-04
Loss = 5.1174e-02, PNorm = 377.4574, GNorm = 0.3418, lr_0 = 3.3812e-04
Loss = 4.5949e-02, PNorm = 377.4729, GNorm = 0.3907, lr_0 = 3.3803e-04
Loss = 5.8863e-02, PNorm = 377.4858, GNorm = 0.4549, lr_0 = 3.3794e-04
Loss = 4.9698e-02, PNorm = 377.4989, GNorm = 0.3202, lr_0 = 3.3785e-04
Loss = 5.9980e-02, PNorm = 377.5125, GNorm = 0.3054, lr_0 = 3.3776e-04
Loss = 5.2232e-02, PNorm = 377.5266, GNorm = 0.4373, lr_0 = 3.3767e-04
Loss = 5.2229e-02, PNorm = 377.5419, GNorm = 0.3548, lr_0 = 3.3759e-04
Loss = 7.4145e-02, PNorm = 377.5579, GNorm = 0.3439, lr_0 = 3.3750e-04
Loss = 5.7376e-02, PNorm = 377.5739, GNorm = 0.4697, lr_0 = 3.3741e-04
Loss = 5.2060e-02, PNorm = 377.5901, GNorm = 0.3830, lr_0 = 3.3732e-04
Loss = 5.8691e-02, PNorm = 377.6047, GNorm = 0.6796, lr_0 = 3.3723e-04
Loss = 6.1448e-02, PNorm = 377.6204, GNorm = 0.5452, lr_0 = 3.3714e-04
Loss = 4.3107e-02, PNorm = 377.6374, GNorm = 0.2757, lr_0 = 3.3705e-04
Loss = 4.4400e-02, PNorm = 377.6532, GNorm = 0.3970, lr_0 = 3.3696e-04
Loss = 6.0324e-02, PNorm = 377.6681, GNorm = 0.2944, lr_0 = 3.3688e-04
Loss = 4.3798e-02, PNorm = 377.6820, GNorm = 0.2957, lr_0 = 3.3679e-04
Loss = 5.5785e-02, PNorm = 377.6936, GNorm = 0.4268, lr_0 = 3.3670e-04
Loss = 5.5060e-02, PNorm = 377.7093, GNorm = 0.4878, lr_0 = 3.3661e-04
Loss = 5.7807e-02, PNorm = 377.7219, GNorm = 0.3528, lr_0 = 3.3652e-04
Loss = 4.1641e-02, PNorm = 377.7345, GNorm = 0.3983, lr_0 = 3.3643e-04
Loss = 5.1010e-02, PNorm = 377.7460, GNorm = 0.4581, lr_0 = 3.3634e-04
Loss = 6.6898e-02, PNorm = 377.7601, GNorm = 1.7444, lr_0 = 3.3626e-04
Loss = 4.9654e-02, PNorm = 377.7726, GNorm = 0.3876, lr_0 = 3.3617e-04
Loss = 4.9726e-02, PNorm = 377.7851, GNorm = 0.3538, lr_0 = 3.3608e-04
Loss = 7.2445e-02, PNorm = 377.7995, GNorm = 0.4424, lr_0 = 3.3599e-04
Loss = 6.8868e-02, PNorm = 377.8134, GNorm = 0.2632, lr_0 = 3.3590e-04
Loss = 4.6066e-02, PNorm = 377.8280, GNorm = 0.3639, lr_0 = 3.3581e-04
Loss = 4.5776e-02, PNorm = 377.8420, GNorm = 0.3293, lr_0 = 3.3573e-04
Loss = 5.7300e-02, PNorm = 377.8566, GNorm = 0.3040, lr_0 = 3.3564e-04
Loss = 5.1830e-02, PNorm = 377.8729, GNorm = 0.4161, lr_0 = 3.3555e-04
Loss = 4.9291e-02, PNorm = 377.8879, GNorm = 0.3741, lr_0 = 3.3546e-04
Loss = 4.5255e-02, PNorm = 377.9034, GNorm = 0.2970, lr_0 = 3.3537e-04
Loss = 5.3882e-02, PNorm = 377.9169, GNorm = 0.5681, lr_0 = 3.3528e-04
Loss = 5.2946e-02, PNorm = 377.9309, GNorm = 0.4406, lr_0 = 3.3520e-04
Loss = 4.5286e-02, PNorm = 377.9443, GNorm = 0.3178, lr_0 = 3.3511e-04
Loss = 6.1297e-02, PNorm = 377.9567, GNorm = 0.2854, lr_0 = 3.3502e-04
Loss = 6.1722e-02, PNorm = 377.9705, GNorm = 0.4106, lr_0 = 3.3493e-04
Loss = 5.4245e-02, PNorm = 377.9858, GNorm = 0.6065, lr_0 = 3.3484e-04
Loss = 6.4449e-02, PNorm = 378.0016, GNorm = 0.3151, lr_0 = 3.3476e-04
Loss = 4.8519e-02, PNorm = 378.0165, GNorm = 0.5757, lr_0 = 3.3467e-04
Loss = 5.5669e-02, PNorm = 378.0297, GNorm = 0.3747, lr_0 = 3.3458e-04
Loss = 4.3677e-02, PNorm = 378.0443, GNorm = 0.3846, lr_0 = 3.3449e-04
Loss = 5.5999e-02, PNorm = 378.0599, GNorm = 0.2736, lr_0 = 3.3440e-04
Loss = 5.4545e-02, PNorm = 378.0735, GNorm = 0.6954, lr_0 = 3.3432e-04
Loss = 6.6017e-02, PNorm = 378.0855, GNorm = 0.3865, lr_0 = 3.3423e-04
Loss = 5.4024e-02, PNorm = 378.1004, GNorm = 0.4413, lr_0 = 3.3414e-04
Loss = 5.2683e-02, PNorm = 378.1171, GNorm = 0.2499, lr_0 = 3.3405e-04
Loss = 4.9568e-02, PNorm = 378.1292, GNorm = 0.3421, lr_0 = 3.3396e-04
Loss = 4.8329e-02, PNorm = 378.1426, GNorm = 0.4242, lr_0 = 3.3388e-04
Loss = 5.1730e-02, PNorm = 378.1562, GNorm = 0.3563, lr_0 = 3.3379e-04
Loss = 5.4830e-02, PNorm = 378.1688, GNorm = 0.6989, lr_0 = 3.3370e-04
Loss = 6.1204e-02, PNorm = 378.1812, GNorm = 0.6787, lr_0 = 3.3361e-04
Loss = 4.2001e-02, PNorm = 378.1942, GNorm = 0.3341, lr_0 = 3.3352e-04
Loss = 8.5330e-02, PNorm = 378.2099, GNorm = 0.6722, lr_0 = 3.3344e-04
Loss = 5.1151e-02, PNorm = 378.2244, GNorm = 0.5082, lr_0 = 3.3335e-04
Loss = 5.9276e-02, PNorm = 378.2391, GNorm = 0.7864, lr_0 = 3.3326e-04
Loss = 4.4517e-02, PNorm = 378.2539, GNorm = 0.3516, lr_0 = 3.3317e-04
Loss = 4.7481e-02, PNorm = 378.2698, GNorm = 0.3688, lr_0 = 3.3309e-04
Loss = 4.5430e-02, PNorm = 378.2835, GNorm = 0.3665, lr_0 = 3.3300e-04
Loss = 6.3373e-02, PNorm = 378.2993, GNorm = 0.4854, lr_0 = 3.3291e-04
Loss = 6.4272e-02, PNorm = 378.3115, GNorm = 0.3817, lr_0 = 3.3282e-04
Loss = 4.6593e-02, PNorm = 378.3265, GNorm = 0.3286, lr_0 = 3.3274e-04
Loss = 4.3708e-02, PNorm = 378.3404, GNorm = 0.3175, lr_0 = 3.3265e-04
Loss = 5.5460e-02, PNorm = 378.3517, GNorm = 0.3220, lr_0 = 3.3256e-04
Loss = 7.1464e-02, PNorm = 378.3653, GNorm = 0.3488, lr_0 = 3.3247e-04
Loss = 5.3455e-02, PNorm = 378.3806, GNorm = 0.2435, lr_0 = 3.3239e-04
Loss = 4.8985e-02, PNorm = 378.3950, GNorm = 0.4355, lr_0 = 3.3230e-04
Loss = 6.0627e-02, PNorm = 378.4114, GNorm = 0.3259, lr_0 = 3.3221e-04
Loss = 5.0212e-02, PNorm = 378.4287, GNorm = 0.3495, lr_0 = 3.3212e-04
Loss = 5.5437e-02, PNorm = 378.4444, GNorm = 0.3349, lr_0 = 3.3204e-04
Loss = 6.2244e-02, PNorm = 378.4612, GNorm = 0.4099, lr_0 = 3.3195e-04
Loss = 4.7278e-02, PNorm = 378.4788, GNorm = 0.3579, lr_0 = 3.3186e-04
Loss = 4.3024e-02, PNorm = 378.4936, GNorm = 0.3691, lr_0 = 3.3177e-04
Loss = 5.8014e-02, PNorm = 378.5087, GNorm = 0.2304, lr_0 = 3.3169e-04
Loss = 4.3503e-02, PNorm = 378.5260, GNorm = 0.2567, lr_0 = 3.3160e-04
Loss = 5.6111e-02, PNorm = 378.5395, GNorm = 0.3045, lr_0 = 3.3151e-04
Loss = 5.5331e-02, PNorm = 378.5531, GNorm = 0.5084, lr_0 = 3.3143e-04
Loss = 5.4886e-02, PNorm = 378.5683, GNorm = 0.3585, lr_0 = 3.3134e-04
Loss = 4.8205e-02, PNorm = 378.5832, GNorm = 0.4471, lr_0 = 3.3125e-04
Loss = 4.4994e-02, PNorm = 378.5967, GNorm = 0.2793, lr_0 = 3.3116e-04
Loss = 6.5819e-02, PNorm = 378.6113, GNorm = 0.2805, lr_0 = 3.3108e-04
Validation rmse = 3.484146
Epoch 49
Loss = 3.8323e-02, PNorm = 378.6286, GNorm = 0.3778, lr_0 = 3.3099e-04
Loss = 6.3606e-02, PNorm = 378.6457, GNorm = 0.2897, lr_0 = 3.3090e-04
Loss = 5.4267e-02, PNorm = 378.6616, GNorm = 0.3153, lr_0 = 3.3082e-04
Loss = 4.3280e-02, PNorm = 378.6746, GNorm = 0.3794, lr_0 = 3.3073e-04
Loss = 5.5336e-02, PNorm = 378.6857, GNorm = 0.1887, lr_0 = 3.3064e-04
Loss = 5.3653e-02, PNorm = 378.6951, GNorm = 0.3828, lr_0 = 3.3055e-04
Loss = 4.8416e-02, PNorm = 378.7050, GNorm = 0.5848, lr_0 = 3.3047e-04
Loss = 4.9951e-02, PNorm = 378.7171, GNorm = 0.3974, lr_0 = 3.3038e-04
Loss = 5.0384e-02, PNorm = 378.7310, GNorm = 0.4873, lr_0 = 3.3029e-04
Loss = 5.4201e-02, PNorm = 378.7453, GNorm = 0.3849, lr_0 = 3.3021e-04
Loss = 4.9154e-02, PNorm = 378.7596, GNorm = 0.2867, lr_0 = 3.3012e-04
Loss = 4.9227e-02, PNorm = 378.7746, GNorm = 0.3528, lr_0 = 3.3003e-04
Loss = 5.1504e-02, PNorm = 378.7874, GNorm = 0.4759, lr_0 = 3.2995e-04
Loss = 4.6678e-02, PNorm = 378.8010, GNorm = 0.2806, lr_0 = 3.2986e-04
Loss = 5.5109e-02, PNorm = 378.8157, GNorm = 0.3183, lr_0 = 3.2977e-04
Loss = 5.3955e-02, PNorm = 378.8290, GNorm = 0.5671, lr_0 = 3.2969e-04
Loss = 5.8157e-02, PNorm = 378.8400, GNorm = 0.4591, lr_0 = 3.2960e-04
Loss = 4.6287e-02, PNorm = 378.8524, GNorm = 0.6100, lr_0 = 3.2951e-04
Loss = 5.6226e-02, PNorm = 378.8655, GNorm = 0.6871, lr_0 = 3.2943e-04
Loss = 4.9935e-02, PNorm = 378.8812, GNorm = 0.3101, lr_0 = 3.2934e-04
Loss = 4.8052e-02, PNorm = 378.8957, GNorm = 0.4934, lr_0 = 3.2925e-04
Loss = 4.2513e-02, PNorm = 378.9088, GNorm = 0.2496, lr_0 = 3.2917e-04
Loss = 4.9147e-02, PNorm = 378.9216, GNorm = 0.3675, lr_0 = 3.2908e-04
Loss = 5.6678e-02, PNorm = 378.9327, GNorm = 0.5646, lr_0 = 3.2899e-04
Loss = 4.4193e-02, PNorm = 378.9480, GNorm = 0.2948, lr_0 = 3.2891e-04
Loss = 5.2707e-02, PNorm = 378.9623, GNorm = 0.3745, lr_0 = 3.2882e-04
Loss = 4.7202e-02, PNorm = 378.9753, GNorm = 0.3149, lr_0 = 3.2873e-04
Loss = 5.2557e-02, PNorm = 378.9857, GNorm = 0.2923, lr_0 = 3.2865e-04
Loss = 4.7797e-02, PNorm = 378.9965, GNorm = 0.4040, lr_0 = 3.2856e-04
Loss = 6.3374e-02, PNorm = 379.0094, GNorm = 0.3304, lr_0 = 3.2847e-04
Loss = 4.9132e-02, PNorm = 379.0226, GNorm = 0.4550, lr_0 = 3.2839e-04
Loss = 4.8493e-02, PNorm = 379.0350, GNorm = 0.3259, lr_0 = 3.2830e-04
Loss = 7.2983e-02, PNorm = 379.0476, GNorm = 0.4535, lr_0 = 3.2821e-04
Loss = 6.7019e-02, PNorm = 379.0642, GNorm = 0.3860, lr_0 = 3.2813e-04
Loss = 5.5331e-02, PNorm = 379.0813, GNorm = 0.2921, lr_0 = 3.2804e-04
Loss = 4.9859e-02, PNorm = 379.0975, GNorm = 0.4926, lr_0 = 3.2796e-04
Loss = 5.3309e-02, PNorm = 379.1115, GNorm = 0.3995, lr_0 = 3.2787e-04
Loss = 5.0962e-02, PNorm = 379.1253, GNorm = 0.5049, lr_0 = 3.2778e-04
Loss = 4.9695e-02, PNorm = 379.1395, GNorm = 0.2455, lr_0 = 3.2770e-04
Loss = 5.3653e-02, PNorm = 379.1535, GNorm = 0.3693, lr_0 = 3.2761e-04
Loss = 5.5626e-02, PNorm = 379.1665, GNorm = 0.3908, lr_0 = 3.2752e-04
Loss = 5.5686e-02, PNorm = 379.1802, GNorm = 0.3876, lr_0 = 3.2744e-04
Loss = 4.2549e-02, PNorm = 379.1919, GNorm = 0.2822, lr_0 = 3.2735e-04
Loss = 4.7785e-02, PNorm = 379.2035, GNorm = 0.4432, lr_0 = 3.2727e-04
Loss = 5.3495e-02, PNorm = 379.2147, GNorm = 0.2322, lr_0 = 3.2718e-04
Loss = 4.8168e-02, PNorm = 379.2261, GNorm = 0.3771, lr_0 = 3.2709e-04
Loss = 4.7824e-02, PNorm = 379.2375, GNorm = 0.3692, lr_0 = 3.2701e-04
Loss = 6.6605e-02, PNorm = 379.2503, GNorm = 0.3425, lr_0 = 3.2692e-04
Loss = 5.6929e-02, PNorm = 379.2663, GNorm = 0.4323, lr_0 = 3.2684e-04
Loss = 5.2229e-02, PNorm = 379.2808, GNorm = 0.4620, lr_0 = 3.2675e-04
Loss = 4.8227e-02, PNorm = 379.2933, GNorm = 0.2759, lr_0 = 3.2666e-04
Loss = 4.4427e-02, PNorm = 379.3064, GNorm = 0.4376, lr_0 = 3.2658e-04
Loss = 4.5283e-02, PNorm = 379.3194, GNorm = 0.3781, lr_0 = 3.2649e-04
Loss = 5.4314e-02, PNorm = 379.3341, GNorm = 0.8072, lr_0 = 3.2641e-04
Loss = 7.1834e-02, PNorm = 379.3477, GNorm = 0.3041, lr_0 = 3.2632e-04
Loss = 4.7590e-02, PNorm = 379.3616, GNorm = 0.2402, lr_0 = 3.2623e-04
Loss = 4.8883e-02, PNorm = 379.3761, GNorm = 0.2478, lr_0 = 3.2615e-04
Loss = 4.6619e-02, PNorm = 379.3901, GNorm = 0.3112, lr_0 = 3.2606e-04
Loss = 5.0021e-02, PNorm = 379.4034, GNorm = 0.2939, lr_0 = 3.2598e-04
Loss = 5.6258e-02, PNorm = 379.4148, GNorm = 0.3432, lr_0 = 3.2589e-04
Loss = 4.9207e-02, PNorm = 379.4256, GNorm = 0.4781, lr_0 = 3.2581e-04
Loss = 6.2724e-02, PNorm = 379.4376, GNorm = 0.3147, lr_0 = 3.2572e-04
Loss = 6.0420e-02, PNorm = 379.4520, GNorm = 0.4907, lr_0 = 3.2563e-04
Loss = 4.6408e-02, PNorm = 379.4638, GNorm = 0.2394, lr_0 = 3.2555e-04
Loss = 5.4326e-02, PNorm = 379.4749, GNorm = 0.2408, lr_0 = 3.2546e-04
Loss = 4.5635e-02, PNorm = 379.4892, GNorm = 0.2887, lr_0 = 3.2538e-04
Loss = 5.2929e-02, PNorm = 379.5025, GNorm = 0.3698, lr_0 = 3.2529e-04
Loss = 4.9453e-02, PNorm = 379.5187, GNorm = 0.3061, lr_0 = 3.2521e-04
Loss = 6.7594e-02, PNorm = 379.5315, GNorm = 0.3667, lr_0 = 3.2512e-04
Loss = 5.9747e-02, PNorm = 379.5458, GNorm = 0.3722, lr_0 = 3.2503e-04
Loss = 6.3614e-02, PNorm = 379.5608, GNorm = 0.2920, lr_0 = 3.2495e-04
Loss = 4.7776e-02, PNorm = 379.5751, GNorm = 0.3693, lr_0 = 3.2486e-04
Loss = 5.0543e-02, PNorm = 379.5892, GNorm = 0.3517, lr_0 = 3.2478e-04
Loss = 6.8431e-02, PNorm = 379.6029, GNorm = 0.2910, lr_0 = 3.2469e-04
Loss = 4.5565e-02, PNorm = 379.6149, GNorm = 0.2778, lr_0 = 3.2461e-04
Loss = 7.7739e-02, PNorm = 379.6269, GNorm = 0.3923, lr_0 = 3.2452e-04
Loss = 4.6173e-02, PNorm = 379.6415, GNorm = 0.3243, lr_0 = 3.2444e-04
Loss = 5.3390e-02, PNorm = 379.6543, GNorm = 0.2958, lr_0 = 3.2435e-04
Loss = 5.3860e-02, PNorm = 379.6654, GNorm = 0.4295, lr_0 = 3.2427e-04
Loss = 5.7508e-02, PNorm = 379.6787, GNorm = 0.4768, lr_0 = 3.2418e-04
Loss = 4.8167e-02, PNorm = 379.6929, GNorm = 0.2794, lr_0 = 3.2410e-04
Loss = 4.8455e-02, PNorm = 379.7051, GNorm = 0.3783, lr_0 = 3.2401e-04
Loss = 5.1091e-02, PNorm = 379.7161, GNorm = 0.2570, lr_0 = 3.2392e-04
Loss = 4.2597e-02, PNorm = 379.7278, GNorm = 0.4084, lr_0 = 3.2384e-04
Loss = 5.1889e-02, PNorm = 379.7406, GNorm = 0.2985, lr_0 = 3.2375e-04
Loss = 4.5500e-02, PNorm = 379.7541, GNorm = 0.2318, lr_0 = 3.2367e-04
Loss = 5.1098e-02, PNorm = 379.7672, GNorm = 0.3482, lr_0 = 3.2358e-04
Loss = 4.9510e-02, PNorm = 379.7775, GNorm = 0.4037, lr_0 = 3.2350e-04
Loss = 5.0345e-02, PNorm = 379.7893, GNorm = 0.5100, lr_0 = 3.2341e-04
Loss = 5.7663e-02, PNorm = 379.8020, GNorm = 0.2987, lr_0 = 3.2333e-04
Validation rmse = 3.464025
Epoch 50
Loss = 3.5979e-02, PNorm = 379.8162, GNorm = 0.2873, lr_0 = 3.2324e-04
Loss = 4.6828e-02, PNorm = 379.8287, GNorm = 0.5094, lr_0 = 3.2316e-04
Loss = 4.2075e-02, PNorm = 379.8407, GNorm = 0.3160, lr_0 = 3.2307e-04
Loss = 3.5553e-02, PNorm = 379.8518, GNorm = 0.3157, lr_0 = 3.2299e-04
Loss = 5.1564e-02, PNorm = 379.8613, GNorm = 0.3430, lr_0 = 3.2290e-04
Loss = 4.9236e-02, PNorm = 379.8734, GNorm = 0.3211, lr_0 = 3.2282e-04
Loss = 4.8176e-02, PNorm = 379.8861, GNorm = 0.2985, lr_0 = 3.2273e-04
Loss = 5.0068e-02, PNorm = 379.8999, GNorm = 0.5021, lr_0 = 3.2265e-04
Loss = 4.3659e-02, PNorm = 379.9130, GNorm = 0.4616, lr_0 = 3.2256e-04
Loss = 3.8320e-02, PNorm = 379.9271, GNorm = 0.3583, lr_0 = 3.2248e-04
Loss = 4.1735e-02, PNorm = 379.9397, GNorm = 0.4186, lr_0 = 3.2239e-04
Loss = 5.1834e-02, PNorm = 379.9509, GNorm = 0.5077, lr_0 = 3.2231e-04
Loss = 5.2271e-02, PNorm = 379.9607, GNorm = 0.4499, lr_0 = 3.2222e-04
Loss = 4.1800e-02, PNorm = 379.9713, GNorm = 0.6444, lr_0 = 3.2214e-04
Loss = 5.6001e-02, PNorm = 379.9834, GNorm = 0.3709, lr_0 = 3.2206e-04
Loss = 5.2192e-02, PNorm = 379.9949, GNorm = 0.4987, lr_0 = 3.2197e-04
Loss = 5.6074e-02, PNorm = 380.0076, GNorm = 0.3080, lr_0 = 3.2189e-04
Loss = 4.7511e-02, PNorm = 380.0202, GNorm = 0.3864, lr_0 = 3.2180e-04
Loss = 4.8556e-02, PNorm = 380.0337, GNorm = 0.5352, lr_0 = 3.2172e-04
Loss = 5.3766e-02, PNorm = 380.0489, GNorm = 0.3940, lr_0 = 3.2163e-04
Loss = 6.5091e-02, PNorm = 380.0636, GNorm = 0.2575, lr_0 = 3.2155e-04
Loss = 6.1378e-02, PNorm = 380.0775, GNorm = 0.5144, lr_0 = 3.2146e-04
Loss = 4.6529e-02, PNorm = 380.0908, GNorm = 0.5233, lr_0 = 3.2138e-04
Loss = 4.8008e-02, PNorm = 380.1038, GNorm = 0.2846, lr_0 = 3.2129e-04
Loss = 5.6644e-02, PNorm = 380.1155, GNorm = 0.6668, lr_0 = 3.2121e-04
Loss = 4.5096e-02, PNorm = 380.1284, GNorm = 0.2799, lr_0 = 3.2112e-04
Loss = 5.3537e-02, PNorm = 380.1424, GNorm = 0.2563, lr_0 = 3.2104e-04
Loss = 4.9064e-02, PNorm = 380.1571, GNorm = 0.2770, lr_0 = 3.2096e-04
Loss = 4.9215e-02, PNorm = 380.1705, GNorm = 0.2900, lr_0 = 3.2087e-04
Loss = 5.2954e-02, PNorm = 380.1828, GNorm = 0.2965, lr_0 = 3.2079e-04
Loss = 5.0418e-02, PNorm = 380.1948, GNorm = 0.2817, lr_0 = 3.2070e-04
Loss = 5.1055e-02, PNorm = 380.2072, GNorm = 0.2298, lr_0 = 3.2062e-04
Loss = 4.4677e-02, PNorm = 380.2171, GNorm = 0.2691, lr_0 = 3.2053e-04
Loss = 5.3332e-02, PNorm = 380.2298, GNorm = 0.3542, lr_0 = 3.2045e-04
Loss = 5.8511e-02, PNorm = 380.2438, GNorm = 0.4482, lr_0 = 3.2036e-04
Loss = 5.6777e-02, PNorm = 380.2580, GNorm = 0.2844, lr_0 = 3.2028e-04
Loss = 4.4257e-02, PNorm = 380.2719, GNorm = 0.3933, lr_0 = 3.2020e-04
Loss = 5.2874e-02, PNorm = 380.2867, GNorm = 0.4066, lr_0 = 3.2011e-04
Loss = 4.9966e-02, PNorm = 380.2979, GNorm = 0.4146, lr_0 = 3.2003e-04
Loss = 4.0831e-02, PNorm = 380.3112, GNorm = 0.3184, lr_0 = 3.1994e-04
Loss = 4.4546e-02, PNorm = 380.3242, GNorm = 0.2170, lr_0 = 3.1986e-04
Loss = 4.9339e-02, PNorm = 380.3360, GNorm = 0.3375, lr_0 = 3.1978e-04
Loss = 6.0054e-02, PNorm = 380.3497, GNorm = 0.4497, lr_0 = 3.1969e-04
Loss = 4.9823e-02, PNorm = 380.3616, GNorm = 0.6157, lr_0 = 3.1961e-04
Loss = 5.1434e-02, PNorm = 380.3755, GNorm = 0.4277, lr_0 = 3.1952e-04
Loss = 5.0128e-02, PNorm = 380.3879, GNorm = 0.3356, lr_0 = 3.1944e-04
Loss = 4.4256e-02, PNorm = 380.4005, GNorm = 0.3946, lr_0 = 3.1935e-04
Loss = 5.5659e-02, PNorm = 380.4125, GNorm = 0.3687, lr_0 = 3.1927e-04
Loss = 4.4968e-02, PNorm = 380.4250, GNorm = 0.3483, lr_0 = 3.1919e-04
Loss = 5.0597e-02, PNorm = 380.4367, GNorm = 0.3765, lr_0 = 3.1910e-04
Loss = 4.4991e-02, PNorm = 380.4490, GNorm = 0.4519, lr_0 = 3.1902e-04
Loss = 5.9672e-02, PNorm = 380.4628, GNorm = 0.2890, lr_0 = 3.1894e-04
Loss = 4.4093e-02, PNorm = 380.4782, GNorm = 0.3090, lr_0 = 3.1885e-04
Loss = 4.4691e-02, PNorm = 380.4926, GNorm = 0.4229, lr_0 = 3.1877e-04
Loss = 5.2146e-02, PNorm = 380.5048, GNorm = 0.2538, lr_0 = 3.1868e-04
Loss = 4.5614e-02, PNorm = 380.5180, GNorm = 0.3964, lr_0 = 3.1860e-04
Loss = 5.7325e-02, PNorm = 380.5317, GNorm = 0.3713, lr_0 = 3.1852e-04
Loss = 4.2699e-02, PNorm = 380.5463, GNorm = 0.4602, lr_0 = 3.1843e-04
Loss = 5.5349e-02, PNorm = 380.5586, GNorm = 0.5176, lr_0 = 3.1835e-04
Loss = 6.2796e-02, PNorm = 380.5717, GNorm = 0.3039, lr_0 = 3.1826e-04
Loss = 5.5302e-02, PNorm = 380.5867, GNorm = 0.5837, lr_0 = 3.1818e-04
Loss = 6.0405e-02, PNorm = 380.5999, GNorm = 0.6162, lr_0 = 3.1810e-04
Loss = 5.5771e-02, PNorm = 380.6148, GNorm = 0.5032, lr_0 = 3.1801e-04
Loss = 5.4935e-02, PNorm = 380.6281, GNorm = 0.7635, lr_0 = 3.1793e-04
Loss = 4.4479e-02, PNorm = 380.6404, GNorm = 0.3324, lr_0 = 3.1785e-04
Loss = 5.8632e-02, PNorm = 380.6535, GNorm = 0.3440, lr_0 = 3.1776e-04
Loss = 7.3058e-02, PNorm = 380.6670, GNorm = 0.7135, lr_0 = 3.1768e-04
Loss = 4.1975e-02, PNorm = 380.6825, GNorm = 0.3055, lr_0 = 3.1760e-04
Loss = 8.6304e-02, PNorm = 380.6970, GNorm = 0.3866, lr_0 = 3.1751e-04
Loss = 4.9454e-02, PNorm = 380.7108, GNorm = 0.4142, lr_0 = 3.1743e-04
Loss = 5.3295e-02, PNorm = 380.7231, GNorm = 0.2526, lr_0 = 3.1734e-04
Loss = 4.9951e-02, PNorm = 380.7364, GNorm = 0.6038, lr_0 = 3.1726e-04
Loss = 7.4283e-02, PNorm = 380.7504, GNorm = 0.5824, lr_0 = 3.1718e-04
Loss = 5.3794e-02, PNorm = 380.7664, GNorm = 0.4139, lr_0 = 3.1709e-04
Loss = 4.9776e-02, PNorm = 380.7801, GNorm = 0.2949, lr_0 = 3.1701e-04
Loss = 5.6715e-02, PNorm = 380.7950, GNorm = 0.4317, lr_0 = 3.1693e-04
Loss = 5.6070e-02, PNorm = 380.8086, GNorm = 0.3728, lr_0 = 3.1684e-04
Loss = 5.2100e-02, PNorm = 380.8227, GNorm = 0.8874, lr_0 = 3.1676e-04
Loss = 5.0330e-02, PNorm = 380.8384, GNorm = 0.2715, lr_0 = 3.1668e-04
Loss = 6.0142e-02, PNorm = 380.8524, GNorm = 0.2724, lr_0 = 3.1659e-04
Loss = 4.3632e-02, PNorm = 380.8662, GNorm = 0.3240, lr_0 = 3.1651e-04
Loss = 4.4083e-02, PNorm = 380.8786, GNorm = 0.3531, lr_0 = 3.1643e-04
Loss = 5.0462e-02, PNorm = 380.8907, GNorm = 0.6077, lr_0 = 3.1634e-04
Loss = 4.8485e-02, PNorm = 380.9060, GNorm = 0.4515, lr_0 = 3.1626e-04
Loss = 4.6121e-02, PNorm = 380.9213, GNorm = 0.2710, lr_0 = 3.1618e-04
Loss = 6.2013e-02, PNorm = 380.9337, GNorm = 0.3243, lr_0 = 3.1609e-04
Loss = 5.4014e-02, PNorm = 380.9471, GNorm = 0.2902, lr_0 = 3.1601e-04
Loss = 4.8977e-02, PNorm = 380.9604, GNorm = 0.3893, lr_0 = 3.1593e-04
Loss = 5.7097e-02, PNorm = 380.9753, GNorm = 0.3158, lr_0 = 3.1585e-04
Validation rmse = 3.447811
Epoch 51
Loss = 4.6904e-02, PNorm = 380.9928, GNorm = 0.4135, lr_0 = 3.1575e-04
Loss = 4.4494e-02, PNorm = 381.0080, GNorm = 0.5549, lr_0 = 3.1567e-04
Loss = 5.2853e-02, PNorm = 381.0193, GNorm = 0.4664, lr_0 = 3.1559e-04
Loss = 5.1335e-02, PNorm = 381.0321, GNorm = 0.6797, lr_0 = 3.1550e-04
Loss = 4.3505e-02, PNorm = 381.0466, GNorm = 0.3621, lr_0 = 3.1542e-04
Loss = 5.2794e-02, PNorm = 381.0604, GNorm = 0.3018, lr_0 = 3.1534e-04
Loss = 4.8279e-02, PNorm = 381.0727, GNorm = 0.3932, lr_0 = 3.1526e-04
Loss = 5.5212e-02, PNorm = 381.0856, GNorm = 0.9612, lr_0 = 3.1517e-04
Loss = 4.7683e-02, PNorm = 381.0972, GNorm = 0.3768, lr_0 = 3.1509e-04
Loss = 4.6498e-02, PNorm = 381.1111, GNorm = 0.3426, lr_0 = 3.1501e-04
Loss = 4.7904e-02, PNorm = 381.1223, GNorm = 0.3470, lr_0 = 3.1492e-04
Loss = 4.8673e-02, PNorm = 381.1324, GNorm = 0.3833, lr_0 = 3.1484e-04
Loss = 4.0517e-02, PNorm = 381.1425, GNorm = 0.3281, lr_0 = 3.1476e-04
Loss = 3.9107e-02, PNorm = 381.1523, GNorm = 0.3280, lr_0 = 3.1468e-04
Loss = 4.0279e-02, PNorm = 381.1609, GNorm = 0.2503, lr_0 = 3.1459e-04
Loss = 4.2237e-02, PNorm = 381.1705, GNorm = 0.2266, lr_0 = 3.1451e-04
Loss = 4.9425e-02, PNorm = 381.1834, GNorm = 0.4959, lr_0 = 3.1443e-04
Loss = 4.4256e-02, PNorm = 381.1950, GNorm = 0.4395, lr_0 = 3.1434e-04
Loss = 5.1762e-02, PNorm = 381.2079, GNorm = 0.3173, lr_0 = 3.1426e-04
Loss = 4.5166e-02, PNorm = 381.2196, GNorm = 0.3707, lr_0 = 3.1418e-04
Loss = 4.7943e-02, PNorm = 381.2310, GNorm = 0.3512, lr_0 = 3.1410e-04
Loss = 4.8652e-02, PNorm = 381.2434, GNorm = 0.2992, lr_0 = 3.1401e-04
Loss = 4.2854e-02, PNorm = 381.2555, GNorm = 0.2971, lr_0 = 3.1393e-04
Loss = 5.8127e-02, PNorm = 381.2682, GNorm = 0.4678, lr_0 = 3.1385e-04
Loss = 5.2121e-02, PNorm = 381.2828, GNorm = 0.3791, lr_0 = 3.1377e-04
Loss = 5.8618e-02, PNorm = 381.2967, GNorm = 0.2629, lr_0 = 3.1368e-04
Loss = 5.2009e-02, PNorm = 381.3090, GNorm = 0.3282, lr_0 = 3.1360e-04
Loss = 5.4231e-02, PNorm = 381.3197, GNorm = 0.5728, lr_0 = 3.1352e-04
Loss = 4.0251e-02, PNorm = 381.3308, GNorm = 0.3775, lr_0 = 3.1344e-04
Loss = 4.6640e-02, PNorm = 381.3444, GNorm = 0.3198, lr_0 = 3.1335e-04
Loss = 4.5518e-02, PNorm = 381.3572, GNorm = 0.3668, lr_0 = 3.1327e-04
Loss = 4.8932e-02, PNorm = 381.3681, GNorm = 0.5918, lr_0 = 3.1319e-04
Loss = 4.1655e-02, PNorm = 381.3790, GNorm = 0.3903, lr_0 = 3.1311e-04
Loss = 4.6893e-02, PNorm = 381.3905, GNorm = 0.2217, lr_0 = 3.1302e-04
Loss = 4.8541e-02, PNorm = 381.4044, GNorm = 0.4095, lr_0 = 3.1294e-04
Loss = 7.5794e-02, PNorm = 381.4196, GNorm = 0.2509, lr_0 = 3.1286e-04
Loss = 6.2400e-02, PNorm = 381.4324, GNorm = 0.5159, lr_0 = 3.1278e-04
Loss = 4.3542e-02, PNorm = 381.4444, GNorm = 0.4919, lr_0 = 3.1269e-04
Loss = 5.2851e-02, PNorm = 381.4574, GNorm = 0.4136, lr_0 = 3.1261e-04
Loss = 4.2689e-02, PNorm = 381.4690, GNorm = 0.2714, lr_0 = 3.1253e-04
Loss = 5.7060e-02, PNorm = 381.4814, GNorm = 0.3280, lr_0 = 3.1245e-04
Loss = 5.3625e-02, PNorm = 381.4947, GNorm = 0.4926, lr_0 = 3.1237e-04
Loss = 5.4323e-02, PNorm = 381.5088, GNorm = 0.5205, lr_0 = 3.1228e-04
Loss = 5.4226e-02, PNorm = 381.5240, GNorm = 0.3536, lr_0 = 3.1220e-04
Loss = 4.1602e-02, PNorm = 381.5369, GNorm = 0.2309, lr_0 = 3.1212e-04
Loss = 5.5262e-02, PNorm = 381.5485, GNorm = 0.4348, lr_0 = 3.1204e-04
Loss = 4.4006e-02, PNorm = 381.5611, GNorm = 0.2700, lr_0 = 3.1196e-04
Loss = 3.9784e-02, PNorm = 381.5745, GNorm = 0.2484, lr_0 = 3.1187e-04
Loss = 4.8391e-02, PNorm = 381.5867, GNorm = 0.3145, lr_0 = 3.1179e-04
Loss = 4.6569e-02, PNorm = 381.5983, GNorm = 0.3936, lr_0 = 3.1171e-04
Loss = 5.0881e-02, PNorm = 381.6097, GNorm = 0.4761, lr_0 = 3.1163e-04
Loss = 5.9056e-02, PNorm = 381.6221, GNorm = 0.3184, lr_0 = 3.1155e-04
Loss = 5.9014e-02, PNorm = 381.6362, GNorm = 0.3146, lr_0 = 3.1146e-04
Loss = 5.2097e-02, PNorm = 381.6504, GNorm = 0.4475, lr_0 = 3.1138e-04
Loss = 4.9531e-02, PNorm = 381.6617, GNorm = 0.3469, lr_0 = 3.1130e-04
Loss = 6.1700e-02, PNorm = 381.6747, GNorm = 0.5864, lr_0 = 3.1122e-04
Loss = 4.5544e-02, PNorm = 381.6870, GNorm = 0.4178, lr_0 = 3.1114e-04
Loss = 6.3709e-02, PNorm = 381.6994, GNorm = 0.3547, lr_0 = 3.1105e-04
Loss = 4.9072e-02, PNorm = 381.7143, GNorm = 0.3043, lr_0 = 3.1097e-04
Loss = 6.4723e-02, PNorm = 381.7306, GNorm = 0.5200, lr_0 = 3.1089e-04
Loss = 5.3660e-02, PNorm = 381.7448, GNorm = 0.4496, lr_0 = 3.1081e-04
Loss = 4.3424e-02, PNorm = 381.7607, GNorm = 0.3027, lr_0 = 3.1073e-04
Loss = 5.9503e-02, PNorm = 381.7757, GNorm = 0.2798, lr_0 = 3.1064e-04
Loss = 4.6493e-02, PNorm = 381.7897, GNorm = 0.4143, lr_0 = 3.1056e-04
Loss = 4.8726e-02, PNorm = 381.8026, GNorm = 0.4168, lr_0 = 3.1048e-04
Loss = 5.0479e-02, PNorm = 381.8154, GNorm = 0.3294, lr_0 = 3.1040e-04
Loss = 5.3462e-02, PNorm = 381.8298, GNorm = 0.4399, lr_0 = 3.1032e-04
Loss = 4.3715e-02, PNorm = 381.8437, GNorm = 0.3153, lr_0 = 3.1024e-04
Loss = 5.2162e-02, PNorm = 381.8577, GNorm = 0.3829, lr_0 = 3.1015e-04
Loss = 4.6911e-02, PNorm = 381.8699, GNorm = 0.3474, lr_0 = 3.1007e-04
Loss = 4.9022e-02, PNorm = 381.8829, GNorm = 0.3101, lr_0 = 3.0999e-04
Loss = 4.8944e-02, PNorm = 381.8976, GNorm = 0.3140, lr_0 = 3.0991e-04
Loss = 7.0186e-02, PNorm = 381.9142, GNorm = 0.4286, lr_0 = 3.0983e-04
Loss = 5.0521e-02, PNorm = 381.9290, GNorm = 0.3631, lr_0 = 3.0975e-04
Loss = 5.0862e-02, PNorm = 381.9431, GNorm = 0.2986, lr_0 = 3.0967e-04
Loss = 4.7289e-02, PNorm = 381.9565, GNorm = 0.4011, lr_0 = 3.0958e-04
Loss = 5.4828e-02, PNorm = 381.9689, GNorm = 0.2587, lr_0 = 3.0950e-04
Loss = 7.1802e-02, PNorm = 381.9830, GNorm = 0.5018, lr_0 = 3.0942e-04
Loss = 4.7251e-02, PNorm = 381.9968, GNorm = 0.3219, lr_0 = 3.0934e-04
Loss = 4.5304e-02, PNorm = 382.0087, GNorm = 0.2817, lr_0 = 3.0926e-04
Loss = 5.4231e-02, PNorm = 382.0205, GNorm = 0.4354, lr_0 = 3.0918e-04
Loss = 4.9925e-02, PNorm = 382.0322, GNorm = 0.3494, lr_0 = 3.0910e-04
Loss = 5.6038e-02, PNorm = 382.0431, GNorm = 0.2466, lr_0 = 3.0901e-04
Loss = 3.9466e-02, PNorm = 382.0540, GNorm = 0.3456, lr_0 = 3.0893e-04
Loss = 5.7792e-02, PNorm = 382.0663, GNorm = 0.4090, lr_0 = 3.0885e-04
Loss = 6.7029e-02, PNorm = 382.0806, GNorm = 0.8102, lr_0 = 3.0877e-04
Loss = 5.3713e-02, PNorm = 382.0959, GNorm = 0.3685, lr_0 = 3.0869e-04
Loss = 4.6351e-02, PNorm = 382.1098, GNorm = 0.3282, lr_0 = 3.0861e-04
Loss = 6.5482e-02, PNorm = 382.1229, GNorm = 0.6306, lr_0 = 3.0853e-04
Validation rmse = 3.475835
Epoch 52
Loss = 3.8861e-02, PNorm = 382.1381, GNorm = 0.3758, lr_0 = 3.0845e-04
Loss = 4.8851e-02, PNorm = 382.1511, GNorm = 0.3967, lr_0 = 3.0836e-04
Loss = 4.0762e-02, PNorm = 382.1636, GNorm = 0.3338, lr_0 = 3.0828e-04
Loss = 5.0856e-02, PNorm = 382.1763, GNorm = 0.3283, lr_0 = 3.0820e-04
Loss = 4.3969e-02, PNorm = 382.1886, GNorm = 0.3913, lr_0 = 3.0812e-04
Loss = 4.1384e-02, PNorm = 382.2009, GNorm = 0.2892, lr_0 = 3.0804e-04
Loss = 4.5236e-02, PNorm = 382.2122, GNorm = 0.3627, lr_0 = 3.0796e-04
Loss = 4.6578e-02, PNorm = 382.2251, GNorm = 0.2775, lr_0 = 3.0788e-04
Loss = 3.9458e-02, PNorm = 382.2358, GNorm = 0.3835, lr_0 = 3.0780e-04
Loss = 3.6260e-02, PNorm = 382.2455, GNorm = 0.3115, lr_0 = 3.0772e-04
Loss = 4.5457e-02, PNorm = 382.2551, GNorm = 0.2976, lr_0 = 3.0764e-04
Loss = 5.1287e-02, PNorm = 382.2661, GNorm = 0.2948, lr_0 = 3.0755e-04
Loss = 4.2136e-02, PNorm = 382.2763, GNorm = 0.2247, lr_0 = 3.0747e-04
Loss = 5.3006e-02, PNorm = 382.2863, GNorm = 0.2609, lr_0 = 3.0739e-04
Loss = 4.3084e-02, PNorm = 382.2969, GNorm = 0.2428, lr_0 = 3.0731e-04
Loss = 4.4361e-02, PNorm = 382.3064, GNorm = 0.2534, lr_0 = 3.0723e-04
Loss = 4.7684e-02, PNorm = 382.3149, GNorm = 0.3171, lr_0 = 3.0715e-04
Loss = 4.3987e-02, PNorm = 382.3242, GNorm = 0.3165, lr_0 = 3.0707e-04
Loss = 5.4450e-02, PNorm = 382.3357, GNorm = 0.3110, lr_0 = 3.0699e-04
Loss = 3.9902e-02, PNorm = 382.3491, GNorm = 0.3590, lr_0 = 3.0691e-04
Loss = 4.9648e-02, PNorm = 382.3608, GNorm = 0.2335, lr_0 = 3.0683e-04
Loss = 5.3499e-02, PNorm = 382.3721, GNorm = 0.4371, lr_0 = 3.0675e-04
Loss = 4.8762e-02, PNorm = 382.3846, GNorm = 0.4402, lr_0 = 3.0667e-04
Loss = 4.2437e-02, PNorm = 382.3980, GNorm = 0.3859, lr_0 = 3.0658e-04
Loss = 6.6006e-02, PNorm = 382.4129, GNorm = 0.2435, lr_0 = 3.0650e-04
Loss = 4.6802e-02, PNorm = 382.4263, GNorm = 0.3748, lr_0 = 3.0642e-04
Loss = 5.1511e-02, PNorm = 382.4367, GNorm = 0.3992, lr_0 = 3.0634e-04
Loss = 5.7450e-02, PNorm = 382.4507, GNorm = 0.4610, lr_0 = 3.0626e-04
Loss = 4.2118e-02, PNorm = 382.4650, GNorm = 0.4358, lr_0 = 3.0618e-04
Loss = 3.9020e-02, PNorm = 382.4759, GNorm = 0.3729, lr_0 = 3.0610e-04
Loss = 4.7556e-02, PNorm = 382.4861, GNorm = 0.4447, lr_0 = 3.0602e-04
Loss = 4.9621e-02, PNorm = 382.4974, GNorm = 0.3616, lr_0 = 3.0594e-04
Loss = 5.6758e-02, PNorm = 382.5103, GNorm = 0.3806, lr_0 = 3.0586e-04
Loss = 5.0677e-02, PNorm = 382.5250, GNorm = 0.3043, lr_0 = 3.0578e-04
Loss = 4.8091e-02, PNorm = 382.5394, GNorm = 0.2967, lr_0 = 3.0570e-04
Loss = 4.0823e-02, PNorm = 382.5529, GNorm = 0.3121, lr_0 = 3.0562e-04
Loss = 4.3312e-02, PNorm = 382.5640, GNorm = 0.3766, lr_0 = 3.0554e-04
Loss = 4.6523e-02, PNorm = 382.5760, GNorm = 0.2887, lr_0 = 3.0546e-04
Loss = 4.5074e-02, PNorm = 382.5881, GNorm = 0.3605, lr_0 = 3.0538e-04
Loss = 4.6387e-02, PNorm = 382.6001, GNorm = 0.3651, lr_0 = 3.0530e-04
Loss = 6.1847e-02, PNorm = 382.6128, GNorm = 0.2398, lr_0 = 3.0522e-04
Loss = 4.7233e-02, PNorm = 382.6257, GNorm = 0.4274, lr_0 = 3.0514e-04
Loss = 4.1886e-02, PNorm = 382.6395, GNorm = 0.2331, lr_0 = 3.0506e-04
Loss = 5.4846e-02, PNorm = 382.6533, GNorm = 0.5336, lr_0 = 3.0498e-04
Loss = 5.0255e-02, PNorm = 382.6664, GNorm = 0.4145, lr_0 = 3.0490e-04
Loss = 5.5567e-02, PNorm = 382.6798, GNorm = 0.8071, lr_0 = 3.0482e-04
Loss = 5.1609e-02, PNorm = 382.6918, GNorm = 0.3916, lr_0 = 3.0474e-04
Loss = 7.0324e-02, PNorm = 382.7072, GNorm = 0.6979, lr_0 = 3.0465e-04
Loss = 4.1537e-02, PNorm = 382.7210, GNorm = 0.3489, lr_0 = 3.0457e-04
Loss = 5.2225e-02, PNorm = 382.7339, GNorm = 0.4019, lr_0 = 3.0449e-04
Loss = 5.1554e-02, PNorm = 382.7473, GNorm = 0.1667, lr_0 = 3.0441e-04
Loss = 4.4520e-02, PNorm = 382.7607, GNorm = 0.2770, lr_0 = 3.0433e-04
Loss = 5.1383e-02, PNorm = 382.7749, GNorm = 0.3831, lr_0 = 3.0425e-04
Loss = 7.1225e-02, PNorm = 382.7871, GNorm = 0.4752, lr_0 = 3.0417e-04
Loss = 6.0642e-02, PNorm = 382.8027, GNorm = 0.5627, lr_0 = 3.0409e-04
Loss = 4.6770e-02, PNorm = 382.8137, GNorm = 0.2923, lr_0 = 3.0401e-04
Loss = 6.2689e-02, PNorm = 382.8255, GNorm = 0.3567, lr_0 = 3.0393e-04
Loss = 4.7637e-02, PNorm = 382.8376, GNorm = 0.3242, lr_0 = 3.0385e-04
Loss = 5.3995e-02, PNorm = 382.8515, GNorm = 0.5090, lr_0 = 3.0377e-04
Loss = 4.2624e-02, PNorm = 382.8654, GNorm = 0.3162, lr_0 = 3.0369e-04
Loss = 6.3782e-02, PNorm = 382.8779, GNorm = 0.5386, lr_0 = 3.0361e-04
Loss = 5.7037e-02, PNorm = 382.8912, GNorm = 0.2349, lr_0 = 3.0353e-04
Loss = 5.3870e-02, PNorm = 382.9040, GNorm = 0.3363, lr_0 = 3.0345e-04
Loss = 5.0226e-02, PNorm = 382.9160, GNorm = 0.3629, lr_0 = 3.0338e-04
Loss = 5.0336e-02, PNorm = 382.9287, GNorm = 0.3909, lr_0 = 3.0330e-04
Loss = 6.2584e-02, PNorm = 382.9416, GNorm = 0.4420, lr_0 = 3.0322e-04
Loss = 5.4589e-02, PNorm = 382.9545, GNorm = 0.4139, lr_0 = 3.0314e-04
Loss = 4.1958e-02, PNorm = 382.9696, GNorm = 0.3977, lr_0 = 3.0306e-04
Loss = 4.2522e-02, PNorm = 382.9814, GNorm = 0.3254, lr_0 = 3.0298e-04
Loss = 4.5515e-02, PNorm = 382.9916, GNorm = 0.4237, lr_0 = 3.0290e-04
Loss = 4.8396e-02, PNorm = 382.9998, GNorm = 0.5247, lr_0 = 3.0282e-04
Loss = 7.1345e-02, PNorm = 383.0122, GNorm = 0.5300, lr_0 = 3.0274e-04
Loss = 4.5155e-02, PNorm = 383.0219, GNorm = 0.3823, lr_0 = 3.0266e-04
Loss = 5.2031e-02, PNorm = 383.0305, GNorm = 0.3483, lr_0 = 3.0258e-04
Loss = 4.8486e-02, PNorm = 383.0390, GNorm = 0.4002, lr_0 = 3.0250e-04
Loss = 5.0010e-02, PNorm = 383.0493, GNorm = 0.3645, lr_0 = 3.0242e-04
Loss = 4.1389e-02, PNorm = 383.0587, GNorm = 0.3961, lr_0 = 3.0234e-04
Loss = 4.2118e-02, PNorm = 383.0681, GNorm = 0.2688, lr_0 = 3.0226e-04
Loss = 4.9769e-02, PNorm = 383.0783, GNorm = 0.4257, lr_0 = 3.0218e-04
Loss = 5.2236e-02, PNorm = 383.0889, GNorm = 0.4841, lr_0 = 3.0210e-04
Loss = 4.4801e-02, PNorm = 383.1023, GNorm = 0.2915, lr_0 = 3.0202e-04
Loss = 4.2771e-02, PNorm = 383.1155, GNorm = 0.3538, lr_0 = 3.0194e-04
Loss = 4.7567e-02, PNorm = 383.1291, GNorm = 0.3691, lr_0 = 3.0186e-04
Loss = 4.4690e-02, PNorm = 383.1417, GNorm = 0.4602, lr_0 = 3.0178e-04
Loss = 5.4729e-02, PNorm = 383.1533, GNorm = 0.5512, lr_0 = 3.0170e-04
Loss = 5.4987e-02, PNorm = 383.1649, GNorm = 0.4706, lr_0 = 3.0162e-04
Loss = 5.1873e-02, PNorm = 383.1773, GNorm = 0.3721, lr_0 = 3.0154e-04
Loss = 4.9720e-02, PNorm = 383.1904, GNorm = 0.3148, lr_0 = 3.0147e-04
Loss = 4.3756e-02, PNorm = 383.2026, GNorm = 0.2539, lr_0 = 3.0139e-04
Loss = 5.0721e-02, PNorm = 383.2153, GNorm = 0.3574, lr_0 = 3.0131e-04
Validation rmse = 3.458801
Epoch 53
Loss = 5.1725e-02, PNorm = 383.2281, GNorm = 0.5618, lr_0 = 3.0123e-04
Loss = 4.8337e-02, PNorm = 383.2382, GNorm = 0.3485, lr_0 = 3.0115e-04
Loss = 4.5538e-02, PNorm = 383.2507, GNorm = 0.2983, lr_0 = 3.0107e-04
Loss = 4.6629e-02, PNorm = 383.2624, GNorm = 0.3726, lr_0 = 3.0099e-04
Loss = 4.9261e-02, PNorm = 383.2757, GNorm = 0.5195, lr_0 = 3.0091e-04
Loss = 4.8992e-02, PNorm = 383.2869, GNorm = 0.2753, lr_0 = 3.0083e-04
Loss = 4.6988e-02, PNorm = 383.2995, GNorm = 0.7434, lr_0 = 3.0075e-04
Loss = 4.6542e-02, PNorm = 383.3098, GNorm = 0.4206, lr_0 = 3.0067e-04
Loss = 4.8446e-02, PNorm = 383.3200, GNorm = 0.4278, lr_0 = 3.0059e-04
Loss = 4.8862e-02, PNorm = 383.3318, GNorm = 0.8589, lr_0 = 3.0052e-04
Loss = 4.4264e-02, PNorm = 383.3452, GNorm = 0.2400, lr_0 = 3.0044e-04
Loss = 6.4073e-02, PNorm = 383.3596, GNorm = 0.5209, lr_0 = 3.0036e-04
Loss = 5.1304e-02, PNorm = 383.3725, GNorm = 0.2832, lr_0 = 3.0028e-04
Loss = 6.3076e-02, PNorm = 383.3866, GNorm = 0.3627, lr_0 = 3.0020e-04
Loss = 4.4270e-02, PNorm = 383.3996, GNorm = 0.2857, lr_0 = 3.0012e-04
Loss = 4.9760e-02, PNorm = 383.4121, GNorm = 0.3136, lr_0 = 3.0004e-04
Loss = 4.4556e-02, PNorm = 383.4245, GNorm = 0.3302, lr_0 = 2.9996e-04
Loss = 4.0109e-02, PNorm = 383.4367, GNorm = 0.2761, lr_0 = 2.9988e-04
Loss = 4.2201e-02, PNorm = 383.4470, GNorm = 0.2880, lr_0 = 2.9980e-04
Loss = 4.8595e-02, PNorm = 383.4583, GNorm = 0.2549, lr_0 = 2.9973e-04
Loss = 4.6900e-02, PNorm = 383.4692, GNorm = 0.4418, lr_0 = 2.9965e-04
Loss = 4.8589e-02, PNorm = 383.4810, GNorm = 0.4367, lr_0 = 2.9957e-04
Loss = 5.0355e-02, PNorm = 383.4932, GNorm = 0.3137, lr_0 = 2.9949e-04
Loss = 5.3171e-02, PNorm = 383.5058, GNorm = 0.4297, lr_0 = 2.9941e-04
Loss = 6.0080e-02, PNorm = 383.5188, GNorm = 0.2738, lr_0 = 2.9933e-04
Loss = 4.2589e-02, PNorm = 383.5319, GNorm = 0.3294, lr_0 = 2.9925e-04
Loss = 4.4548e-02, PNorm = 383.5444, GNorm = 0.3404, lr_0 = 2.9917e-04
Loss = 4.2829e-02, PNorm = 383.5544, GNorm = 0.2680, lr_0 = 2.9910e-04
Loss = 4.0252e-02, PNorm = 383.5653, GNorm = 0.3405, lr_0 = 2.9902e-04
Loss = 6.4417e-02, PNorm = 383.5744, GNorm = 0.3978, lr_0 = 2.9894e-04
Loss = 4.7739e-02, PNorm = 383.5841, GNorm = 0.4309, lr_0 = 2.9886e-04
Loss = 4.6805e-02, PNorm = 383.5944, GNorm = 0.3349, lr_0 = 2.9878e-04
Loss = 5.1056e-02, PNorm = 383.6071, GNorm = 0.3312, lr_0 = 2.9870e-04
Loss = 5.5619e-02, PNorm = 383.6194, GNorm = 1.2323, lr_0 = 2.9862e-04
Loss = 4.8168e-02, PNorm = 383.6351, GNorm = 0.4061, lr_0 = 2.9854e-04
Loss = 5.1305e-02, PNorm = 383.6499, GNorm = 0.4161, lr_0 = 2.9847e-04
Loss = 4.2964e-02, PNorm = 383.6625, GNorm = 0.3396, lr_0 = 2.9839e-04
Loss = 4.6170e-02, PNorm = 383.6768, GNorm = 0.3466, lr_0 = 2.9831e-04
Loss = 4.0913e-02, PNorm = 383.6910, GNorm = 0.2711, lr_0 = 2.9823e-04
Loss = 5.4008e-02, PNorm = 383.7013, GNorm = 0.4245, lr_0 = 2.9815e-04
Loss = 4.3469e-02, PNorm = 383.7121, GNorm = 0.3152, lr_0 = 2.9807e-04
Loss = 5.3503e-02, PNorm = 383.7226, GNorm = 0.6060, lr_0 = 2.9800e-04
Loss = 4.7591e-02, PNorm = 383.7336, GNorm = 0.2776, lr_0 = 2.9792e-04
Loss = 7.0173e-02, PNorm = 383.7452, GNorm = 0.2675, lr_0 = 2.9784e-04
Loss = 5.6626e-02, PNorm = 383.7589, GNorm = 0.3696, lr_0 = 2.9776e-04
Loss = 5.3717e-02, PNorm = 383.7739, GNorm = 0.3168, lr_0 = 2.9768e-04
Loss = 4.7839e-02, PNorm = 383.7886, GNorm = 0.3442, lr_0 = 2.9760e-04
Loss = 5.7042e-02, PNorm = 383.8025, GNorm = 0.3007, lr_0 = 2.9753e-04
Loss = 5.0312e-02, PNorm = 383.8164, GNorm = 0.4139, lr_0 = 2.9745e-04
Loss = 4.3213e-02, PNorm = 383.8269, GNorm = 0.3106, lr_0 = 2.9737e-04
Loss = 5.8685e-02, PNorm = 383.8388, GNorm = 0.3300, lr_0 = 2.9729e-04
Loss = 7.4142e-02, PNorm = 383.8502, GNorm = 0.5181, lr_0 = 2.9721e-04
Loss = 4.0696e-02, PNorm = 383.8608, GNorm = 0.4514, lr_0 = 2.9713e-04
Loss = 4.9815e-02, PNorm = 383.8697, GNorm = 0.2710, lr_0 = 2.9706e-04
Loss = 4.1280e-02, PNorm = 383.8806, GNorm = 0.2499, lr_0 = 2.9698e-04
Loss = 5.0681e-02, PNorm = 383.8927, GNorm = 0.2367, lr_0 = 2.9690e-04
Loss = 4.9251e-02, PNorm = 383.9031, GNorm = 0.2552, lr_0 = 2.9682e-04
Loss = 4.3993e-02, PNorm = 383.9120, GNorm = 0.3673, lr_0 = 2.9674e-04
Loss = 4.5226e-02, PNorm = 383.9243, GNorm = 0.3612, lr_0 = 2.9667e-04
Loss = 4.8366e-02, PNorm = 383.9367, GNorm = 0.3603, lr_0 = 2.9659e-04
Loss = 4.8914e-02, PNorm = 383.9494, GNorm = 0.6510, lr_0 = 2.9651e-04
Loss = 4.9968e-02, PNorm = 383.9608, GNorm = 0.2587, lr_0 = 2.9643e-04
Loss = 4.8724e-02, PNorm = 383.9727, GNorm = 0.4276, lr_0 = 2.9635e-04
Loss = 4.3945e-02, PNorm = 383.9848, GNorm = 0.3615, lr_0 = 2.9628e-04
Loss = 5.0755e-02, PNorm = 383.9966, GNorm = 0.1894, lr_0 = 2.9620e-04
Loss = 4.9093e-02, PNorm = 384.0088, GNorm = 0.3763, lr_0 = 2.9612e-04
Loss = 5.1365e-02, PNorm = 384.0205, GNorm = 0.4828, lr_0 = 2.9604e-04
Loss = 5.4899e-02, PNorm = 384.0336, GNorm = 0.3841, lr_0 = 2.9596e-04
Loss = 5.0787e-02, PNorm = 384.0451, GNorm = 0.3295, lr_0 = 2.9589e-04
Loss = 5.5240e-02, PNorm = 384.0575, GNorm = 0.2480, lr_0 = 2.9581e-04
Loss = 4.4871e-02, PNorm = 384.0666, GNorm = 0.4599, lr_0 = 2.9573e-04
Loss = 4.8720e-02, PNorm = 384.0759, GNorm = 0.5592, lr_0 = 2.9565e-04
Loss = 4.3739e-02, PNorm = 384.0875, GNorm = 0.3834, lr_0 = 2.9557e-04
Loss = 5.6968e-02, PNorm = 384.1005, GNorm = 0.3402, lr_0 = 2.9550e-04
Loss = 4.5451e-02, PNorm = 384.1130, GNorm = 0.7063, lr_0 = 2.9542e-04
Loss = 5.0911e-02, PNorm = 384.1264, GNorm = 0.8184, lr_0 = 2.9534e-04
Loss = 4.3756e-02, PNorm = 384.1379, GNorm = 0.2609, lr_0 = 2.9526e-04
Loss = 4.9498e-02, PNorm = 384.1505, GNorm = 0.2344, lr_0 = 2.9519e-04
Loss = 3.8463e-02, PNorm = 384.1609, GNorm = 0.3116, lr_0 = 2.9511e-04
Loss = 4.5447e-02, PNorm = 384.1691, GNorm = 0.3614, lr_0 = 2.9503e-04
Loss = 5.7036e-02, PNorm = 384.1820, GNorm = 0.3608, lr_0 = 2.9495e-04
Loss = 4.2634e-02, PNorm = 384.1931, GNorm = 0.3840, lr_0 = 2.9488e-04
Loss = 4.6042e-02, PNorm = 384.2038, GNorm = 0.2175, lr_0 = 2.9480e-04
Loss = 5.4080e-02, PNorm = 384.2164, GNorm = 0.3674, lr_0 = 2.9472e-04
Loss = 5.0298e-02, PNorm = 384.2281, GNorm = 0.2633, lr_0 = 2.9464e-04
Loss = 4.5775e-02, PNorm = 384.2371, GNorm = 0.3783, lr_0 = 2.9457e-04
Loss = 4.8574e-02, PNorm = 384.2476, GNorm = 0.3236, lr_0 = 2.9449e-04
Loss = 4.3602e-02, PNorm = 384.2588, GNorm = 0.3133, lr_0 = 2.9441e-04
Loss = 4.9545e-02, PNorm = 384.2707, GNorm = 0.4529, lr_0 = 2.9433e-04
Validation rmse = 3.469014
Epoch 54
Loss = 3.7534e-02, PNorm = 384.2816, GNorm = 0.2938, lr_0 = 2.9426e-04
Loss = 4.9468e-02, PNorm = 384.2923, GNorm = 0.4510, lr_0 = 2.9418e-04
Loss = 3.8796e-02, PNorm = 384.2999, GNorm = 0.4052, lr_0 = 2.9410e-04
Loss = 4.1293e-02, PNorm = 384.3083, GNorm = 0.3258, lr_0 = 2.9402e-04
Loss = 4.2939e-02, PNorm = 384.3173, GNorm = 0.3320, lr_0 = 2.9395e-04
Loss = 4.1601e-02, PNorm = 384.3269, GNorm = 0.2502, lr_0 = 2.9387e-04
Loss = 4.4882e-02, PNorm = 384.3375, GNorm = 0.3824, lr_0 = 2.9379e-04
Loss = 4.4962e-02, PNorm = 384.3455, GNorm = 0.3607, lr_0 = 2.9371e-04
Loss = 4.2214e-02, PNorm = 384.3558, GNorm = 0.2815, lr_0 = 2.9364e-04
Loss = 6.7412e-02, PNorm = 384.3658, GNorm = 0.3483, lr_0 = 2.9356e-04
Loss = 4.8466e-02, PNorm = 384.3761, GNorm = 0.3512, lr_0 = 2.9348e-04
Loss = 4.3981e-02, PNorm = 384.3882, GNorm = 0.2498, lr_0 = 2.9341e-04
Loss = 4.4791e-02, PNorm = 384.3967, GNorm = 0.3628, lr_0 = 2.9333e-04
Loss = 5.7348e-02, PNorm = 384.4068, GNorm = 0.2817, lr_0 = 2.9325e-04
Loss = 4.9390e-02, PNorm = 384.4187, GNorm = 0.4095, lr_0 = 2.9317e-04
Loss = 4.7130e-02, PNorm = 384.4298, GNorm = 0.3605, lr_0 = 2.9310e-04
Loss = 4.1831e-02, PNorm = 384.4402, GNorm = 0.4117, lr_0 = 2.9302e-04
Loss = 4.7219e-02, PNorm = 384.4516, GNorm = 0.4191, lr_0 = 2.9294e-04
Loss = 4.2659e-02, PNorm = 384.4633, GNorm = 0.4886, lr_0 = 2.9287e-04
Loss = 5.1542e-02, PNorm = 384.4742, GNorm = 0.3653, lr_0 = 2.9279e-04
Loss = 3.8795e-02, PNorm = 384.4849, GNorm = 0.3193, lr_0 = 2.9271e-04
Loss = 4.0464e-02, PNorm = 384.4946, GNorm = 0.2642, lr_0 = 2.9263e-04
Loss = 4.6691e-02, PNorm = 384.5058, GNorm = 0.5445, lr_0 = 2.9256e-04
Loss = 3.7751e-02, PNorm = 384.5145, GNorm = 0.2879, lr_0 = 2.9248e-04
Loss = 4.9456e-02, PNorm = 384.5224, GNorm = 0.4723, lr_0 = 2.9240e-04
Loss = 6.8820e-02, PNorm = 384.5341, GNorm = 0.2428, lr_0 = 2.9233e-04
Loss = 3.9852e-02, PNorm = 384.5443, GNorm = 0.2273, lr_0 = 2.9225e-04
Loss = 4.4152e-02, PNorm = 384.5532, GNorm = 0.3219, lr_0 = 2.9217e-04
Loss = 4.6215e-02, PNorm = 384.5652, GNorm = 0.3924, lr_0 = 2.9210e-04
Loss = 4.3333e-02, PNorm = 384.5775, GNorm = 0.6120, lr_0 = 2.9202e-04
Loss = 3.9803e-02, PNorm = 384.5893, GNorm = 0.4750, lr_0 = 2.9194e-04
Loss = 4.7917e-02, PNorm = 384.6011, GNorm = 0.5180, lr_0 = 2.9187e-04
Loss = 4.6293e-02, PNorm = 384.6132, GNorm = 0.3743, lr_0 = 2.9179e-04
Loss = 6.4084e-02, PNorm = 384.6259, GNorm = 0.5830, lr_0 = 2.9171e-04
Loss = 3.9112e-02, PNorm = 384.6389, GNorm = 0.4233, lr_0 = 2.9164e-04
Loss = 5.6726e-02, PNorm = 384.6522, GNorm = 0.3504, lr_0 = 2.9156e-04
Loss = 4.6280e-02, PNorm = 384.6677, GNorm = 0.4977, lr_0 = 2.9148e-04
Loss = 4.7258e-02, PNorm = 384.6811, GNorm = 0.5410, lr_0 = 2.9141e-04
Loss = 4.2321e-02, PNorm = 384.6938, GNorm = 0.2497, lr_0 = 2.9133e-04
Loss = 4.2444e-02, PNorm = 384.7055, GNorm = 0.4248, lr_0 = 2.9125e-04
Loss = 5.1003e-02, PNorm = 384.7172, GNorm = 0.3264, lr_0 = 2.9118e-04
Loss = 4.2339e-02, PNorm = 384.7289, GNorm = 0.2754, lr_0 = 2.9110e-04
Loss = 5.4410e-02, PNorm = 384.7401, GNorm = 0.3489, lr_0 = 2.9102e-04
Loss = 4.1220e-02, PNorm = 384.7511, GNorm = 0.4995, lr_0 = 2.9095e-04
Loss = 4.6889e-02, PNorm = 384.7612, GNorm = 0.2845, lr_0 = 2.9087e-04
Loss = 5.7007e-02, PNorm = 384.7719, GNorm = 0.3677, lr_0 = 2.9079e-04
Loss = 5.6391e-02, PNorm = 384.7841, GNorm = 0.2757, lr_0 = 2.9072e-04
Loss = 4.9562e-02, PNorm = 384.7970, GNorm = 0.2639, lr_0 = 2.9064e-04
Loss = 4.4516e-02, PNorm = 384.8074, GNorm = 0.4881, lr_0 = 2.9056e-04
Loss = 4.2022e-02, PNorm = 384.8177, GNorm = 0.1903, lr_0 = 2.9049e-04
Loss = 5.1793e-02, PNorm = 384.8282, GNorm = 0.3532, lr_0 = 2.9041e-04
Loss = 4.6337e-02, PNorm = 384.8397, GNorm = 0.3690, lr_0 = 2.9033e-04
Loss = 4.4906e-02, PNorm = 384.8541, GNorm = 0.3069, lr_0 = 2.9026e-04
Loss = 4.2087e-02, PNorm = 384.8641, GNorm = 0.3843, lr_0 = 2.9018e-04
Loss = 3.8710e-02, PNorm = 384.8749, GNorm = 0.3547, lr_0 = 2.9010e-04
Loss = 4.5292e-02, PNorm = 384.8867, GNorm = 0.4186, lr_0 = 2.9003e-04
Loss = 4.0576e-02, PNorm = 384.8971, GNorm = 0.2795, lr_0 = 2.8995e-04
Loss = 3.9975e-02, PNorm = 384.9068, GNorm = 0.2520, lr_0 = 2.8988e-04
Loss = 4.3635e-02, PNorm = 384.9156, GNorm = 0.3336, lr_0 = 2.8980e-04
Loss = 4.5809e-02, PNorm = 384.9260, GNorm = 0.3812, lr_0 = 2.8972e-04
Loss = 5.8621e-02, PNorm = 384.9366, GNorm = 0.6043, lr_0 = 2.8965e-04
Loss = 4.9673e-02, PNorm = 384.9490, GNorm = 0.5027, lr_0 = 2.8957e-04
Loss = 4.4257e-02, PNorm = 384.9610, GNorm = 0.4823, lr_0 = 2.8949e-04
Loss = 4.1100e-02, PNorm = 384.9720, GNorm = 0.4645, lr_0 = 2.8942e-04
Loss = 4.9548e-02, PNorm = 384.9829, GNorm = 0.4388, lr_0 = 2.8934e-04
Loss = 5.1553e-02, PNorm = 384.9950, GNorm = 0.2612, lr_0 = 2.8927e-04
Loss = 5.3955e-02, PNorm = 385.0076, GNorm = 0.5636, lr_0 = 2.8919e-04
Loss = 4.3580e-02, PNorm = 385.0195, GNorm = 0.3494, lr_0 = 2.8911e-04
Loss = 4.4992e-02, PNorm = 385.0298, GNorm = 0.3791, lr_0 = 2.8904e-04
Loss = 4.7006e-02, PNorm = 385.0431, GNorm = 0.4474, lr_0 = 2.8896e-04
Loss = 4.6204e-02, PNorm = 385.0577, GNorm = 0.4168, lr_0 = 2.8889e-04
Loss = 4.6709e-02, PNorm = 385.0708, GNorm = 0.3373, lr_0 = 2.8881e-04
Loss = 4.4007e-02, PNorm = 385.0828, GNorm = 0.3153, lr_0 = 2.8873e-04
Loss = 5.5660e-02, PNorm = 385.0948, GNorm = 0.3445, lr_0 = 2.8866e-04
Loss = 4.6262e-02, PNorm = 385.1068, GNorm = 0.2614, lr_0 = 2.8858e-04
Loss = 4.2614e-02, PNorm = 385.1161, GNorm = 0.2981, lr_0 = 2.8851e-04
Loss = 3.6797e-02, PNorm = 385.1239, GNorm = 0.2934, lr_0 = 2.8843e-04
Loss = 5.0185e-02, PNorm = 385.1329, GNorm = 0.2701, lr_0 = 2.8835e-04
Loss = 5.7978e-02, PNorm = 385.1435, GNorm = 0.2669, lr_0 = 2.8828e-04
Loss = 4.2601e-02, PNorm = 385.1558, GNorm = 0.2550, lr_0 = 2.8820e-04
Loss = 4.5394e-02, PNorm = 385.1659, GNorm = 0.2825, lr_0 = 2.8813e-04
Loss = 4.6702e-02, PNorm = 385.1748, GNorm = 0.4404, lr_0 = 2.8805e-04
Loss = 4.5839e-02, PNorm = 385.1843, GNorm = 0.3003, lr_0 = 2.8798e-04
Loss = 5.0840e-02, PNorm = 385.1947, GNorm = 0.2015, lr_0 = 2.8790e-04
Loss = 5.8943e-02, PNorm = 385.2058, GNorm = 0.3615, lr_0 = 2.8782e-04
Loss = 5.4018e-02, PNorm = 385.2191, GNorm = 0.3986, lr_0 = 2.8775e-04
Loss = 4.6137e-02, PNorm = 385.2314, GNorm = 0.3912, lr_0 = 2.8767e-04
Loss = 5.4757e-02, PNorm = 385.2403, GNorm = 0.4927, lr_0 = 2.8760e-04
Loss = 4.6031e-02, PNorm = 385.2520, GNorm = 0.3345, lr_0 = 2.8752e-04
Loss = 5.4978e-02, PNorm = 385.2643, GNorm = 0.2629, lr_0 = 2.8745e-04
Validation rmse = 3.460442
Epoch 55
Loss = 4.0803e-02, PNorm = 385.2761, GNorm = 0.3537, lr_0 = 2.8737e-04
Loss = 4.2981e-02, PNorm = 385.2872, GNorm = 0.4239, lr_0 = 2.8729e-04
Loss = 3.8256e-02, PNorm = 385.2965, GNorm = 0.2685, lr_0 = 2.8722e-04
Loss = 4.7717e-02, PNorm = 385.3055, GNorm = 0.3379, lr_0 = 2.8714e-04
Loss = 5.0667e-02, PNorm = 385.3151, GNorm = 0.3160, lr_0 = 2.8707e-04
Loss = 4.7346e-02, PNorm = 385.3272, GNorm = 0.6245, lr_0 = 2.8699e-04
Loss = 5.0142e-02, PNorm = 385.3382, GNorm = 0.2427, lr_0 = 2.8692e-04
Loss = 5.4069e-02, PNorm = 385.3487, GNorm = 0.6576, lr_0 = 2.8684e-04
Loss = 3.7457e-02, PNorm = 385.3587, GNorm = 0.2641, lr_0 = 2.8677e-04
Loss = 4.0837e-02, PNorm = 385.3674, GNorm = 0.3677, lr_0 = 2.8669e-04
Loss = 4.0457e-02, PNorm = 385.3766, GNorm = 0.2390, lr_0 = 2.8661e-04
Loss = 4.5394e-02, PNorm = 385.3851, GNorm = 0.3139, lr_0 = 2.8654e-04
Loss = 4.4482e-02, PNorm = 385.3959, GNorm = 0.4617, lr_0 = 2.8646e-04
Loss = 4.5609e-02, PNorm = 385.4066, GNorm = 0.3818, lr_0 = 2.8639e-04
Loss = 4.9689e-02, PNorm = 385.4185, GNorm = 0.5340, lr_0 = 2.8631e-04
Loss = 4.1075e-02, PNorm = 385.4290, GNorm = 0.5681, lr_0 = 2.8624e-04
Loss = 4.6154e-02, PNorm = 385.4380, GNorm = 0.2792, lr_0 = 2.8616e-04
Loss = 4.7280e-02, PNorm = 385.4500, GNorm = 0.2995, lr_0 = 2.8609e-04
Loss = 4.0533e-02, PNorm = 385.4602, GNorm = 0.3537, lr_0 = 2.8601e-04
Loss = 3.8988e-02, PNorm = 385.4701, GNorm = 0.2830, lr_0 = 2.8594e-04
Loss = 5.4577e-02, PNorm = 385.4799, GNorm = 0.3961, lr_0 = 2.8586e-04
Loss = 4.3115e-02, PNorm = 385.4904, GNorm = 0.5816, lr_0 = 2.8579e-04
Loss = 4.2636e-02, PNorm = 385.5008, GNorm = 0.2056, lr_0 = 2.8571e-04
Loss = 5.7830e-02, PNorm = 385.5118, GNorm = 0.3283, lr_0 = 2.8564e-04
Loss = 4.6962e-02, PNorm = 385.5243, GNorm = 0.2834, lr_0 = 2.8556e-04
Loss = 4.8542e-02, PNorm = 385.5363, GNorm = 0.3705, lr_0 = 2.8549e-04
Loss = 3.8720e-02, PNorm = 385.5476, GNorm = 0.2991, lr_0 = 2.8541e-04
Loss = 5.0373e-02, PNorm = 385.5571, GNorm = 0.9508, lr_0 = 2.8534e-04
Loss = 4.4918e-02, PNorm = 385.5688, GNorm = 0.3903, lr_0 = 2.8526e-04
Loss = 5.2436e-02, PNorm = 385.5799, GNorm = 0.3190, lr_0 = 2.8519e-04
Loss = 4.1580e-02, PNorm = 385.5906, GNorm = 0.2520, lr_0 = 2.8511e-04
Loss = 4.2478e-02, PNorm = 385.6028, GNorm = 0.2658, lr_0 = 2.8504e-04
Loss = 4.0998e-02, PNorm = 385.6137, GNorm = 0.2816, lr_0 = 2.8496e-04
Loss = 4.3872e-02, PNorm = 385.6248, GNorm = 0.3550, lr_0 = 2.8489e-04
Loss = 4.4012e-02, PNorm = 385.6351, GNorm = 0.5380, lr_0 = 2.8481e-04
Loss = 4.0549e-02, PNorm = 385.6469, GNorm = 0.3105, lr_0 = 2.8474e-04
Loss = 5.0234e-02, PNorm = 385.6569, GNorm = 0.3995, lr_0 = 2.8466e-04
Loss = 4.4204e-02, PNorm = 385.6676, GNorm = 0.3830, lr_0 = 2.8459e-04
Loss = 4.0397e-02, PNorm = 385.6786, GNorm = 0.3896, lr_0 = 2.8451e-04
Loss = 4.1453e-02, PNorm = 385.6892, GNorm = 0.4039, lr_0 = 2.8444e-04
Loss = 3.9055e-02, PNorm = 385.6967, GNorm = 0.3971, lr_0 = 2.8436e-04
Loss = 4.5705e-02, PNorm = 385.7052, GNorm = 0.6183, lr_0 = 2.8429e-04
Loss = 4.8436e-02, PNorm = 385.7145, GNorm = 0.4168, lr_0 = 2.8421e-04
Loss = 4.3736e-02, PNorm = 385.7252, GNorm = 0.3602, lr_0 = 2.8414e-04
Loss = 4.4545e-02, PNorm = 385.7354, GNorm = 0.2898, lr_0 = 2.8406e-04
Loss = 4.3634e-02, PNorm = 385.7455, GNorm = 0.2708, lr_0 = 2.8399e-04
Loss = 4.8706e-02, PNorm = 385.7552, GNorm = 0.5489, lr_0 = 2.8391e-04
Loss = 3.7529e-02, PNorm = 385.7659, GNorm = 0.3215, lr_0 = 2.8384e-04
Loss = 4.2811e-02, PNorm = 385.7760, GNorm = 0.3238, lr_0 = 2.8376e-04
Loss = 4.7715e-02, PNorm = 385.7858, GNorm = 0.3909, lr_0 = 2.8369e-04
Loss = 4.0424e-02, PNorm = 385.7955, GNorm = 0.3474, lr_0 = 2.8361e-04
Loss = 4.0001e-02, PNorm = 385.8051, GNorm = 0.3304, lr_0 = 2.8354e-04
Loss = 5.0893e-02, PNorm = 385.8157, GNorm = 0.3440, lr_0 = 2.8346e-04
Loss = 5.3205e-02, PNorm = 385.8248, GNorm = 0.5899, lr_0 = 2.8339e-04
Loss = 5.4536e-02, PNorm = 385.8339, GNorm = 0.2239, lr_0 = 2.8332e-04
Loss = 4.8004e-02, PNorm = 385.8439, GNorm = 0.3861, lr_0 = 2.8324e-04
Loss = 7.7889e-02, PNorm = 385.8559, GNorm = 0.3214, lr_0 = 2.8317e-04
Loss = 6.4104e-02, PNorm = 385.8667, GNorm = 0.2392, lr_0 = 2.8309e-04
Loss = 5.3711e-02, PNorm = 385.8777, GNorm = 0.6935, lr_0 = 2.8302e-04
Loss = 5.7211e-02, PNorm = 385.8885, GNorm = 0.6070, lr_0 = 2.8294e-04
Loss = 4.5682e-02, PNorm = 385.9005, GNorm = 0.2459, lr_0 = 2.8287e-04
Loss = 4.2788e-02, PNorm = 385.9127, GNorm = 0.3736, lr_0 = 2.8279e-04
Loss = 5.0472e-02, PNorm = 385.9234, GNorm = 0.4710, lr_0 = 2.8272e-04
Loss = 3.9389e-02, PNorm = 385.9345, GNorm = 0.2971, lr_0 = 2.8265e-04
Loss = 4.7849e-02, PNorm = 385.9450, GNorm = 0.3982, lr_0 = 2.8257e-04
Loss = 5.9130e-02, PNorm = 385.9568, GNorm = 0.7114, lr_0 = 2.8250e-04
Loss = 4.0673e-02, PNorm = 385.9669, GNorm = 0.3653, lr_0 = 2.8242e-04
Loss = 4.7585e-02, PNorm = 385.9766, GNorm = 0.3553, lr_0 = 2.8235e-04
Loss = 3.9898e-02, PNorm = 385.9870, GNorm = 0.3403, lr_0 = 2.8227e-04
Loss = 4.2860e-02, PNorm = 385.9971, GNorm = 0.3662, lr_0 = 2.8220e-04
Loss = 4.4926e-02, PNorm = 386.0091, GNorm = 0.2216, lr_0 = 2.8213e-04
Loss = 4.9652e-02, PNorm = 386.0218, GNorm = 0.3238, lr_0 = 2.8205e-04
Loss = 4.1380e-02, PNorm = 386.0326, GNorm = 0.3596, lr_0 = 2.8198e-04
Loss = 4.7706e-02, PNorm = 386.0417, GNorm = 0.3404, lr_0 = 2.8190e-04
Loss = 4.5183e-02, PNorm = 386.0502, GNorm = 0.3183, lr_0 = 2.8183e-04
Loss = 4.0837e-02, PNorm = 386.0593, GNorm = 0.4015, lr_0 = 2.8175e-04
Loss = 4.1220e-02, PNorm = 386.0693, GNorm = 0.3091, lr_0 = 2.8168e-04
Loss = 4.6136e-02, PNorm = 386.0800, GNorm = 0.2680, lr_0 = 2.8161e-04
Loss = 5.2801e-02, PNorm = 386.0897, GNorm = 0.4431, lr_0 = 2.8153e-04
Loss = 3.6978e-02, PNorm = 386.1001, GNorm = 0.3118, lr_0 = 2.8146e-04
Loss = 5.0268e-02, PNorm = 386.1133, GNorm = 0.5761, lr_0 = 2.8138e-04
Loss = 4.7057e-02, PNorm = 386.1254, GNorm = 0.3814, lr_0 = 2.8131e-04
Loss = 3.9599e-02, PNorm = 386.1367, GNorm = 0.3020, lr_0 = 2.8124e-04
Loss = 5.0657e-02, PNorm = 386.1478, GNorm = 0.3268, lr_0 = 2.8116e-04
Loss = 4.4414e-02, PNorm = 386.1602, GNorm = 0.2727, lr_0 = 2.8109e-04
Loss = 5.3632e-02, PNorm = 386.1709, GNorm = 0.4958, lr_0 = 2.8101e-04
Loss = 5.6094e-02, PNorm = 386.1805, GNorm = 0.2958, lr_0 = 2.8094e-04
Loss = 5.5165e-02, PNorm = 386.1910, GNorm = 0.3333, lr_0 = 2.8087e-04
Loss = 4.8421e-02, PNorm = 386.2017, GNorm = 0.3696, lr_0 = 2.8079e-04
Validation rmse = 3.455722
Epoch 56
Loss = 3.6686e-02, PNorm = 386.2128, GNorm = 0.2980, lr_0 = 2.8072e-04
Loss = 4.5098e-02, PNorm = 386.2244, GNorm = 0.3137, lr_0 = 2.8064e-04
Loss = 5.3341e-02, PNorm = 386.2349, GNorm = 0.3414, lr_0 = 2.8057e-04
Loss = 3.6275e-02, PNorm = 386.2438, GNorm = 0.2846, lr_0 = 2.8050e-04
Loss = 4.1748e-02, PNorm = 386.2514, GNorm = 0.2449, lr_0 = 2.8042e-04
Loss = 4.0343e-02, PNorm = 386.2609, GNorm = 0.3397, lr_0 = 2.8035e-04
Loss = 3.5253e-02, PNorm = 386.2707, GNorm = 0.2089, lr_0 = 2.8028e-04
Loss = 4.0449e-02, PNorm = 386.2801, GNorm = 0.2940, lr_0 = 2.8020e-04
Loss = 4.6297e-02, PNorm = 386.2893, GNorm = 0.2575, lr_0 = 2.8013e-04
Loss = 4.6949e-02, PNorm = 386.2984, GNorm = 0.2888, lr_0 = 2.8005e-04
Loss = 4.0868e-02, PNorm = 386.3079, GNorm = 0.2971, lr_0 = 2.7998e-04
Loss = 4.6279e-02, PNorm = 386.3159, GNorm = 0.3579, lr_0 = 2.7991e-04
Loss = 4.3204e-02, PNorm = 386.3246, GNorm = 0.2453, lr_0 = 2.7983e-04
Loss = 5.3575e-02, PNorm = 386.3350, GNorm = 0.3763, lr_0 = 2.7976e-04
Loss = 4.4152e-02, PNorm = 386.3442, GNorm = 0.3468, lr_0 = 2.7969e-04
Loss = 3.5664e-02, PNorm = 386.3528, GNorm = 0.3217, lr_0 = 2.7961e-04
Loss = 5.2995e-02, PNorm = 386.3642, GNorm = 0.3393, lr_0 = 2.7954e-04
Loss = 4.2427e-02, PNorm = 386.3756, GNorm = 0.2648, lr_0 = 2.7947e-04
Loss = 5.0708e-02, PNorm = 386.3864, GNorm = 0.7251, lr_0 = 2.7939e-04
Loss = 4.3648e-02, PNorm = 386.3980, GNorm = 0.2968, lr_0 = 2.7932e-04
Loss = 3.8403e-02, PNorm = 386.4101, GNorm = 0.2575, lr_0 = 2.7925e-04
Loss = 4.0386e-02, PNorm = 386.4188, GNorm = 0.3746, lr_0 = 2.7917e-04
Loss = 4.6038e-02, PNorm = 386.4286, GNorm = 0.3453, lr_0 = 2.7910e-04
Loss = 3.7957e-02, PNorm = 386.4398, GNorm = 0.2841, lr_0 = 2.7902e-04
Loss = 4.1672e-02, PNorm = 386.4502, GNorm = 0.2392, lr_0 = 2.7895e-04
Loss = 5.5482e-02, PNorm = 386.4597, GNorm = 0.3225, lr_0 = 2.7888e-04
Loss = 5.2237e-02, PNorm = 386.4694, GNorm = 0.2848, lr_0 = 2.7880e-04
Loss = 4.4694e-02, PNorm = 386.4800, GNorm = 0.2982, lr_0 = 2.7873e-04
Loss = 3.5493e-02, PNorm = 386.4916, GNorm = 0.3688, lr_0 = 2.7866e-04
Loss = 4.0377e-02, PNorm = 386.5016, GNorm = 0.3500, lr_0 = 2.7858e-04
Loss = 3.8672e-02, PNorm = 386.5111, GNorm = 0.3592, lr_0 = 2.7851e-04
Loss = 5.7283e-02, PNorm = 386.5225, GNorm = 0.3773, lr_0 = 2.7844e-04
Loss = 5.9113e-02, PNorm = 386.5325, GNorm = 0.8221, lr_0 = 2.7836e-04
Loss = 4.0355e-02, PNorm = 386.5427, GNorm = 0.3366, lr_0 = 2.7829e-04
Loss = 4.6835e-02, PNorm = 386.5509, GNorm = 0.3173, lr_0 = 2.7822e-04
Loss = 4.4640e-02, PNorm = 386.5589, GNorm = 0.3883, lr_0 = 2.7815e-04
Loss = 4.0826e-02, PNorm = 386.5684, GNorm = 0.3483, lr_0 = 2.7807e-04
Loss = 5.0421e-02, PNorm = 386.5781, GNorm = 0.4061, lr_0 = 2.7800e-04
Loss = 5.0988e-02, PNorm = 386.5912, GNorm = 0.3708, lr_0 = 2.7793e-04
Loss = 3.8749e-02, PNorm = 386.6038, GNorm = 0.3256, lr_0 = 2.7785e-04
Loss = 4.5636e-02, PNorm = 386.6149, GNorm = 0.3673, lr_0 = 2.7778e-04
Loss = 4.3999e-02, PNorm = 386.6250, GNorm = 0.3466, lr_0 = 2.7771e-04
Loss = 4.7058e-02, PNorm = 386.6332, GNorm = 0.3564, lr_0 = 2.7763e-04
Loss = 3.9256e-02, PNorm = 386.6434, GNorm = 0.2549, lr_0 = 2.7756e-04
Loss = 3.9597e-02, PNorm = 386.6516, GNorm = 0.3227, lr_0 = 2.7749e-04
Loss = 5.3197e-02, PNorm = 386.6614, GNorm = 0.2978, lr_0 = 2.7741e-04
Loss = 4.3246e-02, PNorm = 386.6721, GNorm = 0.3103, lr_0 = 2.7734e-04
Loss = 4.1465e-02, PNorm = 386.6827, GNorm = 0.5748, lr_0 = 2.7727e-04
Loss = 4.2727e-02, PNorm = 386.6940, GNorm = 0.3655, lr_0 = 2.7720e-04
Loss = 7.5742e-02, PNorm = 386.7042, GNorm = 0.5508, lr_0 = 2.7712e-04
Loss = 4.2017e-02, PNorm = 386.7139, GNorm = 0.3613, lr_0 = 2.7705e-04
Loss = 4.3960e-02, PNorm = 386.7235, GNorm = 0.5345, lr_0 = 2.7698e-04
Loss = 4.2850e-02, PNorm = 386.7318, GNorm = 0.4233, lr_0 = 2.7690e-04
Loss = 4.6150e-02, PNorm = 386.7423, GNorm = 0.2929, lr_0 = 2.7683e-04
Loss = 4.1951e-02, PNorm = 386.7524, GNorm = 0.3234, lr_0 = 2.7676e-04
Loss = 4.9506e-02, PNorm = 386.7618, GNorm = 0.3022, lr_0 = 2.7669e-04
Loss = 4.4447e-02, PNorm = 386.7721, GNorm = 0.3417, lr_0 = 2.7661e-04
Loss = 5.4627e-02, PNorm = 386.7842, GNorm = 0.7392, lr_0 = 2.7654e-04
Loss = 4.1794e-02, PNorm = 386.7979, GNorm = 0.3671, lr_0 = 2.7647e-04
Loss = 4.7117e-02, PNorm = 386.8106, GNorm = 0.4449, lr_0 = 2.7639e-04
Loss = 4.4275e-02, PNorm = 386.8215, GNorm = 0.2641, lr_0 = 2.7632e-04
Loss = 5.7037e-02, PNorm = 386.8324, GNorm = 0.3643, lr_0 = 2.7625e-04
Loss = 5.1935e-02, PNorm = 386.8445, GNorm = 0.4405, lr_0 = 2.7618e-04
Loss = 4.4828e-02, PNorm = 386.8572, GNorm = 0.3495, lr_0 = 2.7610e-04
Loss = 4.3775e-02, PNorm = 386.8683, GNorm = 0.2469, lr_0 = 2.7603e-04
Loss = 5.0471e-02, PNorm = 386.8764, GNorm = 0.4388, lr_0 = 2.7596e-04
Loss = 4.8451e-02, PNorm = 386.8860, GNorm = 0.2566, lr_0 = 2.7589e-04
Loss = 4.4203e-02, PNorm = 386.8956, GNorm = 0.5420, lr_0 = 2.7581e-04
Loss = 4.9005e-02, PNorm = 386.9058, GNorm = 0.3478, lr_0 = 2.7574e-04
Loss = 5.1356e-02, PNorm = 386.9169, GNorm = 0.3853, lr_0 = 2.7567e-04
Loss = 4.5646e-02, PNorm = 386.9279, GNorm = 0.5144, lr_0 = 2.7560e-04
Loss = 4.7420e-02, PNorm = 386.9383, GNorm = 0.4446, lr_0 = 2.7552e-04
Loss = 4.3514e-02, PNorm = 386.9488, GNorm = 0.3934, lr_0 = 2.7545e-04
Loss = 4.7932e-02, PNorm = 386.9586, GNorm = 0.4437, lr_0 = 2.7538e-04
Loss = 4.0998e-02, PNorm = 386.9693, GNorm = 0.3050, lr_0 = 2.7531e-04
Loss = 4.7013e-02, PNorm = 386.9792, GNorm = 0.3835, lr_0 = 2.7523e-04
Loss = 5.3443e-02, PNorm = 386.9881, GNorm = 0.4287, lr_0 = 2.7516e-04
Loss = 3.8987e-02, PNorm = 386.9981, GNorm = 0.2698, lr_0 = 2.7509e-04
Loss = 4.2349e-02, PNorm = 387.0065, GNorm = 0.4512, lr_0 = 2.7502e-04
Loss = 4.0866e-02, PNorm = 387.0164, GNorm = 0.3842, lr_0 = 2.7494e-04
Loss = 4.9298e-02, PNorm = 387.0281, GNorm = 0.4129, lr_0 = 2.7487e-04
Loss = 4.1929e-02, PNorm = 387.0389, GNorm = 0.3665, lr_0 = 2.7480e-04
Loss = 5.1547e-02, PNorm = 387.0487, GNorm = 0.5476, lr_0 = 2.7473e-04
Loss = 4.0706e-02, PNorm = 387.0585, GNorm = 0.4162, lr_0 = 2.7465e-04
Loss = 4.6057e-02, PNorm = 387.0671, GNorm = 0.3674, lr_0 = 2.7458e-04
Loss = 5.1561e-02, PNorm = 387.0774, GNorm = 0.3919, lr_0 = 2.7451e-04
Loss = 4.7289e-02, PNorm = 387.0881, GNorm = 0.3371, lr_0 = 2.7444e-04
Loss = 4.6308e-02, PNorm = 387.0977, GNorm = 0.2939, lr_0 = 2.7437e-04
Loss = 4.5075e-02, PNorm = 387.1083, GNorm = 0.2648, lr_0 = 2.7429e-04
Validation rmse = 3.466366
Epoch 57
Loss = 4.9483e-02, PNorm = 387.1196, GNorm = 0.4022, lr_0 = 2.7421e-04
Loss = 4.0200e-02, PNorm = 387.1305, GNorm = 0.3004, lr_0 = 2.7414e-04
Loss = 4.5560e-02, PNorm = 387.1409, GNorm = 0.3162, lr_0 = 2.7407e-04
Loss = 4.1775e-02, PNorm = 387.1519, GNorm = 0.4468, lr_0 = 2.7400e-04
Loss = 4.0362e-02, PNorm = 387.1619, GNorm = 0.5000, lr_0 = 2.7393e-04
Loss = 5.1805e-02, PNorm = 387.1712, GNorm = 0.2784, lr_0 = 2.7385e-04
Loss = 3.7154e-02, PNorm = 387.1789, GNorm = 0.2932, lr_0 = 2.7378e-04
Loss = 4.6683e-02, PNorm = 387.1893, GNorm = 0.3068, lr_0 = 2.7371e-04
Loss = 3.7186e-02, PNorm = 387.1984, GNorm = 0.2654, lr_0 = 2.7364e-04
Loss = 5.1848e-02, PNorm = 387.2083, GNorm = 0.3033, lr_0 = 2.7357e-04
Loss = 4.3184e-02, PNorm = 387.2165, GNorm = 0.1909, lr_0 = 2.7349e-04
Loss = 4.8141e-02, PNorm = 387.2245, GNorm = 0.3647, lr_0 = 2.7342e-04
Loss = 4.4260e-02, PNorm = 387.2339, GNorm = 0.3280, lr_0 = 2.7335e-04
Loss = 4.8471e-02, PNorm = 387.2413, GNorm = 0.5378, lr_0 = 2.7328e-04
Loss = 4.2810e-02, PNorm = 387.2512, GNorm = 0.4199, lr_0 = 2.7321e-04
Loss = 3.2717e-02, PNorm = 387.2612, GNorm = 0.3738, lr_0 = 2.7313e-04
Loss = 3.9759e-02, PNorm = 387.2707, GNorm = 0.3391, lr_0 = 2.7306e-04
Loss = 5.7666e-02, PNorm = 387.2797, GNorm = 0.4368, lr_0 = 2.7299e-04
Loss = 4.1297e-02, PNorm = 387.2889, GNorm = 0.3816, lr_0 = 2.7292e-04
Loss = 3.9554e-02, PNorm = 387.2968, GNorm = 0.3968, lr_0 = 2.7285e-04
Loss = 4.2135e-02, PNorm = 387.3048, GNorm = 0.2821, lr_0 = 2.7277e-04
Loss = 3.8716e-02, PNorm = 387.3125, GNorm = 0.2853, lr_0 = 2.7270e-04
Loss = 4.2405e-02, PNorm = 387.3220, GNorm = 0.4068, lr_0 = 2.7263e-04
Loss = 3.8571e-02, PNorm = 387.3321, GNorm = 0.5272, lr_0 = 2.7256e-04
Loss = 4.3492e-02, PNorm = 387.3425, GNorm = 0.6262, lr_0 = 2.7249e-04
Loss = 4.5039e-02, PNorm = 387.3528, GNorm = 0.4824, lr_0 = 2.7242e-04
Loss = 4.5126e-02, PNorm = 387.3624, GNorm = 0.2686, lr_0 = 2.7234e-04
Loss = 4.3162e-02, PNorm = 387.3730, GNorm = 0.2835, lr_0 = 2.7227e-04
Loss = 4.1502e-02, PNorm = 387.3829, GNorm = 0.2973, lr_0 = 2.7220e-04
Loss = 4.0512e-02, PNorm = 387.3909, GNorm = 0.3415, lr_0 = 2.7213e-04
Loss = 4.0201e-02, PNorm = 387.3995, GNorm = 0.4185, lr_0 = 2.7206e-04
Loss = 3.7636e-02, PNorm = 387.4080, GNorm = 0.2835, lr_0 = 2.7199e-04
Loss = 4.6636e-02, PNorm = 387.4163, GNorm = 0.2538, lr_0 = 2.7192e-04
Loss = 4.1076e-02, PNorm = 387.4255, GNorm = 0.3666, lr_0 = 2.7184e-04
Loss = 3.6719e-02, PNorm = 387.4340, GNorm = 0.2915, lr_0 = 2.7177e-04
Loss = 5.0434e-02, PNorm = 387.4414, GNorm = 0.4451, lr_0 = 2.7170e-04
Loss = 5.4713e-02, PNorm = 387.4498, GNorm = 0.6294, lr_0 = 2.7163e-04
Loss = 5.5926e-02, PNorm = 387.4595, GNorm = 0.4734, lr_0 = 2.7156e-04
Loss = 4.8414e-02, PNorm = 387.4698, GNorm = 0.3485, lr_0 = 2.7149e-04
Loss = 4.2733e-02, PNorm = 387.4802, GNorm = 0.4274, lr_0 = 2.7141e-04
Loss = 4.3570e-02, PNorm = 387.4882, GNorm = 0.3444, lr_0 = 2.7134e-04
Loss = 4.5477e-02, PNorm = 387.4969, GNorm = 0.3663, lr_0 = 2.7127e-04
Loss = 5.0654e-02, PNorm = 387.5071, GNorm = 0.3888, lr_0 = 2.7120e-04
Loss = 3.8460e-02, PNorm = 387.5181, GNorm = 0.4418, lr_0 = 2.7113e-04
Loss = 3.7384e-02, PNorm = 387.5274, GNorm = 0.3719, lr_0 = 2.7106e-04
Loss = 4.8617e-02, PNorm = 387.5366, GNorm = 0.2192, lr_0 = 2.7099e-04
Loss = 4.6427e-02, PNorm = 387.5445, GNorm = 0.2868, lr_0 = 2.7092e-04
Loss = 4.7292e-02, PNorm = 387.5555, GNorm = 0.2652, lr_0 = 2.7084e-04
Loss = 4.0352e-02, PNorm = 387.5667, GNorm = 0.3700, lr_0 = 2.7077e-04
Loss = 4.5800e-02, PNorm = 387.5764, GNorm = 0.4439, lr_0 = 2.7070e-04
Loss = 3.9733e-02, PNorm = 387.5866, GNorm = 0.1866, lr_0 = 2.7063e-04
Loss = 4.5809e-02, PNorm = 387.5959, GNorm = 0.3997, lr_0 = 2.7056e-04
Loss = 6.2068e-02, PNorm = 387.6060, GNorm = 0.3637, lr_0 = 2.7049e-04
Loss = 4.8716e-02, PNorm = 387.6157, GNorm = 0.2599, lr_0 = 2.7042e-04
Loss = 3.7963e-02, PNorm = 387.6252, GNorm = 0.2624, lr_0 = 2.7035e-04
Loss = 3.9269e-02, PNorm = 387.6329, GNorm = 0.3349, lr_0 = 2.7027e-04
Loss = 3.9830e-02, PNorm = 387.6407, GNorm = 0.3045, lr_0 = 2.7020e-04
Loss = 4.1715e-02, PNorm = 387.6509, GNorm = 0.3588, lr_0 = 2.7013e-04
Loss = 3.8894e-02, PNorm = 387.6597, GNorm = 0.3491, lr_0 = 2.7006e-04
Loss = 5.8710e-02, PNorm = 387.6710, GNorm = 0.3130, lr_0 = 2.6999e-04
Loss = 5.1152e-02, PNorm = 387.6810, GNorm = 1.0325, lr_0 = 2.6992e-04
Loss = 3.9880e-02, PNorm = 387.6896, GNorm = 0.2824, lr_0 = 2.6985e-04
Loss = 6.3315e-02, PNorm = 387.6999, GNorm = 0.2850, lr_0 = 2.6978e-04
Loss = 4.9256e-02, PNorm = 387.7103, GNorm = 0.6897, lr_0 = 2.6971e-04
Loss = 3.8999e-02, PNorm = 387.7194, GNorm = 0.3133, lr_0 = 2.6964e-04
Loss = 4.3031e-02, PNorm = 387.7284, GNorm = 0.4350, lr_0 = 2.6956e-04
Loss = 3.9687e-02, PNorm = 387.7378, GNorm = 0.3707, lr_0 = 2.6949e-04
Loss = 5.3849e-02, PNorm = 387.7487, GNorm = 0.3179, lr_0 = 2.6942e-04
Loss = 5.1146e-02, PNorm = 387.7593, GNorm = 0.3094, lr_0 = 2.6935e-04
Loss = 4.3201e-02, PNorm = 387.7700, GNorm = 0.4883, lr_0 = 2.6928e-04
Loss = 5.0301e-02, PNorm = 387.7819, GNorm = 0.3603, lr_0 = 2.6921e-04
Loss = 4.2711e-02, PNorm = 387.7927, GNorm = 0.2381, lr_0 = 2.6914e-04
Loss = 4.7104e-02, PNorm = 387.8036, GNorm = 0.3886, lr_0 = 2.6907e-04
Loss = 4.5753e-02, PNorm = 387.8136, GNorm = 0.4852, lr_0 = 2.6900e-04
Loss = 4.2549e-02, PNorm = 387.8234, GNorm = 0.2737, lr_0 = 2.6893e-04
Loss = 3.8409e-02, PNorm = 387.8332, GNorm = 0.4056, lr_0 = 2.6886e-04
Loss = 4.3019e-02, PNorm = 387.8434, GNorm = 0.3507, lr_0 = 2.6879e-04
Loss = 4.6276e-02, PNorm = 387.8523, GNorm = 0.2161, lr_0 = 2.6871e-04
Loss = 4.9052e-02, PNorm = 387.8630, GNorm = 0.3644, lr_0 = 2.6864e-04
Loss = 4.3420e-02, PNorm = 387.8723, GNorm = 0.3588, lr_0 = 2.6857e-04
Loss = 4.2985e-02, PNorm = 387.8819, GNorm = 0.2800, lr_0 = 2.6850e-04
Loss = 4.0303e-02, PNorm = 387.8910, GNorm = 0.3506, lr_0 = 2.6843e-04
Loss = 4.0124e-02, PNorm = 387.9006, GNorm = 0.2943, lr_0 = 2.6836e-04
Loss = 3.8388e-02, PNorm = 387.9084, GNorm = 0.2882, lr_0 = 2.6829e-04
Loss = 4.7715e-02, PNorm = 387.9168, GNorm = 0.2743, lr_0 = 2.6822e-04
Loss = 4.9376e-02, PNorm = 387.9268, GNorm = 0.2375, lr_0 = 2.6815e-04
Loss = 5.4520e-02, PNorm = 387.9373, GNorm = 0.3842, lr_0 = 2.6808e-04
Loss = 5.0441e-02, PNorm = 387.9480, GNorm = 0.3763, lr_0 = 2.6801e-04
Loss = 3.8134e-02, PNorm = 387.9582, GNorm = 0.1975, lr_0 = 2.6794e-04
Loss = 4.3719e-02, PNorm = 387.9675, GNorm = 0.7229, lr_0 = 2.6787e-04
Validation rmse = 3.427762
Epoch 58
Loss = 3.6889e-02, PNorm = 387.9768, GNorm = 0.3383, lr_0 = 2.6780e-04
Loss = 3.9040e-02, PNorm = 387.9865, GNorm = 0.2042, lr_0 = 2.6773e-04
Loss = 3.9966e-02, PNorm = 387.9963, GNorm = 0.3114, lr_0 = 2.6766e-04
Loss = 3.9867e-02, PNorm = 388.0053, GNorm = 0.3237, lr_0 = 2.6759e-04
Loss = 4.0587e-02, PNorm = 388.0152, GNorm = 0.4102, lr_0 = 2.6752e-04
Loss = 4.4252e-02, PNorm = 388.0247, GNorm = 0.3471, lr_0 = 2.6745e-04
Loss = 4.0162e-02, PNorm = 388.0335, GNorm = 0.2998, lr_0 = 2.6737e-04
Loss = 3.9326e-02, PNorm = 388.0413, GNorm = 0.2880, lr_0 = 2.6730e-04
Loss = 3.9745e-02, PNorm = 388.0484, GNorm = 0.3768, lr_0 = 2.6723e-04
Loss = 5.0969e-02, PNorm = 388.0575, GNorm = 0.2156, lr_0 = 2.6716e-04
Loss = 3.9161e-02, PNorm = 388.0671, GNorm = 0.4187, lr_0 = 2.6709e-04
Loss = 4.3943e-02, PNorm = 388.0756, GNorm = 0.6539, lr_0 = 2.6702e-04
Loss = 3.9230e-02, PNorm = 388.0838, GNorm = 0.2436, lr_0 = 2.6695e-04
Loss = 3.7240e-02, PNorm = 388.0920, GNorm = 0.3170, lr_0 = 2.6688e-04
Loss = 3.6675e-02, PNorm = 388.0999, GNorm = 0.2295, lr_0 = 2.6681e-04
Loss = 3.1875e-02, PNorm = 388.1067, GNorm = 0.2332, lr_0 = 2.6674e-04
Loss = 4.1964e-02, PNorm = 388.1144, GNorm = 0.3243, lr_0 = 2.6667e-04
Loss = 3.5921e-02, PNorm = 388.1230, GNorm = 0.3242, lr_0 = 2.6660e-04
Loss = 3.7427e-02, PNorm = 388.1325, GNorm = 0.2761, lr_0 = 2.6653e-04
Loss = 3.7834e-02, PNorm = 388.1413, GNorm = 0.4071, lr_0 = 2.6646e-04
Loss = 4.3419e-02, PNorm = 388.1503, GNorm = 0.3337, lr_0 = 2.6639e-04
Loss = 5.6108e-02, PNorm = 388.1610, GNorm = 0.2542, lr_0 = 2.6632e-04
Loss = 3.7645e-02, PNorm = 388.1716, GNorm = 0.2618, lr_0 = 2.6625e-04
Loss = 4.2850e-02, PNorm = 388.1805, GNorm = 0.4787, lr_0 = 2.6618e-04
Loss = 4.2129e-02, PNorm = 388.1895, GNorm = 0.4657, lr_0 = 2.6611e-04
Loss = 5.3828e-02, PNorm = 388.2009, GNorm = 0.2811, lr_0 = 2.6604e-04
Loss = 3.9280e-02, PNorm = 388.2117, GNorm = 0.2195, lr_0 = 2.6597e-04
Loss = 4.2713e-02, PNorm = 388.2208, GNorm = 0.2757, lr_0 = 2.6590e-04
Loss = 5.2055e-02, PNorm = 388.2304, GNorm = 0.5328, lr_0 = 2.6583e-04
Loss = 5.0286e-02, PNorm = 388.2399, GNorm = 0.4354, lr_0 = 2.6576e-04
Loss = 3.7809e-02, PNorm = 388.2477, GNorm = 0.3623, lr_0 = 2.6569e-04
Loss = 4.0370e-02, PNorm = 388.2564, GNorm = 0.2738, lr_0 = 2.6562e-04
Loss = 3.7875e-02, PNorm = 388.2647, GNorm = 0.1965, lr_0 = 2.6555e-04
Loss = 3.8201e-02, PNorm = 388.2736, GNorm = 0.4524, lr_0 = 2.6548e-04
Loss = 4.7522e-02, PNorm = 388.2816, GNorm = 0.3261, lr_0 = 2.6541e-04
Loss = 3.9961e-02, PNorm = 388.2903, GNorm = 0.5494, lr_0 = 2.6534e-04
Loss = 4.9925e-02, PNorm = 388.3004, GNorm = 0.5092, lr_0 = 2.6527e-04
Loss = 4.0982e-02, PNorm = 388.3096, GNorm = 0.3237, lr_0 = 2.6520e-04
Loss = 3.5631e-02, PNorm = 388.3199, GNorm = 0.4676, lr_0 = 2.6513e-04
Loss = 6.1899e-02, PNorm = 388.3309, GNorm = 0.3494, lr_0 = 2.6506e-04
Loss = 4.7216e-02, PNorm = 388.3407, GNorm = 0.4441, lr_0 = 2.6499e-04
Loss = 3.5408e-02, PNorm = 388.3496, GNorm = 0.2486, lr_0 = 2.6492e-04
Loss = 4.1248e-02, PNorm = 388.3578, GNorm = 0.2520, lr_0 = 2.6485e-04
Loss = 3.9729e-02, PNorm = 388.3672, GNorm = 0.3597, lr_0 = 2.6478e-04
Loss = 4.3096e-02, PNorm = 388.3759, GNorm = 0.2411, lr_0 = 2.6471e-04
Loss = 4.3023e-02, PNorm = 388.3831, GNorm = 0.3303, lr_0 = 2.6465e-04
Loss = 4.3692e-02, PNorm = 388.3916, GNorm = 0.4494, lr_0 = 2.6458e-04
Loss = 4.6957e-02, PNorm = 388.4006, GNorm = 0.2500, lr_0 = 2.6451e-04
Loss = 4.0131e-02, PNorm = 388.4108, GNorm = 0.3678, lr_0 = 2.6444e-04
Loss = 5.5143e-02, PNorm = 388.4218, GNorm = 0.2897, lr_0 = 2.6437e-04
Loss = 4.7827e-02, PNorm = 388.4346, GNorm = 0.2840, lr_0 = 2.6430e-04
Loss = 4.1199e-02, PNorm = 388.4473, GNorm = 0.3350, lr_0 = 2.6423e-04
Loss = 4.9352e-02, PNorm = 388.4568, GNorm = 0.2420, lr_0 = 2.6416e-04
Loss = 4.1939e-02, PNorm = 388.4662, GNorm = 0.2066, lr_0 = 2.6409e-04
Loss = 3.9445e-02, PNorm = 388.4777, GNorm = 0.2906, lr_0 = 2.6402e-04
Loss = 4.3789e-02, PNorm = 388.4891, GNorm = 0.4781, lr_0 = 2.6395e-04
Loss = 5.0515e-02, PNorm = 388.5000, GNorm = 0.2919, lr_0 = 2.6388e-04
Loss = 4.9342e-02, PNorm = 388.5113, GNorm = 0.5216, lr_0 = 2.6381e-04
Loss = 5.6718e-02, PNorm = 388.5237, GNorm = 0.8650, lr_0 = 2.6374e-04
Loss = 4.3737e-02, PNorm = 388.5349, GNorm = 0.4059, lr_0 = 2.6367e-04
Loss = 4.7740e-02, PNorm = 388.5463, GNorm = 0.4755, lr_0 = 2.6360e-04
Loss = 4.9237e-02, PNorm = 388.5556, GNorm = 0.3010, lr_0 = 2.6353e-04
Loss = 4.0042e-02, PNorm = 388.5649, GNorm = 0.2639, lr_0 = 2.6346e-04
Loss = 4.4634e-02, PNorm = 388.5750, GNorm = 0.6110, lr_0 = 2.6339e-04
Loss = 4.0182e-02, PNorm = 388.5861, GNorm = 0.3138, lr_0 = 2.6333e-04
Loss = 5.0143e-02, PNorm = 388.5959, GNorm = 0.6120, lr_0 = 2.6326e-04
Loss = 6.0546e-02, PNorm = 388.6073, GNorm = 0.4826, lr_0 = 2.6319e-04
Loss = 4.3559e-02, PNorm = 388.6195, GNorm = 0.3185, lr_0 = 2.6312e-04
Loss = 4.9204e-02, PNorm = 388.6283, GNorm = 0.3736, lr_0 = 2.6305e-04
Loss = 4.4711e-02, PNorm = 388.6381, GNorm = 0.2349, lr_0 = 2.6298e-04
Loss = 4.3092e-02, PNorm = 388.6475, GNorm = 0.2346, lr_0 = 2.6291e-04
Loss = 4.1655e-02, PNorm = 388.6558, GNorm = 0.3473, lr_0 = 2.6284e-04
Loss = 5.4846e-02, PNorm = 388.6657, GNorm = 0.3707, lr_0 = 2.6277e-04
Loss = 4.8484e-02, PNorm = 388.6753, GNorm = 0.2293, lr_0 = 2.6270e-04
Loss = 5.7591e-02, PNorm = 388.6872, GNorm = 0.5829, lr_0 = 2.6263e-04
Loss = 4.0527e-02, PNorm = 388.6967, GNorm = 0.2426, lr_0 = 2.6256e-04
Loss = 4.1261e-02, PNorm = 388.7051, GNorm = 0.3039, lr_0 = 2.6250e-04
Loss = 4.6293e-02, PNorm = 388.7144, GNorm = 0.2812, lr_0 = 2.6243e-04
Loss = 4.4231e-02, PNorm = 388.7218, GNorm = 0.3992, lr_0 = 2.6236e-04
Loss = 4.0536e-02, PNorm = 388.7314, GNorm = 0.3454, lr_0 = 2.6229e-04
Loss = 4.7847e-02, PNorm = 388.7414, GNorm = 0.2724, lr_0 = 2.6222e-04
Loss = 3.9116e-02, PNorm = 388.7513, GNorm = 0.2443, lr_0 = 2.6215e-04
Loss = 4.8670e-02, PNorm = 388.7606, GNorm = 0.3041, lr_0 = 2.6208e-04
Loss = 4.8866e-02, PNorm = 388.7672, GNorm = 0.3949, lr_0 = 2.6201e-04
Loss = 5.2988e-02, PNorm = 388.7763, GNorm = 0.3053, lr_0 = 2.6194e-04
Loss = 3.8414e-02, PNorm = 388.7882, GNorm = 0.4768, lr_0 = 2.6187e-04
Loss = 5.5268e-02, PNorm = 388.8017, GNorm = 0.3497, lr_0 = 2.6181e-04
Loss = 5.0911e-02, PNorm = 388.8133, GNorm = 0.4710, lr_0 = 2.6174e-04
Loss = 4.1004e-02, PNorm = 388.8234, GNorm = 0.3529, lr_0 = 2.6167e-04
Validation rmse = 3.452135
Epoch 59
Loss = 4.7721e-02, PNorm = 388.8315, GNorm = 0.3506, lr_0 = 2.6160e-04
Loss = 4.5138e-02, PNorm = 388.8400, GNorm = 0.5706, lr_0 = 2.6153e-04
Loss = 3.2601e-02, PNorm = 388.8490, GNorm = 0.3027, lr_0 = 2.6146e-04
Loss = 4.2784e-02, PNorm = 388.8595, GNorm = 0.3000, lr_0 = 2.6139e-04
Loss = 3.7086e-02, PNorm = 388.8686, GNorm = 0.3063, lr_0 = 2.6132e-04
Loss = 3.4443e-02, PNorm = 388.8772, GNorm = 0.3282, lr_0 = 2.6126e-04
Loss = 3.7631e-02, PNorm = 388.8853, GNorm = 0.4273, lr_0 = 2.6119e-04
Loss = 6.1877e-02, PNorm = 388.8937, GNorm = 0.3177, lr_0 = 2.6112e-04
Loss = 3.8715e-02, PNorm = 388.9014, GNorm = 0.3590, lr_0 = 2.6105e-04
Loss = 4.6637e-02, PNorm = 388.9078, GNorm = 0.2746, lr_0 = 2.6098e-04
Loss = 4.5991e-02, PNorm = 388.9146, GNorm = 0.2217, lr_0 = 2.6091e-04
Loss = 3.7936e-02, PNorm = 388.9215, GNorm = 0.2503, lr_0 = 2.6084e-04
Loss = 4.7367e-02, PNorm = 388.9307, GNorm = 0.4092, lr_0 = 2.6077e-04
Loss = 4.2469e-02, PNorm = 388.9392, GNorm = 0.3370, lr_0 = 2.6071e-04
Loss = 4.3372e-02, PNorm = 388.9479, GNorm = 0.2348, lr_0 = 2.6064e-04
Loss = 4.1782e-02, PNorm = 388.9585, GNorm = 0.2632, lr_0 = 2.6057e-04
Loss = 3.1842e-02, PNorm = 388.9684, GNorm = 0.3004, lr_0 = 2.6050e-04
Loss = 4.0753e-02, PNorm = 388.9773, GNorm = 0.4412, lr_0 = 2.6043e-04
Loss = 4.0259e-02, PNorm = 388.9863, GNorm = 0.4196, lr_0 = 2.6036e-04
Loss = 3.9206e-02, PNorm = 388.9946, GNorm = 0.3590, lr_0 = 2.6029e-04
Loss = 3.9997e-02, PNorm = 389.0046, GNorm = 0.5425, lr_0 = 2.6023e-04
Loss = 3.8100e-02, PNorm = 389.0127, GNorm = 0.2985, lr_0 = 2.6016e-04
Loss = 4.2361e-02, PNorm = 389.0198, GNorm = 0.2510, lr_0 = 2.6009e-04
Loss = 4.8646e-02, PNorm = 389.0293, GNorm = 0.3401, lr_0 = 2.6002e-04
Loss = 4.6099e-02, PNorm = 389.0392, GNorm = 0.2272, lr_0 = 2.5995e-04
Loss = 4.4662e-02, PNorm = 389.0487, GNorm = 0.5730, lr_0 = 2.5988e-04
Loss = 4.6298e-02, PNorm = 389.0597, GNorm = 0.2397, lr_0 = 2.5982e-04
Loss = 4.7619e-02, PNorm = 389.0697, GNorm = 0.3245, lr_0 = 2.5975e-04
Loss = 6.9762e-02, PNorm = 389.0796, GNorm = 0.2932, lr_0 = 2.5968e-04
Loss = 3.7972e-02, PNorm = 389.0918, GNorm = 0.3832, lr_0 = 2.5961e-04
Loss = 4.3370e-02, PNorm = 389.1043, GNorm = 0.3412, lr_0 = 2.5954e-04
Loss = 4.1985e-02, PNorm = 389.1141, GNorm = 0.4599, lr_0 = 2.5947e-04
Loss = 4.4059e-02, PNorm = 389.1239, GNorm = 0.2850, lr_0 = 2.5941e-04
Loss = 3.6471e-02, PNorm = 389.1318, GNorm = 0.2512, lr_0 = 2.5934e-04
Loss = 4.2305e-02, PNorm = 389.1399, GNorm = 0.4544, lr_0 = 2.5927e-04
Loss = 6.5314e-02, PNorm = 389.1492, GNorm = 0.3859, lr_0 = 2.5920e-04
Loss = 3.5886e-02, PNorm = 389.1577, GNorm = 0.2314, lr_0 = 2.5913e-04
Loss = 4.3545e-02, PNorm = 389.1655, GNorm = 0.2912, lr_0 = 2.5906e-04
Loss = 3.9145e-02, PNorm = 389.1743, GNorm = 0.2327, lr_0 = 2.5900e-04
Loss = 4.2479e-02, PNorm = 389.1837, GNorm = 0.2830, lr_0 = 2.5893e-04
Loss = 3.3170e-02, PNorm = 389.1926, GNorm = 0.2722, lr_0 = 2.5886e-04
Loss = 3.8050e-02, PNorm = 389.2001, GNorm = 0.3216, lr_0 = 2.5879e-04
Loss = 3.5466e-02, PNorm = 389.2064, GNorm = 0.5437, lr_0 = 2.5872e-04
Loss = 3.9211e-02, PNorm = 389.2119, GNorm = 0.2273, lr_0 = 2.5866e-04
Loss = 3.9212e-02, PNorm = 389.2199, GNorm = 0.3888, lr_0 = 2.5859e-04
Loss = 4.5982e-02, PNorm = 389.2286, GNorm = 0.4125, lr_0 = 2.5852e-04
Loss = 5.9478e-02, PNorm = 389.2373, GNorm = 0.4623, lr_0 = 2.5845e-04
Loss = 4.7388e-02, PNorm = 389.2491, GNorm = 0.3194, lr_0 = 2.5838e-04
Loss = 4.6461e-02, PNorm = 389.2586, GNorm = 0.2924, lr_0 = 2.5832e-04
Loss = 3.8338e-02, PNorm = 389.2670, GNorm = 0.2737, lr_0 = 2.5825e-04
Loss = 4.0227e-02, PNorm = 389.2761, GNorm = 0.3112, lr_0 = 2.5818e-04
Loss = 4.3053e-02, PNorm = 389.2861, GNorm = 0.3141, lr_0 = 2.5811e-04
Loss = 3.8520e-02, PNorm = 389.2962, GNorm = 0.2504, lr_0 = 2.5804e-04
Loss = 3.6428e-02, PNorm = 389.3058, GNorm = 0.1807, lr_0 = 2.5798e-04
Loss = 4.7486e-02, PNorm = 389.3144, GNorm = 0.6572, lr_0 = 2.5791e-04
Loss = 5.5492e-02, PNorm = 389.3228, GNorm = 0.8513, lr_0 = 2.5784e-04
Loss = 4.1689e-02, PNorm = 389.3332, GNorm = 0.3885, lr_0 = 2.5777e-04
Loss = 4.0491e-02, PNorm = 389.3429, GNorm = 0.3154, lr_0 = 2.5770e-04
Loss = 4.7202e-02, PNorm = 389.3525, GNorm = 0.2647, lr_0 = 2.5764e-04
Loss = 4.2392e-02, PNorm = 389.3620, GNorm = 0.2956, lr_0 = 2.5757e-04
Loss = 4.6291e-02, PNorm = 389.3702, GNorm = 0.6783, lr_0 = 2.5750e-04
Loss = 3.9627e-02, PNorm = 389.3779, GNorm = 0.4262, lr_0 = 2.5743e-04
Loss = 4.2676e-02, PNorm = 389.3841, GNorm = 0.4319, lr_0 = 2.5737e-04
Loss = 3.7982e-02, PNorm = 389.3897, GNorm = 0.3576, lr_0 = 2.5730e-04
Loss = 4.6401e-02, PNorm = 389.3981, GNorm = 0.3925, lr_0 = 2.5723e-04
Loss = 4.2895e-02, PNorm = 389.4068, GNorm = 0.3204, lr_0 = 2.5716e-04
Loss = 5.6396e-02, PNorm = 389.4163, GNorm = 0.3360, lr_0 = 2.5710e-04
Loss = 5.0441e-02, PNorm = 389.4280, GNorm = 0.3340, lr_0 = 2.5703e-04
Loss = 4.9870e-02, PNorm = 389.4386, GNorm = 0.2748, lr_0 = 2.5696e-04
Loss = 5.3461e-02, PNorm = 389.4511, GNorm = 0.2831, lr_0 = 2.5689e-04
Loss = 4.8445e-02, PNorm = 389.4629, GNorm = 0.2272, lr_0 = 2.5683e-04
Loss = 5.3078e-02, PNorm = 389.4744, GNorm = 0.3590, lr_0 = 2.5676e-04
Loss = 5.3642e-02, PNorm = 389.4857, GNorm = 0.2095, lr_0 = 2.5669e-04
Loss = 4.6081e-02, PNorm = 389.4953, GNorm = 0.3289, lr_0 = 2.5662e-04
Loss = 3.9743e-02, PNorm = 389.5049, GNorm = 0.4523, lr_0 = 2.5655e-04
Loss = 4.7592e-02, PNorm = 389.5162, GNorm = 0.4663, lr_0 = 2.5649e-04
Loss = 4.5589e-02, PNorm = 389.5269, GNorm = 0.2706, lr_0 = 2.5642e-04
Loss = 4.0536e-02, PNorm = 389.5367, GNorm = 0.2325, lr_0 = 2.5635e-04
Loss = 4.6912e-02, PNorm = 389.5461, GNorm = 0.2975, lr_0 = 2.5628e-04
Loss = 3.9154e-02, PNorm = 389.5566, GNorm = 0.2875, lr_0 = 2.5622e-04
Loss = 4.4964e-02, PNorm = 389.5662, GNorm = 0.4149, lr_0 = 2.5615e-04
Loss = 3.5989e-02, PNorm = 389.5740, GNorm = 0.3451, lr_0 = 2.5608e-04
Loss = 3.6379e-02, PNorm = 389.5819, GNorm = 0.3201, lr_0 = 2.5602e-04
Loss = 3.6983e-02, PNorm = 389.5888, GNorm = 0.2358, lr_0 = 2.5595e-04
Loss = 5.2640e-02, PNorm = 389.5958, GNorm = 0.2767, lr_0 = 2.5588e-04
Loss = 4.7558e-02, PNorm = 389.6055, GNorm = 0.2896, lr_0 = 2.5581e-04
Loss = 3.9195e-02, PNorm = 389.6139, GNorm = 0.6599, lr_0 = 2.5575e-04
Loss = 4.2911e-02, PNorm = 389.6205, GNorm = 0.3054, lr_0 = 2.5568e-04
Loss = 3.2888e-02, PNorm = 389.6265, GNorm = 0.2018, lr_0 = 2.5561e-04
Loss = 3.8153e-02, PNorm = 389.6345, GNorm = 0.3397, lr_0 = 2.5554e-04
Validation rmse = 3.428104
Epoch 60
Loss = 3.8993e-02, PNorm = 389.6412, GNorm = 0.3050, lr_0 = 2.5548e-04
Loss = 3.3056e-02, PNorm = 389.6487, GNorm = 0.2165, lr_0 = 2.5541e-04
Loss = 5.0142e-02, PNorm = 389.6569, GNorm = 0.4156, lr_0 = 2.5534e-04
Loss = 3.3484e-02, PNorm = 389.6664, GNorm = 0.3330, lr_0 = 2.5528e-04
Loss = 4.8817e-02, PNorm = 389.6756, GNorm = 0.2338, lr_0 = 2.5521e-04
Loss = 3.4522e-02, PNorm = 389.6851, GNorm = 0.2131, lr_0 = 2.5514e-04
Loss = 4.4645e-02, PNorm = 389.6944, GNorm = 0.2873, lr_0 = 2.5507e-04
Loss = 4.9967e-02, PNorm = 389.7047, GNorm = 0.3693, lr_0 = 2.5501e-04
Loss = 4.0993e-02, PNorm = 389.7143, GNorm = 0.3279, lr_0 = 2.5494e-04
Loss = 4.0512e-02, PNorm = 389.7213, GNorm = 0.3365, lr_0 = 2.5487e-04
Loss = 3.4553e-02, PNorm = 389.7273, GNorm = 0.2907, lr_0 = 2.5481e-04
Loss = 3.4620e-02, PNorm = 389.7331, GNorm = 0.3352, lr_0 = 2.5474e-04
Loss = 3.5948e-02, PNorm = 389.7401, GNorm = 0.5246, lr_0 = 2.5467e-04
Loss = 4.6919e-02, PNorm = 389.7481, GNorm = 0.2130, lr_0 = 2.5460e-04
Loss = 3.8700e-02, PNorm = 389.7592, GNorm = 0.3469, lr_0 = 2.5454e-04
Loss = 4.2538e-02, PNorm = 389.7690, GNorm = 0.2759, lr_0 = 2.5447e-04
Loss = 4.3482e-02, PNorm = 389.7765, GNorm = 0.3537, lr_0 = 2.5440e-04
Loss = 3.7087e-02, PNorm = 389.7833, GNorm = 0.3296, lr_0 = 2.5434e-04
Loss = 4.2049e-02, PNorm = 389.7906, GNorm = 0.4376, lr_0 = 2.5427e-04
Loss = 3.7306e-02, PNorm = 389.7987, GNorm = 0.4083, lr_0 = 2.5420e-04
Loss = 4.0000e-02, PNorm = 389.8077, GNorm = 0.3046, lr_0 = 2.5414e-04
Loss = 3.8540e-02, PNorm = 389.8162, GNorm = 0.3095, lr_0 = 2.5407e-04
Loss = 4.4601e-02, PNorm = 389.8245, GNorm = 0.2861, lr_0 = 2.5400e-04
Loss = 4.6897e-02, PNorm = 389.8343, GNorm = 0.3508, lr_0 = 2.5394e-04
Loss = 3.8127e-02, PNorm = 389.8446, GNorm = 0.2951, lr_0 = 2.5387e-04
Loss = 4.0350e-02, PNorm = 389.8540, GNorm = 0.6946, lr_0 = 2.5380e-04
Loss = 3.7544e-02, PNorm = 389.8610, GNorm = 0.2537, lr_0 = 2.5374e-04
Loss = 3.8918e-02, PNorm = 389.8677, GNorm = 0.4272, lr_0 = 2.5367e-04
Loss = 3.6091e-02, PNorm = 389.8746, GNorm = 0.6255, lr_0 = 2.5360e-04
Loss = 3.4006e-02, PNorm = 389.8815, GNorm = 0.2659, lr_0 = 2.5354e-04
Loss = 3.5600e-02, PNorm = 389.8891, GNorm = 0.3479, lr_0 = 2.5347e-04
Loss = 3.8301e-02, PNorm = 389.8978, GNorm = 0.3618, lr_0 = 2.5340e-04
Loss = 4.0375e-02, PNorm = 389.9044, GNorm = 0.5098, lr_0 = 2.5334e-04
Loss = 3.3774e-02, PNorm = 389.9123, GNorm = 0.2106, lr_0 = 2.5327e-04
Loss = 3.8465e-02, PNorm = 389.9215, GNorm = 0.2573, lr_0 = 2.5320e-04
Loss = 3.5817e-02, PNorm = 389.9304, GNorm = 0.2270, lr_0 = 2.5314e-04
Loss = 4.2234e-02, PNorm = 389.9377, GNorm = 0.3684, lr_0 = 2.5307e-04
Loss = 4.7058e-02, PNorm = 389.9445, GNorm = 0.5764, lr_0 = 2.5300e-04
Loss = 4.7307e-02, PNorm = 389.9564, GNorm = 0.2530, lr_0 = 2.5294e-04
Loss = 3.4710e-02, PNorm = 389.9667, GNorm = 0.2907, lr_0 = 2.5287e-04
Loss = 3.8528e-02, PNorm = 389.9752, GNorm = 0.2736, lr_0 = 2.5280e-04
Loss = 4.0685e-02, PNorm = 389.9834, GNorm = 0.2800, lr_0 = 2.5274e-04
Loss = 3.8577e-02, PNorm = 389.9904, GNorm = 0.3143, lr_0 = 2.5267e-04
Loss = 4.2164e-02, PNorm = 389.9985, GNorm = 0.3127, lr_0 = 2.5260e-04
Loss = 3.9363e-02, PNorm = 390.0071, GNorm = 0.2782, lr_0 = 2.5254e-04
Loss = 3.6852e-02, PNorm = 390.0168, GNorm = 0.3104, lr_0 = 2.5247e-04
Loss = 5.4086e-02, PNorm = 390.0264, GNorm = 0.3993, lr_0 = 2.5240e-04
Loss = 5.8792e-02, PNorm = 390.0354, GNorm = 0.1938, lr_0 = 2.5234e-04
Loss = 3.5528e-02, PNorm = 390.0434, GNorm = 0.2307, lr_0 = 2.5227e-04
Loss = 3.9917e-02, PNorm = 390.0500, GNorm = 0.4027, lr_0 = 2.5220e-04
Loss = 5.2368e-02, PNorm = 390.0588, GNorm = 0.3583, lr_0 = 2.5214e-04
Loss = 5.9569e-02, PNorm = 390.0701, GNorm = 0.3661, lr_0 = 2.5207e-04
Loss = 4.8127e-02, PNorm = 390.0814, GNorm = 0.3268, lr_0 = 2.5201e-04
Loss = 4.4946e-02, PNorm = 390.0897, GNorm = 0.2899, lr_0 = 2.5194e-04
Loss = 4.6868e-02, PNorm = 390.0966, GNorm = 0.3744, lr_0 = 2.5187e-04
Loss = 5.1813e-02, PNorm = 390.1028, GNorm = 0.2473, lr_0 = 2.5181e-04
Loss = 4.2206e-02, PNorm = 390.1126, GNorm = 0.3538, lr_0 = 2.5174e-04
Loss = 4.2898e-02, PNorm = 390.1201, GNorm = 0.2856, lr_0 = 2.5167e-04
Loss = 3.4296e-02, PNorm = 390.1276, GNorm = 0.3332, lr_0 = 2.5161e-04
Loss = 4.2493e-02, PNorm = 390.1352, GNorm = 0.4296, lr_0 = 2.5154e-04
Loss = 3.5889e-02, PNorm = 390.1443, GNorm = 0.4227, lr_0 = 2.5148e-04
Loss = 3.4271e-02, PNorm = 390.1513, GNorm = 0.3008, lr_0 = 2.5141e-04
Loss = 4.5687e-02, PNorm = 390.1587, GNorm = 0.3371, lr_0 = 2.5134e-04
Loss = 4.3793e-02, PNorm = 390.1667, GNorm = 0.3159, lr_0 = 2.5128e-04
Loss = 3.9362e-02, PNorm = 390.1746, GNorm = 0.2757, lr_0 = 2.5121e-04
Loss = 4.4188e-02, PNorm = 390.1842, GNorm = 0.3898, lr_0 = 2.5115e-04
Loss = 5.4640e-02, PNorm = 390.1938, GNorm = 0.6820, lr_0 = 2.5108e-04
Loss = 3.9101e-02, PNorm = 390.2027, GNorm = 0.5165, lr_0 = 2.5101e-04
Loss = 3.5332e-02, PNorm = 390.2105, GNorm = 0.2994, lr_0 = 2.5095e-04
Loss = 5.0592e-02, PNorm = 390.2178, GNorm = 0.2906, lr_0 = 2.5088e-04
Loss = 4.3728e-02, PNorm = 390.2254, GNorm = 0.3198, lr_0 = 2.5081e-04
Loss = 3.5331e-02, PNorm = 390.2322, GNorm = 0.3278, lr_0 = 2.5075e-04
Loss = 4.3975e-02, PNorm = 390.2403, GNorm = 0.4753, lr_0 = 2.5068e-04
Loss = 3.5263e-02, PNorm = 390.2504, GNorm = 0.2257, lr_0 = 2.5062e-04
Loss = 4.2601e-02, PNorm = 390.2579, GNorm = 0.2450, lr_0 = 2.5055e-04
Loss = 4.0853e-02, PNorm = 390.2656, GNorm = 0.2773, lr_0 = 2.5049e-04
Loss = 4.0649e-02, PNorm = 390.2746, GNorm = 0.2422, lr_0 = 2.5042e-04
Loss = 4.3385e-02, PNorm = 390.2834, GNorm = 0.4701, lr_0 = 2.5035e-04
Loss = 5.4416e-02, PNorm = 390.2921, GNorm = 0.3153, lr_0 = 2.5029e-04
Loss = 4.0763e-02, PNorm = 390.3016, GNorm = 0.2966, lr_0 = 2.5022e-04
Loss = 4.6046e-02, PNorm = 390.3116, GNorm = 0.3911, lr_0 = 2.5016e-04
Loss = 4.4131e-02, PNorm = 390.3221, GNorm = 1.0993, lr_0 = 2.5009e-04
Loss = 4.7082e-02, PNorm = 390.3301, GNorm = 0.3818, lr_0 = 2.5002e-04
Loss = 4.5278e-02, PNorm = 390.3393, GNorm = 0.5275, lr_0 = 2.4996e-04
Loss = 4.6187e-02, PNorm = 390.3479, GNorm = 0.3410, lr_0 = 2.4989e-04
Loss = 3.7040e-02, PNorm = 390.3553, GNorm = 0.2176, lr_0 = 2.4983e-04
Loss = 3.6370e-02, PNorm = 390.3630, GNorm = 0.2085, lr_0 = 2.4976e-04
Loss = 4.3104e-02, PNorm = 390.3719, GNorm = 0.3007, lr_0 = 2.4970e-04
Loss = 5.1547e-02, PNorm = 390.3832, GNorm = 0.3000, lr_0 = 2.4963e-04
Validation rmse = 3.471134
Epoch 61
Loss = 4.3399e-02, PNorm = 390.3953, GNorm = 0.3626, lr_0 = 2.4956e-04
Loss = 3.9231e-02, PNorm = 390.4056, GNorm = 0.3565, lr_0 = 2.4950e-04
Loss = 3.8884e-02, PNorm = 390.4143, GNorm = 0.2280, lr_0 = 2.4943e-04
Loss = 3.6489e-02, PNorm = 390.4219, GNorm = 0.2926, lr_0 = 2.4937e-04
Loss = 4.1265e-02, PNorm = 390.4296, GNorm = 0.2738, lr_0 = 2.4930e-04
Loss = 3.6134e-02, PNorm = 390.4370, GNorm = 0.3064, lr_0 = 2.4924e-04
Loss = 3.8468e-02, PNorm = 390.4453, GNorm = 0.3849, lr_0 = 2.4917e-04
Loss = 3.4601e-02, PNorm = 390.4523, GNorm = 0.1967, lr_0 = 2.4910e-04
Loss = 4.0293e-02, PNorm = 390.4587, GNorm = 0.2856, lr_0 = 2.4904e-04
Loss = 4.9019e-02, PNorm = 390.4654, GNorm = 0.4266, lr_0 = 2.4897e-04
Loss = 3.8712e-02, PNorm = 390.4750, GNorm = 0.3003, lr_0 = 2.4891e-04
Loss = 3.5225e-02, PNorm = 390.4824, GNorm = 0.2516, lr_0 = 2.4884e-04
Loss = 3.5095e-02, PNorm = 390.4902, GNorm = 0.2088, lr_0 = 2.4878e-04
Loss = 4.2340e-02, PNorm = 390.4974, GNorm = 0.2917, lr_0 = 2.4871e-04
Loss = 4.1886e-02, PNorm = 390.5061, GNorm = 0.2734, lr_0 = 2.4865e-04
Loss = 3.7736e-02, PNorm = 390.5139, GNorm = 0.2785, lr_0 = 2.4858e-04
Loss = 4.4622e-02, PNorm = 390.5227, GNorm = 0.3207, lr_0 = 2.4852e-04
Loss = 4.4557e-02, PNorm = 390.5298, GNorm = 0.3978, lr_0 = 2.4845e-04
Loss = 3.6072e-02, PNorm = 390.5380, GNorm = 0.2273, lr_0 = 2.4838e-04
Loss = 4.2105e-02, PNorm = 390.5453, GNorm = 0.3868, lr_0 = 2.4832e-04
Loss = 3.9057e-02, PNorm = 390.5537, GNorm = 0.2832, lr_0 = 2.4825e-04
Loss = 3.3854e-02, PNorm = 390.5610, GNorm = 0.3276, lr_0 = 2.4819e-04
Loss = 4.1900e-02, PNorm = 390.5673, GNorm = 0.2760, lr_0 = 2.4812e-04
Loss = 3.8163e-02, PNorm = 390.5739, GNorm = 0.2905, lr_0 = 2.4806e-04
Loss = 4.4389e-02, PNorm = 390.5816, GNorm = 0.2473, lr_0 = 2.4799e-04
Loss = 4.8689e-02, PNorm = 390.5909, GNorm = 0.4069, lr_0 = 2.4793e-04
Loss = 3.2859e-02, PNorm = 390.5978, GNorm = 0.3593, lr_0 = 2.4786e-04
Loss = 4.8495e-02, PNorm = 390.6055, GNorm = 0.1923, lr_0 = 2.4780e-04
Loss = 3.8520e-02, PNorm = 390.6135, GNorm = 0.2407, lr_0 = 2.4773e-04
Loss = 3.3867e-02, PNorm = 390.6209, GNorm = 0.2287, lr_0 = 2.4767e-04
Loss = 3.8037e-02, PNorm = 390.6283, GNorm = 0.3514, lr_0 = 2.4760e-04
Loss = 4.4745e-02, PNorm = 390.6351, GNorm = 0.3489, lr_0 = 2.4754e-04
Loss = 3.7921e-02, PNorm = 390.6420, GNorm = 0.2363, lr_0 = 2.4747e-04
Loss = 4.7443e-02, PNorm = 390.6501, GNorm = 0.2323, lr_0 = 2.4741e-04
Loss = 5.2440e-02, PNorm = 390.6576, GNorm = 0.4542, lr_0 = 2.4734e-04
Loss = 3.8724e-02, PNorm = 390.6672, GNorm = 0.4454, lr_0 = 2.4728e-04
Loss = 3.9977e-02, PNorm = 390.6748, GNorm = 0.4691, lr_0 = 2.4721e-04
Loss = 4.2796e-02, PNorm = 390.6832, GNorm = 0.4574, lr_0 = 2.4715e-04
Loss = 4.3570e-02, PNorm = 390.6913, GNorm = 0.3366, lr_0 = 2.4708e-04
Loss = 5.7006e-02, PNorm = 390.6997, GNorm = 0.3034, lr_0 = 2.4702e-04
Loss = 4.9499e-02, PNorm = 390.7096, GNorm = 0.2762, lr_0 = 2.4695e-04
Loss = 3.2337e-02, PNorm = 390.7183, GNorm = 0.2741, lr_0 = 2.4689e-04
Loss = 4.9456e-02, PNorm = 390.7273, GNorm = 0.7954, lr_0 = 2.4682e-04
Loss = 4.6096e-02, PNorm = 390.7363, GNorm = 0.4845, lr_0 = 2.4676e-04
Loss = 4.7902e-02, PNorm = 390.7458, GNorm = 0.3684, lr_0 = 2.4669e-04
Loss = 3.2424e-02, PNorm = 390.7530, GNorm = 0.2178, lr_0 = 2.4663e-04
Loss = 3.8169e-02, PNorm = 390.7605, GNorm = 0.2496, lr_0 = 2.4656e-04
Loss = 4.0534e-02, PNorm = 390.7686, GNorm = 0.3504, lr_0 = 2.4650e-04
Loss = 4.0533e-02, PNorm = 390.7778, GNorm = 0.3372, lr_0 = 2.4643e-04
Loss = 3.9615e-02, PNorm = 390.7858, GNorm = 0.3814, lr_0 = 2.4637e-04
Loss = 4.4207e-02, PNorm = 390.7944, GNorm = 0.3077, lr_0 = 2.4630e-04
Loss = 4.1280e-02, PNorm = 390.8040, GNorm = 0.3116, lr_0 = 2.4624e-04
Loss = 4.0016e-02, PNorm = 390.8129, GNorm = 0.3106, lr_0 = 2.4617e-04
Loss = 3.2993e-02, PNorm = 390.8214, GNorm = 0.3495, lr_0 = 2.4611e-04
Loss = 3.6952e-02, PNorm = 390.8303, GNorm = 0.1614, lr_0 = 2.4604e-04
Loss = 4.5088e-02, PNorm = 390.8388, GNorm = 0.3013, lr_0 = 2.4598e-04
Loss = 4.6608e-02, PNorm = 390.8469, GNorm = 0.3574, lr_0 = 2.4591e-04
Loss = 3.7849e-02, PNorm = 390.8545, GNorm = 0.3301, lr_0 = 2.4585e-04
Loss = 3.5538e-02, PNorm = 390.8620, GNorm = 0.3969, lr_0 = 2.4578e-04
Loss = 3.9306e-02, PNorm = 390.8684, GNorm = 0.2847, lr_0 = 2.4572e-04
Loss = 5.0369e-02, PNorm = 390.8762, GNorm = 0.2984, lr_0 = 2.4566e-04
Loss = 4.2155e-02, PNorm = 390.8872, GNorm = 0.3827, lr_0 = 2.4559e-04
Loss = 3.9149e-02, PNorm = 390.8976, GNorm = 0.2501, lr_0 = 2.4553e-04
Loss = 4.1863e-02, PNorm = 390.9086, GNorm = 0.4261, lr_0 = 2.4546e-04
Loss = 5.3415e-02, PNorm = 390.9188, GNorm = 0.2550, lr_0 = 2.4540e-04
Loss = 5.7280e-02, PNorm = 390.9295, GNorm = 0.3421, lr_0 = 2.4533e-04
Loss = 6.2469e-02, PNorm = 390.9416, GNorm = 0.2905, lr_0 = 2.4527e-04
Loss = 3.7807e-02, PNorm = 390.9523, GNorm = 0.2965, lr_0 = 2.4520e-04
Loss = 5.0265e-02, PNorm = 390.9616, GNorm = 0.4432, lr_0 = 2.4514e-04
Loss = 3.6647e-02, PNorm = 390.9706, GNorm = 0.2813, lr_0 = 2.4507e-04
Loss = 4.3858e-02, PNorm = 390.9782, GNorm = 0.2371, lr_0 = 2.4501e-04
Loss = 4.2777e-02, PNorm = 390.9863, GNorm = 0.3782, lr_0 = 2.4495e-04
Loss = 3.5926e-02, PNorm = 390.9943, GNorm = 0.2088, lr_0 = 2.4488e-04
Loss = 4.3652e-02, PNorm = 391.0032, GNorm = 0.4328, lr_0 = 2.4482e-04
Loss = 3.6608e-02, PNorm = 391.0122, GNorm = 0.3339, lr_0 = 2.4475e-04
Loss = 4.2322e-02, PNorm = 391.0216, GNorm = 0.4716, lr_0 = 2.4469e-04
Loss = 3.6103e-02, PNorm = 391.0293, GNorm = 0.2703, lr_0 = 2.4462e-04
Loss = 4.4090e-02, PNorm = 391.0366, GNorm = 0.2798, lr_0 = 2.4456e-04
Loss = 3.7816e-02, PNorm = 391.0438, GNorm = 0.3509, lr_0 = 2.4449e-04
Loss = 3.5128e-02, PNorm = 391.0525, GNorm = 0.2656, lr_0 = 2.4443e-04
Loss = 3.8048e-02, PNorm = 391.0599, GNorm = 0.2769, lr_0 = 2.4437e-04
Loss = 4.0051e-02, PNorm = 391.0672, GNorm = 0.3681, lr_0 = 2.4430e-04
Loss = 3.5726e-02, PNorm = 391.0743, GNorm = 0.6456, lr_0 = 2.4424e-04
Loss = 4.7333e-02, PNorm = 391.0848, GNorm = 0.5066, lr_0 = 2.4417e-04
Loss = 4.4388e-02, PNorm = 391.0948, GNorm = 0.3479, lr_0 = 2.4411e-04
Loss = 5.4004e-02, PNorm = 391.1047, GNorm = 0.2857, lr_0 = 2.4404e-04
Loss = 3.9788e-02, PNorm = 391.1119, GNorm = 0.4017, lr_0 = 2.4398e-04
Loss = 4.1743e-02, PNorm = 391.1207, GNorm = 0.3988, lr_0 = 2.4392e-04
Loss = 4.5348e-02, PNorm = 391.1295, GNorm = 0.4519, lr_0 = 2.4385e-04
Validation rmse = 3.435530
Epoch 62
Loss = 6.0526e-02, PNorm = 391.1373, GNorm = 1.0127, lr_0 = 2.4379e-04
Loss = 4.8070e-02, PNorm = 391.1457, GNorm = 0.5030, lr_0 = 2.4372e-04
Loss = 3.5937e-02, PNorm = 391.1542, GNorm = 0.2023, lr_0 = 2.4366e-04
Loss = 3.6349e-02, PNorm = 391.1620, GNorm = 0.3184, lr_0 = 2.4360e-04
Loss = 4.5840e-02, PNorm = 391.1688, GNorm = 0.2618, lr_0 = 2.4353e-04
Loss = 6.3581e-02, PNorm = 391.1761, GNorm = 0.2708, lr_0 = 2.4347e-04
Loss = 4.5901e-02, PNorm = 391.1836, GNorm = 0.3043, lr_0 = 2.4340e-04
Loss = 4.4795e-02, PNorm = 391.1904, GNorm = 0.3645, lr_0 = 2.4334e-04
Loss = 3.9270e-02, PNorm = 391.1962, GNorm = 0.3404, lr_0 = 2.4328e-04
Loss = 4.2607e-02, PNorm = 391.2016, GNorm = 0.4717, lr_0 = 2.4321e-04
Loss = 3.5976e-02, PNorm = 391.2077, GNorm = 0.2923, lr_0 = 2.4315e-04
Loss = 4.2943e-02, PNorm = 391.2138, GNorm = 0.3563, lr_0 = 2.4308e-04
Loss = 3.6311e-02, PNorm = 391.2209, GNorm = 0.2566, lr_0 = 2.4302e-04
Loss = 4.1374e-02, PNorm = 391.2296, GNorm = 0.3228, lr_0 = 2.4296e-04
Loss = 3.7146e-02, PNorm = 391.2388, GNorm = 0.3670, lr_0 = 2.4289e-04
Loss = 4.0329e-02, PNorm = 391.2466, GNorm = 0.2535, lr_0 = 2.4283e-04
Loss = 3.9179e-02, PNorm = 391.2533, GNorm = 0.2603, lr_0 = 2.4276e-04
Loss = 3.4271e-02, PNorm = 391.2592, GNorm = 0.2852, lr_0 = 2.4270e-04
Loss = 3.8822e-02, PNorm = 391.2663, GNorm = 0.3168, lr_0 = 2.4264e-04
Loss = 4.7449e-02, PNorm = 391.2733, GNorm = 0.2884, lr_0 = 2.4257e-04
Loss = 3.7093e-02, PNorm = 391.2794, GNorm = 0.4581, lr_0 = 2.4251e-04
Loss = 3.7403e-02, PNorm = 391.2874, GNorm = 0.3158, lr_0 = 2.4244e-04
Loss = 4.4219e-02, PNorm = 391.2956, GNorm = 0.6479, lr_0 = 2.4238e-04
Loss = 5.3635e-02, PNorm = 391.3033, GNorm = 0.4027, lr_0 = 2.4232e-04
Loss = 4.4339e-02, PNorm = 391.3086, GNorm = 0.2882, lr_0 = 2.4225e-04
Loss = 3.9031e-02, PNorm = 391.3138, GNorm = 0.3386, lr_0 = 2.4219e-04
Loss = 3.8094e-02, PNorm = 391.3214, GNorm = 0.3751, lr_0 = 2.4213e-04
Loss = 3.9131e-02, PNorm = 391.3311, GNorm = 0.2604, lr_0 = 2.4206e-04
Loss = 5.0241e-02, PNorm = 391.3400, GNorm = 0.2656, lr_0 = 2.4200e-04
Loss = 4.0560e-02, PNorm = 391.3494, GNorm = 0.2870, lr_0 = 2.4193e-04
Loss = 4.4436e-02, PNorm = 391.3571, GNorm = 0.3644, lr_0 = 2.4187e-04
Loss = 3.3370e-02, PNorm = 391.3635, GNorm = 0.2326, lr_0 = 2.4181e-04
Loss = 3.8073e-02, PNorm = 391.3707, GNorm = 0.4317, lr_0 = 2.4174e-04
Loss = 3.9407e-02, PNorm = 391.3771, GNorm = 0.2816, lr_0 = 2.4168e-04
Loss = 3.4772e-02, PNorm = 391.3846, GNorm = 0.2651, lr_0 = 2.4162e-04
Loss = 3.5667e-02, PNorm = 391.3915, GNorm = 0.3749, lr_0 = 2.4155e-04
Loss = 4.0387e-02, PNorm = 391.4003, GNorm = 0.2780, lr_0 = 2.4149e-04
Loss = 4.0322e-02, PNorm = 391.4079, GNorm = 0.2547, lr_0 = 2.4143e-04
Loss = 5.0225e-02, PNorm = 391.4154, GNorm = 0.6391, lr_0 = 2.4136e-04
Loss = 4.4745e-02, PNorm = 391.4269, GNorm = 0.3404, lr_0 = 2.4130e-04
Loss = 4.0670e-02, PNorm = 391.4361, GNorm = 0.3323, lr_0 = 2.4124e-04
Loss = 3.9813e-02, PNorm = 391.4459, GNorm = 0.3142, lr_0 = 2.4117e-04
Loss = 3.6928e-02, PNorm = 391.4534, GNorm = 0.2305, lr_0 = 2.4111e-04
Loss = 3.7029e-02, PNorm = 391.4597, GNorm = 0.2056, lr_0 = 2.4105e-04
Loss = 4.6237e-02, PNorm = 391.4663, GNorm = 0.2969, lr_0 = 2.4098e-04
Loss = 3.9774e-02, PNorm = 391.4727, GNorm = 0.2549, lr_0 = 2.4092e-04
Loss = 4.0468e-02, PNorm = 391.4776, GNorm = 0.3199, lr_0 = 2.4086e-04
Loss = 4.0058e-02, PNorm = 391.4846, GNorm = 0.2524, lr_0 = 2.4079e-04
Loss = 3.9426e-02, PNorm = 391.4924, GNorm = 0.3832, lr_0 = 2.4073e-04
Loss = 4.6073e-02, PNorm = 391.5001, GNorm = 0.6360, lr_0 = 2.4067e-04
Loss = 3.7917e-02, PNorm = 391.5073, GNorm = 0.3035, lr_0 = 2.4060e-04
Loss = 4.0598e-02, PNorm = 391.5151, GNorm = 0.3093, lr_0 = 2.4054e-04
Loss = 4.2940e-02, PNorm = 391.5230, GNorm = 0.3661, lr_0 = 2.4048e-04
Loss = 3.7912e-02, PNorm = 391.5322, GNorm = 0.3253, lr_0 = 2.4041e-04
Loss = 3.5286e-02, PNorm = 391.5395, GNorm = 0.2462, lr_0 = 2.4035e-04
Loss = 3.4185e-02, PNorm = 391.5442, GNorm = 0.2749, lr_0 = 2.4029e-04
Loss = 3.6350e-02, PNorm = 391.5487, GNorm = 0.2252, lr_0 = 2.4022e-04
Loss = 3.9005e-02, PNorm = 391.5556, GNorm = 0.2530, lr_0 = 2.4016e-04
Loss = 4.5216e-02, PNorm = 391.5637, GNorm = 0.2756, lr_0 = 2.4010e-04
Loss = 4.3406e-02, PNorm = 391.5705, GNorm = 0.2454, lr_0 = 2.4003e-04
Loss = 4.9169e-02, PNorm = 391.5761, GNorm = 0.3506, lr_0 = 2.3997e-04
Loss = 3.7775e-02, PNorm = 391.5829, GNorm = 0.2108, lr_0 = 2.3991e-04
Loss = 4.2751e-02, PNorm = 391.5918, GNorm = 0.4386, lr_0 = 2.3984e-04
Loss = 5.2543e-02, PNorm = 391.5998, GNorm = 0.6447, lr_0 = 2.3978e-04
Loss = 4.5250e-02, PNorm = 391.6081, GNorm = 0.4792, lr_0 = 2.3972e-04
Loss = 3.7909e-02, PNorm = 391.6168, GNorm = 0.1955, lr_0 = 2.3965e-04
Loss = 4.1950e-02, PNorm = 391.6255, GNorm = 0.2725, lr_0 = 2.3959e-04
Loss = 3.9200e-02, PNorm = 391.6337, GNorm = 0.5804, lr_0 = 2.3953e-04
Loss = 4.2189e-02, PNorm = 391.6423, GNorm = 0.4221, lr_0 = 2.3947e-04
Loss = 3.3982e-02, PNorm = 391.6501, GNorm = 0.2957, lr_0 = 2.3940e-04
Loss = 4.0712e-02, PNorm = 391.6555, GNorm = 0.4463, lr_0 = 2.3934e-04
Loss = 4.4980e-02, PNorm = 391.6627, GNorm = 0.4386, lr_0 = 2.3928e-04
Loss = 5.1731e-02, PNorm = 391.6689, GNorm = 0.2222, lr_0 = 2.3921e-04
Loss = 3.4656e-02, PNorm = 391.6764, GNorm = 0.2829, lr_0 = 2.3915e-04
Loss = 4.2104e-02, PNorm = 391.6826, GNorm = 0.2903, lr_0 = 2.3909e-04
Loss = 3.6679e-02, PNorm = 391.6890, GNorm = 0.2521, lr_0 = 2.3902e-04
Loss = 4.6978e-02, PNorm = 391.6978, GNorm = 0.3488, lr_0 = 2.3896e-04
Loss = 3.3060e-02, PNorm = 391.7043, GNorm = 0.1725, lr_0 = 2.3890e-04
Loss = 5.2713e-02, PNorm = 391.7090, GNorm = 0.1952, lr_0 = 2.3884e-04
Loss = 4.8744e-02, PNorm = 391.7167, GNorm = 0.3885, lr_0 = 2.3877e-04
Loss = 3.5950e-02, PNorm = 391.7257, GNorm = 0.2136, lr_0 = 2.3871e-04
Loss = 4.6510e-02, PNorm = 391.7344, GNorm = 0.3907, lr_0 = 2.3865e-04
Loss = 4.0475e-02, PNorm = 391.7433, GNorm = 0.3989, lr_0 = 2.3858e-04
Loss = 3.5917e-02, PNorm = 391.7526, GNorm = 0.3505, lr_0 = 2.3852e-04
Loss = 3.7518e-02, PNorm = 391.7595, GNorm = 0.2527, lr_0 = 2.3846e-04
Loss = 3.5583e-02, PNorm = 391.7670, GNorm = 0.3018, lr_0 = 2.3840e-04
Loss = 4.3171e-02, PNorm = 391.7741, GNorm = 0.3565, lr_0 = 2.3833e-04
Loss = 3.6606e-02, PNorm = 391.7813, GNorm = 0.3063, lr_0 = 2.3827e-04
Loss = 3.9823e-02, PNorm = 391.7898, GNorm = 0.2490, lr_0 = 2.3821e-04
Loss = 4.7339e-02, PNorm = 391.7979, GNorm = 1.6106, lr_0 = 2.3815e-04
Validation rmse = 3.426842
Epoch 63
Loss = 3.4323e-02, PNorm = 391.8088, GNorm = 0.3553, lr_0 = 2.3808e-04
Loss = 3.6217e-02, PNorm = 391.8149, GNorm = 0.2702, lr_0 = 2.3801e-04
Loss = 3.7776e-02, PNorm = 391.8238, GNorm = 0.2703, lr_0 = 2.3795e-04
Loss = 4.0799e-02, PNorm = 391.8327, GNorm = 0.3916, lr_0 = 2.3789e-04
Loss = 4.1131e-02, PNorm = 391.8403, GNorm = 0.2573, lr_0 = 2.3783e-04
Loss = 3.4632e-02, PNorm = 391.8478, GNorm = 0.3569, lr_0 = 2.3776e-04
Loss = 3.6375e-02, PNorm = 391.8558, GNorm = 0.2153, lr_0 = 2.3770e-04
Loss = 3.8400e-02, PNorm = 391.8643, GNorm = 0.3230, lr_0 = 2.3764e-04
Loss = 4.4682e-02, PNorm = 391.8717, GNorm = 0.2564, lr_0 = 2.3758e-04
Loss = 4.1149e-02, PNorm = 391.8775, GNorm = 0.3144, lr_0 = 2.3751e-04
Loss = 4.8642e-02, PNorm = 391.8849, GNorm = 0.3733, lr_0 = 2.3745e-04
Loss = 4.0329e-02, PNorm = 391.8923, GNorm = 0.4837, lr_0 = 2.3739e-04
Loss = 3.7516e-02, PNorm = 391.8998, GNorm = 0.3362, lr_0 = 2.3733e-04
Loss = 3.6690e-02, PNorm = 391.9076, GNorm = 0.2988, lr_0 = 2.3726e-04
Loss = 3.8918e-02, PNorm = 391.9149, GNorm = 0.2886, lr_0 = 2.3720e-04
Loss = 3.9967e-02, PNorm = 391.9234, GNorm = 0.3136, lr_0 = 2.3714e-04
Loss = 5.2450e-02, PNorm = 391.9292, GNorm = 0.2583, lr_0 = 2.3708e-04
Loss = 3.8674e-02, PNorm = 391.9361, GNorm = 0.4562, lr_0 = 2.3701e-04
Loss = 3.8448e-02, PNorm = 391.9432, GNorm = 0.5563, lr_0 = 2.3695e-04
Loss = 4.0191e-02, PNorm = 391.9509, GNorm = 0.3871, lr_0 = 2.3689e-04
Loss = 4.8985e-02, PNorm = 391.9592, GNorm = 0.2818, lr_0 = 2.3683e-04
Loss = 3.6537e-02, PNorm = 391.9674, GNorm = 0.2434, lr_0 = 2.3676e-04
Loss = 2.8800e-02, PNorm = 391.9744, GNorm = 0.2559, lr_0 = 2.3670e-04
Loss = 4.6670e-02, PNorm = 391.9825, GNorm = 0.4818, lr_0 = 2.3664e-04
Loss = 3.5149e-02, PNorm = 391.9908, GNorm = 0.2491, lr_0 = 2.3658e-04
Loss = 4.7208e-02, PNorm = 391.9994, GNorm = 0.4216, lr_0 = 2.3652e-04
Loss = 3.4909e-02, PNorm = 392.0081, GNorm = 0.2666, lr_0 = 2.3645e-04
Loss = 5.2003e-02, PNorm = 392.0159, GNorm = 0.4094, lr_0 = 2.3639e-04
Loss = 4.7291e-02, PNorm = 392.0248, GNorm = 0.2062, lr_0 = 2.3633e-04
Loss = 3.6829e-02, PNorm = 392.0338, GNorm = 0.4513, lr_0 = 2.3627e-04
Loss = 3.6289e-02, PNorm = 392.0428, GNorm = 0.2399, lr_0 = 2.3620e-04
Loss = 3.3172e-02, PNorm = 392.0522, GNorm = 0.3240, lr_0 = 2.3614e-04
Loss = 4.4222e-02, PNorm = 392.0593, GNorm = 0.4132, lr_0 = 2.3608e-04
Loss = 4.4774e-02, PNorm = 392.0667, GNorm = 0.2957, lr_0 = 2.3602e-04
Loss = 4.9377e-02, PNorm = 392.0762, GNorm = 0.3773, lr_0 = 2.3596e-04
Loss = 4.8193e-02, PNorm = 392.0851, GNorm = 0.7241, lr_0 = 2.3589e-04
Loss = 4.1797e-02, PNorm = 392.0937, GNorm = 0.3071, lr_0 = 2.3583e-04
Loss = 4.1128e-02, PNorm = 392.1023, GNorm = 0.3221, lr_0 = 2.3577e-04
Loss = 3.5920e-02, PNorm = 392.1110, GNorm = 0.2789, lr_0 = 2.3571e-04
Loss = 3.9918e-02, PNorm = 392.1180, GNorm = 0.3565, lr_0 = 2.3565e-04
Loss = 4.5520e-02, PNorm = 392.1245, GNorm = 0.2865, lr_0 = 2.3558e-04
Loss = 4.0212e-02, PNorm = 392.1326, GNorm = 0.2410, lr_0 = 2.3552e-04
Loss = 4.2384e-02, PNorm = 392.1398, GNorm = 0.4095, lr_0 = 2.3546e-04
Loss = 3.8615e-02, PNorm = 392.1471, GNorm = 0.3039, lr_0 = 2.3540e-04
Loss = 3.6318e-02, PNorm = 392.1534, GNorm = 0.3148, lr_0 = 2.3534e-04
Loss = 4.2276e-02, PNorm = 392.1595, GNorm = 1.0246, lr_0 = 2.3527e-04
Loss = 4.4183e-02, PNorm = 392.1680, GNorm = 0.1792, lr_0 = 2.3521e-04
Loss = 4.2904e-02, PNorm = 392.1773, GNorm = 0.3142, lr_0 = 2.3515e-04
Loss = 4.5068e-02, PNorm = 392.1870, GNorm = 0.2819, lr_0 = 2.3509e-04
Loss = 5.0591e-02, PNorm = 392.1960, GNorm = 0.2784, lr_0 = 2.3503e-04
Loss = 4.9232e-02, PNorm = 392.2041, GNorm = 0.5194, lr_0 = 2.3497e-04
Loss = 3.4700e-02, PNorm = 392.2124, GNorm = 0.2236, lr_0 = 2.3490e-04
Loss = 3.7741e-02, PNorm = 392.2202, GNorm = 0.3850, lr_0 = 2.3484e-04
Loss = 3.2906e-02, PNorm = 392.2276, GNorm = 0.2416, lr_0 = 2.3478e-04
Loss = 3.9649e-02, PNorm = 392.2333, GNorm = 0.2634, lr_0 = 2.3472e-04
Loss = 3.8742e-02, PNorm = 392.2415, GNorm = 0.3155, lr_0 = 2.3466e-04
Loss = 3.4613e-02, PNorm = 392.2483, GNorm = 0.2883, lr_0 = 2.3459e-04
Loss = 4.1427e-02, PNorm = 392.2562, GNorm = 0.2902, lr_0 = 2.3453e-04
Loss = 4.2603e-02, PNorm = 392.2645, GNorm = 0.2842, lr_0 = 2.3447e-04
Loss = 4.0672e-02, PNorm = 392.2714, GNorm = 0.2370, lr_0 = 2.3441e-04
Loss = 4.9670e-02, PNorm = 392.2787, GNorm = 0.3703, lr_0 = 2.3435e-04
Loss = 4.2213e-02, PNorm = 392.2849, GNorm = 0.2937, lr_0 = 2.3429e-04
Loss = 3.4574e-02, PNorm = 392.2930, GNorm = 0.3440, lr_0 = 2.3422e-04
Loss = 4.2796e-02, PNorm = 392.2995, GNorm = 0.1688, lr_0 = 2.3416e-04
Loss = 4.1366e-02, PNorm = 392.3060, GNorm = 0.3367, lr_0 = 2.3410e-04
Loss = 4.1691e-02, PNorm = 392.3145, GNorm = 0.2806, lr_0 = 2.3404e-04
Loss = 3.6220e-02, PNorm = 392.3217, GNorm = 0.2674, lr_0 = 2.3398e-04
Loss = 4.5633e-02, PNorm = 392.3296, GNorm = 0.1913, lr_0 = 2.3392e-04
Loss = 6.8552e-02, PNorm = 392.3373, GNorm = 0.2389, lr_0 = 2.3386e-04
Loss = 3.5977e-02, PNorm = 392.3448, GNorm = 0.2608, lr_0 = 2.3379e-04
Loss = 3.9272e-02, PNorm = 392.3534, GNorm = 0.2386, lr_0 = 2.3373e-04
Loss = 4.1100e-02, PNorm = 392.3603, GNorm = 0.2629, lr_0 = 2.3367e-04
Loss = 4.0537e-02, PNorm = 392.3660, GNorm = 0.5027, lr_0 = 2.3361e-04
Loss = 3.8978e-02, PNorm = 392.3725, GNorm = 0.2741, lr_0 = 2.3355e-04
Loss = 3.5982e-02, PNorm = 392.3806, GNorm = 0.3477, lr_0 = 2.3349e-04
Loss = 4.7954e-02, PNorm = 392.3902, GNorm = 0.2974, lr_0 = 2.3342e-04
Loss = 5.3103e-02, PNorm = 392.3990, GNorm = 0.3994, lr_0 = 2.3336e-04
Loss = 3.7506e-02, PNorm = 392.4078, GNorm = 0.3487, lr_0 = 2.3330e-04
Loss = 4.0073e-02, PNorm = 392.4153, GNorm = 0.4176, lr_0 = 2.3324e-04
Loss = 3.3548e-02, PNorm = 392.4211, GNorm = 0.2746, lr_0 = 2.3318e-04
Loss = 4.3775e-02, PNorm = 392.4291, GNorm = 0.3781, lr_0 = 2.3312e-04
Loss = 3.5208e-02, PNorm = 392.4374, GNorm = 0.3442, lr_0 = 2.3306e-04
Loss = 4.0370e-02, PNorm = 392.4442, GNorm = 0.3265, lr_0 = 2.3300e-04
Loss = 4.0912e-02, PNorm = 392.4516, GNorm = 0.3761, lr_0 = 2.3293e-04
Loss = 4.6711e-02, PNorm = 392.4585, GNorm = 0.3043, lr_0 = 2.3287e-04
Loss = 4.1071e-02, PNorm = 392.4663, GNorm = 0.3162, lr_0 = 2.3281e-04
Loss = 4.6296e-02, PNorm = 392.4753, GNorm = 0.2737, lr_0 = 2.3275e-04
Loss = 4.0154e-02, PNorm = 392.4819, GNorm = 0.2441, lr_0 = 2.3269e-04
Loss = 4.2105e-02, PNorm = 392.4899, GNorm = 0.3141, lr_0 = 2.3263e-04
Validation rmse = 3.409591
Epoch 64
Loss = 3.6169e-02, PNorm = 392.4971, GNorm = 0.2757, lr_0 = 2.3257e-04
Loss = 3.8597e-02, PNorm = 392.5055, GNorm = 0.5708, lr_0 = 2.3251e-04
Loss = 3.2207e-02, PNorm = 392.5132, GNorm = 0.2662, lr_0 = 2.3244e-04
Loss = 3.5267e-02, PNorm = 392.5213, GNorm = 0.3168, lr_0 = 2.3238e-04
Loss = 3.7341e-02, PNorm = 392.5284, GNorm = 0.2283, lr_0 = 2.3232e-04
Loss = 3.6608e-02, PNorm = 392.5344, GNorm = 0.2639, lr_0 = 2.3226e-04
Loss = 3.2620e-02, PNorm = 392.5408, GNorm = 0.2873, lr_0 = 2.3220e-04
Loss = 4.4722e-02, PNorm = 392.5470, GNorm = 0.3062, lr_0 = 2.3214e-04
Loss = 3.7325e-02, PNorm = 392.5543, GNorm = 0.4361, lr_0 = 2.3208e-04
Loss = 3.9320e-02, PNorm = 392.5635, GNorm = 0.3602, lr_0 = 2.3202e-04
Loss = 4.4665e-02, PNorm = 392.5710, GNorm = 0.2474, lr_0 = 2.3196e-04
Loss = 3.2547e-02, PNorm = 392.5788, GNorm = 0.3434, lr_0 = 2.3189e-04
Loss = 4.5853e-02, PNorm = 392.5843, GNorm = 0.5477, lr_0 = 2.3183e-04
Loss = 4.7745e-02, PNorm = 392.5897, GNorm = 0.1888, lr_0 = 2.3177e-04
Loss = 3.9817e-02, PNorm = 392.5947, GNorm = 0.3040, lr_0 = 2.3171e-04
Loss = 3.9781e-02, PNorm = 392.6011, GNorm = 0.2419, lr_0 = 2.3165e-04
Loss = 5.2706e-02, PNorm = 392.6068, GNorm = 0.2989, lr_0 = 2.3159e-04
Loss = 4.2870e-02, PNorm = 392.6142, GNorm = 0.2666, lr_0 = 2.3153e-04
Loss = 3.4760e-02, PNorm = 392.6226, GNorm = 0.3152, lr_0 = 2.3147e-04
Loss = 3.7648e-02, PNorm = 392.6305, GNorm = 0.2416, lr_0 = 2.3141e-04
Loss = 4.3345e-02, PNorm = 392.6388, GNorm = 0.3366, lr_0 = 2.3135e-04
Loss = 4.0762e-02, PNorm = 392.6470, GNorm = 0.3061, lr_0 = 2.3128e-04
Loss = 3.9408e-02, PNorm = 392.6550, GNorm = 0.3106, lr_0 = 2.3122e-04
Loss = 4.0994e-02, PNorm = 392.6632, GNorm = 0.4085, lr_0 = 2.3116e-04
Loss = 4.1387e-02, PNorm = 392.6710, GNorm = 0.4108, lr_0 = 2.3110e-04
Loss = 4.2594e-02, PNorm = 392.6797, GNorm = 0.2537, lr_0 = 2.3104e-04
Loss = 4.0569e-02, PNorm = 392.6874, GNorm = 0.2942, lr_0 = 2.3098e-04
Loss = 4.0104e-02, PNorm = 392.6937, GNorm = 0.3366, lr_0 = 2.3092e-04
Loss = 3.4067e-02, PNorm = 392.7002, GNorm = 0.4694, lr_0 = 2.3086e-04
Loss = 4.1630e-02, PNorm = 392.7080, GNorm = 0.5930, lr_0 = 2.3080e-04
Loss = 4.7031e-02, PNorm = 392.7158, GNorm = 0.2714, lr_0 = 2.3074e-04
Loss = 4.1368e-02, PNorm = 392.7228, GNorm = 0.3222, lr_0 = 2.3068e-04
Loss = 4.0004e-02, PNorm = 392.7303, GNorm = 0.2606, lr_0 = 2.3062e-04
Loss = 3.5997e-02, PNorm = 392.7383, GNorm = 0.2956, lr_0 = 2.3056e-04
Loss = 3.2591e-02, PNorm = 392.7455, GNorm = 0.2504, lr_0 = 2.3050e-04
Loss = 4.3890e-02, PNorm = 392.7521, GNorm = 0.3482, lr_0 = 2.3043e-04
Loss = 2.7623e-02, PNorm = 392.7574, GNorm = 0.2267, lr_0 = 2.3037e-04
Loss = 4.3244e-02, PNorm = 392.7653, GNorm = 0.3079, lr_0 = 2.3031e-04
Loss = 5.2895e-02, PNorm = 392.7725, GNorm = 0.5618, lr_0 = 2.3025e-04
Loss = 3.9719e-02, PNorm = 392.7786, GNorm = 0.7932, lr_0 = 2.3019e-04
Loss = 3.8538e-02, PNorm = 392.7863, GNorm = 0.2619, lr_0 = 2.3013e-04
Loss = 4.0276e-02, PNorm = 392.7945, GNorm = 0.2324, lr_0 = 2.3007e-04
Loss = 3.3084e-02, PNorm = 392.8009, GNorm = 0.2774, lr_0 = 2.3001e-04
Loss = 3.6091e-02, PNorm = 392.8082, GNorm = 0.3936, lr_0 = 2.2995e-04
Loss = 3.4630e-02, PNorm = 392.8157, GNorm = 0.4206, lr_0 = 2.2989e-04
Loss = 3.4594e-02, PNorm = 392.8230, GNorm = 0.2478, lr_0 = 2.2983e-04
Loss = 3.8339e-02, PNorm = 392.8295, GNorm = 0.2503, lr_0 = 2.2977e-04
Loss = 4.2340e-02, PNorm = 392.8390, GNorm = 0.2602, lr_0 = 2.2971e-04
Loss = 4.1730e-02, PNorm = 392.8477, GNorm = 0.2890, lr_0 = 2.2965e-04
Loss = 3.2112e-02, PNorm = 392.8548, GNorm = 0.2227, lr_0 = 2.2959e-04
Loss = 3.5658e-02, PNorm = 392.8640, GNorm = 0.2425, lr_0 = 2.2953e-04
Loss = 3.6579e-02, PNorm = 392.8710, GNorm = 0.2248, lr_0 = 2.2947e-04
Loss = 3.3722e-02, PNorm = 392.8780, GNorm = 0.2916, lr_0 = 2.2941e-04
Loss = 3.6679e-02, PNorm = 392.8853, GNorm = 0.3144, lr_0 = 2.2935e-04
Loss = 3.9720e-02, PNorm = 392.8915, GNorm = 0.2293, lr_0 = 2.2929e-04
Loss = 3.1665e-02, PNorm = 392.8975, GNorm = 0.2783, lr_0 = 2.2923e-04
Loss = 3.5432e-02, PNorm = 392.9031, GNorm = 0.4499, lr_0 = 2.2916e-04
Loss = 3.8518e-02, PNorm = 392.9081, GNorm = 0.3566, lr_0 = 2.2910e-04
Loss = 4.0104e-02, PNorm = 392.9154, GNorm = 0.5272, lr_0 = 2.2904e-04
Loss = 3.7539e-02, PNorm = 392.9237, GNorm = 0.2588, lr_0 = 2.2898e-04
Loss = 4.5482e-02, PNorm = 392.9309, GNorm = 0.2903, lr_0 = 2.2892e-04
Loss = 4.2909e-02, PNorm = 392.9395, GNorm = 0.2679, lr_0 = 2.2886e-04
Loss = 4.0224e-02, PNorm = 392.9482, GNorm = 0.3968, lr_0 = 2.2880e-04
Loss = 3.9636e-02, PNorm = 392.9549, GNorm = 0.3991, lr_0 = 2.2874e-04
Loss = 4.3020e-02, PNorm = 392.9620, GNorm = 0.2773, lr_0 = 2.2868e-04
Loss = 5.4362e-02, PNorm = 392.9680, GNorm = 0.2677, lr_0 = 2.2862e-04
Loss = 4.2934e-02, PNorm = 392.9745, GNorm = 0.3740, lr_0 = 2.2856e-04
Loss = 3.7820e-02, PNorm = 392.9811, GNorm = 0.2701, lr_0 = 2.2850e-04
Loss = 3.5546e-02, PNorm = 392.9881, GNorm = 0.2193, lr_0 = 2.2844e-04
Loss = 4.3108e-02, PNorm = 392.9954, GNorm = 0.2457, lr_0 = 2.2838e-04
Loss = 3.9376e-02, PNorm = 393.0025, GNorm = 0.4464, lr_0 = 2.2832e-04
Loss = 3.1647e-02, PNorm = 393.0089, GNorm = 0.3298, lr_0 = 2.2826e-04
Loss = 4.8096e-02, PNorm = 393.0179, GNorm = 0.5439, lr_0 = 2.2820e-04
Loss = 3.9389e-02, PNorm = 393.0245, GNorm = 0.4046, lr_0 = 2.2814e-04
Loss = 3.6643e-02, PNorm = 393.0314, GNorm = 0.2840, lr_0 = 2.2808e-04
Loss = 3.2268e-02, PNorm = 393.0389, GNorm = 0.2389, lr_0 = 2.2802e-04
Loss = 4.0763e-02, PNorm = 393.0459, GNorm = 0.4123, lr_0 = 2.2796e-04
Loss = 4.6173e-02, PNorm = 393.0541, GNorm = 0.3489, lr_0 = 2.2790e-04
Loss = 4.0582e-02, PNorm = 393.0603, GNorm = 0.2868, lr_0 = 2.2784e-04
Loss = 3.7442e-02, PNorm = 393.0663, GNorm = 0.2889, lr_0 = 2.2778e-04
Loss = 3.5410e-02, PNorm = 393.0743, GNorm = 0.3302, lr_0 = 2.2772e-04
Loss = 4.5473e-02, PNorm = 393.0819, GNorm = 0.2686, lr_0 = 2.2766e-04
Loss = 3.8568e-02, PNorm = 393.0880, GNorm = 0.2750, lr_0 = 2.2760e-04
Loss = 3.3824e-02, PNorm = 393.0930, GNorm = 0.3047, lr_0 = 2.2754e-04
Loss = 5.6271e-02, PNorm = 393.0985, GNorm = 0.4090, lr_0 = 2.2748e-04
Loss = 4.1708e-02, PNorm = 393.1072, GNorm = 0.2494, lr_0 = 2.2742e-04
Loss = 3.8750e-02, PNorm = 393.1165, GNorm = 0.3516, lr_0 = 2.2736e-04
Loss = 3.4820e-02, PNorm = 393.1242, GNorm = 0.2901, lr_0 = 2.2730e-04
Loss = 4.4002e-02, PNorm = 393.1306, GNorm = 0.3544, lr_0 = 2.2724e-04
Validation rmse = 3.454133
Epoch 65
Loss = 5.1749e-02, PNorm = 393.1360, GNorm = 0.4187, lr_0 = 2.2718e-04
Loss = 3.3601e-02, PNorm = 393.1432, GNorm = 0.2839, lr_0 = 2.2712e-04
Loss = 3.5346e-02, PNorm = 393.1492, GNorm = 0.2128, lr_0 = 2.2706e-04
Loss = 4.1778e-02, PNorm = 393.1581, GNorm = 0.3512, lr_0 = 2.2700e-04
Loss = 4.5329e-02, PNorm = 393.1653, GNorm = 0.3986, lr_0 = 2.2694e-04
Loss = 3.7833e-02, PNorm = 393.1722, GNorm = 0.3712, lr_0 = 2.2689e-04
Loss = 5.5426e-02, PNorm = 393.1811, GNorm = 0.2246, lr_0 = 2.2683e-04
Loss = 3.7257e-02, PNorm = 393.1885, GNorm = 0.2093, lr_0 = 2.2677e-04
Loss = 4.1931e-02, PNorm = 393.1951, GNorm = 0.4609, lr_0 = 2.2671e-04
Loss = 3.1929e-02, PNorm = 393.2032, GNorm = 0.2439, lr_0 = 2.2665e-04
Loss = 3.0152e-02, PNorm = 393.2089, GNorm = 0.2641, lr_0 = 2.2659e-04
Loss = 3.3266e-02, PNorm = 393.2144, GNorm = 0.3405, lr_0 = 2.2653e-04
Loss = 3.8401e-02, PNorm = 393.2200, GNorm = 0.3818, lr_0 = 2.2647e-04
Loss = 4.0018e-02, PNorm = 393.2257, GNorm = 0.2217, lr_0 = 2.2641e-04
Loss = 3.7399e-02, PNorm = 393.2310, GNorm = 0.2931, lr_0 = 2.2635e-04
Loss = 3.8607e-02, PNorm = 393.2373, GNorm = 0.3161, lr_0 = 2.2629e-04
Loss = 3.7671e-02, PNorm = 393.2446, GNorm = 0.2977, lr_0 = 2.2623e-04
Loss = 3.4660e-02, PNorm = 393.2510, GNorm = 0.3095, lr_0 = 2.2617e-04
Loss = 4.7942e-02, PNorm = 393.2592, GNorm = 0.4199, lr_0 = 2.2611e-04
Loss = 4.1864e-02, PNorm = 393.2693, GNorm = 0.2781, lr_0 = 2.2605e-04
Loss = 4.8729e-02, PNorm = 393.2782, GNorm = 0.5612, lr_0 = 2.2599e-04
Loss = 4.2167e-02, PNorm = 393.2865, GNorm = 0.2360, lr_0 = 2.2593e-04
Loss = 3.7039e-02, PNorm = 393.2932, GNorm = 0.2119, lr_0 = 2.2587e-04
Loss = 3.3649e-02, PNorm = 393.3012, GNorm = 0.2334, lr_0 = 2.2581e-04
Loss = 5.9254e-02, PNorm = 393.3096, GNorm = 0.2201, lr_0 = 2.2575e-04
Loss = 4.0109e-02, PNorm = 393.3168, GNorm = 0.2894, lr_0 = 2.2569e-04
Loss = 4.0688e-02, PNorm = 393.3226, GNorm = 0.2484, lr_0 = 2.2563e-04
Loss = 4.0900e-02, PNorm = 393.3292, GNorm = 0.4392, lr_0 = 2.2558e-04
Loss = 3.2604e-02, PNorm = 393.3368, GNorm = 0.2638, lr_0 = 2.2552e-04
Loss = 5.1844e-02, PNorm = 393.3458, GNorm = 0.3907, lr_0 = 2.2546e-04
Loss = 4.1200e-02, PNorm = 393.3549, GNorm = 0.2958, lr_0 = 2.2540e-04
Loss = 4.4954e-02, PNorm = 393.3635, GNorm = 0.3434, lr_0 = 2.2534e-04
Loss = 3.7544e-02, PNorm = 393.3725, GNorm = 0.4901, lr_0 = 2.2528e-04
Loss = 3.7993e-02, PNorm = 393.3797, GNorm = 0.2551, lr_0 = 2.2522e-04
Loss = 5.0814e-02, PNorm = 393.3887, GNorm = 0.8580, lr_0 = 2.2516e-04
Loss = 3.6333e-02, PNorm = 393.3963, GNorm = 0.2198, lr_0 = 2.2510e-04
Loss = 3.8390e-02, PNorm = 393.4029, GNorm = 0.3233, lr_0 = 2.2504e-04
Loss = 3.7322e-02, PNorm = 393.4102, GNorm = 0.3692, lr_0 = 2.2498e-04
Loss = 3.5820e-02, PNorm = 393.4176, GNorm = 0.3054, lr_0 = 2.2492e-04
Loss = 3.7451e-02, PNorm = 393.4248, GNorm = 0.3759, lr_0 = 2.2486e-04
Loss = 3.5505e-02, PNorm = 393.4317, GNorm = 0.4904, lr_0 = 2.2481e-04
Loss = 3.7125e-02, PNorm = 393.4391, GNorm = 0.4075, lr_0 = 2.2475e-04
Loss = 3.5334e-02, PNorm = 393.4467, GNorm = 0.3949, lr_0 = 2.2469e-04
Loss = 5.5308e-02, PNorm = 393.4544, GNorm = 0.3432, lr_0 = 2.2463e-04
Loss = 4.4624e-02, PNorm = 393.4629, GNorm = 0.2446, lr_0 = 2.2457e-04
Loss = 3.7455e-02, PNorm = 393.4705, GNorm = 0.3615, lr_0 = 2.2451e-04
Loss = 3.5003e-02, PNorm = 393.4786, GNorm = 0.3750, lr_0 = 2.2445e-04
Loss = 3.6788e-02, PNorm = 393.4850, GNorm = 0.2817, lr_0 = 2.2439e-04
Loss = 3.4942e-02, PNorm = 393.4902, GNorm = 0.2029, lr_0 = 2.2433e-04
Loss = 4.5040e-02, PNorm = 393.4979, GNorm = 0.2083, lr_0 = 2.2427e-04
Loss = 3.2210e-02, PNorm = 393.5045, GNorm = 0.2763, lr_0 = 2.2421e-04
Loss = 4.2749e-02, PNorm = 393.5113, GNorm = 0.4365, lr_0 = 2.2416e-04
Loss = 3.6952e-02, PNorm = 393.5163, GNorm = 0.4459, lr_0 = 2.2410e-04
Loss = 4.4490e-02, PNorm = 393.5233, GNorm = 0.5762, lr_0 = 2.2404e-04
Loss = 3.8477e-02, PNorm = 393.5281, GNorm = 0.2697, lr_0 = 2.2398e-04
Loss = 3.4575e-02, PNorm = 393.5350, GNorm = 0.2376, lr_0 = 2.2392e-04
Loss = 3.9704e-02, PNorm = 393.5413, GNorm = 0.2402, lr_0 = 2.2386e-04
Loss = 3.2108e-02, PNorm = 393.5471, GNorm = 0.2443, lr_0 = 2.2380e-04
Loss = 3.6449e-02, PNorm = 393.5532, GNorm = 0.4127, lr_0 = 2.2374e-04
Loss = 3.2536e-02, PNorm = 393.5594, GNorm = 0.2701, lr_0 = 2.2368e-04
Loss = 4.4979e-02, PNorm = 393.5671, GNorm = 0.5089, lr_0 = 2.2363e-04
Loss = 4.2794e-02, PNorm = 393.5745, GNorm = 0.3042, lr_0 = 2.2357e-04
Loss = 3.9046e-02, PNorm = 393.5812, GNorm = 0.2491, lr_0 = 2.2351e-04
Loss = 3.6316e-02, PNorm = 393.5890, GNorm = 0.2199, lr_0 = 2.2345e-04
Loss = 3.3450e-02, PNorm = 393.5954, GNorm = 0.2562, lr_0 = 2.2339e-04
Loss = 3.4921e-02, PNorm = 393.6015, GNorm = 0.2899, lr_0 = 2.2333e-04
Loss = 2.8324e-02, PNorm = 393.6072, GNorm = 0.2503, lr_0 = 2.2327e-04
Loss = 3.1954e-02, PNorm = 393.6123, GNorm = 0.2789, lr_0 = 2.2321e-04
Loss = 3.6433e-02, PNorm = 393.6185, GNorm = 0.2841, lr_0 = 2.2316e-04
Loss = 3.7512e-02, PNorm = 393.6247, GNorm = 0.2574, lr_0 = 2.2310e-04
Loss = 4.1785e-02, PNorm = 393.6316, GNorm = 0.3195, lr_0 = 2.2304e-04
Loss = 4.0263e-02, PNorm = 393.6371, GNorm = 0.2831, lr_0 = 2.2298e-04
Loss = 3.5241e-02, PNorm = 393.6441, GNorm = 0.2818, lr_0 = 2.2292e-04
Loss = 5.5847e-02, PNorm = 393.6519, GNorm = 0.2629, lr_0 = 2.2286e-04
Loss = 3.6839e-02, PNorm = 393.6599, GNorm = 0.3249, lr_0 = 2.2280e-04
Loss = 4.2482e-02, PNorm = 393.6674, GNorm = 0.2510, lr_0 = 2.2274e-04
Loss = 3.8299e-02, PNorm = 393.6743, GNorm = 0.4067, lr_0 = 2.2269e-04
Loss = 3.4675e-02, PNorm = 393.6817, GNorm = 0.2744, lr_0 = 2.2263e-04
Loss = 4.1045e-02, PNorm = 393.6879, GNorm = 0.2731, lr_0 = 2.2257e-04
Loss = 3.4232e-02, PNorm = 393.6948, GNorm = 0.3315, lr_0 = 2.2251e-04
Loss = 3.7993e-02, PNorm = 393.7020, GNorm = 0.2508, lr_0 = 2.2245e-04
Loss = 5.0484e-02, PNorm = 393.7107, GNorm = 0.2994, lr_0 = 2.2239e-04
Loss = 3.6710e-02, PNorm = 393.7175, GNorm = 0.2684, lr_0 = 2.2233e-04
Loss = 3.4623e-02, PNorm = 393.7234, GNorm = 0.2374, lr_0 = 2.2228e-04
Loss = 3.8791e-02, PNorm = 393.7283, GNorm = 0.3298, lr_0 = 2.2222e-04
Loss = 3.6894e-02, PNorm = 393.7352, GNorm = 0.4430, lr_0 = 2.2216e-04
Loss = 3.4453e-02, PNorm = 393.7419, GNorm = 0.2644, lr_0 = 2.2210e-04
Loss = 3.9980e-02, PNorm = 393.7477, GNorm = 0.3071, lr_0 = 2.2204e-04
Loss = 4.0746e-02, PNorm = 393.7541, GNorm = 0.2186, lr_0 = 2.2198e-04
Loss = 3.3541e-02, PNorm = 393.7608, GNorm = 0.2810, lr_0 = 2.2193e-04
Validation rmse = 3.444998
Epoch 66
Loss = 3.3992e-02, PNorm = 393.7676, GNorm = 0.2689, lr_0 = 2.2187e-04
Loss = 4.3886e-02, PNorm = 393.7730, GNorm = 0.3077, lr_0 = 2.2181e-04
Loss = 3.6370e-02, PNorm = 393.7798, GNorm = 0.3792, lr_0 = 2.2175e-04
Loss = 3.3413e-02, PNorm = 393.7871, GNorm = 0.2125, lr_0 = 2.2169e-04
Loss = 3.3537e-02, PNorm = 393.7924, GNorm = 0.3458, lr_0 = 2.2163e-04
Loss = 3.5484e-02, PNorm = 393.7989, GNorm = 0.1979, lr_0 = 2.2158e-04
Loss = 3.1283e-02, PNorm = 393.8054, GNorm = 0.2180, lr_0 = 2.2152e-04
Loss = 3.0937e-02, PNorm = 393.8120, GNorm = 0.2359, lr_0 = 2.2146e-04
Loss = 3.7666e-02, PNorm = 393.8184, GNorm = 0.2217, lr_0 = 2.2140e-04
Loss = 3.7873e-02, PNorm = 393.8238, GNorm = 0.3965, lr_0 = 2.2134e-04
Loss = 3.7067e-02, PNorm = 393.8300, GNorm = 0.2867, lr_0 = 2.2128e-04
Loss = 4.0581e-02, PNorm = 393.8364, GNorm = 0.3058, lr_0 = 2.2123e-04
Loss = 3.4063e-02, PNorm = 393.8418, GNorm = 0.5179, lr_0 = 2.2117e-04
Loss = 4.4442e-02, PNorm = 393.8483, GNorm = 0.2647, lr_0 = 2.2111e-04
Loss = 3.7358e-02, PNorm = 393.8553, GNorm = 0.2441, lr_0 = 2.2105e-04
Loss = 3.7082e-02, PNorm = 393.8627, GNorm = 0.3062, lr_0 = 2.2099e-04
Loss = 3.8733e-02, PNorm = 393.8695, GNorm = 0.4784, lr_0 = 2.2094e-04
Loss = 3.5602e-02, PNorm = 393.8775, GNorm = 0.2310, lr_0 = 2.2088e-04
Loss = 3.5928e-02, PNorm = 393.8851, GNorm = 0.3603, lr_0 = 2.2082e-04
Loss = 3.6285e-02, PNorm = 393.8917, GNorm = 0.3009, lr_0 = 2.2076e-04
Loss = 3.5702e-02, PNorm = 393.8973, GNorm = 0.3725, lr_0 = 2.2070e-04
Loss = 4.0124e-02, PNorm = 393.9045, GNorm = 0.2821, lr_0 = 2.2064e-04
Loss = 3.4555e-02, PNorm = 393.9094, GNorm = 0.3119, lr_0 = 2.2059e-04
Loss = 3.6514e-02, PNorm = 393.9147, GNorm = 0.3406, lr_0 = 2.2053e-04
Loss = 3.5953e-02, PNorm = 393.9215, GNorm = 0.2913, lr_0 = 2.2047e-04
Loss = 4.3592e-02, PNorm = 393.9283, GNorm = 0.2862, lr_0 = 2.2041e-04
Loss = 3.5390e-02, PNorm = 393.9343, GNorm = 0.2468, lr_0 = 2.2035e-04
Loss = 3.4278e-02, PNorm = 393.9402, GNorm = 0.3233, lr_0 = 2.2030e-04
Loss = 3.4147e-02, PNorm = 393.9459, GNorm = 0.3198, lr_0 = 2.2024e-04
Loss = 3.5432e-02, PNorm = 393.9524, GNorm = 0.2339, lr_0 = 2.2018e-04
Loss = 4.4630e-02, PNorm = 393.9593, GNorm = 0.2435, lr_0 = 2.2012e-04
Loss = 3.8663e-02, PNorm = 393.9675, GNorm = 0.2392, lr_0 = 2.2006e-04
Loss = 3.1632e-02, PNorm = 393.9748, GNorm = 0.3589, lr_0 = 2.2001e-04
Loss = 3.3109e-02, PNorm = 393.9817, GNorm = 0.2777, lr_0 = 2.1995e-04
Loss = 3.5915e-02, PNorm = 393.9870, GNorm = 0.1865, lr_0 = 2.1989e-04
Loss = 3.1667e-02, PNorm = 393.9921, GNorm = 0.2339, lr_0 = 2.1983e-04
Loss = 3.7622e-02, PNorm = 393.9971, GNorm = 0.3494, lr_0 = 2.1978e-04
Loss = 5.6003e-02, PNorm = 394.0044, GNorm = 0.2487, lr_0 = 2.1972e-04
Loss = 4.2581e-02, PNorm = 394.0116, GNorm = 0.4083, lr_0 = 2.1966e-04
Loss = 4.2121e-02, PNorm = 394.0196, GNorm = 0.2139, lr_0 = 2.1960e-04
Loss = 3.5551e-02, PNorm = 394.0260, GNorm = 0.4726, lr_0 = 2.1954e-04
Loss = 4.1184e-02, PNorm = 394.0306, GNorm = 0.1910, lr_0 = 2.1949e-04
Loss = 3.5779e-02, PNorm = 394.0370, GNorm = 0.4319, lr_0 = 2.1943e-04
Loss = 3.2913e-02, PNorm = 394.0431, GNorm = 0.3497, lr_0 = 2.1937e-04
Loss = 2.9688e-02, PNorm = 394.0480, GNorm = 0.1565, lr_0 = 2.1931e-04
Loss = 2.8129e-02, PNorm = 394.0537, GNorm = 0.3393, lr_0 = 2.1926e-04
Loss = 4.1505e-02, PNorm = 394.0596, GNorm = 0.2836, lr_0 = 2.1920e-04
Loss = 3.2163e-02, PNorm = 394.0660, GNorm = 0.3682, lr_0 = 2.1914e-04
Loss = 4.0752e-02, PNorm = 394.0717, GNorm = 0.3202, lr_0 = 2.1908e-04
Loss = 4.5666e-02, PNorm = 394.0792, GNorm = 0.5553, lr_0 = 2.1903e-04
Loss = 3.5070e-02, PNorm = 394.0865, GNorm = 0.3516, lr_0 = 2.1897e-04
Loss = 3.3599e-02, PNorm = 394.0931, GNorm = 0.3006, lr_0 = 2.1891e-04
Loss = 5.5607e-02, PNorm = 394.1007, GNorm = 0.3685, lr_0 = 2.1885e-04
Loss = 4.8500e-02, PNorm = 394.1087, GNorm = 0.3546, lr_0 = 2.1879e-04
Loss = 3.3207e-02, PNorm = 394.1164, GNorm = 0.2238, lr_0 = 2.1874e-04
Loss = 3.7182e-02, PNorm = 394.1223, GNorm = 0.2067, lr_0 = 2.1868e-04
Loss = 3.7452e-02, PNorm = 394.1288, GNorm = 0.2533, lr_0 = 2.1862e-04
Loss = 5.3793e-02, PNorm = 394.1366, GNorm = 0.4661, lr_0 = 2.1856e-04
Loss = 3.8244e-02, PNorm = 394.1444, GNorm = 0.1769, lr_0 = 2.1851e-04
Loss = 3.7061e-02, PNorm = 394.1513, GNorm = 0.3800, lr_0 = 2.1845e-04
Loss = 3.6362e-02, PNorm = 394.1581, GNorm = 0.2828, lr_0 = 2.1839e-04
Loss = 3.6637e-02, PNorm = 394.1650, GNorm = 0.2938, lr_0 = 2.1833e-04
Loss = 4.1509e-02, PNorm = 394.1726, GNorm = 0.3500, lr_0 = 2.1828e-04
Loss = 3.5591e-02, PNorm = 394.1792, GNorm = 0.2896, lr_0 = 2.1822e-04
Loss = 3.9720e-02, PNorm = 394.1858, GNorm = 0.4382, lr_0 = 2.1816e-04
Loss = 3.4180e-02, PNorm = 394.1941, GNorm = 0.2433, lr_0 = 2.1811e-04
Loss = 3.6332e-02, PNorm = 394.2027, GNorm = 0.3923, lr_0 = 2.1805e-04
Loss = 3.6552e-02, PNorm = 394.2104, GNorm = 0.2944, lr_0 = 2.1799e-04
Loss = 3.6161e-02, PNorm = 394.2174, GNorm = 0.3892, lr_0 = 2.1793e-04
Loss = 3.2570e-02, PNorm = 394.2241, GNorm = 0.2788, lr_0 = 2.1788e-04
Loss = 3.4057e-02, PNorm = 394.2313, GNorm = 0.2360, lr_0 = 2.1782e-04
Loss = 4.4649e-02, PNorm = 394.2383, GNorm = 0.4447, lr_0 = 2.1776e-04
Loss = 7.2722e-02, PNorm = 394.2434, GNorm = 0.6552, lr_0 = 2.1770e-04
Loss = 3.9310e-02, PNorm = 394.2523, GNorm = 0.3433, lr_0 = 2.1765e-04
Loss = 4.1757e-02, PNorm = 394.2610, GNorm = 0.2261, lr_0 = 2.1759e-04
Loss = 3.6252e-02, PNorm = 394.2698, GNorm = 0.2846, lr_0 = 2.1753e-04
Loss = 3.8944e-02, PNorm = 394.2775, GNorm = 0.3345, lr_0 = 2.1747e-04
Loss = 3.1670e-02, PNorm = 394.2827, GNorm = 0.2292, lr_0 = 2.1742e-04
Loss = 3.9738e-02, PNorm = 394.2889, GNorm = 0.3720, lr_0 = 2.1736e-04
Loss = 4.0195e-02, PNorm = 394.2957, GNorm = 0.3423, lr_0 = 2.1730e-04
Loss = 3.5493e-02, PNorm = 394.3014, GNorm = 0.2229, lr_0 = 2.1725e-04
Loss = 3.6529e-02, PNorm = 394.3086, GNorm = 0.3334, lr_0 = 2.1719e-04
Loss = 4.1839e-02, PNorm = 394.3143, GNorm = 0.2124, lr_0 = 2.1713e-04
Loss = 3.8880e-02, PNorm = 394.3201, GNorm = 0.2904, lr_0 = 2.1707e-04
Loss = 3.2177e-02, PNorm = 394.3258, GNorm = 0.2899, lr_0 = 2.1702e-04
Loss = 4.2872e-02, PNorm = 394.3308, GNorm = 0.2987, lr_0 = 2.1696e-04
Loss = 4.8871e-02, PNorm = 394.3364, GNorm = 0.3129, lr_0 = 2.1690e-04
Loss = 4.2186e-02, PNorm = 394.3430, GNorm = 0.3704, lr_0 = 2.1685e-04
Loss = 3.9797e-02, PNorm = 394.3523, GNorm = 0.8211, lr_0 = 2.1679e-04
Validation rmse = 3.450466
Epoch 67
Loss = 4.4193e-02, PNorm = 394.3606, GNorm = 0.3766, lr_0 = 2.1673e-04
Loss = 3.7514e-02, PNorm = 394.3675, GNorm = 0.2079, lr_0 = 2.1668e-04
Loss = 3.4625e-02, PNorm = 394.3738, GNorm = 0.2398, lr_0 = 2.1662e-04
Loss = 3.3801e-02, PNorm = 394.3800, GNorm = 0.2758, lr_0 = 2.1656e-04
Loss = 4.2635e-02, PNorm = 394.3858, GNorm = 0.3105, lr_0 = 2.1650e-04
Loss = 3.9933e-02, PNorm = 394.3920, GNorm = 0.3349, lr_0 = 2.1645e-04
Loss = 3.5510e-02, PNorm = 394.3981, GNorm = 0.3217, lr_0 = 2.1639e-04
Loss = 3.6083e-02, PNorm = 394.4047, GNorm = 0.2395, lr_0 = 2.1633e-04
Loss = 3.2818e-02, PNorm = 394.4114, GNorm = 0.2639, lr_0 = 2.1628e-04
Loss = 3.1825e-02, PNorm = 394.4188, GNorm = 0.2312, lr_0 = 2.1622e-04
Loss = 3.1604e-02, PNorm = 394.4242, GNorm = 0.2127, lr_0 = 2.1616e-04
Loss = 3.3493e-02, PNorm = 394.4294, GNorm = 0.3708, lr_0 = 2.1611e-04
Loss = 4.9335e-02, PNorm = 394.4342, GNorm = 0.4573, lr_0 = 2.1605e-04
Loss = 3.4059e-02, PNorm = 394.4388, GNorm = 0.4315, lr_0 = 2.1599e-04
Loss = 3.2843e-02, PNorm = 394.4454, GNorm = 0.1988, lr_0 = 2.1594e-04
Loss = 3.2133e-02, PNorm = 394.4518, GNorm = 0.1795, lr_0 = 2.1588e-04
Loss = 5.0605e-02, PNorm = 394.4580, GNorm = 0.5240, lr_0 = 2.1582e-04
Loss = 3.9298e-02, PNorm = 394.4645, GNorm = 0.3212, lr_0 = 2.1576e-04
Loss = 3.6344e-02, PNorm = 394.4723, GNorm = 0.4078, lr_0 = 2.1571e-04
Loss = 4.2283e-02, PNorm = 394.4794, GNorm = 0.4691, lr_0 = 2.1565e-04
Loss = 3.0767e-02, PNorm = 394.4864, GNorm = 0.4268, lr_0 = 2.1559e-04
Loss = 3.2837e-02, PNorm = 394.4926, GNorm = 0.2800, lr_0 = 2.1554e-04
Loss = 4.0003e-02, PNorm = 394.4980, GNorm = 0.5226, lr_0 = 2.1548e-04
Loss = 3.2058e-02, PNorm = 394.5037, GNorm = 0.2819, lr_0 = 2.1542e-04
Loss = 3.7863e-02, PNorm = 394.5100, GNorm = 0.3386, lr_0 = 2.1537e-04
Loss = 3.4350e-02, PNorm = 394.5168, GNorm = 0.2847, lr_0 = 2.1531e-04
Loss = 3.4032e-02, PNorm = 394.5245, GNorm = 0.2781, lr_0 = 2.1525e-04
Loss = 4.6139e-02, PNorm = 394.5306, GNorm = 0.2534, lr_0 = 2.1520e-04
Loss = 4.1324e-02, PNorm = 394.5354, GNorm = 0.3231, lr_0 = 2.1514e-04
Loss = 3.4387e-02, PNorm = 394.5411, GNorm = 0.2616, lr_0 = 2.1508e-04
Loss = 3.6206e-02, PNorm = 394.5480, GNorm = 0.3245, lr_0 = 2.1503e-04
Loss = 3.3392e-02, PNorm = 394.5558, GNorm = 0.2549, lr_0 = 2.1497e-04
Loss = 3.7153e-02, PNorm = 394.5634, GNorm = 0.2786, lr_0 = 2.1492e-04
Loss = 4.6603e-02, PNorm = 394.5712, GNorm = 0.5668, lr_0 = 2.1486e-04
Loss = 5.0766e-02, PNorm = 394.5795, GNorm = 0.2537, lr_0 = 2.1480e-04
Loss = 3.5421e-02, PNorm = 394.5869, GNorm = 0.2341, lr_0 = 2.1475e-04
Loss = 4.0009e-02, PNorm = 394.5935, GNorm = 0.2410, lr_0 = 2.1469e-04
Loss = 3.6883e-02, PNorm = 394.5992, GNorm = 0.3271, lr_0 = 2.1463e-04
Loss = 4.1726e-02, PNorm = 394.6053, GNorm = 0.4420, lr_0 = 2.1458e-04
Loss = 3.5320e-02, PNorm = 394.6122, GNorm = 0.2591, lr_0 = 2.1452e-04
Loss = 3.4467e-02, PNorm = 394.6197, GNorm = 0.2817, lr_0 = 2.1446e-04
Loss = 3.6832e-02, PNorm = 394.6257, GNorm = 0.2097, lr_0 = 2.1441e-04
Loss = 3.6866e-02, PNorm = 394.6311, GNorm = 0.3118, lr_0 = 2.1435e-04
Loss = 3.3512e-02, PNorm = 394.6379, GNorm = 0.2455, lr_0 = 2.1429e-04
Loss = 3.7627e-02, PNorm = 394.6441, GNorm = 0.1984, lr_0 = 2.1424e-04
Loss = 5.0431e-02, PNorm = 394.6487, GNorm = 0.2095, lr_0 = 2.1418e-04
Loss = 4.1399e-02, PNorm = 394.6558, GNorm = 0.3105, lr_0 = 2.1412e-04
Loss = 3.5384e-02, PNorm = 394.6641, GNorm = 0.3200, lr_0 = 2.1407e-04
Loss = 2.9541e-02, PNorm = 394.6709, GNorm = 0.3798, lr_0 = 2.1401e-04
Loss = 3.0607e-02, PNorm = 394.6765, GNorm = 0.2062, lr_0 = 2.1396e-04
Loss = 4.0780e-02, PNorm = 394.6826, GNorm = 0.2847, lr_0 = 2.1390e-04
Loss = 3.3607e-02, PNorm = 394.6871, GNorm = 0.3196, lr_0 = 2.1384e-04
Loss = 3.0104e-02, PNorm = 394.6924, GNorm = 0.3380, lr_0 = 2.1379e-04
Loss = 5.0729e-02, PNorm = 394.6979, GNorm = 0.6218, lr_0 = 2.1373e-04
Loss = 3.9696e-02, PNorm = 394.7040, GNorm = 0.2951, lr_0 = 2.1367e-04
Loss = 3.3919e-02, PNorm = 394.7103, GNorm = 0.1910, lr_0 = 2.1362e-04
Loss = 3.8117e-02, PNorm = 394.7158, GNorm = 0.3390, lr_0 = 2.1356e-04
Loss = 3.5730e-02, PNorm = 394.7205, GNorm = 0.2899, lr_0 = 2.1351e-04
Loss = 3.4955e-02, PNorm = 394.7265, GNorm = 0.4666, lr_0 = 2.1345e-04
Loss = 3.7457e-02, PNorm = 394.7332, GNorm = 0.4078, lr_0 = 2.1339e-04
Loss = 3.8515e-02, PNorm = 394.7400, GNorm = 0.3486, lr_0 = 2.1334e-04
Loss = 3.3281e-02, PNorm = 394.7465, GNorm = 0.2012, lr_0 = 2.1328e-04
Loss = 3.5881e-02, PNorm = 394.7534, GNorm = 0.3139, lr_0 = 2.1323e-04
Loss = 4.6858e-02, PNorm = 394.7611, GNorm = 0.2553, lr_0 = 2.1317e-04
Loss = 3.8838e-02, PNorm = 394.7689, GNorm = 0.3403, lr_0 = 2.1311e-04
Loss = 3.8965e-02, PNorm = 394.7750, GNorm = 0.2814, lr_0 = 2.1306e-04
Loss = 3.7561e-02, PNorm = 394.7810, GNorm = 0.4130, lr_0 = 2.1300e-04
Loss = 3.6095e-02, PNorm = 394.7870, GNorm = 0.3306, lr_0 = 2.1295e-04
Loss = 4.1980e-02, PNorm = 394.7935, GNorm = 0.3231, lr_0 = 2.1289e-04
Loss = 3.9803e-02, PNorm = 394.8000, GNorm = 0.2766, lr_0 = 2.1283e-04
Loss = 3.7241e-02, PNorm = 394.8076, GNorm = 0.3279, lr_0 = 2.1278e-04
Loss = 3.4928e-02, PNorm = 394.8141, GNorm = 0.2044, lr_0 = 2.1272e-04
Loss = 3.5654e-02, PNorm = 394.8206, GNorm = 0.2856, lr_0 = 2.1267e-04
Loss = 4.8402e-02, PNorm = 394.8263, GNorm = 0.2818, lr_0 = 2.1261e-04
Loss = 2.8202e-02, PNorm = 394.8318, GNorm = 0.2290, lr_0 = 2.1255e-04
Loss = 3.0024e-02, PNorm = 394.8373, GNorm = 0.1787, lr_0 = 2.1250e-04
Loss = 3.8310e-02, PNorm = 394.8432, GNorm = 0.2216, lr_0 = 2.1244e-04
Loss = 3.2016e-02, PNorm = 394.8498, GNorm = 0.2238, lr_0 = 2.1239e-04
Loss = 3.4142e-02, PNorm = 394.8559, GNorm = 0.3758, lr_0 = 2.1233e-04
Loss = 3.7642e-02, PNorm = 394.8616, GNorm = 0.2996, lr_0 = 2.1227e-04
Loss = 3.6174e-02, PNorm = 394.8672, GNorm = 0.3276, lr_0 = 2.1222e-04
Loss = 3.4432e-02, PNorm = 394.8732, GNorm = 0.4237, lr_0 = 2.1216e-04
Loss = 3.7367e-02, PNorm = 394.8804, GNorm = 0.2254, lr_0 = 2.1211e-04
Loss = 3.9919e-02, PNorm = 394.8888, GNorm = 0.2731, lr_0 = 2.1205e-04
Loss = 3.5926e-02, PNorm = 394.8947, GNorm = 0.4925, lr_0 = 2.1199e-04
Loss = 3.5112e-02, PNorm = 394.9012, GNorm = 0.2989, lr_0 = 2.1194e-04
Loss = 3.5683e-02, PNorm = 394.9085, GNorm = 0.3355, lr_0 = 2.1188e-04
Loss = 5.3919e-02, PNorm = 394.9138, GNorm = 0.5284, lr_0 = 2.1183e-04
Loss = 3.5239e-02, PNorm = 394.9207, GNorm = 0.2066, lr_0 = 2.1177e-04
Loss = 5.1313e-02, PNorm = 394.9259, GNorm = 0.3957, lr_0 = 2.1172e-04
Validation rmse = 3.469173
Epoch 68
Loss = 3.0065e-02, PNorm = 394.9325, GNorm = 0.3129, lr_0 = 2.1166e-04
Loss = 3.7577e-02, PNorm = 394.9380, GNorm = 0.2782, lr_0 = 2.1160e-04
Loss = 3.7356e-02, PNorm = 394.9436, GNorm = 0.2698, lr_0 = 2.1155e-04
Loss = 3.8655e-02, PNorm = 394.9505, GNorm = 0.3012, lr_0 = 2.1149e-04
Loss = 3.3845e-02, PNorm = 394.9572, GNorm = 0.3979, lr_0 = 2.1144e-04
Loss = 3.4240e-02, PNorm = 394.9627, GNorm = 0.2893, lr_0 = 2.1138e-04
Loss = 3.2739e-02, PNorm = 394.9691, GNorm = 0.3574, lr_0 = 2.1133e-04
Loss = 3.1340e-02, PNorm = 394.9744, GNorm = 0.2561, lr_0 = 2.1127e-04
Loss = 3.5624e-02, PNorm = 394.9797, GNorm = 0.3292, lr_0 = 2.1122e-04
Loss = 4.1280e-02, PNorm = 394.9858, GNorm = 0.3634, lr_0 = 2.1116e-04
Loss = 3.7230e-02, PNorm = 394.9930, GNorm = 0.2270, lr_0 = 2.1110e-04
Loss = 3.2289e-02, PNorm = 394.9994, GNorm = 0.2851, lr_0 = 2.1105e-04
Loss = 3.9794e-02, PNorm = 395.0061, GNorm = 0.3242, lr_0 = 2.1099e-04
Loss = 2.7493e-02, PNorm = 395.0121, GNorm = 0.2167, lr_0 = 2.1094e-04
Loss = 3.8935e-02, PNorm = 395.0174, GNorm = 0.2468, lr_0 = 2.1088e-04
Loss = 3.2152e-02, PNorm = 395.0227, GNorm = 0.1798, lr_0 = 2.1083e-04
Loss = 3.5579e-02, PNorm = 395.0283, GNorm = 0.4499, lr_0 = 2.1077e-04
Loss = 3.3726e-02, PNorm = 395.0340, GNorm = 0.3100, lr_0 = 2.1072e-04
Loss = 5.2379e-02, PNorm = 395.0417, GNorm = 0.5453, lr_0 = 2.1066e-04
Loss = 3.3841e-02, PNorm = 395.0488, GNorm = 0.3292, lr_0 = 2.1060e-04
Loss = 3.7155e-02, PNorm = 395.0548, GNorm = 0.2719, lr_0 = 2.1055e-04
Loss = 3.2104e-02, PNorm = 395.0595, GNorm = 0.2514, lr_0 = 2.1049e-04
Loss = 3.1291e-02, PNorm = 395.0664, GNorm = 0.2469, lr_0 = 2.1044e-04
Loss = 3.6961e-02, PNorm = 395.0725, GNorm = 0.2942, lr_0 = 2.1038e-04
Loss = 4.0806e-02, PNorm = 395.0781, GNorm = 0.3187, lr_0 = 2.1033e-04
Loss = 3.6382e-02, PNorm = 395.0839, GNorm = 0.2760, lr_0 = 2.1027e-04
Loss = 3.8142e-02, PNorm = 395.0893, GNorm = 0.3005, lr_0 = 2.1022e-04
Loss = 3.6844e-02, PNorm = 395.0946, GNorm = 0.2735, lr_0 = 2.1016e-04
Loss = 3.7858e-02, PNorm = 395.1000, GNorm = 0.3526, lr_0 = 2.1011e-04
Loss = 3.1920e-02, PNorm = 395.1069, GNorm = 0.2628, lr_0 = 2.1005e-04
Loss = 3.7573e-02, PNorm = 395.1134, GNorm = 0.2301, lr_0 = 2.1000e-04
Loss = 3.1605e-02, PNorm = 395.1199, GNorm = 0.2109, lr_0 = 2.0994e-04
Loss = 3.4603e-02, PNorm = 395.1248, GNorm = 0.2700, lr_0 = 2.0989e-04
Loss = 3.3071e-02, PNorm = 395.1319, GNorm = 0.2946, lr_0 = 2.0983e-04
Loss = 3.2476e-02, PNorm = 395.1400, GNorm = 0.3646, lr_0 = 2.0978e-04
Loss = 3.8960e-02, PNorm = 395.1470, GNorm = 0.3322, lr_0 = 2.0972e-04
Loss = 4.2760e-02, PNorm = 395.1532, GNorm = 0.2601, lr_0 = 2.0966e-04
Loss = 3.1924e-02, PNorm = 395.1573, GNorm = 0.3258, lr_0 = 2.0961e-04
Loss = 4.3296e-02, PNorm = 395.1617, GNorm = 0.3274, lr_0 = 2.0955e-04
Loss = 3.0279e-02, PNorm = 395.1664, GNorm = 0.2693, lr_0 = 2.0950e-04
Loss = 4.0429e-02, PNorm = 395.1716, GNorm = 0.3292, lr_0 = 2.0944e-04
Loss = 3.4030e-02, PNorm = 395.1770, GNorm = 0.3150, lr_0 = 2.0939e-04
Loss = 3.8010e-02, PNorm = 395.1841, GNorm = 0.2768, lr_0 = 2.0933e-04
Loss = 4.2098e-02, PNorm = 395.1924, GNorm = 0.3166, lr_0 = 2.0928e-04
Loss = 4.5576e-02, PNorm = 395.1999, GNorm = 0.2981, lr_0 = 2.0922e-04
Loss = 3.3927e-02, PNorm = 395.2068, GNorm = 0.2391, lr_0 = 2.0917e-04
Loss = 3.9180e-02, PNorm = 395.2125, GNorm = 0.1623, lr_0 = 2.0911e-04
Loss = 3.2016e-02, PNorm = 395.2173, GNorm = 0.2450, lr_0 = 2.0906e-04
Loss = 3.6155e-02, PNorm = 395.2227, GNorm = 0.3871, lr_0 = 2.0900e-04
Loss = 3.6426e-02, PNorm = 395.2265, GNorm = 0.2670, lr_0 = 2.0895e-04
Loss = 3.4887e-02, PNorm = 395.2314, GNorm = 0.4033, lr_0 = 2.0889e-04
Loss = 5.1552e-02, PNorm = 395.2373, GNorm = 0.2566, lr_0 = 2.0884e-04
Loss = 3.4438e-02, PNorm = 395.2424, GNorm = 0.3142, lr_0 = 2.0878e-04
Loss = 2.8770e-02, PNorm = 395.2476, GNorm = 0.2609, lr_0 = 2.0873e-04
Loss = 3.2981e-02, PNorm = 395.2534, GNorm = 0.1985, lr_0 = 2.0867e-04
Loss = 3.1626e-02, PNorm = 395.2590, GNorm = 0.2781, lr_0 = 2.0862e-04
Loss = 3.9304e-02, PNorm = 395.2642, GNorm = 0.4261, lr_0 = 2.0856e-04
Loss = 4.7818e-02, PNorm = 395.2706, GNorm = 1.0788, lr_0 = 2.0851e-04
Loss = 3.0502e-02, PNorm = 395.2784, GNorm = 0.2897, lr_0 = 2.0845e-04
Loss = 4.8762e-02, PNorm = 395.2855, GNorm = 0.4029, lr_0 = 2.0840e-04
Loss = 3.7638e-02, PNorm = 395.2909, GNorm = 0.2526, lr_0 = 2.0835e-04
Loss = 4.8037e-02, PNorm = 395.2969, GNorm = 0.2268, lr_0 = 2.0829e-04
Loss = 3.9864e-02, PNorm = 395.3038, GNorm = 0.3355, lr_0 = 2.0824e-04
Loss = 3.5253e-02, PNorm = 395.3105, GNorm = 0.2837, lr_0 = 2.0818e-04
Loss = 4.0737e-02, PNorm = 395.3165, GNorm = 0.6896, lr_0 = 2.0813e-04
Loss = 4.2853e-02, PNorm = 395.3227, GNorm = 0.2890, lr_0 = 2.0807e-04
Loss = 4.0292e-02, PNorm = 395.3301, GNorm = 0.3078, lr_0 = 2.0802e-04
Loss = 3.9044e-02, PNorm = 395.3374, GNorm = 0.3332, lr_0 = 2.0796e-04
Loss = 4.9361e-02, PNorm = 395.3439, GNorm = 0.2933, lr_0 = 2.0791e-04
Loss = 3.3175e-02, PNorm = 395.3504, GNorm = 0.2846, lr_0 = 2.0785e-04
Loss = 3.6959e-02, PNorm = 395.3575, GNorm = 0.3998, lr_0 = 2.0780e-04
Loss = 3.4207e-02, PNorm = 395.3659, GNorm = 0.3157, lr_0 = 2.0774e-04
Loss = 3.6128e-02, PNorm = 395.3746, GNorm = 0.2627, lr_0 = 2.0769e-04
Loss = 3.7041e-02, PNorm = 395.3817, GNorm = 0.3205, lr_0 = 2.0763e-04
Loss = 4.3155e-02, PNorm = 395.3892, GNorm = 0.4301, lr_0 = 2.0758e-04
Loss = 3.4201e-02, PNorm = 395.3956, GNorm = 0.2101, lr_0 = 2.0752e-04
Loss = 4.2483e-02, PNorm = 395.4023, GNorm = 0.3350, lr_0 = 2.0747e-04
Loss = 3.2395e-02, PNorm = 395.4081, GNorm = 0.2862, lr_0 = 2.0742e-04
Loss = 3.5066e-02, PNorm = 395.4147, GNorm = 0.3155, lr_0 = 2.0736e-04
Loss = 4.0529e-02, PNorm = 395.4193, GNorm = 0.3545, lr_0 = 2.0731e-04
Loss = 4.6707e-02, PNorm = 395.4246, GNorm = 0.2973, lr_0 = 2.0725e-04
Loss = 4.1203e-02, PNorm = 395.4319, GNorm = 0.2081, lr_0 = 2.0720e-04
Loss = 4.5397e-02, PNorm = 395.4394, GNorm = 0.2385, lr_0 = 2.0714e-04
Loss = 3.9288e-02, PNorm = 395.4468, GNorm = 0.4274, lr_0 = 2.0709e-04
Loss = 3.9573e-02, PNorm = 395.4539, GNorm = 0.3305, lr_0 = 2.0703e-04
Loss = 4.2764e-02, PNorm = 395.4598, GNorm = 0.5940, lr_0 = 2.0698e-04
Loss = 3.7267e-02, PNorm = 395.4655, GNorm = 0.2403, lr_0 = 2.0692e-04
Loss = 3.8024e-02, PNorm = 395.4727, GNorm = 0.2442, lr_0 = 2.0687e-04
Loss = 3.6554e-02, PNorm = 395.4789, GNorm = 0.5091, lr_0 = 2.0682e-04
Validation rmse = 3.436486
Epoch 69
Loss = 3.7771e-02, PNorm = 395.4853, GNorm = 0.5273, lr_0 = 2.0676e-04
Loss = 4.7666e-02, PNorm = 395.4919, GNorm = 0.3770, lr_0 = 2.0670e-04
Loss = 3.1376e-02, PNorm = 395.4982, GNorm = 0.2024, lr_0 = 2.0665e-04
Loss = 3.7045e-02, PNorm = 395.5049, GNorm = 0.5369, lr_0 = 2.0659e-04
Loss = 3.2738e-02, PNorm = 395.5099, GNorm = 0.3377, lr_0 = 2.0654e-04
Loss = 3.2212e-02, PNorm = 395.5141, GNorm = 0.2903, lr_0 = 2.0648e-04
Loss = 3.0896e-02, PNorm = 395.5201, GNorm = 0.5410, lr_0 = 2.0643e-04
Loss = 3.0927e-02, PNorm = 395.5261, GNorm = 0.2371, lr_0 = 2.0638e-04
Loss = 3.2248e-02, PNorm = 395.5309, GNorm = 0.3351, lr_0 = 2.0632e-04
Loss = 3.5236e-02, PNorm = 395.5370, GNorm = 0.3060, lr_0 = 2.0627e-04
Loss = 4.1504e-02, PNorm = 395.5426, GNorm = 0.2325, lr_0 = 2.0621e-04
Loss = 3.6927e-02, PNorm = 395.5479, GNorm = 0.4179, lr_0 = 2.0616e-04
Loss = 2.6918e-02, PNorm = 395.5543, GNorm = 0.2797, lr_0 = 2.0610e-04
Loss = 5.1848e-02, PNorm = 395.5605, GNorm = 0.3225, lr_0 = 2.0605e-04
Loss = 3.0163e-02, PNorm = 395.5668, GNorm = 0.2638, lr_0 = 2.0600e-04
Loss = 3.3179e-02, PNorm = 395.5732, GNorm = 0.2888, lr_0 = 2.0594e-04
Loss = 3.4475e-02, PNorm = 395.5775, GNorm = 0.7376, lr_0 = 2.0589e-04
Loss = 3.2383e-02, PNorm = 395.5830, GNorm = 0.2254, lr_0 = 2.0583e-04
Loss = 3.2795e-02, PNorm = 395.5884, GNorm = 0.2578, lr_0 = 2.0578e-04
Loss = 3.2816e-02, PNorm = 395.5942, GNorm = 0.3235, lr_0 = 2.0572e-04
Loss = 4.4583e-02, PNorm = 395.6011, GNorm = 1.9071, lr_0 = 2.0567e-04
Loss = 3.6718e-02, PNorm = 395.6088, GNorm = 0.4801, lr_0 = 2.0562e-04
Loss = 2.9897e-02, PNorm = 395.6146, GNorm = 0.2676, lr_0 = 2.0556e-04
Loss = 4.2182e-02, PNorm = 395.6211, GNorm = 0.4158, lr_0 = 2.0551e-04
Loss = 4.1658e-02, PNorm = 395.6276, GNorm = 0.4092, lr_0 = 2.0545e-04
Loss = 3.7733e-02, PNorm = 395.6361, GNorm = 0.2530, lr_0 = 2.0540e-04
Loss = 3.5558e-02, PNorm = 395.6431, GNorm = 0.1432, lr_0 = 2.0535e-04
Loss = 3.4614e-02, PNorm = 395.6472, GNorm = 0.2064, lr_0 = 2.0529e-04
Loss = 3.3722e-02, PNorm = 395.6516, GNorm = 0.2319, lr_0 = 2.0524e-04
Loss = 4.3840e-02, PNorm = 395.6572, GNorm = 0.4676, lr_0 = 2.0518e-04
Loss = 2.7566e-02, PNorm = 395.6634, GNorm = 0.2649, lr_0 = 2.0513e-04
Loss = 4.2450e-02, PNorm = 395.6700, GNorm = 0.3813, lr_0 = 2.0508e-04
Loss = 3.5243e-02, PNorm = 395.6754, GNorm = 0.3618, lr_0 = 2.0502e-04
Loss = 3.5349e-02, PNorm = 395.6824, GNorm = 0.2855, lr_0 = 2.0497e-04
Loss = 3.4315e-02, PNorm = 395.6887, GNorm = 0.2842, lr_0 = 2.0491e-04
Loss = 4.2954e-02, PNorm = 395.6963, GNorm = 0.2979, lr_0 = 2.0486e-04
Loss = 3.4703e-02, PNorm = 395.7037, GNorm = 0.4472, lr_0 = 2.0481e-04
Loss = 3.4873e-02, PNorm = 395.7122, GNorm = 0.2654, lr_0 = 2.0475e-04
Loss = 3.6930e-02, PNorm = 395.7196, GNorm = 0.2652, lr_0 = 2.0470e-04
Loss = 4.2732e-02, PNorm = 395.7248, GNorm = 0.6191, lr_0 = 2.0465e-04
Loss = 3.0340e-02, PNorm = 395.7309, GNorm = 0.3627, lr_0 = 2.0459e-04
Loss = 3.2204e-02, PNorm = 395.7381, GNorm = 0.2193, lr_0 = 2.0454e-04
Loss = 3.5708e-02, PNorm = 395.7436, GNorm = 0.2315, lr_0 = 2.0448e-04
Loss = 4.2300e-02, PNorm = 395.7502, GNorm = 0.2247, lr_0 = 2.0443e-04
Loss = 3.5512e-02, PNorm = 395.7576, GNorm = 0.3463, lr_0 = 2.0438e-04
Loss = 4.6228e-02, PNorm = 395.7654, GNorm = 0.4574, lr_0 = 2.0432e-04
Loss = 4.5680e-02, PNorm = 395.7721, GNorm = 0.3115, lr_0 = 2.0427e-04
Loss = 3.1809e-02, PNorm = 395.7775, GNorm = 0.2423, lr_0 = 2.0421e-04
Loss = 3.6407e-02, PNorm = 395.7833, GNorm = 0.2629, lr_0 = 2.0416e-04
Loss = 3.8657e-02, PNorm = 395.7873, GNorm = 0.2936, lr_0 = 2.0411e-04
Loss = 4.1836e-02, PNorm = 395.7916, GNorm = 0.2004, lr_0 = 2.0405e-04
Loss = 3.4413e-02, PNorm = 395.7972, GNorm = 0.3020, lr_0 = 2.0400e-04
Loss = 3.6443e-02, PNorm = 395.8018, GNorm = 0.2704, lr_0 = 2.0395e-04
Loss = 3.4537e-02, PNorm = 395.8070, GNorm = 0.2549, lr_0 = 2.0389e-04
Loss = 3.3942e-02, PNorm = 395.8127, GNorm = 0.2735, lr_0 = 2.0384e-04
Loss = 3.3095e-02, PNorm = 395.8202, GNorm = 0.3102, lr_0 = 2.0379e-04
Loss = 3.7887e-02, PNorm = 395.8256, GNorm = 0.4107, lr_0 = 2.0373e-04
Loss = 4.0137e-02, PNorm = 395.8312, GNorm = 0.2939, lr_0 = 2.0368e-04
Loss = 3.0679e-02, PNorm = 395.8367, GNorm = 0.2623, lr_0 = 2.0362e-04
Loss = 4.4094e-02, PNorm = 395.8425, GNorm = 0.8182, lr_0 = 2.0357e-04
Loss = 3.6382e-02, PNorm = 395.8480, GNorm = 0.2873, lr_0 = 2.0352e-04
Loss = 3.6782e-02, PNorm = 395.8548, GNorm = 0.2828, lr_0 = 2.0346e-04
Loss = 3.8416e-02, PNorm = 395.8590, GNorm = 0.3509, lr_0 = 2.0341e-04
Loss = 3.3898e-02, PNorm = 395.8641, GNorm = 0.2512, lr_0 = 2.0336e-04
Loss = 4.2017e-02, PNorm = 395.8710, GNorm = 0.2860, lr_0 = 2.0330e-04
Loss = 3.2651e-02, PNorm = 395.8765, GNorm = 0.3355, lr_0 = 2.0325e-04
Loss = 3.4240e-02, PNorm = 395.8821, GNorm = 0.5612, lr_0 = 2.0320e-04
Loss = 3.5967e-02, PNorm = 395.8881, GNorm = 0.3365, lr_0 = 2.0314e-04
Loss = 2.9746e-02, PNorm = 395.8950, GNorm = 0.1876, lr_0 = 2.0309e-04
Loss = 3.5070e-02, PNorm = 395.9015, GNorm = 0.3148, lr_0 = 2.0304e-04
Loss = 3.4757e-02, PNorm = 395.9057, GNorm = 0.3159, lr_0 = 2.0298e-04
Loss = 3.8938e-02, PNorm = 395.9110, GNorm = 0.2008, lr_0 = 2.0293e-04
Loss = 3.3057e-02, PNorm = 395.9172, GNorm = 0.3087, lr_0 = 2.0288e-04
Loss = 3.7024e-02, PNorm = 395.9225, GNorm = 0.3104, lr_0 = 2.0282e-04
Loss = 3.0650e-02, PNorm = 395.9277, GNorm = 0.2813, lr_0 = 2.0277e-04
Loss = 4.3499e-02, PNorm = 395.9324, GNorm = 0.3266, lr_0 = 2.0272e-04
Loss = 3.5840e-02, PNorm = 395.9369, GNorm = 0.2475, lr_0 = 2.0266e-04
Loss = 3.5119e-02, PNorm = 395.9425, GNorm = 0.3019, lr_0 = 2.0261e-04
Loss = 3.2218e-02, PNorm = 395.9489, GNorm = 0.2482, lr_0 = 2.0256e-04
Loss = 3.7531e-02, PNorm = 395.9544, GNorm = 0.2022, lr_0 = 2.0250e-04
Loss = 4.2076e-02, PNorm = 395.9608, GNorm = 0.2034, lr_0 = 2.0245e-04
Loss = 3.3159e-02, PNorm = 395.9673, GNorm = 0.3626, lr_0 = 2.0240e-04
Loss = 3.7043e-02, PNorm = 395.9752, GNorm = 0.3325, lr_0 = 2.0234e-04
Loss = 3.7018e-02, PNorm = 395.9833, GNorm = 0.2109, lr_0 = 2.0229e-04
Loss = 4.0378e-02, PNorm = 395.9899, GNorm = 0.3013, lr_0 = 2.0224e-04
Loss = 4.9266e-02, PNorm = 395.9959, GNorm = 0.4846, lr_0 = 2.0218e-04
Loss = 4.1715e-02, PNorm = 396.0033, GNorm = 0.2320, lr_0 = 2.0213e-04
Loss = 3.4914e-02, PNorm = 396.0113, GNorm = 0.2256, lr_0 = 2.0208e-04
Loss = 3.1390e-02, PNorm = 396.0175, GNorm = 0.2192, lr_0 = 2.0202e-04
Validation rmse = 3.430809
Epoch 70
Loss = 4.5452e-02, PNorm = 396.0234, GNorm = 0.3028, lr_0 = 2.0197e-04
Loss = 3.9734e-02, PNorm = 396.0295, GNorm = 0.2293, lr_0 = 2.0192e-04
Loss = 3.5652e-02, PNorm = 396.0355, GNorm = 0.3401, lr_0 = 2.0186e-04
Loss = 4.4029e-02, PNorm = 396.0416, GNorm = 0.2358, lr_0 = 2.0181e-04
Loss = 3.5979e-02, PNorm = 396.0481, GNorm = 0.5633, lr_0 = 2.0176e-04
Loss = 3.6946e-02, PNorm = 396.0536, GNorm = 0.4062, lr_0 = 2.0171e-04
Loss = 3.4259e-02, PNorm = 396.0591, GNorm = 0.4649, lr_0 = 2.0165e-04
Loss = 3.7802e-02, PNorm = 396.0643, GNorm = 0.2606, lr_0 = 2.0160e-04
Loss = 3.2485e-02, PNorm = 396.0696, GNorm = 0.4487, lr_0 = 2.0155e-04
Loss = 4.2260e-02, PNorm = 396.0724, GNorm = 0.2106, lr_0 = 2.0149e-04
Loss = 4.0269e-02, PNorm = 396.0760, GNorm = 0.3203, lr_0 = 2.0144e-04
Loss = 4.0683e-02, PNorm = 396.0832, GNorm = 0.5081, lr_0 = 2.0139e-04
Loss = 2.9636e-02, PNorm = 396.0897, GNorm = 0.4069, lr_0 = 2.0133e-04
Loss = 3.4303e-02, PNorm = 396.0957, GNorm = 0.2686, lr_0 = 2.0128e-04
Loss = 3.3539e-02, PNorm = 396.1015, GNorm = 0.1753, lr_0 = 2.0123e-04
Loss = 3.1084e-02, PNorm = 396.1070, GNorm = 0.2973, lr_0 = 2.0118e-04
Loss = 3.3575e-02, PNorm = 396.1102, GNorm = 0.3511, lr_0 = 2.0112e-04
Loss = 3.9487e-02, PNorm = 396.1160, GNorm = 0.2748, lr_0 = 2.0107e-04
Loss = 3.4381e-02, PNorm = 396.1221, GNorm = 0.2163, lr_0 = 2.0102e-04
Loss = 3.0111e-02, PNorm = 396.1281, GNorm = 0.2440, lr_0 = 2.0096e-04
Loss = 3.1373e-02, PNorm = 396.1326, GNorm = 0.2721, lr_0 = 2.0091e-04
Loss = 3.4450e-02, PNorm = 396.1388, GNorm = 0.2655, lr_0 = 2.0086e-04
Loss = 3.3493e-02, PNorm = 396.1451, GNorm = 0.4251, lr_0 = 2.0080e-04
Loss = 3.2091e-02, PNorm = 396.1511, GNorm = 0.2513, lr_0 = 2.0075e-04
Loss = 2.8504e-02, PNorm = 396.1566, GNorm = 0.1936, lr_0 = 2.0070e-04
Loss = 3.4580e-02, PNorm = 396.1607, GNorm = 0.2939, lr_0 = 2.0065e-04
Loss = 3.1139e-02, PNorm = 396.1661, GNorm = 0.2485, lr_0 = 2.0059e-04
Loss = 3.0969e-02, PNorm = 396.1720, GNorm = 0.2923, lr_0 = 2.0054e-04
Loss = 3.9710e-02, PNorm = 396.1777, GNorm = 0.5007, lr_0 = 2.0049e-04
Loss = 3.3652e-02, PNorm = 396.1824, GNorm = 0.3337, lr_0 = 2.0044e-04
Loss = 5.0030e-02, PNorm = 396.1876, GNorm = 0.2293, lr_0 = 2.0038e-04
Loss = 4.3885e-02, PNorm = 396.1932, GNorm = 0.3612, lr_0 = 2.0033e-04
Loss = 3.8610e-02, PNorm = 396.1977, GNorm = 0.3143, lr_0 = 2.0028e-04
Loss = 3.7074e-02, PNorm = 396.2025, GNorm = 0.4193, lr_0 = 2.0022e-04
Loss = 3.5054e-02, PNorm = 396.2085, GNorm = 0.2652, lr_0 = 2.0017e-04
Loss = 3.8500e-02, PNorm = 396.2137, GNorm = 0.3219, lr_0 = 2.0012e-04
Loss = 4.6010e-02, PNorm = 396.2186, GNorm = 0.4473, lr_0 = 2.0007e-04
Loss = 3.3751e-02, PNorm = 396.2244, GNorm = 0.3391, lr_0 = 2.0001e-04
Loss = 3.3769e-02, PNorm = 396.2303, GNorm = 0.5167, lr_0 = 1.9996e-04
Loss = 3.5229e-02, PNorm = 396.2361, GNorm = 0.3037, lr_0 = 1.9991e-04
Loss = 3.0979e-02, PNorm = 396.2417, GNorm = 0.2581, lr_0 = 1.9986e-04
Loss = 4.6976e-02, PNorm = 396.2486, GNorm = 0.4392, lr_0 = 1.9980e-04
Loss = 3.1620e-02, PNorm = 396.2549, GNorm = 0.2577, lr_0 = 1.9975e-04
Loss = 3.6714e-02, PNorm = 396.2607, GNorm = 0.3180, lr_0 = 1.9970e-04
Loss = 3.6013e-02, PNorm = 396.2675, GNorm = 0.3074, lr_0 = 1.9965e-04
Loss = 3.2762e-02, PNorm = 396.2730, GNorm = 0.3527, lr_0 = 1.9959e-04
Loss = 4.2069e-02, PNorm = 396.2788, GNorm = 0.2773, lr_0 = 1.9954e-04
Loss = 3.3726e-02, PNorm = 396.2843, GNorm = 0.2223, lr_0 = 1.9949e-04
Loss = 3.5519e-02, PNorm = 396.2888, GNorm = 0.2276, lr_0 = 1.9944e-04
Loss = 3.3470e-02, PNorm = 396.2943, GNorm = 0.2594, lr_0 = 1.9938e-04
Loss = 3.5782e-02, PNorm = 396.2995, GNorm = 0.2513, lr_0 = 1.9933e-04
Loss = 2.9614e-02, PNorm = 396.3050, GNorm = 0.2475, lr_0 = 1.9928e-04
Loss = 3.9677e-02, PNorm = 396.3109, GNorm = 0.2436, lr_0 = 1.9923e-04
Loss = 3.3788e-02, PNorm = 396.3163, GNorm = 0.5497, lr_0 = 1.9917e-04
Loss = 3.6564e-02, PNorm = 396.3223, GNorm = 0.3838, lr_0 = 1.9912e-04
Loss = 3.3725e-02, PNorm = 396.3281, GNorm = 0.3656, lr_0 = 1.9907e-04
Loss = 3.2876e-02, PNorm = 396.3334, GNorm = 0.2353, lr_0 = 1.9902e-04
Loss = 4.3948e-02, PNorm = 396.3385, GNorm = 0.2364, lr_0 = 1.9896e-04
Loss = 3.3552e-02, PNorm = 396.3439, GNorm = 0.3198, lr_0 = 1.9891e-04
Loss = 3.8405e-02, PNorm = 396.3497, GNorm = 0.3047, lr_0 = 1.9886e-04
Loss = 3.1798e-02, PNorm = 396.3535, GNorm = 0.2615, lr_0 = 1.9881e-04
Loss = 3.6806e-02, PNorm = 396.3582, GNorm = 0.3743, lr_0 = 1.9875e-04
Loss = 3.8592e-02, PNorm = 396.3646, GNorm = 0.2516, lr_0 = 1.9870e-04
Loss = 3.0191e-02, PNorm = 396.3700, GNorm = 0.2812, lr_0 = 1.9865e-04
Loss = 5.2220e-02, PNorm = 396.3748, GNorm = 0.3306, lr_0 = 1.9860e-04
Loss = 5.7798e-02, PNorm = 396.3794, GNorm = 0.6642, lr_0 = 1.9855e-04
Loss = 4.3743e-02, PNorm = 396.3867, GNorm = 0.3202, lr_0 = 1.9849e-04
Loss = 4.2444e-02, PNorm = 396.3954, GNorm = 0.2457, lr_0 = 1.9844e-04
Loss = 4.2019e-02, PNorm = 396.4034, GNorm = 0.4217, lr_0 = 1.9839e-04
Loss = 5.4412e-02, PNorm = 396.4102, GNorm = 0.2768, lr_0 = 1.9834e-04
Loss = 3.8873e-02, PNorm = 396.4165, GNorm = 0.1990, lr_0 = 1.9828e-04
Loss = 3.7387e-02, PNorm = 396.4234, GNorm = 0.4553, lr_0 = 1.9823e-04
Loss = 3.3008e-02, PNorm = 396.4293, GNorm = 0.1976, lr_0 = 1.9818e-04
Loss = 3.4998e-02, PNorm = 396.4349, GNorm = 0.2341, lr_0 = 1.9813e-04
Loss = 3.9122e-02, PNorm = 396.4414, GNorm = 0.2495, lr_0 = 1.9808e-04
Loss = 3.8614e-02, PNorm = 396.4482, GNorm = 0.2574, lr_0 = 1.9802e-04
Loss = 3.3441e-02, PNorm = 396.4535, GNorm = 0.3293, lr_0 = 1.9797e-04
Loss = 3.2352e-02, PNorm = 396.4579, GNorm = 0.3832, lr_0 = 1.9792e-04
Loss = 5.3182e-02, PNorm = 396.4636, GNorm = 0.4548, lr_0 = 1.9787e-04
Loss = 3.5987e-02, PNorm = 396.4697, GNorm = 0.3680, lr_0 = 1.9782e-04
Loss = 3.1744e-02, PNorm = 396.4735, GNorm = 0.3194, lr_0 = 1.9776e-04
Loss = 4.0270e-02, PNorm = 396.4788, GNorm = 0.5086, lr_0 = 1.9771e-04
Loss = 3.1758e-02, PNorm = 396.4843, GNorm = 0.3119, lr_0 = 1.9766e-04
Loss = 3.2128e-02, PNorm = 396.4889, GNorm = 0.5424, lr_0 = 1.9761e-04
Loss = 3.6369e-02, PNorm = 396.4941, GNorm = 0.3472, lr_0 = 1.9756e-04
Loss = 3.7084e-02, PNorm = 396.4996, GNorm = 0.2602, lr_0 = 1.9750e-04
Loss = 3.2934e-02, PNorm = 396.5058, GNorm = 0.3077, lr_0 = 1.9745e-04
Loss = 4.1209e-02, PNorm = 396.5101, GNorm = 0.5046, lr_0 = 1.9740e-04
Loss = 3.3309e-02, PNorm = 396.5152, GNorm = 0.3025, lr_0 = 1.9735e-04
Loss = 3.1965e-02, PNorm = 396.5206, GNorm = 0.4885, lr_0 = 1.9730e-04
Validation rmse = 3.440915
Epoch 71
Loss = 3.2901e-02, PNorm = 396.5263, GNorm = 0.3270, lr_0 = 1.9724e-04
Loss = 3.9384e-02, PNorm = 396.5304, GNorm = 0.3994, lr_0 = 1.9719e-04
Loss = 3.9936e-02, PNorm = 396.5340, GNorm = 0.5097, lr_0 = 1.9714e-04
Loss = 3.5280e-02, PNorm = 396.5390, GNorm = 0.3738, lr_0 = 1.9709e-04
Loss = 2.9939e-02, PNorm = 396.5437, GNorm = 0.2786, lr_0 = 1.9704e-04
Loss = 3.7750e-02, PNorm = 396.5481, GNorm = 0.3141, lr_0 = 1.9698e-04
Loss = 3.1897e-02, PNorm = 396.5527, GNorm = 0.2135, lr_0 = 1.9693e-04
Loss = 2.8874e-02, PNorm = 396.5573, GNorm = 0.4307, lr_0 = 1.9688e-04
Loss = 2.9422e-02, PNorm = 396.5608, GNorm = 0.2950, lr_0 = 1.9683e-04
Loss = 3.2194e-02, PNorm = 396.5660, GNorm = 0.3148, lr_0 = 1.9678e-04
Loss = 3.4925e-02, PNorm = 396.5703, GNorm = 0.4728, lr_0 = 1.9673e-04
Loss = 3.1753e-02, PNorm = 396.5752, GNorm = 0.2771, lr_0 = 1.9667e-04
Loss = 3.6100e-02, PNorm = 396.5800, GNorm = 0.3059, lr_0 = 1.9662e-04
Loss = 3.2128e-02, PNorm = 396.5842, GNorm = 0.1860, lr_0 = 1.9657e-04
Loss = 3.5497e-02, PNorm = 396.5881, GNorm = 0.2631, lr_0 = 1.9652e-04
Loss = 3.4138e-02, PNorm = 396.5918, GNorm = 0.3781, lr_0 = 1.9647e-04
Loss = 4.3176e-02, PNorm = 396.5963, GNorm = 0.3267, lr_0 = 1.9642e-04
Loss = 3.4526e-02, PNorm = 396.6021, GNorm = 0.1791, lr_0 = 1.9636e-04
Loss = 3.0708e-02, PNorm = 396.6073, GNorm = 0.2306, lr_0 = 1.9631e-04
Loss = 3.4924e-02, PNorm = 396.6130, GNorm = 0.3660, lr_0 = 1.9626e-04
Loss = 3.2142e-02, PNorm = 396.6190, GNorm = 0.2414, lr_0 = 1.9621e-04
Loss = 3.6608e-02, PNorm = 396.6253, GNorm = 0.4376, lr_0 = 1.9616e-04
Loss = 4.7080e-02, PNorm = 396.6311, GNorm = 0.2768, lr_0 = 1.9611e-04
Loss = 3.6525e-02, PNorm = 396.6382, GNorm = 0.2372, lr_0 = 1.9605e-04
Loss = 3.4664e-02, PNorm = 396.6454, GNorm = 0.3154, lr_0 = 1.9600e-04
Loss = 4.3174e-02, PNorm = 396.6521, GNorm = 0.4403, lr_0 = 1.9595e-04
Loss = 2.8815e-02, PNorm = 396.6593, GNorm = 0.3244, lr_0 = 1.9590e-04
Loss = 3.3960e-02, PNorm = 396.6643, GNorm = 0.2989, lr_0 = 1.9585e-04
Loss = 3.6649e-02, PNorm = 396.6696, GNorm = 0.2266, lr_0 = 1.9580e-04
Loss = 3.3555e-02, PNorm = 396.6757, GNorm = 0.2714, lr_0 = 1.9574e-04
Loss = 4.2104e-02, PNorm = 396.6838, GNorm = 0.3047, lr_0 = 1.9569e-04
Loss = 4.0632e-02, PNorm = 396.6902, GNorm = 0.3619, lr_0 = 1.9564e-04
Loss = 3.4195e-02, PNorm = 396.6969, GNorm = 0.4166, lr_0 = 1.9559e-04
Loss = 3.6291e-02, PNorm = 396.7028, GNorm = 0.1857, lr_0 = 1.9554e-04
Loss = 3.1732e-02, PNorm = 396.7080, GNorm = 0.1956, lr_0 = 1.9549e-04
Loss = 3.5008e-02, PNorm = 396.7128, GNorm = 0.2021, lr_0 = 1.9544e-04
Loss = 3.5656e-02, PNorm = 396.7177, GNorm = 0.2000, lr_0 = 1.9538e-04
Loss = 3.6984e-02, PNorm = 396.7219, GNorm = 0.3376, lr_0 = 1.9533e-04
Loss = 3.0875e-02, PNorm = 396.7256, GNorm = 0.2680, lr_0 = 1.9528e-04
Loss = 3.5222e-02, PNorm = 396.7297, GNorm = 0.2617, lr_0 = 1.9523e-04
Loss = 3.3373e-02, PNorm = 396.7350, GNorm = 0.4141, lr_0 = 1.9518e-04
Loss = 3.2249e-02, PNorm = 396.7412, GNorm = 0.3399, lr_0 = 1.9513e-04
Loss = 3.7807e-02, PNorm = 396.7479, GNorm = 0.2562, lr_0 = 1.9508e-04
Loss = 3.7295e-02, PNorm = 396.7537, GNorm = 0.1990, lr_0 = 1.9503e-04
Loss = 3.2287e-02, PNorm = 396.7595, GNorm = 0.3262, lr_0 = 1.9497e-04
Loss = 3.3590e-02, PNorm = 396.7654, GNorm = 0.2702, lr_0 = 1.9492e-04
Loss = 3.2725e-02, PNorm = 396.7706, GNorm = 0.2837, lr_0 = 1.9487e-04
Loss = 2.9100e-02, PNorm = 396.7748, GNorm = 0.2415, lr_0 = 1.9482e-04
Loss = 4.1242e-02, PNorm = 396.7797, GNorm = 0.2483, lr_0 = 1.9477e-04
Loss = 2.8169e-02, PNorm = 396.7856, GNorm = 0.2249, lr_0 = 1.9472e-04
Loss = 4.2116e-02, PNorm = 396.7909, GNorm = 0.4757, lr_0 = 1.9467e-04
Loss = 2.7297e-02, PNorm = 396.7967, GNorm = 0.2053, lr_0 = 1.9462e-04
Loss = 4.4382e-02, PNorm = 396.8016, GNorm = 0.3228, lr_0 = 1.9456e-04
Loss = 3.2369e-02, PNorm = 396.8059, GNorm = 0.3063, lr_0 = 1.9451e-04
Loss = 3.7929e-02, PNorm = 396.8111, GNorm = 0.4269, lr_0 = 1.9446e-04
Loss = 3.4464e-02, PNorm = 396.8171, GNorm = 0.4184, lr_0 = 1.9441e-04
Loss = 3.1110e-02, PNorm = 396.8236, GNorm = 0.2188, lr_0 = 1.9436e-04
Loss = 4.4588e-02, PNorm = 396.8294, GNorm = 0.2430, lr_0 = 1.9431e-04
Loss = 3.1775e-02, PNorm = 396.8353, GNorm = 0.2910, lr_0 = 1.9426e-04
Loss = 4.1677e-02, PNorm = 396.8410, GNorm = 0.3006, lr_0 = 1.9421e-04
Loss = 5.5562e-02, PNorm = 396.8482, GNorm = 0.7105, lr_0 = 1.9415e-04
Loss = 3.0471e-02, PNorm = 396.8547, GNorm = 0.4156, lr_0 = 1.9410e-04
Loss = 4.7658e-02, PNorm = 396.8599, GNorm = 0.2380, lr_0 = 1.9405e-04
Loss = 4.0829e-02, PNorm = 396.8660, GNorm = 0.2855, lr_0 = 1.9400e-04
Loss = 3.1542e-02, PNorm = 396.8707, GNorm = 0.2241, lr_0 = 1.9395e-04
Loss = 3.2318e-02, PNorm = 396.8757, GNorm = 0.2436, lr_0 = 1.9390e-04
Loss = 3.8397e-02, PNorm = 396.8804, GNorm = 0.2682, lr_0 = 1.9385e-04
Loss = 4.0802e-02, PNorm = 396.8854, GNorm = 0.3447, lr_0 = 1.9380e-04
Loss = 3.4503e-02, PNorm = 396.8918, GNorm = 0.3846, lr_0 = 1.9375e-04
Loss = 3.3517e-02, PNorm = 396.8970, GNorm = 0.2627, lr_0 = 1.9370e-04
Loss = 4.9388e-02, PNorm = 396.9022, GNorm = 0.3755, lr_0 = 1.9364e-04
Loss = 3.2359e-02, PNorm = 396.9085, GNorm = 0.2800, lr_0 = 1.9359e-04
Loss = 2.9955e-02, PNorm = 396.9140, GNorm = 0.3523, lr_0 = 1.9354e-04
Loss = 3.3104e-02, PNorm = 396.9184, GNorm = 0.2185, lr_0 = 1.9349e-04
Loss = 3.6720e-02, PNorm = 396.9230, GNorm = 0.5993, lr_0 = 1.9344e-04
Loss = 3.5388e-02, PNorm = 396.9265, GNorm = 0.2398, lr_0 = 1.9339e-04
Loss = 3.0641e-02, PNorm = 396.9320, GNorm = 0.2836, lr_0 = 1.9334e-04
Loss = 3.3949e-02, PNorm = 396.9374, GNorm = 0.2511, lr_0 = 1.9329e-04
Loss = 3.2172e-02, PNorm = 396.9427, GNorm = 0.3514, lr_0 = 1.9324e-04
Loss = 3.1736e-02, PNorm = 396.9463, GNorm = 0.2221, lr_0 = 1.9319e-04
Loss = 3.1376e-02, PNorm = 396.9519, GNorm = 0.3382, lr_0 = 1.9314e-04
Loss = 3.6393e-02, PNorm = 396.9565, GNorm = 0.3385, lr_0 = 1.9309e-04
Loss = 3.2966e-02, PNorm = 396.9619, GNorm = 0.2749, lr_0 = 1.9303e-04
Loss = 5.3215e-02, PNorm = 396.9669, GNorm = 0.6152, lr_0 = 1.9298e-04
Loss = 3.2739e-02, PNorm = 396.9714, GNorm = 0.3429, lr_0 = 1.9293e-04
Loss = 3.0729e-02, PNorm = 396.9767, GNorm = 0.3367, lr_0 = 1.9288e-04
Loss = 3.2976e-02, PNorm = 396.9830, GNorm = 0.2883, lr_0 = 1.9283e-04
Loss = 3.2111e-02, PNorm = 396.9891, GNorm = 0.1996, lr_0 = 1.9278e-04
Loss = 4.5633e-02, PNorm = 396.9944, GNorm = 0.2012, lr_0 = 1.9273e-04
Validation rmse = 3.431556
Epoch 72
Loss = 2.9025e-02, PNorm = 396.9989, GNorm = 0.2467, lr_0 = 1.9268e-04
Loss = 3.6291e-02, PNorm = 397.0033, GNorm = 0.3914, lr_0 = 1.9263e-04
Loss = 3.4669e-02, PNorm = 397.0092, GNorm = 0.4555, lr_0 = 1.9258e-04
Loss = 3.0924e-02, PNorm = 397.0143, GNorm = 0.3456, lr_0 = 1.9253e-04
Loss = 3.7755e-02, PNorm = 397.0202, GNorm = 0.1819, lr_0 = 1.9248e-04
Loss = 2.8421e-02, PNorm = 397.0253, GNorm = 0.2686, lr_0 = 1.9243e-04
Loss = 3.5868e-02, PNorm = 397.0305, GNorm = 0.3968, lr_0 = 1.9238e-04
Loss = 3.7584e-02, PNorm = 397.0355, GNorm = 0.4078, lr_0 = 1.9232e-04
Loss = 3.3261e-02, PNorm = 397.0404, GNorm = 0.2545, lr_0 = 1.9227e-04
Loss = 3.1706e-02, PNorm = 397.0447, GNorm = 0.2741, lr_0 = 1.9222e-04
Loss = 3.3000e-02, PNorm = 397.0484, GNorm = 0.3854, lr_0 = 1.9217e-04
Loss = 3.2800e-02, PNorm = 397.0524, GNorm = 0.2352, lr_0 = 1.9212e-04
Loss = 3.1078e-02, PNorm = 397.0570, GNorm = 0.4332, lr_0 = 1.9207e-04
Loss = 3.2067e-02, PNorm = 397.0618, GNorm = 0.2741, lr_0 = 1.9202e-04
Loss = 3.2085e-02, PNorm = 397.0688, GNorm = 0.2332, lr_0 = 1.9197e-04
Loss = 2.8445e-02, PNorm = 397.0753, GNorm = 0.3024, lr_0 = 1.9192e-04
Loss = 2.9269e-02, PNorm = 397.0804, GNorm = 0.1991, lr_0 = 1.9187e-04
Loss = 3.5618e-02, PNorm = 397.0857, GNorm = 0.2816, lr_0 = 1.9182e-04
Loss = 3.3326e-02, PNorm = 397.0907, GNorm = 0.1926, lr_0 = 1.9177e-04
Loss = 2.9044e-02, PNorm = 397.0959, GNorm = 0.2398, lr_0 = 1.9172e-04
Loss = 4.1514e-02, PNorm = 397.0991, GNorm = 0.2768, lr_0 = 1.9167e-04
Loss = 3.1862e-02, PNorm = 397.1038, GNorm = 0.4490, lr_0 = 1.9162e-04
Loss = 3.9531e-02, PNorm = 397.1088, GNorm = 0.2983, lr_0 = 1.9157e-04
Loss = 3.0411e-02, PNorm = 397.1152, GNorm = 0.2116, lr_0 = 1.9152e-04
Loss = 3.0066e-02, PNorm = 397.1213, GNorm = 0.1997, lr_0 = 1.9147e-04
Loss = 2.9499e-02, PNorm = 397.1263, GNorm = 0.2540, lr_0 = 1.9142e-04
Loss = 3.3630e-02, PNorm = 397.1313, GNorm = 0.2192, lr_0 = 1.9137e-04
Loss = 3.1102e-02, PNorm = 397.1348, GNorm = 0.3633, lr_0 = 1.9132e-04
Loss = 3.5707e-02, PNorm = 397.1383, GNorm = 0.5612, lr_0 = 1.9126e-04
Loss = 3.6446e-02, PNorm = 397.1420, GNorm = 0.3209, lr_0 = 1.9121e-04
Loss = 3.3783e-02, PNorm = 397.1470, GNorm = 0.3384, lr_0 = 1.9116e-04
Loss = 3.1336e-02, PNorm = 397.1518, GNorm = 0.2007, lr_0 = 1.9111e-04
Loss = 2.8645e-02, PNorm = 397.1564, GNorm = 0.2919, lr_0 = 1.9106e-04
Loss = 3.0571e-02, PNorm = 397.1600, GNorm = 0.2330, lr_0 = 1.9101e-04
Loss = 4.1406e-02, PNorm = 397.1654, GNorm = 0.2503, lr_0 = 1.9096e-04
Loss = 4.0199e-02, PNorm = 397.1700, GNorm = 0.2762, lr_0 = 1.9091e-04
Loss = 3.8639e-02, PNorm = 397.1751, GNorm = 0.3531, lr_0 = 1.9086e-04
Loss = 4.6461e-02, PNorm = 397.1802, GNorm = 0.2309, lr_0 = 1.9081e-04
Loss = 3.5034e-02, PNorm = 397.1861, GNorm = 0.3201, lr_0 = 1.9076e-04
Loss = 3.9140e-02, PNorm = 397.1929, GNorm = 0.2283, lr_0 = 1.9071e-04
Loss = 3.3736e-02, PNorm = 397.1985, GNorm = 0.2421, lr_0 = 1.9066e-04
Loss = 3.2000e-02, PNorm = 397.2049, GNorm = 0.2074, lr_0 = 1.9061e-04
Loss = 3.2638e-02, PNorm = 397.2098, GNorm = 0.3103, lr_0 = 1.9056e-04
Loss = 2.7462e-02, PNorm = 397.2144, GNorm = 0.2198, lr_0 = 1.9051e-04
Loss = 3.9635e-02, PNorm = 397.2186, GNorm = 0.2471, lr_0 = 1.9046e-04
Loss = 3.0570e-02, PNorm = 397.2222, GNorm = 0.2612, lr_0 = 1.9041e-04
Loss = 4.5262e-02, PNorm = 397.2266, GNorm = 0.2893, lr_0 = 1.9036e-04
Loss = 4.0331e-02, PNorm = 397.2329, GNorm = 0.6434, lr_0 = 1.9031e-04
Loss = 6.1032e-02, PNorm = 397.2405, GNorm = 0.2450, lr_0 = 1.9026e-04
Loss = 3.3354e-02, PNorm = 397.2479, GNorm = 0.2403, lr_0 = 1.9021e-04
Loss = 3.0427e-02, PNorm = 397.2544, GNorm = 0.2442, lr_0 = 1.9016e-04
Loss = 3.5513e-02, PNorm = 397.2602, GNorm = 0.4147, lr_0 = 1.9011e-04
Loss = 3.6202e-02, PNorm = 397.2655, GNorm = 0.2070, lr_0 = 1.9006e-04
Loss = 3.2046e-02, PNorm = 397.2705, GNorm = 0.3709, lr_0 = 1.9001e-04
Loss = 2.9111e-02, PNorm = 397.2766, GNorm = 0.3188, lr_0 = 1.8996e-04
Loss = 3.2986e-02, PNorm = 397.2825, GNorm = 0.2254, lr_0 = 1.8991e-04
Loss = 3.3474e-02, PNorm = 397.2879, GNorm = 0.2843, lr_0 = 1.8986e-04
Loss = 3.5967e-02, PNorm = 397.2921, GNorm = 0.2940, lr_0 = 1.8981e-04
Loss = 3.4712e-02, PNorm = 397.2978, GNorm = 0.3856, lr_0 = 1.8976e-04
Loss = 3.5791e-02, PNorm = 397.3036, GNorm = 0.2040, lr_0 = 1.8971e-04
Loss = 3.2130e-02, PNorm = 397.3092, GNorm = 0.2780, lr_0 = 1.8966e-04
Loss = 2.8481e-02, PNorm = 397.3128, GNorm = 0.2878, lr_0 = 1.8961e-04
Loss = 3.3944e-02, PNorm = 397.3163, GNorm = 0.3608, lr_0 = 1.8956e-04
Loss = 3.8275e-02, PNorm = 397.3207, GNorm = 0.2229, lr_0 = 1.8951e-04
Loss = 3.4042e-02, PNorm = 397.3254, GNorm = 0.2248, lr_0 = 1.8946e-04
Loss = 2.6852e-02, PNorm = 397.3293, GNorm = 0.2206, lr_0 = 1.8941e-04
Loss = 3.4375e-02, PNorm = 397.3336, GNorm = 0.2514, lr_0 = 1.8936e-04
Loss = 3.6672e-02, PNorm = 397.3388, GNorm = 0.2724, lr_0 = 1.8931e-04
Loss = 3.2993e-02, PNorm = 397.3436, GNorm = 0.4062, lr_0 = 1.8926e-04
Loss = 3.3462e-02, PNorm = 397.3472, GNorm = 0.3693, lr_0 = 1.8921e-04
Loss = 3.6187e-02, PNorm = 397.3518, GNorm = 0.2107, lr_0 = 1.8916e-04
Loss = 3.2183e-02, PNorm = 397.3578, GNorm = 0.4529, lr_0 = 1.8911e-04
Loss = 3.7323e-02, PNorm = 397.3634, GNorm = 0.3355, lr_0 = 1.8906e-04
Loss = 3.6718e-02, PNorm = 397.3695, GNorm = 0.3372, lr_0 = 1.8901e-04
Loss = 3.9410e-02, PNorm = 397.3747, GNorm = 0.3136, lr_0 = 1.8896e-04
Loss = 3.2167e-02, PNorm = 397.3806, GNorm = 0.2159, lr_0 = 1.8891e-04
Loss = 2.5642e-02, PNorm = 397.3861, GNorm = 0.1915, lr_0 = 1.8886e-04
Loss = 3.3464e-02, PNorm = 397.3895, GNorm = 0.3181, lr_0 = 1.8881e-04
Loss = 4.9206e-02, PNorm = 397.3958, GNorm = 0.4048, lr_0 = 1.8877e-04
Loss = 3.2008e-02, PNorm = 397.4026, GNorm = 0.3602, lr_0 = 1.8872e-04
Loss = 3.4144e-02, PNorm = 397.4076, GNorm = 0.2020, lr_0 = 1.8867e-04
Loss = 4.0114e-02, PNorm = 397.4128, GNorm = 0.2108, lr_0 = 1.8862e-04
Loss = 3.5361e-02, PNorm = 397.4182, GNorm = 0.2760, lr_0 = 1.8857e-04
Loss = 4.2981e-02, PNorm = 397.4246, GNorm = 0.3563, lr_0 = 1.8852e-04
Loss = 3.3622e-02, PNorm = 397.4288, GNorm = 0.4658, lr_0 = 1.8847e-04
Loss = 3.4993e-02, PNorm = 397.4345, GNorm = 0.2592, lr_0 = 1.8842e-04
Loss = 3.8678e-02, PNorm = 397.4387, GNorm = 0.3412, lr_0 = 1.8837e-04
Loss = 4.7767e-02, PNorm = 397.4419, GNorm = 0.2980, lr_0 = 1.8832e-04
Loss = 3.5331e-02, PNorm = 397.4475, GNorm = 0.3389, lr_0 = 1.8827e-04
Loss = 3.5433e-02, PNorm = 397.4524, GNorm = 0.4533, lr_0 = 1.8822e-04
Validation rmse = 3.411017
Epoch 73
Loss = 3.5803e-02, PNorm = 397.4584, GNorm = 0.2129, lr_0 = 1.8817e-04
Loss = 5.8310e-02, PNorm = 397.4638, GNorm = 0.7398, lr_0 = 1.8812e-04
Loss = 2.9698e-02, PNorm = 397.4694, GNorm = 0.4640, lr_0 = 1.8807e-04
Loss = 3.4342e-02, PNorm = 397.4758, GNorm = 0.4090, lr_0 = 1.8802e-04
Loss = 2.9964e-02, PNorm = 397.4797, GNorm = 0.1990, lr_0 = 1.8797e-04
Loss = 2.6528e-02, PNorm = 397.4823, GNorm = 0.2479, lr_0 = 1.8792e-04
Loss = 2.9257e-02, PNorm = 397.4865, GNorm = 0.1952, lr_0 = 1.8787e-04
Loss = 3.1218e-02, PNorm = 397.4900, GNorm = 0.2709, lr_0 = 1.8782e-04
Loss = 3.1428e-02, PNorm = 397.4942, GNorm = 0.2064, lr_0 = 1.8777e-04
Loss = 3.3573e-02, PNorm = 397.4993, GNorm = 0.3185, lr_0 = 1.8772e-04
Loss = 3.8142e-02, PNorm = 397.5043, GNorm = 0.3958, lr_0 = 1.8768e-04
Loss = 2.8130e-02, PNorm = 397.5109, GNorm = 0.1957, lr_0 = 1.8763e-04
Loss = 2.8213e-02, PNorm = 397.5166, GNorm = 0.2149, lr_0 = 1.8758e-04
Loss = 3.1947e-02, PNorm = 397.5208, GNorm = 0.4493, lr_0 = 1.8753e-04
Loss = 3.2204e-02, PNorm = 397.5250, GNorm = 0.2251, lr_0 = 1.8748e-04
Loss = 3.8808e-02, PNorm = 397.5305, GNorm = 0.4761, lr_0 = 1.8743e-04
Loss = 2.8178e-02, PNorm = 397.5360, GNorm = 0.2923, lr_0 = 1.8738e-04
Loss = 3.2620e-02, PNorm = 397.5416, GNorm = 0.2181, lr_0 = 1.8733e-04
Loss = 2.8246e-02, PNorm = 397.5458, GNorm = 0.1970, lr_0 = 1.8728e-04
Loss = 2.7850e-02, PNorm = 397.5498, GNorm = 0.1506, lr_0 = 1.8723e-04
Loss = 2.8705e-02, PNorm = 397.5535, GNorm = 0.3053, lr_0 = 1.8718e-04
Loss = 3.1523e-02, PNorm = 397.5580, GNorm = 0.2600, lr_0 = 1.8713e-04
Loss = 3.1466e-02, PNorm = 397.5620, GNorm = 0.3125, lr_0 = 1.8708e-04
Loss = 2.6590e-02, PNorm = 397.5673, GNorm = 0.2996, lr_0 = 1.8703e-04
Loss = 3.5187e-02, PNorm = 397.5726, GNorm = 0.4174, lr_0 = 1.8699e-04
Loss = 3.4089e-02, PNorm = 397.5773, GNorm = 0.3101, lr_0 = 1.8694e-04
Loss = 2.8660e-02, PNorm = 397.5817, GNorm = 0.2809, lr_0 = 1.8689e-04
Loss = 3.3354e-02, PNorm = 397.5880, GNorm = 0.2398, lr_0 = 1.8684e-04
Loss = 3.2336e-02, PNorm = 397.5941, GNorm = 0.1847, lr_0 = 1.8679e-04
Loss = 4.4451e-02, PNorm = 397.5990, GNorm = 0.7926, lr_0 = 1.8674e-04
Loss = 3.2257e-02, PNorm = 397.6027, GNorm = 0.2522, lr_0 = 1.8669e-04
Loss = 3.3439e-02, PNorm = 397.6065, GNorm = 0.5313, lr_0 = 1.8664e-04
Loss = 3.3129e-02, PNorm = 397.6114, GNorm = 0.2931, lr_0 = 1.8659e-04
Loss = 3.2921e-02, PNorm = 397.6166, GNorm = 0.3657, lr_0 = 1.8654e-04
Loss = 4.2307e-02, PNorm = 397.6208, GNorm = 0.3228, lr_0 = 1.8649e-04
Loss = 2.9277e-02, PNorm = 397.6249, GNorm = 0.2647, lr_0 = 1.8645e-04
Loss = 3.7340e-02, PNorm = 397.6293, GNorm = 0.2398, lr_0 = 1.8640e-04
Loss = 3.2346e-02, PNorm = 397.6352, GNorm = 0.3495, lr_0 = 1.8635e-04
Loss = 3.2923e-02, PNorm = 397.6396, GNorm = 0.3884, lr_0 = 1.8630e-04
Loss = 4.0315e-02, PNorm = 397.6453, GNorm = 0.4688, lr_0 = 1.8625e-04
Loss = 3.4572e-02, PNorm = 397.6513, GNorm = 0.2932, lr_0 = 1.8620e-04
Loss = 3.8975e-02, PNorm = 397.6572, GNorm = 0.4340, lr_0 = 1.8615e-04
Loss = 4.5558e-02, PNorm = 397.6627, GNorm = 1.0989, lr_0 = 1.8610e-04
Loss = 3.8289e-02, PNorm = 397.6688, GNorm = 0.2598, lr_0 = 1.8605e-04
Loss = 3.9363e-02, PNorm = 397.6746, GNorm = 0.3031, lr_0 = 1.8600e-04
Loss = 3.9673e-02, PNorm = 397.6806, GNorm = 0.7519, lr_0 = 1.8596e-04
Loss = 3.8661e-02, PNorm = 397.6880, GNorm = 0.2414, lr_0 = 1.8591e-04
Loss = 3.0242e-02, PNorm = 397.6941, GNorm = 0.2997, lr_0 = 1.8586e-04
Loss = 3.2944e-02, PNorm = 397.6990, GNorm = 0.4194, lr_0 = 1.8581e-04
Loss = 3.6326e-02, PNorm = 397.7048, GNorm = 0.3088, lr_0 = 1.8576e-04
Loss = 4.1607e-02, PNorm = 397.7115, GNorm = 0.2520, lr_0 = 1.8571e-04
Loss = 3.9520e-02, PNorm = 397.7184, GNorm = 0.2559, lr_0 = 1.8566e-04
Loss = 4.1160e-02, PNorm = 397.7240, GNorm = 0.2467, lr_0 = 1.8561e-04
Loss = 3.6645e-02, PNorm = 397.7299, GNorm = 0.3242, lr_0 = 1.8556e-04
Loss = 2.9010e-02, PNorm = 397.7354, GNorm = 0.2009, lr_0 = 1.8552e-04
Loss = 3.9519e-02, PNorm = 397.7407, GNorm = 0.2582, lr_0 = 1.8547e-04
Loss = 4.0540e-02, PNorm = 397.7465, GNorm = 0.2752, lr_0 = 1.8542e-04
Loss = 3.1108e-02, PNorm = 397.7507, GNorm = 0.2970, lr_0 = 1.8537e-04
Loss = 3.7176e-02, PNorm = 397.7557, GNorm = 0.2153, lr_0 = 1.8532e-04
Loss = 3.8773e-02, PNorm = 397.7608, GNorm = 0.2930, lr_0 = 1.8527e-04
Loss = 3.0935e-02, PNorm = 397.7657, GNorm = 0.2870, lr_0 = 1.8522e-04
Loss = 3.1448e-02, PNorm = 397.7712, GNorm = 0.3010, lr_0 = 1.8517e-04
Loss = 4.0891e-02, PNorm = 397.7752, GNorm = 0.2732, lr_0 = 1.8513e-04
Loss = 4.7381e-02, PNorm = 397.7797, GNorm = 0.3059, lr_0 = 1.8508e-04
Loss = 4.1714e-02, PNorm = 397.7853, GNorm = 0.5448, lr_0 = 1.8503e-04
Loss = 3.2646e-02, PNorm = 397.7900, GNorm = 0.2711, lr_0 = 1.8498e-04
Loss = 3.3082e-02, PNorm = 397.7958, GNorm = 0.2692, lr_0 = 1.8493e-04
Loss = 3.4292e-02, PNorm = 397.8009, GNorm = 0.2250, lr_0 = 1.8488e-04
Loss = 3.4756e-02, PNorm = 397.8056, GNorm = 0.2162, lr_0 = 1.8483e-04
Loss = 2.9521e-02, PNorm = 397.8099, GNorm = 0.2660, lr_0 = 1.8478e-04
Loss = 3.4115e-02, PNorm = 397.8149, GNorm = 0.4162, lr_0 = 1.8474e-04
Loss = 4.2088e-02, PNorm = 397.8210, GNorm = 0.1979, lr_0 = 1.8469e-04
Loss = 3.4389e-02, PNorm = 397.8284, GNorm = 0.3265, lr_0 = 1.8464e-04
Loss = 3.8367e-02, PNorm = 397.8342, GNorm = 0.2798, lr_0 = 1.8459e-04
Loss = 3.6303e-02, PNorm = 397.8387, GNorm = 0.2865, lr_0 = 1.8454e-04
Loss = 3.6358e-02, PNorm = 397.8440, GNorm = 0.2660, lr_0 = 1.8449e-04
Loss = 5.0576e-02, PNorm = 397.8485, GNorm = 0.3369, lr_0 = 1.8444e-04
Loss = 3.3492e-02, PNorm = 397.8523, GNorm = 0.2870, lr_0 = 1.8440e-04
Loss = 2.9768e-02, PNorm = 397.8566, GNorm = 0.2647, lr_0 = 1.8435e-04
Loss = 3.1935e-02, PNorm = 397.8608, GNorm = 0.2803, lr_0 = 1.8430e-04
Loss = 3.5268e-02, PNorm = 397.8658, GNorm = 0.2537, lr_0 = 1.8425e-04
Loss = 3.9408e-02, PNorm = 397.8714, GNorm = 0.2836, lr_0 = 1.8420e-04
Loss = 3.3474e-02, PNorm = 397.8774, GNorm = 0.2103, lr_0 = 1.8415e-04
Loss = 4.6821e-02, PNorm = 397.8836, GNorm = 0.2510, lr_0 = 1.8411e-04
Loss = 4.1389e-02, PNorm = 397.8893, GNorm = 0.2247, lr_0 = 1.8406e-04
Loss = 3.6936e-02, PNorm = 397.8938, GNorm = 0.3389, lr_0 = 1.8401e-04
Loss = 4.3764e-02, PNorm = 397.8976, GNorm = 0.2171, lr_0 = 1.8396e-04
Loss = 3.3294e-02, PNorm = 397.9019, GNorm = 0.2454, lr_0 = 1.8391e-04
Loss = 4.0171e-02, PNorm = 397.9076, GNorm = 0.1947, lr_0 = 1.8386e-04
Validation rmse = 3.418575
Epoch 74
Loss = 2.8702e-02, PNorm = 397.9132, GNorm = 0.3977, lr_0 = 1.8381e-04
Loss = 3.3890e-02, PNorm = 397.9178, GNorm = 0.2998, lr_0 = 1.8377e-04
Loss = 3.5744e-02, PNorm = 397.9223, GNorm = 0.2036, lr_0 = 1.8372e-04
Loss = 2.5973e-02, PNorm = 397.9266, GNorm = 0.2040, lr_0 = 1.8367e-04
Loss = 2.8304e-02, PNorm = 397.9302, GNorm = 0.2793, lr_0 = 1.8362e-04
Loss = 3.1342e-02, PNorm = 397.9343, GNorm = 0.4217, lr_0 = 1.8357e-04
Loss = 2.8147e-02, PNorm = 397.9382, GNorm = 0.3793, lr_0 = 1.8352e-04
Loss = 3.3127e-02, PNorm = 397.9424, GNorm = 0.1968, lr_0 = 1.8348e-04
Loss = 2.8368e-02, PNorm = 397.9481, GNorm = 0.2268, lr_0 = 1.8343e-04
Loss = 3.2216e-02, PNorm = 397.9537, GNorm = 0.2366, lr_0 = 1.8338e-04
Loss = 3.4171e-02, PNorm = 397.9598, GNorm = 0.3163, lr_0 = 1.8333e-04
Loss = 2.8452e-02, PNorm = 397.9649, GNorm = 0.2395, lr_0 = 1.8328e-04
Loss = 4.1746e-02, PNorm = 397.9698, GNorm = 0.1875, lr_0 = 1.8324e-04
Loss = 3.6992e-02, PNorm = 397.9738, GNorm = 0.2931, lr_0 = 1.8319e-04
Loss = 2.9751e-02, PNorm = 397.9788, GNorm = 0.2755, lr_0 = 1.8314e-04
Loss = 2.7470e-02, PNorm = 397.9834, GNorm = 0.3051, lr_0 = 1.8309e-04
Loss = 3.5773e-02, PNorm = 397.9879, GNorm = 0.3345, lr_0 = 1.8304e-04
Loss = 2.6816e-02, PNorm = 397.9927, GNorm = 0.2295, lr_0 = 1.8299e-04
Loss = 2.9315e-02, PNorm = 397.9971, GNorm = 0.3017, lr_0 = 1.8295e-04
Loss = 3.4916e-02, PNorm = 398.0012, GNorm = 0.2816, lr_0 = 1.8290e-04
Loss = 3.0568e-02, PNorm = 398.0065, GNorm = 0.3457, lr_0 = 1.8285e-04
Loss = 3.3270e-02, PNorm = 398.0106, GNorm = 0.2173, lr_0 = 1.8280e-04
Loss = 3.7026e-02, PNorm = 398.0148, GNorm = 0.2534, lr_0 = 1.8275e-04
Loss = 3.4023e-02, PNorm = 398.0190, GNorm = 0.2629, lr_0 = 1.8271e-04
Loss = 3.5500e-02, PNorm = 398.0237, GNorm = 0.3684, lr_0 = 1.8266e-04
Loss = 3.3815e-02, PNorm = 398.0295, GNorm = 0.6148, lr_0 = 1.8261e-04
Loss = 4.0466e-02, PNorm = 398.0347, GNorm = 0.2261, lr_0 = 1.8256e-04
Loss = 2.9327e-02, PNorm = 398.0406, GNorm = 0.2829, lr_0 = 1.8251e-04
Loss = 3.0292e-02, PNorm = 398.0464, GNorm = 0.3811, lr_0 = 1.8247e-04
Loss = 3.1492e-02, PNorm = 398.0510, GNorm = 0.2989, lr_0 = 1.8242e-04
Loss = 3.3948e-02, PNorm = 398.0563, GNorm = 0.4068, lr_0 = 1.8237e-04
Loss = 4.1184e-02, PNorm = 398.0623, GNorm = 0.2198, lr_0 = 1.8232e-04
Loss = 4.3471e-02, PNorm = 398.0674, GNorm = 0.2480, lr_0 = 1.8227e-04
Loss = 3.2275e-02, PNorm = 398.0713, GNorm = 0.2825, lr_0 = 1.8223e-04
Loss = 3.0150e-02, PNorm = 398.0760, GNorm = 0.2057, lr_0 = 1.8218e-04
Loss = 4.3604e-02, PNorm = 398.0798, GNorm = 0.6167, lr_0 = 1.8213e-04
Loss = 3.7561e-02, PNorm = 398.0839, GNorm = 0.3919, lr_0 = 1.8208e-04
Loss = 2.9287e-02, PNorm = 398.0880, GNorm = 0.2549, lr_0 = 1.8203e-04
Loss = 2.6604e-02, PNorm = 398.0932, GNorm = 0.2925, lr_0 = 1.8199e-04
Loss = 4.1286e-02, PNorm = 398.0980, GNorm = 0.3216, lr_0 = 1.8194e-04
Loss = 4.6667e-02, PNorm = 398.1021, GNorm = 0.3177, lr_0 = 1.8189e-04
Loss = 3.4609e-02, PNorm = 398.1071, GNorm = 0.3231, lr_0 = 1.8184e-04
Loss = 4.2703e-02, PNorm = 398.1130, GNorm = 0.4158, lr_0 = 1.8179e-04
Loss = 4.0121e-02, PNorm = 398.1172, GNorm = 0.1893, lr_0 = 1.8175e-04
Loss = 3.3059e-02, PNorm = 398.1217, GNorm = 0.2936, lr_0 = 1.8170e-04
Loss = 3.9268e-02, PNorm = 398.1259, GNorm = 0.4064, lr_0 = 1.8165e-04
Loss = 2.9022e-02, PNorm = 398.1309, GNorm = 0.3820, lr_0 = 1.8160e-04
Loss = 3.0862e-02, PNorm = 398.1356, GNorm = 0.2430, lr_0 = 1.8156e-04
Loss = 3.5451e-02, PNorm = 398.1417, GNorm = 0.4252, lr_0 = 1.8151e-04
Loss = 4.0512e-02, PNorm = 398.1469, GNorm = 0.2547, lr_0 = 1.8146e-04
Loss = 2.9385e-02, PNorm = 398.1517, GNorm = 0.2583, lr_0 = 1.8141e-04
Loss = 3.7626e-02, PNorm = 398.1570, GNorm = 0.3134, lr_0 = 1.8136e-04
Loss = 3.7016e-02, PNorm = 398.1623, GNorm = 0.3051, lr_0 = 1.8132e-04
Loss = 3.1847e-02, PNorm = 398.1674, GNorm = 0.1948, lr_0 = 1.8127e-04
Loss = 3.6270e-02, PNorm = 398.1724, GNorm = 0.3633, lr_0 = 1.8122e-04
Loss = 4.1158e-02, PNorm = 398.1782, GNorm = 0.4464, lr_0 = 1.8117e-04
Loss = 3.3509e-02, PNorm = 398.1840, GNorm = 0.2541, lr_0 = 1.8113e-04
Loss = 4.4554e-02, PNorm = 398.1889, GNorm = 0.3572, lr_0 = 1.8108e-04
Loss = 2.8934e-02, PNorm = 398.1942, GNorm = 0.2052, lr_0 = 1.8103e-04
Loss = 3.1015e-02, PNorm = 398.1988, GNorm = 0.5399, lr_0 = 1.8098e-04
Loss = 3.2729e-02, PNorm = 398.2027, GNorm = 0.2395, lr_0 = 1.8094e-04
Loss = 2.9937e-02, PNorm = 398.2044, GNorm = 0.3440, lr_0 = 1.8089e-04
Loss = 3.4886e-02, PNorm = 398.2080, GNorm = 0.2108, lr_0 = 1.8084e-04
Loss = 3.3334e-02, PNorm = 398.2117, GNorm = 0.2338, lr_0 = 1.8079e-04
Loss = 2.9312e-02, PNorm = 398.2151, GNorm = 0.2096, lr_0 = 1.8075e-04
Loss = 4.2369e-02, PNorm = 398.2187, GNorm = 0.2232, lr_0 = 1.8070e-04
Loss = 2.6273e-02, PNorm = 398.2230, GNorm = 0.3118, lr_0 = 1.8065e-04
Loss = 3.3312e-02, PNorm = 398.2277, GNorm = 0.2407, lr_0 = 1.8060e-04
Loss = 3.9160e-02, PNorm = 398.2318, GNorm = 0.5503, lr_0 = 1.8056e-04
Loss = 3.0489e-02, PNorm = 398.2352, GNorm = 0.1978, lr_0 = 1.8051e-04
Loss = 2.8093e-02, PNorm = 398.2394, GNorm = 0.2024, lr_0 = 1.8046e-04
Loss = 3.4169e-02, PNorm = 398.2425, GNorm = 0.2617, lr_0 = 1.8041e-04
Loss = 3.3110e-02, PNorm = 398.2463, GNorm = 0.3055, lr_0 = 1.8037e-04
Loss = 3.6103e-02, PNorm = 398.2524, GNorm = 0.3052, lr_0 = 1.8032e-04
Loss = 3.4679e-02, PNorm = 398.2572, GNorm = 0.2240, lr_0 = 1.8027e-04
Loss = 4.9286e-02, PNorm = 398.2624, GNorm = 0.4061, lr_0 = 1.8022e-04
Loss = 3.0708e-02, PNorm = 398.2670, GNorm = 0.2799, lr_0 = 1.8018e-04
Loss = 3.1257e-02, PNorm = 398.2716, GNorm = 0.3544, lr_0 = 1.8013e-04
Loss = 3.3712e-02, PNorm = 398.2765, GNorm = 0.2589, lr_0 = 1.8008e-04
Loss = 3.3309e-02, PNorm = 398.2823, GNorm = 0.4044, lr_0 = 1.8003e-04
Loss = 4.0269e-02, PNorm = 398.2882, GNorm = 0.5417, lr_0 = 1.7999e-04
Loss = 3.8190e-02, PNorm = 398.2937, GNorm = 0.2161, lr_0 = 1.7994e-04
Loss = 3.0006e-02, PNorm = 398.3001, GNorm = 0.1910, lr_0 = 1.7989e-04
Loss = 3.3426e-02, PNorm = 398.3049, GNorm = 0.3098, lr_0 = 1.7984e-04
Loss = 4.6672e-02, PNorm = 398.3104, GNorm = 0.5642, lr_0 = 1.7980e-04
Loss = 3.0487e-02, PNorm = 398.3149, GNorm = 0.3023, lr_0 = 1.7975e-04
Loss = 3.3332e-02, PNorm = 398.3194, GNorm = 0.2286, lr_0 = 1.7970e-04
Loss = 4.1927e-02, PNorm = 398.3241, GNorm = 0.2625, lr_0 = 1.7965e-04
Loss = 3.3306e-02, PNorm = 398.3274, GNorm = 0.4142, lr_0 = 1.7961e-04
Validation rmse = 3.415372
Epoch 75
Loss = 2.9080e-02, PNorm = 398.3317, GNorm = 0.1904, lr_0 = 1.7956e-04
Loss = 3.8789e-02, PNorm = 398.3371, GNorm = 0.4050, lr_0 = 1.7951e-04
Loss = 2.9608e-02, PNorm = 398.3424, GNorm = 0.2670, lr_0 = 1.7947e-04
Loss = 4.1783e-02, PNorm = 398.3480, GNorm = 0.2302, lr_0 = 1.7942e-04
Loss = 3.1514e-02, PNorm = 398.3535, GNorm = 0.2963, lr_0 = 1.7937e-04
Loss = 2.7812e-02, PNorm = 398.3587, GNorm = 0.2438, lr_0 = 1.7932e-04
Loss = 3.3820e-02, PNorm = 398.3646, GNorm = 0.2996, lr_0 = 1.7928e-04
Loss = 2.9004e-02, PNorm = 398.3698, GNorm = 0.2857, lr_0 = 1.7923e-04
Loss = 3.6502e-02, PNorm = 398.3751, GNorm = 0.2660, lr_0 = 1.7918e-04
Loss = 3.1472e-02, PNorm = 398.3785, GNorm = 0.2614, lr_0 = 1.7914e-04
Loss = 2.6876e-02, PNorm = 398.3821, GNorm = 0.3278, lr_0 = 1.7909e-04
Loss = 3.4286e-02, PNorm = 398.3867, GNorm = 0.2532, lr_0 = 1.7904e-04
Loss = 2.9654e-02, PNorm = 398.3903, GNorm = 0.2706, lr_0 = 1.7899e-04
Loss = 2.7394e-02, PNorm = 398.3940, GNorm = 0.2748, lr_0 = 1.7895e-04
Loss = 2.8170e-02, PNorm = 398.3968, GNorm = 0.3433, lr_0 = 1.7890e-04
Loss = 3.2962e-02, PNorm = 398.4007, GNorm = 0.2472, lr_0 = 1.7885e-04
Loss = 3.6235e-02, PNorm = 398.4054, GNorm = 0.2213, lr_0 = 1.7881e-04
Loss = 3.1195e-02, PNorm = 398.4098, GNorm = 0.3095, lr_0 = 1.7876e-04
Loss = 2.8427e-02, PNorm = 398.4143, GNorm = 0.2167, lr_0 = 1.7871e-04
Loss = 3.1317e-02, PNorm = 398.4187, GNorm = 0.3085, lr_0 = 1.7867e-04
Loss = 2.9759e-02, PNorm = 398.4240, GNorm = 0.2610, lr_0 = 1.7862e-04
Loss = 3.7347e-02, PNorm = 398.4286, GNorm = 0.3494, lr_0 = 1.7857e-04
Loss = 3.4282e-02, PNorm = 398.4331, GNorm = 0.2915, lr_0 = 1.7852e-04
Loss = 3.4747e-02, PNorm = 398.4382, GNorm = 0.3246, lr_0 = 1.7848e-04
Loss = 3.1593e-02, PNorm = 398.4425, GNorm = 0.3243, lr_0 = 1.7843e-04
Loss = 3.4148e-02, PNorm = 398.4468, GNorm = 0.3132, lr_0 = 1.7838e-04
Loss = 2.6491e-02, PNorm = 398.4497, GNorm = 0.1923, lr_0 = 1.7834e-04
Loss = 3.4309e-02, PNorm = 398.4533, GNorm = 0.3432, lr_0 = 1.7829e-04
Loss = 2.6862e-02, PNorm = 398.4573, GNorm = 0.2349, lr_0 = 1.7824e-04
Loss = 5.4224e-02, PNorm = 398.4625, GNorm = 0.2578, lr_0 = 1.7820e-04
Loss = 2.5471e-02, PNorm = 398.4673, GNorm = 0.1819, lr_0 = 1.7815e-04
Loss = 2.6424e-02, PNorm = 398.4720, GNorm = 0.1845, lr_0 = 1.7810e-04
Loss = 2.9813e-02, PNorm = 398.4751, GNorm = 0.2573, lr_0 = 1.7806e-04
Loss = 2.9750e-02, PNorm = 398.4789, GNorm = 0.2493, lr_0 = 1.7801e-04
Loss = 3.4531e-02, PNorm = 398.4843, GNorm = 0.2769, lr_0 = 1.7796e-04
Loss = 3.0365e-02, PNorm = 398.4895, GNorm = 0.2282, lr_0 = 1.7791e-04
Loss = 2.9743e-02, PNorm = 398.4947, GNorm = 0.2790, lr_0 = 1.7787e-04
Loss = 3.3757e-02, PNorm = 398.4994, GNorm = 0.3306, lr_0 = 1.7782e-04
Loss = 3.4067e-02, PNorm = 398.5041, GNorm = 0.2471, lr_0 = 1.7777e-04
Loss = 3.1707e-02, PNorm = 398.5082, GNorm = 0.2606, lr_0 = 1.7773e-04
Loss = 3.4598e-02, PNorm = 398.5122, GNorm = 0.2070, lr_0 = 1.7768e-04
Loss = 3.2997e-02, PNorm = 398.5158, GNorm = 0.2704, lr_0 = 1.7763e-04
Loss = 2.8279e-02, PNorm = 398.5196, GNorm = 0.2782, lr_0 = 1.7759e-04
Loss = 3.0271e-02, PNorm = 398.5235, GNorm = 0.2376, lr_0 = 1.7754e-04
Loss = 4.3161e-02, PNorm = 398.5286, GNorm = 0.3244, lr_0 = 1.7749e-04
Loss = 3.2274e-02, PNorm = 398.5332, GNorm = 0.2538, lr_0 = 1.7745e-04
Loss = 3.3339e-02, PNorm = 398.5363, GNorm = 0.2501, lr_0 = 1.7740e-04
Loss = 3.1255e-02, PNorm = 398.5408, GNorm = 0.2407, lr_0 = 1.7735e-04
Loss = 3.3163e-02, PNorm = 398.5458, GNorm = 0.2438, lr_0 = 1.7731e-04
Loss = 3.8337e-02, PNorm = 398.5497, GNorm = 0.2850, lr_0 = 1.7726e-04
Loss = 2.9945e-02, PNorm = 398.5536, GNorm = 0.2495, lr_0 = 1.7721e-04
Loss = 3.4149e-02, PNorm = 398.5580, GNorm = 0.1959, lr_0 = 1.7717e-04
Loss = 3.4192e-02, PNorm = 398.5627, GNorm = 0.3915, lr_0 = 1.7712e-04
Loss = 3.3288e-02, PNorm = 398.5670, GNorm = 0.3880, lr_0 = 1.7707e-04
Loss = 3.2086e-02, PNorm = 398.5711, GNorm = 0.2509, lr_0 = 1.7703e-04
Loss = 3.3777e-02, PNorm = 398.5765, GNorm = 0.4713, lr_0 = 1.7698e-04
Loss = 3.0891e-02, PNorm = 398.5813, GNorm = 0.3433, lr_0 = 1.7693e-04
Loss = 3.9365e-02, PNorm = 398.5856, GNorm = 0.3504, lr_0 = 1.7689e-04
Loss = 3.5305e-02, PNorm = 398.5900, GNorm = 0.4692, lr_0 = 1.7684e-04
Loss = 3.6702e-02, PNorm = 398.5945, GNorm = 0.3344, lr_0 = 1.7679e-04
Loss = 3.8469e-02, PNorm = 398.6006, GNorm = 0.2214, lr_0 = 1.7675e-04
Loss = 3.6977e-02, PNorm = 398.6052, GNorm = 0.2639, lr_0 = 1.7670e-04
Loss = 3.4761e-02, PNorm = 398.6104, GNorm = 0.1940, lr_0 = 1.7666e-04
Loss = 3.4749e-02, PNorm = 398.6163, GNorm = 0.2866, lr_0 = 1.7661e-04
Loss = 4.4508e-02, PNorm = 398.6227, GNorm = 0.4557, lr_0 = 1.7656e-04
Loss = 3.6171e-02, PNorm = 398.6281, GNorm = 0.3450, lr_0 = 1.7652e-04
Loss = 3.4374e-02, PNorm = 398.6338, GNorm = 0.3802, lr_0 = 1.7647e-04
Loss = 3.6325e-02, PNorm = 398.6373, GNorm = 0.3001, lr_0 = 1.7642e-04
Loss = 3.0742e-02, PNorm = 398.6423, GNorm = 0.2722, lr_0 = 1.7638e-04
Loss = 4.8703e-02, PNorm = 398.6455, GNorm = 0.5083, lr_0 = 1.7633e-04
Loss = 3.4742e-02, PNorm = 398.6496, GNorm = 0.3340, lr_0 = 1.7628e-04
Loss = 3.2907e-02, PNorm = 398.6539, GNorm = 0.2537, lr_0 = 1.7624e-04
Loss = 3.3354e-02, PNorm = 398.6575, GNorm = 0.2901, lr_0 = 1.7619e-04
Loss = 3.6774e-02, PNorm = 398.6626, GNorm = 0.2078, lr_0 = 1.7614e-04
Loss = 3.1984e-02, PNorm = 398.6685, GNorm = 0.4307, lr_0 = 1.7610e-04
Loss = 4.1494e-02, PNorm = 398.6745, GNorm = 0.1815, lr_0 = 1.7605e-04
Loss = 3.0129e-02, PNorm = 398.6811, GNorm = 0.2437, lr_0 = 1.7601e-04
Loss = 3.5150e-02, PNorm = 398.6861, GNorm = 0.4590, lr_0 = 1.7596e-04
Loss = 2.8256e-02, PNorm = 398.6904, GNorm = 0.2370, lr_0 = 1.7591e-04
Loss = 4.0209e-02, PNorm = 398.6932, GNorm = 0.2481, lr_0 = 1.7587e-04
Loss = 3.0169e-02, PNorm = 398.6971, GNorm = 0.2000, lr_0 = 1.7582e-04
Loss = 3.0890e-02, PNorm = 398.7005, GNorm = 0.2212, lr_0 = 1.7577e-04
Loss = 3.0492e-02, PNorm = 398.7050, GNorm = 0.2125, lr_0 = 1.7573e-04
Loss = 3.1548e-02, PNorm = 398.7088, GNorm = 0.1793, lr_0 = 1.7568e-04
Loss = 3.3433e-02, PNorm = 398.7137, GNorm = 0.2688, lr_0 = 1.7564e-04
Loss = 3.6391e-02, PNorm = 398.7179, GNorm = 0.5134, lr_0 = 1.7559e-04
Loss = 3.1376e-02, PNorm = 398.7218, GNorm = 0.2433, lr_0 = 1.7554e-04
Loss = 2.9831e-02, PNorm = 398.7265, GNorm = 0.2096, lr_0 = 1.7550e-04
Loss = 3.1570e-02, PNorm = 398.7309, GNorm = 0.2276, lr_0 = 1.7545e-04
Loss = 3.6353e-02, PNorm = 398.7352, GNorm = 0.5733, lr_0 = 1.7540e-04
Validation rmse = 3.403647
Epoch 76
Loss = 3.0808e-02, PNorm = 398.7394, GNorm = 0.2486, lr_0 = 1.7535e-04
Loss = 3.2043e-02, PNorm = 398.7443, GNorm = 0.4265, lr_0 = 1.7531e-04
Loss = 2.5916e-02, PNorm = 398.7492, GNorm = 0.4620, lr_0 = 1.7526e-04
Loss = 3.0750e-02, PNorm = 398.7558, GNorm = 0.3177, lr_0 = 1.7522e-04
Loss = 3.1420e-02, PNorm = 398.7609, GNorm = 0.2562, lr_0 = 1.7517e-04
Loss = 2.8375e-02, PNorm = 398.7658, GNorm = 0.2538, lr_0 = 1.7512e-04
Loss = 2.9972e-02, PNorm = 398.7697, GNorm = 0.3277, lr_0 = 1.7508e-04
Loss = 3.9344e-02, PNorm = 398.7734, GNorm = 0.4259, lr_0 = 1.7503e-04
Loss = 3.6926e-02, PNorm = 398.7778, GNorm = 0.3145, lr_0 = 1.7499e-04
Loss = 3.2356e-02, PNorm = 398.7825, GNorm = 0.2553, lr_0 = 1.7494e-04
Loss = 4.3503e-02, PNorm = 398.7867, GNorm = 0.2656, lr_0 = 1.7489e-04
Loss = 3.6090e-02, PNorm = 398.7922, GNorm = 0.2987, lr_0 = 1.7485e-04
Loss = 3.0157e-02, PNorm = 398.7990, GNorm = 0.2872, lr_0 = 1.7480e-04
Loss = 3.2365e-02, PNorm = 398.8045, GNorm = 0.2995, lr_0 = 1.7476e-04
Loss = 2.8858e-02, PNorm = 398.8093, GNorm = 0.1984, lr_0 = 1.7471e-04
Loss = 2.9767e-02, PNorm = 398.8135, GNorm = 0.2113, lr_0 = 1.7466e-04
Loss = 2.8696e-02, PNorm = 398.8178, GNorm = 0.3634, lr_0 = 1.7462e-04
Loss = 2.9315e-02, PNorm = 398.8222, GNorm = 0.3122, lr_0 = 1.7457e-04
Loss = 3.0199e-02, PNorm = 398.8271, GNorm = 0.1490, lr_0 = 1.7453e-04
Loss = 3.4527e-02, PNorm = 398.8308, GNorm = 0.2079, lr_0 = 1.7448e-04
Loss = 3.5530e-02, PNorm = 398.8350, GNorm = 0.3494, lr_0 = 1.7443e-04
Loss = 3.4713e-02, PNorm = 398.8398, GNorm = 0.2590, lr_0 = 1.7439e-04
Loss = 3.9967e-02, PNorm = 398.8443, GNorm = 0.2190, lr_0 = 1.7434e-04
Loss = 2.7949e-02, PNorm = 398.8491, GNorm = 0.2066, lr_0 = 1.7430e-04
Loss = 3.2280e-02, PNorm = 398.8537, GNorm = 0.2913, lr_0 = 1.7425e-04
Loss = 4.2787e-02, PNorm = 398.8588, GNorm = 0.2558, lr_0 = 1.7420e-04
Loss = 4.4146e-02, PNorm = 398.8639, GNorm = 0.2525, lr_0 = 1.7416e-04
Loss = 3.9905e-02, PNorm = 398.8693, GNorm = 0.3492, lr_0 = 1.7411e-04
Loss = 3.3922e-02, PNorm = 398.8734, GNorm = 0.4970, lr_0 = 1.7407e-04
Loss = 3.9051e-02, PNorm = 398.8773, GNorm = 0.3220, lr_0 = 1.7402e-04
Loss = 2.8656e-02, PNorm = 398.8812, GNorm = 0.2677, lr_0 = 1.7398e-04
Loss = 3.0275e-02, PNorm = 398.8852, GNorm = 0.2712, lr_0 = 1.7393e-04
Loss = 3.5914e-02, PNorm = 398.8885, GNorm = 0.2379, lr_0 = 1.7388e-04
Loss = 3.6132e-02, PNorm = 398.8940, GNorm = 0.2743, lr_0 = 1.7384e-04
Loss = 2.9485e-02, PNorm = 398.8986, GNorm = 0.2896, lr_0 = 1.7379e-04
Loss = 2.9147e-02, PNorm = 398.9034, GNorm = 0.2357, lr_0 = 1.7375e-04
Loss = 3.2754e-02, PNorm = 398.9088, GNorm = 0.3193, lr_0 = 1.7370e-04
Loss = 3.0176e-02, PNorm = 398.9140, GNorm = 0.2884, lr_0 = 1.7366e-04
Loss = 3.5984e-02, PNorm = 398.9178, GNorm = 0.3000, lr_0 = 1.7361e-04
Loss = 2.9501e-02, PNorm = 398.9208, GNorm = 0.5089, lr_0 = 1.7356e-04
Loss = 3.5641e-02, PNorm = 398.9243, GNorm = 0.2791, lr_0 = 1.7352e-04
Loss = 3.2608e-02, PNorm = 398.9291, GNorm = 0.2640, lr_0 = 1.7347e-04
Loss = 3.3208e-02, PNorm = 398.9341, GNorm = 0.2145, lr_0 = 1.7343e-04
Loss = 2.7032e-02, PNorm = 398.9382, GNorm = 0.2588, lr_0 = 1.7338e-04
Loss = 2.8732e-02, PNorm = 398.9420, GNorm = 0.2680, lr_0 = 1.7334e-04
Loss = 3.6915e-02, PNorm = 398.9467, GNorm = 0.2994, lr_0 = 1.7329e-04
Loss = 3.0549e-02, PNorm = 398.9506, GNorm = 0.3312, lr_0 = 1.7324e-04
Loss = 3.4312e-02, PNorm = 398.9556, GNorm = 0.2314, lr_0 = 1.7320e-04
Loss = 2.9320e-02, PNorm = 398.9602, GNorm = 0.2852, lr_0 = 1.7315e-04
Loss = 2.9486e-02, PNorm = 398.9643, GNorm = 0.3504, lr_0 = 1.7311e-04
Loss = 3.3731e-02, PNorm = 398.9688, GNorm = 0.3003, lr_0 = 1.7306e-04
Loss = 3.1772e-02, PNorm = 398.9736, GNorm = 0.3076, lr_0 = 1.7302e-04
Loss = 3.0091e-02, PNorm = 398.9786, GNorm = 0.2878, lr_0 = 1.7297e-04
Loss = 3.1649e-02, PNorm = 398.9831, GNorm = 0.2771, lr_0 = 1.7293e-04
Loss = 3.6587e-02, PNorm = 398.9879, GNorm = 0.3094, lr_0 = 1.7288e-04
Loss = 3.5743e-02, PNorm = 398.9932, GNorm = 0.2865, lr_0 = 1.7283e-04
Loss = 3.2557e-02, PNorm = 398.9977, GNorm = 0.3053, lr_0 = 1.7279e-04
Loss = 3.6542e-02, PNorm = 399.0020, GNorm = 0.3232, lr_0 = 1.7274e-04
Loss = 5.5798e-02, PNorm = 399.0068, GNorm = 0.2728, lr_0 = 1.7270e-04
Loss = 2.9825e-02, PNorm = 399.0121, GNorm = 0.4411, lr_0 = 1.7265e-04
Loss = 3.4856e-02, PNorm = 399.0171, GNorm = 0.2706, lr_0 = 1.7261e-04
Loss = 3.2317e-02, PNorm = 399.0218, GNorm = 0.2102, lr_0 = 1.7256e-04
Loss = 2.8393e-02, PNorm = 399.0259, GNorm = 0.5084, lr_0 = 1.7252e-04
Loss = 3.5222e-02, PNorm = 399.0280, GNorm = 0.2494, lr_0 = 1.7247e-04
Loss = 3.6496e-02, PNorm = 399.0316, GNorm = 0.2322, lr_0 = 1.7243e-04
Loss = 3.0855e-02, PNorm = 399.0352, GNorm = 0.2978, lr_0 = 1.7238e-04
Loss = 2.9259e-02, PNorm = 399.0385, GNorm = 0.2331, lr_0 = 1.7234e-04
Loss = 4.2201e-02, PNorm = 399.0440, GNorm = 0.5510, lr_0 = 1.7229e-04
Loss = 2.9500e-02, PNorm = 399.0493, GNorm = 0.2527, lr_0 = 1.7224e-04
Loss = 3.0648e-02, PNorm = 399.0545, GNorm = 0.3176, lr_0 = 1.7220e-04
Loss = 3.2084e-02, PNorm = 399.0593, GNorm = 0.2434, lr_0 = 1.7215e-04
Loss = 2.9239e-02, PNorm = 399.0640, GNorm = 0.1704, lr_0 = 1.7211e-04
Loss = 3.5754e-02, PNorm = 399.0684, GNorm = 0.2780, lr_0 = 1.7206e-04
Loss = 2.8396e-02, PNorm = 399.0717, GNorm = 0.2563, lr_0 = 1.7202e-04
Loss = 3.2161e-02, PNorm = 399.0751, GNorm = 0.2186, lr_0 = 1.7197e-04
Loss = 3.2270e-02, PNorm = 399.0789, GNorm = 0.2489, lr_0 = 1.7193e-04
Loss = 3.2006e-02, PNorm = 399.0831, GNorm = 0.4533, lr_0 = 1.7188e-04
Loss = 2.7303e-02, PNorm = 399.0870, GNorm = 0.2114, lr_0 = 1.7184e-04
Loss = 3.1052e-02, PNorm = 399.0927, GNorm = 0.2836, lr_0 = 1.7179e-04
Loss = 4.1291e-02, PNorm = 399.0974, GNorm = 1.1137, lr_0 = 1.7175e-04
Loss = 4.0425e-02, PNorm = 399.1003, GNorm = 0.3453, lr_0 = 1.7170e-04
Loss = 3.9510e-02, PNorm = 399.1045, GNorm = 0.2684, lr_0 = 1.7166e-04
Loss = 3.4804e-02, PNorm = 399.1090, GNorm = 0.5376, lr_0 = 1.7161e-04
Loss = 3.7615e-02, PNorm = 399.1129, GNorm = 0.2810, lr_0 = 1.7157e-04
Loss = 3.2878e-02, PNorm = 399.1166, GNorm = 0.2653, lr_0 = 1.7152e-04
Loss = 3.5480e-02, PNorm = 399.1219, GNorm = 0.3098, lr_0 = 1.7148e-04
Loss = 4.1005e-02, PNorm = 399.1275, GNorm = 0.3608, lr_0 = 1.7143e-04
Loss = 4.1211e-02, PNorm = 399.1315, GNorm = 0.5085, lr_0 = 1.7139e-04
Loss = 3.3183e-02, PNorm = 399.1354, GNorm = 0.2908, lr_0 = 1.7134e-04
Validation rmse = 3.406886
Epoch 77
Loss = 3.0120e-02, PNorm = 399.1395, GNorm = 0.2926, lr_0 = 1.7130e-04
Loss = 2.6811e-02, PNorm = 399.1430, GNorm = 0.2607, lr_0 = 1.7125e-04
Loss = 2.8422e-02, PNorm = 399.1460, GNorm = 0.2362, lr_0 = 1.7121e-04
Loss = 3.4258e-02, PNorm = 399.1500, GNorm = 0.3516, lr_0 = 1.7116e-04
Loss = 2.7053e-02, PNorm = 399.1536, GNorm = 0.2236, lr_0 = 1.7112e-04
Loss = 3.0792e-02, PNorm = 399.1585, GNorm = 0.3510, lr_0 = 1.7107e-04
Loss = 3.7494e-02, PNorm = 399.1624, GNorm = 0.2913, lr_0 = 1.7103e-04
Loss = 2.9601e-02, PNorm = 399.1669, GNorm = 0.3956, lr_0 = 1.7098e-04
Loss = 2.9895e-02, PNorm = 399.1709, GNorm = 0.2788, lr_0 = 1.7094e-04
Loss = 3.2337e-02, PNorm = 399.1743, GNorm = 1.0282, lr_0 = 1.7089e-04
Loss = 2.7207e-02, PNorm = 399.1783, GNorm = 0.5295, lr_0 = 1.7085e-04
Loss = 2.9872e-02, PNorm = 399.1810, GNorm = 0.2448, lr_0 = 1.7080e-04
Loss = 3.6324e-02, PNorm = 399.1859, GNorm = 0.3281, lr_0 = 1.7076e-04
Loss = 2.8334e-02, PNorm = 399.1894, GNorm = 0.3372, lr_0 = 1.7071e-04
Loss = 3.6896e-02, PNorm = 399.1919, GNorm = 0.3218, lr_0 = 1.7067e-04
Loss = 2.8533e-02, PNorm = 399.1956, GNorm = 0.2125, lr_0 = 1.7062e-04
Loss = 3.3826e-02, PNorm = 399.2001, GNorm = 0.3696, lr_0 = 1.7058e-04
Loss = 2.7216e-02, PNorm = 399.2053, GNorm = 0.2556, lr_0 = 1.7053e-04
Loss = 3.3720e-02, PNorm = 399.2100, GNorm = 0.2040, lr_0 = 1.7049e-04
Loss = 2.3962e-02, PNorm = 399.2149, GNorm = 0.2661, lr_0 = 1.7044e-04
Loss = 3.1136e-02, PNorm = 399.2187, GNorm = 0.3308, lr_0 = 1.7040e-04
Loss = 4.1417e-02, PNorm = 399.2226, GNorm = 0.2371, lr_0 = 1.7035e-04
Loss = 4.0590e-02, PNorm = 399.2269, GNorm = 0.2384, lr_0 = 1.7031e-04
Loss = 3.5111e-02, PNorm = 399.2326, GNorm = 0.2286, lr_0 = 1.7026e-04
Loss = 2.9121e-02, PNorm = 399.2374, GNorm = 0.2403, lr_0 = 1.7022e-04
Loss = 3.4435e-02, PNorm = 399.2407, GNorm = 0.2515, lr_0 = 1.7017e-04
Loss = 3.0720e-02, PNorm = 399.2445, GNorm = 0.3708, lr_0 = 1.7013e-04
Loss = 3.1524e-02, PNorm = 399.2485, GNorm = 0.2574, lr_0 = 1.7008e-04
Loss = 3.1126e-02, PNorm = 399.2527, GNorm = 0.3859, lr_0 = 1.7004e-04
Loss = 3.0556e-02, PNorm = 399.2560, GNorm = 0.2762, lr_0 = 1.6999e-04
Loss = 3.1264e-02, PNorm = 399.2601, GNorm = 0.3465, lr_0 = 1.6995e-04
Loss = 3.2803e-02, PNorm = 399.2639, GNorm = 0.2473, lr_0 = 1.6990e-04
Loss = 2.8735e-02, PNorm = 399.2685, GNorm = 0.2893, lr_0 = 1.6986e-04
Loss = 3.1500e-02, PNorm = 399.2734, GNorm = 0.2963, lr_0 = 1.6981e-04
Loss = 2.8517e-02, PNorm = 399.2771, GNorm = 0.4310, lr_0 = 1.6977e-04
Loss = 3.0384e-02, PNorm = 399.2828, GNorm = 0.2107, lr_0 = 1.6973e-04
Loss = 3.0950e-02, PNorm = 399.2879, GNorm = 0.2310, lr_0 = 1.6968e-04
Loss = 3.4885e-02, PNorm = 399.2917, GNorm = 0.3062, lr_0 = 1.6964e-04
Loss = 3.7101e-02, PNorm = 399.2965, GNorm = 0.3790, lr_0 = 1.6959e-04
Loss = 2.8759e-02, PNorm = 399.3003, GNorm = 0.2422, lr_0 = 1.6955e-04
Loss = 3.3764e-02, PNorm = 399.3042, GNorm = 0.3064, lr_0 = 1.6950e-04
Loss = 3.2013e-02, PNorm = 399.3099, GNorm = 0.2204, lr_0 = 1.6946e-04
Loss = 2.9941e-02, PNorm = 399.3138, GNorm = 0.2928, lr_0 = 1.6941e-04
Loss = 3.4033e-02, PNorm = 399.3187, GNorm = 0.3913, lr_0 = 1.6937e-04
Loss = 3.3650e-02, PNorm = 399.3245, GNorm = 0.3258, lr_0 = 1.6932e-04
Loss = 3.2257e-02, PNorm = 399.3303, GNorm = 0.1907, lr_0 = 1.6928e-04
Loss = 3.0574e-02, PNorm = 399.3349, GNorm = 0.2764, lr_0 = 1.6923e-04
Loss = 3.1816e-02, PNorm = 399.3393, GNorm = 0.2390, lr_0 = 1.6919e-04
Loss = 3.9592e-02, PNorm = 399.3445, GNorm = 0.2117, lr_0 = 1.6915e-04
Loss = 3.9830e-02, PNorm = 399.3501, GNorm = 0.3780, lr_0 = 1.6910e-04
Loss = 2.5438e-02, PNorm = 399.3546, GNorm = 0.2037, lr_0 = 1.6906e-04
Loss = 3.1364e-02, PNorm = 399.3593, GNorm = 0.2286, lr_0 = 1.6901e-04
Loss = 2.6908e-02, PNorm = 399.3630, GNorm = 0.2370, lr_0 = 1.6897e-04
Loss = 3.4454e-02, PNorm = 399.3660, GNorm = 0.3379, lr_0 = 1.6892e-04
Loss = 3.2628e-02, PNorm = 399.3709, GNorm = 0.2479, lr_0 = 1.6888e-04
Loss = 3.1985e-02, PNorm = 399.3741, GNorm = 0.2135, lr_0 = 1.6883e-04
Loss = 3.1559e-02, PNorm = 399.3782, GNorm = 0.2158, lr_0 = 1.6879e-04
Loss = 3.9756e-02, PNorm = 399.3826, GNorm = 0.3800, lr_0 = 1.6875e-04
Loss = 3.6864e-02, PNorm = 399.3877, GNorm = 0.3592, lr_0 = 1.6870e-04
Loss = 3.5992e-02, PNorm = 399.3927, GNorm = 0.3967, lr_0 = 1.6866e-04
Loss = 3.3857e-02, PNorm = 399.3983, GNorm = 0.3933, lr_0 = 1.6861e-04
Loss = 3.4364e-02, PNorm = 399.4034, GNorm = 0.2180, lr_0 = 1.6857e-04
Loss = 2.6249e-02, PNorm = 399.4085, GNorm = 0.2128, lr_0 = 1.6852e-04
Loss = 5.7933e-02, PNorm = 399.4142, GNorm = 0.4022, lr_0 = 1.6848e-04
Loss = 4.6950e-02, PNorm = 399.4196, GNorm = 0.2449, lr_0 = 1.6844e-04
Loss = 3.6719e-02, PNorm = 399.4241, GNorm = 0.3251, lr_0 = 1.6839e-04
Loss = 3.4695e-02, PNorm = 399.4302, GNorm = 0.5239, lr_0 = 1.6835e-04
Loss = 3.7624e-02, PNorm = 399.4350, GNorm = 0.3918, lr_0 = 1.6830e-04
Loss = 3.9356e-02, PNorm = 399.4408, GNorm = 0.1609, lr_0 = 1.6826e-04
Loss = 3.1232e-02, PNorm = 399.4463, GNorm = 0.2969, lr_0 = 1.6821e-04
Loss = 3.3961e-02, PNorm = 399.4510, GNorm = 0.3335, lr_0 = 1.6817e-04
Loss = 3.1844e-02, PNorm = 399.4558, GNorm = 0.2268, lr_0 = 1.6813e-04
Loss = 2.9295e-02, PNorm = 399.4609, GNorm = 0.2048, lr_0 = 1.6808e-04
Loss = 3.0774e-02, PNorm = 399.4654, GNorm = 0.2448, lr_0 = 1.6804e-04
Loss = 3.5428e-02, PNorm = 399.4700, GNorm = 0.1852, lr_0 = 1.6799e-04
Loss = 3.5436e-02, PNorm = 399.4742, GNorm = 0.2489, lr_0 = 1.6795e-04
Loss = 3.2515e-02, PNorm = 399.4773, GNorm = 0.2819, lr_0 = 1.6790e-04
Loss = 3.4059e-02, PNorm = 399.4803, GNorm = 0.3351, lr_0 = 1.6786e-04
Loss = 3.1641e-02, PNorm = 399.4833, GNorm = 0.3741, lr_0 = 1.6782e-04
Loss = 2.9202e-02, PNorm = 399.4892, GNorm = 0.2673, lr_0 = 1.6777e-04
Loss = 3.2258e-02, PNorm = 399.4933, GNorm = 0.3370, lr_0 = 1.6773e-04
Loss = 3.2068e-02, PNorm = 399.4969, GNorm = 0.2395, lr_0 = 1.6768e-04
Loss = 3.2350e-02, PNorm = 399.5008, GNorm = 0.2384, lr_0 = 1.6764e-04
Loss = 3.1386e-02, PNorm = 399.5059, GNorm = 0.2739, lr_0 = 1.6760e-04
Loss = 3.0774e-02, PNorm = 399.5104, GNorm = 0.2446, lr_0 = 1.6755e-04
Loss = 3.5486e-02, PNorm = 399.5156, GNorm = 0.3068, lr_0 = 1.6751e-04
Loss = 2.9892e-02, PNorm = 399.5211, GNorm = 0.2683, lr_0 = 1.6746e-04
Loss = 4.2472e-02, PNorm = 399.5254, GNorm = 0.3505, lr_0 = 1.6742e-04
Loss = 3.4908e-02, PNorm = 399.5302, GNorm = 0.3035, lr_0 = 1.6737e-04
Validation rmse = 3.405448
Epoch 78
Loss = 2.0692e-02, PNorm = 399.5342, GNorm = 0.1942, lr_0 = 1.6733e-04
Loss = 2.9110e-02, PNorm = 399.5377, GNorm = 0.2127, lr_0 = 1.6729e-04
Loss = 3.4641e-02, PNorm = 399.5411, GNorm = 0.2987, lr_0 = 1.6724e-04
Loss = 2.8571e-02, PNorm = 399.5447, GNorm = 0.2499, lr_0 = 1.6720e-04
Loss = 2.9509e-02, PNorm = 399.5475, GNorm = 0.2063, lr_0 = 1.6715e-04
Loss = 2.7385e-02, PNorm = 399.5503, GNorm = 0.1964, lr_0 = 1.6711e-04
Loss = 3.0996e-02, PNorm = 399.5535, GNorm = 0.3539, lr_0 = 1.6707e-04
Loss = 3.6381e-02, PNorm = 399.5587, GNorm = 0.2375, lr_0 = 1.6702e-04
Loss = 2.3661e-02, PNorm = 399.5630, GNorm = 0.2167, lr_0 = 1.6698e-04
Loss = 3.4764e-02, PNorm = 399.5682, GNorm = 0.3277, lr_0 = 1.6693e-04
Loss = 2.7478e-02, PNorm = 399.5716, GNorm = 0.2237, lr_0 = 1.6689e-04
Loss = 3.3299e-02, PNorm = 399.5750, GNorm = 0.2338, lr_0 = 1.6685e-04
Loss = 3.4670e-02, PNorm = 399.5785, GNorm = 0.2045, lr_0 = 1.6680e-04
Loss = 4.1530e-02, PNorm = 399.5816, GNorm = 0.3155, lr_0 = 1.6676e-04
Loss = 2.6506e-02, PNorm = 399.5860, GNorm = 0.3043, lr_0 = 1.6672e-04
Loss = 3.4296e-02, PNorm = 399.5905, GNorm = 0.3176, lr_0 = 1.6667e-04
Loss = 3.1240e-02, PNorm = 399.5963, GNorm = 0.3008, lr_0 = 1.6663e-04
Loss = 3.3139e-02, PNorm = 399.6007, GNorm = 0.3483, lr_0 = 1.6658e-04
Loss = 2.3332e-02, PNorm = 399.6043, GNorm = 0.2422, lr_0 = 1.6654e-04
Loss = 3.2520e-02, PNorm = 399.6079, GNorm = 0.2427, lr_0 = 1.6650e-04
Loss = 3.7500e-02, PNorm = 399.6117, GNorm = 0.5268, lr_0 = 1.6645e-04
Loss = 3.1358e-02, PNorm = 399.6159, GNorm = 0.2023, lr_0 = 1.6641e-04
Loss = 4.1083e-02, PNorm = 399.6199, GNorm = 0.2809, lr_0 = 1.6636e-04
Loss = 3.9715e-02, PNorm = 399.6236, GNorm = 0.2995, lr_0 = 1.6632e-04
Loss = 3.4212e-02, PNorm = 399.6275, GNorm = 0.4486, lr_0 = 1.6628e-04
Loss = 2.5060e-02, PNorm = 399.6320, GNorm = 0.1776, lr_0 = 1.6623e-04
Loss = 3.0134e-02, PNorm = 399.6358, GNorm = 0.3116, lr_0 = 1.6619e-04
Loss = 4.3199e-02, PNorm = 399.6396, GNorm = 0.2423, lr_0 = 1.6615e-04
Loss = 4.0777e-02, PNorm = 399.6439, GNorm = 0.2599, lr_0 = 1.6610e-04
Loss = 2.5642e-02, PNorm = 399.6469, GNorm = 0.3691, lr_0 = 1.6606e-04
Loss = 2.7928e-02, PNorm = 399.6483, GNorm = 0.2946, lr_0 = 1.6602e-04
Loss = 3.3670e-02, PNorm = 399.6523, GNorm = 0.2810, lr_0 = 1.6597e-04
Loss = 2.8201e-02, PNorm = 399.6565, GNorm = 0.2823, lr_0 = 1.6593e-04
Loss = 2.8658e-02, PNorm = 399.6614, GNorm = 0.2427, lr_0 = 1.6588e-04
Loss = 3.1157e-02, PNorm = 399.6660, GNorm = 0.2319, lr_0 = 1.6584e-04
Loss = 3.5185e-02, PNorm = 399.6706, GNorm = 0.2424, lr_0 = 1.6580e-04
Loss = 3.0041e-02, PNorm = 399.6752, GNorm = 0.2445, lr_0 = 1.6575e-04
Loss = 2.7337e-02, PNorm = 399.6802, GNorm = 0.2959, lr_0 = 1.6571e-04
Loss = 3.9641e-02, PNorm = 399.6846, GNorm = 0.3215, lr_0 = 1.6567e-04
Loss = 3.2890e-02, PNorm = 399.6878, GNorm = 0.3061, lr_0 = 1.6562e-04
Loss = 2.9470e-02, PNorm = 399.6918, GNorm = 0.3447, lr_0 = 1.6558e-04
Loss = 3.0163e-02, PNorm = 399.6954, GNorm = 0.2209, lr_0 = 1.6554e-04
Loss = 3.1736e-02, PNorm = 399.6984, GNorm = 0.3713, lr_0 = 1.6549e-04
Loss = 3.5789e-02, PNorm = 399.7028, GNorm = 0.3216, lr_0 = 1.6545e-04
Loss = 3.3460e-02, PNorm = 399.7081, GNorm = 0.1958, lr_0 = 1.6540e-04
Loss = 3.2245e-02, PNorm = 399.7129, GNorm = 0.2972, lr_0 = 1.6536e-04
Loss = 2.8789e-02, PNorm = 399.7172, GNorm = 0.2907, lr_0 = 1.6532e-04
Loss = 3.1431e-02, PNorm = 399.7221, GNorm = 0.2438, lr_0 = 1.6527e-04
Loss = 2.5572e-02, PNorm = 399.7272, GNorm = 0.2893, lr_0 = 1.6523e-04
Loss = 3.3957e-02, PNorm = 399.7318, GNorm = 0.2914, lr_0 = 1.6519e-04
Loss = 2.6867e-02, PNorm = 399.7361, GNorm = 0.2827, lr_0 = 1.6514e-04
Loss = 3.1909e-02, PNorm = 399.7397, GNorm = 0.2165, lr_0 = 1.6510e-04
Loss = 2.8161e-02, PNorm = 399.7435, GNorm = 0.2196, lr_0 = 1.6506e-04
Loss = 3.6436e-02, PNorm = 399.7472, GNorm = 0.4838, lr_0 = 1.6501e-04
Loss = 3.9903e-02, PNorm = 399.7510, GNorm = 1.2445, lr_0 = 1.6497e-04
Loss = 3.4850e-02, PNorm = 399.7547, GNorm = 0.2937, lr_0 = 1.6493e-04
Loss = 3.3976e-02, PNorm = 399.7593, GNorm = 0.3033, lr_0 = 1.6488e-04
Loss = 2.6851e-02, PNorm = 399.7644, GNorm = 0.2828, lr_0 = 1.6484e-04
Loss = 4.1574e-02, PNorm = 399.7677, GNorm = 0.2061, lr_0 = 1.6480e-04
Loss = 3.1650e-02, PNorm = 399.7713, GNorm = 0.3592, lr_0 = 1.6475e-04
Loss = 4.7543e-02, PNorm = 399.7741, GNorm = 0.3202, lr_0 = 1.6471e-04
Loss = 2.4668e-02, PNorm = 399.7766, GNorm = 0.2675, lr_0 = 1.6467e-04
Loss = 3.2103e-02, PNorm = 399.7799, GNorm = 0.2483, lr_0 = 1.6462e-04
Loss = 2.9282e-02, PNorm = 399.7842, GNorm = 0.2765, lr_0 = 1.6458e-04
Loss = 2.8344e-02, PNorm = 399.7875, GNorm = 0.2502, lr_0 = 1.6454e-04
Loss = 3.7837e-02, PNorm = 399.7909, GNorm = 0.2259, lr_0 = 1.6449e-04
Loss = 4.0569e-02, PNorm = 399.7942, GNorm = 0.3677, lr_0 = 1.6445e-04
Loss = 3.5081e-02, PNorm = 399.7984, GNorm = 0.2628, lr_0 = 1.6441e-04
Loss = 2.8949e-02, PNorm = 399.8021, GNorm = 0.1881, lr_0 = 1.6436e-04
Loss = 3.1352e-02, PNorm = 399.8065, GNorm = 0.2373, lr_0 = 1.6432e-04
Loss = 3.4447e-02, PNorm = 399.8105, GNorm = 0.4272, lr_0 = 1.6428e-04
Loss = 3.1455e-02, PNorm = 399.8139, GNorm = 0.3513, lr_0 = 1.6423e-04
Loss = 3.3375e-02, PNorm = 399.8170, GNorm = 0.2929, lr_0 = 1.6419e-04
Loss = 3.8825e-02, PNorm = 399.8199, GNorm = 0.2217, lr_0 = 1.6415e-04
Loss = 3.1725e-02, PNorm = 399.8220, GNorm = 0.3093, lr_0 = 1.6410e-04
Loss = 2.9514e-02, PNorm = 399.8256, GNorm = 0.2121, lr_0 = 1.6406e-04
Loss = 3.8999e-02, PNorm = 399.8307, GNorm = 0.2554, lr_0 = 1.6402e-04
Loss = 2.9085e-02, PNorm = 399.8352, GNorm = 0.3141, lr_0 = 1.6397e-04
Loss = 3.1934e-02, PNorm = 399.8396, GNorm = 0.2935, lr_0 = 1.6393e-04
Loss = 3.6360e-02, PNorm = 399.8447, GNorm = 0.3488, lr_0 = 1.6389e-04
Loss = 3.8350e-02, PNorm = 399.8492, GNorm = 0.2425, lr_0 = 1.6385e-04
Loss = 3.6970e-02, PNorm = 399.8537, GNorm = 0.2896, lr_0 = 1.6380e-04
Loss = 2.9334e-02, PNorm = 399.8585, GNorm = 0.2382, lr_0 = 1.6376e-04
Loss = 3.3005e-02, PNorm = 399.8627, GNorm = 0.2334, lr_0 = 1.6372e-04
Loss = 4.5839e-02, PNorm = 399.8684, GNorm = 0.3806, lr_0 = 1.6367e-04
Loss = 2.6817e-02, PNorm = 399.8728, GNorm = 0.3155, lr_0 = 1.6363e-04
Loss = 2.7703e-02, PNorm = 399.8771, GNorm = 0.2291, lr_0 = 1.6359e-04
Loss = 3.3416e-02, PNorm = 399.8811, GNorm = 0.2283, lr_0 = 1.6354e-04
Loss = 3.5752e-02, PNorm = 399.8843, GNorm = 0.3278, lr_0 = 1.6350e-04
Loss = 3.2578e-02, PNorm = 399.8869, GNorm = 0.2239, lr_0 = 1.6346e-04
Validation rmse = 3.389253
Epoch 79
Loss = 2.7830e-02, PNorm = 399.8899, GNorm = 0.3601, lr_0 = 1.6341e-04
Loss = 2.9348e-02, PNorm = 399.8934, GNorm = 0.2635, lr_0 = 1.6337e-04
Loss = 4.0664e-02, PNorm = 399.8979, GNorm = 0.3730, lr_0 = 1.6333e-04
Loss = 2.8341e-02, PNorm = 399.9033, GNorm = 0.1600, lr_0 = 1.6329e-04
Loss = 3.0336e-02, PNorm = 399.9086, GNorm = 0.3291, lr_0 = 1.6324e-04
Loss = 2.8052e-02, PNorm = 399.9133, GNorm = 0.2740, lr_0 = 1.6320e-04
Loss = 2.9561e-02, PNorm = 399.9168, GNorm = 0.3913, lr_0 = 1.6316e-04
Loss = 4.1192e-02, PNorm = 399.9201, GNorm = 0.3023, lr_0 = 1.6311e-04
Loss = 3.1931e-02, PNorm = 399.9240, GNorm = 0.2298, lr_0 = 1.6307e-04
Loss = 3.3945e-02, PNorm = 399.9275, GNorm = 0.2842, lr_0 = 1.6303e-04
Loss = 2.6030e-02, PNorm = 399.9320, GNorm = 0.3232, lr_0 = 1.6299e-04
Loss = 2.8091e-02, PNorm = 399.9367, GNorm = 0.3903, lr_0 = 1.6294e-04
Loss = 2.9206e-02, PNorm = 399.9408, GNorm = 0.2155, lr_0 = 1.6290e-04
Loss = 3.3463e-02, PNorm = 399.9455, GNorm = 0.1973, lr_0 = 1.6286e-04
Loss = 2.8869e-02, PNorm = 399.9502, GNorm = 0.2881, lr_0 = 1.6281e-04
Loss = 3.2147e-02, PNorm = 399.9548, GNorm = 0.3060, lr_0 = 1.6277e-04
Loss = 2.9809e-02, PNorm = 399.9593, GNorm = 0.3278, lr_0 = 1.6273e-04
Loss = 3.5462e-02, PNorm = 399.9632, GNorm = 0.2505, lr_0 = 1.6269e-04
Loss = 3.0279e-02, PNorm = 399.9658, GNorm = 0.2973, lr_0 = 1.6264e-04
Loss = 2.5420e-02, PNorm = 399.9688, GNorm = 0.3921, lr_0 = 1.6260e-04
Loss = 2.9021e-02, PNorm = 399.9718, GNorm = 0.2656, lr_0 = 1.6256e-04
Loss = 2.9542e-02, PNorm = 399.9752, GNorm = 0.2959, lr_0 = 1.6251e-04
Loss = 3.1765e-02, PNorm = 399.9784, GNorm = 0.2233, lr_0 = 1.6247e-04
Loss = 3.4680e-02, PNorm = 399.9828, GNorm = 0.2676, lr_0 = 1.6243e-04
Loss = 3.1673e-02, PNorm = 399.9872, GNorm = 0.2363, lr_0 = 1.6239e-04
Loss = 3.0470e-02, PNorm = 399.9922, GNorm = 0.2719, lr_0 = 1.6234e-04
Loss = 3.4363e-02, PNorm = 399.9965, GNorm = 0.2156, lr_0 = 1.6230e-04
Loss = 2.5349e-02, PNorm = 400.0001, GNorm = 0.2112, lr_0 = 1.6226e-04
Loss = 3.0509e-02, PNorm = 400.0045, GNorm = 0.2624, lr_0 = 1.6222e-04
Loss = 4.2639e-02, PNorm = 400.0081, GNorm = 0.3081, lr_0 = 1.6217e-04
Loss = 3.1007e-02, PNorm = 400.0129, GNorm = 0.1979, lr_0 = 1.6213e-04
Loss = 3.7487e-02, PNorm = 400.0189, GNorm = 0.2629, lr_0 = 1.6209e-04
Loss = 3.2014e-02, PNorm = 400.0252, GNorm = 0.2502, lr_0 = 1.6204e-04
Loss = 3.3054e-02, PNorm = 400.0297, GNorm = 0.3032, lr_0 = 1.6200e-04
Loss = 3.7863e-02, PNorm = 400.0340, GNorm = 0.3488, lr_0 = 1.6196e-04
Loss = 2.8255e-02, PNorm = 400.0375, GNorm = 0.1839, lr_0 = 1.6192e-04
Loss = 3.9764e-02, PNorm = 400.0415, GNorm = 0.4216, lr_0 = 1.6187e-04
Loss = 3.1060e-02, PNorm = 400.0458, GNorm = 0.3003, lr_0 = 1.6183e-04
Loss = 4.0514e-02, PNorm = 400.0499, GNorm = 0.3355, lr_0 = 1.6179e-04
Loss = 3.1642e-02, PNorm = 400.0523, GNorm = 0.2023, lr_0 = 1.6175e-04
Loss = 3.0204e-02, PNorm = 400.0564, GNorm = 0.3192, lr_0 = 1.6170e-04
Loss = 2.8640e-02, PNorm = 400.0607, GNorm = 0.2495, lr_0 = 1.6166e-04
Loss = 2.9961e-02, PNorm = 400.0646, GNorm = 0.2408, lr_0 = 1.6162e-04
Loss = 3.0083e-02, PNorm = 400.0673, GNorm = 0.2238, lr_0 = 1.6158e-04
Loss = 4.3643e-02, PNorm = 400.0711, GNorm = 1.0095, lr_0 = 1.6153e-04
Loss = 3.4478e-02, PNorm = 400.0750, GNorm = 0.2319, lr_0 = 1.6149e-04
Loss = 4.1597e-02, PNorm = 400.0787, GNorm = 0.4576, lr_0 = 1.6145e-04
Loss = 3.5000e-02, PNorm = 400.0824, GNorm = 0.2830, lr_0 = 1.6141e-04
Loss = 3.2091e-02, PNorm = 400.0868, GNorm = 0.3261, lr_0 = 1.6136e-04
Loss = 3.1913e-02, PNorm = 400.0919, GNorm = 0.2586, lr_0 = 1.6132e-04
Loss = 4.9105e-02, PNorm = 400.0952, GNorm = 0.3152, lr_0 = 1.6128e-04
Loss = 2.9026e-02, PNorm = 400.0980, GNorm = 0.3193, lr_0 = 1.6124e-04
Loss = 3.3225e-02, PNorm = 400.1014, GNorm = 0.2633, lr_0 = 1.6119e-04
Loss = 3.3964e-02, PNorm = 400.1061, GNorm = 0.2951, lr_0 = 1.6115e-04
Loss = 2.9102e-02, PNorm = 400.1114, GNorm = 0.2379, lr_0 = 1.6111e-04
Loss = 2.9619e-02, PNorm = 400.1158, GNorm = 0.2251, lr_0 = 1.6107e-04
Loss = 3.4639e-02, PNorm = 400.1191, GNorm = 0.2393, lr_0 = 1.6102e-04
Loss = 3.2042e-02, PNorm = 400.1230, GNorm = 0.1909, lr_0 = 1.6098e-04
Loss = 3.2805e-02, PNorm = 400.1281, GNorm = 0.2391, lr_0 = 1.6094e-04
Loss = 3.3916e-02, PNorm = 400.1330, GNorm = 0.2625, lr_0 = 1.6090e-04
Loss = 3.3141e-02, PNorm = 400.1372, GNorm = 0.3641, lr_0 = 1.6086e-04
Loss = 3.4490e-02, PNorm = 400.1410, GNorm = 0.2217, lr_0 = 1.6081e-04
Loss = 2.9949e-02, PNorm = 400.1442, GNorm = 0.2640, lr_0 = 1.6077e-04
Loss = 3.1360e-02, PNorm = 400.1475, GNorm = 0.2358, lr_0 = 1.6073e-04
Loss = 3.3759e-02, PNorm = 400.1502, GNorm = 0.3292, lr_0 = 1.6069e-04
Loss = 3.7605e-02, PNorm = 400.1538, GNorm = 0.2729, lr_0 = 1.6064e-04
Loss = 2.9904e-02, PNorm = 400.1580, GNorm = 0.3859, lr_0 = 1.6060e-04
Loss = 3.6737e-02, PNorm = 400.1625, GNorm = 0.2481, lr_0 = 1.6056e-04
Loss = 4.0063e-02, PNorm = 400.1670, GNorm = 0.3420, lr_0 = 1.6052e-04
Loss = 3.6685e-02, PNorm = 400.1726, GNorm = 0.4522, lr_0 = 1.6047e-04
Loss = 2.7868e-02, PNorm = 400.1775, GNorm = 0.2016, lr_0 = 1.6043e-04
Loss = 3.1051e-02, PNorm = 400.1819, GNorm = 0.2524, lr_0 = 1.6039e-04
Loss = 3.5535e-02, PNorm = 400.1858, GNorm = 0.2542, lr_0 = 1.6035e-04
Loss = 3.3406e-02, PNorm = 400.1892, GNorm = 0.2098, lr_0 = 1.6031e-04
Loss = 2.8433e-02, PNorm = 400.1931, GNorm = 0.2178, lr_0 = 1.6026e-04
Loss = 3.1788e-02, PNorm = 400.1968, GNorm = 0.3307, lr_0 = 1.6022e-04
Loss = 3.1212e-02, PNorm = 400.2001, GNorm = 0.3499, lr_0 = 1.6018e-04
Loss = 3.1616e-02, PNorm = 400.2025, GNorm = 0.2577, lr_0 = 1.6014e-04
Loss = 2.7231e-02, PNorm = 400.2052, GNorm = 0.2223, lr_0 = 1.6010e-04
Loss = 3.0998e-02, PNorm = 400.2100, GNorm = 0.2450, lr_0 = 1.6005e-04
Loss = 3.3367e-02, PNorm = 400.2137, GNorm = 0.2353, lr_0 = 1.6001e-04
Loss = 2.6507e-02, PNorm = 400.2170, GNorm = 0.2064, lr_0 = 1.5997e-04
Loss = 2.9944e-02, PNorm = 400.2198, GNorm = 0.3509, lr_0 = 1.5993e-04
Loss = 3.2144e-02, PNorm = 400.2233, GNorm = 0.3237, lr_0 = 1.5988e-04
Loss = 2.8758e-02, PNorm = 400.2273, GNorm = 0.2901, lr_0 = 1.5984e-04
Loss = 4.2662e-02, PNorm = 400.2310, GNorm = 0.2390, lr_0 = 1.5980e-04
Loss = 3.3157e-02, PNorm = 400.2345, GNorm = 0.3628, lr_0 = 1.5976e-04
Loss = 2.9552e-02, PNorm = 400.2393, GNorm = 0.2440, lr_0 = 1.5972e-04
Loss = 4.3305e-02, PNorm = 400.2442, GNorm = 0.2614, lr_0 = 1.5967e-04
Validation rmse = 3.399290
Epoch 80
Loss = 2.8482e-02, PNorm = 400.2485, GNorm = 0.3558, lr_0 = 1.5963e-04
Loss = 2.3688e-02, PNorm = 400.2515, GNorm = 0.2046, lr_0 = 1.5959e-04
Loss = 3.1806e-02, PNorm = 400.2549, GNorm = 0.2164, lr_0 = 1.5955e-04
Loss = 3.1238e-02, PNorm = 400.2589, GNorm = 0.2214, lr_0 = 1.5951e-04
Loss = 2.9319e-02, PNorm = 400.2620, GNorm = 0.2527, lr_0 = 1.5946e-04
Loss = 2.7273e-02, PNorm = 400.2650, GNorm = 0.2245, lr_0 = 1.5942e-04
Loss = 2.7110e-02, PNorm = 400.2683, GNorm = 0.3570, lr_0 = 1.5938e-04
Loss = 3.2527e-02, PNorm = 400.2717, GNorm = 0.3570, lr_0 = 1.5934e-04
Loss = 2.8157e-02, PNorm = 400.2753, GNorm = 0.2684, lr_0 = 1.5930e-04
Loss = 3.3226e-02, PNorm = 400.2787, GNorm = 0.3854, lr_0 = 1.5926e-04
Loss = 2.7213e-02, PNorm = 400.2824, GNorm = 0.3721, lr_0 = 1.5921e-04
Loss = 3.1487e-02, PNorm = 400.2858, GNorm = 0.2029, lr_0 = 1.5917e-04
Loss = 3.1861e-02, PNorm = 400.2899, GNorm = 0.3320, lr_0 = 1.5913e-04
Loss = 3.1183e-02, PNorm = 400.2937, GNorm = 0.2932, lr_0 = 1.5909e-04
Loss = 2.8131e-02, PNorm = 400.2976, GNorm = 0.2058, lr_0 = 1.5905e-04
Loss = 2.8161e-02, PNorm = 400.3013, GNorm = 0.2121, lr_0 = 1.5900e-04
Loss = 2.6446e-02, PNorm = 400.3055, GNorm = 0.2048, lr_0 = 1.5896e-04
Loss = 2.6111e-02, PNorm = 400.3088, GNorm = 0.2239, lr_0 = 1.5892e-04
Loss = 2.9134e-02, PNorm = 400.3117, GNorm = 0.1984, lr_0 = 1.5888e-04
Loss = 2.9103e-02, PNorm = 400.3150, GNorm = 0.2408, lr_0 = 1.5884e-04
Loss = 3.1820e-02, PNorm = 400.3169, GNorm = 0.3209, lr_0 = 1.5879e-04
Loss = 3.2358e-02, PNorm = 400.3200, GNorm = 0.1778, lr_0 = 1.5875e-04
Loss = 3.8352e-02, PNorm = 400.3243, GNorm = 0.5071, lr_0 = 1.5871e-04
Loss = 4.0580e-02, PNorm = 400.3283, GNorm = 0.2854, lr_0 = 1.5867e-04
Loss = 2.9211e-02, PNorm = 400.3330, GNorm = 0.2408, lr_0 = 1.5863e-04
Loss = 2.7109e-02, PNorm = 400.3372, GNorm = 0.2824, lr_0 = 1.5859e-04
Loss = 2.8775e-02, PNorm = 400.3408, GNorm = 0.1910, lr_0 = 1.5854e-04
Loss = 3.2484e-02, PNorm = 400.3444, GNorm = 0.2802, lr_0 = 1.5850e-04
Loss = 2.7910e-02, PNorm = 400.3475, GNorm = 0.1593, lr_0 = 1.5846e-04
Loss = 3.8187e-02, PNorm = 400.3514, GNorm = 0.3947, lr_0 = 1.5842e-04
Loss = 3.1160e-02, PNorm = 400.3549, GNorm = 0.3730, lr_0 = 1.5838e-04
Loss = 2.6331e-02, PNorm = 400.3577, GNorm = 0.3484, lr_0 = 1.5834e-04
Loss = 2.8006e-02, PNorm = 400.3605, GNorm = 0.2776, lr_0 = 1.5829e-04
Loss = 2.6306e-02, PNorm = 400.3643, GNorm = 0.2986, lr_0 = 1.5825e-04
Loss = 3.0379e-02, PNorm = 400.3685, GNorm = 0.2505, lr_0 = 1.5821e-04
Loss = 3.5702e-02, PNorm = 400.3724, GNorm = 0.2459, lr_0 = 1.5817e-04
Loss = 3.0405e-02, PNorm = 400.3758, GNorm = 0.1630, lr_0 = 1.5813e-04
Loss = 2.7061e-02, PNorm = 400.3796, GNorm = 0.3033, lr_0 = 1.5809e-04
Loss = 3.8205e-02, PNorm = 400.3827, GNorm = 0.2502, lr_0 = 1.5804e-04
Loss = 3.1317e-02, PNorm = 400.3856, GNorm = 0.2698, lr_0 = 1.5800e-04
Loss = 3.1789e-02, PNorm = 400.3883, GNorm = 0.2177, lr_0 = 1.5796e-04
Loss = 2.7005e-02, PNorm = 400.3923, GNorm = 0.1984, lr_0 = 1.5792e-04
Loss = 3.3572e-02, PNorm = 400.3956, GNorm = 0.2957, lr_0 = 1.5788e-04
Loss = 3.2551e-02, PNorm = 400.3997, GNorm = 0.2263, lr_0 = 1.5784e-04
Loss = 2.9764e-02, PNorm = 400.4031, GNorm = 0.3489, lr_0 = 1.5780e-04
Loss = 3.7431e-02, PNorm = 400.4071, GNorm = 0.5293, lr_0 = 1.5775e-04
Loss = 3.1528e-02, PNorm = 400.4107, GNorm = 0.2480, lr_0 = 1.5771e-04
Loss = 3.1545e-02, PNorm = 400.4150, GNorm = 0.2820, lr_0 = 1.5767e-04
Loss = 2.5099e-02, PNorm = 400.4179, GNorm = 0.1964, lr_0 = 1.5763e-04
Loss = 3.8319e-02, PNorm = 400.4208, GNorm = 0.2364, lr_0 = 1.5759e-04
Loss = 3.2719e-02, PNorm = 400.4251, GNorm = 0.2538, lr_0 = 1.5755e-04
Loss = 3.8292e-02, PNorm = 400.4288, GNorm = 0.2854, lr_0 = 1.5750e-04
Loss = 5.8812e-02, PNorm = 400.4329, GNorm = 0.6311, lr_0 = 1.5746e-04
Loss = 2.9259e-02, PNorm = 400.4371, GNorm = 0.1551, lr_0 = 1.5742e-04
Loss = 2.8282e-02, PNorm = 400.4418, GNorm = 0.1903, lr_0 = 1.5738e-04
Loss = 3.2748e-02, PNorm = 400.4466, GNorm = 0.2523, lr_0 = 1.5734e-04
Loss = 2.6968e-02, PNorm = 400.4510, GNorm = 0.1819, lr_0 = 1.5730e-04
Loss = 3.7355e-02, PNorm = 400.4558, GNorm = 0.3442, lr_0 = 1.5726e-04
Loss = 4.0833e-02, PNorm = 400.4600, GNorm = 0.2219, lr_0 = 1.5722e-04
Loss = 2.7540e-02, PNorm = 400.4639, GNorm = 0.2104, lr_0 = 1.5717e-04
Loss = 2.8492e-02, PNorm = 400.4680, GNorm = 0.2327, lr_0 = 1.5713e-04
Loss = 3.0715e-02, PNorm = 400.4713, GNorm = 0.5095, lr_0 = 1.5709e-04
Loss = 2.6827e-02, PNorm = 400.4752, GNorm = 0.3321, lr_0 = 1.5705e-04
Loss = 3.9669e-02, PNorm = 400.4797, GNorm = 0.2557, lr_0 = 1.5701e-04
Loss = 3.1209e-02, PNorm = 400.4844, GNorm = 0.2455, lr_0 = 1.5697e-04
Loss = 3.1926e-02, PNorm = 400.4890, GNorm = 0.2484, lr_0 = 1.5693e-04
Loss = 3.2949e-02, PNorm = 400.4926, GNorm = 0.3523, lr_0 = 1.5688e-04
Loss = 3.1244e-02, PNorm = 400.4976, GNorm = 0.3336, lr_0 = 1.5684e-04
Loss = 3.2378e-02, PNorm = 400.5008, GNorm = 0.2540, lr_0 = 1.5680e-04
Loss = 3.5908e-02, PNorm = 400.5038, GNorm = 0.3243, lr_0 = 1.5676e-04
Loss = 3.0356e-02, PNorm = 400.5068, GNorm = 0.3242, lr_0 = 1.5672e-04
Loss = 3.1652e-02, PNorm = 400.5094, GNorm = 0.2157, lr_0 = 1.5668e-04
Loss = 3.2601e-02, PNorm = 400.5127, GNorm = 0.3396, lr_0 = 1.5664e-04
Loss = 3.7289e-02, PNorm = 400.5163, GNorm = 0.2832, lr_0 = 1.5660e-04
Loss = 3.1998e-02, PNorm = 400.5192, GNorm = 0.2886, lr_0 = 1.5655e-04
Loss = 3.2476e-02, PNorm = 400.5223, GNorm = 0.3131, lr_0 = 1.5651e-04
Loss = 3.8694e-02, PNorm = 400.5268, GNorm = 0.2925, lr_0 = 1.5647e-04
Loss = 3.1462e-02, PNorm = 400.5300, GNorm = 0.2785, lr_0 = 1.5643e-04
Loss = 2.9011e-02, PNorm = 400.5325, GNorm = 0.3037, lr_0 = 1.5639e-04
Loss = 3.2252e-02, PNorm = 400.5363, GNorm = 0.2613, lr_0 = 1.5635e-04
Loss = 3.6120e-02, PNorm = 400.5389, GNorm = 0.2495, lr_0 = 1.5631e-04
Loss = 3.1171e-02, PNorm = 400.5419, GNorm = 0.4363, lr_0 = 1.5627e-04
Loss = 3.1845e-02, PNorm = 400.5453, GNorm = 0.2009, lr_0 = 1.5623e-04
Loss = 2.9858e-02, PNorm = 400.5498, GNorm = 0.1996, lr_0 = 1.5618e-04
Loss = 4.2291e-02, PNorm = 400.5536, GNorm = 0.3188, lr_0 = 1.5614e-04
Loss = 3.1851e-02, PNorm = 400.5586, GNorm = 0.2298, lr_0 = 1.5610e-04
Loss = 2.7795e-02, PNorm = 400.5626, GNorm = 0.4647, lr_0 = 1.5606e-04
Loss = 3.0879e-02, PNorm = 400.5670, GNorm = 0.2790, lr_0 = 1.5602e-04
Loss = 2.4241e-02, PNorm = 400.5706, GNorm = 0.2356, lr_0 = 1.5598e-04
Loss = 3.3329e-02, PNorm = 400.5743, GNorm = 0.2756, lr_0 = 1.5594e-04
Validation rmse = 3.400880
Epoch 81
Loss = 2.6752e-02, PNorm = 400.5783, GNorm = 0.2285, lr_0 = 1.5590e-04
Loss = 4.5554e-02, PNorm = 400.5814, GNorm = 0.2254, lr_0 = 1.5586e-04
Loss = 4.2553e-02, PNorm = 400.5851, GNorm = 0.3311, lr_0 = 1.5581e-04
Loss = 2.4541e-02, PNorm = 400.5892, GNorm = 0.2661, lr_0 = 1.5577e-04
Loss = 2.9911e-02, PNorm = 400.5925, GNorm = 0.3373, lr_0 = 1.5573e-04
Loss = 2.7132e-02, PNorm = 400.5969, GNorm = 0.2318, lr_0 = 1.5569e-04
Loss = 3.0455e-02, PNorm = 400.6006, GNorm = 0.2444, lr_0 = 1.5565e-04
Loss = 3.0009e-02, PNorm = 400.6035, GNorm = 0.2506, lr_0 = 1.5561e-04
Loss = 2.7720e-02, PNorm = 400.6072, GNorm = 0.3022, lr_0 = 1.5557e-04
Loss = 2.4001e-02, PNorm = 400.6102, GNorm = 0.2676, lr_0 = 1.5553e-04
Loss = 3.3053e-02, PNorm = 400.6132, GNorm = 0.3088, lr_0 = 1.5549e-04
Loss = 3.2495e-02, PNorm = 400.6165, GNorm = 0.2538, lr_0 = 1.5545e-04
Loss = 2.5968e-02, PNorm = 400.6203, GNorm = 0.2069, lr_0 = 1.5541e-04
Loss = 3.6572e-02, PNorm = 400.6235, GNorm = 0.2035, lr_0 = 1.5536e-04
Loss = 2.6733e-02, PNorm = 400.6269, GNorm = 0.3262, lr_0 = 1.5532e-04
Loss = 3.4210e-02, PNorm = 400.6305, GNorm = 0.2782, lr_0 = 1.5528e-04
Loss = 2.8117e-02, PNorm = 400.6342, GNorm = 0.2840, lr_0 = 1.5524e-04
Loss = 3.9439e-02, PNorm = 400.6364, GNorm = 0.2370, lr_0 = 1.5520e-04
Loss = 3.0549e-02, PNorm = 400.6391, GNorm = 0.3261, lr_0 = 1.5516e-04
Loss = 2.9993e-02, PNorm = 400.6420, GNorm = 0.2707, lr_0 = 1.5512e-04
Loss = 3.2265e-02, PNorm = 400.6461, GNorm = 0.3234, lr_0 = 1.5508e-04
Loss = 3.1374e-02, PNorm = 400.6503, GNorm = 0.2419, lr_0 = 1.5504e-04
Loss = 2.7172e-02, PNorm = 400.6537, GNorm = 0.5464, lr_0 = 1.5500e-04
Loss = 3.2817e-02, PNorm = 400.6582, GNorm = 0.3817, lr_0 = 1.5496e-04
Loss = 2.6711e-02, PNorm = 400.6621, GNorm = 0.2359, lr_0 = 1.5492e-04
Loss = 2.6636e-02, PNorm = 400.6662, GNorm = 0.2877, lr_0 = 1.5487e-04
Loss = 2.9674e-02, PNorm = 400.6696, GNorm = 0.1998, lr_0 = 1.5483e-04
Loss = 3.6269e-02, PNorm = 400.6720, GNorm = 0.4159, lr_0 = 1.5479e-04
Loss = 3.7401e-02, PNorm = 400.6771, GNorm = 0.2795, lr_0 = 1.5475e-04
Loss = 3.0260e-02, PNorm = 400.6822, GNorm = 0.1665, lr_0 = 1.5471e-04
Loss = 2.7373e-02, PNorm = 400.6853, GNorm = 0.2721, lr_0 = 1.5467e-04
Loss = 3.5938e-02, PNorm = 400.6886, GNorm = 0.2521, lr_0 = 1.5463e-04
Loss = 3.6814e-02, PNorm = 400.6931, GNorm = 0.2645, lr_0 = 1.5459e-04
Loss = 3.4360e-02, PNorm = 400.6970, GNorm = 0.3110, lr_0 = 1.5455e-04
Loss = 2.7995e-02, PNorm = 400.7011, GNorm = 0.1926, lr_0 = 1.5451e-04
Loss = 2.2194e-02, PNorm = 400.7047, GNorm = 0.2243, lr_0 = 1.5447e-04
Loss = 3.2617e-02, PNorm = 400.7074, GNorm = 0.3315, lr_0 = 1.5443e-04
Loss = 3.0518e-02, PNorm = 400.7122, GNorm = 0.3319, lr_0 = 1.5439e-04
Loss = 2.3467e-02, PNorm = 400.7157, GNorm = 0.2613, lr_0 = 1.5435e-04
Loss = 3.2720e-02, PNorm = 400.7182, GNorm = 0.3708, lr_0 = 1.5431e-04
Loss = 4.0434e-02, PNorm = 400.7214, GNorm = 0.2830, lr_0 = 1.5426e-04
Loss = 2.5899e-02, PNorm = 400.7246, GNorm = 0.2326, lr_0 = 1.5422e-04
Loss = 2.9978e-02, PNorm = 400.7283, GNorm = 0.2501, lr_0 = 1.5418e-04
Loss = 3.0499e-02, PNorm = 400.7316, GNorm = 0.3134, lr_0 = 1.5414e-04
Loss = 3.2280e-02, PNorm = 400.7351, GNorm = 0.4049, lr_0 = 1.5410e-04
Loss = 3.2139e-02, PNorm = 400.7395, GNorm = 0.2399, lr_0 = 1.5406e-04
Loss = 2.9874e-02, PNorm = 400.7437, GNorm = 0.2264, lr_0 = 1.5402e-04
Loss = 2.8767e-02, PNorm = 400.7473, GNorm = 0.2801, lr_0 = 1.5398e-04
Loss = 3.6703e-02, PNorm = 400.7513, GNorm = 0.2225, lr_0 = 1.5394e-04
Loss = 2.8674e-02, PNorm = 400.7548, GNorm = 0.3335, lr_0 = 1.5390e-04
Loss = 2.8725e-02, PNorm = 400.7580, GNorm = 0.2626, lr_0 = 1.5386e-04
Loss = 2.6321e-02, PNorm = 400.7618, GNorm = 0.2473, lr_0 = 1.5382e-04
Loss = 2.9491e-02, PNorm = 400.7658, GNorm = 0.3292, lr_0 = 1.5378e-04
Loss = 2.9492e-02, PNorm = 400.7693, GNorm = 0.4409, lr_0 = 1.5374e-04
Loss = 2.7718e-02, PNorm = 400.7717, GNorm = 0.1891, lr_0 = 1.5370e-04
Loss = 2.5379e-02, PNorm = 400.7737, GNorm = 0.2161, lr_0 = 1.5366e-04
Loss = 2.8680e-02, PNorm = 400.7766, GNorm = 0.2649, lr_0 = 1.5362e-04
Loss = 4.0228e-02, PNorm = 400.7809, GNorm = 0.2737, lr_0 = 1.5358e-04
Loss = 2.5962e-02, PNorm = 400.7851, GNorm = 0.2408, lr_0 = 1.5354e-04
Loss = 4.3971e-02, PNorm = 400.7888, GNorm = 0.3104, lr_0 = 1.5350e-04
Loss = 2.3831e-02, PNorm = 400.7933, GNorm = 0.1590, lr_0 = 1.5346e-04
Loss = 3.1655e-02, PNorm = 400.7977, GNorm = 0.2869, lr_0 = 1.5341e-04
Loss = 2.9733e-02, PNorm = 400.8010, GNorm = 0.2334, lr_0 = 1.5337e-04
Loss = 2.8679e-02, PNorm = 400.8054, GNorm = 0.2779, lr_0 = 1.5333e-04
Loss = 2.8971e-02, PNorm = 400.8091, GNorm = 0.2896, lr_0 = 1.5329e-04
Loss = 3.3625e-02, PNorm = 400.8121, GNorm = 0.2247, lr_0 = 1.5325e-04
Loss = 2.7611e-02, PNorm = 400.8157, GNorm = 0.3251, lr_0 = 1.5321e-04
Loss = 3.8111e-02, PNorm = 400.8189, GNorm = 0.7019, lr_0 = 1.5317e-04
Loss = 3.0462e-02, PNorm = 400.8237, GNorm = 0.2603, lr_0 = 1.5313e-04
Loss = 2.7679e-02, PNorm = 400.8267, GNorm = 0.2566, lr_0 = 1.5309e-04
Loss = 2.8185e-02, PNorm = 400.8292, GNorm = 0.2804, lr_0 = 1.5305e-04
Loss = 3.6624e-02, PNorm = 400.8321, GNorm = 0.2548, lr_0 = 1.5301e-04
Loss = 4.7851e-02, PNorm = 400.8363, GNorm = 0.3459, lr_0 = 1.5297e-04
Loss = 3.4389e-02, PNorm = 400.8407, GNorm = 0.5594, lr_0 = 1.5293e-04
Loss = 2.9688e-02, PNorm = 400.8455, GNorm = 0.5106, lr_0 = 1.5289e-04
Loss = 3.1157e-02, PNorm = 400.8498, GNorm = 0.3280, lr_0 = 1.5285e-04
Loss = 3.0790e-02, PNorm = 400.8531, GNorm = 0.1504, lr_0 = 1.5281e-04
Loss = 2.5279e-02, PNorm = 400.8560, GNorm = 0.2334, lr_0 = 1.5277e-04
Loss = 3.9547e-02, PNorm = 400.8604, GNorm = 0.5869, lr_0 = 1.5273e-04
Loss = 2.5645e-02, PNorm = 400.8638, GNorm = 0.2878, lr_0 = 1.5269e-04
Loss = 3.3312e-02, PNorm = 400.8673, GNorm = 0.2281, lr_0 = 1.5265e-04
Loss = 4.2804e-02, PNorm = 400.8716, GNorm = 1.3998, lr_0 = 1.5261e-04
Loss = 3.8403e-02, PNorm = 400.8772, GNorm = 0.3325, lr_0 = 1.5257e-04
Loss = 2.6172e-02, PNorm = 400.8817, GNorm = 0.3048, lr_0 = 1.5253e-04
Loss = 2.8405e-02, PNorm = 400.8850, GNorm = 0.3856, lr_0 = 1.5249e-04
Loss = 2.8280e-02, PNorm = 400.8887, GNorm = 0.2716, lr_0 = 1.5245e-04
Loss = 2.9989e-02, PNorm = 400.8921, GNorm = 0.2721, lr_0 = 1.5241e-04
Loss = 3.3363e-02, PNorm = 400.8958, GNorm = 0.4340, lr_0 = 1.5237e-04
Loss = 3.3112e-02, PNorm = 400.8983, GNorm = 0.2229, lr_0 = 1.5233e-04
Validation rmse = 3.400125
Epoch 82
Loss = 3.9182e-02, PNorm = 400.9017, GNorm = 0.1881, lr_0 = 1.5228e-04
Loss = 2.7766e-02, PNorm = 400.9045, GNorm = 0.2813, lr_0 = 1.5224e-04
Loss = 3.6890e-02, PNorm = 400.9079, GNorm = 0.3008, lr_0 = 1.5220e-04
Loss = 2.9774e-02, PNorm = 400.9125, GNorm = 0.3479, lr_0 = 1.5216e-04
Loss = 3.0697e-02, PNorm = 400.9165, GNorm = 0.2905, lr_0 = 1.5212e-04
Loss = 2.5833e-02, PNorm = 400.9200, GNorm = 0.2339, lr_0 = 1.5208e-04
Loss = 3.5533e-02, PNorm = 400.9232, GNorm = 0.2183, lr_0 = 1.5204e-04
Loss = 3.0772e-02, PNorm = 400.9270, GNorm = 0.1525, lr_0 = 1.5200e-04
Loss = 2.5626e-02, PNorm = 400.9297, GNorm = 0.2264, lr_0 = 1.5196e-04
Loss = 3.1761e-02, PNorm = 400.9325, GNorm = 0.4602, lr_0 = 1.5192e-04
Loss = 3.7165e-02, PNorm = 400.9351, GNorm = 0.5048, lr_0 = 1.5188e-04
Loss = 2.8880e-02, PNorm = 400.9388, GNorm = 0.3159, lr_0 = 1.5184e-04
Loss = 3.1731e-02, PNorm = 400.9436, GNorm = 0.4435, lr_0 = 1.5180e-04
Loss = 2.7043e-02, PNorm = 400.9478, GNorm = 0.1888, lr_0 = 1.5176e-04
Loss = 2.5226e-02, PNorm = 400.9504, GNorm = 0.2396, lr_0 = 1.5172e-04
Loss = 2.9819e-02, PNorm = 400.9527, GNorm = 0.2334, lr_0 = 1.5168e-04
Loss = 2.4135e-02, PNorm = 400.9558, GNorm = 0.1736, lr_0 = 1.5165e-04
Loss = 2.3669e-02, PNorm = 400.9594, GNorm = 0.2314, lr_0 = 1.5161e-04
Loss = 3.0031e-02, PNorm = 400.9631, GNorm = 0.2173, lr_0 = 1.5157e-04
Loss = 3.2630e-02, PNorm = 400.9665, GNorm = 0.1810, lr_0 = 1.5153e-04
Loss = 3.1092e-02, PNorm = 400.9701, GNorm = 0.2777, lr_0 = 1.5149e-04
Loss = 3.4051e-02, PNorm = 400.9732, GNorm = 0.4969, lr_0 = 1.5145e-04
Loss = 3.2997e-02, PNorm = 400.9764, GNorm = 0.3207, lr_0 = 1.5141e-04
Loss = 3.2127e-02, PNorm = 400.9810, GNorm = 0.2979, lr_0 = 1.5137e-04
Loss = 2.8635e-02, PNorm = 400.9855, GNorm = 0.3008, lr_0 = 1.5133e-04
Loss = 3.2828e-02, PNorm = 400.9897, GNorm = 0.2963, lr_0 = 1.5129e-04
Loss = 3.0640e-02, PNorm = 400.9934, GNorm = 0.3034, lr_0 = 1.5125e-04
Loss = 2.7351e-02, PNorm = 400.9978, GNorm = 0.2884, lr_0 = 1.5121e-04
Loss = 2.9045e-02, PNorm = 401.0026, GNorm = 0.2945, lr_0 = 1.5117e-04
Loss = 3.4598e-02, PNorm = 401.0067, GNorm = 0.1577, lr_0 = 1.5113e-04
Loss = 3.8722e-02, PNorm = 401.0117, GNorm = 0.2655, lr_0 = 1.5109e-04
Loss = 2.9530e-02, PNorm = 401.0154, GNorm = 0.2734, lr_0 = 1.5105e-04
Loss = 4.0186e-02, PNorm = 401.0202, GNorm = 0.3176, lr_0 = 1.5101e-04
Loss = 3.0479e-02, PNorm = 401.0236, GNorm = 0.2815, lr_0 = 1.5097e-04
Loss = 2.5353e-02, PNorm = 401.0273, GNorm = 0.1868, lr_0 = 1.5093e-04
Loss = 2.8520e-02, PNorm = 401.0314, GNorm = 0.2991, lr_0 = 1.5089e-04
Loss = 3.1659e-02, PNorm = 401.0352, GNorm = 0.3317, lr_0 = 1.5085e-04
Loss = 3.6085e-02, PNorm = 401.0385, GNorm = 0.3419, lr_0 = 1.5081e-04
Loss = 3.0261e-02, PNorm = 401.0420, GNorm = 0.6152, lr_0 = 1.5077e-04
Loss = 3.3815e-02, PNorm = 401.0468, GNorm = 0.2992, lr_0 = 1.5073e-04
Loss = 3.6349e-02, PNorm = 401.0504, GNorm = 0.3388, lr_0 = 1.5069e-04
Loss = 2.9664e-02, PNorm = 401.0534, GNorm = 0.3029, lr_0 = 1.5065e-04
Loss = 2.8569e-02, PNorm = 401.0572, GNorm = 0.2745, lr_0 = 1.5061e-04
Loss = 4.1997e-02, PNorm = 401.0604, GNorm = 0.5418, lr_0 = 1.5057e-04
Loss = 2.7672e-02, PNorm = 401.0633, GNorm = 0.2672, lr_0 = 1.5053e-04
Loss = 3.0655e-02, PNorm = 401.0666, GNorm = 0.2746, lr_0 = 1.5049e-04
Loss = 4.0453e-02, PNorm = 401.0709, GNorm = 0.2373, lr_0 = 1.5045e-04
Loss = 3.3086e-02, PNorm = 401.0738, GNorm = 0.3471, lr_0 = 1.5041e-04
Loss = 3.0934e-02, PNorm = 401.0775, GNorm = 0.2374, lr_0 = 1.5037e-04
Loss = 2.8459e-02, PNorm = 401.0820, GNorm = 0.2904, lr_0 = 1.5033e-04
Loss = 2.6578e-02, PNorm = 401.0854, GNorm = 0.2122, lr_0 = 1.5029e-04
Loss = 2.6453e-02, PNorm = 401.0895, GNorm = 0.3038, lr_0 = 1.5025e-04
Loss = 2.7801e-02, PNorm = 401.0926, GNorm = 0.3041, lr_0 = 1.5022e-04
Loss = 3.6187e-02, PNorm = 401.0968, GNorm = 0.3189, lr_0 = 1.5018e-04
Loss = 3.0259e-02, PNorm = 401.1016, GNorm = 0.2472, lr_0 = 1.5014e-04
Loss = 2.8279e-02, PNorm = 401.1053, GNorm = 0.2017, lr_0 = 1.5010e-04
Loss = 2.9520e-02, PNorm = 401.1085, GNorm = 0.2580, lr_0 = 1.5006e-04
Loss = 3.6151e-02, PNorm = 401.1125, GNorm = 0.2260, lr_0 = 1.5002e-04
Loss = 2.9604e-02, PNorm = 401.1167, GNorm = 0.2253, lr_0 = 1.4998e-04
Loss = 2.9853e-02, PNorm = 401.1202, GNorm = 0.2301, lr_0 = 1.4994e-04
Loss = 2.6261e-02, PNorm = 401.1231, GNorm = 0.2215, lr_0 = 1.4990e-04
Loss = 2.8057e-02, PNorm = 401.1261, GNorm = 0.1996, lr_0 = 1.4986e-04
Loss = 3.9122e-02, PNorm = 401.1285, GNorm = 0.2635, lr_0 = 1.4982e-04
Loss = 2.8843e-02, PNorm = 401.1309, GNorm = 0.3254, lr_0 = 1.4978e-04
Loss = 3.7151e-02, PNorm = 401.1343, GNorm = 0.2423, lr_0 = 1.4974e-04
Loss = 2.5543e-02, PNorm = 401.1376, GNorm = 0.1907, lr_0 = 1.4970e-04
Loss = 3.6986e-02, PNorm = 401.1411, GNorm = 0.2394, lr_0 = 1.4966e-04
Loss = 2.6623e-02, PNorm = 401.1445, GNorm = 0.2473, lr_0 = 1.4962e-04
Loss = 2.8117e-02, PNorm = 401.1479, GNorm = 0.3518, lr_0 = 1.4958e-04
Loss = 3.7385e-02, PNorm = 401.1504, GNorm = 0.1963, lr_0 = 1.4955e-04
Loss = 2.8904e-02, PNorm = 401.1538, GNorm = 0.3677, lr_0 = 1.4951e-04
Loss = 2.5894e-02, PNorm = 401.1581, GNorm = 0.2611, lr_0 = 1.4947e-04
Loss = 3.1980e-02, PNorm = 401.1617, GNorm = 0.2037, lr_0 = 1.4943e-04
Loss = 2.6889e-02, PNorm = 401.1648, GNorm = 0.1691, lr_0 = 1.4939e-04
Loss = 2.8327e-02, PNorm = 401.1678, GNorm = 0.2440, lr_0 = 1.4935e-04
Loss = 3.1793e-02, PNorm = 401.1717, GNorm = 0.5888, lr_0 = 1.4931e-04
Loss = 3.8093e-02, PNorm = 401.1758, GNorm = 0.2648, lr_0 = 1.4927e-04
Loss = 3.0937e-02, PNorm = 401.1799, GNorm = 0.1969, lr_0 = 1.4923e-04
Loss = 2.8250e-02, PNorm = 401.1833, GNorm = 0.2114, lr_0 = 1.4919e-04
Loss = 2.9988e-02, PNorm = 401.1867, GNorm = 0.3005, lr_0 = 1.4915e-04
Loss = 2.8045e-02, PNorm = 401.1904, GNorm = 0.4277, lr_0 = 1.4911e-04
Loss = 3.1883e-02, PNorm = 401.1952, GNorm = 0.3380, lr_0 = 1.4907e-04
Loss = 2.8312e-02, PNorm = 401.1994, GNorm = 0.1710, lr_0 = 1.4903e-04
Loss = 3.4407e-02, PNorm = 401.2020, GNorm = 0.2511, lr_0 = 1.4900e-04
Loss = 4.2253e-02, PNorm = 401.2050, GNorm = 0.4707, lr_0 = 1.4896e-04
Loss = 2.9741e-02, PNorm = 401.2087, GNorm = 0.4374, lr_0 = 1.4892e-04
Loss = 2.8658e-02, PNorm = 401.2118, GNorm = 0.3033, lr_0 = 1.4888e-04
Loss = 5.3565e-02, PNorm = 401.2149, GNorm = 0.6620, lr_0 = 1.4884e-04
Loss = 3.0532e-02, PNorm = 401.2177, GNorm = 0.2416, lr_0 = 1.4880e-04
Validation rmse = 3.385795
Epoch 83
Loss = 2.5894e-02, PNorm = 401.2211, GNorm = 0.2172, lr_0 = 1.4876e-04
Loss = 4.2114e-02, PNorm = 401.2243, GNorm = 0.1913, lr_0 = 1.4872e-04
Loss = 2.4997e-02, PNorm = 401.2274, GNorm = 0.1586, lr_0 = 1.4868e-04
Loss = 2.9476e-02, PNorm = 401.2298, GNorm = 0.2004, lr_0 = 1.4864e-04
Loss = 3.1181e-02, PNorm = 401.2316, GNorm = 0.2812, lr_0 = 1.4860e-04
Loss = 3.4942e-02, PNorm = 401.2338, GNorm = 0.2166, lr_0 = 1.4856e-04
Loss = 3.4796e-02, PNorm = 401.2371, GNorm = 0.2135, lr_0 = 1.4853e-04
Loss = 2.7535e-02, PNorm = 401.2410, GNorm = 0.3843, lr_0 = 1.4849e-04
Loss = 3.0393e-02, PNorm = 401.2449, GNorm = 0.3337, lr_0 = 1.4845e-04
Loss = 2.9817e-02, PNorm = 401.2478, GNorm = 0.3143, lr_0 = 1.4841e-04
Loss = 2.5770e-02, PNorm = 401.2509, GNorm = 0.1659, lr_0 = 1.4837e-04
Loss = 2.9192e-02, PNorm = 401.2540, GNorm = 0.3208, lr_0 = 1.4833e-04
Loss = 2.3377e-02, PNorm = 401.2572, GNorm = 0.2479, lr_0 = 1.4829e-04
Loss = 3.1649e-02, PNorm = 401.2611, GNorm = 0.2407, lr_0 = 1.4825e-04
Loss = 3.2558e-02, PNorm = 401.2652, GNorm = 0.4439, lr_0 = 1.4821e-04
Loss = 3.1415e-02, PNorm = 401.2701, GNorm = 0.4525, lr_0 = 1.4817e-04
Loss = 2.9067e-02, PNorm = 401.2742, GNorm = 0.2231, lr_0 = 1.4814e-04
Loss = 3.6626e-02, PNorm = 401.2778, GNorm = 0.3310, lr_0 = 1.4810e-04
Loss = 3.0501e-02, PNorm = 401.2814, GNorm = 0.2447, lr_0 = 1.4806e-04
Loss = 2.7676e-02, PNorm = 401.2846, GNorm = 0.3210, lr_0 = 1.4802e-04
Loss = 2.9451e-02, PNorm = 401.2868, GNorm = 0.2771, lr_0 = 1.4798e-04
Loss = 2.8991e-02, PNorm = 401.2892, GNorm = 0.2890, lr_0 = 1.4794e-04
Loss = 2.7798e-02, PNorm = 401.2931, GNorm = 0.2803, lr_0 = 1.4790e-04
Loss = 2.5183e-02, PNorm = 401.2962, GNorm = 0.2609, lr_0 = 1.4786e-04
Loss = 3.0314e-02, PNorm = 401.2987, GNorm = 0.4033, lr_0 = 1.4782e-04
Loss = 2.6829e-02, PNorm = 401.3016, GNorm = 0.2106, lr_0 = 1.4778e-04
Loss = 2.8079e-02, PNorm = 401.3047, GNorm = 0.3916, lr_0 = 1.4775e-04
Loss = 3.5811e-02, PNorm = 401.3074, GNorm = 0.4299, lr_0 = 1.4771e-04
Loss = 2.7536e-02, PNorm = 401.3115, GNorm = 0.2325, lr_0 = 1.4767e-04
Loss = 2.6284e-02, PNorm = 401.3145, GNorm = 0.2126, lr_0 = 1.4763e-04
Loss = 3.7590e-02, PNorm = 401.3182, GNorm = 0.2226, lr_0 = 1.4759e-04
Loss = 2.8564e-02, PNorm = 401.3214, GNorm = 0.1997, lr_0 = 1.4755e-04
Loss = 2.5663e-02, PNorm = 401.3238, GNorm = 0.2455, lr_0 = 1.4751e-04
Loss = 2.4686e-02, PNorm = 401.3264, GNorm = 0.2462, lr_0 = 1.4747e-04
Loss = 3.5626e-02, PNorm = 401.3299, GNorm = 0.2898, lr_0 = 1.4744e-04
Loss = 3.1631e-02, PNorm = 401.3346, GNorm = 0.2634, lr_0 = 1.4740e-04
Loss = 2.6279e-02, PNorm = 401.3395, GNorm = 0.2827, lr_0 = 1.4736e-04
Loss = 3.0909e-02, PNorm = 401.3429, GNorm = 0.2091, lr_0 = 1.4732e-04
Loss = 2.8292e-02, PNorm = 401.3462, GNorm = 0.2986, lr_0 = 1.4728e-04
Loss = 3.1736e-02, PNorm = 401.3488, GNorm = 0.2711, lr_0 = 1.4724e-04
Loss = 3.5736e-02, PNorm = 401.3520, GNorm = 0.1892, lr_0 = 1.4720e-04
Loss = 2.3740e-02, PNorm = 401.3549, GNorm = 0.2189, lr_0 = 1.4716e-04
Loss = 2.6327e-02, PNorm = 401.3582, GNorm = 0.3322, lr_0 = 1.4713e-04
Loss = 3.0456e-02, PNorm = 401.3606, GNorm = 0.2157, lr_0 = 1.4709e-04
Loss = 3.4082e-02, PNorm = 401.3632, GNorm = 0.2876, lr_0 = 1.4705e-04
Loss = 3.2031e-02, PNorm = 401.3668, GNorm = 0.1704, lr_0 = 1.4701e-04
Loss = 3.0375e-02, PNorm = 401.3702, GNorm = 0.2215, lr_0 = 1.4697e-04
Loss = 3.1241e-02, PNorm = 401.3740, GNorm = 0.3004, lr_0 = 1.4693e-04
Loss = 2.6664e-02, PNorm = 401.3779, GNorm = 0.1984, lr_0 = 1.4689e-04
Loss = 2.9035e-02, PNorm = 401.3820, GNorm = 0.1899, lr_0 = 1.4685e-04
Loss = 3.3241e-02, PNorm = 401.3851, GNorm = 0.3251, lr_0 = 1.4682e-04
Loss = 2.5475e-02, PNorm = 401.3870, GNorm = 0.1576, lr_0 = 1.4678e-04
Loss = 2.9031e-02, PNorm = 401.3896, GNorm = 0.2420, lr_0 = 1.4674e-04
Loss = 2.8692e-02, PNorm = 401.3925, GNorm = 0.3118, lr_0 = 1.4670e-04
Loss = 3.6875e-02, PNorm = 401.3963, GNorm = 0.3002, lr_0 = 1.4666e-04
Loss = 2.9378e-02, PNorm = 401.4005, GNorm = 0.6158, lr_0 = 1.4662e-04
Loss = 2.6522e-02, PNorm = 401.4049, GNorm = 0.2267, lr_0 = 1.4658e-04
Loss = 2.7346e-02, PNorm = 401.4078, GNorm = 0.2216, lr_0 = 1.4655e-04
Loss = 3.2664e-02, PNorm = 401.4111, GNorm = 0.2161, lr_0 = 1.4651e-04
Loss = 2.9549e-02, PNorm = 401.4142, GNorm = 0.1498, lr_0 = 1.4647e-04
Loss = 2.9378e-02, PNorm = 401.4183, GNorm = 0.2470, lr_0 = 1.4643e-04
Loss = 3.8302e-02, PNorm = 401.4209, GNorm = 0.2833, lr_0 = 1.4639e-04
Loss = 3.4452e-02, PNorm = 401.4240, GNorm = 0.5615, lr_0 = 1.4635e-04
Loss = 3.3213e-02, PNorm = 401.4282, GNorm = 0.2624, lr_0 = 1.4631e-04
Loss = 2.7113e-02, PNorm = 401.4316, GNorm = 0.1975, lr_0 = 1.4628e-04
Loss = 3.1173e-02, PNorm = 401.4359, GNorm = 0.3136, lr_0 = 1.4624e-04
Loss = 3.5311e-02, PNorm = 401.4405, GNorm = 0.2624, lr_0 = 1.4620e-04
Loss = 2.8536e-02, PNorm = 401.4449, GNorm = 0.1992, lr_0 = 1.4616e-04
Loss = 2.8701e-02, PNorm = 401.4497, GNorm = 0.3749, lr_0 = 1.4612e-04
Loss = 3.4563e-02, PNorm = 401.4537, GNorm = 0.2539, lr_0 = 1.4608e-04
Loss = 2.6063e-02, PNorm = 401.4577, GNorm = 0.1851, lr_0 = 1.4605e-04
Loss = 2.8099e-02, PNorm = 401.4614, GNorm = 0.2060, lr_0 = 1.4601e-04
Loss = 3.8112e-02, PNorm = 401.4641, GNorm = 0.2879, lr_0 = 1.4597e-04
Loss = 2.6804e-02, PNorm = 401.4672, GNorm = 0.1521, lr_0 = 1.4593e-04
Loss = 3.1753e-02, PNorm = 401.4710, GNorm = 0.3546, lr_0 = 1.4589e-04
Loss = 2.8202e-02, PNorm = 401.4742, GNorm = 0.2059, lr_0 = 1.4585e-04
Loss = 3.5544e-02, PNorm = 401.4779, GNorm = 0.1905, lr_0 = 1.4582e-04
Loss = 3.1314e-02, PNorm = 401.4809, GNorm = 0.3148, lr_0 = 1.4578e-04
Loss = 3.2994e-02, PNorm = 401.4841, GNorm = 0.2410, lr_0 = 1.4574e-04
Loss = 3.1847e-02, PNorm = 401.4892, GNorm = 0.2185, lr_0 = 1.4570e-04
Loss = 3.0678e-02, PNorm = 401.4926, GNorm = 0.2520, lr_0 = 1.4566e-04
Loss = 3.4658e-02, PNorm = 401.4967, GNorm = 0.5151, lr_0 = 1.4562e-04
Loss = 3.1902e-02, PNorm = 401.5010, GNorm = 0.6969, lr_0 = 1.4559e-04
Loss = 3.1342e-02, PNorm = 401.5041, GNorm = 0.2737, lr_0 = 1.4555e-04
Loss = 2.7295e-02, PNorm = 401.5064, GNorm = 0.2744, lr_0 = 1.4551e-04
Loss = 4.9360e-02, PNorm = 401.5095, GNorm = 0.7145, lr_0 = 1.4547e-04
Loss = 3.0275e-02, PNorm = 401.5128, GNorm = 0.3060, lr_0 = 1.4543e-04
Loss = 2.7532e-02, PNorm = 401.5158, GNorm = 0.3283, lr_0 = 1.4539e-04
Loss = 3.3788e-02, PNorm = 401.5191, GNorm = 0.2360, lr_0 = 1.4536e-04
Loss = 5.4362e-02, PNorm = 401.5226, GNorm = 0.4594, lr_0 = 1.4532e-04
Validation rmse = 3.389776
Epoch 84
Loss = 2.7250e-02, PNorm = 401.5249, GNorm = 0.2086, lr_0 = 1.4528e-04
Loss = 2.6654e-02, PNorm = 401.5274, GNorm = 0.2418, lr_0 = 1.4524e-04
Loss = 3.3233e-02, PNorm = 401.5301, GNorm = 0.2194, lr_0 = 1.4520e-04
Loss = 2.9824e-02, PNorm = 401.5329, GNorm = 0.2591, lr_0 = 1.4516e-04
Loss = 3.6211e-02, PNorm = 401.5368, GNorm = 0.4291, lr_0 = 1.4513e-04
Loss = 2.6595e-02, PNorm = 401.5401, GNorm = 0.1993, lr_0 = 1.4509e-04
Loss = 4.3748e-02, PNorm = 401.5445, GNorm = 0.2358, lr_0 = 1.4505e-04
Loss = 3.0561e-02, PNorm = 401.5482, GNorm = 0.2084, lr_0 = 1.4501e-04
Loss = 3.2581e-02, PNorm = 401.5520, GNorm = 0.2819, lr_0 = 1.4497e-04
Loss = 4.0488e-02, PNorm = 401.5558, GNorm = 0.2946, lr_0 = 1.4494e-04
Loss = 3.1974e-02, PNorm = 401.5589, GNorm = 0.2703, lr_0 = 1.4490e-04
Loss = 2.7861e-02, PNorm = 401.5614, GNorm = 0.3287, lr_0 = 1.4486e-04
Loss = 3.3772e-02, PNorm = 401.5635, GNorm = 0.2730, lr_0 = 1.4482e-04
Loss = 3.0056e-02, PNorm = 401.5653, GNorm = 0.3353, lr_0 = 1.4478e-04
Loss = 2.2966e-02, PNorm = 401.5676, GNorm = 0.2125, lr_0 = 1.4474e-04
Loss = 2.7204e-02, PNorm = 401.5707, GNorm = 0.1920, lr_0 = 1.4471e-04
Loss = 3.0710e-02, PNorm = 401.5733, GNorm = 0.3140, lr_0 = 1.4467e-04
Loss = 3.0213e-02, PNorm = 401.5757, GNorm = 0.2807, lr_0 = 1.4463e-04
Loss = 2.8437e-02, PNorm = 401.5790, GNorm = 0.2786, lr_0 = 1.4459e-04
Loss = 3.1895e-02, PNorm = 401.5824, GNorm = 0.3485, lr_0 = 1.4455e-04
Loss = 3.3252e-02, PNorm = 401.5869, GNorm = 0.2175, lr_0 = 1.4452e-04
Loss = 3.3286e-02, PNorm = 401.5899, GNorm = 0.5316, lr_0 = 1.4448e-04
Loss = 2.9361e-02, PNorm = 401.5934, GNorm = 0.2202, lr_0 = 1.4444e-04
Loss = 2.5149e-02, PNorm = 401.5962, GNorm = 0.2176, lr_0 = 1.4440e-04
Loss = 2.5035e-02, PNorm = 401.5996, GNorm = 0.1585, lr_0 = 1.4436e-04
Loss = 2.8108e-02, PNorm = 401.6028, GNorm = 0.3905, lr_0 = 1.4433e-04
Loss = 3.1497e-02, PNorm = 401.6071, GNorm = 0.2467, lr_0 = 1.4429e-04
Loss = 3.0438e-02, PNorm = 401.6113, GNorm = 0.2055, lr_0 = 1.4425e-04
Loss = 2.9427e-02, PNorm = 401.6149, GNorm = 0.2077, lr_0 = 1.4421e-04
Loss = 3.2770e-02, PNorm = 401.6187, GNorm = 0.3847, lr_0 = 1.4417e-04
Loss = 3.3849e-02, PNorm = 401.6224, GNorm = 0.4588, lr_0 = 1.4414e-04
Loss = 2.6322e-02, PNorm = 401.6259, GNorm = 0.2310, lr_0 = 1.4410e-04
Loss = 2.8671e-02, PNorm = 401.6293, GNorm = 0.2469, lr_0 = 1.4406e-04
Loss = 3.4121e-02, PNorm = 401.6319, GNorm = 0.4674, lr_0 = 1.4402e-04
Loss = 2.8034e-02, PNorm = 401.6341, GNorm = 0.4138, lr_0 = 1.4399e-04
Loss = 4.0732e-02, PNorm = 401.6366, GNorm = 0.5902, lr_0 = 1.4395e-04
Loss = 2.9436e-02, PNorm = 401.6389, GNorm = 0.1779, lr_0 = 1.4391e-04
Loss = 3.2348e-02, PNorm = 401.6420, GNorm = 0.2069, lr_0 = 1.4387e-04
Loss = 2.5563e-02, PNorm = 401.6448, GNorm = 0.2290, lr_0 = 1.4383e-04
Loss = 3.2998e-02, PNorm = 401.6486, GNorm = 0.4001, lr_0 = 1.4380e-04
Loss = 2.8171e-02, PNorm = 401.6511, GNorm = 0.2346, lr_0 = 1.4376e-04
Loss = 2.9100e-02, PNorm = 401.6542, GNorm = 0.3314, lr_0 = 1.4372e-04
Loss = 3.6122e-02, PNorm = 401.6587, GNorm = 0.3120, lr_0 = 1.4368e-04
Loss = 2.9991e-02, PNorm = 401.6627, GNorm = 0.2685, lr_0 = 1.4364e-04
Loss = 2.4892e-02, PNorm = 401.6656, GNorm = 0.4573, lr_0 = 1.4361e-04
Loss = 2.5761e-02, PNorm = 401.6678, GNorm = 0.2173, lr_0 = 1.4357e-04
Loss = 3.6654e-02, PNorm = 401.6706, GNorm = 0.2274, lr_0 = 1.4353e-04
Loss = 3.2036e-02, PNorm = 401.6742, GNorm = 0.2181, lr_0 = 1.4349e-04
Loss = 2.9799e-02, PNorm = 401.6781, GNorm = 0.2503, lr_0 = 1.4346e-04
Loss = 3.4046e-02, PNorm = 401.6816, GNorm = 0.3773, lr_0 = 1.4342e-04
Loss = 3.1727e-02, PNorm = 401.6840, GNorm = 0.2253, lr_0 = 1.4338e-04
Loss = 3.2095e-02, PNorm = 401.6877, GNorm = 0.2790, lr_0 = 1.4334e-04
Loss = 2.8867e-02, PNorm = 401.6907, GNorm = 0.2717, lr_0 = 1.4330e-04
Loss = 2.7035e-02, PNorm = 401.6933, GNorm = 0.2418, lr_0 = 1.4327e-04
Loss = 2.6415e-02, PNorm = 401.6963, GNorm = 0.2496, lr_0 = 1.4323e-04
Loss = 3.3426e-02, PNorm = 401.6993, GNorm = 0.1959, lr_0 = 1.4319e-04
Loss = 2.5188e-02, PNorm = 401.7027, GNorm = 0.2528, lr_0 = 1.4315e-04
Loss = 2.5473e-02, PNorm = 401.7068, GNorm = 0.2670, lr_0 = 1.4312e-04
Loss = 2.5984e-02, PNorm = 401.7107, GNorm = 0.2995, lr_0 = 1.4308e-04
Loss = 2.6168e-02, PNorm = 401.7139, GNorm = 0.2475, lr_0 = 1.4304e-04
Loss = 2.9127e-02, PNorm = 401.7165, GNorm = 0.2127, lr_0 = 1.4300e-04
Loss = 3.1245e-02, PNorm = 401.7196, GNorm = 0.2338, lr_0 = 1.4297e-04
Loss = 2.5758e-02, PNorm = 401.7225, GNorm = 0.1932, lr_0 = 1.4293e-04
Loss = 2.8665e-02, PNorm = 401.7251, GNorm = 0.3465, lr_0 = 1.4289e-04
Loss = 3.9364e-02, PNorm = 401.7287, GNorm = 0.4204, lr_0 = 1.4285e-04
Loss = 2.8410e-02, PNorm = 401.7313, GNorm = 0.2064, lr_0 = 1.4282e-04
Loss = 3.9204e-02, PNorm = 401.7345, GNorm = 0.5066, lr_0 = 1.4278e-04
Loss = 3.1315e-02, PNorm = 401.7380, GNorm = 0.3797, lr_0 = 1.4274e-04
Loss = 3.2386e-02, PNorm = 401.7414, GNorm = 0.4017, lr_0 = 1.4270e-04
Loss = 2.9446e-02, PNorm = 401.7444, GNorm = 0.2658, lr_0 = 1.4267e-04
Loss = 4.0208e-02, PNorm = 401.7475, GNorm = 0.4302, lr_0 = 1.4263e-04
Loss = 2.6131e-02, PNorm = 401.7513, GNorm = 0.2083, lr_0 = 1.4259e-04
Loss = 3.2643e-02, PNorm = 401.7553, GNorm = 0.2141, lr_0 = 1.4255e-04
Loss = 2.9750e-02, PNorm = 401.7586, GNorm = 0.2520, lr_0 = 1.4252e-04
Loss = 3.4568e-02, PNorm = 401.7622, GNorm = 0.3303, lr_0 = 1.4248e-04
Loss = 2.6963e-02, PNorm = 401.7654, GNorm = 0.3179, lr_0 = 1.4244e-04
Loss = 2.7285e-02, PNorm = 401.7670, GNorm = 0.2265, lr_0 = 1.4240e-04
Loss = 3.6153e-02, PNorm = 401.7695, GNorm = 0.3897, lr_0 = 1.4237e-04
Loss = 2.8373e-02, PNorm = 401.7728, GNorm = 0.2520, lr_0 = 1.4233e-04
Loss = 3.1216e-02, PNorm = 401.7761, GNorm = 0.2115, lr_0 = 1.4229e-04
Loss = 2.2620e-02, PNorm = 401.7790, GNorm = 0.1750, lr_0 = 1.4225e-04
Loss = 3.5228e-02, PNorm = 401.7831, GNorm = 0.2847, lr_0 = 1.4222e-04
Loss = 2.4317e-02, PNorm = 401.7866, GNorm = 0.2692, lr_0 = 1.4218e-04
Loss = 3.3259e-02, PNorm = 401.7900, GNorm = 0.2579, lr_0 = 1.4214e-04
Loss = 3.0606e-02, PNorm = 401.7930, GNorm = 0.2947, lr_0 = 1.4210e-04
Loss = 2.9757e-02, PNorm = 401.7953, GNorm = 0.2153, lr_0 = 1.4207e-04
Loss = 2.6175e-02, PNorm = 401.7977, GNorm = 0.1617, lr_0 = 1.4203e-04
Loss = 2.8541e-02, PNorm = 401.8010, GNorm = 0.2233, lr_0 = 1.4199e-04
Loss = 2.9075e-02, PNorm = 401.8043, GNorm = 0.2789, lr_0 = 1.4195e-04
Validation rmse = 3.410325
Epoch 85
Loss = 2.3212e-02, PNorm = 401.8078, GNorm = 0.1789, lr_0 = 1.4192e-04
Loss = 2.8953e-02, PNorm = 401.8113, GNorm = 0.2490, lr_0 = 1.4188e-04
Loss = 2.3471e-02, PNorm = 401.8148, GNorm = 0.2106, lr_0 = 1.4184e-04
Loss = 3.7684e-02, PNorm = 401.8184, GNorm = 0.3015, lr_0 = 1.4180e-04
Loss = 3.0253e-02, PNorm = 401.8219, GNorm = 0.3669, lr_0 = 1.4177e-04
Loss = 2.7891e-02, PNorm = 401.8250, GNorm = 0.2901, lr_0 = 1.4173e-04
Loss = 2.7831e-02, PNorm = 401.8282, GNorm = 0.2360, lr_0 = 1.4169e-04
Loss = 3.0310e-02, PNorm = 401.8314, GNorm = 0.2963, lr_0 = 1.4166e-04
Loss = 3.3690e-02, PNorm = 401.8347, GNorm = 0.2972, lr_0 = 1.4162e-04
Loss = 2.7060e-02, PNorm = 401.8379, GNorm = 0.2509, lr_0 = 1.4158e-04
Loss = 2.4713e-02, PNorm = 401.8413, GNorm = 0.2489, lr_0 = 1.4154e-04
Loss = 3.2816e-02, PNorm = 401.8446, GNorm = 0.3159, lr_0 = 1.4151e-04
Loss = 2.4519e-02, PNorm = 401.8472, GNorm = 0.1875, lr_0 = 1.4147e-04
Loss = 2.6982e-02, PNorm = 401.8499, GNorm = 0.2506, lr_0 = 1.4143e-04
Loss = 3.2900e-02, PNorm = 401.8533, GNorm = 0.2445, lr_0 = 1.4139e-04
Loss = 2.8971e-02, PNorm = 401.8571, GNorm = 0.2156, lr_0 = 1.4136e-04
Loss = 2.9016e-02, PNorm = 401.8605, GNorm = 0.2459, lr_0 = 1.4132e-04
Loss = 2.5808e-02, PNorm = 401.8638, GNorm = 0.2979, lr_0 = 1.4128e-04
Loss = 3.2457e-02, PNorm = 401.8663, GNorm = 0.2842, lr_0 = 1.4125e-04
Loss = 2.6091e-02, PNorm = 401.8686, GNorm = 0.2129, lr_0 = 1.4121e-04
Loss = 2.6991e-02, PNorm = 401.8706, GNorm = 0.2412, lr_0 = 1.4117e-04
Loss = 2.7131e-02, PNorm = 401.8724, GNorm = 0.3031, lr_0 = 1.4113e-04
Loss = 3.7409e-02, PNorm = 401.8759, GNorm = 0.2660, lr_0 = 1.4110e-04
Loss = 5.1616e-02, PNorm = 401.8787, GNorm = 0.3023, lr_0 = 1.4106e-04
Loss = 2.3434e-02, PNorm = 401.8817, GNorm = 0.2668, lr_0 = 1.4102e-04
Loss = 2.9921e-02, PNorm = 401.8847, GNorm = 0.2400, lr_0 = 1.4099e-04
Loss = 3.2477e-02, PNorm = 401.8884, GNorm = 0.2282, lr_0 = 1.4095e-04
Loss = 3.2485e-02, PNorm = 401.8931, GNorm = 0.1740, lr_0 = 1.4091e-04
Loss = 3.6545e-02, PNorm = 401.8967, GNorm = 0.2634, lr_0 = 1.4087e-04
Loss = 2.5518e-02, PNorm = 401.8992, GNorm = 0.2352, lr_0 = 1.4084e-04
Loss = 3.3093e-02, PNorm = 401.9019, GNorm = 0.2549, lr_0 = 1.4080e-04
Loss = 3.9966e-02, PNorm = 401.9047, GNorm = 0.4322, lr_0 = 1.4076e-04
Loss = 3.7783e-02, PNorm = 401.9086, GNorm = 0.4579, lr_0 = 1.4073e-04
Loss = 3.5429e-02, PNorm = 401.9122, GNorm = 0.2480, lr_0 = 1.4069e-04
Loss = 4.1855e-02, PNorm = 401.9157, GNorm = 0.1938, lr_0 = 1.4065e-04
Loss = 2.3758e-02, PNorm = 401.9192, GNorm = 0.3270, lr_0 = 1.4062e-04
Loss = 3.5061e-02, PNorm = 401.9228, GNorm = 0.3420, lr_0 = 1.4058e-04
Loss = 2.6562e-02, PNorm = 401.9253, GNorm = 0.3773, lr_0 = 1.4054e-04
Loss = 3.5454e-02, PNorm = 401.9282, GNorm = 0.2919, lr_0 = 1.4050e-04
Loss = 3.3414e-02, PNorm = 401.9313, GNorm = 0.3111, lr_0 = 1.4047e-04
Loss = 3.4955e-02, PNorm = 401.9328, GNorm = 0.2241, lr_0 = 1.4043e-04
Loss = 2.6811e-02, PNorm = 401.9349, GNorm = 0.2691, lr_0 = 1.4039e-04
Loss = 3.1085e-02, PNorm = 401.9381, GNorm = 0.1582, lr_0 = 1.4036e-04
Loss = 2.7670e-02, PNorm = 401.9405, GNorm = 0.2261, lr_0 = 1.4032e-04
Loss = 3.3041e-02, PNorm = 401.9431, GNorm = 0.8119, lr_0 = 1.4028e-04
Loss = 3.1538e-02, PNorm = 401.9456, GNorm = 0.2121, lr_0 = 1.4025e-04
Loss = 3.3122e-02, PNorm = 401.9488, GNorm = 0.2616, lr_0 = 1.4021e-04
Loss = 4.1793e-02, PNorm = 401.9530, GNorm = 0.2112, lr_0 = 1.4017e-04
Loss = 2.9815e-02, PNorm = 401.9563, GNorm = 0.1826, lr_0 = 1.4014e-04
Loss = 2.8256e-02, PNorm = 401.9593, GNorm = 0.2288, lr_0 = 1.4010e-04
Loss = 2.3603e-02, PNorm = 401.9615, GNorm = 0.2403, lr_0 = 1.4006e-04
Loss = 3.1487e-02, PNorm = 401.9639, GNorm = 0.3434, lr_0 = 1.4002e-04
Loss = 2.9108e-02, PNorm = 401.9673, GNorm = 0.1976, lr_0 = 1.3999e-04
Loss = 3.1247e-02, PNorm = 401.9709, GNorm = 0.2696, lr_0 = 1.3995e-04
Loss = 3.4346e-02, PNorm = 401.9747, GNorm = 0.4234, lr_0 = 1.3991e-04
Loss = 2.6873e-02, PNorm = 401.9776, GNorm = 0.3116, lr_0 = 1.3988e-04
Loss = 2.7028e-02, PNorm = 401.9800, GNorm = 0.2828, lr_0 = 1.3984e-04
Loss = 3.4406e-02, PNorm = 401.9836, GNorm = 0.2789, lr_0 = 1.3980e-04
Loss = 2.7958e-02, PNorm = 401.9865, GNorm = 0.2064, lr_0 = 1.3977e-04
Loss = 2.7390e-02, PNorm = 401.9889, GNorm = 0.2127, lr_0 = 1.3973e-04
Loss = 3.1427e-02, PNorm = 401.9911, GNorm = 0.2053, lr_0 = 1.3969e-04
Loss = 2.5239e-02, PNorm = 401.9936, GNorm = 0.4260, lr_0 = 1.3966e-04
Loss = 4.2921e-02, PNorm = 401.9974, GNorm = 0.2211, lr_0 = 1.3962e-04
Loss = 3.0114e-02, PNorm = 402.0010, GNorm = 0.2224, lr_0 = 1.3958e-04
Loss = 3.2639e-02, PNorm = 402.0042, GNorm = 0.2216, lr_0 = 1.3955e-04
Loss = 2.6139e-02, PNorm = 402.0065, GNorm = 0.2269, lr_0 = 1.3951e-04
Loss = 2.9643e-02, PNorm = 402.0078, GNorm = 0.3218, lr_0 = 1.3947e-04
Loss = 3.3294e-02, PNorm = 402.0091, GNorm = 0.3731, lr_0 = 1.3944e-04
Loss = 2.9055e-02, PNorm = 402.0125, GNorm = 0.3651, lr_0 = 1.3940e-04
Loss = 2.9217e-02, PNorm = 402.0152, GNorm = 0.2037, lr_0 = 1.3936e-04
Loss = 2.7282e-02, PNorm = 402.0188, GNorm = 0.3099, lr_0 = 1.3933e-04
Loss = 2.9528e-02, PNorm = 402.0216, GNorm = 0.3191, lr_0 = 1.3929e-04
Loss = 3.2631e-02, PNorm = 402.0241, GNorm = 0.4242, lr_0 = 1.3925e-04
Loss = 2.8523e-02, PNorm = 402.0271, GNorm = 0.3778, lr_0 = 1.3922e-04
Loss = 2.5827e-02, PNorm = 402.0307, GNorm = 0.3778, lr_0 = 1.3918e-04
Loss = 3.8492e-02, PNorm = 402.0335, GNorm = 0.2508, lr_0 = 1.3914e-04
Loss = 3.5015e-02, PNorm = 402.0355, GNorm = 0.2289, lr_0 = 1.3911e-04
Loss = 2.8953e-02, PNorm = 402.0380, GNorm = 0.2954, lr_0 = 1.3907e-04
Loss = 2.4078e-02, PNorm = 402.0406, GNorm = 0.1920, lr_0 = 1.3903e-04
Loss = 3.3393e-02, PNorm = 402.0440, GNorm = 0.2754, lr_0 = 1.3900e-04
Loss = 2.5459e-02, PNorm = 402.0470, GNorm = 0.2118, lr_0 = 1.3896e-04
Loss = 2.9863e-02, PNorm = 402.0505, GNorm = 0.3610, lr_0 = 1.3892e-04
Loss = 2.7067e-02, PNorm = 402.0537, GNorm = 0.2881, lr_0 = 1.3889e-04
Loss = 2.9006e-02, PNorm = 402.0564, GNorm = 0.3031, lr_0 = 1.3885e-04
Loss = 3.1720e-02, PNorm = 402.0598, GNorm = 0.2448, lr_0 = 1.3881e-04
Loss = 2.9812e-02, PNorm = 402.0628, GNorm = 0.2546, lr_0 = 1.3878e-04
Loss = 3.3346e-02, PNorm = 402.0653, GNorm = 0.2639, lr_0 = 1.3874e-04
Loss = 2.5633e-02, PNorm = 402.0687, GNorm = 0.3827, lr_0 = 1.3870e-04
Loss = 2.3719e-02, PNorm = 402.0724, GNorm = 0.2143, lr_0 = 1.3867e-04
Loss = 2.5585e-02, PNorm = 402.0762, GNorm = 0.2495, lr_0 = 1.3863e-04
Validation rmse = 3.392392
Epoch 86
Loss = 2.8315e-02, PNorm = 402.0791, GNorm = 0.2960, lr_0 = 1.3860e-04
Loss = 2.6676e-02, PNorm = 402.0822, GNorm = 0.1825, lr_0 = 1.3856e-04
Loss = 2.6541e-02, PNorm = 402.0851, GNorm = 0.2271, lr_0 = 1.3852e-04
Loss = 2.9649e-02, PNorm = 402.0875, GNorm = 0.2954, lr_0 = 1.3849e-04
Loss = 3.6700e-02, PNorm = 402.0904, GNorm = 0.3166, lr_0 = 1.3845e-04
Loss = 2.7400e-02, PNorm = 402.0931, GNorm = 0.2805, lr_0 = 1.3841e-04
Loss = 2.9195e-02, PNorm = 402.0956, GNorm = 0.1797, lr_0 = 1.3838e-04
Loss = 2.7856e-02, PNorm = 402.0982, GNorm = 0.3089, lr_0 = 1.3834e-04
Loss = 2.6208e-02, PNorm = 402.1003, GNorm = 0.2822, lr_0 = 1.3830e-04
Loss = 2.7224e-02, PNorm = 402.1024, GNorm = 0.3177, lr_0 = 1.3827e-04
Loss = 2.2456e-02, PNorm = 402.1050, GNorm = 0.1688, lr_0 = 1.3823e-04
Loss = 4.8832e-02, PNorm = 402.1069, GNorm = 0.2792, lr_0 = 1.3819e-04
Loss = 3.0748e-02, PNorm = 402.1091, GNorm = 0.2003, lr_0 = 1.3816e-04
Loss = 2.6186e-02, PNorm = 402.1117, GNorm = 0.1976, lr_0 = 1.3812e-04
Loss = 3.5459e-02, PNorm = 402.1142, GNorm = 0.1937, lr_0 = 1.3809e-04
Loss = 2.8099e-02, PNorm = 402.1164, GNorm = 0.2735, lr_0 = 1.3805e-04
Loss = 3.1371e-02, PNorm = 402.1196, GNorm = 0.2343, lr_0 = 1.3801e-04
Loss = 2.8868e-02, PNorm = 402.1216, GNorm = 0.4547, lr_0 = 1.3798e-04
Loss = 3.0819e-02, PNorm = 402.1255, GNorm = 0.2308, lr_0 = 1.3794e-04
Loss = 2.2520e-02, PNorm = 402.1288, GNorm = 0.2026, lr_0 = 1.3790e-04
Loss = 3.0149e-02, PNorm = 402.1306, GNorm = 0.3264, lr_0 = 1.3787e-04
Loss = 3.0177e-02, PNorm = 402.1329, GNorm = 0.2208, lr_0 = 1.3783e-04
Loss = 2.3064e-02, PNorm = 402.1354, GNorm = 0.2029, lr_0 = 1.3780e-04
Loss = 3.4381e-02, PNorm = 402.1387, GNorm = 0.2599, lr_0 = 1.3776e-04
Loss = 2.7565e-02, PNorm = 402.1424, GNorm = 0.2182, lr_0 = 1.3772e-04
Loss = 3.3161e-02, PNorm = 402.1447, GNorm = 0.1630, lr_0 = 1.3769e-04
Loss = 3.0213e-02, PNorm = 402.1475, GNorm = 0.2114, lr_0 = 1.3765e-04
Loss = 2.7525e-02, PNorm = 402.1502, GNorm = 0.2542, lr_0 = 1.3761e-04
Loss = 2.5802e-02, PNorm = 402.1529, GNorm = 0.2642, lr_0 = 1.3758e-04
Loss = 3.1862e-02, PNorm = 402.1563, GNorm = 0.3324, lr_0 = 1.3754e-04
Loss = 2.5773e-02, PNorm = 402.1589, GNorm = 0.2429, lr_0 = 1.3751e-04
Loss = 3.1141e-02, PNorm = 402.1627, GNorm = 0.2421, lr_0 = 1.3747e-04
Loss = 2.5998e-02, PNorm = 402.1654, GNorm = 0.2390, lr_0 = 1.3743e-04
Loss = 3.5393e-02, PNorm = 402.1677, GNorm = 0.2601, lr_0 = 1.3740e-04
Loss = 3.1788e-02, PNorm = 402.1716, GNorm = 0.2265, lr_0 = 1.3736e-04
Loss = 2.7393e-02, PNorm = 402.1751, GNorm = 0.3072, lr_0 = 1.3732e-04
Loss = 2.7579e-02, PNorm = 402.1793, GNorm = 0.2346, lr_0 = 1.3729e-04
Loss = 3.1216e-02, PNorm = 402.1820, GNorm = 0.2382, lr_0 = 1.3725e-04
Loss = 4.3232e-02, PNorm = 402.1858, GNorm = 0.2634, lr_0 = 1.3722e-04
Loss = 3.3403e-02, PNorm = 402.1901, GNorm = 0.2135, lr_0 = 1.3718e-04
Loss = 3.0118e-02, PNorm = 402.1933, GNorm = 0.2668, lr_0 = 1.3714e-04
Loss = 3.2484e-02, PNorm = 402.1977, GNorm = 0.2322, lr_0 = 1.3711e-04
Loss = 3.2017e-02, PNorm = 402.2013, GNorm = 0.2588, lr_0 = 1.3707e-04
Loss = 3.0545e-02, PNorm = 402.2039, GNorm = 0.1905, lr_0 = 1.3704e-04
Loss = 2.6510e-02, PNorm = 402.2074, GNorm = 0.2115, lr_0 = 1.3700e-04
Loss = 2.8983e-02, PNorm = 402.2104, GNorm = 0.3610, lr_0 = 1.3696e-04
Loss = 2.7673e-02, PNorm = 402.2132, GNorm = 0.1925, lr_0 = 1.3693e-04
Loss = 2.6337e-02, PNorm = 402.2158, GNorm = 0.2616, lr_0 = 1.3689e-04
Loss = 3.3435e-02, PNorm = 402.2183, GNorm = 0.2318, lr_0 = 1.3686e-04
Loss = 2.6631e-02, PNorm = 402.2208, GNorm = 0.2991, lr_0 = 1.3682e-04
Loss = 2.9690e-02, PNorm = 402.2227, GNorm = 0.2117, lr_0 = 1.3678e-04
Loss = 2.8072e-02, PNorm = 402.2255, GNorm = 0.3956, lr_0 = 1.3675e-04
Loss = 3.3133e-02, PNorm = 402.2284, GNorm = 0.2223, lr_0 = 1.3671e-04
Loss = 3.9688e-02, PNorm = 402.2312, GNorm = 0.2331, lr_0 = 1.3668e-04
Loss = 2.4130e-02, PNorm = 402.2346, GNorm = 0.2339, lr_0 = 1.3664e-04
Loss = 2.8850e-02, PNorm = 402.2374, GNorm = 0.1901, lr_0 = 1.3660e-04
Loss = 3.5619e-02, PNorm = 402.2408, GNorm = 0.2842, lr_0 = 1.3657e-04
Loss = 2.9971e-02, PNorm = 402.2432, GNorm = 0.2557, lr_0 = 1.3653e-04
Loss = 2.3034e-02, PNorm = 402.2462, GNorm = 0.2085, lr_0 = 1.3650e-04
Loss = 2.2689e-02, PNorm = 402.2502, GNorm = 0.3808, lr_0 = 1.3646e-04
Loss = 4.1856e-02, PNorm = 402.2538, GNorm = 0.2506, lr_0 = 1.3642e-04
Loss = 3.7945e-02, PNorm = 402.2577, GNorm = 0.3024, lr_0 = 1.3639e-04
Loss = 3.0050e-02, PNorm = 402.2622, GNorm = 0.3823, lr_0 = 1.3635e-04
Loss = 2.9340e-02, PNorm = 402.2646, GNorm = 0.2432, lr_0 = 1.3632e-04
Loss = 2.7943e-02, PNorm = 402.2676, GNorm = 0.2276, lr_0 = 1.3628e-04
Loss = 3.6796e-02, PNorm = 402.2710, GNorm = 0.1650, lr_0 = 1.3625e-04
Loss = 2.1606e-02, PNorm = 402.2741, GNorm = 0.1700, lr_0 = 1.3621e-04
Loss = 3.3755e-02, PNorm = 402.2766, GNorm = 0.2778, lr_0 = 1.3617e-04
Loss = 2.7614e-02, PNorm = 402.2789, GNorm = 0.2108, lr_0 = 1.3614e-04
Loss = 3.1608e-02, PNorm = 402.2822, GNorm = 0.2180, lr_0 = 1.3610e-04
Loss = 2.5906e-02, PNorm = 402.2862, GNorm = 0.3728, lr_0 = 1.3607e-04
Loss = 2.5517e-02, PNorm = 402.2900, GNorm = 0.1879, lr_0 = 1.3603e-04
Loss = 3.3983e-02, PNorm = 402.2925, GNorm = 0.1557, lr_0 = 1.3599e-04
Loss = 2.4361e-02, PNorm = 402.2959, GNorm = 0.2244, lr_0 = 1.3596e-04
Loss = 2.8576e-02, PNorm = 402.2991, GNorm = 0.2207, lr_0 = 1.3592e-04
Loss = 3.8164e-02, PNorm = 402.3023, GNorm = 0.2085, lr_0 = 1.3589e-04
Loss = 2.8879e-02, PNorm = 402.3058, GNorm = 0.2585, lr_0 = 1.3585e-04
Loss = 3.0001e-02, PNorm = 402.3087, GNorm = 0.1724, lr_0 = 1.3582e-04
Loss = 2.8525e-02, PNorm = 402.3111, GNorm = 0.3079, lr_0 = 1.3578e-04
Loss = 2.5390e-02, PNorm = 402.3129, GNorm = 0.2740, lr_0 = 1.3574e-04
Loss = 2.6521e-02, PNorm = 402.3146, GNorm = 0.1825, lr_0 = 1.3571e-04
Loss = 2.8987e-02, PNorm = 402.3171, GNorm = 0.2208, lr_0 = 1.3567e-04
Loss = 2.9520e-02, PNorm = 402.3193, GNorm = 0.2789, lr_0 = 1.3564e-04
Loss = 2.9289e-02, PNorm = 402.3213, GNorm = 0.2750, lr_0 = 1.3560e-04
Loss = 2.5444e-02, PNorm = 402.3240, GNorm = 0.2631, lr_0 = 1.3557e-04
Loss = 2.4108e-02, PNorm = 402.3271, GNorm = 0.2076, lr_0 = 1.3553e-04
Loss = 2.8010e-02, PNorm = 402.3288, GNorm = 0.2862, lr_0 = 1.3549e-04
Loss = 3.0070e-02, PNorm = 402.3309, GNorm = 0.2857, lr_0 = 1.3546e-04
Loss = 3.1134e-02, PNorm = 402.3340, GNorm = 0.2549, lr_0 = 1.3542e-04
Validation rmse = 3.399261
Epoch 87
Loss = 3.1820e-02, PNorm = 402.3370, GNorm = 0.2512, lr_0 = 1.3539e-04
Loss = 2.3837e-02, PNorm = 402.3398, GNorm = 0.2472, lr_0 = 1.3535e-04
Loss = 2.5291e-02, PNorm = 402.3434, GNorm = 0.1960, lr_0 = 1.3532e-04
Loss = 2.7070e-02, PNorm = 402.3473, GNorm = 0.3771, lr_0 = 1.3528e-04
Loss = 3.3456e-02, PNorm = 402.3513, GNorm = 0.2661, lr_0 = 1.3525e-04
Loss = 3.1151e-02, PNorm = 402.3542, GNorm = 0.1795, lr_0 = 1.3521e-04
Loss = 2.3829e-02, PNorm = 402.3576, GNorm = 0.1820, lr_0 = 1.3517e-04
Loss = 2.7646e-02, PNorm = 402.3606, GNorm = 0.3778, lr_0 = 1.3514e-04
Loss = 3.2000e-02, PNorm = 402.3638, GNorm = 0.1856, lr_0 = 1.3510e-04
Loss = 2.5630e-02, PNorm = 402.3665, GNorm = 0.2577, lr_0 = 1.3507e-04
Loss = 3.0034e-02, PNorm = 402.3684, GNorm = 0.2172, lr_0 = 1.3503e-04
Loss = 3.4273e-02, PNorm = 402.3708, GNorm = 0.2542, lr_0 = 1.3500e-04
Loss = 2.8320e-02, PNorm = 402.3736, GNorm = 0.2341, lr_0 = 1.3496e-04
Loss = 2.6649e-02, PNorm = 402.3755, GNorm = 0.2562, lr_0 = 1.3493e-04
Loss = 2.2301e-02, PNorm = 402.3772, GNorm = 0.3088, lr_0 = 1.3489e-04
Loss = 2.8889e-02, PNorm = 402.3808, GNorm = 0.3668, lr_0 = 1.3485e-04
Loss = 3.0336e-02, PNorm = 402.3841, GNorm = 0.2895, lr_0 = 1.3482e-04
Loss = 2.5903e-02, PNorm = 402.3871, GNorm = 0.1992, lr_0 = 1.3478e-04
Loss = 2.3144e-02, PNorm = 402.3897, GNorm = 0.2222, lr_0 = 1.3475e-04
Loss = 3.0618e-02, PNorm = 402.3921, GNorm = 0.4048, lr_0 = 1.3471e-04
Loss = 2.8482e-02, PNorm = 402.3961, GNorm = 0.2442, lr_0 = 1.3468e-04
Loss = 2.9867e-02, PNorm = 402.3990, GNorm = 0.2361, lr_0 = 1.3464e-04
Loss = 2.2805e-02, PNorm = 402.4009, GNorm = 0.2205, lr_0 = 1.3461e-04
Loss = 2.7404e-02, PNorm = 402.4030, GNorm = 0.2058, lr_0 = 1.3457e-04
Loss = 3.5538e-02, PNorm = 402.4056, GNorm = 0.2330, lr_0 = 1.3454e-04
Loss = 3.3434e-02, PNorm = 402.4084, GNorm = 0.2004, lr_0 = 1.3450e-04
Loss = 2.6075e-02, PNorm = 402.4114, GNorm = 0.3743, lr_0 = 1.3446e-04
Loss = 2.3990e-02, PNorm = 402.4148, GNorm = 0.2415, lr_0 = 1.3443e-04
Loss = 2.9375e-02, PNorm = 402.4181, GNorm = 0.2230, lr_0 = 1.3439e-04
Loss = 5.8512e-02, PNorm = 402.4215, GNorm = 0.3926, lr_0 = 1.3436e-04
Loss = 3.0639e-02, PNorm = 402.4256, GNorm = 0.3954, lr_0 = 1.3432e-04
Loss = 2.5956e-02, PNorm = 402.4295, GNorm = 0.1852, lr_0 = 1.3429e-04
Loss = 3.6862e-02, PNorm = 402.4332, GNorm = 0.2391, lr_0 = 1.3425e-04
Loss = 2.2889e-02, PNorm = 402.4359, GNorm = 0.1960, lr_0 = 1.3422e-04
Loss = 2.7508e-02, PNorm = 402.4395, GNorm = 0.2450, lr_0 = 1.3418e-04
Loss = 2.6633e-02, PNorm = 402.4427, GNorm = 0.2177, lr_0 = 1.3415e-04
Loss = 3.5322e-02, PNorm = 402.4460, GNorm = 0.3140, lr_0 = 1.3411e-04
Loss = 2.8836e-02, PNorm = 402.4483, GNorm = 0.2175, lr_0 = 1.3408e-04
Loss = 3.0593e-02, PNorm = 402.4518, GNorm = 0.2565, lr_0 = 1.3404e-04
Loss = 2.6989e-02, PNorm = 402.4555, GNorm = 0.3687, lr_0 = 1.3401e-04
Loss = 2.8280e-02, PNorm = 402.4588, GNorm = 0.2644, lr_0 = 1.3397e-04
Loss = 2.5815e-02, PNorm = 402.4606, GNorm = 0.4914, lr_0 = 1.3393e-04
Loss = 2.5722e-02, PNorm = 402.4630, GNorm = 0.4930, lr_0 = 1.3390e-04
Loss = 2.6389e-02, PNorm = 402.4663, GNorm = 0.3835, lr_0 = 1.3386e-04
Loss = 2.5918e-02, PNorm = 402.4689, GNorm = 0.2208, lr_0 = 1.3383e-04
Loss = 2.4455e-02, PNorm = 402.4715, GNorm = 0.3032, lr_0 = 1.3379e-04
Loss = 2.8436e-02, PNorm = 402.4746, GNorm = 0.3227, lr_0 = 1.3376e-04
Loss = 2.7948e-02, PNorm = 402.4790, GNorm = 0.2472, lr_0 = 1.3372e-04
Loss = 3.0364e-02, PNorm = 402.4812, GNorm = 0.2049, lr_0 = 1.3369e-04
Loss = 2.8186e-02, PNorm = 402.4834, GNorm = 0.2576, lr_0 = 1.3365e-04
Loss = 3.3411e-02, PNorm = 402.4858, GNorm = 0.4845, lr_0 = 1.3362e-04
Loss = 2.8587e-02, PNorm = 402.4890, GNorm = 0.2275, lr_0 = 1.3358e-04
Loss = 2.9104e-02, PNorm = 402.4923, GNorm = 0.2579, lr_0 = 1.3355e-04
Loss = 3.5918e-02, PNorm = 402.4948, GNorm = 0.6354, lr_0 = 1.3351e-04
Loss = 2.5767e-02, PNorm = 402.4976, GNorm = 0.2571, lr_0 = 1.3348e-04
Loss = 2.9360e-02, PNorm = 402.5011, GNorm = 0.2208, lr_0 = 1.3344e-04
Loss = 2.6669e-02, PNorm = 402.5041, GNorm = 0.1743, lr_0 = 1.3341e-04
Loss = 2.9130e-02, PNorm = 402.5072, GNorm = 0.5102, lr_0 = 1.3337e-04
Loss = 2.8132e-02, PNorm = 402.5105, GNorm = 0.2504, lr_0 = 1.3334e-04
Loss = 3.1151e-02, PNorm = 402.5137, GNorm = 0.2493, lr_0 = 1.3330e-04
Loss = 2.8922e-02, PNorm = 402.5159, GNorm = 0.2347, lr_0 = 1.3327e-04
Loss = 2.8913e-02, PNorm = 402.5184, GNorm = 0.2900, lr_0 = 1.3323e-04
Loss = 4.3214e-02, PNorm = 402.5211, GNorm = 0.2766, lr_0 = 1.3320e-04
Loss = 3.1757e-02, PNorm = 402.5236, GNorm = 0.3136, lr_0 = 1.3316e-04
Loss = 2.8823e-02, PNorm = 402.5256, GNorm = 0.3207, lr_0 = 1.3313e-04
Loss = 2.7613e-02, PNorm = 402.5289, GNorm = 0.2660, lr_0 = 1.3309e-04
Loss = 2.5001e-02, PNorm = 402.5316, GNorm = 0.2569, lr_0 = 1.3306e-04
Loss = 2.5001e-02, PNorm = 402.5341, GNorm = 0.3612, lr_0 = 1.3302e-04
Loss = 2.9272e-02, PNorm = 402.5370, GNorm = 0.1971, lr_0 = 1.3299e-04
Loss = 2.7669e-02, PNorm = 402.5403, GNorm = 0.1706, lr_0 = 1.3295e-04
Loss = 3.8540e-02, PNorm = 402.5430, GNorm = 0.2211, lr_0 = 1.3292e-04
Loss = 3.5867e-02, PNorm = 402.5448, GNorm = 0.2476, lr_0 = 1.3288e-04
Loss = 2.7436e-02, PNorm = 402.5476, GNorm = 0.3316, lr_0 = 1.3285e-04
Loss = 2.9953e-02, PNorm = 402.5514, GNorm = 0.3408, lr_0 = 1.3281e-04
Loss = 3.4985e-02, PNorm = 402.5541, GNorm = 0.2550, lr_0 = 1.3278e-04
Loss = 3.0703e-02, PNorm = 402.5569, GNorm = 0.3171, lr_0 = 1.3274e-04
Loss = 3.0449e-02, PNorm = 402.5594, GNorm = 0.2210, lr_0 = 1.3271e-04
Loss = 2.5332e-02, PNorm = 402.5623, GNorm = 0.2778, lr_0 = 1.3267e-04
Loss = 2.3109e-02, PNorm = 402.5643, GNorm = 0.2167, lr_0 = 1.3264e-04
Loss = 2.5737e-02, PNorm = 402.5664, GNorm = 0.2334, lr_0 = 1.3260e-04
Loss = 2.7476e-02, PNorm = 402.5681, GNorm = 0.2372, lr_0 = 1.3257e-04
Loss = 2.4728e-02, PNorm = 402.5704, GNorm = 0.2563, lr_0 = 1.3253e-04
Loss = 2.3216e-02, PNorm = 402.5724, GNorm = 0.3545, lr_0 = 1.3250e-04
Loss = 3.5216e-02, PNorm = 402.5750, GNorm = 0.2208, lr_0 = 1.3246e-04
Loss = 3.2909e-02, PNorm = 402.5788, GNorm = 0.2048, lr_0 = 1.3243e-04
Loss = 3.9369e-02, PNorm = 402.5820, GNorm = 0.2410, lr_0 = 1.3239e-04
Loss = 3.3597e-02, PNorm = 402.5838, GNorm = 0.2405, lr_0 = 1.3236e-04
Loss = 2.5666e-02, PNorm = 402.5867, GNorm = 0.2919, lr_0 = 1.3232e-04
Loss = 3.0490e-02, PNorm = 402.5892, GNorm = 0.3326, lr_0 = 1.3229e-04
Validation rmse = 3.381719
Epoch 88
Loss = 2.2844e-02, PNorm = 402.5920, GNorm = 0.1512, lr_0 = 1.3225e-04
Loss = 2.9694e-02, PNorm = 402.5940, GNorm = 0.5160, lr_0 = 1.3222e-04
Loss = 2.3063e-02, PNorm = 402.5965, GNorm = 0.1989, lr_0 = 1.3218e-04
Loss = 2.3394e-02, PNorm = 402.5995, GNorm = 0.1463, lr_0 = 1.3215e-04
Loss = 2.9515e-02, PNorm = 402.6021, GNorm = 0.2328, lr_0 = 1.3211e-04
Loss = 2.6942e-02, PNorm = 402.6048, GNorm = 0.2504, lr_0 = 1.3208e-04
Loss = 2.8031e-02, PNorm = 402.6082, GNorm = 0.2385, lr_0 = 1.3204e-04
Loss = 2.3509e-02, PNorm = 402.6110, GNorm = 0.1538, lr_0 = 1.3201e-04
Loss = 2.5753e-02, PNorm = 402.6128, GNorm = 0.2589, lr_0 = 1.3197e-04
Loss = 2.4781e-02, PNorm = 402.6149, GNorm = 0.2150, lr_0 = 1.3194e-04
Loss = 2.6158e-02, PNorm = 402.6178, GNorm = 0.2799, lr_0 = 1.3190e-04
Loss = 2.4077e-02, PNorm = 402.6203, GNorm = 0.1912, lr_0 = 1.3187e-04
Loss = 2.5421e-02, PNorm = 402.6224, GNorm = 0.4575, lr_0 = 1.3183e-04
Loss = 2.7931e-02, PNorm = 402.6243, GNorm = 0.3387, lr_0 = 1.3180e-04
Loss = 3.2029e-02, PNorm = 402.6275, GNorm = 0.2989, lr_0 = 1.3176e-04
Loss = 2.7437e-02, PNorm = 402.6294, GNorm = 0.1849, lr_0 = 1.3173e-04
Loss = 3.2696e-02, PNorm = 402.6323, GNorm = 0.2153, lr_0 = 1.3170e-04
Loss = 3.5890e-02, PNorm = 402.6359, GNorm = 0.3210, lr_0 = 1.3166e-04
Loss = 2.7659e-02, PNorm = 402.6394, GNorm = 0.2998, lr_0 = 1.3163e-04
Loss = 4.8029e-02, PNorm = 402.6437, GNorm = 0.2924, lr_0 = 1.3159e-04
Loss = 2.7878e-02, PNorm = 402.6471, GNorm = 0.3838, lr_0 = 1.3156e-04
Loss = 3.2885e-02, PNorm = 402.6498, GNorm = 0.4995, lr_0 = 1.3152e-04
Loss = 2.8232e-02, PNorm = 402.6530, GNorm = 0.2177, lr_0 = 1.3149e-04
Loss = 2.9752e-02, PNorm = 402.6560, GNorm = 0.2873, lr_0 = 1.3145e-04
Loss = 3.2274e-02, PNorm = 402.6595, GNorm = 0.3365, lr_0 = 1.3142e-04
Loss = 2.7717e-02, PNorm = 402.6634, GNorm = 0.2132, lr_0 = 1.3138e-04
Loss = 2.5473e-02, PNorm = 402.6657, GNorm = 0.3098, lr_0 = 1.3135e-04
Loss = 3.5884e-02, PNorm = 402.6688, GNorm = 0.3130, lr_0 = 1.3131e-04
Loss = 3.2717e-02, PNorm = 402.6715, GNorm = 0.3107, lr_0 = 1.3128e-04
Loss = 2.8124e-02, PNorm = 402.6748, GNorm = 0.2261, lr_0 = 1.3125e-04
Loss = 2.9121e-02, PNorm = 402.6773, GNorm = 0.3885, lr_0 = 1.3121e-04
Loss = 2.3164e-02, PNorm = 402.6797, GNorm = 0.1955, lr_0 = 1.3118e-04
Loss = 2.9597e-02, PNorm = 402.6825, GNorm = 0.3449, lr_0 = 1.3114e-04
Loss = 2.9925e-02, PNorm = 402.6851, GNorm = 0.3986, lr_0 = 1.3111e-04
Loss = 2.5963e-02, PNorm = 402.6890, GNorm = 0.5411, lr_0 = 1.3107e-04
Loss = 2.9851e-02, PNorm = 402.6916, GNorm = 0.2624, lr_0 = 1.3104e-04
Loss = 2.4612e-02, PNorm = 402.6948, GNorm = 0.3097, lr_0 = 1.3100e-04
Loss = 3.0988e-02, PNorm = 402.6981, GNorm = 0.2002, lr_0 = 1.3097e-04
Loss = 3.6622e-02, PNorm = 402.7002, GNorm = 0.2110, lr_0 = 1.3093e-04
Loss = 2.9923e-02, PNorm = 402.7025, GNorm = 0.2666, lr_0 = 1.3090e-04
Loss = 2.6250e-02, PNorm = 402.7051, GNorm = 0.4218, lr_0 = 1.3087e-04
Loss = 2.7058e-02, PNorm = 402.7069, GNorm = 0.2677, lr_0 = 1.3083e-04
Loss = 3.3804e-02, PNorm = 402.7097, GNorm = 0.2760, lr_0 = 1.3080e-04
Loss = 3.5237e-02, PNorm = 402.7130, GNorm = 0.1822, lr_0 = 1.3076e-04
Loss = 2.5635e-02, PNorm = 402.7168, GNorm = 0.1941, lr_0 = 1.3073e-04
Loss = 3.2788e-02, PNorm = 402.7196, GNorm = 0.2639, lr_0 = 1.3069e-04
Loss = 2.9357e-02, PNorm = 402.7230, GNorm = 0.3202, lr_0 = 1.3066e-04
Loss = 2.4856e-02, PNorm = 402.7256, GNorm = 0.2090, lr_0 = 1.3063e-04
Loss = 2.5876e-02, PNorm = 402.7283, GNorm = 0.2566, lr_0 = 1.3059e-04
Loss = 3.0120e-02, PNorm = 402.7325, GNorm = 0.2270, lr_0 = 1.3056e-04
Loss = 2.9994e-02, PNorm = 402.7352, GNorm = 0.2222, lr_0 = 1.3052e-04
Loss = 2.8476e-02, PNorm = 402.7381, GNorm = 0.1599, lr_0 = 1.3049e-04
Loss = 4.5445e-02, PNorm = 402.7398, GNorm = 0.5343, lr_0 = 1.3045e-04
Loss = 2.5762e-02, PNorm = 402.7436, GNorm = 0.1932, lr_0 = 1.3042e-04
Loss = 2.6821e-02, PNorm = 402.7463, GNorm = 0.1854, lr_0 = 1.3038e-04
Loss = 3.0352e-02, PNorm = 402.7485, GNorm = 0.3146, lr_0 = 1.3035e-04
Loss = 2.8322e-02, PNorm = 402.7515, GNorm = 0.3190, lr_0 = 1.3032e-04
Loss = 2.8771e-02, PNorm = 402.7539, GNorm = 0.1868, lr_0 = 1.3028e-04
Loss = 2.6391e-02, PNorm = 402.7567, GNorm = 0.3032, lr_0 = 1.3025e-04
Loss = 2.8834e-02, PNorm = 402.7596, GNorm = 0.4517, lr_0 = 1.3021e-04
Loss = 2.3749e-02, PNorm = 402.7627, GNorm = 0.2726, lr_0 = 1.3018e-04
Loss = 2.7823e-02, PNorm = 402.7651, GNorm = 0.1814, lr_0 = 1.3014e-04
Loss = 2.4732e-02, PNorm = 402.7667, GNorm = 0.2062, lr_0 = 1.3011e-04
Loss = 2.5683e-02, PNorm = 402.7690, GNorm = 0.1652, lr_0 = 1.3008e-04
Loss = 2.8352e-02, PNorm = 402.7715, GNorm = 0.1900, lr_0 = 1.3004e-04
Loss = 2.8872e-02, PNorm = 402.7746, GNorm = 0.1795, lr_0 = 1.3001e-04
Loss = 3.7563e-02, PNorm = 402.7788, GNorm = 0.1741, lr_0 = 1.2997e-04
Loss = 2.6453e-02, PNorm = 402.7821, GNorm = 0.2924, lr_0 = 1.2994e-04
Loss = 2.5240e-02, PNorm = 402.7846, GNorm = 0.2777, lr_0 = 1.2991e-04
Loss = 2.5189e-02, PNorm = 402.7872, GNorm = 0.3702, lr_0 = 1.2987e-04
Loss = 2.5901e-02, PNorm = 402.7894, GNorm = 0.4210, lr_0 = 1.2984e-04
Loss = 3.0908e-02, PNorm = 402.7924, GNorm = 0.3617, lr_0 = 1.2980e-04
Loss = 3.5116e-02, PNorm = 402.7957, GNorm = 0.2624, lr_0 = 1.2977e-04
Loss = 3.2163e-02, PNorm = 402.7991, GNorm = 0.2537, lr_0 = 1.2973e-04
Loss = 2.8011e-02, PNorm = 402.8024, GNorm = 0.2328, lr_0 = 1.2970e-04
Loss = 3.1065e-02, PNorm = 402.8060, GNorm = 0.4086, lr_0 = 1.2967e-04
Loss = 2.7850e-02, PNorm = 402.8096, GNorm = 0.3265, lr_0 = 1.2963e-04
Loss = 2.7989e-02, PNorm = 402.8124, GNorm = 0.3148, lr_0 = 1.2960e-04
Loss = 2.7010e-02, PNorm = 402.8146, GNorm = 0.3158, lr_0 = 1.2956e-04
Loss = 2.9355e-02, PNorm = 402.8173, GNorm = 0.2857, lr_0 = 1.2953e-04
Loss = 3.1052e-02, PNorm = 402.8203, GNorm = 0.3432, lr_0 = 1.2950e-04
Loss = 2.9616e-02, PNorm = 402.8225, GNorm = 0.3185, lr_0 = 1.2946e-04
Loss = 3.2064e-02, PNorm = 402.8249, GNorm = 0.2451, lr_0 = 1.2943e-04
Loss = 2.8047e-02, PNorm = 402.8272, GNorm = 0.2737, lr_0 = 1.2939e-04
Loss = 3.0045e-02, PNorm = 402.8295, GNorm = 0.3437, lr_0 = 1.2936e-04
Loss = 2.8257e-02, PNorm = 402.8323, GNorm = 0.1490, lr_0 = 1.2933e-04
Loss = 3.0090e-02, PNorm = 402.8344, GNorm = 0.2550, lr_0 = 1.2929e-04
Loss = 2.9374e-02, PNorm = 402.8373, GNorm = 0.1856, lr_0 = 1.2926e-04
Loss = 3.6461e-02, PNorm = 402.8402, GNorm = 0.2495, lr_0 = 1.2922e-04
Loss = 2.6918e-02, PNorm = 402.8426, GNorm = 0.2111, lr_0 = 1.2919e-04
Validation rmse = 3.396166
Epoch 89
Loss = 2.4547e-02, PNorm = 402.8450, GNorm = 0.1867, lr_0 = 1.2916e-04
Loss = 3.6986e-02, PNorm = 402.8473, GNorm = 0.2022, lr_0 = 1.2912e-04
Loss = 2.6743e-02, PNorm = 402.8502, GNorm = 0.2081, lr_0 = 1.2909e-04
Loss = 2.7026e-02, PNorm = 402.8528, GNorm = 0.2770, lr_0 = 1.2905e-04
Loss = 2.7078e-02, PNorm = 402.8551, GNorm = 0.2842, lr_0 = 1.2902e-04
Loss = 2.1420e-02, PNorm = 402.8571, GNorm = 0.2459, lr_0 = 1.2899e-04
Loss = 2.9915e-02, PNorm = 402.8593, GNorm = 0.6499, lr_0 = 1.2895e-04
Loss = 3.1108e-02, PNorm = 402.8615, GNorm = 0.2335, lr_0 = 1.2892e-04
Loss = 2.9005e-02, PNorm = 402.8635, GNorm = 0.2330, lr_0 = 1.2888e-04
Loss = 2.3451e-02, PNorm = 402.8651, GNorm = 0.2462, lr_0 = 1.2885e-04
Loss = 3.2394e-02, PNorm = 402.8679, GNorm = 0.2038, lr_0 = 1.2882e-04
Loss = 3.2533e-02, PNorm = 402.8706, GNorm = 0.2095, lr_0 = 1.2878e-04
Loss = 3.2457e-02, PNorm = 402.8737, GNorm = 0.2538, lr_0 = 1.2875e-04
Loss = 3.4105e-02, PNorm = 402.8773, GNorm = 0.1857, lr_0 = 1.2871e-04
Loss = 2.5254e-02, PNorm = 402.8805, GNorm = 0.1571, lr_0 = 1.2868e-04
Loss = 3.9498e-02, PNorm = 402.8843, GNorm = 0.2829, lr_0 = 1.2865e-04
Loss = 3.2717e-02, PNorm = 402.8862, GNorm = 0.2113, lr_0 = 1.2861e-04
Loss = 2.3314e-02, PNorm = 402.8885, GNorm = 0.1988, lr_0 = 1.2858e-04
Loss = 2.3257e-02, PNorm = 402.8908, GNorm = 0.2011, lr_0 = 1.2855e-04
Loss = 2.4328e-02, PNorm = 402.8926, GNorm = 0.2373, lr_0 = 1.2851e-04
Loss = 2.5480e-02, PNorm = 402.8945, GNorm = 0.1540, lr_0 = 1.2848e-04
Loss = 3.3143e-02, PNorm = 402.8968, GNorm = 0.2841, lr_0 = 1.2844e-04
Loss = 3.0109e-02, PNorm = 402.8987, GNorm = 0.4325, lr_0 = 1.2841e-04
Loss = 2.8150e-02, PNorm = 402.9016, GNorm = 0.2331, lr_0 = 1.2838e-04
Loss = 3.0573e-02, PNorm = 402.9044, GNorm = 0.2147, lr_0 = 1.2834e-04
Loss = 2.8356e-02, PNorm = 402.9067, GNorm = 0.2052, lr_0 = 1.2831e-04
Loss = 2.7850e-02, PNorm = 402.9095, GNorm = 0.3261, lr_0 = 1.2828e-04
Loss = 2.1536e-02, PNorm = 402.9125, GNorm = 0.2147, lr_0 = 1.2824e-04
Loss = 2.7539e-02, PNorm = 402.9147, GNorm = 0.5754, lr_0 = 1.2821e-04
Loss = 2.2715e-02, PNorm = 402.9178, GNorm = 0.2076, lr_0 = 1.2817e-04
Loss = 2.4631e-02, PNorm = 402.9206, GNorm = 0.2433, lr_0 = 1.2814e-04
Loss = 2.1095e-02, PNorm = 402.9234, GNorm = 0.1645, lr_0 = 1.2811e-04
Loss = 2.7284e-02, PNorm = 402.9254, GNorm = 0.1962, lr_0 = 1.2807e-04
Loss = 3.1433e-02, PNorm = 402.9279, GNorm = 0.2549, lr_0 = 1.2804e-04
Loss = 2.8535e-02, PNorm = 402.9300, GNorm = 0.1835, lr_0 = 1.2801e-04
Loss = 2.8474e-02, PNorm = 402.9322, GNorm = 0.1985, lr_0 = 1.2797e-04
Loss = 3.3181e-02, PNorm = 402.9346, GNorm = 0.2469, lr_0 = 1.2794e-04
Loss = 4.9034e-02, PNorm = 402.9379, GNorm = 0.2467, lr_0 = 1.2790e-04
Loss = 2.9296e-02, PNorm = 402.9422, GNorm = 0.2550, lr_0 = 1.2787e-04
Loss = 2.3491e-02, PNorm = 402.9455, GNorm = 0.1505, lr_0 = 1.2784e-04
Loss = 2.8403e-02, PNorm = 402.9475, GNorm = 0.1879, lr_0 = 1.2780e-04
Loss = 2.3137e-02, PNorm = 402.9504, GNorm = 0.2811, lr_0 = 1.2777e-04
Loss = 2.7274e-02, PNorm = 402.9543, GNorm = 0.2575, lr_0 = 1.2774e-04
Loss = 2.5797e-02, PNorm = 402.9577, GNorm = 0.2483, lr_0 = 1.2770e-04
Loss = 3.3055e-02, PNorm = 402.9610, GNorm = 0.3135, lr_0 = 1.2767e-04
Loss = 2.1739e-02, PNorm = 402.9636, GNorm = 0.2067, lr_0 = 1.2764e-04
Loss = 2.5380e-02, PNorm = 402.9659, GNorm = 0.1923, lr_0 = 1.2760e-04
Loss = 3.5191e-02, PNorm = 402.9682, GNorm = 0.3715, lr_0 = 1.2757e-04
Loss = 2.5111e-02, PNorm = 402.9706, GNorm = 0.1930, lr_0 = 1.2753e-04
Loss = 2.7644e-02, PNorm = 402.9731, GNorm = 0.2300, lr_0 = 1.2750e-04
Loss = 2.5719e-02, PNorm = 402.9750, GNorm = 0.2536, lr_0 = 1.2747e-04
Loss = 2.4915e-02, PNorm = 402.9766, GNorm = 0.1892, lr_0 = 1.2743e-04
Loss = 3.3756e-02, PNorm = 402.9789, GNorm = 0.2522, lr_0 = 1.2740e-04
Loss = 3.2872e-02, PNorm = 402.9816, GNorm = 0.2728, lr_0 = 1.2737e-04
Loss = 3.2007e-02, PNorm = 402.9844, GNorm = 0.2822, lr_0 = 1.2733e-04
Loss = 2.9539e-02, PNorm = 402.9870, GNorm = 0.3483, lr_0 = 1.2730e-04
Loss = 3.2001e-02, PNorm = 402.9902, GNorm = 0.3156, lr_0 = 1.2727e-04
Loss = 2.8909e-02, PNorm = 402.9929, GNorm = 0.2768, lr_0 = 1.2723e-04
Loss = 3.4973e-02, PNorm = 402.9964, GNorm = 0.2081, lr_0 = 1.2720e-04
Loss = 3.0210e-02, PNorm = 402.9996, GNorm = 0.2722, lr_0 = 1.2717e-04
Loss = 2.6990e-02, PNorm = 403.0017, GNorm = 0.2370, lr_0 = 1.2713e-04
Loss = 4.7081e-02, PNorm = 403.0043, GNorm = 0.4042, lr_0 = 1.2710e-04
Loss = 2.4094e-02, PNorm = 403.0074, GNorm = 0.1879, lr_0 = 1.2707e-04
Loss = 2.9291e-02, PNorm = 403.0090, GNorm = 0.3472, lr_0 = 1.2703e-04
Loss = 2.7413e-02, PNorm = 403.0117, GNorm = 0.2797, lr_0 = 1.2700e-04
Loss = 2.6216e-02, PNorm = 403.0138, GNorm = 0.1989, lr_0 = 1.2697e-04
Loss = 2.7739e-02, PNorm = 403.0163, GNorm = 0.3491, lr_0 = 1.2693e-04
Loss = 2.5364e-02, PNorm = 403.0192, GNorm = 0.3966, lr_0 = 1.2690e-04
Loss = 2.4588e-02, PNorm = 403.0212, GNorm = 0.2250, lr_0 = 1.2687e-04
Loss = 3.0536e-02, PNorm = 403.0237, GNorm = 0.2865, lr_0 = 1.2683e-04
Loss = 2.8656e-02, PNorm = 403.0268, GNorm = 0.2838, lr_0 = 1.2680e-04
Loss = 2.4043e-02, PNorm = 403.0296, GNorm = 0.1597, lr_0 = 1.2677e-04
Loss = 2.9352e-02, PNorm = 403.0317, GNorm = 0.3488, lr_0 = 1.2673e-04
Loss = 3.1153e-02, PNorm = 403.0339, GNorm = 0.2811, lr_0 = 1.2670e-04
Loss = 2.9158e-02, PNorm = 403.0366, GNorm = 0.7386, lr_0 = 1.2667e-04
Loss = 2.6151e-02, PNorm = 403.0386, GNorm = 0.2007, lr_0 = 1.2663e-04
Loss = 3.0382e-02, PNorm = 403.0404, GNorm = 0.2291, lr_0 = 1.2660e-04
Loss = 2.6737e-02, PNorm = 403.0420, GNorm = 0.2487, lr_0 = 1.2657e-04
Loss = 3.6490e-02, PNorm = 403.0445, GNorm = 0.2465, lr_0 = 1.2653e-04
Loss = 2.8337e-02, PNorm = 403.0475, GNorm = 0.2149, lr_0 = 1.2650e-04
Loss = 2.6296e-02, PNorm = 403.0505, GNorm = 0.2075, lr_0 = 1.2647e-04
Loss = 2.8132e-02, PNorm = 403.0526, GNorm = 0.2288, lr_0 = 1.2643e-04
Loss = 2.5646e-02, PNorm = 403.0550, GNorm = 0.2304, lr_0 = 1.2640e-04
Loss = 2.6684e-02, PNorm = 403.0577, GNorm = 0.1870, lr_0 = 1.2637e-04
Loss = 2.5943e-02, PNorm = 403.0593, GNorm = 0.1919, lr_0 = 1.2633e-04
Loss = 2.5883e-02, PNorm = 403.0612, GNorm = 0.2657, lr_0 = 1.2630e-04
Loss = 3.0704e-02, PNorm = 403.0629, GNorm = 1.0452, lr_0 = 1.2627e-04
Loss = 3.3046e-02, PNorm = 403.0660, GNorm = 0.2166, lr_0 = 1.2623e-04
Loss = 3.1504e-02, PNorm = 403.0692, GNorm = 0.2246, lr_0 = 1.2620e-04
Validation rmse = 3.401383
Epoch 90
Loss = 2.4034e-02, PNorm = 403.0726, GNorm = 0.3024, lr_0 = 1.2617e-04
Loss = 3.6730e-02, PNorm = 403.0757, GNorm = 0.2540, lr_0 = 1.2613e-04
Loss = 3.5650e-02, PNorm = 403.0794, GNorm = 0.2394, lr_0 = 1.2610e-04
Loss = 2.5457e-02, PNorm = 403.0825, GNorm = 0.2160, lr_0 = 1.2607e-04
Loss = 3.0989e-02, PNorm = 403.0856, GNorm = 0.2573, lr_0 = 1.2603e-04
Loss = 3.1542e-02, PNorm = 403.0894, GNorm = 0.2094, lr_0 = 1.2600e-04
Loss = 2.3886e-02, PNorm = 403.0917, GNorm = 0.3023, lr_0 = 1.2597e-04
Loss = 2.5460e-02, PNorm = 403.0938, GNorm = 0.2011, lr_0 = 1.2593e-04
Loss = 3.0232e-02, PNorm = 403.0960, GNorm = 0.2183, lr_0 = 1.2590e-04
Loss = 2.5635e-02, PNorm = 403.0983, GNorm = 0.2840, lr_0 = 1.2587e-04
Loss = 2.5379e-02, PNorm = 403.1009, GNorm = 0.2214, lr_0 = 1.2583e-04
Loss = 2.2704e-02, PNorm = 403.1034, GNorm = 0.1785, lr_0 = 1.2580e-04
Loss = 2.7644e-02, PNorm = 403.1056, GNorm = 0.3038, lr_0 = 1.2577e-04
Loss = 2.7222e-02, PNorm = 403.1076, GNorm = 0.4476, lr_0 = 1.2574e-04
Loss = 2.3341e-02, PNorm = 403.1100, GNorm = 0.3991, lr_0 = 1.2570e-04
Loss = 2.6214e-02, PNorm = 403.1124, GNorm = 0.3187, lr_0 = 1.2567e-04
Loss = 3.1418e-02, PNorm = 403.1144, GNorm = 0.2549, lr_0 = 1.2564e-04
Loss = 2.7221e-02, PNorm = 403.1168, GNorm = 0.2134, lr_0 = 1.2560e-04
Loss = 2.6462e-02, PNorm = 403.1190, GNorm = 0.3047, lr_0 = 1.2557e-04
Loss = 4.3847e-02, PNorm = 403.1218, GNorm = 0.6772, lr_0 = 1.2554e-04
Loss = 3.3565e-02, PNorm = 403.1240, GNorm = 0.3191, lr_0 = 1.2550e-04
Loss = 2.4042e-02, PNorm = 403.1268, GNorm = 0.2546, lr_0 = 1.2547e-04
Loss = 2.5366e-02, PNorm = 403.1291, GNorm = 0.2578, lr_0 = 1.2544e-04
Loss = 2.7515e-02, PNorm = 403.1313, GNorm = 0.2365, lr_0 = 1.2541e-04
Loss = 2.9026e-02, PNorm = 403.1341, GNorm = 0.2075, lr_0 = 1.2537e-04
Loss = 2.2059e-02, PNorm = 403.1355, GNorm = 0.2710, lr_0 = 1.2534e-04
Loss = 3.0838e-02, PNorm = 403.1372, GNorm = 0.1871, lr_0 = 1.2531e-04
Loss = 2.6283e-02, PNorm = 403.1393, GNorm = 0.2879, lr_0 = 1.2527e-04
Loss = 2.3485e-02, PNorm = 403.1407, GNorm = 0.2559, lr_0 = 1.2524e-04
Loss = 3.1554e-02, PNorm = 403.1433, GNorm = 0.2784, lr_0 = 1.2521e-04
Loss = 2.8136e-02, PNorm = 403.1456, GNorm = 0.3722, lr_0 = 1.2517e-04
Loss = 2.2454e-02, PNorm = 403.1476, GNorm = 0.2561, lr_0 = 1.2514e-04
Loss = 2.6834e-02, PNorm = 403.1505, GNorm = 0.1467, lr_0 = 1.2511e-04
Loss = 2.6726e-02, PNorm = 403.1534, GNorm = 0.1725, lr_0 = 1.2508e-04
Loss = 2.9846e-02, PNorm = 403.1555, GNorm = 0.2611, lr_0 = 1.2504e-04
Loss = 2.9815e-02, PNorm = 403.1580, GNorm = 0.1868, lr_0 = 1.2501e-04
Loss = 2.6194e-02, PNorm = 403.1600, GNorm = 0.2755, lr_0 = 1.2498e-04
Loss = 3.1137e-02, PNorm = 403.1620, GNorm = 0.3056, lr_0 = 1.2494e-04
Loss = 2.8667e-02, PNorm = 403.1646, GNorm = 0.2460, lr_0 = 1.2491e-04
Loss = 2.8065e-02, PNorm = 403.1674, GNorm = 0.2034, lr_0 = 1.2488e-04
Loss = 2.7141e-02, PNorm = 403.1697, GNorm = 0.2434, lr_0 = 1.2485e-04
Loss = 2.7256e-02, PNorm = 403.1712, GNorm = 0.1852, lr_0 = 1.2481e-04
Loss = 3.0781e-02, PNorm = 403.1731, GNorm = 0.3761, lr_0 = 1.2478e-04
Loss = 2.5616e-02, PNorm = 403.1751, GNorm = 0.2321, lr_0 = 1.2475e-04
Loss = 2.6073e-02, PNorm = 403.1781, GNorm = 0.1990, lr_0 = 1.2471e-04
Loss = 2.4598e-02, PNorm = 403.1809, GNorm = 0.2947, lr_0 = 1.2468e-04
Loss = 2.4476e-02, PNorm = 403.1838, GNorm = 0.2212, lr_0 = 1.2465e-04
Loss = 3.0091e-02, PNorm = 403.1855, GNorm = 0.1817, lr_0 = 1.2462e-04
Loss = 3.3581e-02, PNorm = 403.1888, GNorm = 0.2434, lr_0 = 1.2458e-04
Loss = 2.5201e-02, PNorm = 403.1913, GNorm = 0.1778, lr_0 = 1.2455e-04
Loss = 2.8160e-02, PNorm = 403.1929, GNorm = 0.2784, lr_0 = 1.2452e-04
Loss = 2.7875e-02, PNorm = 403.1955, GNorm = 0.3585, lr_0 = 1.2448e-04
Loss = 2.6652e-02, PNorm = 403.1967, GNorm = 0.3671, lr_0 = 1.2445e-04
Loss = 2.3192e-02, PNorm = 403.1989, GNorm = 0.2347, lr_0 = 1.2442e-04
Loss = 2.5237e-02, PNorm = 403.2006, GNorm = 0.3489, lr_0 = 1.2439e-04
Loss = 2.5118e-02, PNorm = 403.2032, GNorm = 0.3167, lr_0 = 1.2435e-04
Loss = 2.8168e-02, PNorm = 403.2060, GNorm = 0.2654, lr_0 = 1.2432e-04
Loss = 4.4549e-02, PNorm = 403.2086, GNorm = 0.2381, lr_0 = 1.2429e-04
Loss = 3.0123e-02, PNorm = 403.2103, GNorm = 0.2167, lr_0 = 1.2426e-04
Loss = 2.5878e-02, PNorm = 403.2125, GNorm = 0.1880, lr_0 = 1.2422e-04
Loss = 3.4201e-02, PNorm = 403.2159, GNorm = 0.3649, lr_0 = 1.2419e-04
Loss = 2.3673e-02, PNorm = 403.2186, GNorm = 0.2647, lr_0 = 1.2416e-04
Loss = 3.1704e-02, PNorm = 403.2213, GNorm = 0.1715, lr_0 = 1.2413e-04
Loss = 2.5715e-02, PNorm = 403.2238, GNorm = 0.3179, lr_0 = 1.2409e-04
Loss = 2.4325e-02, PNorm = 403.2256, GNorm = 0.3475, lr_0 = 1.2406e-04
Loss = 2.6335e-02, PNorm = 403.2278, GNorm = 0.1766, lr_0 = 1.2403e-04
Loss = 3.4231e-02, PNorm = 403.2298, GNorm = 0.2458, lr_0 = 1.2399e-04
Loss = 2.7430e-02, PNorm = 403.2324, GNorm = 0.2340, lr_0 = 1.2396e-04
Loss = 3.1764e-02, PNorm = 403.2354, GNorm = 0.2591, lr_0 = 1.2393e-04
Loss = 2.5975e-02, PNorm = 403.2381, GNorm = 0.2063, lr_0 = 1.2390e-04
Loss = 2.4489e-02, PNorm = 403.2412, GNorm = 0.2684, lr_0 = 1.2386e-04
Loss = 2.8520e-02, PNorm = 403.2442, GNorm = 0.2060, lr_0 = 1.2383e-04
Loss = 2.9054e-02, PNorm = 403.2464, GNorm = 0.2498, lr_0 = 1.2380e-04
Loss = 2.4019e-02, PNorm = 403.2488, GNorm = 0.2408, lr_0 = 1.2377e-04
Loss = 2.9777e-02, PNorm = 403.2504, GNorm = 0.3738, lr_0 = 1.2373e-04
Loss = 2.4765e-02, PNorm = 403.2525, GNorm = 0.3932, lr_0 = 1.2370e-04
Loss = 2.9034e-02, PNorm = 403.2560, GNorm = 0.3614, lr_0 = 1.2367e-04
Loss = 3.4865e-02, PNorm = 403.2587, GNorm = 0.1948, lr_0 = 1.2364e-04
Loss = 2.6751e-02, PNorm = 403.2610, GNorm = 0.5118, lr_0 = 1.2360e-04
Loss = 3.2001e-02, PNorm = 403.2635, GNorm = 0.2566, lr_0 = 1.2357e-04
Loss = 3.3362e-02, PNorm = 403.2661, GNorm = 0.3720, lr_0 = 1.2354e-04
Loss = 2.6266e-02, PNorm = 403.2686, GNorm = 0.2399, lr_0 = 1.2351e-04
Loss = 2.4754e-02, PNorm = 403.2715, GNorm = 0.2462, lr_0 = 1.2347e-04
Loss = 2.5751e-02, PNorm = 403.2742, GNorm = 0.2195, lr_0 = 1.2344e-04
Loss = 3.2528e-02, PNorm = 403.2772, GNorm = 0.1804, lr_0 = 1.2341e-04
Loss = 3.4342e-02, PNorm = 403.2804, GNorm = 0.2547, lr_0 = 1.2338e-04
Loss = 2.5813e-02, PNorm = 403.2834, GNorm = 0.3259, lr_0 = 1.2334e-04
Loss = 2.6696e-02, PNorm = 403.2855, GNorm = 0.3412, lr_0 = 1.2331e-04
Loss = 2.7017e-02, PNorm = 403.2883, GNorm = 0.2181, lr_0 = 1.2328e-04
Validation rmse = 3.382741
Epoch 91
Loss = 2.3321e-02, PNorm = 403.2908, GNorm = 0.2324, lr_0 = 1.2325e-04
Loss = 2.4817e-02, PNorm = 403.2938, GNorm = 0.1738, lr_0 = 1.2321e-04
Loss = 2.4558e-02, PNorm = 403.2970, GNorm = 0.2050, lr_0 = 1.2318e-04
Loss = 2.8576e-02, PNorm = 403.2991, GNorm = 0.2790, lr_0 = 1.2315e-04
Loss = 2.7337e-02, PNorm = 403.3007, GNorm = 0.2994, lr_0 = 1.2312e-04
Loss = 2.1229e-02, PNorm = 403.3023, GNorm = 0.2687, lr_0 = 1.2308e-04
Loss = 3.1055e-02, PNorm = 403.3042, GNorm = 0.2519, lr_0 = 1.2305e-04
Loss = 2.3591e-02, PNorm = 403.3064, GNorm = 0.2791, lr_0 = 1.2302e-04
Loss = 2.5647e-02, PNorm = 403.3069, GNorm = 0.1885, lr_0 = 1.2299e-04
Loss = 2.5716e-02, PNorm = 403.3092, GNorm = 0.2699, lr_0 = 1.2295e-04
Loss = 4.9826e-02, PNorm = 403.3112, GNorm = 0.2558, lr_0 = 1.2292e-04
Loss = 2.5837e-02, PNorm = 403.3135, GNorm = 0.2912, lr_0 = 1.2289e-04
Loss = 2.7429e-02, PNorm = 403.3163, GNorm = 0.2692, lr_0 = 1.2286e-04
Loss = 2.5720e-02, PNorm = 403.3185, GNorm = 0.2326, lr_0 = 1.2283e-04
Loss = 3.5874e-02, PNorm = 403.3206, GNorm = 0.1500, lr_0 = 1.2279e-04
Loss = 2.6843e-02, PNorm = 403.3224, GNorm = 0.2044, lr_0 = 1.2276e-04
Loss = 3.0953e-02, PNorm = 403.3259, GNorm = 0.2151, lr_0 = 1.2273e-04
Loss = 2.2785e-02, PNorm = 403.3287, GNorm = 0.3086, lr_0 = 1.2270e-04
Loss = 3.2868e-02, PNorm = 403.3317, GNorm = 0.2194, lr_0 = 1.2266e-04
Loss = 4.5756e-02, PNorm = 403.3341, GNorm = 0.3857, lr_0 = 1.2263e-04
Loss = 2.6304e-02, PNorm = 403.3376, GNorm = 0.3156, lr_0 = 1.2260e-04
Loss = 2.9343e-02, PNorm = 403.3396, GNorm = 0.2635, lr_0 = 1.2257e-04
Loss = 2.7949e-02, PNorm = 403.3428, GNorm = 0.3090, lr_0 = 1.2254e-04
Loss = 2.3106e-02, PNorm = 403.3446, GNorm = 0.2502, lr_0 = 1.2250e-04
Loss = 2.7167e-02, PNorm = 403.3469, GNorm = 0.2766, lr_0 = 1.2247e-04
Loss = 2.6994e-02, PNorm = 403.3498, GNorm = 0.2915, lr_0 = 1.2244e-04
Loss = 2.4385e-02, PNorm = 403.3528, GNorm = 0.1655, lr_0 = 1.2241e-04
Loss = 3.4291e-02, PNorm = 403.3555, GNorm = 0.2189, lr_0 = 1.2237e-04
Loss = 2.6762e-02, PNorm = 403.3583, GNorm = 0.2604, lr_0 = 1.2234e-04
Loss = 2.6401e-02, PNorm = 403.3604, GNorm = 0.2526, lr_0 = 1.2231e-04
Loss = 2.9579e-02, PNorm = 403.3631, GNorm = 0.3650, lr_0 = 1.2228e-04
Loss = 2.9917e-02, PNorm = 403.3667, GNorm = 0.2216, lr_0 = 1.2225e-04
Loss = 2.6006e-02, PNorm = 403.3691, GNorm = 0.2877, lr_0 = 1.2221e-04
Loss = 2.6587e-02, PNorm = 403.3710, GNorm = 0.2054, lr_0 = 1.2218e-04
Loss = 3.0777e-02, PNorm = 403.3729, GNorm = 0.5816, lr_0 = 1.2215e-04
Loss = 2.6142e-02, PNorm = 403.3756, GNorm = 0.3123, lr_0 = 1.2212e-04
Loss = 2.6589e-02, PNorm = 403.3790, GNorm = 0.2107, lr_0 = 1.2208e-04
Loss = 2.6827e-02, PNorm = 403.3824, GNorm = 0.2258, lr_0 = 1.2205e-04
Loss = 2.3092e-02, PNorm = 403.3853, GNorm = 0.2733, lr_0 = 1.2202e-04
Loss = 2.6211e-02, PNorm = 403.3886, GNorm = 0.2690, lr_0 = 1.2199e-04
Loss = 2.8925e-02, PNorm = 403.3918, GNorm = 0.2944, lr_0 = 1.2196e-04
Loss = 2.5910e-02, PNorm = 403.3950, GNorm = 0.2468, lr_0 = 1.2192e-04
Loss = 2.2253e-02, PNorm = 403.3970, GNorm = 0.2393, lr_0 = 1.2189e-04
Loss = 3.4099e-02, PNorm = 403.3984, GNorm = 0.2658, lr_0 = 1.2186e-04
Loss = 2.5255e-02, PNorm = 403.4003, GNorm = 0.2920, lr_0 = 1.2183e-04
Loss = 2.5472e-02, PNorm = 403.4022, GNorm = 0.2521, lr_0 = 1.2180e-04
Loss = 2.6652e-02, PNorm = 403.4050, GNorm = 0.3530, lr_0 = 1.2176e-04
Loss = 2.6912e-02, PNorm = 403.4073, GNorm = 0.1818, lr_0 = 1.2173e-04
Loss = 2.6046e-02, PNorm = 403.4098, GNorm = 0.3447, lr_0 = 1.2170e-04
Loss = 2.9676e-02, PNorm = 403.4116, GNorm = 0.3478, lr_0 = 1.2167e-04
Loss = 2.9521e-02, PNorm = 403.4139, GNorm = 0.1563, lr_0 = 1.2164e-04
Loss = 3.2660e-02, PNorm = 403.4168, GNorm = 0.1872, lr_0 = 1.2160e-04
Loss = 2.9439e-02, PNorm = 403.4191, GNorm = 0.3103, lr_0 = 1.2157e-04
Loss = 2.8235e-02, PNorm = 403.4217, GNorm = 0.2259, lr_0 = 1.2154e-04
Loss = 2.5895e-02, PNorm = 403.4248, GNorm = 0.2862, lr_0 = 1.2151e-04
Loss = 3.0645e-02, PNorm = 403.4276, GNorm = 0.1835, lr_0 = 1.2148e-04
Loss = 2.3811e-02, PNorm = 403.4301, GNorm = 0.2833, lr_0 = 1.2144e-04
Loss = 4.1960e-02, PNorm = 403.4324, GNorm = 0.2233, lr_0 = 1.2141e-04
Loss = 2.4919e-02, PNorm = 403.4340, GNorm = 0.1730, lr_0 = 1.2138e-04
Loss = 2.6640e-02, PNorm = 403.4371, GNorm = 0.2448, lr_0 = 1.2135e-04
Loss = 2.7198e-02, PNorm = 403.4398, GNorm = 0.1633, lr_0 = 1.2132e-04
Loss = 2.9155e-02, PNorm = 403.4421, GNorm = 0.4087, lr_0 = 1.2128e-04
Loss = 2.8044e-02, PNorm = 403.4444, GNorm = 0.1934, lr_0 = 1.2125e-04
Loss = 2.6738e-02, PNorm = 403.4472, GNorm = 0.2540, lr_0 = 1.2122e-04
Loss = 2.4857e-02, PNorm = 403.4495, GNorm = 0.3501, lr_0 = 1.2119e-04
Loss = 3.2301e-02, PNorm = 403.4518, GNorm = 0.1751, lr_0 = 1.2116e-04
Loss = 2.9342e-02, PNorm = 403.4546, GNorm = 0.2715, lr_0 = 1.2112e-04
Loss = 2.3678e-02, PNorm = 403.4571, GNorm = 0.2681, lr_0 = 1.2109e-04
Loss = 2.4201e-02, PNorm = 403.4597, GNorm = 0.3171, lr_0 = 1.2106e-04
Loss = 2.4355e-02, PNorm = 403.4615, GNorm = 0.2454, lr_0 = 1.2103e-04
Loss = 3.1852e-02, PNorm = 403.4636, GNorm = 0.7445, lr_0 = 1.2100e-04
Loss = 2.7230e-02, PNorm = 403.4661, GNorm = 0.1780, lr_0 = 1.2097e-04
Loss = 3.9102e-02, PNorm = 403.4690, GNorm = 0.3775, lr_0 = 1.2093e-04
Loss = 2.8065e-02, PNorm = 403.4722, GNorm = 0.1941, lr_0 = 1.2090e-04
Loss = 2.5380e-02, PNorm = 403.4749, GNorm = 0.2685, lr_0 = 1.2087e-04
Loss = 2.5021e-02, PNorm = 403.4777, GNorm = 0.3187, lr_0 = 1.2084e-04
Loss = 2.4365e-02, PNorm = 403.4803, GNorm = 0.1608, lr_0 = 1.2081e-04
Loss = 2.5637e-02, PNorm = 403.4833, GNorm = 0.3427, lr_0 = 1.2077e-04
Loss = 2.2532e-02, PNorm = 403.4867, GNorm = 0.2691, lr_0 = 1.2074e-04
Loss = 2.9987e-02, PNorm = 403.4891, GNorm = 0.2273, lr_0 = 1.2071e-04
Loss = 2.6166e-02, PNorm = 403.4917, GNorm = 0.2372, lr_0 = 1.2068e-04
Loss = 2.4020e-02, PNorm = 403.4936, GNorm = 0.1922, lr_0 = 1.2065e-04
Loss = 3.0335e-02, PNorm = 403.4955, GNorm = 0.2635, lr_0 = 1.2062e-04
Loss = 2.8683e-02, PNorm = 403.4980, GNorm = 0.2196, lr_0 = 1.2058e-04
Loss = 2.3411e-02, PNorm = 403.4999, GNorm = 0.1572, lr_0 = 1.2055e-04
Loss = 3.5466e-02, PNorm = 403.5022, GNorm = 0.2798, lr_0 = 1.2052e-04
Loss = 3.2503e-02, PNorm = 403.5039, GNorm = 0.3117, lr_0 = 1.2049e-04
Loss = 2.5009e-02, PNorm = 403.5060, GNorm = 0.2767, lr_0 = 1.2046e-04
Loss = 2.7567e-02, PNorm = 403.5083, GNorm = 0.1889, lr_0 = 1.2043e-04
Loss = 2.4694e-02, PNorm = 403.5110, GNorm = 0.2046, lr_0 = 1.2039e-04
Validation rmse = 3.397348
Epoch 92
Loss = 2.9821e-02, PNorm = 403.5141, GNorm = 0.2527, lr_0 = 1.2036e-04
Loss = 2.6600e-02, PNorm = 403.5160, GNorm = 0.2286, lr_0 = 1.2033e-04
Loss = 2.7415e-02, PNorm = 403.5178, GNorm = 0.1876, lr_0 = 1.2030e-04
Loss = 2.8425e-02, PNorm = 403.5196, GNorm = 0.2080, lr_0 = 1.2027e-04
Loss = 2.6215e-02, PNorm = 403.5223, GNorm = 0.2769, lr_0 = 1.2024e-04
Loss = 2.6259e-02, PNorm = 403.5252, GNorm = 0.2498, lr_0 = 1.2020e-04
Loss = 2.6879e-02, PNorm = 403.5285, GNorm = 0.4430, lr_0 = 1.2017e-04
Loss = 2.7520e-02, PNorm = 403.5322, GNorm = 0.1562, lr_0 = 1.2014e-04
Loss = 2.7303e-02, PNorm = 403.5355, GNorm = 0.2656, lr_0 = 1.2011e-04
Loss = 2.5730e-02, PNorm = 403.5379, GNorm = 0.3722, lr_0 = 1.2008e-04
Loss = 2.7869e-02, PNorm = 403.5405, GNorm = 0.2229, lr_0 = 1.2005e-04
Loss = 2.7206e-02, PNorm = 403.5429, GNorm = 0.2822, lr_0 = 1.2001e-04
Loss = 2.8581e-02, PNorm = 403.5448, GNorm = 0.3117, lr_0 = 1.1998e-04
Loss = 2.5397e-02, PNorm = 403.5464, GNorm = 0.2339, lr_0 = 1.1995e-04
Loss = 2.6439e-02, PNorm = 403.5483, GNorm = 0.3441, lr_0 = 1.1992e-04
Loss = 2.4173e-02, PNorm = 403.5508, GNorm = 0.3251, lr_0 = 1.1989e-04
Loss = 3.1641e-02, PNorm = 403.5538, GNorm = 0.2770, lr_0 = 1.1986e-04
Loss = 2.4708e-02, PNorm = 403.5554, GNorm = 0.2951, lr_0 = 1.1982e-04
Loss = 2.4977e-02, PNorm = 403.5576, GNorm = 0.2327, lr_0 = 1.1979e-04
Loss = 2.5801e-02, PNorm = 403.5597, GNorm = 0.1819, lr_0 = 1.1976e-04
Loss = 2.5203e-02, PNorm = 403.5620, GNorm = 0.2076, lr_0 = 1.1973e-04
Loss = 2.3767e-02, PNorm = 403.5643, GNorm = 0.2144, lr_0 = 1.1970e-04
Loss = 3.3685e-02, PNorm = 403.5672, GNorm = 0.1994, lr_0 = 1.1967e-04
Loss = 2.5618e-02, PNorm = 403.5701, GNorm = 0.1787, lr_0 = 1.1964e-04
Loss = 2.4448e-02, PNorm = 403.5729, GNorm = 0.3186, lr_0 = 1.1960e-04
Loss = 2.7733e-02, PNorm = 403.5754, GNorm = 0.4886, lr_0 = 1.1957e-04
Loss = 2.5590e-02, PNorm = 403.5787, GNorm = 0.3078, lr_0 = 1.1954e-04
Loss = 2.6057e-02, PNorm = 403.5817, GNorm = 0.2712, lr_0 = 1.1951e-04
Loss = 2.5048e-02, PNorm = 403.5835, GNorm = 0.2195, lr_0 = 1.1948e-04
Loss = 2.5001e-02, PNorm = 403.5855, GNorm = 0.1934, lr_0 = 1.1945e-04
Loss = 2.6362e-02, PNorm = 403.5889, GNorm = 0.2770, lr_0 = 1.1942e-04
Loss = 2.6414e-02, PNorm = 403.5907, GNorm = 0.2882, lr_0 = 1.1938e-04
Loss = 2.4216e-02, PNorm = 403.5934, GNorm = 0.2359, lr_0 = 1.1935e-04
Loss = 3.8681e-02, PNorm = 403.5963, GNorm = 0.4877, lr_0 = 1.1932e-04
Loss = 2.4941e-02, PNorm = 403.5997, GNorm = 0.1923, lr_0 = 1.1929e-04
Loss = 3.0928e-02, PNorm = 403.6025, GNorm = 0.2106, lr_0 = 1.1926e-04
Loss = 2.7737e-02, PNorm = 403.6050, GNorm = 0.2235, lr_0 = 1.1923e-04
Loss = 2.9331e-02, PNorm = 403.6080, GNorm = 0.3021, lr_0 = 1.1920e-04
Loss = 4.5433e-02, PNorm = 403.6110, GNorm = 0.3840, lr_0 = 1.1916e-04
Loss = 2.9543e-02, PNorm = 403.6137, GNorm = 0.3144, lr_0 = 1.1913e-04
Loss = 3.9735e-02, PNorm = 403.6161, GNorm = 0.3048, lr_0 = 1.1910e-04
Loss = 3.4224e-02, PNorm = 403.6186, GNorm = 0.2866, lr_0 = 1.1907e-04
Loss = 2.3871e-02, PNorm = 403.6218, GNorm = 0.2509, lr_0 = 1.1904e-04
Loss = 2.4863e-02, PNorm = 403.6248, GNorm = 0.2682, lr_0 = 1.1901e-04
Loss = 2.5784e-02, PNorm = 403.6270, GNorm = 0.3212, lr_0 = 1.1898e-04
Loss = 3.0173e-02, PNorm = 403.6293, GNorm = 0.2068, lr_0 = 1.1895e-04
Loss = 2.5496e-02, PNorm = 403.6318, GNorm = 0.2114, lr_0 = 1.1891e-04
Loss = 2.9986e-02, PNorm = 403.6344, GNorm = 0.2396, lr_0 = 1.1888e-04
Loss = 2.7260e-02, PNorm = 403.6368, GNorm = 0.2750, lr_0 = 1.1885e-04
Loss = 3.8695e-02, PNorm = 403.6384, GNorm = 0.8195, lr_0 = 1.1882e-04
Loss = 2.2753e-02, PNorm = 403.6415, GNorm = 0.1464, lr_0 = 1.1879e-04
Loss = 3.6265e-02, PNorm = 403.6432, GNorm = 0.2476, lr_0 = 1.1876e-04
Loss = 2.7195e-02, PNorm = 403.6452, GNorm = 0.3121, lr_0 = 1.1873e-04
Loss = 3.4964e-02, PNorm = 403.6479, GNorm = 0.3377, lr_0 = 1.1870e-04
Loss = 4.3436e-02, PNorm = 403.6503, GNorm = 0.4974, lr_0 = 1.1866e-04
Loss = 2.7567e-02, PNorm = 403.6526, GNorm = 0.2677, lr_0 = 1.1863e-04
Loss = 2.6150e-02, PNorm = 403.6554, GNorm = 0.3324, lr_0 = 1.1860e-04
Loss = 2.1772e-02, PNorm = 403.6579, GNorm = 0.2037, lr_0 = 1.1857e-04
Loss = 3.4742e-02, PNorm = 403.6602, GNorm = 0.2166, lr_0 = 1.1854e-04
Loss = 3.6127e-02, PNorm = 403.6641, GNorm = 0.3672, lr_0 = 1.1851e-04
Loss = 2.5165e-02, PNorm = 403.6669, GNorm = 0.2140, lr_0 = 1.1848e-04
Loss = 3.0730e-02, PNorm = 403.6697, GNorm = 0.2560, lr_0 = 1.1845e-04
Loss = 3.7179e-02, PNorm = 403.6716, GNorm = 0.1856, lr_0 = 1.1841e-04
Loss = 2.6379e-02, PNorm = 403.6742, GNorm = 0.1798, lr_0 = 1.1838e-04
Loss = 2.5323e-02, PNorm = 403.6761, GNorm = 0.2527, lr_0 = 1.1835e-04
Loss = 2.6154e-02, PNorm = 403.6776, GNorm = 0.3306, lr_0 = 1.1832e-04
Loss = 3.0923e-02, PNorm = 403.6802, GNorm = 0.2300, lr_0 = 1.1829e-04
Loss = 2.5588e-02, PNorm = 403.6828, GNorm = 0.1858, lr_0 = 1.1826e-04
Loss = 2.2815e-02, PNorm = 403.6852, GNorm = 0.1633, lr_0 = 1.1823e-04
Loss = 2.9793e-02, PNorm = 403.6882, GNorm = 0.3263, lr_0 = 1.1820e-04
Loss = 3.1840e-02, PNorm = 403.6899, GNorm = 0.2502, lr_0 = 1.1817e-04
Loss = 3.6534e-02, PNorm = 403.6918, GNorm = 0.2190, lr_0 = 1.1813e-04
Loss = 3.1190e-02, PNorm = 403.6946, GNorm = 0.2940, lr_0 = 1.1810e-04
Loss = 2.5090e-02, PNorm = 403.6977, GNorm = 0.2157, lr_0 = 1.1807e-04
Loss = 2.4820e-02, PNorm = 403.6999, GNorm = 0.2432, lr_0 = 1.1804e-04
Loss = 2.6277e-02, PNorm = 403.7027, GNorm = 0.2599, lr_0 = 1.1801e-04
Loss = 2.8875e-02, PNorm = 403.7061, GNorm = 0.3646, lr_0 = 1.1798e-04
Loss = 3.0003e-02, PNorm = 403.7084, GNorm = 0.3016, lr_0 = 1.1795e-04
Loss = 2.5534e-02, PNorm = 403.7106, GNorm = 0.2862, lr_0 = 1.1792e-04
Loss = 2.9373e-02, PNorm = 403.7131, GNorm = 0.1823, lr_0 = 1.1789e-04
Loss = 2.7461e-02, PNorm = 403.7159, GNorm = 0.3209, lr_0 = 1.1786e-04
Loss = 2.5761e-02, PNorm = 403.7186, GNorm = 0.2985, lr_0 = 1.1782e-04
Loss = 3.1430e-02, PNorm = 403.7208, GNorm = 0.3057, lr_0 = 1.1779e-04
Loss = 2.4043e-02, PNorm = 403.7234, GNorm = 0.2224, lr_0 = 1.1776e-04
Loss = 2.3713e-02, PNorm = 403.7258, GNorm = 0.3191, lr_0 = 1.1773e-04
Loss = 2.6377e-02, PNorm = 403.7285, GNorm = 0.2343, lr_0 = 1.1770e-04
Loss = 2.6197e-02, PNorm = 403.7311, GNorm = 0.2735, lr_0 = 1.1767e-04
Loss = 2.5546e-02, PNorm = 403.7332, GNorm = 0.3781, lr_0 = 1.1764e-04
Loss = 2.8228e-02, PNorm = 403.7357, GNorm = 0.2164, lr_0 = 1.1761e-04
Validation rmse = 3.401267
Epoch 93
Loss = 2.2376e-02, PNorm = 403.7381, GNorm = 0.1673, lr_0 = 1.1758e-04
Loss = 2.5613e-02, PNorm = 403.7401, GNorm = 0.1794, lr_0 = 1.1755e-04
Loss = 2.5686e-02, PNorm = 403.7417, GNorm = 0.2182, lr_0 = 1.1751e-04
Loss = 2.6853e-02, PNorm = 403.7435, GNorm = 0.2245, lr_0 = 1.1748e-04
Loss = 2.7641e-02, PNorm = 403.7465, GNorm = 0.2616, lr_0 = 1.1745e-04
Loss = 4.2158e-02, PNorm = 403.7491, GNorm = 0.2070, lr_0 = 1.1742e-04
Loss = 2.4465e-02, PNorm = 403.7514, GNorm = 0.1786, lr_0 = 1.1739e-04
Loss = 2.5156e-02, PNorm = 403.7528, GNorm = 0.2156, lr_0 = 1.1736e-04
Loss = 5.2604e-02, PNorm = 403.7539, GNorm = 0.2229, lr_0 = 1.1733e-04
Loss = 3.7495e-02, PNorm = 403.7551, GNorm = 0.2115, lr_0 = 1.1730e-04
Loss = 3.4404e-02, PNorm = 403.7570, GNorm = 0.2135, lr_0 = 1.1727e-04
Loss = 2.4021e-02, PNorm = 403.7596, GNorm = 0.1689, lr_0 = 1.1724e-04
Loss = 2.4599e-02, PNorm = 403.7620, GNorm = 0.1830, lr_0 = 1.1721e-04
Loss = 3.7513e-02, PNorm = 403.7634, GNorm = 0.2625, lr_0 = 1.1717e-04
Loss = 2.5929e-02, PNorm = 403.7654, GNorm = 0.2237, lr_0 = 1.1714e-04
Loss = 2.7725e-02, PNorm = 403.7674, GNorm = 0.4783, lr_0 = 1.1711e-04
Loss = 3.0748e-02, PNorm = 403.7698, GNorm = 0.2714, lr_0 = 1.1708e-04
Loss = 2.3778e-02, PNorm = 403.7727, GNorm = 0.2422, lr_0 = 1.1705e-04
Loss = 2.3856e-02, PNorm = 403.7750, GNorm = 0.2885, lr_0 = 1.1702e-04
Loss = 3.3470e-02, PNorm = 403.7777, GNorm = 0.3059, lr_0 = 1.1699e-04
Loss = 2.8473e-02, PNorm = 403.7799, GNorm = 0.2276, lr_0 = 1.1696e-04
Loss = 2.3440e-02, PNorm = 403.7821, GNorm = 0.1986, lr_0 = 1.1693e-04
Loss = 2.2216e-02, PNorm = 403.7850, GNorm = 0.2044, lr_0 = 1.1690e-04
Loss = 2.9953e-02, PNorm = 403.7858, GNorm = 0.2081, lr_0 = 1.1687e-04
Loss = 2.7267e-02, PNorm = 403.7880, GNorm = 0.2116, lr_0 = 1.1684e-04
Loss = 2.8376e-02, PNorm = 403.7909, GNorm = 0.2190, lr_0 = 1.1681e-04
Loss = 2.4484e-02, PNorm = 403.7928, GNorm = 0.2705, lr_0 = 1.1677e-04
Loss = 4.5426e-02, PNorm = 403.7953, GNorm = 0.6544, lr_0 = 1.1674e-04
Loss = 2.6272e-02, PNorm = 403.7987, GNorm = 0.3692, lr_0 = 1.1671e-04
Loss = 2.5890e-02, PNorm = 403.8017, GNorm = 0.2803, lr_0 = 1.1668e-04
Loss = 2.6793e-02, PNorm = 403.8038, GNorm = 0.3255, lr_0 = 1.1665e-04
Loss = 2.8817e-02, PNorm = 403.8058, GNorm = 0.2224, lr_0 = 1.1662e-04
Loss = 2.8696e-02, PNorm = 403.8079, GNorm = 0.7019, lr_0 = 1.1659e-04
Loss = 2.8080e-02, PNorm = 403.8095, GNorm = 0.3280, lr_0 = 1.1656e-04
Loss = 3.2109e-02, PNorm = 403.8115, GNorm = 0.2712, lr_0 = 1.1653e-04
Loss = 2.7945e-02, PNorm = 403.8125, GNorm = 0.2590, lr_0 = 1.1650e-04
Loss = 2.7350e-02, PNorm = 403.8148, GNorm = 0.2803, lr_0 = 1.1647e-04
Loss = 3.0061e-02, PNorm = 403.8176, GNorm = 0.3425, lr_0 = 1.1644e-04
Loss = 2.3392e-02, PNorm = 403.8192, GNorm = 0.2407, lr_0 = 1.1641e-04
Loss = 2.7986e-02, PNorm = 403.8211, GNorm = 0.1931, lr_0 = 1.1638e-04
Loss = 3.1296e-02, PNorm = 403.8224, GNorm = 0.2156, lr_0 = 1.1635e-04
Loss = 2.9689e-02, PNorm = 403.8242, GNorm = 0.2082, lr_0 = 1.1631e-04
Loss = 3.0049e-02, PNorm = 403.8267, GNorm = 0.2486, lr_0 = 1.1628e-04
Loss = 2.5706e-02, PNorm = 403.8284, GNorm = 0.1658, lr_0 = 1.1625e-04
Loss = 3.5163e-02, PNorm = 403.8307, GNorm = 0.2553, lr_0 = 1.1622e-04
Loss = 2.3317e-02, PNorm = 403.8330, GNorm = 0.2045, lr_0 = 1.1619e-04
Loss = 2.5955e-02, PNorm = 403.8360, GNorm = 0.3256, lr_0 = 1.1616e-04
Loss = 3.2060e-02, PNorm = 403.8384, GNorm = 0.2891, lr_0 = 1.1613e-04
Loss = 2.6540e-02, PNorm = 403.8414, GNorm = 0.3086, lr_0 = 1.1610e-04
Loss = 2.6501e-02, PNorm = 403.8439, GNorm = 0.1820, lr_0 = 1.1607e-04
Loss = 3.4018e-02, PNorm = 403.8467, GNorm = 0.4851, lr_0 = 1.1604e-04
Loss = 2.5859e-02, PNorm = 403.8490, GNorm = 0.3499, lr_0 = 1.1601e-04
Loss = 3.0706e-02, PNorm = 403.8510, GNorm = 0.2296, lr_0 = 1.1598e-04
Loss = 2.5454e-02, PNorm = 403.8531, GNorm = 0.2184, lr_0 = 1.1595e-04
Loss = 2.5452e-02, PNorm = 403.8550, GNorm = 0.2481, lr_0 = 1.1592e-04
Loss = 2.5662e-02, PNorm = 403.8579, GNorm = 0.1975, lr_0 = 1.1589e-04
Loss = 2.6385e-02, PNorm = 403.8607, GNorm = 0.3383, lr_0 = 1.1586e-04
Loss = 3.0733e-02, PNorm = 403.8628, GNorm = 0.3369, lr_0 = 1.1583e-04
Loss = 2.2668e-02, PNorm = 403.8638, GNorm = 0.2638, lr_0 = 1.1580e-04
Loss = 2.8109e-02, PNorm = 403.8658, GNorm = 0.1871, lr_0 = 1.1577e-04
Loss = 2.7769e-02, PNorm = 403.8681, GNorm = 0.2457, lr_0 = 1.1573e-04
Loss = 2.6712e-02, PNorm = 403.8697, GNorm = 0.2193, lr_0 = 1.1570e-04
Loss = 2.5834e-02, PNorm = 403.8720, GNorm = 0.1818, lr_0 = 1.1567e-04
Loss = 3.5563e-02, PNorm = 403.8738, GNorm = 0.2902, lr_0 = 1.1564e-04
Loss = 2.2935e-02, PNorm = 403.8753, GNorm = 0.2636, lr_0 = 1.1561e-04
Loss = 2.4757e-02, PNorm = 403.8774, GNorm = 0.2075, lr_0 = 1.1558e-04
Loss = 2.4983e-02, PNorm = 403.8798, GNorm = 0.1981, lr_0 = 1.1555e-04
Loss = 2.5020e-02, PNorm = 403.8817, GNorm = 0.2022, lr_0 = 1.1552e-04
Loss = 2.4085e-02, PNorm = 403.8832, GNorm = 0.2260, lr_0 = 1.1549e-04
Loss = 2.5985e-02, PNorm = 403.8846, GNorm = 0.2537, lr_0 = 1.1546e-04
Loss = 2.3001e-02, PNorm = 403.8869, GNorm = 0.1664, lr_0 = 1.1543e-04
Loss = 2.6657e-02, PNorm = 403.8891, GNorm = 0.3463, lr_0 = 1.1540e-04
Loss = 2.6389e-02, PNorm = 403.8905, GNorm = 0.1989, lr_0 = 1.1537e-04
Loss = 2.6174e-02, PNorm = 403.8919, GNorm = 0.1998, lr_0 = 1.1534e-04
Loss = 2.8746e-02, PNorm = 403.8941, GNorm = 0.3093, lr_0 = 1.1531e-04
Loss = 3.3649e-02, PNorm = 403.8963, GNorm = 0.2467, lr_0 = 1.1528e-04
Loss = 2.5024e-02, PNorm = 403.8988, GNorm = 0.2877, lr_0 = 1.1525e-04
Loss = 2.6370e-02, PNorm = 403.9018, GNorm = 0.2500, lr_0 = 1.1522e-04
Loss = 2.4341e-02, PNorm = 403.9043, GNorm = 0.2288, lr_0 = 1.1519e-04
Loss = 2.9610e-02, PNorm = 403.9070, GNorm = 0.2146, lr_0 = 1.1516e-04
Loss = 2.6330e-02, PNorm = 403.9098, GNorm = 0.2224, lr_0 = 1.1513e-04
Loss = 2.5369e-02, PNorm = 403.9126, GNorm = 0.2088, lr_0 = 1.1510e-04
Loss = 2.4285e-02, PNorm = 403.9147, GNorm = 0.2507, lr_0 = 1.1507e-04
Loss = 2.9296e-02, PNorm = 403.9178, GNorm = 0.3355, lr_0 = 1.1504e-04
Loss = 3.3773e-02, PNorm = 403.9204, GNorm = 0.3467, lr_0 = 1.1501e-04
Loss = 3.2296e-02, PNorm = 403.9230, GNorm = 0.3954, lr_0 = 1.1498e-04
Loss = 2.4871e-02, PNorm = 403.9259, GNorm = 0.3303, lr_0 = 1.1495e-04
Loss = 3.7280e-02, PNorm = 403.9290, GNorm = 1.3245, lr_0 = 1.1492e-04
Loss = 2.6177e-02, PNorm = 403.9317, GNorm = 0.2918, lr_0 = 1.1489e-04
Loss = 3.2612e-02, PNorm = 403.9338, GNorm = 0.1986, lr_0 = 1.1486e-04
Loss = 1.9049e-02, PNorm = 403.9338, GNorm = 0.2221, lr_0 = 1.1485e-04
Validation rmse = 3.420057
Epoch 94
Loss = 2.3074e-02, PNorm = 403.9358, GNorm = 0.1677, lr_0 = 1.1482e-04
Loss = 2.7177e-02, PNorm = 403.9374, GNorm = 0.2040, lr_0 = 1.1479e-04
Loss = 3.2607e-02, PNorm = 403.9397, GNorm = 0.1879, lr_0 = 1.1476e-04
Loss = 2.6272e-02, PNorm = 403.9422, GNorm = 0.2125, lr_0 = 1.1473e-04
Loss = 2.4705e-02, PNorm = 403.9457, GNorm = 0.2029, lr_0 = 1.1470e-04
Loss = 2.3826e-02, PNorm = 403.9485, GNorm = 0.1737, lr_0 = 1.1467e-04
Loss = 2.6759e-02, PNorm = 403.9502, GNorm = 0.4833, lr_0 = 1.1464e-04
Loss = 2.2969e-02, PNorm = 403.9513, GNorm = 0.1718, lr_0 = 1.1461e-04
Loss = 2.5070e-02, PNorm = 403.9532, GNorm = 0.2139, lr_0 = 1.1458e-04
Loss = 2.5107e-02, PNorm = 403.9556, GNorm = 0.2486, lr_0 = 1.1455e-04
Loss = 2.4871e-02, PNorm = 403.9575, GNorm = 0.2984, lr_0 = 1.1452e-04
Loss = 2.5157e-02, PNorm = 403.9593, GNorm = 0.2915, lr_0 = 1.1449e-04
Loss = 2.2992e-02, PNorm = 403.9610, GNorm = 0.2477, lr_0 = 1.1446e-04
Loss = 3.3820e-02, PNorm = 403.9637, GNorm = 0.2588, lr_0 = 1.1443e-04
Loss = 2.7824e-02, PNorm = 403.9660, GNorm = 0.2314, lr_0 = 1.1440e-04
Loss = 2.4581e-02, PNorm = 403.9676, GNorm = 0.2641, lr_0 = 1.1437e-04
Loss = 2.6659e-02, PNorm = 403.9690, GNorm = 0.3101, lr_0 = 1.1434e-04
Loss = 2.7363e-02, PNorm = 403.9709, GNorm = 0.3377, lr_0 = 1.1431e-04
Loss = 2.2906e-02, PNorm = 403.9721, GNorm = 0.1769, lr_0 = 1.1428e-04
Loss = 3.3758e-02, PNorm = 403.9746, GNorm = 0.2904, lr_0 = 1.1425e-04
Loss = 2.5940e-02, PNorm = 403.9772, GNorm = 0.5521, lr_0 = 1.1422e-04
Loss = 3.4777e-02, PNorm = 403.9803, GNorm = 0.3681, lr_0 = 1.1419e-04
Loss = 2.5038e-02, PNorm = 403.9827, GNorm = 0.2041, lr_0 = 1.1416e-04
Loss = 2.5568e-02, PNorm = 403.9848, GNorm = 0.1692, lr_0 = 1.1413e-04
Loss = 2.6212e-02, PNorm = 403.9880, GNorm = 0.3308, lr_0 = 1.1410e-04
Loss = 3.0988e-02, PNorm = 403.9914, GNorm = 0.1774, lr_0 = 1.1407e-04
Loss = 2.7062e-02, PNorm = 403.9937, GNorm = 0.2381, lr_0 = 1.1404e-04
Loss = 2.4080e-02, PNorm = 403.9952, GNorm = 0.1839, lr_0 = 1.1401e-04
Loss = 2.3671e-02, PNorm = 403.9974, GNorm = 0.2063, lr_0 = 1.1398e-04
Loss = 2.3658e-02, PNorm = 403.9989, GNorm = 0.2857, lr_0 = 1.1395e-04
Loss = 3.5035e-02, PNorm = 404.0003, GNorm = 0.2318, lr_0 = 1.1392e-04
Loss = 2.3871e-02, PNorm = 404.0022, GNorm = 0.2685, lr_0 = 1.1389e-04
Loss = 3.4123e-02, PNorm = 404.0054, GNorm = 0.1543, lr_0 = 1.1386e-04
Loss = 2.6250e-02, PNorm = 404.0081, GNorm = 0.2966, lr_0 = 1.1383e-04
Loss = 3.0391e-02, PNorm = 404.0104, GNorm = 0.1907, lr_0 = 1.1380e-04
Loss = 4.3727e-02, PNorm = 404.0125, GNorm = 0.3107, lr_0 = 1.1377e-04
Loss = 2.5034e-02, PNorm = 404.0154, GNorm = 0.3486, lr_0 = 1.1374e-04
Loss = 2.9081e-02, PNorm = 404.0180, GNorm = 0.1971, lr_0 = 1.1371e-04
Loss = 2.4103e-02, PNorm = 404.0197, GNorm = 0.2826, lr_0 = 1.1368e-04
Loss = 2.7418e-02, PNorm = 404.0215, GNorm = 0.1986, lr_0 = 1.1365e-04
Loss = 2.5246e-02, PNorm = 404.0237, GNorm = 0.2492, lr_0 = 1.1362e-04
Loss = 2.8122e-02, PNorm = 404.0259, GNorm = 0.2779, lr_0 = 1.1359e-04
Loss = 2.8550e-02, PNorm = 404.0276, GNorm = 0.4465, lr_0 = 1.1356e-04
Loss = 2.3218e-02, PNorm = 404.0296, GNorm = 0.1630, lr_0 = 1.1353e-04
Loss = 2.5270e-02, PNorm = 404.0317, GNorm = 0.2728, lr_0 = 1.1350e-04
Loss = 2.8562e-02, PNorm = 404.0337, GNorm = 0.1720, lr_0 = 1.1347e-04
Loss = 3.3740e-02, PNorm = 404.0351, GNorm = 0.1369, lr_0 = 1.1344e-04
Loss = 2.7271e-02, PNorm = 404.0366, GNorm = 0.2220, lr_0 = 1.1341e-04
Loss = 2.4355e-02, PNorm = 404.0382, GNorm = 0.1808, lr_0 = 1.1338e-04
Loss = 3.0233e-02, PNorm = 404.0405, GNorm = 0.1988, lr_0 = 1.1335e-04
Loss = 2.3083e-02, PNorm = 404.0429, GNorm = 0.3044, lr_0 = 1.1332e-04
Loss = 3.1390e-02, PNorm = 404.0447, GNorm = 0.2314, lr_0 = 1.1329e-04
Loss = 2.8839e-02, PNorm = 404.0465, GNorm = 0.2460, lr_0 = 1.1326e-04
Loss = 2.7309e-02, PNorm = 404.0494, GNorm = 0.2614, lr_0 = 1.1323e-04
Loss = 2.8561e-02, PNorm = 404.0506, GNorm = 0.1799, lr_0 = 1.1320e-04
Loss = 3.5371e-02, PNorm = 404.0528, GNorm = 0.1911, lr_0 = 1.1317e-04
Loss = 3.3419e-02, PNorm = 404.0551, GNorm = 0.1814, lr_0 = 1.1314e-04
Loss = 2.4260e-02, PNorm = 404.0578, GNorm = 0.2425, lr_0 = 1.1311e-04
Loss = 2.5959e-02, PNorm = 404.0594, GNorm = 0.2872, lr_0 = 1.1308e-04
Loss = 2.5086e-02, PNorm = 404.0600, GNorm = 0.2131, lr_0 = 1.1305e-04
Loss = 2.5786e-02, PNorm = 404.0612, GNorm = 0.2538, lr_0 = 1.1302e-04
Loss = 2.7433e-02, PNorm = 404.0627, GNorm = 0.2430, lr_0 = 1.1299e-04
Loss = 2.8351e-02, PNorm = 404.0655, GNorm = 0.1602, lr_0 = 1.1296e-04
Loss = 2.6174e-02, PNorm = 404.0677, GNorm = 0.3095, lr_0 = 1.1293e-04
Loss = 2.7406e-02, PNorm = 404.0704, GNorm = 0.2315, lr_0 = 1.1290e-04
Loss = 2.8725e-02, PNorm = 404.0722, GNorm = 0.2541, lr_0 = 1.1287e-04
Loss = 2.3779e-02, PNorm = 404.0749, GNorm = 0.1853, lr_0 = 1.1285e-04
Loss = 2.8882e-02, PNorm = 404.0772, GNorm = 0.2288, lr_0 = 1.1282e-04
Loss = 2.4358e-02, PNorm = 404.0799, GNorm = 0.2847, lr_0 = 1.1279e-04
Loss = 3.1398e-02, PNorm = 404.0824, GNorm = 0.1815, lr_0 = 1.1276e-04
Loss = 2.4323e-02, PNorm = 404.0849, GNorm = 0.2351, lr_0 = 1.1273e-04
Loss = 2.9612e-02, PNorm = 404.0877, GNorm = 0.2059, lr_0 = 1.1270e-04
Loss = 2.7192e-02, PNorm = 404.0905, GNorm = 0.2032, lr_0 = 1.1267e-04
Loss = 2.7537e-02, PNorm = 404.0929, GNorm = 0.1683, lr_0 = 1.1264e-04
Loss = 2.8678e-02, PNorm = 404.0958, GNorm = 0.2254, lr_0 = 1.1261e-04
Loss = 2.6620e-02, PNorm = 404.0988, GNorm = 0.2439, lr_0 = 1.1258e-04
Loss = 3.4612e-02, PNorm = 404.1011, GNorm = 0.2584, lr_0 = 1.1255e-04
Loss = 2.6755e-02, PNorm = 404.1036, GNorm = 0.2611, lr_0 = 1.1252e-04
Loss = 3.0776e-02, PNorm = 404.1064, GNorm = 0.2081, lr_0 = 1.1249e-04
Loss = 3.1138e-02, PNorm = 404.1081, GNorm = 0.2819, lr_0 = 1.1246e-04
Loss = 2.7726e-02, PNorm = 404.1101, GNorm = 0.1549, lr_0 = 1.1243e-04
Loss = 2.7304e-02, PNorm = 404.1121, GNorm = 0.2501, lr_0 = 1.1240e-04
Loss = 2.7142e-02, PNorm = 404.1143, GNorm = 0.3442, lr_0 = 1.1237e-04
Loss = 2.9035e-02, PNorm = 404.1154, GNorm = 0.3045, lr_0 = 1.1234e-04
Loss = 2.6846e-02, PNorm = 404.1182, GNorm = 0.2545, lr_0 = 1.1231e-04
Loss = 3.8745e-02, PNorm = 404.1206, GNorm = 0.3633, lr_0 = 1.1228e-04
Loss = 3.3048e-02, PNorm = 404.1230, GNorm = 0.2436, lr_0 = 1.1225e-04
Loss = 2.7893e-02, PNorm = 404.1254, GNorm = 0.2109, lr_0 = 1.1222e-04
Loss = 3.3948e-02, PNorm = 404.1283, GNorm = 0.2088, lr_0 = 1.1219e-04
Validation rmse = 3.414379
Epoch 95
Loss = 2.3437e-02, PNorm = 404.1300, GNorm = 0.2256, lr_0 = 1.1216e-04
Loss = 3.9963e-02, PNorm = 404.1330, GNorm = 0.2363, lr_0 = 1.1213e-04
Loss = 2.6900e-02, PNorm = 404.1357, GNorm = 0.2656, lr_0 = 1.1211e-04
Loss = 2.6551e-02, PNorm = 404.1382, GNorm = 0.2418, lr_0 = 1.1208e-04
Loss = 5.0644e-02, PNorm = 404.1399, GNorm = 0.2918, lr_0 = 1.1205e-04
Loss = 3.2587e-02, PNorm = 404.1420, GNorm = 0.2537, lr_0 = 1.1202e-04
Loss = 2.7119e-02, PNorm = 404.1446, GNorm = 0.1359, lr_0 = 1.1199e-04
Loss = 2.6042e-02, PNorm = 404.1472, GNorm = 0.3230, lr_0 = 1.1196e-04
Loss = 3.0564e-02, PNorm = 404.1489, GNorm = 0.4417, lr_0 = 1.1193e-04
Loss = 2.5822e-02, PNorm = 404.1511, GNorm = 0.2076, lr_0 = 1.1190e-04
Loss = 2.6077e-02, PNorm = 404.1542, GNorm = 0.2909, lr_0 = 1.1187e-04
Loss = 2.5620e-02, PNorm = 404.1560, GNorm = 0.3871, lr_0 = 1.1184e-04
Loss = 2.6517e-02, PNorm = 404.1573, GNorm = 0.2113, lr_0 = 1.1181e-04
Loss = 2.6754e-02, PNorm = 404.1581, GNorm = 0.1922, lr_0 = 1.1178e-04
Loss = 2.2379e-02, PNorm = 404.1596, GNorm = 0.2109, lr_0 = 1.1175e-04
Loss = 2.5795e-02, PNorm = 404.1617, GNorm = 0.2386, lr_0 = 1.1172e-04
Loss = 2.7263e-02, PNorm = 404.1642, GNorm = 0.2717, lr_0 = 1.1169e-04
Loss = 2.4160e-02, PNorm = 404.1662, GNorm = 0.2276, lr_0 = 1.1166e-04
Loss = 2.5229e-02, PNorm = 404.1679, GNorm = 0.1972, lr_0 = 1.1163e-04
Loss = 2.4483e-02, PNorm = 404.1689, GNorm = 0.3484, lr_0 = 1.1161e-04
Loss = 2.5535e-02, PNorm = 404.1704, GNorm = 0.1935, lr_0 = 1.1158e-04
Loss = 2.4336e-02, PNorm = 404.1719, GNorm = 0.2302, lr_0 = 1.1155e-04
Loss = 2.3511e-02, PNorm = 404.1735, GNorm = 0.3982, lr_0 = 1.1152e-04
Loss = 2.7367e-02, PNorm = 404.1761, GNorm = 0.2507, lr_0 = 1.1149e-04
Loss = 2.7878e-02, PNorm = 404.1783, GNorm = 0.7533, lr_0 = 1.1146e-04
Loss = 2.6459e-02, PNorm = 404.1805, GNorm = 0.3293, lr_0 = 1.1143e-04
Loss = 3.6124e-02, PNorm = 404.1818, GNorm = 0.1855, lr_0 = 1.1140e-04
Loss = 3.2304e-02, PNorm = 404.1836, GNorm = 0.2838, lr_0 = 1.1137e-04
Loss = 2.8938e-02, PNorm = 404.1850, GNorm = 0.2401, lr_0 = 1.1134e-04
Loss = 2.3314e-02, PNorm = 404.1868, GNorm = 0.1508, lr_0 = 1.1131e-04
Loss = 2.4055e-02, PNorm = 404.1880, GNorm = 0.2149, lr_0 = 1.1128e-04
Loss = 2.6659e-02, PNorm = 404.1896, GNorm = 0.2357, lr_0 = 1.1125e-04
Loss = 2.5175e-02, PNorm = 404.1914, GNorm = 0.3041, lr_0 = 1.1122e-04
Loss = 2.4068e-02, PNorm = 404.1932, GNorm = 0.3924, lr_0 = 1.1119e-04
Loss = 2.4244e-02, PNorm = 404.1952, GNorm = 0.1986, lr_0 = 1.1117e-04
Loss = 2.4238e-02, PNorm = 404.1971, GNorm = 0.2366, lr_0 = 1.1114e-04
Loss = 2.4837e-02, PNorm = 404.1985, GNorm = 0.2106, lr_0 = 1.1111e-04
Loss = 2.5305e-02, PNorm = 404.2001, GNorm = 0.1591, lr_0 = 1.1108e-04
Loss = 2.3698e-02, PNorm = 404.2022, GNorm = 0.2190, lr_0 = 1.1105e-04
Loss = 2.8772e-02, PNorm = 404.2042, GNorm = 0.1488, lr_0 = 1.1102e-04
Loss = 2.6973e-02, PNorm = 404.2055, GNorm = 0.2246, lr_0 = 1.1099e-04
Loss = 3.1198e-02, PNorm = 404.2078, GNorm = 0.2989, lr_0 = 1.1096e-04
Loss = 2.7203e-02, PNorm = 404.2105, GNorm = 0.2240, lr_0 = 1.1093e-04
Loss = 3.0288e-02, PNorm = 404.2129, GNorm = 0.2322, lr_0 = 1.1090e-04
Loss = 2.6063e-02, PNorm = 404.2156, GNorm = 0.1580, lr_0 = 1.1087e-04
Loss = 2.4500e-02, PNorm = 404.2182, GNorm = 0.2663, lr_0 = 1.1084e-04
Loss = 2.3871e-02, PNorm = 404.2208, GNorm = 0.2523, lr_0 = 1.1082e-04
Loss = 2.4194e-02, PNorm = 404.2239, GNorm = 0.2509, lr_0 = 1.1079e-04
Loss = 2.4347e-02, PNorm = 404.2265, GNorm = 0.2197, lr_0 = 1.1076e-04
Loss = 2.4695e-02, PNorm = 404.2284, GNorm = 0.2788, lr_0 = 1.1073e-04
Loss = 2.4702e-02, PNorm = 404.2298, GNorm = 0.2867, lr_0 = 1.1070e-04
Loss = 3.1452e-02, PNorm = 404.2317, GNorm = 0.2075, lr_0 = 1.1067e-04
Loss = 2.9601e-02, PNorm = 404.2334, GNorm = 0.2744, lr_0 = 1.1064e-04
Loss = 2.6006e-02, PNorm = 404.2353, GNorm = 0.2804, lr_0 = 1.1061e-04
Loss = 2.7094e-02, PNorm = 404.2377, GNorm = 0.2421, lr_0 = 1.1058e-04
Loss = 3.1201e-02, PNorm = 404.2395, GNorm = 0.2183, lr_0 = 1.1055e-04
Loss = 2.5410e-02, PNorm = 404.2421, GNorm = 0.2180, lr_0 = 1.1052e-04
Loss = 2.8345e-02, PNorm = 404.2450, GNorm = 0.2583, lr_0 = 1.1049e-04
Loss = 2.2113e-02, PNorm = 404.2478, GNorm = 0.1686, lr_0 = 1.1047e-04
Loss = 2.5604e-02, PNorm = 404.2493, GNorm = 0.2450, lr_0 = 1.1044e-04
Loss = 2.6744e-02, PNorm = 404.2515, GNorm = 0.2794, lr_0 = 1.1041e-04
Loss = 2.2667e-02, PNorm = 404.2530, GNorm = 0.1724, lr_0 = 1.1038e-04
Loss = 2.9418e-02, PNorm = 404.2540, GNorm = 0.2054, lr_0 = 1.1035e-04
Loss = 2.6526e-02, PNorm = 404.2561, GNorm = 0.3354, lr_0 = 1.1032e-04
Loss = 2.3516e-02, PNorm = 404.2580, GNorm = 0.2550, lr_0 = 1.1029e-04
Loss = 3.2662e-02, PNorm = 404.2597, GNorm = 0.2545, lr_0 = 1.1026e-04
Loss = 2.2573e-02, PNorm = 404.2610, GNorm = 0.2625, lr_0 = 1.1023e-04
Loss = 2.4869e-02, PNorm = 404.2630, GNorm = 0.1912, lr_0 = 1.1020e-04
Loss = 2.3748e-02, PNorm = 404.2647, GNorm = 0.2250, lr_0 = 1.1018e-04
Loss = 2.6046e-02, PNorm = 404.2667, GNorm = 0.2682, lr_0 = 1.1015e-04
Loss = 2.4611e-02, PNorm = 404.2691, GNorm = 0.1991, lr_0 = 1.1012e-04
Loss = 3.0721e-02, PNorm = 404.2706, GNorm = 0.2226, lr_0 = 1.1009e-04
Loss = 3.0214e-02, PNorm = 404.2734, GNorm = 0.3350, lr_0 = 1.1006e-04
Loss = 3.6616e-02, PNorm = 404.2754, GNorm = 0.3163, lr_0 = 1.1003e-04
Loss = 3.0066e-02, PNorm = 404.2774, GNorm = 0.3800, lr_0 = 1.1000e-04
Loss = 2.6322e-02, PNorm = 404.2800, GNorm = 0.2092, lr_0 = 1.0997e-04
Loss = 3.1171e-02, PNorm = 404.2828, GNorm = 0.3169, lr_0 = 1.0994e-04
Loss = 2.4977e-02, PNorm = 404.2856, GNorm = 0.2348, lr_0 = 1.0991e-04
Loss = 4.3761e-02, PNorm = 404.2876, GNorm = 0.2217, lr_0 = 1.0989e-04
Loss = 3.5784e-02, PNorm = 404.2892, GNorm = 1.0428, lr_0 = 1.0986e-04
Loss = 3.0916e-02, PNorm = 404.2913, GNorm = 0.2305, lr_0 = 1.0983e-04
Loss = 2.7796e-02, PNorm = 404.2940, GNorm = 0.4261, lr_0 = 1.0980e-04
Loss = 3.2889e-02, PNorm = 404.2968, GNorm = 0.3019, lr_0 = 1.0977e-04
Loss = 2.9608e-02, PNorm = 404.2997, GNorm = 0.1773, lr_0 = 1.0974e-04
Loss = 3.4640e-02, PNorm = 404.3027, GNorm = 0.3427, lr_0 = 1.0971e-04
Loss = 2.3309e-02, PNorm = 404.3046, GNorm = 0.2914, lr_0 = 1.0968e-04
Loss = 2.3294e-02, PNorm = 404.3062, GNorm = 0.2291, lr_0 = 1.0965e-04
Loss = 2.4293e-02, PNorm = 404.3084, GNorm = 0.1995, lr_0 = 1.0963e-04
Loss = 2.4835e-02, PNorm = 404.3100, GNorm = 0.2211, lr_0 = 1.0960e-04
Validation rmse = 3.396880
Epoch 96
Loss = 2.0604e-02, PNorm = 404.3119, GNorm = 0.1779, lr_0 = 1.0957e-04
Loss = 3.2719e-02, PNorm = 404.3141, GNorm = 0.3958, lr_0 = 1.0954e-04
Loss = 2.6217e-02, PNorm = 404.3162, GNorm = 0.2457, lr_0 = 1.0951e-04
Loss = 2.1043e-02, PNorm = 404.3178, GNorm = 0.2021, lr_0 = 1.0948e-04
Loss = 3.2851e-02, PNorm = 404.3194, GNorm = 0.2571, lr_0 = 1.0945e-04
Loss = 2.0732e-02, PNorm = 404.3202, GNorm = 0.2586, lr_0 = 1.0942e-04
Loss = 2.6972e-02, PNorm = 404.3214, GNorm = 0.2063, lr_0 = 1.0940e-04
Loss = 2.4387e-02, PNorm = 404.3228, GNorm = 0.1877, lr_0 = 1.0937e-04
Loss = 2.9392e-02, PNorm = 404.3249, GNorm = 0.1725, lr_0 = 1.0934e-04
Loss = 3.6136e-02, PNorm = 404.3270, GNorm = 0.2840, lr_0 = 1.0931e-04
Loss = 5.2328e-02, PNorm = 404.3287, GNorm = 0.2667, lr_0 = 1.0928e-04
Loss = 2.7617e-02, PNorm = 404.3311, GNorm = 0.2235, lr_0 = 1.0925e-04
Loss = 2.9279e-02, PNorm = 404.3335, GNorm = 0.2941, lr_0 = 1.0922e-04
Loss = 2.4839e-02, PNorm = 404.3362, GNorm = 0.2791, lr_0 = 1.0919e-04
Loss = 3.3408e-02, PNorm = 404.3382, GNorm = 0.2938, lr_0 = 1.0917e-04
Loss = 2.4714e-02, PNorm = 404.3397, GNorm = 0.2259, lr_0 = 1.0914e-04
Loss = 2.7017e-02, PNorm = 404.3417, GNorm = 0.2243, lr_0 = 1.0911e-04
Loss = 2.5111e-02, PNorm = 404.3437, GNorm = 0.2284, lr_0 = 1.0908e-04
Loss = 2.3236e-02, PNorm = 404.3452, GNorm = 0.2227, lr_0 = 1.0905e-04
Loss = 3.2244e-02, PNorm = 404.3469, GNorm = 0.2369, lr_0 = 1.0902e-04
Loss = 3.2842e-02, PNorm = 404.3489, GNorm = 0.2601, lr_0 = 1.0899e-04
Loss = 2.5372e-02, PNorm = 404.3508, GNorm = 0.1874, lr_0 = 1.0896e-04
Loss = 2.6065e-02, PNorm = 404.3532, GNorm = 0.2168, lr_0 = 1.0894e-04
Loss = 2.3443e-02, PNorm = 404.3552, GNorm = 0.2434, lr_0 = 1.0891e-04
Loss = 2.2866e-02, PNorm = 404.3583, GNorm = 0.1685, lr_0 = 1.0888e-04
Loss = 2.6235e-02, PNorm = 404.3599, GNorm = 0.3817, lr_0 = 1.0885e-04
Loss = 3.1812e-02, PNorm = 404.3619, GNorm = 0.1955, lr_0 = 1.0882e-04
Loss = 2.5993e-02, PNorm = 404.3639, GNorm = 0.2759, lr_0 = 1.0879e-04
Loss = 2.9490e-02, PNorm = 404.3655, GNorm = 0.5738, lr_0 = 1.0876e-04
Loss = 2.6069e-02, PNorm = 404.3666, GNorm = 0.2316, lr_0 = 1.0874e-04
Loss = 3.2455e-02, PNorm = 404.3684, GNorm = 0.2767, lr_0 = 1.0871e-04
Loss = 2.5530e-02, PNorm = 404.3699, GNorm = 0.2455, lr_0 = 1.0868e-04
Loss = 2.4769e-02, PNorm = 404.3717, GNorm = 0.1941, lr_0 = 1.0865e-04
Loss = 2.6562e-02, PNorm = 404.3735, GNorm = 0.1889, lr_0 = 1.0862e-04
Loss = 2.6008e-02, PNorm = 404.3761, GNorm = 0.2258, lr_0 = 1.0859e-04
Loss = 3.0140e-02, PNorm = 404.3786, GNorm = 0.1938, lr_0 = 1.0856e-04
Loss = 3.2140e-02, PNorm = 404.3819, GNorm = 0.2699, lr_0 = 1.0854e-04
Loss = 2.4863e-02, PNorm = 404.3838, GNorm = 0.2640, lr_0 = 1.0851e-04
Loss = 2.4740e-02, PNorm = 404.3857, GNorm = 0.3579, lr_0 = 1.0848e-04
Loss = 2.7186e-02, PNorm = 404.3880, GNorm = 0.4124, lr_0 = 1.0845e-04
Loss = 2.8191e-02, PNorm = 404.3887, GNorm = 0.2443, lr_0 = 1.0842e-04
Loss = 2.7051e-02, PNorm = 404.3903, GNorm = 0.3133, lr_0 = 1.0839e-04
Loss = 2.2460e-02, PNorm = 404.3921, GNorm = 0.6018, lr_0 = 1.0836e-04
Loss = 2.4057e-02, PNorm = 404.3941, GNorm = 0.2620, lr_0 = 1.0834e-04
Loss = 2.7365e-02, PNorm = 404.3961, GNorm = 0.2576, lr_0 = 1.0831e-04
Loss = 2.6583e-02, PNorm = 404.3988, GNorm = 0.1970, lr_0 = 1.0828e-04
Loss = 2.2740e-02, PNorm = 404.4005, GNorm = 0.2286, lr_0 = 1.0825e-04
Loss = 2.3451e-02, PNorm = 404.4021, GNorm = 0.2348, lr_0 = 1.0822e-04
Loss = 2.9045e-02, PNorm = 404.4029, GNorm = 0.2591, lr_0 = 1.0819e-04
Loss = 2.3439e-02, PNorm = 404.4053, GNorm = 0.2855, lr_0 = 1.0816e-04
Loss = 3.2435e-02, PNorm = 404.4080, GNorm = 0.2979, lr_0 = 1.0814e-04
Loss = 3.6124e-02, PNorm = 404.4107, GNorm = 0.3472, lr_0 = 1.0811e-04
Loss = 2.4151e-02, PNorm = 404.4129, GNorm = 0.1682, lr_0 = 1.0808e-04
Loss = 2.3811e-02, PNorm = 404.4151, GNorm = 0.2254, lr_0 = 1.0805e-04
Loss = 2.9737e-02, PNorm = 404.4176, GNorm = 0.3597, lr_0 = 1.0802e-04
Loss = 2.6818e-02, PNorm = 404.4200, GNorm = 0.3177, lr_0 = 1.0799e-04
Loss = 2.4669e-02, PNorm = 404.4221, GNorm = 0.2895, lr_0 = 1.0797e-04
Loss = 2.0949e-02, PNorm = 404.4239, GNorm = 0.1905, lr_0 = 1.0794e-04
Loss = 2.7192e-02, PNorm = 404.4260, GNorm = 0.2494, lr_0 = 1.0791e-04
Loss = 2.3002e-02, PNorm = 404.4282, GNorm = 0.2453, lr_0 = 1.0788e-04
Loss = 2.3086e-02, PNorm = 404.4300, GNorm = 0.3001, lr_0 = 1.0785e-04
Loss = 2.5778e-02, PNorm = 404.4309, GNorm = 0.1639, lr_0 = 1.0782e-04
Loss = 2.5830e-02, PNorm = 404.4323, GNorm = 0.2770, lr_0 = 1.0780e-04
Loss = 2.6087e-02, PNorm = 404.4342, GNorm = 0.2681, lr_0 = 1.0777e-04
Loss = 2.4804e-02, PNorm = 404.4364, GNorm = 0.1831, lr_0 = 1.0774e-04
Loss = 2.4949e-02, PNorm = 404.4390, GNorm = 0.2234, lr_0 = 1.0771e-04
Loss = 2.3412e-02, PNorm = 404.4406, GNorm = 0.2452, lr_0 = 1.0768e-04
Loss = 2.2503e-02, PNorm = 404.4427, GNorm = 0.3037, lr_0 = 1.0765e-04
Loss = 2.9287e-02, PNorm = 404.4441, GNorm = 0.1816, lr_0 = 1.0763e-04
Loss = 2.8657e-02, PNorm = 404.4462, GNorm = 0.2075, lr_0 = 1.0760e-04
Loss = 2.0917e-02, PNorm = 404.4471, GNorm = 0.3042, lr_0 = 1.0757e-04
Loss = 3.3175e-02, PNorm = 404.4489, GNorm = 0.2882, lr_0 = 1.0754e-04
Loss = 2.3655e-02, PNorm = 404.4502, GNorm = 0.2752, lr_0 = 1.0751e-04
Loss = 2.3623e-02, PNorm = 404.4519, GNorm = 0.2158, lr_0 = 1.0748e-04
Loss = 2.8998e-02, PNorm = 404.4531, GNorm = 0.3617, lr_0 = 1.0746e-04
Loss = 2.6072e-02, PNorm = 404.4545, GNorm = 0.3519, lr_0 = 1.0743e-04
Loss = 2.5241e-02, PNorm = 404.4567, GNorm = 0.1891, lr_0 = 1.0740e-04
Loss = 2.9015e-02, PNorm = 404.4592, GNorm = 0.1799, lr_0 = 1.0737e-04
Loss = 2.8835e-02, PNorm = 404.4614, GNorm = 0.3377, lr_0 = 1.0734e-04
Loss = 2.6227e-02, PNorm = 404.4634, GNorm = 0.2407, lr_0 = 1.0731e-04
Loss = 2.8843e-02, PNorm = 404.4657, GNorm = 0.3189, lr_0 = 1.0729e-04
Loss = 2.7525e-02, PNorm = 404.4671, GNorm = 0.3264, lr_0 = 1.0726e-04
Loss = 2.5892e-02, PNorm = 404.4706, GNorm = 0.1898, lr_0 = 1.0723e-04
Loss = 2.6063e-02, PNorm = 404.4724, GNorm = 0.2973, lr_0 = 1.0720e-04
Loss = 2.8088e-02, PNorm = 404.4738, GNorm = 0.2168, lr_0 = 1.0717e-04
Loss = 2.9622e-02, PNorm = 404.4755, GNorm = 0.2229, lr_0 = 1.0715e-04
Loss = 2.3655e-02, PNorm = 404.4776, GNorm = 0.2011, lr_0 = 1.0712e-04
Loss = 2.2755e-02, PNorm = 404.4794, GNorm = 0.1792, lr_0 = 1.0709e-04
Loss = 3.3062e-02, PNorm = 404.4812, GNorm = 0.2927, lr_0 = 1.0706e-04
Loss = 2.0585e-02, PNorm = 404.4825, GNorm = 0.2756, lr_0 = 1.0703e-04
Validation rmse = 3.395103
Epoch 97
Loss = 2.6025e-02, PNorm = 404.4846, GNorm = 0.2595, lr_0 = 1.0700e-04
Loss = 2.5389e-02, PNorm = 404.4861, GNorm = 0.2498, lr_0 = 1.0698e-04
Loss = 3.5062e-02, PNorm = 404.4883, GNorm = 0.2463, lr_0 = 1.0695e-04
Loss = 2.3020e-02, PNorm = 404.4902, GNorm = 0.2620, lr_0 = 1.0692e-04
Loss = 3.4583e-02, PNorm = 404.4925, GNorm = 0.3915, lr_0 = 1.0689e-04
Loss = 3.0340e-02, PNorm = 404.4947, GNorm = 0.1980, lr_0 = 1.0686e-04
Loss = 2.5403e-02, PNorm = 404.4969, GNorm = 0.1824, lr_0 = 1.0684e-04
Loss = 3.2737e-02, PNorm = 404.4982, GNorm = 0.2881, lr_0 = 1.0681e-04
Loss = 3.0757e-02, PNorm = 404.5001, GNorm = 0.2516, lr_0 = 1.0678e-04
Loss = 2.4302e-02, PNorm = 404.5027, GNorm = 0.1955, lr_0 = 1.0675e-04
Loss = 2.3658e-02, PNorm = 404.5051, GNorm = 0.2293, lr_0 = 1.0672e-04
Loss = 2.3950e-02, PNorm = 404.5073, GNorm = 0.2290, lr_0 = 1.0670e-04
Loss = 2.2978e-02, PNorm = 404.5093, GNorm = 0.2646, lr_0 = 1.0667e-04
Loss = 2.6988e-02, PNorm = 404.5112, GNorm = 0.2392, lr_0 = 1.0664e-04
Loss = 2.6623e-02, PNorm = 404.5131, GNorm = 0.2712, lr_0 = 1.0661e-04
Loss = 2.9646e-02, PNorm = 404.5150, GNorm = 0.2356, lr_0 = 1.0658e-04
Loss = 2.3582e-02, PNorm = 404.5171, GNorm = 0.1466, lr_0 = 1.0655e-04
Loss = 2.5805e-02, PNorm = 404.5192, GNorm = 0.2610, lr_0 = 1.0653e-04
Loss = 2.7986e-02, PNorm = 404.5208, GNorm = 0.1780, lr_0 = 1.0650e-04
Loss = 2.7230e-02, PNorm = 404.5225, GNorm = 0.2099, lr_0 = 1.0647e-04
Loss = 2.3328e-02, PNorm = 404.5247, GNorm = 0.3188, lr_0 = 1.0644e-04
Loss = 2.9917e-02, PNorm = 404.5265, GNorm = 0.4188, lr_0 = 1.0641e-04
Loss = 2.4465e-02, PNorm = 404.5293, GNorm = 0.2408, lr_0 = 1.0639e-04
Loss = 2.4427e-02, PNorm = 404.5314, GNorm = 0.1549, lr_0 = 1.0636e-04
Loss = 3.0113e-02, PNorm = 404.5334, GNorm = 0.2367, lr_0 = 1.0633e-04
Loss = 2.4497e-02, PNorm = 404.5355, GNorm = 0.1663, lr_0 = 1.0630e-04
Loss = 2.3867e-02, PNorm = 404.5376, GNorm = 0.1688, lr_0 = 1.0627e-04
Loss = 2.7263e-02, PNorm = 404.5397, GNorm = 0.1954, lr_0 = 1.0625e-04
Loss = 2.3996e-02, PNorm = 404.5415, GNorm = 0.2439, lr_0 = 1.0622e-04
Loss = 2.7418e-02, PNorm = 404.5438, GNorm = 0.2049, lr_0 = 1.0619e-04
Loss = 2.6385e-02, PNorm = 404.5452, GNorm = 0.2490, lr_0 = 1.0616e-04
Loss = 2.7427e-02, PNorm = 404.5469, GNorm = 0.2249, lr_0 = 1.0614e-04
Loss = 2.3429e-02, PNorm = 404.5485, GNorm = 0.1692, lr_0 = 1.0611e-04
Loss = 2.3858e-02, PNorm = 404.5501, GNorm = 0.3073, lr_0 = 1.0608e-04
Loss = 3.2778e-02, PNorm = 404.5515, GNorm = 0.3509, lr_0 = 1.0605e-04
Loss = 2.6979e-02, PNorm = 404.5538, GNorm = 0.2808, lr_0 = 1.0602e-04
Loss = 2.4809e-02, PNorm = 404.5557, GNorm = 0.2331, lr_0 = 1.0600e-04
Loss = 2.2808e-02, PNorm = 404.5575, GNorm = 0.2721, lr_0 = 1.0597e-04
Loss = 3.0646e-02, PNorm = 404.5589, GNorm = 0.2102, lr_0 = 1.0594e-04
Loss = 2.8483e-02, PNorm = 404.5608, GNorm = 0.3615, lr_0 = 1.0591e-04
Loss = 2.7957e-02, PNorm = 404.5626, GNorm = 0.2174, lr_0 = 1.0588e-04
Loss = 2.7040e-02, PNorm = 404.5651, GNorm = 0.2177, lr_0 = 1.0586e-04
Loss = 2.8321e-02, PNorm = 404.5673, GNorm = 0.3858, lr_0 = 1.0583e-04
Loss = 2.8039e-02, PNorm = 404.5691, GNorm = 0.1511, lr_0 = 1.0580e-04
Loss = 3.1197e-02, PNorm = 404.5702, GNorm = 0.2557, lr_0 = 1.0577e-04
Loss = 2.8108e-02, PNorm = 404.5724, GNorm = 0.2381, lr_0 = 1.0574e-04
Loss = 2.6438e-02, PNorm = 404.5749, GNorm = 0.3525, lr_0 = 1.0572e-04
Loss = 2.2778e-02, PNorm = 404.5773, GNorm = 0.2452, lr_0 = 1.0569e-04
Loss = 2.3886e-02, PNorm = 404.5789, GNorm = 0.1947, lr_0 = 1.0566e-04
Loss = 2.6887e-02, PNorm = 404.5817, GNorm = 0.3044, lr_0 = 1.0563e-04
Loss = 2.3955e-02, PNorm = 404.5843, GNorm = 0.2329, lr_0 = 1.0561e-04
Loss = 3.0225e-02, PNorm = 404.5857, GNorm = 0.3167, lr_0 = 1.0558e-04
Loss = 2.3895e-02, PNorm = 404.5890, GNorm = 0.3049, lr_0 = 1.0555e-04
Loss = 2.6317e-02, PNorm = 404.5906, GNorm = 0.2319, lr_0 = 1.0552e-04
Loss = 2.5213e-02, PNorm = 404.5919, GNorm = 0.2679, lr_0 = 1.0549e-04
Loss = 3.5624e-02, PNorm = 404.5945, GNorm = 0.2533, lr_0 = 1.0547e-04
Loss = 2.4009e-02, PNorm = 404.5964, GNorm = 0.1827, lr_0 = 1.0544e-04
Loss = 2.7832e-02, PNorm = 404.5985, GNorm = 0.1813, lr_0 = 1.0541e-04
Loss = 3.0949e-02, PNorm = 404.5998, GNorm = 0.8824, lr_0 = 1.0538e-04
Loss = 2.6241e-02, PNorm = 404.6022, GNorm = 0.2577, lr_0 = 1.0536e-04
Loss = 2.2495e-02, PNorm = 404.6041, GNorm = 0.2442, lr_0 = 1.0533e-04
Loss = 4.6479e-02, PNorm = 404.6059, GNorm = 0.2497, lr_0 = 1.0530e-04
Loss = 2.9396e-02, PNorm = 404.6069, GNorm = 0.2036, lr_0 = 1.0527e-04
Loss = 2.6592e-02, PNorm = 404.6080, GNorm = 0.1952, lr_0 = 1.0525e-04
Loss = 2.3499e-02, PNorm = 404.6086, GNorm = 0.5319, lr_0 = 1.0522e-04
Loss = 2.7224e-02, PNorm = 404.6101, GNorm = 0.2111, lr_0 = 1.0519e-04
Loss = 2.6724e-02, PNorm = 404.6123, GNorm = 0.2307, lr_0 = 1.0516e-04
Loss = 2.3812e-02, PNorm = 404.6142, GNorm = 0.2304, lr_0 = 1.0513e-04
Loss = 2.9665e-02, PNorm = 404.6157, GNorm = 0.2464, lr_0 = 1.0511e-04
Loss = 3.2915e-02, PNorm = 404.6168, GNorm = 0.2636, lr_0 = 1.0508e-04
Loss = 2.6450e-02, PNorm = 404.6185, GNorm = 0.3046, lr_0 = 1.0505e-04
Loss = 2.5961e-02, PNorm = 404.6202, GNorm = 0.2171, lr_0 = 1.0502e-04
Loss = 2.3034e-02, PNorm = 404.6225, GNorm = 0.2663, lr_0 = 1.0500e-04
Loss = 2.7627e-02, PNorm = 404.6247, GNorm = 0.2947, lr_0 = 1.0497e-04
Loss = 2.7315e-02, PNorm = 404.6280, GNorm = 0.2537, lr_0 = 1.0494e-04
Loss = 2.5359e-02, PNorm = 404.6298, GNorm = 0.4362, lr_0 = 1.0491e-04
Loss = 2.8106e-02, PNorm = 404.6319, GNorm = 0.2080, lr_0 = 1.0489e-04
Loss = 2.4180e-02, PNorm = 404.6340, GNorm = 0.2187, lr_0 = 1.0486e-04
Loss = 2.5555e-02, PNorm = 404.6354, GNorm = 0.1931, lr_0 = 1.0483e-04
Loss = 2.5622e-02, PNorm = 404.6375, GNorm = 0.2790, lr_0 = 1.0480e-04
Loss = 2.4149e-02, PNorm = 404.6393, GNorm = 0.1885, lr_0 = 1.0478e-04
Loss = 2.8498e-02, PNorm = 404.6416, GNorm = 0.2135, lr_0 = 1.0475e-04
Loss = 2.7029e-02, PNorm = 404.6431, GNorm = 0.2859, lr_0 = 1.0472e-04
Loss = 2.6254e-02, PNorm = 404.6445, GNorm = 0.3417, lr_0 = 1.0469e-04
Loss = 2.5621e-02, PNorm = 404.6474, GNorm = 0.1668, lr_0 = 1.0467e-04
Loss = 2.6713e-02, PNorm = 404.6489, GNorm = 0.2659, lr_0 = 1.0464e-04
Loss = 2.5346e-02, PNorm = 404.6513, GNorm = 0.3240, lr_0 = 1.0461e-04
Loss = 2.5526e-02, PNorm = 404.6537, GNorm = 0.2032, lr_0 = 1.0458e-04
Loss = 2.6902e-02, PNorm = 404.6559, GNorm = 0.2728, lr_0 = 1.0456e-04
Validation rmse = 3.399816
Epoch 98
Loss = 2.2092e-02, PNorm = 404.6582, GNorm = 0.1839, lr_0 = 1.0453e-04
Loss = 2.6790e-02, PNorm = 404.6599, GNorm = 0.2222, lr_0 = 1.0450e-04
Loss = 2.2800e-02, PNorm = 404.6607, GNorm = 0.2916, lr_0 = 1.0447e-04
Loss = 2.9210e-02, PNorm = 404.6619, GNorm = 0.1517, lr_0 = 1.0445e-04
Loss = 2.4121e-02, PNorm = 404.6637, GNorm = 0.2865, lr_0 = 1.0442e-04
Loss = 2.6179e-02, PNorm = 404.6661, GNorm = 0.4273, lr_0 = 1.0439e-04
Loss = 2.5798e-02, PNorm = 404.6680, GNorm = 0.2784, lr_0 = 1.0436e-04
Loss = 2.2203e-02, PNorm = 404.6700, GNorm = 0.1653, lr_0 = 1.0434e-04
Loss = 2.5552e-02, PNorm = 404.6722, GNorm = 0.2015, lr_0 = 1.0431e-04
Loss = 3.2856e-02, PNorm = 404.6747, GNorm = 0.5015, lr_0 = 1.0428e-04
Loss = 2.3206e-02, PNorm = 404.6769, GNorm = 0.2133, lr_0 = 1.0425e-04
Loss = 2.3725e-02, PNorm = 404.6781, GNorm = 0.1681, lr_0 = 1.0423e-04
Loss = 2.7657e-02, PNorm = 404.6793, GNorm = 0.1619, lr_0 = 1.0420e-04
Loss = 2.6522e-02, PNorm = 404.6804, GNorm = 0.2587, lr_0 = 1.0417e-04
Loss = 3.2085e-02, PNorm = 404.6822, GNorm = 0.2129, lr_0 = 1.0414e-04
Loss = 2.6064e-02, PNorm = 404.6848, GNorm = 0.2510, lr_0 = 1.0412e-04
Loss = 2.5581e-02, PNorm = 404.6868, GNorm = 0.2376, lr_0 = 1.0409e-04
Loss = 3.6448e-02, PNorm = 404.6891, GNorm = 0.2250, lr_0 = 1.0406e-04
Loss = 2.8010e-02, PNorm = 404.6911, GNorm = 0.2829, lr_0 = 1.0403e-04
Loss = 2.2203e-02, PNorm = 404.6933, GNorm = 0.2239, lr_0 = 1.0401e-04
Loss = 2.6253e-02, PNorm = 404.6944, GNorm = 0.2323, lr_0 = 1.0398e-04
Loss = 4.9822e-02, PNorm = 404.6961, GNorm = 0.1933, lr_0 = 1.0395e-04
Loss = 2.2717e-02, PNorm = 404.6979, GNorm = 0.1860, lr_0 = 1.0392e-04
Loss = 2.6600e-02, PNorm = 404.6997, GNorm = 0.1846, lr_0 = 1.0390e-04
Loss = 2.3051e-02, PNorm = 404.7016, GNorm = 0.3772, lr_0 = 1.0387e-04
Loss = 2.7535e-02, PNorm = 404.7025, GNorm = 0.3431, lr_0 = 1.0384e-04
Loss = 2.6250e-02, PNorm = 404.7047, GNorm = 0.3099, lr_0 = 1.0382e-04
Loss = 2.7547e-02, PNorm = 404.7069, GNorm = 0.2045, lr_0 = 1.0379e-04
Loss = 2.3304e-02, PNorm = 404.7088, GNorm = 0.2396, lr_0 = 1.0376e-04
Loss = 2.4000e-02, PNorm = 404.7107, GNorm = 0.2098, lr_0 = 1.0373e-04
Loss = 2.6736e-02, PNorm = 404.7129, GNorm = 0.2030, lr_0 = 1.0371e-04
Loss = 2.1497e-02, PNorm = 404.7144, GNorm = 0.3303, lr_0 = 1.0368e-04
Loss = 2.1791e-02, PNorm = 404.7166, GNorm = 0.2171, lr_0 = 1.0365e-04
Loss = 2.7068e-02, PNorm = 404.7183, GNorm = 0.2461, lr_0 = 1.0362e-04
Loss = 2.3276e-02, PNorm = 404.7198, GNorm = 0.2717, lr_0 = 1.0360e-04
Loss = 2.7482e-02, PNorm = 404.7216, GNorm = 0.2476, lr_0 = 1.0357e-04
Loss = 2.5408e-02, PNorm = 404.7232, GNorm = 0.2261, lr_0 = 1.0354e-04
Loss = 3.1249e-02, PNorm = 404.7252, GNorm = 0.2479, lr_0 = 1.0352e-04
Loss = 2.9434e-02, PNorm = 404.7269, GNorm = 0.4508, lr_0 = 1.0349e-04
Loss = 2.2624e-02, PNorm = 404.7288, GNorm = 0.2154, lr_0 = 1.0346e-04
Loss = 3.0807e-02, PNorm = 404.7314, GNorm = 0.2521, lr_0 = 1.0343e-04
Loss = 2.2135e-02, PNorm = 404.7337, GNorm = 0.2937, lr_0 = 1.0341e-04
Loss = 2.7248e-02, PNorm = 404.7359, GNorm = 0.2780, lr_0 = 1.0338e-04
Loss = 2.8878e-02, PNorm = 404.7375, GNorm = 0.1818, lr_0 = 1.0335e-04
Loss = 2.4817e-02, PNorm = 404.7390, GNorm = 0.2701, lr_0 = 1.0332e-04
Loss = 2.7484e-02, PNorm = 404.7411, GNorm = 0.2809, lr_0 = 1.0330e-04
Loss = 2.3622e-02, PNorm = 404.7435, GNorm = 0.1742, lr_0 = 1.0327e-04
Loss = 2.6859e-02, PNorm = 404.7454, GNorm = 0.2421, lr_0 = 1.0324e-04
Loss = 2.4753e-02, PNorm = 404.7473, GNorm = 0.1827, lr_0 = 1.0322e-04
Loss = 2.3834e-02, PNorm = 404.7489, GNorm = 0.2942, lr_0 = 1.0319e-04
Loss = 2.8651e-02, PNorm = 404.7505, GNorm = 0.2873, lr_0 = 1.0316e-04
Loss = 2.7176e-02, PNorm = 404.7517, GNorm = 0.2233, lr_0 = 1.0313e-04
Loss = 2.1515e-02, PNorm = 404.7533, GNorm = 0.2245, lr_0 = 1.0311e-04
Loss = 2.5587e-02, PNorm = 404.7549, GNorm = 0.2242, lr_0 = 1.0308e-04
Loss = 2.6436e-02, PNorm = 404.7563, GNorm = 0.2781, lr_0 = 1.0305e-04
Loss = 2.6763e-02, PNorm = 404.7579, GNorm = 0.1820, lr_0 = 1.0303e-04
Loss = 3.3086e-02, PNorm = 404.7601, GNorm = 0.2052, lr_0 = 1.0300e-04
Loss = 2.3149e-02, PNorm = 404.7610, GNorm = 0.2116, lr_0 = 1.0297e-04
Loss = 3.0766e-02, PNorm = 404.7633, GNorm = 0.6143, lr_0 = 1.0294e-04
Loss = 2.2251e-02, PNorm = 404.7655, GNorm = 0.2309, lr_0 = 1.0292e-04
Loss = 2.4425e-02, PNorm = 404.7668, GNorm = 0.1774, lr_0 = 1.0289e-04
Loss = 2.5295e-02, PNorm = 404.7686, GNorm = 0.1471, lr_0 = 1.0286e-04
Loss = 3.5230e-02, PNorm = 404.7711, GNorm = 0.2714, lr_0 = 1.0284e-04
Loss = 2.3435e-02, PNorm = 404.7733, GNorm = 0.3760, lr_0 = 1.0281e-04
Loss = 2.8901e-02, PNorm = 404.7750, GNorm = 0.2747, lr_0 = 1.0278e-04
Loss = 2.8446e-02, PNorm = 404.7762, GNorm = 0.3508, lr_0 = 1.0276e-04
Loss = 2.4676e-02, PNorm = 404.7780, GNorm = 0.2488, lr_0 = 1.0273e-04
Loss = 2.6743e-02, PNorm = 404.7804, GNorm = 0.2262, lr_0 = 1.0270e-04
Loss = 2.5363e-02, PNorm = 404.7828, GNorm = 0.2720, lr_0 = 1.0267e-04
Loss = 2.6846e-02, PNorm = 404.7842, GNorm = 0.2718, lr_0 = 1.0265e-04
Loss = 2.8905e-02, PNorm = 404.7861, GNorm = 0.3254, lr_0 = 1.0262e-04
Loss = 2.1710e-02, PNorm = 404.7883, GNorm = 0.2107, lr_0 = 1.0259e-04
Loss = 2.1559e-02, PNorm = 404.7899, GNorm = 0.1941, lr_0 = 1.0257e-04
Loss = 2.1440e-02, PNorm = 404.7915, GNorm = 0.2728, lr_0 = 1.0254e-04
Loss = 3.0013e-02, PNorm = 404.7923, GNorm = 0.3585, lr_0 = 1.0251e-04
Loss = 2.4296e-02, PNorm = 404.7943, GNorm = 0.3372, lr_0 = 1.0249e-04
Loss = 2.8826e-02, PNorm = 404.7967, GNorm = 0.2289, lr_0 = 1.0246e-04
Loss = 2.8493e-02, PNorm = 404.7979, GNorm = 0.2671, lr_0 = 1.0243e-04
Loss = 3.1338e-02, PNorm = 404.8001, GNorm = 0.2804, lr_0 = 1.0240e-04
Loss = 2.5632e-02, PNorm = 404.8019, GNorm = 0.2568, lr_0 = 1.0238e-04
Loss = 2.9258e-02, PNorm = 404.8041, GNorm = 0.2791, lr_0 = 1.0235e-04
Loss = 2.5103e-02, PNorm = 404.8066, GNorm = 0.3060, lr_0 = 1.0232e-04
Loss = 2.5533e-02, PNorm = 404.8085, GNorm = 0.1951, lr_0 = 1.0230e-04
Loss = 2.8931e-02, PNorm = 404.8101, GNorm = 0.1781, lr_0 = 1.0227e-04
Loss = 3.7496e-02, PNorm = 404.8122, GNorm = 0.4315, lr_0 = 1.0224e-04
Loss = 2.7232e-02, PNorm = 404.8154, GNorm = 0.2092, lr_0 = 1.0222e-04
Loss = 2.7196e-02, PNorm = 404.8176, GNorm = 0.2072, lr_0 = 1.0219e-04
Loss = 2.5124e-02, PNorm = 404.8193, GNorm = 0.1967, lr_0 = 1.0216e-04
Loss = 2.7494e-02, PNorm = 404.8217, GNorm = 0.1675, lr_0 = 1.0214e-04
Loss = 3.5344e-02, PNorm = 404.8241, GNorm = 0.2342, lr_0 = 1.0211e-04
Validation rmse = 3.400990
Epoch 99
Loss = 3.6519e-02, PNorm = 404.8268, GNorm = 0.3605, lr_0 = 1.0208e-04
Loss = 2.4806e-02, PNorm = 404.8285, GNorm = 0.2498, lr_0 = 1.0205e-04
Loss = 3.3681e-02, PNorm = 404.8302, GNorm = 0.2424, lr_0 = 1.0203e-04
Loss = 3.0718e-02, PNorm = 404.8315, GNorm = 0.2016, lr_0 = 1.0200e-04
Loss = 2.9458e-02, PNorm = 404.8334, GNorm = 0.4655, lr_0 = 1.0197e-04
Loss = 2.8195e-02, PNorm = 404.8354, GNorm = 0.2297, lr_0 = 1.0195e-04
Loss = 2.3323e-02, PNorm = 404.8372, GNorm = 0.1482, lr_0 = 1.0192e-04
Loss = 3.5606e-02, PNorm = 404.8388, GNorm = 0.2190, lr_0 = 1.0189e-04
Loss = 2.8420e-02, PNorm = 404.8400, GNorm = 0.2337, lr_0 = 1.0187e-04
Loss = 2.1546e-02, PNorm = 404.8421, GNorm = 0.1896, lr_0 = 1.0184e-04
Loss = 2.5014e-02, PNorm = 404.8442, GNorm = 0.1675, lr_0 = 1.0181e-04
Loss = 3.6647e-02, PNorm = 404.8463, GNorm = 0.2366, lr_0 = 1.0179e-04
Loss = 3.6552e-02, PNorm = 404.8473, GNorm = 0.2419, lr_0 = 1.0176e-04
Loss = 2.2036e-02, PNorm = 404.8493, GNorm = 0.1715, lr_0 = 1.0173e-04
Loss = 2.4215e-02, PNorm = 404.8509, GNorm = 0.3740, lr_0 = 1.0171e-04
Loss = 2.9105e-02, PNorm = 404.8520, GNorm = 0.4525, lr_0 = 1.0168e-04
Loss = 2.1855e-02, PNorm = 404.8529, GNorm = 0.2494, lr_0 = 1.0165e-04
Loss = 2.6834e-02, PNorm = 404.8548, GNorm = 0.2044, lr_0 = 1.0163e-04
Loss = 2.5810e-02, PNorm = 404.8562, GNorm = 0.1933, lr_0 = 1.0160e-04
Loss = 2.2660e-02, PNorm = 404.8581, GNorm = 0.2128, lr_0 = 1.0157e-04
Loss = 3.0806e-02, PNorm = 404.8597, GNorm = 0.2178, lr_0 = 1.0155e-04
Loss = 2.5702e-02, PNorm = 404.8622, GNorm = 0.2967, lr_0 = 1.0152e-04
Loss = 3.2720e-02, PNorm = 404.8649, GNorm = 0.2877, lr_0 = 1.0149e-04
Loss = 2.4117e-02, PNorm = 404.8671, GNorm = 0.2176, lr_0 = 1.0147e-04
Loss = 2.3025e-02, PNorm = 404.8697, GNorm = 0.1623, lr_0 = 1.0144e-04
Loss = 2.5517e-02, PNorm = 404.8721, GNorm = 0.2181, lr_0 = 1.0141e-04
Loss = 2.7258e-02, PNorm = 404.8742, GNorm = 0.3228, lr_0 = 1.0139e-04
Loss = 2.4901e-02, PNorm = 404.8753, GNorm = 0.2442, lr_0 = 1.0136e-04
Loss = 2.4439e-02, PNorm = 404.8770, GNorm = 0.1912, lr_0 = 1.0133e-04
Loss = 2.1093e-02, PNorm = 404.8786, GNorm = 0.2501, lr_0 = 1.0131e-04
Loss = 2.3914e-02, PNorm = 404.8809, GNorm = 0.2091, lr_0 = 1.0128e-04
Loss = 2.9822e-02, PNorm = 404.8829, GNorm = 0.2362, lr_0 = 1.0125e-04
Loss = 2.4540e-02, PNorm = 404.8853, GNorm = 0.1970, lr_0 = 1.0123e-04
Loss = 2.3385e-02, PNorm = 404.8873, GNorm = 0.1982, lr_0 = 1.0120e-04
Loss = 3.0713e-02, PNorm = 404.8893, GNorm = 0.3230, lr_0 = 1.0117e-04
Loss = 2.7031e-02, PNorm = 404.8915, GNorm = 0.2316, lr_0 = 1.0115e-04
Loss = 3.3074e-02, PNorm = 404.8936, GNorm = 0.2442, lr_0 = 1.0112e-04
Loss = 2.6064e-02, PNorm = 404.8961, GNorm = 0.2142, lr_0 = 1.0109e-04
Loss = 2.6020e-02, PNorm = 404.8980, GNorm = 0.2541, lr_0 = 1.0107e-04
Loss = 2.3295e-02, PNorm = 404.8993, GNorm = 0.1690, lr_0 = 1.0104e-04
Loss = 2.3543e-02, PNorm = 404.9014, GNorm = 0.2216, lr_0 = 1.0101e-04
Loss = 2.4879e-02, PNorm = 404.9031, GNorm = 0.2722, lr_0 = 1.0099e-04
Loss = 2.3714e-02, PNorm = 404.9052, GNorm = 0.2423, lr_0 = 1.0096e-04
Loss = 2.4603e-02, PNorm = 404.9070, GNorm = 0.1316, lr_0 = 1.0093e-04
Loss = 2.9985e-02, PNorm = 404.9091, GNorm = 0.2761, lr_0 = 1.0091e-04
Loss = 2.1588e-02, PNorm = 404.9110, GNorm = 0.2891, lr_0 = 1.0088e-04
Loss = 2.5711e-02, PNorm = 404.9128, GNorm = 0.3008, lr_0 = 1.0085e-04
Loss = 3.0598e-02, PNorm = 404.9146, GNorm = 0.2452, lr_0 = 1.0083e-04
Loss = 2.4456e-02, PNorm = 404.9168, GNorm = 0.4057, lr_0 = 1.0080e-04
Loss = 2.6562e-02, PNorm = 404.9188, GNorm = 0.2851, lr_0 = 1.0077e-04
Loss = 2.1604e-02, PNorm = 404.9206, GNorm = 0.2027, lr_0 = 1.0075e-04
Loss = 2.4671e-02, PNorm = 404.9230, GNorm = 0.2823, lr_0 = 1.0072e-04
Loss = 2.6125e-02, PNorm = 404.9246, GNorm = 0.2065, lr_0 = 1.0069e-04
Loss = 2.6936e-02, PNorm = 404.9267, GNorm = 0.2453, lr_0 = 1.0067e-04
Loss = 3.2805e-02, PNorm = 404.9296, GNorm = 0.2116, lr_0 = 1.0064e-04
Loss = 3.1575e-02, PNorm = 404.9324, GNorm = 0.2928, lr_0 = 1.0061e-04
Loss = 2.5109e-02, PNorm = 404.9346, GNorm = 0.2262, lr_0 = 1.0059e-04
Loss = 3.5207e-02, PNorm = 404.9372, GNorm = 0.1689, lr_0 = 1.0056e-04
Loss = 2.1969e-02, PNorm = 404.9394, GNorm = 0.2193, lr_0 = 1.0054e-04
Loss = 2.7580e-02, PNorm = 404.9416, GNorm = 0.3318, lr_0 = 1.0051e-04
Loss = 2.2277e-02, PNorm = 404.9432, GNorm = 0.4254, lr_0 = 1.0048e-04
Loss = 2.1412e-02, PNorm = 404.9443, GNorm = 0.2261, lr_0 = 1.0046e-04
Loss = 2.1500e-02, PNorm = 404.9464, GNorm = 0.1913, lr_0 = 1.0043e-04
Loss = 2.6521e-02, PNorm = 404.9480, GNorm = 0.1739, lr_0 = 1.0040e-04
Loss = 2.4891e-02, PNorm = 404.9492, GNorm = 0.2250, lr_0 = 1.0038e-04
Loss = 3.0549e-02, PNorm = 404.9510, GNorm = 0.1652, lr_0 = 1.0035e-04
Loss = 2.3377e-02, PNorm = 404.9525, GNorm = 0.1638, lr_0 = 1.0032e-04
Loss = 4.7845e-02, PNorm = 404.9545, GNorm = 0.1811, lr_0 = 1.0030e-04
Loss = 2.6526e-02, PNorm = 404.9567, GNorm = 0.2562, lr_0 = 1.0027e-04
Loss = 3.2675e-02, PNorm = 404.9589, GNorm = 0.2831, lr_0 = 1.0024e-04
Loss = 2.3085e-02, PNorm = 404.9599, GNorm = 0.2005, lr_0 = 1.0022e-04
Loss = 2.9058e-02, PNorm = 404.9617, GNorm = 0.2749, lr_0 = 1.0019e-04
Loss = 2.3614e-02, PNorm = 404.9641, GNorm = 0.2989, lr_0 = 1.0017e-04
Loss = 2.4397e-02, PNorm = 404.9657, GNorm = 0.2818, lr_0 = 1.0014e-04
Loss = 2.2870e-02, PNorm = 404.9675, GNorm = 0.2218, lr_0 = 1.0011e-04
Loss = 2.5094e-02, PNorm = 404.9686, GNorm = 0.2389, lr_0 = 1.0009e-04
Loss = 2.5144e-02, PNorm = 404.9701, GNorm = 0.1643, lr_0 = 1.0006e-04
Loss = 2.5494e-02, PNorm = 404.9712, GNorm = 0.1933, lr_0 = 1.0003e-04
Loss = 2.5743e-02, PNorm = 404.9728, GNorm = 0.2006, lr_0 = 1.0001e-04
Loss = 2.5007e-02, PNorm = 404.9738, GNorm = 0.2103, lr_0 = 1.0000e-04
Loss = 2.5818e-02, PNorm = 404.9760, GNorm = 0.1639, lr_0 = 1.0000e-04
Loss = 2.0903e-02, PNorm = 404.9776, GNorm = 0.2405, lr_0 = 1.0000e-04
Loss = 2.5400e-02, PNorm = 404.9790, GNorm = 0.2361, lr_0 = 1.0000e-04
Loss = 2.0667e-02, PNorm = 404.9804, GNorm = 0.2077, lr_0 = 1.0000e-04
Loss = 2.6514e-02, PNorm = 404.9817, GNorm = 0.3189, lr_0 = 1.0000e-04
Loss = 2.7160e-02, PNorm = 404.9827, GNorm = 0.2597, lr_0 = 1.0000e-04
Loss = 2.2443e-02, PNorm = 404.9848, GNorm = 0.2325, lr_0 = 1.0000e-04
Loss = 2.7329e-02, PNorm = 404.9869, GNorm = 1.0677, lr_0 = 1.0000e-04
Loss = 2.7832e-02, PNorm = 404.9886, GNorm = 0.2269, lr_0 = 1.0000e-04
Validation rmse = 3.404456
Model 0 best validation rmse = 3.381719 on epoch 87
Loading pretrained parameter "encoder.encoder.0.cached_zero_vector".
Loading pretrained parameter "encoder.encoder.0.W_i.weight".
Loading pretrained parameter "encoder.encoder.0.W_h.weight".
Loading pretrained parameter "encoder.encoder.0.W_o.weight".
Loading pretrained parameter "encoder.encoder.0.W_o.bias".
Loading pretrained parameter "encoder.encoder.1.cached_zero_vector".
Loading pretrained parameter "encoder.encoder.1.W_i.weight".
Loading pretrained parameter "encoder.encoder.1.W_h.weight".
Loading pretrained parameter "encoder.encoder.1.W_o.weight".
Loading pretrained parameter "encoder.encoder.1.W_o.bias".
Loading pretrained parameter "ffn.1.weight".
Loading pretrained parameter "ffn.1.bias".
Loading pretrained parameter "ffn.4.weight".
Loading pretrained parameter "ffn.4.bias".
Loading pretrained parameter "ffn.7.weight".
Loading pretrained parameter "ffn.7.bias".
Model 0 test rmse = 17.862731
Ensemble test rmse = 3.559202
1-fold cross validation
	Seed 0 ==> test rmse = 3.559202
Overall test rmse = 3.559202 +/- 0.000000
Elapsed time = 18:53:01
