Absorption max (nm),log(e/mol-1 dm3 cm-1),Predicted Absorption max (nm),Predicted log(e/mol-1 dm3 cm-1)
294.0,3.73,288.46118629626267,3.7066769744763493
294.0,3.75,280.0112065073522,3.691727204084696
295.0,3.78,282.76362596304114,3.748384079062447
294.0,3.76,299.0528954333443,3.9766132659617135
315.0,3.88,314.13992854327944,3.8171720104051814
489.0,4.77815125,481.8812757320642,4.603233671388056
506.0,4.763427994,479.09723855222256,4.765519960263305
508.0,4.763427994,471.4159384693377,4.653363318688813
507.0,4.755874856,470.90409790867733,4.719740892486739
343.0,4.439332694,376.941415857906,4.253806630498326
343.0,4.607883744,343.5271456135304,4.759933040000866
374.0,4.37,324.2335539106617,4.098389495249135
438.0,4.35,380.88747152285464,4.6895280994255675
488.0,3.982723388,452.44770845089863,4.405466158876037
480.0,3.970811611,442.2050331830151,4.346782439839996
492.0,3.925312091,452.72433341137594,4.395359767151756
500.0,3.964730921,456.8618963378902,4.413010727278731
497.0,3.909556029,451.2046120286517,4.383026978394233
270.0,3.77815125,250.37170871490858,3.829882177158815
285.0,4.017033339,279.8641508609343,3.892015773944805
277.3006135,4.118778428,293.72038189802885,4.238107270993161
284.3558282,4.009079658,280.4273726981532,4.035218890538165
276.25,4.038043354,293.7776432898904,4.163276683379568
285.0,4.190134336,280.52509176928714,3.97874892658157
516.0,4.507855872,510.6305299148761,4.474659142163647
500.0,4.549003262,495.54107762956454,4.501528088409456
499.0,4.544068044,501.60689250901186,4.541294896302923
519.0,2.949390007,523.9658660492365,2.768502560506259
526.0,2.73239376,498.9664107599889,2.8765503918016107
385.0,4.196,382.5514251201306,4.2899746971095585
344.0,4.650307523,366.3372061822855,4.594179004304341
346.0,4.562292864,334.221957358934,4.6460609040411125
336.0,4.294466226,357.5346039956712,4.250335188338702
342.0,4.36361198,357.3113273409214,4.209969694423451
608.0,4.792391689,562.3112747937141,4.602341973177481
427.0,3.691876823,429.0823961354128,3.98708294401735
650.0,3.792391689,641.6230371970429,3.6315183996173217
509.0,4.477121255,457.75535310413187,4.785213055879461
508.0,4.77815125,460.2627704380916,4.801113833642636
508.0,4.812913357,461.9685753066766,4.775969877589789
507.0,4.826074803,460.23103612465275,4.763289021071112
506.0,4.84509804,455.0793128943882,4.740203195813413
498.0,4.806179974,460.8152851108618,4.790434084926348
486.0,4.740362689,449.3015501726069,4.745840792076924
516.0,4.785329835,460.5536462244063,4.792615172214043
514.0,4.770852012,470.38958557167246,4.8913955414385795
482.0,4.69019608,447.4109138597781,4.754031228340981
484.0,4.662757832,455.03300321138397,4.777691617022135
483.0,4.748188027,454.5866583757685,4.800086535086066
483.0,4.755874856,452.6720308970915,4.805396085621974
481.0,4.653212514,452.69835262432036,4.716266247900522
522.0,4.944018519,513.49331845481,4.7591700384731945
520.0,4.812913357,424.5162044537184,4.150650387210485
519.0,4.812913357,445.86166286891984,4.52227893706957
457.0,4.611723308,458.4468370942658,4.687268473922643
553.0,4.032215703,538.0376532145066,4.125676254493306
546.0,4.056523724,530.8024882115358,3.852076316333921
553.0,4.059184618,533.1398307976845,4.030800531721375
339.0,4.43,327.0459614612014,4.094642577298423
363.0,4.41,348.5658329368184,3.0257809502955064
405.0,3.740362689,412.754605550679,3.7156878830881555
417.0,3.62324929,413.9270897217767,3.819768157839674
416.0,3.806179974,414.457839952643,3.912023130058735
415.0,3.857332496,398.03968675337177,3.764209540551909
416.0,3.079181246,409.92801145857004,3.9396336674375583
420.0,3.633468456,429.09782300171776,4.147505305474138
445.0,3.62324929,413.12458350476345,3.477867543194898
284.0,3.278753601,379.96963079277543,4.145557713550035
358.0,4.190331698,381.32302430056626,3.8462136961966467
372.0,4.315970345,378.82283073082533,4.1783906590465625
374.0,3.380211242,371.8936413350692,3.8917264292590006
428.0,4.668385917,422.6278082993704,4.532043213031892
376.0,4.471291711,363.1396720241413,4.198656645674494
342.0,3.48,349.7012466355389,3.9852687548285113
340.0,4.55,350.28466611881805,3.8559438966382302
341.0,4.54,349.4530945192279,4.068035445529441
344.0,4.18,350.1647507345748,4.050028447984252
374.0,4.61,345.1133845236552,4.409945322356728
374.0,4.41,342.80969147667184,4.412544652379362
374.0,4.61,342.05138639183826,4.4066532764378845
389.0,4.55,347.45878970571863,4.46218883116749
360.0,4.42,372.40177916099134,4.513944425062547
359.0,4.43,372.55601923067036,4.392977117674084
359.0,4.33,370.6156354414709,4.494785151598436
362.0,4.28,374.17145185214633,4.540981121891052
389.0,4.723455672,382.2940635756737,4.491429271890816
390.0,4.712649702,381.2199954957003,4.459220868333054
392.0,4.673941999,379.1283955905802,4.325719913529924
384.0,4.640481437,378.9445726723428,4.027668196184032
382.0,4.722633923,379.8191555133928,4.4540738527798345
347.0,4.110926242,348.2933800305517,3.8719621925212673
347.0,3.581835924,347.1872243590745,4.008770245276425
350.0,3.730701544,350.0837251108601,3.9690323695526724
295.0,4.073864923,291.9328447518918,3.9488680313340296
258.0,3.918187661,261.2681068954103,3.6922708780997544
278.0,3.360971884,268.24561182928494,3.2764874937137707
269.0,3.718916686,250.37170871490858,3.829882177158815
277.0,3.729002709,344.8908577113734,3.4734023574709925
306.0,3.728921646,295.5375359251976,3.941977716508197
424.0,4.855519156,416.02683746217673,4.6824375434068015
287.0,4.86,320.12925228073857,4.357577257837099
289.0,4.87,296.11514376099024,4.679455107840277
296.0,4.52,334.1407277798943,4.534352523719907
355.0,4.355221572,361.7157863712026,4.431796447250305
455.0,4.194403326,429.79839243963715,4.541569666201515
375.0,4.725298943,392.85007082309215,4.784157686841903
327.0,4.881384657,302.28778394723463,4.892068797238967
341.0,4.802089258,327.75422728480333,4.918112687668477
362.0,2.064457989,333.0128529479064,2.1027512989324895
379.0,2.136720567,391.15571819841915,3.413954151529859
434.0,4.843855423,419.9999230840049,4.7484623166744315
386.0,4.414973348,338.9771738256284,4.355294096189391
370.0,4.402880134,370.7558881176008,4.3563391148762065
370.0,4.421916375,370.2587544136488,4.3944703056806125
366.0,4.389591307,368.80640824557395,4.383006899130651
366.0,4.39260903,365.86622417995284,4.333309890686185
366.0,4.415457483,364.57661617245094,4.365949963734938
366.0,4.413534454,363.303956668549,4.3542211699021784
358.0,4.367970581,358.7969293692357,4.318813598660959
373.0,4.367355921,359.59044330197696,3.8816172117690018
376.0,4.075546961,357.9687712328164,3.913366900607597
370.0,4.209515015,368.95792980502176,4.120899881948905
367.0,4.049218023,361.20562615157576,4.185441583377534
382.0,4.281033367,388.5064372798392,3.920628958779858
382.0,3.954242509,379.6871613599414,3.840021282408545
372.0,3.954242509,348.0584707083055,3.9236638318322496
360.0,3.934498451,394.2824839365268,3.8851675441114333
394.0,4.209515015,389.2333018350592,4.067581205273359
365.0,4.133538908,376.7274758166612,4.050666306338053
379.0,4.225309282,385.9145760306782,4.016260663655931
380.0,4.238046103,375.4408119231085,3.977572684048867
375.0,4.195899652,377.5591115424006,4.0381723373922656
375.0,4.11058971,369.82838662008135,3.9199767282690083
376.0,4.245512668,379.58263167756525,4.0769222201697835
381.0,5.311753861,437.6282909430098,4.321533335904066
379.0,4.238046103,445.41170891067577,4.215804372656541
378.0,3.954242509,439.05912373539843,4.03063321180218
380.0,4.495544338,455.6017469330192,4.277734811481307
376.0,4.509202522,439.4091211261304,4.2897838663280945
392.0,3.986771734,377.4529803237217,3.861146120756755
389.0,3.897627091,394.16784697922515,3.8038408872326293
392.0,3.770852012,378.8203555024096,3.664987841003346
388.0,4.008600172,377.750555072534,3.8352297243885665
390.0,3.929418926,377.94498049860925,3.7815845905248047
376.0,3.707570176,362.377025611153,3.87332929768757
325.0,3.770852012,339.82867369214347,3.890423530730446
323.0,3.716003344,343.0031569566826,3.8484117526317307
370.0,3.954242509,349.2431785570642,3.887422892297862
325.0,3.653212514,342.3748639029828,3.850463062500573
344.0,4.08,345.6851189954858,4.193920918532856
350.0,4.11,373.7515694530929,4.14669149309595
324.0,3.73,323.4785719124549,3.7154245224367486
336.0,4.06,362.4643109422476,4.114331255441294
324.0,4.14,331.33054068079883,3.9299721835176293
330.0,4.2,349.5701104256712,4.074622872605451
325.0,4.23,349.225015375904,4.067357993672529
330.0,4.21,355.56956402765695,4.114752126190611
336.0,4.17,361.50882653380035,4.13115059337321
333.0,4.2,350.7588342234186,4.167581516884366
374.0,3.900530982,335.5950366697359,4.143150527907705
357.0,4.035109403,366.8521852043688,4.088905677099905
362.0,4.026696656,371.3291358434242,4.216664968529227
495.0,4.522444234,440.26646084461856,4.3252520945594455
513.0,4.506505032,446.24363053392983,4.350217761193287
341.0,4.28,330.096040271335,4.344942988459176
342.0,4.32,332.9819980642517,4.338183090733281
341.0,4.43,330.05518088771214,4.346092129747418
347.0,4.31,339.25233632406923,4.378130720780571
341.0,4.15,334.5592017731866,4.376755027508386
346.0,4.27,339.18985403902695,4.3141747320419315
366.0,4.38,358.1990046879833,4.226311640760564
366.0,4.23,361.29719215139204,4.227896978134978
366.0,4.06,355.8408424999519,4.281309152314916
369.0,4.27,365.8884248448224,4.237998728941924
366.0,4.31,363.0431451886071,4.217635313353268
366.0,4.73,358.8844439869504,4.194152260007338
370.0,4.477121255,377.74752673059237,4.273190048044019
328.0,4.176091259,363.9410447776187,4.453584268536799
322.0,4.255272505,464.1910779522971,4.441442751952488
380.0,4.477121255,415.9255582042093,4.375233707128954
445.0,4.76,457.5222565500162,4.564754134311558
451.0,4.81,457.06841729967255,4.550367675146306
394.0,4.230448921,400.82572174153427,4.230989298595626
400.0,4.278753601,403.14630173589194,4.208972692169669
400.0,4.322219295,405.61066626059466,4.235369830478231
390.0,4.278753601,399.0630656710959,4.236517857214176
374.0,4.301029996,399.01904844991475,4.185241552072485
377.0,4.322219295,400.7570494547509,4.094295384099097
340.0,4.66,359.3931287886005,4.074290204743477
344.0,4.64,349.84066791165435,4.835875011716466
350.0,4.72,345.66015697854436,4.054493336097814
334.0,4.740796767,348.69457930889155,4.5516665129966
383.0,4.566260674,375.18936083880743,4.689417556432583
343.0,4.209005358,353.0837112988307,4.584460213288835
356.0,4.544068044,357.5277533836107,4.026788165695359
605.0,4.826074803,602.3469595701539,4.747367631905407
529.0,4.991226076,571.319546228905,4.869568323729199
528.0,5.113943352,561.3097491567976,4.857031999030957
430.0,4.544068044,414.96340317963706,4.8540899659479395
376.0,4.790285164,398.6430418948217,4.790073556101836
420.0,4.606381365,412.9895680269636,4.80121426986252
386.0,4.764176132,415.63735859917614,4.8062811819467655
338.0,4.113943352,326.92441319380396,4.284665108519017
339.0,4.204119983,346.5652795221761,4.160517489447116
300.0,4.428134794,327.8876871624119,4.183167916909997
376.0,4.446070936,380.03964466002424,4.35529552950508
347.0,4.359645793,392.35477617402336,4.322663603361615
350.0,4.367169489,381.3030656604445,4.058849364591012
356.0,4.364550995,389.480427836347,4.223888593474964
348.0,4.382737266,382.0924623833588,4.225875941738662
346.0,4.373463722,381.9338515476351,4.055739682962195
398.0,4.083144143,389.9903146318187,4.215035990519816
396.0,4.0923697,398.7606027029391,4.232840426464717
396.0,4.051923916,390.7416217103986,4.244115133923966
396.0,4.04316572,389.81482803260946,4.233763407134742
337.0,4.812913357,389.81744935455345,4.703593075965941
446.0,4.86332286,563.8399681672756,4.537274224706943
438.0,4.591064607,454.8255087471656,3.999192801912102
351.0,3.961373628,392.8756602895106,3.887466538471301
355.0,3.988826407,344.96987909953396,3.9167812292146444
364.0,3.792391689,358.1188611164318,4.049905167728514
365.0,4.177507642,355.7338772343446,4.179794289842787
317.0,4.45,350.1709477143034,4.211181791401954
329.0,3.86,373.65022631002205,3.6145989583605855
386.0,3.73,363.49275621952415,4.283709296640994
359.0,5.3,365.66468628923815,3.5007683731497763
368.0,4.65,399.96407995767674,3.925988874229995
392.0,3.431363764,339.5780522177186,4.135767011965266
393.0,4.06069784,347.373311034415,4.137813591205665
396.0,4.155336037,348.4820035086824,4.190897093733953
394.0,4.133538908,344.3348320473403,4.17901724930793
395.0,4.071882007,344.54735164199184,4.120598397785605
399.0,4.176091259,353.1508597667182,4.156734731211389
401.0,4.103803721,351.05682505171353,4.145536189857104
400.0,4.033423755,350.66838339088224,4.163823994902261
400.0,4.0,349.63505434603707,4.173884611069316
399.0,4.071882007,348.4739176691703,4.113388826301034
398.0,4.041392685,347.3364435517306,4.070823263131369
368.0,3.966094779,322.11355032079666,4.133388952460412
367.0,4.232233521,326.1041188298626,4.319818546740945
366.0,3.989761188,324.0103418970872,4.230336250743489
364.0,4.26073902,323.1469626023753,4.137183010130092
365.0,4.257006218,325.11593343476534,4.301364687681785
366.0,4.235831337,327.57707318516293,4.187792032789303
365.0,4.005866602,324.19569494958375,4.235831328833797
363.0,4.203902781,329.42245459534945,4.313202572727342
367.0,3.477121255,339.9089217642888,4.546729099809648
279.0,3.78,302.3467449531123,3.933180877070776
290.0,4.24,298.7317581269507,4.239095249444735
278.0,3.98,318.4018131787493,4.054855497739907
276.0,3.89,304.2329184793442,3.969291898915915
276.0,3.85,295.90838060535754,3.754457957587115
290.0,4.25,300.5645120887131,4.154077954959505
279.0,4.01,317.8663371812732,3.909571110639008
280.0,3.83,306.25491781747377,4.046882163683901
276.0,3.86,293.9582873541583,3.812190488851074
285.0,4.16,299.9743479281802,4.116913026055782
314.0,4.230448921,302.5873985220319,4.400132898430554
313.0,4.380211242,304.2325353767527,4.428588587517094
313.0,4.322219295,305.1318847907828,4.403557456421935
315.0,4.681241237,306.9235208664685,4.4078905706513165
311.0,4.361727836,301.7954978750049,4.354271284714824
309.0,4.602059991,298.64641858195296,4.362058423564768
285.0,4.103803721,318.67020890463533,4.2399972436081
286.0,4.212187604,317.8335675513008,4.513429995219421
286.0,4.176091259,320.93873253136087,4.523915856123806
285.0,4.198657087,314.29803691731723,4.393760505802421
284.0,4.041392685,310.3690906739449,4.491699277543454
390.625,4.843232778,371.3596224787667,4.624299027093436
408.1632653,4.797267541,397.8657418321156,4.612429628419873
306.0,4.408239965,310.1335473252848,4.293284817648362
306.0,4.525044807,314.1655365712788,4.454647236769486
311.0,4.469822016,319.0007326076085,4.378473370537766
314.0,4.540329475,322.0849577584761,4.383813874529883
307.0,4.546542663,315.23486506058515,4.218112632829493
307.0,4.608526034,318.7541980329995,4.360549323378744
311.0,4.571708832,323.80259187498297,4.304760226473791
314.0,4.57863921,326.9973316395884,4.300765077476308
310.0,4.584331224,322.43160280199237,4.37546529938613
312.0,4.679427897,326.2628619587596,4.459016281376665
317.0,4.655138435,330.1681142681713,4.397709523061366
318.0,4.645422269,334.1317304295616,4.408605696035366
337.0,4.041392685,352.49674753759246,4.360378507031795
345.0,4.45484486,356.7852496417448,4.413124852586668
353.0,4.414973348,361.33248111542696,4.418572095899758
354.0,4.390935107,362.63680116362065,4.424962943154067
397.0,3.79,362.12821712249,3.4244059723845517
409.0,3.79,369.13475362603833,3.4002122310925222
418.0,3.86,360.62675715844136,3.683753024391361
407.0,3.82,362.8485589742114,3.7119049099802113
421.0,3.88,361.0518853580432,3.630402746261589
430.0,3.91,364.31404548706803,3.6906224408550585
430.0,3.81,359.1505075352526,3.6283194762221576
230.0,4.06069784,284.16022926812894,3.64736056349437
350.0,4.46834733,319.8411591399771,4.623846252670633
394.0,4.584331224,360.77998460725297,4.673534609363594
270.0,4.103803721,323.37884565984507,4.019221987804619
436.0,4.614686342,490.3570594248498,4.503824483879453
430.0,4.620531635,482.7772005795491,4.524044666310151
436.0,4.626371167,489.29195015646474,4.645302250437551
414.0,4.592765044,484.90467492525374,4.60330510765659
429.0,4.533136288,480.1482073851821,4.6269229528164235
422.0,4.586497286,482.6845258626721,4.638293715377546
420.0,4.569397321,486.51227033502107,4.63959859917301
437.0,4.543981177,485.030415899285,4.661439240844129
418.0,4.566119168,486.0915388231344,4.590309316622517
414.0,4.568178248,483.3073384738469,4.609847220334918
436.0,4.539891205,487.98483837800194,4.694056410730772
429.0,4.507990725,487.3612549901178,4.6981774683115844
423.0,4.552692546,487.58405018679787,4.568792942556068
444.0,4.909743185,531.4546946655959,4.710184619061964
442.0,4.90475881,526.933308592499,4.772864356512333
447.0,4.902937957,524.2059650686424,4.885738583872875
435.0,4.942875775,526.0357766834677,4.899917221081287
436.0,4.876275589,523.7664071264668,4.8871961019615995
429.0,4.907427485,528.3258074957304,4.889201280580214
425.0,4.895394918,521.8794872034143,4.95041367294946
442.0,4.876200515,526.9719909959766,4.882003889922187
425.0,4.891381329,522.8034139920793,4.815526740075554
426.0,4.890867939,521.0842653314814,4.943882053297858
446.0,4.88569473,527.0585578376655,4.990108250363106
436.0,4.86138504,530.0090741891015,4.935589608421853
431.0,4.756689346,527.0769548521581,4.8725599907992265
582.0,4.733197265,569.4659970843734,4.670514924059228
573.0,5.021602716,560.9104748411338,4.831960457435331
579.0,4.838849091,629.9862557165222,4.873035611639199
562.0,4.707570176,680.160938794488,4.969871665758399
623.0,4.681241237,665.134828357069,4.77914635692183
622.0,4.843232778,579.3314364278114,4.759161730263316
665.0,4.929418926,590.0220640896808,4.734803142342763
584.0,4.770115295,579.9129277224731,4.761396562937544
576.0,4.789580712,623.0323441514796,4.864333570826643
597.0,4.609594409,614.0537569653898,4.804989520923326
576.0,5.227886705,576.6650808448672,4.712341878696415
575.0,4.829946696,608.2929617626027,4.847377165589116
594.0,4.991226076,550.8771056802591,5.001077175942253
598.0,4.971275849,647.4475138102125,4.950799737909677
632.0,5.09131516,664.4728054313977,4.900871246567317
671.0,4.90579588,631.6686600316389,4.919528512066122
593.0,5.096910013,555.9876568127372,4.700770248181297
771.0,5.064457989,673.1534343641034,5.093202389026169
683.0,5.064457989,602.3127929219079,4.807441008318713
666.0,4.949390007,614.6510475207687,4.7614078629524546
619.0,5.163608563,607.9580093190802,5.014953410184318
652.0,5.496929648,590.725361591862,5.304821959320646
672.0,5.459392488,657.9219259385688,5.436999294276716
658.0,4.734399743,668.9842792336218,4.951418838659683
684.0,5.307496038,685.5683348863403,5.199383894877757
550.0,4.789580712,558.8714521281742,4.7110602253108365
622.0,4.966141733,601.9211741338858,4.511424683144975
658.0,4.899820502,726.2555841774958,5.040911458716743
693.0,4.838849091,626.8989356441944,4.668172287432338
616.0,4.531478917,582.500066106946,4.792045858860709
617.0,5.010002974,646.4021979934712,4.951496396794781
748.0,4.921166051,683.3372885488361,4.8693674036373515
650.0,4.897627091,696.4098555961486,4.918985185045379
718.0,5.080987047,705.3990602093786,4.925086116429634
683.0,4.892094603,702.2962733055781,4.983142559448897
650.0,4.602059991,707.9061752785885,4.932901432892278
708.0,4.983175072,680.1598669839353,4.9163163327500214
715.0,5.149219113,688.5919207184419,4.9448289176588025
640.0,4.8683505,671.1760485525587,4.880575781350519
713.0,4.799340549,654.0597874472385,4.771932170400058
794.0,5.240549248,718.1665642298792,4.91258612924248
793.0,4.977723605,674.1624771333179,4.874183389601894
737.0,4.851258349,721.9202576240799,5.047212715302264
526.0,5.176091259,573.9056759246936,4.918501721755662
754.0,5.311753861,738.2874746718957,5.073914966434058
427.0,4.220108088,470.06199284575285,4.151523418553441
361.0,4.387389826,404.1607659987054,4.364746224349769
396.0,4.501059262,411.08250805692705,4.550195733481368
465.0,3.959709024,428.6237911225361,4.487181363974488
743.0,4.534026106,609.4151071624555,4.546675717294434
342.0,4.505149978,378.68480952530575,4.208986724750472
361.0,4.318063335,408.50360717332256,4.314813543432615
325.0,4.130333768,305.1322225526392,4.161236231107001
320.0,3.908485019,310.0424688802986,4.073602267753406
313.0,3.875061263,305.1322225526392,4.161236231107001
308.0,3.77815125,310.0424688802986,4.073602267753406
320.0,4.298853076,309.3367726193654,4.00638943307615
312.0,4.261262869,306.62799156548465,3.9074668925911786
286.0,4.227115083,308.32027427337295,3.6068378879237413
283.0,4.222716471,309.50756490702213,3.7531381888505315
285.0,4.255995727,312.3569793444475,3.716677203942477
280.0,4.252853031,312.881845751991,3.7309500464882746
278.0,4.249687428,308.3551745791325,3.395008715943245
269.0,4.254064453,304.61142980563733,3.3583516928807575
395.0,3.924795996,440.7806294399117,4.279966355049131
400.0,4.059941888,436.2887500701696,4.257611639448724
389.0,4.90834023,437.73273256123576,4.358242159561132
385.0,3.981818607,434.842160847814,4.318544019134405
383.0,3.961800639,439.61521000900154,4.338110394332461
387.0,3.892651034,439.4946422908879,4.412397103045655
379.0,3.962984584,434.1214193928948,4.267356113781931
373.0,4.073351702,436.02691571574695,4.360642409794743
374.0,3.935204867,434.69565860192535,4.337836119286474
371.0,3.989093693,434.55671123780087,4.305439264029524
287.0,4.51851394,287.57416296917364,4.483458588343297
306.0,4.582063363,322.0179104714277,4.49563414952444
331.0,4.792391689,334.2927005801868,4.862617504769015
350.0,4.868644438,358.8280739309893,4.622823279849824
360.0,5.031408464,359.0571535764021,5.184497980724956
410.0,4.959041392,398.587694511367,4.5812716894039704
515.0,4.73479983,500.6400170800272,4.6985494802206205
509.0,4.686636269,497.16243262462194,4.707966329855055
496.0,4.703291378,488.86244987757175,4.711700682239877
496.0,4.679427897,490.5027941186997,4.684505236650892
498.0,4.627365857,491.48452237760887,4.695434264517408
498.0,4.580924976,490.22417421765095,4.64391560203459
373.0,4.982271233,435.41715171037794,4.709823249378265
378.0,4.995635195,389.21839192191874,4.517329606309244
375.0,4.924279286,429.7872571236082,4.498055741405431
383.0,4.838849091,391.1040041220688,4.417335343802219
402.0,4.081347308,390.5759240725664,3.982336024616778
413.0,4.093421685,401.2918952187447,3.8710482420903025
387.0,4.109915863,403.96339221784365,4.116072240021227
368.0,4.77815125,370.51953348750726,4.420681319803477
485.0,3.633468456,492.3132904234156,3.6420518734909337
501.0,3.633468456,483.90743132560436,3.7869803113153138
488.0,3.982723388,452.44770845089863,4.405466158876037
424.0,3.860338007,410.271191866895,3.8301204422213084
425.0,3.878521796,411.2775837655446,3.9092906579144953
423.0,3.833784375,408.26319187397513,3.852420180022304
477.0,4.752048448,469.808711681411,4.680883242043254
427.0,4.530199698,430.41593367139893,4.489231514315924
430.0,4.53529412,425.0603643286897,4.550177726628209
428.0,4.21,423.57762339130915,4.478766764827932
443.0,4.46,425.91612498814493,4.4732885448822834
452.0,4.55,453.6451396363629,4.501816659472265
376.0,3.84,380.05461179168014,3.8461008462381066
376.0,3.86,383.709637429601,3.818405422903188
368.0,3.82,379.15943892354835,3.779207283647966
372.0,3.78,378.90405172748115,3.8110948993257154
368.0,3.74,377.3458882971161,3.8197404461552935
368.0,3.67,376.0579897152178,3.891909631982314
653.0,4.49,669.1685153876997,4.795730334091358
348.0,4.044696517,402.0281682988873,4.057617544387043
366.0,3.61658053,381.75945583138747,3.9149757803599208
344.0,3.925930598,398.75157912233897,3.960713856026758
362.0,3.867585327,382.6228827600129,4.005199540068752
415.0,4.67,423.2735063603638,4.553179039117573
418.0,4.67,422.1167308080479,4.562918419605675
391.0,4.679609572,367.71757918078663,4.491920516182438
355.0,4.172018809,358.64349681709575,4.602392696585215
365.0,4.308564414,406.0957297064273,4.591832565363199
330.0,4.189490314,396.305909306352,4.727775194671681
311.5,4.308137379,317.1871426325669,4.357009264669669
486.0,4.62324929,448.99161432977724,4.600048737365585
418.0,4.22,448.5018058234784,3.923865343066235
416.0,4.02,447.1772489327926,4.089346112299342
414.0,4.47,447.9349809359572,4.287073968620936
412.0,4.27,445.6223870675544,4.20849801125205
410.0,3.96,441.8284930521765,4.060907688931767
408.0,3.95,443.71807107542645,4.175547214579418
410.0,4.45,444.1043881421665,4.411687348014983
322.0,3.74,323.3918532319817,3.9112181725682413
318.0,3.75,321.9244641892344,3.755394192862249
319.0,3.82,330.4209556017646,3.9057482803340378
325.0,3.92,326.22108350720106,3.8722539059384067
325.0,3.73,325.857051779214,3.8293055678921655
317.0,4.16,322.7932393688591,3.790145594685286
317.0,3.87,329.18158588236537,3.86708613657566
317.0,3.93,328.9075165365724,3.7775801010194585
315.0,3.87,318.7936965829049,3.7577403222625607
307.0,4.31344537,307.6259653608987,4.279818403406308
277.0,4.165303692,301.2095849380606,4.0511305467991745
321.0,4.52,308.8552205183813,4.354175222569922
346.0,4.66,395.05743443238765,4.67280964919607
306.0,4.47,329.696128772648,4.350031004538254
320.0,4.39,310.651986012354,4.317450657465562
343.0,4.63,397.9570165741036,4.690288455500421
306.0,4.46,331.0807032297887,4.361082346064775
336.0,4.58,400.2790201507588,4.688724975973956
323.0,4.5,335.9340149799266,4.339539587997522
534.0,4.7,530.5294439307842,4.7892599943901
554.0,4.8,548.2690169091533,4.695377992799207
548.0,4.8,547.9333885193435,4.684749014852784
535.0,5.2,578.7396340209209,4.811458353068578
555.0,4.7,587.2655556902915,4.662399001476086
568.0,4.1,586.0298677362464,4.827171970004605
290.0,4.100370545,478.9652411759092,4.633018016885667
278.0,4.222716471,285.1557606884584,4.049409684309101
278.0,4.23299611,284.67765591033736,4.182972317440159
390.0,4.575187845,383.7485457568714,4.372554398361231
391.0,4.536558443,380.40341176935374,4.357293345936143
390.0,4.562292864,379.133826868657,4.439190841668194
390.0,4.499687083,379.6902346530593,4.381659880209105
384.0,4.5289167,371.45083438332165,4.381670288478732
384.0,4.485721426,374.09266411849694,4.384021188852786
310.0,3.903089987,265.4851136232358,3.7512353734497323
323.0,3.880813592,287.5264443504328,3.7440184968236365
552.0,5.079181246,540.8002350268492,4.917894980524848
566.0,4.973127854,595.6936934081411,5.05633531185921
672.0,4.875061263,458.9092213757716,4.718784216400188
383.0,4.113943352,383.2003189243868,4.671496800537292
389.0,4.397940009,383.7146794856927,4.8647993878857845
382.0,3.968482949,382.8308851753887,4.689150634479747
366.0,4.643452676,388.1033316615375,4.815475222938073
377.0,4.755874856,386.42889944065564,4.854469942382712
375.0,4.0,381.78033604863055,4.675600944963299
376.0,4.230448921,381.93417362399407,4.668381999069543
372.0,4.219060332,377.8075116524102,3.996823090009819
372.0,4.041392685,382.2982795614556,3.8679263530048233
376.0,4.206825876,372.1513541633882,3.9662390813260266
363.0,3.982271233,377.64008238381285,3.845541445106548
364.0,3.897627091,371.8225555280707,3.853386738243656
360.0,3.570075705,347.36424072519617,3.717637719180891
476.0,4.719439018,422.14541975867985,3.93756959531988
476.0,4.713692103,421.184730099629,3.9153370980941915
465.0,4.741718728,420.8413163703732,3.913425466260839
465.0,4.74711648,421.93819653588605,4.002393946263566
465.0,4.730725765,421.8879250429328,4.048016787334707
470.0,4.719447304,419.3288454253187,4.051840529107911
468.0,4.707859609,422.7133256242657,4.072362863961509
469.0,4.733502208,422.45678162466675,4.00884627863752
468.0,4.655138435,466.60337820348957,4.67749851413951
472.0,4.671172843,463.28432435718406,4.687923792984713
468.0,4.705863712,466.9494965803551,4.672948808166551
468.0,4.58546073,464.32240251632356,4.661342354094974
474.0,4.583198774,472.4941765160089,4.637084089590585
477.0,4.752048448,469.808711681411,4.680883242043254
468.0,4.626340367,462.5467600605226,4.646390510155518
646.0,4.748188027,644.9215090297248,4.853654593553143
418.0,4.447158031,433.4378053232268,4.593083729418163
437.0,4.799340549,442.9114604437085,4.593845383042179
445.0,4.785329835,452.24410099165436,4.597606821027589
438.0,4.857332496,443.53936526278824,4.575752966416238
435.0,4.832508913,443.11837528844615,4.532829517926892
445.0,4.826074803,450.2175098561408,4.532179967067239
419.1114837,3.86923172,414.44005527772714,4.163437208983069
418.0602007,3.880813592,413.91617764436904,4.208435943235701
415.9733777,3.816903839,415.08382472096434,4.215465198074421
414.9377593,3.886490725,415.37185997280375,4.193425681556937
412.0313144,3.866287339,414.77484625027756,4.19240777841469
411.0152076,3.908485019,416.0980601837158,4.167490344059447
414.9377593,3.886490725,414.38381200405746,4.2168627772658045
445.0,3.903957709,399.95682534650405,3.981187775845089
510.0,4.178458936,442.7509764745673,4.501250915310781
317.0,5.194942505,431.3001677678818,3.896021366084257
317.0,5.156756965,428.56416771636657,3.8878419563177444
317.0,5.193302624,427.40938456779503,3.8724094328941847
317.0,5.1883455,432.8309781110946,3.8937934939310326
320.0,5.073625928,435.58033488440225,3.8539076963490926
326.0,5.200382945,431.6212153035109,3.810467218828079
329.0,5.196072294,430.56600033038086,3.865320567904437
329.0,5.182318945,430.9465155499357,3.8517955473284777
327.0,5.222337521,430.4021462853651,3.865591712493574
329.0,5.199846448,429.9447924451847,3.832326354232967
329.0,5.201988472,426.6585427292598,3.7698906626659863
276.0,3.414973348,332.33005743133816,3.635888848521444
280.0,3.491361694,335.3916292265985,3.581716076338708
304.0,3.397940009,285.3963923074788,3.5091413447602413
306.0,3.462397998,288.5183316533292,3.4820677666189797
428.0,4.657055853,423.50524087351425,4.4516709931171565
300.0,4.245,369.908689763375,3.87393819775953
328.0,4.287,401.17160365807416,4.2399865795169855
664.0,4.75,676.2972583183557,4.840660546296304
664.0,4.8,680.9786028827298,4.784466237216354
666.0,4.79,690.2315235052876,4.586611715271913
411.0,4.45,427.2650619283948,4.142635091082205
413.0,4.44,433.5252724860003,4.109076874515502
427.0,4.44,438.0269829068335,4.127378661329855
549.0,4.820857989,554.1323377802515,4.805953416299278
504.0,4.914607568,496.32647212168996,4.891179215405431
505.0,4.90118578,515.1590455231693,4.767015804089733
506.0,4.878234469,520.367701764957,4.745270338090377
505.0,4.898725182,525.0779249666591,4.71069575138519
506.0,4.851564082,606.1214770509173,4.948860697558773
565.0,3.806179974,522.6372609212918,4.010281547071625
589.0,3.832508913,437.05744002882346,4.0430536318940495
766.0,5.334453751,769.7275497722918,5.442877800615115
768.0,5.404833717,765.7402005540413,5.458425311651485
768.0,5.378397901,773.256527054831,5.380174081037511
355.0,4.866570867,419.3159131788437,4.870597624037095
282.0,4.685535736,382.3443519671022,4.402062194590431
359.0,4.621840722,372.3210472994903,4.363240392458486
405.0,3.3,436.73036753433854,3.652122039725286
418.0,3.49,430.56764635143963,3.6962437178620084
408.0,3.278753601,424.739027050248,3.7244307140719988
409.0,3.799340549,424.0113259119929,3.7330973716310702
378.0,3.792391689,415.8310403705617,3.796971371169269
391.0,3.812913357,426.68257974847455,3.624771491856324
426.0,3.999421326,430.91047694917313,4.169618961606348
353.0,4.133538908,350.5936037102523,3.566583632886876
353.0,4.326335861,372.3288611362756,3.6354147838545736
407.0,3.5,382.9457372194082,3.738626725750914
396.0,4.674861141,377.8120175055156,4.730127908712183
337.0,4.755874856,387.27325519570456,4.57794750541229
341.0,4.86332286,369.24602982886256,4.637041051835182
393.0,4.103803721,393.69729286950565,4.137070541612653
542.0,4.283301229,529.9136683926077,4.465746652818697
538.0,4.123851641,538.4645390031967,4.380899565195315
453.0,4.025305865,378.0681212950235,4.198679773725431
420.0,3.794488047,369.24801894969914,4.573035176218129
345.0,4.990338855,368.7102741296153,4.950770057027583
343.0,5.176091259,337.99182688562433,5.071932002198004
344.0,4.605305046,343.8372328090957,5.0571010292016645
344.0,4.167317335,343.75125380765456,5.05735092906933
389.0,5.064457989,383.7724419926391,4.929534310922495
381.0,4.682145076,362.75061766743966,4.990926164274844
383.0,4.959994838,371.60045649606235,4.94677650433916
376.0,3.966141733,368.69830867106214,5.013776049787344
317.0,4.959994838,323.40600013988177,4.656974294675447
433.0,4.8,444.47335605478594,4.074518868072782
451.0,4.5,449.0721581519814,4.603147503640196
453.0,4.49,455.9776883592397,4.592333269886471
448.0,4.51,448.02584894767676,4.583960001539458
452.0,4.5,454.68470395260863,4.607978846109626
450.0,4.51,446.92685792668806,4.631732971268783
451.0,4.5,448.65393310357666,4.572264890298627
446.0,4.5,446.1383740846269,4.596277430675535
445.0,4.51,443.6915161957624,4.59739052186786
444.0,4.5,449.0435838621562,4.585185569927605
434.0,4.09,461.4396126444646,4.282002776306115
400.0,3.742096402,447.30232055987756,4.0581054988736245
405.0,3.710709566,452.29519546572567,3.9716157690666
402.0,3.747256397,444.386923316107,3.9276507144514454
401.5,4.5132176,404.4402063772679,4.48654104160976
400.0,4.496929648,406.0880832834988,4.480817345755888
363.0,4.103803721,355.21107765417133,4.271721212963844
419.0,4.378397901,378.8373511260676,4.274707708452414
330.0,4.565847819,336.96236282450144,4.547359630908312
347.0,4.781755375,313.152395771427,4.5117742085395625
571.0,4.77815125,589.3927766716482,4.523880668232257
570.0,4.903089987,589.1686357960584,4.503872161476325
396.0,3.064457989,361.32668471083286,4.005690155615122
400.0,3.303196057,362.17079091138265,4.1079584105233575
474.0,4.025305865,428.43920355453577,4.0549280819890665
394.0,4.662757832,399.6447452936007,4.121108771187884
398.0,4.322219295,408.36261935836546,4.078026416830699
378.0,4.462397998,365.5347141708884,4.636900395892142
418.0,4.123851641,409.8149677928176,4.038591131236002
400.0,4.392696953,387.5013345824006,4.119670413556261
420.0,4.378397901,386.52319105586923,4.449221797784659
338.0,5.247973266,375.0554174518525,4.595226735418556
338.0,5.255272505,374.6129661343492,4.624374269811915
524.0,4.602059991,498.4729879520355,4.381890080197186
326.0,3.2,345.37378059845474,3.888200667274557
341.0,3.8,336.0949819300824,4.1108711747713915
361.0,4.2,341.2814263141902,4.181789370367757
311.0,4.3,332.60418976889974,3.956791312943102
324.0,4.2,341.32385434529,4.124640883692351
348.0,4.4,350.84799619355505,4.2536136649869976
345.0,3.2,327.0892851651689,4.202403258312602
362.0,4.1,330.0349982750622,4.187607005291275
338.0,4.2,390.96710257801726,4.142744120869777
343.0,4.3,337.2965419625783,4.182779197055413
331.0,4.2,342.9616843578406,3.9383530296311458
342.0,4.0,329.4018448315663,4.140997509764146
355.0,4.4,334.175921059925,4.216667467947854
313.0,4.3,332.9903208537549,4.017637797712775
334.0,4.4,338.8523493927622,4.239448584761458
345.0,4.3,346.07405297975595,4.347272694874354
345.0,4.1,327.76389349342776,4.26404162196549
358.0,4.2,330.73948047614084,4.30756492981752
332.0,4.2,383.02011479356554,4.192358694126999
336.0,4.3,336.5953350608903,4.255861596853312
330.0,3.2,343.95150601661254,3.9396850264864782
342.0,3.0,332.4489628149687,4.157044659695523
357.0,3.9,337.8012914328577,4.210660283484774
313.0,4.3,330.22881167881883,4.0469552455979745
326.0,4.3,340.10405936054565,4.2864270728763865
344.0,4.3,350.3653345816994,4.3534061261519925
345.0,3.2,327.6445347857322,4.214182710684861
359.0,4.1,330.84217709171674,4.241327252370926
333.0,4.2,378.2026974745854,4.165751746061956
336.0,4.3,330.58337348335124,4.173080241145366
333.0,3.2,345.55536652283956,3.695434290872202
331.0,2.8,339.0285276915493,3.6508946875539507
342.0,3.9,332.0440103131149,3.747443744040946
358.0,4.0,338.0740275110399,4.096424922825549
318.0,4.1,332.56818317180563,3.9671258894567245
327.0,4.2,340.1500499156661,4.201039706037559
342.0,4.4,348.0856325709691,4.197830354714946
345.0,3.9,328.16025133777816,4.010393038164196
362.0,4.1,331.92305006859374,4.140144635013848
335.0,4.2,377.21990332234196,4.142993135947906
340.0,4.2,327.6759854626158,4.192719971542074
630.0,4.08278537,523.5035011250211,4.384290511545024
630.0,4.089905111,525.776313469745,4.533654359512707
607.0,4.11058971,614.1002146631462,4.220750603219575
400.0,4.523746467,388.4370488230853,4.4223821992553685
382.0,4.534026106,373.42755212814825,4.550829357484758
380.0,4.214843848,408.31606344996305,4.365478360485419
384.0,4.220108088,382.57254801099793,4.264116120037869
411.0,4.439332694,393.2613023558431,4.334012763239681
411.0,5.1,415.90647999521815,5.157578614647264
436.0,3.531478917,446.34883769798614,3.796511006391964
520.0,3.826074803,523.0341551997678,3.9294941843401725
538.0,4.54,526.4425014443627,4.632896508315576
577.0,4.6,555.1049710543231,4.6783438112805005
576.0,4.73,574.0828417393444,4.725965526442492
577.0,4.7,598.1878052000598,4.6731004847008375
478.0,4.46,516.4292913125648,4.567780163169428
415.0,4.798650645,413.07729033826183,4.7413603157886115
417.0,4.829946696,419.7519662276037,4.722017211000717
412.0,4.778874472,415.77339880804385,4.733573414776269
411.0,4.80140371,415.5882490190793,4.786734588028199
602.0,4.7,587.6765953005586,5.123017715817767
606.0,4.7,588.3988215036982,5.078075007114721
599.0,4.65,580.2113081384168,5.033798190833201
602.0,4.67,581.3416788966698,5.013825943856284
592.0,4.59,567.2768031928965,4.98316551304033
678.0,5.16,686.2703588731673,5.069321880873949
682.0,5.16,693.0393936838317,5.058257762137458
675.0,5.1,681.6240362813598,5.054147619122886
676.0,5.1,683.201698639795,5.074341422123571
666.0,5.08,676.2774771178457,5.039786988848145
602.0,4.82,598.3153495197186,4.969782618439415
605.0,4.8,599.1093565149349,4.916898932462393
598.0,4.77,592.5961882824819,4.904547418765469
601.0,4.8,593.97512284669,4.89586782971095
590.0,4.73,581.2363786414331,4.840021206095371
687.0,4.89,712.4005039790152,5.3271571838886755
687.0,4.83,716.5942423862429,5.282735297565023
683.0,4.83,711.0265210118054,5.2420287907329195
683.0,4.8,710.9596749738128,5.167074722420266
677.0,4.72,700.2555400098779,5.1201212236303615
680.0,4.98,725.0116437305043,5.235766859033189
682.0,4.95,733.7212429514938,5.233714207918904
677.0,4.96,727.426144978041,5.218632538778969
677.0,4.94,722.0085467670978,5.184790489389035
670.0,4.94,713.517657238886,5.130666977781573
669.0,4.98,688.8569631724439,5.091305323342553
675.0,4.93,695.3927668212807,5.071291836281454
664.0,4.88,684.3306596633488,5.066334843451132
670.0,4.89,685.944528320945,5.103201691409007
660.0,4.82,678.9826672794372,5.065319567217047
282.0,5.041392685,308.0656793518814,4.4620457074241
284.0,5.77815125,313.6315971599455,4.467998382420426
282.0,5.84509804,316.96813909189285,4.471455857621793
286.0,5.838849091,314.804724133649,4.33006735748076
310.0,5.716003344,309.4998437551229,4.783290218339558
314.0,5.653212514,316.78291290864684,4.796399853062719
324.0,5.301029996,317.2836641256232,4.864025727468894
333.0,5.447158031,319.63345897702817,4.676030722798712
299.0,4.62324929,328.96412255745406,4.410222052154943
303.0,5.893206753,336.72820622942174,4.711142118760827
303.0,5.914343157,335.28277950018736,4.740126484209775
302.0,5.954242509,347.13380661666514,4.67033955954438
307.0,4.440909082,288.9035656548513,4.516193824397659
317.0,4.442479769,317.4577038318361,3.957350772523207
295.0,4.411619706,323.184109103643,3.877236666710446
321.0,4.392696953,324.9535612648019,4.355899864535748
293.0,3.380211242,290.3107291520812,3.128290833995884
320.0,4.602059991,327.7476133595261,4.723226569504501
335.0,4.913813852,376.35989441439045,4.560666156305452
410.0,4.068185862,382.99846365377755,4.088199041488255
392.0,3.919078092,402.14807636860445,4.047588930944022
392.0,4.173186268,400.9877577348425,3.9357720505702702
355.0,4.82445127,346.16760025621386,4.714111682665729
366.0,4.480006943,352.80327183359725,4.352766677822241
360.0,3.799340549,362.9859225582418,4.090325919945803
376.0,4.414973348,371.97879815699764,4.4219088969100575
370.0,4.436162647,367.2934600847764,4.43074533534196
369.0,4.383815366,367.27316395572376,4.398850164685344
373.0,4.474216264,371.3853739633715,4.372611114585969
367.0,4.376576957,354.09992611406904,4.007510046904434
358.0,4.456366033,357.5843538059394,4.300885931431767
351.0,4.46834733,355.29907922676387,4.366848929599731
352.0,4.494154594,348.6805012867926,4.355753799505061
359.0,4.457881897,355.7614399395962,4.338606109463937
363.0,4.290034611,335.50966819437133,4.037766496508508
395.0,4.472756449,409.4401308631319,4.372804919277064
390.0,4.488550717,408.0401227981063,4.3885456637602855
388.0,4.479287316,407.7606446122654,4.370962385231737
394.0,4.460897843,412.5430823780654,4.406244710739644
361.0,3.973127854,384.9778616904772,3.9486061477412138
377.0,4.537819095,368.989443383963,4.564312649382563
371.0,4.525044807,360.9604199770759,4.512343492728445
370.0,4.5132176,365.13195370766545,4.5523483946369065
374.0,4.487138375,367.75893464048045,4.574499065355148
331.0,3.875061263,346.64650351368226,3.9992475712105944
374.0,2.77815125,371.75675493527496,3.4166325474018806
385.0,3.278753601,383.9730367996811,3.8859417604073876
364.0,3.041392685,382.5268097115183,4.003768670772535
362.0,4.770852012,400.31567594660834,3.178992978236065
411.0,4.47,409.7140326341846,4.4505570959690415
417.0,4.51,410.11791596139636,4.512351866770913
428.0,4.59,426.7763268012641,4.443766267508809
440.0,4.51,446.67847239959235,4.513076355990867
382.0,4.356025857,364.66765792609397,4.700638657332629
421.0,4.972795075,410.4562922435597,4.333775488120576
417.0,5.030356805,413.54195234537946,4.107880761981264
420.0,5.061663543,415.6129987608406,4.337008969534535
419.0,5.057293257,415.4944371421692,4.309310697330106
417.0,5.044727862,414.56784587442706,4.400231131554115
421.0,5.060501419,418.5393747269447,4.429051802168457
421.0,5.016439955,417.5254176679343,4.330992351759707
419.0,5.017350592,418.8249968189425,4.35442507580259
415.0,5.030462086,414.4322859609908,4.439959046344329
402.0,4.11876059,387.1016472409751,4.499698788686229
406.0,4.400434368,422.8325635493755,4.8462263672732275
318.0,3.681241237,292.65373809657035,3.948640909514027
318.0,3.681241237,290.93065207785656,3.869626051750378
305.0,3.62324929,288.37442157439637,3.8819015165662507
307.0,3.62324929,287.23067496772785,3.885209074795982
302.0,3.434568904,284.11321414462725,3.7910325363336974
312.0,3.643452676,323.7577208875092,4.0225874454268045
311.0,3.662757832,323.4383794249813,3.9644909527762464
307.0,3.544068044,316.9132564431785,3.889223791637048
404.0,4.45,464.7080681786806,4.456163321022733
394.0,3.85,325.5839150988585,4.1472617021912255
397.0,4.26,372.149457461608,4.305612769282467
393.0,3.91,321.27409948344587,4.110131549587856
286.0,3.94,315.3970086440854,4.070409558506176
357.0,4.94,352.5069786111035,4.763557817383025
358.0,4.78,354.63026411855674,4.80425356868799
356.0,4.91,349.29472191908536,4.834057508314903
352.0,4.75,342.3286339171578,4.8771331258454005
357.0,4.79,349.1655594288579,4.847182443483422
488.0,4.877831891,459.17475257230046,4.735596709536841
536.0,4.736157375,532.4022044121856,4.75723055988497
526.0,4.858055718,541.6692497535802,4.812204399966603
357.0,4.631443769,375.31153729660184,4.325796568612217
329.0,4.369215857,350.8224865323719,3.9032206540096213
335.0,4.369215857,358.5485917490411,3.976430236045914
398.0,3.995635195,380.4237311280788,3.9825531511797445
399.0,3.859738566,420.3585270773809,3.8832297234932014
401.0,5.149219113,397.83971820745535,4.839876846339436
400.0,5.086003706,405.56056868186,4.632656364091047
398.0,4.810232518,396.7894323724433,4.732671049006095
391.0,4.509202522,387.522626425788,4.833632365672427
376.0,3.995635195,388.18340995234325,4.6382003429063845
441.0,5.505149978,430.04524397868465,5.325820872004178
262.0,4.612783857,355.288470849872,4.32481553872322
350.0,4.19,345.34245947895016,4.012990285853124
365.0,4.09,335.30861019145647,4.123794575838741
310.0,4.068185862,335.8071560237258,3.934738702392111
393.0,4.456366033,396.3513199601535,4.359661073699224
369.0,4.127104798,369.1754843262855,4.116354961349298
381.0,4.334453751,387.2776823333976,3.9994941014429974
386.0,4.51054501,373.7912226796382,4.532709093330953
406.0,4.640481437,396.85166121570256,4.672537949730581
317.0,4.45,350.1709477143034,4.211181791401954
329.0,3.86,373.65022631002205,3.6145989583605855
386.0,3.73,363.49275621952415,4.283709296640994
380.0,3.43,365.66468628923815,3.5007683731497763
381.0,3.75,399.96407995767674,3.925988874229995
692.0,5.27,592.512952376748,4.809518394095154
694.0,5.29,589.8497794989601,4.791292612711235
687.0,5.29,598.9425384453428,4.841963758196063
690.0,5.22,597.0553186033711,4.837141775373998
688.0,5.17,595.5430112030074,4.8781137257678555
689.0,5.22,591.0960521835311,4.89642361358134
692.0,5.22,589.881837877069,4.794549303645977
681.0,5.21,592.0743582604349,4.88435991136108
679.0,5.23,594.2087287689709,4.961873967249313
682.0,5.2,694.3304439611527,4.922190783206534
686.0,5.21,697.1063247501564,4.931196811678825
678.0,5.19,700.9512921730022,5.014455542150498
681.0,5.23,698.9521116378353,4.971529174091008
680.0,5.22,695.0322937119874,4.975269423493895
682.0,5.24,695.67546089704,5.024077121860175
685.0,5.26,695.507548297929,4.922771675318712
674.0,5.25,694.1916207012545,5.015711618360138
671.0,5.25,695.2657688756123,5.056288596876581
283.0,4.424881637,295.38007678940306,4.034950896312916
338.0,4.45484486,344.78769316116416,3.919250050760499
386.0,4.51054501,373.7912226796382,4.532709093330953
343.0,3.571708832,337.765891447261,3.6275890072984573
344.0,3.615950052,337.65582001943807,3.7209669002670545
356.0,3.559906625,347.1300394154716,3.7523017909585277
348.0,3.564073979,341.78006115307414,3.6189903069739815
602.0,4.888740961,586.6653419955915,4.846204988615451
591.0,4.850033258,578.9992400895794,4.72994280146691
594.0,4.428134794,580.752941447365,4.635405608987881
440.0,4.238046103,448.7618742388051,4.332800391142848
362.0,4.100370545,337.2572416958325,4.096324728893876
342.0,3.924279286,370.432156836155,4.205780219391765
368.0,4.079181246,361.9055439174225,3.8709468911586624
396.0,4.45484486,388.70311176804523,4.393203720735866
413.0,4.630427875,383.89052683610964,4.325010152099614
423.0,4.477121255,364.16429472718755,4.424539953138648
468.0,4.30263392,471.42125890653824,4.7086491225797324
475.0,4.404080743,473.98836798820173,4.6820433095762715
462.0,4.367765791,467.26312283350705,4.644549414148172
478.0,4.418351017,474.8044260677396,4.713958401834725
485.0,4.331467788,476.3785378483411,4.717664982639573
477.0,4.26587866,470.44635083121454,4.721027110754451
479.0,4.331953395,474.41035896715687,4.7277755865956035
484.0,4.267124775,480.6162896130707,4.706722345000199
489.0,4.332094928,482.25975534637683,4.639467956200642
396.0,4.34427435,389.37912021036925,4.2750632956722265
390.0,4.361028626,386.7842804877565,4.32235981205471
400.0,4.339173086,382.8138402311521,4.330880854538061
389.0,4.358505911,392.0098553614431,4.333266099653679
389.0,4.313297626,384.07663535306676,4.309454211919766
388.0,4.415540901,385.5446864616142,4.362226451028491
391.0,4.327379371,382.6241265138141,4.273769769671999
397.0,4.273672462,390.5114531948931,4.292431884399663
407.0,4.827685831,408.59004972412595,4.235591922983256
412.0,4.813360783,413.8734270611852,4.261600581048041
407.0,4.773449992,407.787464782685,4.2676325829834845
415.0,4.75550898,411.41759471877106,4.232789661657501
406.0,4.781934798,406.74001263048626,4.2615601868479285
415.0,4.757836174,410.2231784973743,4.182424904318712
410.0,4.739596076,408.94057082154984,4.253723881434782
417.0,4.702602841,410.77148752313707,4.245270191774934
419.0,4.67809936,414.43542555637197,4.1899705912995815
606.0,4.862727528,562.2098711586593,4.665971422623532
593.0,4.750122527,551.4835006364412,4.562199245180259
591.0,4.735997884,549.6716483403968,4.572360409885207
587.0,4.702430536,539.5949171841928,4.465251489453838
316.0,4.799340549,380.88641778624367,4.2806780487642495
480.0,3.929418926,473.36796813689836,4.207231111615387
479.0,4.217483944,475.4617747026162,4.277784376305182
477.0,4.187520721,473.5738826684475,4.270872457170822
474.0,4.336459734,464.7762391512143,4.401310735247878
415.0,4.480006943,401.6263535556789,4.460033871030033
407.0,4.457881897,407.85589812392817,4.442717214231263
407.0,4.411619706,404.71895829330504,4.4816797721484765
400.5,4.146128036,404.5985024504173,3.966303827473812
404.0,3.73239376,406.9146105722599,3.800624265252414
393.0,3.69019608,399.86591912058554,3.8406919933941985
396.0,4.0,399.245450679567,3.8093872249261187
397.0,4.041392685,401.2776249035047,3.8912149834823437
392.5,3.672097858,398.2160997535724,3.8505210106638663
405.5,4.204119983,406.34916941015524,3.837709548859638
409.0,3.875061263,407.4966874461751,3.698915948576346
396.0,4.041392685,398.7865864576641,3.7399707612911968
400.0,4.079181246,394.47139496696076,3.597652623375912
400.0,4.079181246,400.93804513969604,3.764794466279265
396.5,3.875061263,399.40984968095046,3.806602352098655
386.0,3.959041392,345.22630535778256,4.142916234792543
387.0,4.230448921,461.2098880904003,4.195755385856396
389.0,4.579783597,445.7463928697831,4.530247872428285
709.0,5.206825876,657.6489182258766,5.120491969509144
704.0,5.250420002,655.5999654302877,5.048376993564342
696.0,5.10720997,644.4666577778206,5.385301314776861
696.0,5.136720567,644.5998813437235,5.101182621973939
432.0,3.968482949,469.62588474279994,4.156517673579059
402.0,3.866877814,421.53720937585956,3.9528569419371538
378.0,3.16,375.05604839805846,3.7387309176970875
384.0,3.16,375.6932219177411,3.736798271637633
384.0,3.12,372.4831478137162,3.630782967086225
318.0,4.764176132,321.93133351724293,4.729993474525208
352.0,5.123851641,348.7331625698504,4.983304321912491
341.0,5.195899652,358.77203653873966,4.918755912335564
296.0,4.25,323.47106796939653,4.381756244664786
300.0,4.31,318.7715026714087,4.281792798749535
303.0,4.37,319.1680236512458,4.337579664520744
304.0,4.61,360.37987608456825,4.317544108125311
302.0,4.38,339.0517998568197,4.300417498129667
302.0,4.37,322.3952899619469,4.397419535969131
312.0,4.38,312.7281375685849,4.396088713826876
302.0,4.32,356.52941540616945,4.132630722855657
323.0,4.54,319.25486641552624,4.442395936240973
290.0,4.41,311.07431303570957,4.443567755725652
350.0,4.636487896,348.5098911468356,4.584703464601029
355.0,3.908485019,352.3662850264761,4.479683587602514
350.0,4.697229343,374.9408501263273,4.521244719194244
353.0,4.803457116,370.9212482449926,4.628756785709318
350.0,4.574031268,349.08564121963616,4.567243883840236
654.0,4.2,524.2640317157073,5.036953036866743
510.0,4.572232464,494.31057388030865,4.986410471017626
511.0,4.731588765,497.26449839811755,5.133269335692594
497.0,4.483087821,485.9859856060278,5.020760751011501
529.0,4.610766595,499.5115100758816,4.998316235149106
519.0,4.563184335,497.8773945864558,4.968909339667405
506.0,4.529943402,483.98644060076003,4.9915917547920525
516.0,4.509740016,494.6484204693722,5.008715379723528
509.0,4.411535532,491.94726038691726,4.958962359432038
500.0,4.534850736,486.89613960338636,4.981194870734621
602.0,4.112336836,521.9537074343576,4.955819877353358
611.0,4.247285703,526.7480854903018,5.152493376589462
563.0,4.201615582,511.80211953751177,4.996674525036647
594.0,4.034187121,512.2262381931528,4.961034322015259
585.0,3.968809714,515.8042368002486,4.939384019082434
573.0,4.287039928,509.8338330973609,4.9528828070582
607.0,4.101334573,522.0909154460612,4.9853782316667425
599.0,4.02796086,517.2236782883571,4.944940905684737
561.0,4.11657454,514.9524954278083,4.896463573644484
523.5,4.342422681,526.2588772672013,4.728370399557162
517.0,4.278753601,516.8195754173081,4.645016463455347
516.5,4.278753601,515.3110375085473,4.631092019177271
518.0,4.255272505,520.1306316364158,4.648734368842144
516.5,4.230448921,517.2841489743189,4.6247265076197746
513.0,4.230448921,511.3614849802383,4.605590931014202
548.5,4.633468456,535.3470062286915,4.718106004371904
542.0,4.568201724,526.0083272893484,4.588163957023708
542.0,4.531478917,525.109506487528,4.587267114631608
544.0,4.556302501,528.7020890871115,4.617607295452812
542.0,4.544068044,526.2407602008168,4.6282518365857666
539.0,4.531478917,521.2368476312962,4.550906985968274
532.0,4.991226076,521.1863251639434,4.603798199489558
518.5,4.806179974,509.38515046777064,4.434608115666125
515.5,4.763427994,506.2994772894746,4.395704623367504
520.0,4.806179974,512.1895831959534,4.4269382070650645
518.0,4.785329835,509.4649927991786,4.405941194795204
511.5,4.681241237,502.12001120727984,4.363162540142382
358.0,4.350248018,370.9110601983554,4.221340416322261
422.0,4.872738827,388.8398344873409,4.48161438552948
424.0,4.808885867,391.41857822614486,4.505831309724706
422.0,4.783188691,400.614954160373,4.5482788873886335
422.0,4.811575006,387.67406234195425,4.5171178982177995
418.0,4.812913357,386.82539253755857,4.5491967162122595
422.0,4.766412847,388.2406678080298,4.532432992608274
417.0,4.782472624,379.12389914310427,4.493150467481756
342.0,3.523746467,363.7619352364688,3.3746884801217805
383.0,4.118628415,426.0074473337264,3.8953208187107307
379.0,4.323293361,423.93072000748737,3.901848391149803
378.0,4.375407533,425.4004166765938,3.890434358032464
382.0,4.505814483,428.75919910698883,3.875124983405538
375.0,4.54696195,423.04156431376214,3.9932367580907857
376.0,4.386855529,422.76857386003576,3.9744523950636292
375.0,4.09509958,426.35547732385476,3.8331450483144187
364.0,4.435796604,380.4003825462679,4.3450823978789
361.0,4.545554507,381.66092539654403,4.452758571559938
343.0,4.57953209,376.53902685641134,4.425135194913076
363.0,4.627734441,378.3599223285443,4.397900894495081
359.0,4.59247655,377.3848769432043,4.479679526303324
360.0,4.525821952,371.01835989629586,4.4550329846699555
362.0,3.935809454,376.3954365570221,4.445883926355677
361.0,4.587228147,374.8916774212331,4.476750544499535
364.0,4.643146588,376.14016577580065,4.164652688245619
396.0,4.572185944,390.05884983684075,4.302369182660838
391.0,4.619625433,387.4894894108761,4.362318051379317
394.0,4.414689293,387.1095492370104,4.293993482808182
397.0,4.599708446,387.74348470469886,4.3866194502139875
390.0,4.640133464,386.46640124499714,4.490534677491795
391.0,4.683263231,379.8515162431832,4.32224328655442
393.0,4.582631439,385.92041457141084,4.402706129229183
399.0,4.31122391,391.13543254797435,4.39932575198654
402.0,4.378506915,396.26132612662803,4.350594372347311
492.0,4.51851394,520.5908874998584,4.769343861327991
460.1,4.531478917,520.0372699595299,4.812677621651817
325.0,4.342422681,303.70225431937973,4.058034618873496
389.0,4.265,378.6985509017407,4.384078717916046
402.0,4.522,380.44712699699716,4.433381436798046
453.0,4.522548556,383.75211675975675,4.323545779216152
454.0,4.658764793,386.4142038097663,4.353677959271429
448.0,4.694491127,385.24357228803257,4.372679663738499
446.0,4.732827837,383.3728669638875,4.39045873738204
442.0,4.69665339,380.94602993340243,4.359287900543751
443.0,4.671635597,383.7124696957866,4.389830827462685
441.0,4.703497726,380.71927837153714,4.372154014814527
449.0,4.015988105,384.23220568759143,4.282447891181117
454.0,4.683443309,387.5964857040283,4.3237190175723095
442.0,4.645363311,381.3972184528917,4.323985682763359
446.0,4.667153981,383.5366434044193,4.297334659528337
472.0,4.976684628,400.77028839799624,4.627978123862201
479.0,4.985107485,404.1281053949828,4.576535998480158
476.0,4.961174212,405.57854005934854,4.604827537264235
468.0,4.950204155,402.02805677474737,4.59552870034941
470.0,4.960137675,401.27330422733473,4.642621793924855
466.0,4.935285528,400.3617598073329,4.618601283687831
465.0,4.951322945,400.1701390358837,4.547952417467425
478.0,4.731846526,403.42908795735764,4.528208487170238
483.0,4.94019762,405.29705571409124,4.541726620034681
471.0,4.935890002,400.9970849977439,4.5567289307567815
475.0,4.780979412,403.9053580148552,4.649063730150584
485.0,4.770247996,411.7499245197905,4.707405676352078
491.0,4.766234333,419.89238618422803,4.649250238392145
485.0,4.753314893,412.453082656417,4.682425710065429
473.0,4.825614336,410.16786373086035,4.670826915050652
472.0,4.764594528,408.7902015264066,4.702952662022398
475.0,4.755272521,408.3534658156133,4.665390396002068
471.0,4.76334562,407.5051294772512,4.6082293073585605
478.0,3.711638538,410.4670055113262,4.5873789540633485
482.0,4.724267675,416.0205001385419,4.60823085726692
475.0,4.706103021,408.44421591244344,4.673391337666262
477.0,4.721150844,411.4480155752676,4.767375145921834
365.0,4.531478917,349.6293342372914,4.2921220366640345
345.0,4.462397998,332.9042939793843,4.2276073221186845
406.0,3.568201724,407.5976110111783,3.7525400032662057
520.0,4.40654018,437.8979068876227,3.829764926876819
534.0,4.649334859,442.85713130713737,4.056508882162978
630.0,3.301029996,621.6801000788929,3.855220461808456
644.0,4.607455023,665.6864083149443,4.318496969296585
358.0,4.172018809,358.64349681709575,4.602392696585215
365.0,4.642563437,396.305909306352,4.727775194671681
312.0,4.308137379,317.1871426325669,4.357009264669669
402.0,4.447158031,376.68441570992394,4.54122905893002
438.0,4.0,416.0459037631911,4.0833666782049285
336.0,4.380211242,376.5929235118306,4.040441882717598
325.0,4.335016361,325.2962079675677,3.7365491136179214
335.0,4.358658069,335.7085500385103,3.8615194987534593
329.0,4.354204511,334.2310411224418,3.832138093009191
328.0,4.366759055,326.47910829333006,3.8757914638740716
328.0,4.364307047,332.93995436671696,3.8553881686239677
325.0,4.309225489,326.33185168447704,3.9051056831840034
325.0,3.985471383,336.8439727970231,3.8099536354464143
329.0,4.383007042,328.0111265572048,3.9179126661589043
324.0,3.925776054,333.7857416546908,3.88219822815863
461.0,4.72,482.00626662274834,4.726674253044796
452.0,4.66,471.06029536829175,4.622664105864891
471.0,4.79,487.3984388840756,4.603289775973172
477.0,4.69,492.05165519257946,4.574832640106945
455.0,4.73,474.76622827981043,4.620150579844183
306.5,5.133538908,258.0195502881098,5.3458378967235465
310.0,4.686636269,263.9666635470064,5.018377193022813
331.0,4.305222352,339.59587477924777,4.282598978596072
323.0,4.257678575,331.7959228075664,4.303248112414976
323.0,4.278913575,323.3439495918267,4.241135989826049
351.0,3.91603261,330.5389445404688,4.373679645218837
337.0,4.439332694,332.3956718621696,4.398970118082326
349.0,4.350693717,369.6337027870231,4.490864830346871
390.0,3.897627091,400.01040063147514,3.999600786851959
400.0,3.86923172,396.4954800892495,4.096683248809887
411.0,4.39,417.19030115888216,4.081110473168212
483.0,4.571371045,447.35678342848894,4.514189299047179
352.0,4.152288344,359.9221206452549,4.4285646232760465
349.0,4.139879086,357.51973439447414,4.423996684260885
343.0,4.167317335,353.37180076253605,4.4907930850458175
574.0,4.491361694,540.8935148404569,4.282330841825846
322.0,4.301029996,308.5599519284974,4.30133804852734
330.0,3.939519253,331.3873676618983,4.283642286860014
360.0,4.58546073,357.1817827896068,4.226746848197035
357.0,4.50242712,338.41322860840745,4.475603752484388
354.0,4.457881897,344.39658027586097,4.39577507825045
355.0,4.517195898,377.06595492489316,4.492351090983151
330.0,4.442479769,348.5967604839855,4.143954921310501
396.0,4.322219295,376.8300815146833,4.257212053012163
382.0,4.653212514,372.6591234208001,4.756513325263567
511.0,4.563587866,504.31988231802916,4.454723911838096
514.0,4.42794029,494.82599567512455,4.388950190235214
514.0,4.449277791,498.64118276440666,4.350348373346357
358.0,4.652246341,336.144435539484,4.597640085840273
420.0,3.59,395.8196724122179,3.9341296037368174
440.0,3.53,425.80742769521214,3.914049527907416
453.0,4.545307116,448.33851334585415,4.460612709702843
460.0,4.810232518,456.5682779306352,4.550324991212895
458.0,4.818225894,451.74683581411483,4.601752888478996
454.0,4.79518459,449.5316107026879,4.53374625621407
531.0,4.81,542.0878682880816,4.851004339635736
627.0,5.02,598.4566162824092,4.989062786713726
349.0,4.762678564,331.902514832327,4.4900777188903325
351.0,4.758154622,328.7230329360648,4.592340294788973
432.0,1.62324929,423.0814005168788,2.056011426139378
396.0,3.880813592,388.17202115382224,3.958458858922897
400.0,3.662757832,398.1852944107296,3.5083620899470134
378.0,3.984977126,385.0307082875771,4.197628385621958
378.0,3.977723605,389.5115459128294,4.182963513206319
376.0,3.980911938,388.82403937220096,4.190308200479505
378.0,4.021189299,385.87540521178823,4.204471638955881
378.0,4.051152522,391.89582264287435,4.1553054136498595
379.0,3.993876915,388.41616197347315,4.132271623565619
378.0,4.0,392.16462194464964,4.0986267081043914
386.0,3.255272505,455.48158782728945,2.8539482639427183
395.0,3.447158031,466.5141968993421,2.794667552193199
409.0,3.602059991,471.3518046065213,2.8826028288452363
429.0,3.672097858,478.80089389931055,2.967757147802961
427.0,3.255272505,435.9306373434878,3.1615243174762453
440.0,3.278753601,447.4395363764558,3.121304405147314
451.0,3.255272505,452.6366479312136,3.2059578184157695
458.0,3.230448921,459.8537613626403,3.2822903624319153
389.0,3.602059991,472.97936940342424,2.9594525748520093
409.0,3.69019608,484.72343492530973,3.014215518780756
424.0,3.770852012,491.8516374506268,3.0118027290872322
436.0,3.812913357,498.2066998121434,3.0350456552553395
449.0,3.322219295,441.64605904924446,3.2626876653230132
461.0,3.322219295,453.3411344212365,3.290066664408149
471.0,3.301029996,459.91110305351265,3.273391420247716
477.0,3.255272505,466.84064833425737,3.283442902728427
421.0,4.792391689,431.20414194423427,4.877112136000958
407.0,4.176091259,406.91862081028256,4.4750426831853165
380.0,4.84509804,415.709473618474,5.0987444591958795
370.0,4.134878045,361.0454880842177,4.112767067460089
294.0,4.794488047,364.3261328466861,4.032504337724983
291.5,4.638489257,366.0636161894044,4.181582169789605
294.0,4.844477176,365.5395034937977,4.13884838669634
294.5,4.85308953,367.316698627003,4.166100995614096
293.5,4.72916479,375.3270687593078,4.157766716576154
295.0,4.854306042,366.1197185615801,4.1614427515496555
295.0,4.77815125,376.6940823008296,4.1394205620211055
294.5,4.847572659,366.44778921756557,4.215540232608852
293.3,4.695481676,369.14423354627905,4.202418543579817
291.5,4.675778342,365.7793598375402,4.191674051988316
294.5,4.84509804,375.9830058954912,4.16780296310116
291.5,4.716837723,362.08800508149903,4.187217773714549
292.5,4.71432976,364.271080836754,4.167291847125137
293.0,4.675778342,373.0715631503049,3.7848641974822366
290.0,4.57634135,367.5865876142783,4.190384735681053
289.5,4.506505032,363.29691703285374,4.20121029035453
522.0,4.041392685,455.9169513349232,3.908331932978733
418.0,4.785329835,419.19186013072124,4.6610159377964315
432.0,4.447158031,476.2695057103516,4.488012924324977
521.0,4.77815125,464.42929357790126,4.6778569346036525
524.0,4.73239376,482.19812580416664,4.648810395091064
516.0,4.633468456,453.80039600215406,4.59000898397826
517.0,4.763427994,462.1227575281053,4.632102089655536
538.0,4.806179974,530.6927940425114,4.8387283975393505
538.0,4.792391689,550.225580334116,4.83761503354795
528.0,4.602059991,523.5819555048733,4.756327176882135
530.0,4.806179974,531.8721634244055,4.799579518909259
581.0,4.51851394,541.0877516575683,4.7056145596193
584.0,4.505149978,535.5908658608537,4.719827124741589
571.0,4.431363764,529.4340411608243,4.709180819610236
574.0,4.462397998,552.8118696277772,4.6080501032674475
344.0,3.87817698,374.7517694062155,4.232972563585879
414.0,3.989004616,431.72907196849854,4.5846735816001125
360.0,4.365487985,403.81170695331923,4.1953716925664475
280.0,3.876794976,329.3042926003886,3.6830809943307434
280.0,3.900530982,333.40320819431696,3.635148435772778
280.0,3.875928985,331.71158200862214,3.6838799076464213
339.0,4.146128036,336.4988736640963,4.107451368711359
402.0,4.729974286,409.58172203352603,4.730619946790239
530.0,4.69019608,537.4519835416102,4.720880159880983
519.0,4.602059991,531.6016835571779,4.626185971840598
530.0,4.662757832,534.5323998771793,4.647504867484373
530.0,4.672097858,543.2184596935957,4.730943790287231
533.0,4.643452676,536.0841719825261,4.672186564933666
530.0,4.62324929,536.6273716707019,4.661949439548296
364.0,4.532754379,473.8537933592335,4.596339789524286
369.0,4.5289167,477.72854914017796,4.588061891401329
367.0,4.551449998,473.53447842472696,4.618078765650438
367.0,4.537819095,474.2712151314939,4.641215778656816
365.0,4.583198774,469.8133456694827,4.620434325929564
365.0,4.567026366,471.23726138686095,4.635824036561788
368.0,4.588831726,478.2603532708784,4.6016356642681036
361.0,4.725094521,392.3490311553933,4.5581109691308175
367.0,4.651278014,392.6010636324154,4.577582347800438
362.0,4.713490543,394.39429483222006,4.590624648769447
370.0,4.678518379,398.15174537243945,4.602626336925516
359.0,4.730782276,390.6097582766829,4.590958705157146
363.0,4.73239376,392.17738531619233,4.584162039532729
365.0,4.745074792,397.89918704108084,4.644106873755022
376.0,4.434568904,508.4973834766007,4.495436841914742
381.0,4.450249108,511.21569741202404,4.483351635954465
367.0,4.469822016,508.92264544701567,4.497097011440619
371.0,4.442479769,510.91871616417603,4.520510687722488
366.0,4.499687083,504.50263313748735,4.525042284496096
371.0,4.488550717,504.6180516497966,4.538560940361878
373.0,4.53529412,510.11071370024575,4.569236334978876
358.0,5.462397998,363.403777107056,5.575272862038152
358.0,5.555094449,363.18946907981444,5.547408874964705
357.0,5.491361694,360.6325555477234,5.566417539029539
361.0,5.496929648,367.5531774170965,5.579828080324569
363.0,5.557507202,369.205600581828,5.555254089566147
357.0,5.489958479,363.0778795465894,5.626980185546535
357.0,5.563481085,362.11475118234637,5.570706852823294
357.0,5.660865478,364.05645643911623,5.616141334621881
356.0,5.610660163,361.8365365688609,5.615197496436547
359.0,5.127104798,363.2229904355492,5.310034093242219
403.0,4.290924559,392.0376094686647,4.323524148083463
536.0,4.44684771,464.33066333481395,4.443760972945147
430.0,4.627570664,455.565567866295,4.446416535706435
436.0,4.267171728,418.976068289444,4.326572297523578
406.0,3.785329835,401.1076175829732,4.208054229818637
356.0,4.36361198,389.480427836347,4.223888593474964
396.0,4.0923697,398.7606027029391,4.232840426464717
303.0,4.781755375,311.7676622914976,4.794009728161492
304.0,4.800717078,325.93910147471456,4.766359758454962
706.0,4.949390007,698.210011343846,4.941719422674064
692.0,4.944482672,689.3690761247705,4.920852930145029
574.0,4.937016107,577.3142933544401,4.844903723585107
595.0,4.981365509,601.2239496668858,4.826811632867729
382.0,4.870988814,403.2282572535514,4.587547371949848
391.0,4.23299611,449.99683458115794,4.600859675597514
343.0,3.656673046,384.3931543626558,3.45981874357822
373.0,3.648847708,371.3664634618729,3.6258091074009284
375.0,3.70612011,385.96258793298324,3.765090254568366
367.0,3.776119799,376.60209080787354,3.5629172785447936
372.0,4.016657345,392.8218903453717,3.610641612502736
369.0,3.593950295,373.51379076371836,3.5974269638723877
346.0,3.048830087,395.6196195559611,3.54716385546509
361.0,3.758230408,381.2073418152809,3.7306540585379593
378.0,3.562411833,386.27728430595323,3.7105303562753456
645.0,5.477121255,634.1903668254433,4.970105852828902
647.0,4.361727836,625.5757887781003,4.966785054295451
651.0,4.62324929,630.1463977815243,4.9557629649975246
641.0,4.982271233,630.1557947086183,4.60204179496015
652.0,5.209515015,640.3022640987834,4.962594584544824
643.0,5.474216264,628.4058513726965,5.018050892172694
646.0,5.365487985,632.8275654239985,5.030751375074887
639.0,4.612783857,627.7614313929982,4.60492512183108
350.0,1.204119983,346.74334690625744,1.4416996510965938
320.0,1.338456494,326.4344441252106,1.3458326863649526
285.0,3.331224781,316.3832909669825,3.592158909388737
286.0,3.403292145,313.42631088498234,3.6145891143888123
285.0,3.400365273,314.8525869294323,3.564079471803024
284.0,3.366982976,319.09119968326115,3.613221606939395
280.0,4.466541406,314.2326973535125,3.504701661422687
513.0,4.397940009,510.8643873941478,4.472808501795326
487.0,4.491361694,453.1939870410623,4.334229657236782
486.0,4.414973348,485.502663603825,4.251760649799807
471.0,4.414973348,454.50416095831906,4.417892601222727
380.0,3.826074803,388.89133061462826,3.6408954139739875
680.0,5.281033367,625.7846357060741,5.425300070990494
409.0,5.190331698,398.73414050800716,4.903667971646977
455.0,4.707570176,414.39699734155937,4.839715803924704
469.0,4.741939078,419.98012684175666,4.819416801652916
466.0,4.77815125,417.85562158356686,4.806058695002195
456.0,4.753583059,415.9196919907452,4.781240421682569
460.0,4.748962861,417.8232545044425,4.815796999907952
465.0,4.737192643,419.36679870011665,4.749854817925655
477.0,4.620136055,430.289585081083,4.7780183501095
493.0,4.7355989,497.7560378693882,4.71305656422494
518.0,4.82672252,508.6638892135952,4.7753955346115164
507.0,4.84260924,495.3867193144938,4.73258111321353
516.0,4.823474229,500.6736832094213,4.743399263776221
528.0,4.829303773,511.0637944851801,4.6761475043328895
536.0,4.851869601,519.0012205256309,4.646628575586668
459.0,4.62,440.4957680915835,2.8403505071102275
432.0,4.53,438.7503717112894,2.942719559925928
452.0,4.61,447.0807495983754,2.8782841441706997
443.0,4.55,440.84070628153694,3.004119879289515
432.0,4.46,440.0581489675781,2.9298188057129195
438.0,4.6,441.4447493810934,2.9433518473289504
544.0,4.8,439.0361961602613,2.9652214834698993
427.0,4.2,443.192934128303,2.904195234636399
429.0,4.7,439.38923604853187,2.9273894229044073
690.0,4.838849091,680.5383038217772,4.774356377899911
689.0,4.812913357,697.5345840202557,4.843934966713069
385.0,5.348304863,427.1188766797785,4.918541750213118
382.0,5.271841607,397.78349783951484,5.023745499687838
385.0,5.318063335,387.2315566376813,5.2239387411796905
706.0,4.949390007,702.066283265727,4.959091502272974
355.0,4.414973348,339.6563344688045,4.404561133415971
393.0,3.892094603,391.74631496332233,3.9914972563743696
392.0,3.84509804,378.86222998729846,3.9928916852810135
390.0,3.944482672,376.8610284598652,4.051058889427959
385.0,3.919078092,375.87891975021637,3.980243844219809
375.0,4.220108088,393.67248711500616,4.228949036972372
370.0,4.222716471,379.0375469965787,4.23589009971158
372.0,4.276461804,377.74214339589685,4.305913867909939
369.0,4.252853031,377.3493213279213,4.251037754288458
418.0,4.726727209,409.78107572599066,4.609900803793636
419.0,4.672097858,421.96082188658295,4.48140785924229
420.0,4.914343157,487.8127847334871,4.543330725433728
283.0,4.255272505,309.5700827896104,3.533453824308048
293.0,4.292256071,329.57152723251016,3.662976383376223
293.0,4.305351369,331.667886839126,3.649794097191445
430.0,4.260071388,439.1383789405677,4.035427125584274
433.0,4.071882007,436.70559814712107,4.021601906300086
407.0,4.271841607,431.02164589319364,4.051589384301343
408.0,4.267171728,436.90223390786633,3.9792402616831786
409.0,4.271841607,439.47311753722715,4.063491226446392
407.0,4.276461804,433.46087511758344,3.9956881456140794
410.0,4.283301229,437.5962976421523,3.969249444281104
410.0,4.294466226,438.75599676650955,3.8859090897518933
328.0,4.58,346.5128955862488,4.219583735656778
328.0,4.63,342.83813723558615,4.332099461806081
328.0,4.59,345.7960538409412,4.338260371537315
332.0,4.55,341.6214398285332,4.334224370937043
336.0,4.51,349.84059245166753,4.260670419723581
332.0,4.43,330.85546852493763,4.437476235944821
334.0,4.46,328.61795772431833,4.529305614419347
334.0,4.42,331.8534218714115,4.505688127521708
342.0,4.41,331.82284992464895,4.505266871913987
344.0,4.37,339.56379074888196,4.438126069627898
426.0,4.49,427.598652395811,4.448388846821667
511.0,4.558708571,487.4628413998683,4.520951591324564
467.0,4.450249108,497.1264510768086,4.7258450555274
453.0,4.418301291,485.008525052457,4.514391057638804
269.0,4.086359831,285.48274033014184,4.316337568763676
267.0,4.235528447,283.04667824346745,4.369273257626179
267.0,4.133538908,278.679469448097,4.369208460396438
273.0,4.240549248,283.5407038224015,4.383651139867981
273.0,4.195899652,275.15249558958806,4.3286416979340805
527.0,4.805609588,523.5646042668128,4.654810762473681
538.0,5.055313335,516.9361974579999,4.690127119623417
527.0,4.706145741,517.1148659633677,4.639452074212542
541.0,5.019461096,522.3312808419613,4.741105259247798
536.0,4.648360011,516.9025867064261,4.691713571185597
532.0,4.90579588,516.6550225551783,4.678007759657037
537.0,4.706854278,515.9923927065017,4.552298523882333
537.0,4.965356946,518.2603634803352,4.610790364602285
545.0,4.960627723,517.515259991919,4.643094551273829
549.0,4.920384242,522.7044382973892,4.616484132603377
588.0,4.471291711,602.5404622025178,4.744200585097154
576.0,4.322219295,589.0945680016654,4.666810528367085
570.0,4.439332694,592.7200351468849,4.621237083209953
556.0,4.170261715,576.2735636354321,4.516603169879142
539.0,4.290034611,490.8940362979109,4.355198664152563
537.0,4.227886705,480.16196944314726,4.31469518273237
531.0,4.354108439,487.4894954548795,4.2420252431312155
522.0,4.359835482,475.05135898626156,4.155302430127842
652.0,3.361727836,631.5323484669449,3.7673393103274555
653.0,3.51851394,579.267833748642,4.053957192097991
390.0,4.361727836,383.11147649902114,4.292722162037921
363.0,4.505149978,387.43056866431226,4.435617631687047
391.0,4.602059991,387.2590100071508,4.620347724507954
440.0,4.025305865,403.15769502623846,4.126117004512395
431.0,4.269512944,419.24077746949354,4.179828339305061
454.0,4.278753601,428.651658957658,4.44868958826502
438.0,4.113943352,433.4262453137536,4.247549351256327
456.0,4.298853076,435.57628601501636,4.334462467095647
456.0,4.103803721,423.2178279631629,4.0784750600488655
400.0,4.478566496,409.4860688229743,4.448101513537585
428.0,4.492760389,405.5856504346371,4.48330508693334
411.0,4.583198774,421.4016401904488,4.341618008052675
355.0,4.358,356.2935676646543,4.226918039989036
351.0,4.214,371.3276598938514,4.315640783745779
411.0,5.1,406.2976142633438,4.884459263662876
362.0,4.38,360.40176496955854,4.0128483732256655
525.0,2.751279104,496.8223214159434,2.6809717881800794
432.0,3.204119983,414.2530844158999,4.425456833919112
361.0,4.660865478,396.0672102241973,4.681504183612253
412.0,4.423245874,400.7377008328989,4.228833006136943
412.0,4.424064525,399.05961504130244,4.325702544928558
394.0,4.436957331,380.4045637134494,4.250963374453941
369.0,4.384174139,384.3912061754653,4.270874504106585
394.0,4.433609843,379.06016034002613,4.370188989634825
384.0,4.403120521,367.5013604725518,4.215544456730011
382.0,4.447932866,369.46332901208376,4.154525378394049
455.0,4.604226053,421.7972657491079,4.180250586441082
470.0,4.643452676,491.1117063968836,4.3380137108948364
381.0,4.492760389,366.7002182110331,4.008555126692043
708.0,4.9,699.7700833813476,4.843912350238808
666.0,4.85,661.4398744583599,4.821840519691378
439.0,4.55,425.9948659648859,4.33405491890091
440.0,4.4,433.9240971673342,4.515919198446137
439.0,4.55,408.5961890461023,4.279183204703539
281.0,4.64738297,351.64367494030927,4.056428175183909
305.0,4.238046103,312.8643855381538,4.1027801453691
388.0,3.819543936,366.5345973247022,3.430438023847438
389.0,3.255272505,386.71221253072366,3.549322380702967
391.0,3.672097858,420.71722269417734,3.4805822898056924
391.0,3.672097858,418.28018951891454,3.4706965830849925
391.0,3.230448921,404.71963471273654,3.566628923102283
387.0,4.087319912,399.4382091264545,3.7676049124414313
381.0,4.338635752,397.9630502715281,3.784111265083972
381.0,4.369790824,394.8537806417488,3.792136084996693
380.0,4.452139252,392.664370459612,3.9307072644444916
383.0,4.457079148,400.8783127180135,3.8381350201762805
380.0,4.451540829,399.59274370445513,3.7736850403838185
380.0,4.444716027,397.9063481577414,3.8591325037599757
377.0,4.383743576,396.286318148899,3.5568463193210023
388.0,4.426185825,397.462520819881,3.756501065711992
382.0,4.372912003,400.7616215231952,3.4746258136661665
409.0,4.0,409.7418453297461,3.860682738253009
406.0,4.255272505,417.9033572528812,4.069224263514914
410.0,4.041392685,407.8342056151303,3.9562947372171493
411.0,4.079181246,410.0501841850206,4.001398012655021
407.0,3.77815125,404.7444361187822,3.839224020726617
409.0,4.176091259,407.8279143247928,3.914757887858464
410.0,4.255272505,406.0926106141484,3.916221803863725
412.0,4.079181246,412.0777603977068,3.8744201883841667
407.0,3.698970004,410.8392791578326,3.8832310433414667
374.0,4.64,375.0419832865802,4.4639256056087575
371.0,4.68,375.4766755918678,4.49328232959771
375.0,4.63,376.2958722323754,4.472630289632617
373.0,4.62,374.9267775287159,4.448095408026765
378.0,4.61,378.9582951134524,4.4996526972274395
357.0,4.318063335,383.10920190097966,4.312869209045794
364.0,4.397940009,382.07024129360366,4.439639385282286
361.0,4.369215857,378.30632459768066,4.424103632251567
352.0,4.290034611,375.78464803309834,4.343986698428497
352.0,4.292256071,375.135802757433,4.320884669384485
365.0,4.130333768,370.3713804626349,4.229401809593815
648.0,3.71,632.0823122096918,3.7579616991571876
357.0,4.612783857,394.84166416251867,4.387741937995135
383.0,4.633468456,404.720871692268,4.6959307802114125
388.0,4.62324929,348.007386334138,4.4965882998489555
394.0,4.544068044,408.60189375013726,4.5718724631671375
348.0,4.414973348,360.67947845856963,4.643000130649814
344.0,4.414973348,348.9964251192144,4.191930073378586
346.0,4.421603927,353.6400666162362,4.230579446303606
745.0,4.880813592,743.6036127667087,5.205658568171081
751.0,4.982271233,747.2040311813345,5.270850349768603
749.0,5.383815366,771.5748172165929,5.227572198710366
753.0,5.413299764,774.4825649752547,5.263178817736351
489.0,4.206825876,507.01248086870055,4.228631008714352
532.0,4.152288344,509.75872866579573,4.1018368926344975
508.0,4.698970004,525.7273193865767,4.577566359930932
507.0,4.652110905,521.5082995476291,4.534151307454758
505.0,4.618225964,528.5411835534388,4.615115645992917
523.0,4.642098332,542.1284481089069,4.590011788425422
505.0,4.642691995,517.9885159873774,4.649628844839283
508.0,4.633680501,525.5899355399748,4.606423544978027
511.0,3.922362097,532.5890938421251,4.646801812931178
514.0,3.87279704,527.8038314697935,4.661305863005427
508.0,4.59892176,532.6763384681244,4.725779999933643
520.0,4.568248672,524.4580419014661,4.602487544160168
490.0,4.694999833,512.2530862636875,4.73598219442823
474.0,4.721035281,513.996153155769,4.724729333315107
481.0,4.787488813,520.9017764187537,4.764629120335973
502.0,4.745605619,526.5328281745085,4.741676806041268
481.0,4.719314711,510.8361112332933,4.721672650426135
484.0,4.731258286,510.95770875971596,4.72068029729869
493.0,4.747233081,516.2249418599555,4.732348287389182
493.0,4.754203037,518.7343313616758,4.696993111692339
487.0,4.719314711,514.5292892667582,4.800021608684505
496.0,4.723898771,508.5728493829648,4.697823969785863
370.0,4.541579244,369.5708266063203,4.011781092441555
376.0,3.892094603,372.92599981940884,3.8791638392356766
368.0,4.193124598,360.70286716768067,3.884609249973475
373.0,4.130333768,379.43830089086754,4.060589859514022
376.0,3.897627091,396.94896054856366,3.988556002036387
402.0,4.459392488,395.52795187100367,4.0205481437896164
335.0,4.527204419,349.8876709756627,4.465953686018943
337.0,4.556302501,349.09165515814414,4.426922625092562
333.0,4.51851394,348.9066045596723,4.468615725355319
332.0,4.509646002,349.78450322820447,4.468553961964202
328.0,4.472273632,353.849456495439,4.517412439473299
330.0,4.531478917,348.53055764431434,4.455709654533923
331.0,4.522874402,352.5841160457583,4.471625779044194
334.0,4.564275379,357.04187390541125,4.418842385498841
349.0,3.78096503,348.9513732910633,3.252096053562765
338.0,3.512684396,356.2825736259298,3.2150002192330343
354.0,3.741230411,361.8331666902115,3.411821708861626
370.0,3.442479769,357.350344363856,3.1941035278427106
341.0,3.509202522,368.53401342214636,3.435586284077407
348.0,3.562292864,375.72716915767876,3.498751285902751
359.0,3.436162647,361.74806205368697,3.689545410037664
361.0,3.550228353,362.63774055241026,3.548420397471882
421.0,3.481442629,416.69013213165056,3.3457362142128204
367.0,3.625312451,374.2000776030547,3.5697294015325376
342.0,3.656098202,368.2784836592343,3.42637011726456
350.0,3.511883361,375.9684060707796,3.463272873124393
361.0,3.392696953,366.3058083135552,3.7230375180362585
364.0,3.328379603,364.2776498301623,3.5763970286293074
428.0,3.696356389,422.10663430575767,3.5288363005950756
370.0,3.459392488,374.82688070560596,3.619883517919758
305.0,4.298853076,353.0937525090049,4.231177498109168
303.0,4.408239965,360.4615033424548,4.29358870442101
306.0,4.501059262,359.65043907205256,4.220381901852892
306.0,4.320146286,359.86281959167934,4.177290669295699
301.0,4.374748346,358.02395955159466,4.2721595966664525
297.0,4.432969291,359.8842465671737,4.286175809765834
298.0,4.5132176,357.555730385244,4.125657154921539
298.0,4.274157849,357.1957995125873,4.2556032829897905
302.0,4.547774705,360.9165778943617,4.171978861400268
494.0,4.431363764,463.11362601644987,4.371866686637118
617.0,5.01,646.4021979934712,4.951496396794781
626.0,4.8,618.1645644631928,4.772758113203921
455.0,4.322219295,479.6411424372458,4.717769755998242
481.0,4.800717078,468.8604403690407,4.608489954260547
462.0,4.575187845,484.9793797791684,4.70043601861463
436.0,4.62324929,441.23443351446224,5.032223326041793
684.0,5.292256071,673.237503128031,5.13929971894232
410.0,5.556302501,394.9767532298473,4.891268322080018
410.0,5.462397998,430.93702938201204,5.179391116973406
467.0,4.505149978,471.2485865431639,4.553883105869995
385.0,4.44870632,449.1120291023988,4.675954011581706
385.0,4.472756449,452.90135730828007,4.694035711334007
391.0,4.607455023,450.8107665162994,4.713692980643706
385.0,4.587710965,464.45117395956504,4.667261667533728
393.0,4.611723308,446.75643102511003,4.717697558223146
391.0,4.582063363,452.7053551716822,4.654053753180987
393.0,4.562292864,447.745918214415,4.668541685800148
402.0,4.59439255,477.09895576558256,4.709692888332926
405.0,4.574031268,483.3448304448869,4.78562423700525
408.0,4.583198774,482.3380356897492,4.774024579336649
407.0,4.559906625,491.1578398724908,4.7647165391786706
397.0,4.579783597,476.4224683861372,4.801941062038355
402.0,4.547774705,482.62478656433757,4.76293719922037
405.0,4.549003262,479.88956831475826,4.82420695819138
369.0,3.212187604,386.61818847110646,3.259730754626298
384.0,2.826074803,377.6794021117786,3.3012601600352034
489.0,4.8,474.24211689639304,4.724319717812643
516.0,5.02,516.2662494982972,4.8477131149923505
524.0,3.95,555.4138451149554,4.740168779559143
560.0,4.58,586.2111667416916,4.810105153597576
594.0,4.58,576.2130864338436,4.794917365325474
611.0,4.64,577.258207985341,4.852460671156711
565.0,4.58,500.0759957787474,4.71991690358337
535.0,4.602059991,559.0562079232932,4.937584637259537
533.0,4.62324929,555.8995043390157,4.848843839078852
526.0,4.612783857,550.0894485789424,4.851593580601999
530.0,4.204119983,545.8026994308897,4.729569576123487
527.0,4.204119983,537.9034493205929,4.757795075679347
521.0,4.230448921,533.4418495928531,4.654303077237642
444.0,4.63,442.89895294167115,4.641491924228473
503.0,4.838849091,404.8798708288065,5.063060168029727
503.0,4.825426118,410.59121996282613,5.0817039033449145
502.0,4.757396029,394.0777877687798,4.981405563840612
506.0,4.775974331,398.8070183508869,4.9166329881508135
504.0,4.783188691,401.29363447709505,5.031673124407968
506.0,4.733999287,399.94568861854214,5.044056428527879
374.0,3.161368002,374.82132123407,4.14056076799768
376.0,3.033423755,366.59818140177015,3.9177357674068096
364.0,3.951823035,382.9822675238028,4.181940194756509
470.0,5.001733713,484.30372111852404,4.608676389921772
468.0,4.846337112,502.0329538695074,4.8580111309776255
461.0,4.742725131,495.42123810639714,4.588643714857506
456.0,4.736396502,484.0145270936603,4.54853058348117
431.0,4.613841822,453.69399965061984,4.469322758635464
424.0,4.51054501,431.18538288335077,4.429144400699611
658.0,5.030599722,560.5504596833389,4.7265489044424935
642.0,4.904174368,548.9396859038361,4.701027467068246
549.0,4.688419822,520.4504781754375,4.592092358424927
540.0,4.675778342,529.1801755081287,4.683937231641616
492.0,4.568201724,499.3727241184318,4.551739100170304
483.0,4.571708832,523.0243131465289,4.652413133872072
464.0,4.582063363,537.486479751941,4.617433041569815
444.0,4.63,442.89895294167115,4.641491924228473
432.9648895,3.931989414,497.93404966118,3.8352293564496143
516.4525994,2.964136222,306.5558445221382,3.95273100289086
522.5688073,2.961258728,287.01180679132597,4.083445487063429
196.0,4.06069784,242.2913463389712,3.658012729264179
265.0,1.176091259,277.52877474142144,3.2263774518411004
265.0,2.301029996,215.39395063799375,2.7480193274062588
250.0,2.579783597,261.2918842641702,3.0809843531586454
191.0,4.181843588,276.4800708681249,2.852947092149004
370.0,4.361727836,414.3201808689343,4.436952464535485
423.0,4.346998068,424.2410372421394,4.352164798512611
423.0,4.395029189,431.9697279615184,4.353364076190725
340.0,4.431363764,374.64845789630533,4.498878314817299
370.0,4.72427587,371.73640049838775,4.54378732060249
310.0,4.29380436,337.51252994804884,3.8223593001738414
372.0,4.870228279,368.3497086926653,4.8381199231429886
372.0,4.901621764,351.2803786408382,4.790520858736363
380.0,4.941113727,375.65081357714735,4.748283780592976
346.0,4.945173046,342.7668794985567,4.950078616664565
405.0,4.4,453.35568234358277,4.333006844006311
409.0,4.041392685,387.70504889292175,4.209416297570504
427.0,4.113943352,405.415256164635,4.233244710760385
408.0,4.459392488,407.90159664459077,4.12366407544653
472.0,4.65,678.1870096234875,4.889288724323071
530.0,4.39,507.14053885705346,4.337859758740741
463.0,4.698970004,428.9334857701407,4.573877514769142
485.0,4.799340549,445.9143713721226,4.774738243122017
583.6523539,4.793094794,543.4820713564484,4.833392356276493
626.0,4.903632516,640.6834396592026,4.899562936378117
630.0,4.86923172,641.6796829664396,4.8587144262820186
627.0,4.820857989,643.7132992421004,4.858388949698408
621.0,4.818885415,638.2964007057066,4.811626704373688
621.0,4.916453949,655.9339563421529,4.889082842422004
626.0,4.854913022,659.1983652675614,4.797421383249807
373.0,4.62838893,396.15199059832406,4.576633490189173
377.0,4.572871602,399.19844994956765,4.557827475544643
376.0,4.619093331,396.38813398688814,4.555483375181114
374.0,4.609594409,394.32372217115676,4.542190936794812
375.0,4.629409599,394.5262701653111,4.555880377339192
371.0,4.604226053,391.5104448229545,4.5728900083535144
331.0,4.390935107,369.8533997932961,4.484332366502878
338.0,4.369215857,371.39706514430725,4.457216074882481
334.0,4.426511261,364.6611963997463,4.537211065617901
338.0,4.385606274,371.0780599749603,4.506605021270659
335.0,4.352182518,368.7895561127158,4.455947977699092
337.0,4.36361198,360.24511594127796,4.410695783773836
344.0,4.350248018,373.0922160491425,4.43404609453264
480.0,4.738780558,471.4240922565917,4.616286643247311
480.0,4.699837726,471.7184229905336,4.533486935544779
469.0,4.609594409,462.07323453849733,4.604191497400659
489.0,4.583198774,471.8129816040922,4.576417801718628
478.0,4.507855872,466.6107583448722,4.55409141950163
475.0,4.527629901,465.4858558673799,4.563970554715805
488.0,4.450249108,474.10266311114674,4.4411427042831795
511.0,4.791690649,554.969583462,4.87700965250272
587.0,4.752816431,618.4434289112479,5.002851950758924
438.0,3.36,431.1977114619366,3.6351463653465275
440.0,3.37,433.1925493492628,3.6858688318076958
440.0,3.33,434.34360483211486,3.6554589850369936
439.0,3.35,431.9201556665207,3.64436992637918
437.0,3.31,430.94856208365627,3.6270236397243445
542.0,4.908485019,609.5627318170878,4.864452078123
554.0,4.924279286,620.6472053572413,5.317618364794418
710.0,5.098453356,691.3334788041192,5.055209572207206
714.0,5.088334578,694.2570314834447,5.081240180311068
724.0,5.128915978,698.6428850284544,5.023176156237062
730.0,5.095796794,708.7217719223206,5.033492681628873
629.0,5.03,600.6663268270146,4.948285348050666
636.0,4.94,605.5348161220802,4.8568526102392395
629.0,4.91,600.0119724135865,4.8521003590923355
629.0,4.91,599.432944986899,4.853473552483857
620.0,4.82,592.1640556513943,4.80770339426973
623.0,4.86,594.1682033907662,4.783654756629494
566.0,5.02,588.9105233242412,4.922240898217449
570.0,4.71,592.416008063235,4.851311994865289
563.0,4.88,585.3738332858588,4.7805245595580494
564.0,4.85,586.4417428380075,4.830516678807835
555.0,4.71,579.8932403855858,4.767708461749042
558.0,4.55,581.7100495184876,4.7712683016886395
607.0,4.96,599.8729113552326,4.836031337526071
612.0,4.88,604.3939935815104,4.749826850047424
608.0,4.79,600.5053457928864,4.718153625972795
607.0,4.84,598.7648104251788,4.752267086502347
600.0,4.78,593.7630305601239,4.673225061301769
602.0,4.85,595.2683757372213,4.68928313302777
616.0,5.14,606.6491904720057,5.016707295165761
623.0,5.02,610.5889403163953,4.890073836044369
616.0,4.95,605.2409476764399,4.876599131512533
615.0,5.01,604.6593577409438,4.865914677994793
607.0,4.93,597.8161026285754,4.793572674525746
610.0,4.98,599.3677784615209,4.799977552429775
679.0,4.66,630.8368813718241,4.7193016573298525
678.0,4.77,636.2952772450113,4.773460704446775
680.0,4.94,631.9672410593095,4.55781480664586
679.0,4.71,627.9059705576445,4.742861454129289
670.0,4.63,623.0374728006179,4.721736500183543
671.0,4.4,623.1617358901716,4.728243827439513
677.0,4.33,625.2026331948035,4.8101675291806005
682.0,4.72,629.7583661083097,4.838543962421265
675.0,4.76,622.9245709451359,4.6279697552555525
675.0,4.69,623.4496868623766,4.826102942815756
664.0,4.65,614.8718981641335,4.833430997191882
666.0,4.59,615.8260166668025,4.787600071651992
587.0,4.18,592.6459760410229,4.8322334324177145
592.0,4.64,599.2864051240986,4.848635799003382
585.0,4.63,595.7217492131648,4.613336475420037
586.0,4.71,591.7009365648806,4.816180222833934
577.0,4.82,588.1309873956063,4.77838330856399
580.0,4.63,587.6815736918953,4.79134765829906
719.0,4.95,648.5114708742742,4.879898194810897
730.0,4.86,654.058544185165,4.859495636886782
725.0,4.8,650.2544795410518,4.836816385707474
720.0,4.85,647.2224601776373,4.846508792844195
713.0,4.77,642.0707500227024,4.845508777871663
712.0,4.8,641.7595760811126,4.72051678048
400.0,3.440909082,331.9038682035788,3.6254829283763366
411.0,3.340444115,338.24027980001296,3.6179894944326976
406.0,3.387389826,338.3765064553239,3.595297751870915
415.0,3.36361198,343.0268390878325,3.6954179429079694
424.0,3.344392274,343.427576048504,3.6401929462344924
412.0,3.44870632,338.03644735833456,3.602989377130649
418.0,3.371067862,341.69181070988554,3.606014033349458
420.0,3.380211242,341.62466453827506,3.555732919276887
673.0,5.459392488,657.9219259385688,5.436999294276716
571.0,4.255272505,480.76365999046254,4.23990915829128
585.0,4.380211242,523.4524100261958,4.3686683697092175
564.0,4.431363764,580.0185012378969,4.554791460461855
491.0,4.389166084,621.9665252994304,4.627051154944936
573.0,4.847572659,521.585693840632,4.411674954414174
485.0,4.550228353,555.5140535529198,4.430859200529802
630.0,4.892094603,546.6726219939885,4.386223932013026
592.0,4.389166084,574.2516291675328,4.515052607623916
494.0,4.371067862,604.8757957677396,4.554738769413385
508.0,4.397940009,594.9632591006489,4.491961505846293
578.0,4.8162413,509.24918990297067,4.719959215760666
495.0,4.527629901,525.3570380222461,4.721415443538863
643.0,4.621176282,522.4553333263162,4.654784207202555
552.0,4.77,561.7628386429215,4.6738936772040205
561.0,4.74,568.7308953634582,4.680415854984138
563.0,4.75,571.7096855720492,4.646918389379456
564.0,4.76,576.0236056934635,4.65566975858148
571.0,4.75,580.8974619048628,4.722782926003361
574.0,4.85,597.6894531051493,4.901498630016729
584.0,4.66,605.6699162267099,5.013697137149604
591.0,4.9,605.713502889221,4.979305480636024
591.0,4.96,614.7656785515173,5.01092438372073
596.0,4.9,623.4530809895041,4.971048939965376
405.0,4.792391689,384.8220148536826,4.563359226450741
404.0,4.397940009,389.2064716231563,4.638880569731294
403.0,4.56937391,400.51095624024975,4.5115501377428435
408.0,4.582063363,397.1242970157014,4.649704861939202
379.0,4.037426498,358.8628707783781,4.019403943113911
375.0,4.255272505,380.4303770809007,4.092379320744116
355.0,4.389166084,403.1308975333159,3.9520574633917684
379.0,4.037426498,361.9216195496569,4.034893139827625
372.0,4.507855872,382.52178415291417,4.074934882745896
355.0,4.440909082,398.81411075490166,3.8854113145640086
382.0,4.075546961,366.3420595414447,3.9240265399614813
372.0,4.463892989,384.89540604654064,3.962617596871879
352.0,4.257678575,395.41991390931787,3.879260498657812
377.0,3.888179494,359.3279174353182,3.944176640317008
371.0,4.301029996,379.523894184293,4.0423346240157025
350.0,4.397940009,394.57357013307575,3.9326158054673277
351.0,4.618048097,402.75105769165805,4.014105222805458
356.0,4.462397998,338.09774463011075,4.724501252948573
358.0,4.477121255,356.19632970033433,4.81405701984224
403.0,4.250420002,388.3768169451132,4.624891556047163
344.0,4.187520721,332.93510016797984,4.243499077770217
343.0,4.222716471,344.9748507792853,4.3249855408012365
381.0,4.459392488,376.71082803700995,4.45679705551577
372.0,4.482873584,397.67211366355167,4.463257508023105
403.0,4.726727209,415.8867984580651,4.5914056949346955
361.0,4.646403726,362.8188996048976,4.481483092764193
391.0,4.614897216,418.77248904855014,4.611524409856292
319.0,3.544068044,347.9710304828325,3.569512729276409
421.0,3.748188027,390.61089182821655,3.8968816635356176
443.0,4.079181246,429.4918965873979,3.7648035084540155
304.0,3.968482949,375.93296530755276,3.6420680534983623
426.0,3.361727836,405.045286338224,4.09806429742148
349.0,3.591064607,369.4620183857116,3.5647494354164486
424.0,4.170261715,410.99887978796005,4.13841446803608
424.0,4.190331698,416.4601499252576,4.2070199033599724
417.0,4.170261715,406.9248939558942,4.161405001312774
425.0,4.184691431,410.93488248775077,4.191204076158182
417.0,4.193124598,404.9959959853908,4.118437744073872
423.0,4.198657087,413.84162980106686,4.1841084948974
483.0,4.399673721,482.7603151659534,4.185353688654942
493.0,4.716837723,509.021006330791,4.557578917877949
494.0,4.589949601,512.1233305600673,4.32213006009998
394.0,4.635483747,406.6734520031416,4.425900873202872
440.0,4.243038049,427.42810244556586,4.204884712276585
416.0,4.346352974,412.1354302156507,4.365014189881659
433.0,4.243038049,433.4925983038021,4.1195361317436925
471.0,4.426511261,449.8119607447692,4.317725821698831
473.0,4.431363764,450.6808445788203,4.2956699708466015
442.0,4.318063335,456.34768306944187,4.308612346054817
430.0,4.474216264,444.9834268933222,4.5651450923873576
438.0,4.444044796,426.6107983572294,4.377714187996828
450.0,4.546542663,455.4023462526551,4.486331992170927
687.0,4.047274867,527.0543639700948,4.229713298426345
365.0,4.161966616,407.84644712803714,4.055916759595111
368.0,4.31344537,403.18496770004884,4.024042338628044
390.0,4.197004728,450.8729560576797,4.139354363969696
393.0,4.628286731,404.90538922450025,4.785168563505275
386.0,4.808750972,436.42293502508676,4.462477611806177
383.0,3.950851459,382.3172026120401,3.946368705599467
386.0,4.078819183,383.8867715147067,4.01931706487126
545.0,4.139879086,573.1667788028954,4.476205475313966
549.0,4.133538908,584.514133617177,4.386831746549489
541.0,4.204119983,528.1353416852611,4.226291730222111
532.0,4.133538908,581.7755706636942,4.4329696694025875
626.0,4.117271296,612.6687631340495,4.268695970431066
303.0,4.31,310.24227229313215,4.1210023888035225
314.0,4.47,367.20608094098606,3.8896243910279225
262.0,4.541479395,283.58452989373774,4.37971989551732
281.0,4.547860818,293.90194332135064,4.394662146784541
280.0,4.465144817,313.64705936764693,4.403458518461996
469.0,4.222716471,400.88201799914606,4.221538675146009
400.0,4.204119983,399.67297703721454,4.2053422443915816
408.0,4.624282096,403.03314467869734,3.7910820118285558
407.0,5.571708832,398.30379756540964,5.071135292961211
404.0,5.514547753,397.0022342869462,5.060347497517345
405.0,5.564666064,397.448019352071,4.9642608333607345
403.0,5.5774918,390.7559699727009,5.1013244151253945
404.0,5.46686762,394.2512505228048,5.065983462155687
397.0,5.5132176,389.30764760237906,5.082275682384948
395.0,5.703291378,422.3434965528312,4.7556192835162525
391.0,5.691965103,423.0698944571262,4.745513004904199
394.0,5.73239376,420.9697237308602,4.580330051153629
390.0,5.725911632,415.29444861460007,4.776562391558169
392.0,5.694605199,418.545059634892,4.738626141706073
390.0,5.679427897,415.51392371590146,4.768317631622589
415.0,3.807,417.43697871113216,3.7419840194201237
422.0,3.749,413.20561113652764,3.775808115819335
562.0,5.067070856,565.7739714174902,5.177712322001461
565.0,4.941014244,538.2089960046125,5.111727925484501
565.0,5.092018471,572.2358200594269,5.137739713175425
561.0,4.891537458,549.7170205220202,4.909204587129999
561.0,5.001733713,561.2518337273463,5.042203324391625
564.0,5.077367905,569.130125966022,5.019388317403974
557.0,4.851258349,532.9441517380329,4.7771532763994005
557.0,4.928395852,568.4994469350522,4.838378043261295
561.0,4.908485019,537.0225200422709,4.877876600209411
567.0,4.883661435,566.0358377687033,4.703322992036439
542.0,4.854306042,532.2260040207086,4.663411776272399
479.0,3.447158031,518.447458636788,4.3541229566043445
427.0,4.045322979,507.5704898137309,4.303663700227728
582.0,4.51851394,496.84146798429344,4.359489984665343
572.0,4.85308953,599.0932494360906,4.749647034212365
566.0,4.828015064,588.5218529636428,4.711505549043759
558.0,4.712649702,579.2007602686175,4.689886080198385
592.0,4.829303773,589.8956256940901,4.789207650622207
586.0,4.737192643,580.4783509626317,4.773214062817947
576.0,4.756636108,575.6851917202151,4.745628634211219
556.0,4.545307116,532.2559023989827,4.464494053014434
703.0,4.501059262,565.2815239965805,4.535666543903707
558.0,4.710963119,561.3056669043394,4.707702033888551
640.0,4.5132176,578.9412794041401,4.5642174311930965
460.0,4.5132176,422.98004419853225,4.404477609213234
480.0,4.048053173,444.8888326597932,4.336570521978833
487.0,4.108903128,478.2682238249805,4.224954774060867
382.0,4.774516966,446.19718977851863,4.675436951074908
643.0,4.88592634,685.2983729338287,4.8693713648675265
710.0,5.035829825,698.4547564135645,4.872210757978872
388.0,4.574031268,386.31136824216287,4.489366154520462
380.0,4.959041392,406.45544969107016,5.041412668020754
592.5,5.136720567,612.2690728545439,5.309451928394877
597.0,5.045322979,613.4784004988002,5.299392759670484
589.0,5.029383778,607.1053673454294,5.271239557739943
587.0,5.075546961,606.2911435277501,5.204121268011872
593.5,5.021189299,610.4663993687077,5.232195747928387
589.0,4.958563883,612.0619014477135,5.220300689846601
585.5,4.939519253,601.3998084946613,5.226616285177179
583.0,5.045322979,601.1064241244551,5.227655809664225
585.0,5.181843588,619.273134673537,5.3381540005262185
587.0,5.195899652,621.0320479916705,5.304152394919964
592.0,5.278753601,625.6679830826959,5.2911554581041145
411.0,4.301029996,401.8309088930553,4.239327007475307
438.0,4.235528447,410.8161405034228,4.182809865107109
441.0,4.434568904,431.86650874294594,4.283090548950451
454.0,4.437750563,440.77718405910537,4.229626705383875
463.0,4.481442629,437.13918028952713,4.8269970105446856
464.0,4.494154594,443.0412574266401,4.737926708050002
476.0,4.414973348,473.2271925521121,4.595239243659906
481.0,4.383815366,480.02962531350187,4.55696970403479
581.0,4.64738297,570.6002389975105,4.7197047995113435
572.0,5.054613055,558.5477709135833,4.568137004610409
581.0,4.853698212,551.2677879430655,4.5590076463434155
587.0,4.870403905,553.1882731450635,4.614464151738362
590.0,5.124504225,548.9083721047875,4.513141855550931
588.0,4.938519725,540.2204016886516,4.508084462822543
546.0,4.87,550.7234730138981,4.6494275830389356
533.0,5.1,522.3032663164151,4.535785654742141
770.0,5.342422681,792.8048397652698,5.376256718649255
435.0,4.0,413.01039774263035,4.056868693152497
689.0,4.861534411,688.3454856584959,4.900372490529728
797.0,5.211387553,767.053736165933,5.064079750077978
366.0,4.593286067,394.69876375528105,3.9956197304983463
484.0,4.301029996,443.66797633739753,4.467996018163988
451.0,4.301029996,446.47647184734814,4.401180617799451
340.0,4.322219295,337.3151466390254,4.142875938066818
319.0,4.330413773,352.9978557460788,4.179165168182157
427.0,4.786183346,420.37340258151215,4.601956409548218
456.0,4.585573519,426.87915056930706,4.525384681660891
416.0,4.6599162,440.777038221103,4.589509303772147
703.0,4.875061263,602.2139641520773,5.035005586110074
702.0,4.86923172,599.5892647097437,5.053984272673906
694.0,4.838849091,592.7177217350065,5.0388618358909625
791.0,5.064457989,665.0319232108491,5.148020495339582
792.0,5.120573931,662.1188641494689,5.1755321895050574
826.0,5.190331698,648.2549573465719,5.231966797164769
816.0,5.227886705,643.2322170414773,5.190845203507486
826.0,5.271841607,727.6019888519666,4.904470710225269
811.0,5.301029996,719.4707199122062,4.889905540437728
581.0,4.792391689,579.4286366265967,4.776605312613866
529.0,4.399673721,521.3333841686897,4.368874174306794
523.0,4.653212514,527.7864719954217,4.433456915781827
560.0,4.635483747,565.9148157890393,4.537065193099808
481.0,4.139879086,506.9019191540292,4.071739992664469
615.0,4.133538908,604.7667919554586,4.484405376664635
332.0,3.79,322.8000679034992,4.024840609214364
341.0,3.57,323.48644647981735,3.9920033069252883
331.0,4.35,354.5273078986688,4.054353284436164
324.0,3.93,331.677189787007,3.909318822953226
397.0,3.477121255,407.4250766835081,3.8646274381143497
549.0,4.264817823,658.6558829118901,4.384137430222605
511.0,4.127104798,602.1040502099709,4.420974142490487
532.0,4.59,486.64330157744433,4.751260016011656
438.0,3.1,397.83281553364753,3.6111496759103012
439.0,4.36,429.74068267686124,4.022741797742021
419.0,4.558708571,387.4522681573436,4.5223690722433085
367.0,5.553883027,379.2782614926963,5.172314380673802
570.0,4.781036939,536.6158099233769,5.01000795237223
403.0,3.698970004,376.5491251481013,4.05092236566032
349.0,5.0,375.87082687409446,4.739392552330068
396.0,4.74,401.22838931813396,4.686501813169188
418.0,4.85,422.9751298158923,4.730868613206065
345.0,4.44870632,334.75625636208406,4.349186813345974
356.0,4.457881897,345.37304647528424,4.373604288216759
300.0,4.5132176,332.3190280458854,4.371909935253245
304.0,4.481442629,329.0696795717934,4.427612554729096
308.0,4.499687083,348.91363836204187,4.4725399699164115
310.0,4.413299764,343.57007641429794,4.401863390863911
405.0,4.638658948,481.10731761423403,4.659350529599786
412.0,4.785771025,422.4419582808814,4.088928530238544
433.0,4.160768562,429.02989505830294,3.974533129052946
449.0,4.178372541,429.89366073516715,4.314287513206879
310.0,3.914660431,334.4274525954747,4.395042724693653
436.0,4.17498965,391.89995732719296,4.431750342049587
405.0,4.434568904,439.99278114833487,4.387126148984904
416.0,3.770852012,440.13038771779327,4.391753571903466
311.0,3.93,329.7991324421893,4.1115115580889725
314.0,3.98,396.4342189770331,4.437200004461286
327.0,3.98,341.7065650859957,4.072506398862397
329.0,4.09,332.77281716425557,4.110916393945779
337.0,4.04,375.0422102781675,4.427383393469117
310.0,4.03,339.2617941616378,4.04256350206577
314.0,3.96,324.28499567713993,3.959932122681606
314.0,3.89,307.42582575113266,4.077643416130221
404.0,4.335457901,502.0751488477061,4.487629892680779
572.0,4.445604203,434.31071246250303,4.618654417940067
544.0,4.567238165,548.3510435841984,4.445923888858405
649.0,4.315655525,629.4587271560317,4.154180815660959
536.0,4.134527718,635.2670945812827,4.492950987880457
369.0,3.936513742,442.60645824159957,4.379498570278461
414.0,4.62,409.439541699012,4.368373061946385
427.0,4.22,470.06199284575285,4.151523418553441
427.0,4.25,466.3629230251014,4.215964522320308
424.0,4.32,467.01586799352674,4.130845080775617
423.0,4.01,465.41244060024945,3.9313925260482505
419.0,3.87,464.14086563237714,3.9665464618490014
357.0,4.127104798,401.1602162680545,4.166816893738504
371.0,4.053078443,373.33939025171793,4.023884642630913
462.0,4.792391689,523.7510440873568,4.884308885151983
598.0,4.916980047,572.7371614894319,4.996326373393312
460.0,4.544068044,467.99014022289293,4.435948197289986
458.0,4.352182518,467.7351224079499,4.3539608572846245
463.0,4.491361694,474.20160415723103,4.422517995596342
456.0,4.477121255,465.5838454655747,4.342416868622193
463.0,4.491361694,472.7815096907345,4.404201358349892
516.0,4.684845362,502.56674920636044,4.503441116996803
517.0,4.579783597,501.89859660693094,4.500597287183554
512.0,4.568201724,495.4004010883209,4.515871836321266
506.0,4.57054294,488.7533634650592,4.4986555560661134
497.0,4.450249108,497.1264510768086,4.7258450555274
496.0,4.517195898,501.8064510614473,4.642627040197289
500.0,4.45484486,504.5584807391095,4.664051545109102
498.0,4.44870632,497.8696677570812,4.726101277517534
493.0,4.421603927,491.1901104933319,4.679130828849726
482.0,4.418301291,485.008525052457,4.514391057638804
484.0,4.33243846,492.32749200869375,4.480011800731708
487.0,4.33243846,494.60410850790447,4.4825386746283495
485.0,4.397940009,493.1229719833665,4.489984831687329
480.0,4.390935107,490.4426370891266,4.460771028918751
370.0,4.10720997,387.25637224048575,4.248146747024535
496.0,4.491361694,525.6370538699153,4.868452806077583
493.0,4.380211242,510.53929781628875,4.397787855868835
580.0,4.875061263,554.6489139654637,4.795006460942939
593.0,5.041392685,514.2844931332672,4.8972114332762
593.0,4.959041392,513.0854098289389,4.933360445640824
575.0,4.851258349,588.1509687298403,4.78497140052463
575.0,4.832508913,588.1476316929654,4.722108395195496
382.0,3.927370363,358.2232567527486,3.9285673567721218
617.0,5.034227261,592.6045486702435,5.001652391386653
611.0,5.068185862,576.2746579294446,5.023761268988796
326.0,4.371714203,298.82547523312746,4.089297665708213
400.0,4.521295029,373.95637524149225,4.297572401407923
328.0,4.398703695,341.7663704571079,4.399300398444099
351.0,4.441192225,334.4573127803676,4.231289549636594
371.0,4.605423572,362.05853958095,4.48487194295014
390.0,3.416640507,402.5705228072704,4.268576323636703
389.0,3.480006943,400.8221380158482,4.238934062777224
391.0,3.440909082,402.87877961779975,4.402848181758511
391.0,3.348304863,401.4894882671166,4.456802254501079
395.0,3.354108439,403.81918202394036,4.442823971249473
390.0,3.828659897,399.5312849562758,4.516520080451819
395.0,3.421603927,399.80046553911825,4.307736953331395
395.0,3.428134794,402.4396047174628,4.4862779649974485
392.0,3.444044796,401.2594585196713,4.522631912486853
395.0,3.439332694,404.5512386171759,4.4626651373331985
393.0,3.436162647,399.6271776408039,4.5071153637911126
382.0,3.326335861,398.41275210346214,4.161265268324491
366.0,4.075546961,406.59352269453456,4.2908608541729745
365.0,4.120573931,406.9491627510793,4.264293033989535
368.0,4.103803721,409.0173637759468,4.431507100165513
365.0,4.396199347,406.9424832706914,4.484467424910175
368.0,4.100370545,409.6028066953909,4.483497511343009
366.0,4.195899652,404.1359543150185,4.533958847212419
354.0,4.217483944,408.4059350780953,4.332627206321865
369.0,4.10720997,408.08571722948784,4.491183392213815
368.0,4.103803721,405.2680458824952,4.542964771018459
369.0,4.100370545,410.0266459517883,4.494779708218764
367.0,4.149219113,404.71616198917013,4.515465383586661
362.0,3.912222057,405.17128537661006,4.211972915769298
788.0,5.230448921,736.2604409164885,5.056319686977408
315.0,4.767897616,329.35961558701655,4.884969526269957
318.0,4.835690571,368.2370470097674,4.653108589296448
403.0,2.47,318.5209518949005,3.821941435503077
449.0,4.73,448.1407747917675,4.650952579259278
477.0,2.9,414.04568870008745,4.293257817179184
490.0,4.52,419.368563005651,4.391422159722485
518.0,4.9,529.2097175242952,4.844502260535828
338.0,4.733197265,413.7844728440994,4.140397154179881
469.0,4.870403905,514.9291168980582,4.554267412278703
410.0,4.503790683,425.21764811057466,4.7820776264562195
580.0,4.846955325,569.7027153328713,4.721773515723305
594.0,4.835056102,547.0064854392958,4.754172799333128
409.0,4.47,406.2108119821554,4.604430522938915
468.0,4.35,421.8901495847766,4.538701419588132
394.0,4.73,385.36909671024426,4.610231600966055
411.0,4.77,437.37636233068736,4.587792731677167
388.0,4.69,417.4155703044192,4.350903032475115
409.0,4.67,442.1982070688118,4.535568972874133
329.0,4.04,434.19228088063284,4.593009931658902
381.0,4.170261715,486.52511845547923,4.1650810460199015
505.0,3.662757832,433.26693349856623,4.506913861115188
340.0,4.707570176,386.678661362033,4.922399669288073
359.0,4.461798558,387.1027562651481,4.259720291499695
345.0,4.368472838,336.2081003632662,4.366802419564401
358.0,4.42357352,386.82388738593005,4.426895306021509
351.0,4.197556213,348.2995233609548,4.245162381317851
353.0,4.355259906,355.261554331997,4.407312676021121
350.0,4.085647288,370.85724562459,4.441068744508461
720.0,4.949390007,762.8482820222887,5.178008746250696
717.0,4.806179974,754.7704733510858,5.0937731793571155
746.0,4.973127854,735.1006485263761,5.246799236960115
741.0,5.1430148,730.7846886444988,5.169277251284493
657.0,4.750508395,671.0063416463101,4.851249389864314
654.0,4.744292983,671.9554486134487,4.928747014175964
654.0,4.755874856,666.1121686494304,4.876836360749991
733.0,4.92788341,727.9850167752238,5.123761909089759
731.0,4.936010796,732.7138922162337,5.214234229644346
729.0,4.902546779,720.6115552359099,5.08716323496203
526.0,4.908485019,520.0083457863491,4.661041015980979
468.0,4.978636948,445.9352711588266,4.712157323221712
588.0,5.203032887,490.4706256110712,4.709678056732372
373.0,4.139879086,391.0678956500406,4.217433164134273
495.0,5.297760511,448.7296745047188,4.3694463637478655
