Command line
python C:\Users\Amy\anaconda5\Scripts\chemprop_train --data_path C:/Users/Amy/Desktop/Masters_Project/paper_methods/Deep4Chem_chemprop/Deep4Chem_chemprop/d4c_ext_coef_all_data.csv --dataset_type regression --num_folds 10 --epochs 200 --number_of_molecules 2 --split_type random --seed 0 --depth 5 --hidden_size 1900 --ffn_hidden_size 1900 --ffn_num_layers 3 --dropout 0.1 --aggregation mean --batch_size 50 --metric rmse --save_dir d4c_replication
Args
{'activation': 'ReLU',
 'adding_h': False,
 'aggregation': 'mean',
 'aggregation_norm': 100,
 'atom_descriptor_scaling': True,
 'atom_descriptors': None,
 'atom_descriptors_path': None,
 'atom_descriptors_size': 0,
 'atom_features_size': 0,
 'atom_messages': False,
 'batch_size': 50,
 'bias': False,
 'bias_solvent': False,
 'bond_feature_scaling': True,
 'bond_features_path': None,
 'bond_features_size': 0,
 'cache_cutoff': 10000,
 'checkpoint_dir': None,
 'checkpoint_frzn': None,
 'checkpoint_path': None,
 'checkpoint_paths': None,
 'class_balance': False,
 'config_path': None,
 'crossval_index_dir': None,
 'crossval_index_file': None,
 'crossval_index_sets': None,
 'cuda': False,
 'data_path': 'C:/Users/Amy/Desktop/Masters_Project/paper_methods/Deep4Chem_chemprop/Deep4Chem_chemprop/d4c_ext_coef_all_data.csv',
 'data_weights_path': None,
 'dataset_type': 'regression',
 'depth': 5,
 'depth_solvent': 3,
 'device': device(type='cpu'),
 'dropout': 0.1,
 'empty_cache': False,
 'ensemble_size': 1,
 'epochs': 200,
 'evidential_regularization': 0,
 'explicit_h': False,
 'extra_metrics': [],
 'features_generator': None,
 'features_only': False,
 'features_path': None,
 'features_scaling': True,
 'features_size': None,
 'ffn_hidden_size': 1900,
 'ffn_num_layers': 3,
 'final_lr': 0.0001,
 'folds_file': None,
 'freeze_first_only': False,
 'frzn_ffn_layers': 0,
 'gpu': None,
 'grad_clip': None,
 'hidden_size': 1900,
 'hidden_size_solvent': 300,
 'ignore_columns': None,
 'init_lr': 0.0001,
 'log_frequency': 10,
 'loss_function': 'mse',
 'max_data_size': None,
 'max_lr': 0.001,
 'metric': 'rmse',
 'metrics': ['rmse'],
 'minimize_score': True,
 'mpn_shared': False,
 'multiclass_num_classes': 3,
 'no_atom_descriptor_scaling': False,
 'no_bond_features_scaling': False,
 'no_cache_mol': False,
 'no_cuda': False,
 'no_features_scaling': False,
 'num_folds': 10,
 'num_lrs': 1,
 'num_tasks': 2,
 'num_workers': 8,
 'number_of_molecules': 2,
 'overwrite_default_atom_features': False,
 'overwrite_default_bond_features': False,
 'phase_features_path': None,
 'pytorch_seed': 0,
 'quiet': False,
 'reaction': False,
 'reaction_mode': 'reac_diff',
 'reaction_solvent': False,
 'resume_experiment': False,
 'save_dir': 'd4c_replication',
 'save_preds': False,
 'save_smiles_splits': False,
 'seed': 0,
 'separate_test_atom_descriptors_path': None,
 'separate_test_bond_features_path': None,
 'separate_test_features_path': None,
 'separate_test_path': None,
 'separate_test_phase_features_path': None,
 'separate_val_atom_descriptors_path': None,
 'separate_val_bond_features_path': None,
 'separate_val_features_path': None,
 'separate_val_path': None,
 'separate_val_phase_features_path': None,
 'show_individual_scores': False,
 'smiles_columns': ['﻿Chromophore', 'Solvent'],
 'spectra_activation': 'exp',
 'spectra_phase_mask_path': None,
 'spectra_target_floor': 1e-08,
 'split_key_molecule': 0,
 'split_sizes': [0.8, 0.1, 0.1],
 'split_type': 'random',
 'target_columns': None,
 'target_weights': None,
 'task_names': ['Absorption max (nm)', 'log(e/mol-1 dm3 cm-1)'],
 'test': False,
 'test_fold_index': None,
 'train_data_size': None,
 'undirected': False,
 'use_input_features': False,
 'val_fold_index': None,
 'warmup_epochs': 2.0}
Setting molecule featurization parameters to default.
Loading data
Warning: 14 SMILES are invalid.
Number of tasks = 2
Fold 0
Splitting data with seed 0
Total size = 8,018 | train size = 6,414 | val size = 802 | test size = 802
Fitting scaler
Building model 0
MoleculeModel(
  (encoder): MPN(
    (encoder): ModuleList(
      (0-1): 2 x MPNEncoder(
        (dropout_layer): Dropout(p=0.1, inplace=False)
        (act_func): ReLU()
        (W_i): Linear(in_features=147, out_features=1900, bias=False)
        (W_h): Linear(in_features=1900, out_features=1900, bias=False)
        (W_o): Linear(in_features=2033, out_features=1900, bias=True)
      )
    )
  )
  (ffn): Sequential(
    (0): Dropout(p=0.1, inplace=False)
    (1): Linear(in_features=3800, out_features=1900, bias=True)
    (2): ReLU()
    (3): Dropout(p=0.1, inplace=False)
    (4): Linear(in_features=1900, out_features=1900, bias=True)
    (5): ReLU()
    (6): Dropout(p=0.1, inplace=False)
    (7): Linear(in_features=1900, out_features=2, bias=True)
  )
)
Number of parameters = 26,349,202
Epoch 0
Loss = 1.1838e+00, PNorm = 112.7663, GNorm = 1.5277, lr_0 = 1.3867e-04
Loss = 1.0169e+00, PNorm = 112.7858, GNorm = 2.3262, lr_0 = 1.7383e-04
Loss = 7.8117e-01, PNorm = 112.8078, GNorm = 3.1221, lr_0 = 2.0898e-04
Loss = 8.7551e-01, PNorm = 112.8310, GNorm = 1.2937, lr_0 = 2.4414e-04
Loss = 9.1134e-01, PNorm = 112.8573, GNorm = 0.9334, lr_0 = 2.7930e-04
Loss = 8.3288e-01, PNorm = 112.8924, GNorm = 1.6213, lr_0 = 3.1445e-04
Loss = 7.0226e-01, PNorm = 112.9306, GNorm = 3.1195, lr_0 = 3.4961e-04
Loss = 7.9181e-01, PNorm = 112.9807, GNorm = 2.9955, lr_0 = 3.8477e-04
Loss = 7.3350e-01, PNorm = 113.0310, GNorm = 2.8563, lr_0 = 4.1992e-04
Loss = 8.9844e-01, PNorm = 113.0876, GNorm = 0.7060, lr_0 = 4.5508e-04
Loss = 1.0119e+00, PNorm = 113.1804, GNorm = 1.0401, lr_0 = 4.9023e-04
Loss = 6.5707e-01, PNorm = 113.2833, GNorm = 3.9988, lr_0 = 5.2539e-04
Command line
python C:\Users\Amy\anaconda5\Scripts\chemprop_train --data_path C:/Users/Amy/Desktop/Masters_Project/paper_methods/Deep4Chem_chemprop/Deep4Chem_chemprop/d4c_ext_coef_all_data.csv --dataset_type regression --num_folds 10 --epochs 200 --number_of_molecules 2 --split_type random --seed 0 --depth 5 --hidden_size 1900 --ffn_hidden_size 1900 --ffn_num_layers 3 --dropout 0.1 --aggregation mean --batch_size 50 --metric rmse --save_dir d4c_replication
Args
{'activation': 'ReLU',
 'adding_h': False,
 'aggregation': 'mean',
 'aggregation_norm': 100,
 'atom_descriptor_scaling': True,
 'atom_descriptors': None,
 'atom_descriptors_path': None,
 'atom_descriptors_size': 0,
 'atom_features_size': 0,
 'atom_messages': False,
 'batch_size': 50,
 'bias': False,
 'bias_solvent': False,
 'bond_feature_scaling': True,
 'bond_features_path': None,
 'bond_features_size': 0,
 'cache_cutoff': 10000,
 'checkpoint_dir': None,
 'checkpoint_frzn': None,
 'checkpoint_path': None,
 'checkpoint_paths': None,
 'class_balance': False,
 'config_path': None,
 'crossval_index_dir': None,
 'crossval_index_file': None,
 'crossval_index_sets': None,
 'cuda': False,
 'data_path': 'C:/Users/Amy/Desktop/Masters_Project/paper_methods/Deep4Chem_chemprop/Deep4Chem_chemprop/d4c_ext_coef_all_data.csv',
 'data_weights_path': None,
 'dataset_type': 'regression',
 'depth': 5,
 'depth_solvent': 3,
 'device': device(type='cpu'),
 'dropout': 0.1,
 'empty_cache': False,
 'ensemble_size': 1,
 'epochs': 200,
 'evidential_regularization': 0,
 'explicit_h': False,
 'extra_metrics': [],
 'features_generator': None,
 'features_only': False,
 'features_path': None,
 'features_scaling': True,
 'features_size': None,
 'ffn_hidden_size': 1900,
 'ffn_num_layers': 3,
 'final_lr': 0.0001,
 'folds_file': None,
 'freeze_first_only': False,
 'frzn_ffn_layers': 0,
 'gpu': None,
 'grad_clip': None,
 'hidden_size': 1900,
 'hidden_size_solvent': 300,
 'ignore_columns': None,
 'init_lr': 0.0001,
 'log_frequency': 10,
 'loss_function': 'mse',
 'max_data_size': None,
 'max_lr': 0.001,
 'metric': 'rmse',
 'metrics': ['rmse'],
 'minimize_score': True,
 'mpn_shared': False,
 'multiclass_num_classes': 3,
 'no_atom_descriptor_scaling': False,
 'no_bond_features_scaling': False,
 'no_cache_mol': False,
 'no_cuda': False,
 'no_features_scaling': False,
 'num_folds': 10,
 'num_lrs': 1,
 'num_tasks': 2,
 'num_workers': 8,
 'number_of_molecules': 2,
 'overwrite_default_atom_features': False,
 'overwrite_default_bond_features': False,
 'phase_features_path': None,
 'pytorch_seed': 0,
 'quiet': False,
 'reaction': False,
 'reaction_mode': 'reac_diff',
 'reaction_solvent': False,
 'resume_experiment': False,
 'save_dir': 'd4c_replication',
 'save_preds': False,
 'save_smiles_splits': False,
 'seed': 0,
 'separate_test_atom_descriptors_path': None,
 'separate_test_bond_features_path': None,
 'separate_test_features_path': None,
 'separate_test_path': None,
 'separate_test_phase_features_path': None,
 'separate_val_atom_descriptors_path': None,
 'separate_val_bond_features_path': None,
 'separate_val_features_path': None,
 'separate_val_path': None,
 'separate_val_phase_features_path': None,
 'show_individual_scores': False,
 'smiles_columns': ['﻿Chromophore', 'Solvent'],
 'spectra_activation': 'exp',
 'spectra_phase_mask_path': None,
 'spectra_target_floor': 1e-08,
 'split_key_molecule': 0,
 'split_sizes': [0.8, 0.1, 0.1],
 'split_type': 'random',
 'target_columns': None,
 'target_weights': None,
 'task_names': ['Absorption max (nm)', 'log(e/mol-1 dm3 cm-1)'],
 'test': False,
 'test_fold_index': None,
 'train_data_size': None,
 'undirected': False,
 'use_input_features': False,
 'val_fold_index': None,
 'warmup_epochs': 2.0}
Setting molecule featurization parameters to default.
Loading data
Warning: 14 SMILES are invalid.
Number of tasks = 2
Fold 0
Splitting data with seed 0
Total size = 8,018 | train size = 6,414 | val size = 802 | test size = 802
Fitting scaler
Building model 0
MoleculeModel(
  (encoder): MPN(
    (encoder): ModuleList(
      (0-1): 2 x MPNEncoder(
        (dropout_layer): Dropout(p=0.1, inplace=False)
        (act_func): ReLU()
        (W_i): Linear(in_features=147, out_features=1900, bias=False)
        (W_h): Linear(in_features=1900, out_features=1900, bias=False)
        (W_o): Linear(in_features=2033, out_features=1900, bias=True)
      )
    )
  )
  (ffn): Sequential(
    (0): Dropout(p=0.1, inplace=False)
    (1): Linear(in_features=3800, out_features=1900, bias=True)
    (2): ReLU()
    (3): Dropout(p=0.1, inplace=False)
    (4): Linear(in_features=1900, out_features=1900, bias=True)
    (5): ReLU()
    (6): Dropout(p=0.1, inplace=False)
    (7): Linear(in_features=1900, out_features=2, bias=True)
  )
)
Number of parameters = 26,349,202
Epoch 0
Loss = 1.1838e+00, PNorm = 112.7663, GNorm = 1.5277, lr_0 = 1.3867e-04
Loss = 1.0169e+00, PNorm = 112.7858, GNorm = 2.3262, lr_0 = 1.7383e-04
Loss = 7.8117e-01, PNorm = 112.8078, GNorm = 3.1221, lr_0 = 2.0898e-04
Loss = 8.7551e-01, PNorm = 112.8310, GNorm = 1.2937, lr_0 = 2.4414e-04
Loss = 9.1134e-01, PNorm = 112.8573, GNorm = 0.9334, lr_0 = 2.7930e-04
Loss = 8.3288e-01, PNorm = 112.8924, GNorm = 1.6213, lr_0 = 3.1445e-04
Loss = 7.0226e-01, PNorm = 112.9306, GNorm = 3.1195, lr_0 = 3.4961e-04
Loss = 7.9181e-01, PNorm = 112.9807, GNorm = 2.9955, lr_0 = 3.8477e-04
Loss = 7.3350e-01, PNorm = 113.0310, GNorm = 2.8563, lr_0 = 4.1992e-04
Loss = 8.9844e-01, PNorm = 113.0876, GNorm = 0.7060, lr_0 = 4.5508e-04
Loss = 1.0119e+00, PNorm = 113.1804, GNorm = 1.0401, lr_0 = 4.9023e-04
Loss = 6.5707e-01, PNorm = 113.2833, GNorm = 3.9988, lr_0 = 5.2539e-04
Command line
python C:\Users\Amy\anaconda\envs\deep4chem\Scripts\chemprop_train --data_path C:/Users/Amy/Desktop/Masters_Project/paper_methods/Deep4Chem_chemprop/Deep4Chem_chemprop/d4c_ext_coef_all_data.csv --dataset_type regression --num_folds 10 --epochs 200 --number_of_molecules 2 --split_type random --seed 0 --depth 5 --hidden_size 1900 --ffn_hidden_size 1900 --ffn_num_layers 3 --dropout 0.1 --aggregation mean --batch_size 50 --metric rmse --save_dir d4c_replication
Args
{'activation': 'ReLU',
 'adding_h': False,
 'aggregation': 'mean',
 'aggregation_norm': 100,
 'atom_descriptor_scaling': True,
 'atom_descriptors': None,
 'atom_descriptors_path': None,
 'atom_descriptors_size': 0,
 'atom_features_size': 0,
 'atom_messages': False,
 'batch_size': 50,
 'bias': False,
 'bias_solvent': False,
 'bond_feature_scaling': True,
 'bond_features_path': None,
 'bond_features_size': 0,
 'cache_cutoff': 10000,
 'checkpoint_dir': None,
 'checkpoint_frzn': None,
 'checkpoint_path': None,
 'checkpoint_paths': None,
 'class_balance': False,
 'config_path': None,
 'crossval_index_dir': None,
 'crossval_index_file': None,
 'crossval_index_sets': None,
 'cuda': False,
 'data_path': 'C:/Users/Amy/Desktop/Masters_Project/paper_methods/Deep4Chem_chemprop/Deep4Chem_chemprop/d4c_ext_coef_all_data.csv',
 'data_weights_path': None,
 'dataset_type': 'regression',
 'depth': 5,
 'depth_solvent': 3,
 'device': device(type='cpu'),
 'dropout': 0.1,
 'empty_cache': False,
 'ensemble_size': 1,
 'epochs': 200,
 'evidential_regularization': 0,
 'explicit_h': False,
 'extra_metrics': [],
 'features_generator': None,
 'features_only': False,
 'features_path': None,
 'features_scaling': True,
 'features_size': None,
 'ffn_hidden_size': 1900,
 'ffn_num_layers': 3,
 'final_lr': 0.0001,
 'folds_file': None,
 'freeze_first_only': False,
 'frzn_ffn_layers': 0,
 'gpu': None,
 'grad_clip': None,
 'hidden_size': 1900,
 'hidden_size_solvent': 300,
 'ignore_columns': None,
 'init_lr': 0.0001,
 'log_frequency': 10,
 'loss_function': 'mse',
 'max_data_size': None,
 'max_lr': 0.001,
 'metric': 'rmse',
 'metrics': ['rmse'],
 'minimize_score': True,
 'mpn_shared': False,
 'multiclass_num_classes': 3,
 'no_atom_descriptor_scaling': False,
 'no_bond_features_scaling': False,
 'no_cache_mol': False,
 'no_cuda': False,
 'no_features_scaling': False,
 'num_folds': 10,
 'num_lrs': 1,
 'num_tasks': 2,
 'num_workers': 8,
 'number_of_molecules': 2,
 'overwrite_default_atom_features': False,
 'overwrite_default_bond_features': False,
 'phase_features_path': None,
 'pytorch_seed': 0,
 'quiet': False,
 'reaction': False,
 'reaction_mode': 'reac_diff',
 'reaction_solvent': False,
 'resume_experiment': False,
 'save_dir': 'd4c_replication',
 'save_preds': False,
 'save_smiles_splits': False,
 'seed': 0,
 'separate_test_atom_descriptors_path': None,
 'separate_test_bond_features_path': None,
 'separate_test_features_path': None,
 'separate_test_path': None,
 'separate_test_phase_features_path': None,
 'separate_val_atom_descriptors_path': None,
 'separate_val_bond_features_path': None,
 'separate_val_features_path': None,
 'separate_val_path': None,
 'separate_val_phase_features_path': None,
 'show_individual_scores': False,
 'smiles_columns': ['﻿Chromophore', 'Solvent'],
 'spectra_activation': 'exp',
 'spectra_phase_mask_path': None,
 'spectra_target_floor': 1e-08,
 'split_key_molecule': 0,
 'split_sizes': [0.8, 0.1, 0.1],
 'split_type': 'random',
 'target_columns': None,
 'target_weights': None,
 'task_names': ['Absorption max (nm)', 'log(e/mol-1 dm3 cm-1)'],
 'test': False,
 'test_fold_index': None,
 'train_data_size': None,
 'undirected': False,
 'use_input_features': False,
 'val_fold_index': None,
 'warmup_epochs': 2.0}
Setting molecule featurization parameters to default.
Loading data
Warning: 14 SMILES are invalid.
Number of tasks = 2
Fold 0
Splitting data with seed 0
Total size = 8,018 | train size = 6,414 | val size = 802 | test size = 802
Fitting scaler
Building model 0
MoleculeModel(
  (encoder): MPN(
    (encoder): ModuleList(
      (0): MPNEncoder(
        (dropout_layer): Dropout(p=0.1, inplace=False)
        (act_func): ReLU()
        (W_i): Linear(in_features=147, out_features=1900, bias=False)
        (W_h): Linear(in_features=1900, out_features=1900, bias=False)
        (W_o): Linear(in_features=2033, out_features=1900, bias=True)
      )
      (1): MPNEncoder(
        (dropout_layer): Dropout(p=0.1, inplace=False)
        (act_func): ReLU()
        (W_i): Linear(in_features=147, out_features=1900, bias=False)
        (W_h): Linear(in_features=1900, out_features=1900, bias=False)
        (W_o): Linear(in_features=2033, out_features=1900, bias=True)
      )
    )
  )
  (ffn): Sequential(
    (0): Dropout(p=0.1, inplace=False)
    (1): Linear(in_features=3800, out_features=1900, bias=True)
    (2): ReLU()
    (3): Dropout(p=0.1, inplace=False)
    (4): Linear(in_features=1900, out_features=1900, bias=True)
    (5): ReLU()
    (6): Dropout(p=0.1, inplace=False)
    (7): Linear(in_features=1900, out_features=2, bias=True)
  )
)
Number of parameters = 26,349,202
Epoch 0
Loss = 1.1839e+00, PNorm = 112.7662, GNorm = 1.5435, lr_0 = 1.3867e-04
Loss = 1.0179e+00, PNorm = 112.7858, GNorm = 2.3179, lr_0 = 1.7383e-04
Loss = 7.8051e-01, PNorm = 112.8078, GNorm = 3.0562, lr_0 = 2.0898e-04
Loss = 8.7007e-01, PNorm = 112.8310, GNorm = 1.8405, lr_0 = 2.4414e-04
Loss = 8.9104e-01, PNorm = 112.8571, GNorm = 1.2429, lr_0 = 2.7930e-04
Loss = 8.1057e-01, PNorm = 112.8930, GNorm = 4.5367, lr_0 = 3.1445e-04
Loss = 6.9227e-01, PNorm = 112.9308, GNorm = 1.7447, lr_0 = 3.4961e-04
Loss = 7.6686e-01, PNorm = 112.9807, GNorm = 2.8983, lr_0 = 3.8477e-04
Loss = 7.2343e-01, PNorm = 113.0308, GNorm = 3.5036, lr_0 = 4.1992e-04
Loss = 8.3490e-01, PNorm = 113.0912, GNorm = 1.6115, lr_0 = 4.5508e-04
Loss = 9.1043e-01, PNorm = 113.1938, GNorm = 3.7875, lr_0 = 4.9023e-04
Loss = 6.8033e-01, PNorm = 113.2888, GNorm = 3.1383, lr_0 = 5.2539e-04
Validation rmse = 6.415462
Epoch 1
Loss = 6.5132e-01, PNorm = 113.4011, GNorm = 1.4252, lr_0 = 5.6406e-04
Loss = 6.0497e-01, PNorm = 113.4990, GNorm = 1.8867, lr_0 = 5.9922e-04
Loss = 6.5699e-01, PNorm = 113.6042, GNorm = 1.7890, lr_0 = 6.3438e-04
Loss = 6.2106e-01, PNorm = 113.7265, GNorm = 2.3692, lr_0 = 6.6953e-04
Loss = 5.4795e-01, PNorm = 113.8607, GNorm = 1.7613, lr_0 = 7.0469e-04
Loss = 5.4341e-01, PNorm = 114.0100, GNorm = 1.9525, lr_0 = 7.3984e-04
Loss = 5.9013e-01, PNorm = 114.1919, GNorm = 3.2997, lr_0 = 7.7500e-04
Loss = 5.8652e-01, PNorm = 114.3788, GNorm = 0.9425, lr_0 = 8.1016e-04
Loss = 4.8238e-01, PNorm = 114.5705, GNorm = 1.0731, lr_0 = 8.4531e-04
Loss = 5.9112e-01, PNorm = 114.7511, GNorm = 0.8419, lr_0 = 8.8047e-04
Loss = 4.9124e-01, PNorm = 114.9427, GNorm = 1.1689, lr_0 = 9.1562e-04
Loss = 4.6998e-01, PNorm = 115.1502, GNorm = 2.5441, lr_0 = 9.5078e-04
Loss = 4.2851e-01, PNorm = 115.3661, GNorm = 1.6520, lr_0 = 9.8594e-04
Validation rmse = 5.399997
Epoch 2
Loss = 3.7702e-01, PNorm = 115.5782, GNorm = 2.0361, lr_0 = 9.9936e-04
Loss = 4.1595e-01, PNorm = 115.7368, GNorm = 1.0696, lr_0 = 9.9846e-04
Loss = 3.8065e-01, PNorm = 115.9300, GNorm = 1.7081, lr_0 = 9.9755e-04
Loss = 4.0439e-01, PNorm = 116.1033, GNorm = 1.3067, lr_0 = 9.9664e-04
Loss = 5.4629e-01, PNorm = 116.2753, GNorm = 0.8967, lr_0 = 9.9574e-04
Loss = 3.9307e-01, PNorm = 116.4427, GNorm = 2.9457, lr_0 = 9.9483e-04
Loss = 4.2581e-01, PNorm = 116.6385, GNorm = 2.0342, lr_0 = 9.9393e-04
Loss = 4.3702e-01, PNorm = 116.8407, GNorm = 0.9821, lr_0 = 9.9303e-04
Loss = 3.9579e-01, PNorm = 117.0205, GNorm = 1.2563, lr_0 = 9.9213e-04
Loss = 3.4998e-01, PNorm = 117.1658, GNorm = 1.0208, lr_0 = 9.9123e-04
Loss = 3.8834e-01, PNorm = 117.3456, GNorm = 1.5373, lr_0 = 9.9033e-04
Loss = 3.4656e-01, PNorm = 117.5310, GNorm = 1.3845, lr_0 = 9.8943e-04
Loss = 4.1157e-01, PNorm = 117.7053, GNorm = 1.9533, lr_0 = 9.8853e-04
Validation rmse = 4.456326
Epoch 3
Loss = 3.6918e-01, PNorm = 117.9101, GNorm = 2.2997, lr_0 = 9.8754e-04
Loss = 3.1439e-01, PNorm = 118.0938, GNorm = 1.4011, lr_0 = 9.8664e-04
Loss = 4.1729e-01, PNorm = 118.2426, GNorm = 1.0527, lr_0 = 9.8575e-04
Loss = 4.5355e-01, PNorm = 118.4504, GNorm = 1.5517, lr_0 = 9.8485e-04
Loss = 3.9298e-01, PNorm = 118.6438, GNorm = 0.8562, lr_0 = 9.8396e-04
Loss = 4.0500e-01, PNorm = 118.8542, GNorm = 1.4352, lr_0 = 9.8306e-04
Loss = 3.1547e-01, PNorm = 119.0624, GNorm = 0.9119, lr_0 = 9.8217e-04
Loss = 3.6789e-01, PNorm = 119.2550, GNorm = 0.7191, lr_0 = 9.8128e-04
Loss = 3.0502e-01, PNorm = 119.4384, GNorm = 2.4392, lr_0 = 9.8039e-04
Loss = 2.9070e-01, PNorm = 119.6269, GNorm = 1.4816, lr_0 = 9.7950e-04
Loss = 2.8700e-01, PNorm = 119.8252, GNorm = 0.5599, lr_0 = 9.7861e-04
Loss = 3.2659e-01, PNorm = 119.9884, GNorm = 1.4024, lr_0 = 9.7772e-04
Loss = 2.6019e-01, PNorm = 120.1482, GNorm = 1.2011, lr_0 = 9.7683e-04
Validation rmse = 4.236916
Epoch 4
Loss = 3.5697e-01, PNorm = 120.3303, GNorm = 0.8722, lr_0 = 9.7595e-04
Loss = 2.5480e-01, PNorm = 120.5232, GNorm = 0.6781, lr_0 = 9.7506e-04
Loss = 2.5633e-01, PNorm = 120.6671, GNorm = 1.5993, lr_0 = 9.7417e-04
Loss = 2.7389e-01, PNorm = 120.8546, GNorm = 1.5570, lr_0 = 9.7329e-04
Loss = 2.7846e-01, PNorm = 121.0289, GNorm = 1.2285, lr_0 = 9.7241e-04
Loss = 3.4520e-01, PNorm = 121.2346, GNorm = 1.6428, lr_0 = 9.7152e-04
Loss = 2.6148e-01, PNorm = 121.4259, GNorm = 0.8282, lr_0 = 9.7064e-04
Loss = 2.4487e-01, PNorm = 121.5833, GNorm = 2.0891, lr_0 = 9.6976e-04
Loss = 2.3071e-01, PNorm = 121.7214, GNorm = 1.1658, lr_0 = 9.6888e-04
Loss = 2.3612e-01, PNorm = 121.8509, GNorm = 0.6596, lr_0 = 9.6800e-04
Loss = 2.3766e-01, PNorm = 121.9538, GNorm = 0.8806, lr_0 = 9.6712e-04
Loss = 3.0082e-01, PNorm = 122.1131, GNorm = 0.8684, lr_0 = 9.6624e-04
Loss = 2.3312e-01, PNorm = 122.2945, GNorm = 1.3368, lr_0 = 9.6536e-04
Validation rmse = 3.885102
Epoch 5
Loss = 2.3790e-01, PNorm = 122.4792, GNorm = 1.6837, lr_0 = 9.6440e-04
Loss = 2.5266e-01, PNorm = 122.6429, GNorm = 0.8748, lr_0 = 9.6352e-04
Loss = 2.4236e-01, PNorm = 122.7834, GNorm = 0.4873, lr_0 = 9.6265e-04
Loss = 2.0036e-01, PNorm = 122.9225, GNorm = 0.6059, lr_0 = 9.6177e-04
Loss = 2.2582e-01, PNorm = 123.0274, GNorm = 0.6981, lr_0 = 9.6090e-04
Loss = 1.9841e-01, PNorm = 123.1742, GNorm = 0.8050, lr_0 = 9.6003e-04
Loss = 2.7335e-01, PNorm = 123.3707, GNorm = 0.6842, lr_0 = 9.5916e-04
Loss = 2.6809e-01, PNorm = 123.6295, GNorm = 1.6978, lr_0 = 9.5828e-04
Loss = 2.0309e-01, PNorm = 123.8157, GNorm = 1.7261, lr_0 = 9.5741e-04
Loss = 1.9060e-01, PNorm = 123.9814, GNorm = 0.9547, lr_0 = 9.5655e-04
Loss = 1.6616e-01, PNorm = 124.0921, GNorm = 0.6134, lr_0 = 9.5568e-04
Loss = 2.1676e-01, PNorm = 124.2078, GNorm = 0.8177, lr_0 = 9.5481e-04
Validation rmse = 3.390778
Epoch 6
Loss = 2.5760e-01, PNorm = 124.3496, GNorm = 2.0122, lr_0 = 9.5385e-04
Loss = 1.7736e-01, PNorm = 124.4824, GNorm = 0.8851, lr_0 = 9.5299e-04
Loss = 1.6468e-01, PNorm = 124.6156, GNorm = 1.0773, lr_0 = 9.5212e-04
Loss = 1.6222e-01, PNorm = 124.7261, GNorm = 0.7393, lr_0 = 9.5126e-04
Loss = 1.8472e-01, PNorm = 124.8395, GNorm = 1.0642, lr_0 = 9.5039e-04
Loss = 1.5422e-01, PNorm = 124.9516, GNorm = 1.2772, lr_0 = 9.4953e-04
Loss = 1.6021e-01, PNorm = 125.0389, GNorm = 0.5895, lr_0 = 9.4867e-04
Loss = 1.4809e-01, PNorm = 125.1379, GNorm = 0.4410, lr_0 = 9.4781e-04
Loss = 1.9386e-01, PNorm = 125.2319, GNorm = 1.6621, lr_0 = 9.4695e-04
Loss = 1.7440e-01, PNorm = 125.3149, GNorm = 0.9904, lr_0 = 9.4609e-04
Loss = 1.5903e-01, PNorm = 125.4354, GNorm = 0.8042, lr_0 = 9.4523e-04
Loss = 1.6320e-01, PNorm = 125.5371, GNorm = 0.9101, lr_0 = 9.4437e-04
Loss = 1.8165e-01, PNorm = 125.6658, GNorm = 1.3019, lr_0 = 9.4351e-04
Validation rmse = 3.697685
Epoch 7
Loss = 1.3813e-01, PNorm = 125.8020, GNorm = 0.5226, lr_0 = 9.4257e-04
Loss = 1.4389e-01, PNorm = 125.9265, GNorm = 0.6125, lr_0 = 9.4171e-04
Loss = 1.3027e-01, PNorm = 126.0168, GNorm = 0.5317, lr_0 = 9.4086e-04
Loss = 1.3330e-01, PNorm = 126.1111, GNorm = 0.7096, lr_0 = 9.4000e-04
Loss = 1.4084e-01, PNorm = 126.2036, GNorm = 0.5807, lr_0 = 9.3915e-04
Loss = 1.1175e-01, PNorm = 126.2856, GNorm = 0.6996, lr_0 = 9.3830e-04
Loss = 1.6177e-01, PNorm = 126.3744, GNorm = 1.3042, lr_0 = 9.3745e-04
Loss = 1.5188e-01, PNorm = 126.4866, GNorm = 0.5486, lr_0 = 9.3659e-04
Loss = 1.7234e-01, PNorm = 126.5978, GNorm = 1.0844, lr_0 = 9.3574e-04
Loss = 1.5578e-01, PNorm = 126.7312, GNorm = 1.4163, lr_0 = 9.3489e-04
Loss = 2.2301e-01, PNorm = 126.8611, GNorm = 0.9921, lr_0 = 9.3404e-04
Loss = 1.7196e-01, PNorm = 126.9845, GNorm = 1.7785, lr_0 = 9.3320e-04
Loss = 1.6532e-01, PNorm = 127.1020, GNorm = 0.7615, lr_0 = 9.3235e-04
Validation rmse = 3.429141
Epoch 8
Loss = 1.2761e-01, PNorm = 127.2166, GNorm = 0.4734, lr_0 = 9.3150e-04
Loss = 1.3597e-01, PNorm = 127.3231, GNorm = 0.6767, lr_0 = 9.3066e-04
Loss = 1.3423e-01, PNorm = 127.3985, GNorm = 0.5814, lr_0 = 9.2981e-04
Loss = 1.3870e-01, PNorm = 127.4864, GNorm = 0.7402, lr_0 = 9.2897e-04
Loss = 1.1235e-01, PNorm = 127.5878, GNorm = 0.5786, lr_0 = 9.2812e-04
Loss = 1.4543e-01, PNorm = 127.6650, GNorm = 0.4031, lr_0 = 9.2728e-04
Loss = 1.6770e-01, PNorm = 127.7824, GNorm = 0.9113, lr_0 = 9.2644e-04
Loss = 1.6171e-01, PNorm = 127.8732, GNorm = 0.5457, lr_0 = 9.2560e-04
Loss = 1.1048e-01, PNorm = 127.9624, GNorm = 0.4688, lr_0 = 9.2476e-04
Loss = 1.3279e-01, PNorm = 128.0437, GNorm = 1.0454, lr_0 = 9.2392e-04
Loss = 1.2413e-01, PNorm = 128.1358, GNorm = 1.0121, lr_0 = 9.2308e-04
Loss = 1.0679e-01, PNorm = 128.2271, GNorm = 0.6128, lr_0 = 9.2224e-04
Loss = 1.2323e-01, PNorm = 128.3149, GNorm = 0.8856, lr_0 = 9.2140e-04
Validation rmse = 2.796587
Epoch 9
Loss = 1.3823e-01, PNorm = 128.4106, GNorm = 1.0644, lr_0 = 9.2048e-04
Loss = 1.6428e-01, PNorm = 128.5284, GNorm = 0.7690, lr_0 = 9.1965e-04
Loss = 1.3154e-01, PNorm = 128.6351, GNorm = 0.6639, lr_0 = 9.1881e-04
Loss = 1.6260e-01, PNorm = 128.7466, GNorm = 0.8265, lr_0 = 9.1798e-04
Loss = 1.1459e-01, PNorm = 128.8546, GNorm = 0.7719, lr_0 = 9.1714e-04
Loss = 1.1204e-01, PNorm = 128.9477, GNorm = 0.4803, lr_0 = 9.1631e-04
Loss = 1.0139e-01, PNorm = 129.0245, GNorm = 1.0835, lr_0 = 9.1548e-04
Loss = 1.2241e-01, PNorm = 129.1054, GNorm = 0.5518, lr_0 = 9.1465e-04
Loss = 1.1360e-01, PNorm = 129.1905, GNorm = 0.6524, lr_0 = 9.1382e-04
Loss = 1.1960e-01, PNorm = 129.2796, GNorm = 0.9465, lr_0 = 9.1299e-04
Loss = 1.1980e-01, PNorm = 129.3721, GNorm = 0.6610, lr_0 = 9.1216e-04
Loss = 1.2160e-01, PNorm = 129.4588, GNorm = 0.7640, lr_0 = 9.1133e-04
Loss = 9.8266e-02, PNorm = 129.5521, GNorm = 1.3704, lr_0 = 9.1050e-04
Validation rmse = 2.657929
Epoch 10
Loss = 1.2181e-01, PNorm = 129.6436, GNorm = 0.3307, lr_0 = 9.0959e-04
Loss = 1.0408e-01, PNorm = 129.7239, GNorm = 0.9069, lr_0 = 9.0877e-04
Loss = 1.3703e-01, PNorm = 129.8019, GNorm = 1.2242, lr_0 = 9.0794e-04
Loss = 1.2847e-01, PNorm = 129.9074, GNorm = 0.6878, lr_0 = 9.0712e-04
Loss = 1.0091e-01, PNorm = 130.0128, GNorm = 1.0362, lr_0 = 9.0629e-04
Loss = 9.9892e-02, PNorm = 130.1064, GNorm = 0.4465, lr_0 = 9.0547e-04
Loss = 1.0025e-01, PNorm = 130.1868, GNorm = 0.6454, lr_0 = 9.0465e-04
Loss = 1.0808e-01, PNorm = 130.2567, GNorm = 0.5864, lr_0 = 9.0382e-04
Loss = 1.1792e-01, PNorm = 130.3252, GNorm = 0.5453, lr_0 = 9.0300e-04
Loss = 8.3400e-02, PNorm = 130.4024, GNorm = 0.3370, lr_0 = 9.0218e-04
Loss = 9.1298e-02, PNorm = 130.4746, GNorm = 0.6905, lr_0 = 9.0136e-04
Loss = 1.0152e-01, PNorm = 130.5548, GNorm = 1.4254, lr_0 = 9.0055e-04
Loss = 1.0956e-01, PNorm = 130.6357, GNorm = 0.5666, lr_0 = 8.9973e-04
Validation rmse = 2.727809
Epoch 11
Loss = 9.6880e-02, PNorm = 130.7089, GNorm = 0.6383, lr_0 = 8.9891e-04
Loss = 8.8857e-02, PNorm = 130.7825, GNorm = 0.3916, lr_0 = 8.9810e-04
Loss = 9.1943e-02, PNorm = 130.8573, GNorm = 0.7634, lr_0 = 8.9728e-04
Loss = 9.7302e-02, PNorm = 130.9294, GNorm = 0.8026, lr_0 = 8.9646e-04
Loss = 7.7592e-02, PNorm = 131.0171, GNorm = 0.4201, lr_0 = 8.9565e-04
Loss = 8.9296e-02, PNorm = 131.0913, GNorm = 0.8611, lr_0 = 8.9484e-04
Loss = 1.0219e-01, PNorm = 131.1562, GNorm = 0.5980, lr_0 = 8.9402e-04
Loss = 9.8169e-02, PNorm = 131.2405, GNorm = 1.2590, lr_0 = 8.9321e-04
Loss = 9.7703e-02, PNorm = 131.3185, GNorm = 0.9757, lr_0 = 8.9240e-04
Loss = 1.0574e-01, PNorm = 131.4128, GNorm = 0.9370, lr_0 = 8.9159e-04
Loss = 1.1167e-01, PNorm = 131.5129, GNorm = 0.8879, lr_0 = 8.9078e-04
Loss = 1.3225e-01, PNorm = 131.6269, GNorm = 0.6469, lr_0 = 8.8997e-04
Validation rmse = 3.239399
Epoch 12
Loss = 1.6611e-01, PNorm = 131.7303, GNorm = 1.5065, lr_0 = 8.8908e-04
Loss = 1.0680e-01, PNorm = 131.8479, GNorm = 0.7573, lr_0 = 8.8828e-04
Loss = 7.5290e-02, PNorm = 131.9447, GNorm = 0.4355, lr_0 = 8.8747e-04
Loss = 9.1234e-02, PNorm = 132.0161, GNorm = 0.5657, lr_0 = 8.8666e-04
Loss = 9.4080e-02, PNorm = 132.0945, GNorm = 0.7495, lr_0 = 8.8586e-04
Loss = 9.3808e-02, PNorm = 132.1790, GNorm = 0.4422, lr_0 = 8.8505e-04
Loss = 9.4411e-02, PNorm = 132.2445, GNorm = 0.4738, lr_0 = 8.8425e-04
Loss = 9.0984e-02, PNorm = 132.3119, GNorm = 0.4199, lr_0 = 8.8345e-04
Loss = 8.1930e-02, PNorm = 132.3736, GNorm = 0.5170, lr_0 = 8.8264e-04
Loss = 8.3892e-02, PNorm = 132.4386, GNorm = 0.4817, lr_0 = 8.8184e-04
Loss = 9.3673e-02, PNorm = 132.5186, GNorm = 0.4699, lr_0 = 8.8104e-04
Loss = 8.5308e-02, PNorm = 132.5905, GNorm = 0.4950, lr_0 = 8.8024e-04
Loss = 1.2214e-01, PNorm = 132.6652, GNorm = 0.7679, lr_0 = 8.7944e-04
Validation rmse = 2.697708
Epoch 13
Loss = 6.3600e-02, PNorm = 132.7564, GNorm = 0.7578, lr_0 = 8.7856e-04
Loss = 7.8058e-02, PNorm = 132.8477, GNorm = 0.3845, lr_0 = 8.7777e-04
Loss = 8.0702e-02, PNorm = 132.9354, GNorm = 0.5657, lr_0 = 8.7697e-04
Loss = 8.0995e-02, PNorm = 133.0083, GNorm = 0.5768, lr_0 = 8.7617e-04
Loss = 8.4260e-02, PNorm = 133.0788, GNorm = 0.3999, lr_0 = 8.7538e-04
Loss = 7.8325e-02, PNorm = 133.1529, GNorm = 0.4749, lr_0 = 8.7458e-04
Loss = 9.8109e-02, PNorm = 133.2229, GNorm = 0.3998, lr_0 = 8.7379e-04
Loss = 1.0283e-01, PNorm = 133.3034, GNorm = 0.7028, lr_0 = 8.7299e-04
Loss = 8.3026e-02, PNorm = 133.3995, GNorm = 0.5799, lr_0 = 8.7220e-04
Loss = 9.4640e-02, PNorm = 133.4911, GNorm = 0.8702, lr_0 = 8.7141e-04
Loss = 8.0746e-02, PNorm = 133.5897, GNorm = 0.5018, lr_0 = 8.7062e-04
Loss = 7.5426e-02, PNorm = 133.6755, GNorm = 0.3338, lr_0 = 8.6983e-04
Loss = 9.7480e-02, PNorm = 133.7538, GNorm = 0.4804, lr_0 = 8.6904e-04
Validation rmse = 2.614682
Epoch 14
Loss = 7.0444e-02, PNorm = 133.8326, GNorm = 0.5285, lr_0 = 8.6817e-04
Loss = 7.1540e-02, PNorm = 133.8980, GNorm = 0.6481, lr_0 = 8.6738e-04
Loss = 7.3250e-02, PNorm = 133.9766, GNorm = 0.5559, lr_0 = 8.6659e-04
Loss = 8.9306e-02, PNorm = 134.0438, GNorm = 0.5482, lr_0 = 8.6581e-04
Loss = 7.4312e-02, PNorm = 134.1240, GNorm = 0.4720, lr_0 = 8.6502e-04
Loss = 8.5088e-02, PNorm = 134.1937, GNorm = 0.8766, lr_0 = 8.6424e-04
Loss = 7.1280e-02, PNorm = 134.2780, GNorm = 0.5764, lr_0 = 8.6345e-04
Loss = 7.6784e-02, PNorm = 134.3540, GNorm = 0.4136, lr_0 = 8.6267e-04
Loss = 9.9899e-02, PNorm = 134.4383, GNorm = 0.5177, lr_0 = 8.6188e-04
Loss = 7.7223e-02, PNorm = 134.5212, GNorm = 0.5312, lr_0 = 8.6110e-04
Loss = 8.7497e-02, PNorm = 134.5842, GNorm = 0.3305, lr_0 = 8.6032e-04
Loss = 7.2203e-02, PNorm = 134.6571, GNorm = 0.4648, lr_0 = 8.5954e-04
Loss = 6.8200e-02, PNorm = 134.7252, GNorm = 0.7190, lr_0 = 8.5876e-04
Validation rmse = 2.640661
Epoch 15
Loss = 7.3136e-02, PNorm = 134.7863, GNorm = 0.3903, lr_0 = 8.5798e-04
Loss = 9.5331e-02, PNorm = 134.8793, GNorm = 0.4751, lr_0 = 8.5720e-04
Loss = 6.5541e-02, PNorm = 134.9707, GNorm = 0.5006, lr_0 = 8.5642e-04
Loss = 7.0042e-02, PNorm = 135.0517, GNorm = 0.3335, lr_0 = 8.5564e-04
Loss = 6.3664e-02, PNorm = 135.1207, GNorm = 0.9173, lr_0 = 8.5486e-04
Loss = 7.2789e-02, PNorm = 135.1937, GNorm = 0.4829, lr_0 = 8.5409e-04
Loss = 8.8491e-02, PNorm = 135.2768, GNorm = 0.6866, lr_0 = 8.5331e-04
Loss = 7.1143e-02, PNorm = 135.3568, GNorm = 0.5056, lr_0 = 8.5254e-04
Loss = 7.5018e-02, PNorm = 135.4215, GNorm = 0.4752, lr_0 = 8.5176e-04
Loss = 6.1833e-02, PNorm = 135.4783, GNorm = 0.2888, lr_0 = 8.5099e-04
Loss = 6.8821e-02, PNorm = 135.5399, GNorm = 0.5343, lr_0 = 8.5022e-04
Loss = 6.1140e-02, PNorm = 135.6009, GNorm = 0.3230, lr_0 = 8.4944e-04
Loss = 8.7892e-02, PNorm = 135.6639, GNorm = 0.6090, lr_0 = 8.4867e-04
Validation rmse = 2.516559
Epoch 16
Loss = 6.3197e-02, PNorm = 135.7526, GNorm = 0.3683, lr_0 = 8.4783e-04
Loss = 6.8462e-02, PNorm = 135.8377, GNorm = 0.3649, lr_0 = 8.4706e-04
Loss = 6.9228e-02, PNorm = 135.8939, GNorm = 0.4379, lr_0 = 8.4629e-04
Loss = 7.4979e-02, PNorm = 135.9730, GNorm = 0.4169, lr_0 = 8.4552e-04
Loss = 8.0253e-02, PNorm = 136.0609, GNorm = 0.3993, lr_0 = 8.4475e-04
Loss = 6.5435e-02, PNorm = 136.1521, GNorm = 0.3697, lr_0 = 8.4398e-04
Loss = 6.5074e-02, PNorm = 136.2289, GNorm = 0.5496, lr_0 = 8.4322e-04
Loss = 7.1081e-02, PNorm = 136.3011, GNorm = 0.4349, lr_0 = 8.4245e-04
Loss = 7.5221e-02, PNorm = 136.3637, GNorm = 0.6218, lr_0 = 8.4169e-04
Loss = 7.2862e-02, PNorm = 136.4450, GNorm = 0.4646, lr_0 = 8.4092e-04
Loss = 9.6832e-02, PNorm = 136.5311, GNorm = 0.6409, lr_0 = 8.4016e-04
Loss = 7.3876e-02, PNorm = 136.6313, GNorm = 0.5395, lr_0 = 8.3939e-04
Loss = 7.8174e-02, PNorm = 136.7247, GNorm = 0.5885, lr_0 = 8.3863e-04
Loss = 8.5609e-02, PNorm = 136.7336, GNorm = 0.6835, lr_0 = 8.3856e-04
Validation rmse = 2.306067
Epoch 17
Loss = 6.0548e-02, PNorm = 136.8230, GNorm = 0.4360, lr_0 = 8.3779e-04
Loss = 6.4495e-02, PNorm = 136.9089, GNorm = 0.5496, lr_0 = 8.3703e-04
Loss = 7.6787e-02, PNorm = 136.9702, GNorm = 0.3485, lr_0 = 8.3627e-04
Loss = 6.9501e-02, PNorm = 137.0296, GNorm = 0.4657, lr_0 = 8.3551e-04
Loss = 6.2856e-02, PNorm = 137.1062, GNorm = 0.4968, lr_0 = 8.3476e-04
Loss = 6.8583e-02, PNorm = 137.1855, GNorm = 0.7594, lr_0 = 8.3400e-04
Loss = 7.0507e-02, PNorm = 137.2477, GNorm = 0.5284, lr_0 = 8.3324e-04
Loss = 6.3454e-02, PNorm = 137.3305, GNorm = 0.5374, lr_0 = 8.3248e-04
Loss = 5.9476e-02, PNorm = 137.4096, GNorm = 0.4714, lr_0 = 8.3173e-04
Loss = 5.8398e-02, PNorm = 137.4713, GNorm = 0.5087, lr_0 = 8.3097e-04
Loss = 6.2439e-02, PNorm = 137.5346, GNorm = 0.3893, lr_0 = 8.3022e-04
Loss = 6.7040e-02, PNorm = 137.5956, GNorm = 0.5084, lr_0 = 8.2946e-04
Validation rmse = 2.495967
Epoch 18
Loss = 4.3688e-02, PNorm = 137.6525, GNorm = 0.3313, lr_0 = 8.2871e-04
Loss = 5.8741e-02, PNorm = 137.7317, GNorm = 0.2722, lr_0 = 8.2796e-04
Loss = 7.3654e-02, PNorm = 137.8082, GNorm = 0.5893, lr_0 = 8.2721e-04
Loss = 5.7270e-02, PNorm = 137.8713, GNorm = 0.2457, lr_0 = 8.2645e-04
Loss = 4.8108e-02, PNorm = 137.9278, GNorm = 0.5459, lr_0 = 8.2570e-04
Loss = 5.9356e-02, PNorm = 137.9877, GNorm = 0.4591, lr_0 = 8.2495e-04
Loss = 5.5839e-02, PNorm = 138.0550, GNorm = 0.4274, lr_0 = 8.2421e-04
Loss = 5.1489e-02, PNorm = 138.1176, GNorm = 0.5518, lr_0 = 8.2346e-04
Loss = 5.9180e-02, PNorm = 138.1942, GNorm = 0.2511, lr_0 = 8.2271e-04
Loss = 6.3682e-02, PNorm = 138.2701, GNorm = 0.5504, lr_0 = 8.2196e-04
Loss = 6.7925e-02, PNorm = 138.3515, GNorm = 0.5630, lr_0 = 8.2122e-04
Loss = 7.8364e-02, PNorm = 138.4352, GNorm = 0.4511, lr_0 = 8.2047e-04
Loss = 5.7500e-02, PNorm = 138.5161, GNorm = 0.3839, lr_0 = 8.1972e-04
Validation rmse = 2.455573
Epoch 19
Loss = 5.2595e-02, PNorm = 138.5987, GNorm = 0.6244, lr_0 = 8.1891e-04
Loss = 5.4612e-02, PNorm = 138.6767, GNorm = 0.4061, lr_0 = 8.1816e-04
Loss = 5.0714e-02, PNorm = 138.7514, GNorm = 0.6148, lr_0 = 8.1742e-04
Loss = 5.8900e-02, PNorm = 138.8124, GNorm = 0.4202, lr_0 = 8.1668e-04
Loss = 6.9569e-02, PNorm = 138.8819, GNorm = 0.8567, lr_0 = 8.1594e-04
Loss = 6.4958e-02, PNorm = 138.9734, GNorm = 0.4327, lr_0 = 8.1519e-04
Loss = 5.7658e-02, PNorm = 139.0542, GNorm = 0.4206, lr_0 = 8.1445e-04
Loss = 7.6416e-02, PNorm = 139.1194, GNorm = 0.3977, lr_0 = 8.1371e-04
Loss = 6.5832e-02, PNorm = 139.1966, GNorm = 0.2868, lr_0 = 8.1298e-04
Loss = 7.5783e-02, PNorm = 139.2724, GNorm = 0.3972, lr_0 = 8.1224e-04
Loss = 5.8453e-02, PNorm = 139.3601, GNorm = 0.5814, lr_0 = 8.1150e-04
Loss = 5.6851e-02, PNorm = 139.4370, GNorm = 0.6725, lr_0 = 8.1076e-04
Loss = 5.4178e-02, PNorm = 139.5091, GNorm = 0.3208, lr_0 = 8.1003e-04
Validation rmse = 2.540147
Epoch 20
Loss = 5.1375e-02, PNorm = 139.5795, GNorm = 0.3362, lr_0 = 8.0922e-04
Loss = 5.3965e-02, PNorm = 139.6566, GNorm = 0.4433, lr_0 = 8.0848e-04
Loss = 5.3064e-02, PNorm = 139.7295, GNorm = 0.4862, lr_0 = 8.0775e-04
Loss = 5.1404e-02, PNorm = 139.7988, GNorm = 0.3725, lr_0 = 8.0701e-04
Loss = 4.8347e-02, PNorm = 139.8601, GNorm = 0.3927, lr_0 = 8.0628e-04
Loss = 5.3831e-02, PNorm = 139.9205, GNorm = 0.7149, lr_0 = 8.0555e-04
Loss = 5.1345e-02, PNorm = 139.9757, GNorm = 0.3837, lr_0 = 8.0482e-04
Loss = 5.9920e-02, PNorm = 140.0407, GNorm = 0.4857, lr_0 = 8.0409e-04
Loss = 5.9022e-02, PNorm = 140.1216, GNorm = 0.3916, lr_0 = 8.0336e-04
Loss = 6.2907e-02, PNorm = 140.1904, GNorm = 0.3734, lr_0 = 8.0263e-04
Loss = 5.9888e-02, PNorm = 140.2655, GNorm = 0.5806, lr_0 = 8.0190e-04
Loss = 6.2187e-02, PNorm = 140.3393, GNorm = 0.2655, lr_0 = 8.0117e-04
Loss = 8.3969e-02, PNorm = 140.4164, GNorm = 0.5528, lr_0 = 8.0044e-04
Validation rmse = 2.364996
Epoch 21
Loss = 4.6728e-02, PNorm = 140.5004, GNorm = 0.3189, lr_0 = 7.9964e-04
Loss = 6.7936e-02, PNorm = 140.5711, GNorm = 0.3623, lr_0 = 7.9892e-04
Loss = 6.3283e-02, PNorm = 140.6465, GNorm = 0.4412, lr_0 = 7.9819e-04
Loss = 4.9317e-02, PNorm = 140.7122, GNorm = 0.3108, lr_0 = 7.9747e-04
Loss = 5.8358e-02, PNorm = 140.7776, GNorm = 0.4828, lr_0 = 7.9674e-04
Loss = 5.3326e-02, PNorm = 140.8479, GNorm = 0.3998, lr_0 = 7.9602e-04
Loss = 5.5019e-02, PNorm = 140.9270, GNorm = 0.3158, lr_0 = 7.9530e-04
Loss = 7.1087e-02, PNorm = 141.0057, GNorm = 0.4432, lr_0 = 7.9457e-04
Loss = 5.2322e-02, PNorm = 141.0826, GNorm = 0.2682, lr_0 = 7.9385e-04
Loss = 5.7564e-02, PNorm = 141.1597, GNorm = 0.3503, lr_0 = 7.9313e-04
Loss = 6.5073e-02, PNorm = 141.2295, GNorm = 0.5327, lr_0 = 7.9241e-04
Loss = 5.2267e-02, PNorm = 141.2996, GNorm = 0.4029, lr_0 = 7.9169e-04
Loss = 4.6258e-02, PNorm = 141.3705, GNorm = 0.2818, lr_0 = 7.9097e-04
Validation rmse = 2.435708
Epoch 22
Loss = 5.0303e-02, PNorm = 141.4332, GNorm = 0.4783, lr_0 = 7.9025e-04
Loss = 6.7748e-02, PNorm = 141.4976, GNorm = 0.3777, lr_0 = 7.8954e-04
Loss = 5.2047e-02, PNorm = 141.5679, GNorm = 0.3969, lr_0 = 7.8882e-04
Loss = 4.7547e-02, PNorm = 141.6296, GNorm = 0.4588, lr_0 = 7.8810e-04
Loss = 4.9881e-02, PNorm = 141.6882, GNorm = 0.3491, lr_0 = 7.8739e-04
Loss = 5.1279e-02, PNorm = 141.7530, GNorm = 0.5319, lr_0 = 7.8667e-04
Loss = 4.8184e-02, PNorm = 141.8201, GNorm = 0.3528, lr_0 = 7.8596e-04
Loss = 5.1734e-02, PNorm = 141.8869, GNorm = 0.2659, lr_0 = 7.8524e-04
Loss = 5.0766e-02, PNorm = 141.9477, GNorm = 0.4509, lr_0 = 7.8453e-04
Loss = 5.7698e-02, PNorm = 142.0106, GNorm = 0.3710, lr_0 = 7.8382e-04
Loss = 6.3010e-02, PNorm = 142.0703, GNorm = 0.2825, lr_0 = 7.8311e-04
Loss = 5.5647e-02, PNorm = 142.1494, GNorm = 0.3959, lr_0 = 7.8240e-04
Loss = 5.3065e-02, PNorm = 142.2405, GNorm = 0.3507, lr_0 = 7.8169e-04
Loss = 7.5204e-02, PNorm = 142.2492, GNorm = 0.6358, lr_0 = 7.8161e-04
Validation rmse = 2.224772
Epoch 23
Loss = 4.7108e-02, PNorm = 142.3293, GNorm = 0.5358, lr_0 = 7.8090e-04
Loss = 6.1671e-02, PNorm = 142.3940, GNorm = 0.3515, lr_0 = 7.8020e-04
Loss = 4.5275e-02, PNorm = 142.4698, GNorm = 0.3095, lr_0 = 7.7949e-04
Loss = 4.9843e-02, PNorm = 142.5343, GNorm = 0.2525, lr_0 = 7.7878e-04
Loss = 4.0534e-02, PNorm = 142.5955, GNorm = 0.4210, lr_0 = 7.7807e-04
Loss = 5.3476e-02, PNorm = 142.6579, GNorm = 0.9020, lr_0 = 7.7737e-04
Loss = 4.7085e-02, PNorm = 142.7234, GNorm = 0.2321, lr_0 = 7.7666e-04
Loss = 5.4903e-02, PNorm = 142.7847, GNorm = 0.2882, lr_0 = 7.7595e-04
Loss = 4.9592e-02, PNorm = 142.8582, GNorm = 0.3722, lr_0 = 7.7525e-04
Loss = 4.5173e-02, PNorm = 142.9174, GNorm = 0.3803, lr_0 = 7.7455e-04
Loss = 5.8201e-02, PNorm = 142.9701, GNorm = 0.2935, lr_0 = 7.7384e-04
Loss = 5.6205e-02, PNorm = 143.0242, GNorm = 0.4967, lr_0 = 7.7314e-04
Validation rmse = 2.333212
Epoch 24
Loss = 4.1910e-02, PNorm = 143.0986, GNorm = 0.3158, lr_0 = 7.7237e-04
Loss = 4.8431e-02, PNorm = 143.1859, GNorm = 0.3065, lr_0 = 7.7167e-04
Loss = 4.5819e-02, PNorm = 143.2544, GNorm = 0.3347, lr_0 = 7.7096e-04
Loss = 4.6904e-02, PNorm = 143.3163, GNorm = 0.3210, lr_0 = 7.7026e-04
Loss = 4.0283e-02, PNorm = 143.3781, GNorm = 0.3078, lr_0 = 7.6956e-04
Loss = 4.2407e-02, PNorm = 143.4347, GNorm = 0.4353, lr_0 = 7.6887e-04
Loss = 4.1160e-02, PNorm = 143.4914, GNorm = 0.1938, lr_0 = 7.6817e-04
Loss = 5.9048e-02, PNorm = 143.5484, GNorm = 0.6289, lr_0 = 7.6747e-04
Loss = 6.2600e-02, PNorm = 143.6227, GNorm = 0.4479, lr_0 = 7.6677e-04
Loss = 6.1416e-02, PNorm = 143.7002, GNorm = 0.4470, lr_0 = 7.6608e-04
Loss = 4.8363e-02, PNorm = 143.7790, GNorm = 0.3591, lr_0 = 7.6538e-04
Loss = 7.2647e-02, PNorm = 143.8507, GNorm = 0.3307, lr_0 = 7.6469e-04
Loss = 4.3846e-02, PNorm = 143.9255, GNorm = 0.3079, lr_0 = 7.6399e-04
Validation rmse = 2.479296
Epoch 25
Loss = 3.1605e-02, PNorm = 143.9946, GNorm = 0.4338, lr_0 = 7.6330e-04
Loss = 4.2516e-02, PNorm = 144.0656, GNorm = 0.4222, lr_0 = 7.6260e-04
Loss = 4.3371e-02, PNorm = 144.1406, GNorm = 0.3426, lr_0 = 7.6191e-04
Loss = 4.1951e-02, PNorm = 144.2062, GNorm = 0.4395, lr_0 = 7.6122e-04
Loss = 4.0754e-02, PNorm = 144.2628, GNorm = 0.2276, lr_0 = 7.6053e-04
Loss = 5.0601e-02, PNorm = 144.3314, GNorm = 0.3600, lr_0 = 7.5984e-04
Loss = 4.9265e-02, PNorm = 144.3934, GNorm = 0.3952, lr_0 = 7.5915e-04
Loss = 4.4041e-02, PNorm = 144.4528, GNorm = 0.4465, lr_0 = 7.5846e-04
Loss = 5.7761e-02, PNorm = 144.5157, GNorm = 0.2253, lr_0 = 7.5777e-04
Loss = 4.8129e-02, PNorm = 144.5780, GNorm = 0.2403, lr_0 = 7.5708e-04
Loss = 4.2251e-02, PNorm = 144.6391, GNorm = 0.2635, lr_0 = 7.5639e-04
Loss = 4.4518e-02, PNorm = 144.7082, GNorm = 0.3671, lr_0 = 7.5571e-04
Loss = 6.5000e-02, PNorm = 144.7713, GNorm = 0.2855, lr_0 = 7.5502e-04
Validation rmse = 2.467383
Epoch 26
Loss = 4.6308e-02, PNorm = 144.8548, GNorm = 0.2351, lr_0 = 7.5427e-04
Loss = 4.2483e-02, PNorm = 144.9299, GNorm = 0.4527, lr_0 = 7.5358e-04
Loss = 4.3581e-02, PNorm = 144.9923, GNorm = 0.2668, lr_0 = 7.5290e-04
Loss = 6.0204e-02, PNorm = 145.0632, GNorm = 0.5950, lr_0 = 7.5221e-04
Loss = 4.3347e-02, PNorm = 145.1232, GNorm = 0.3682, lr_0 = 7.5153e-04
Loss = 4.3605e-02, PNorm = 145.1911, GNorm = 0.4951, lr_0 = 7.5085e-04
Loss = 7.0878e-02, PNorm = 145.2692, GNorm = 0.6273, lr_0 = 7.5017e-04
Loss = 5.2501e-02, PNorm = 145.3574, GNorm = 0.2857, lr_0 = 7.4949e-04
Loss = 5.8642e-02, PNorm = 145.4435, GNorm = 0.4739, lr_0 = 7.4880e-04
Loss = 4.2901e-02, PNorm = 145.5101, GNorm = 0.3005, lr_0 = 7.4812e-04
Loss = 5.2648e-02, PNorm = 145.5982, GNorm = 0.2260, lr_0 = 7.4745e-04
Loss = 5.6428e-02, PNorm = 145.6721, GNorm = 0.4725, lr_0 = 7.4677e-04
Loss = 4.5795e-02, PNorm = 145.7495, GNorm = 0.3167, lr_0 = 7.4609e-04
Validation rmse = 2.394059
Epoch 27
Loss = 4.6833e-02, PNorm = 145.8197, GNorm = 0.2822, lr_0 = 7.4534e-04
Loss = 6.2589e-02, PNorm = 145.9289, GNorm = 0.3207, lr_0 = 7.4467e-04
Loss = 5.3677e-02, PNorm = 146.0228, GNorm = 0.3223, lr_0 = 7.4399e-04
Loss = 5.0893e-02, PNorm = 146.1150, GNorm = 0.3368, lr_0 = 7.4331e-04
Loss = 4.6136e-02, PNorm = 146.2063, GNorm = 0.3657, lr_0 = 7.4264e-04
Loss = 4.3247e-02, PNorm = 146.2893, GNorm = 0.3055, lr_0 = 7.4197e-04
Loss = 6.2699e-02, PNorm = 146.3664, GNorm = 0.3988, lr_0 = 7.4129e-04
Loss = 6.1088e-02, PNorm = 146.4599, GNorm = 0.3985, lr_0 = 7.4062e-04
Loss = 4.2497e-02, PNorm = 146.5518, GNorm = 0.2458, lr_0 = 7.3995e-04
Loss = 5.0274e-02, PNorm = 146.6345, GNorm = 0.4925, lr_0 = 7.3927e-04
Loss = 5.2061e-02, PNorm = 146.7079, GNorm = 0.3263, lr_0 = 7.3860e-04
Loss = 5.9360e-02, PNorm = 146.8017, GNorm = 0.4030, lr_0 = 7.3793e-04
Loss = 5.4163e-02, PNorm = 146.8818, GNorm = 0.4505, lr_0 = 7.3726e-04
Validation rmse = 2.761188
Epoch 28
Loss = 5.1658e-02, PNorm = 146.9671, GNorm = 0.5810, lr_0 = 7.3653e-04
Loss = 4.0665e-02, PNorm = 147.0434, GNorm = 0.3354, lr_0 = 7.3586e-04
Loss = 3.7244e-02, PNorm = 147.1147, GNorm = 0.3230, lr_0 = 7.3519e-04
Loss = 6.2485e-02, PNorm = 147.1850, GNorm = 0.4745, lr_0 = 7.3452e-04
Loss = 4.5478e-02, PNorm = 147.2616, GNorm = 0.4328, lr_0 = 7.3385e-04
Loss = 4.8686e-02, PNorm = 147.3478, GNorm = 0.3784, lr_0 = 7.3319e-04
Loss = 4.4919e-02, PNorm = 147.4294, GNorm = 0.2179, lr_0 = 7.3252e-04
Loss = 4.5475e-02, PNorm = 147.4993, GNorm = 0.3494, lr_0 = 7.3186e-04
Loss = 4.1223e-02, PNorm = 147.5663, GNorm = 0.2741, lr_0 = 7.3119e-04
Loss = 4.7562e-02, PNorm = 147.6339, GNorm = 0.3275, lr_0 = 7.3053e-04
Loss = 5.3369e-02, PNorm = 147.6969, GNorm = 0.4478, lr_0 = 7.2986e-04
Loss = 3.8860e-02, PNorm = 147.7700, GNorm = 0.3722, lr_0 = 7.2920e-04
Loss = 5.4397e-02, PNorm = 147.8318, GNorm = 0.3472, lr_0 = 7.2854e-04
Validation rmse = 2.252189
Epoch 29
Loss = 3.8329e-02, PNorm = 147.9008, GNorm = 0.2241, lr_0 = 7.2788e-04
Loss = 3.8485e-02, PNorm = 147.9795, GNorm = 0.3003, lr_0 = 7.2722e-04
Loss = 3.6174e-02, PNorm = 148.0445, GNorm = 0.1870, lr_0 = 7.2656e-04
Loss = 3.2311e-02, PNorm = 148.1013, GNorm = 0.2369, lr_0 = 7.2590e-04
Loss = 3.5007e-02, PNorm = 148.1493, GNorm = 0.1776, lr_0 = 7.2524e-04
Loss = 3.4806e-02, PNorm = 148.1938, GNorm = 0.2046, lr_0 = 7.2458e-04
Loss = 4.0002e-02, PNorm = 148.2560, GNorm = 0.2645, lr_0 = 7.2392e-04
Loss = 4.9018e-02, PNorm = 148.3133, GNorm = 0.4487, lr_0 = 7.2326e-04
Loss = 5.7358e-02, PNorm = 148.3739, GNorm = 0.2043, lr_0 = 7.2261e-04
Loss = 4.6160e-02, PNorm = 148.4403, GNorm = 0.3113, lr_0 = 7.2195e-04
Loss = 3.3353e-02, PNorm = 148.5073, GNorm = 0.2578, lr_0 = 7.2129e-04
Loss = 3.8590e-02, PNorm = 148.5602, GNorm = 0.2515, lr_0 = 7.2064e-04
Validation rmse = 2.175977
Epoch 30
Loss = 2.8884e-02, PNorm = 148.6231, GNorm = 0.3049, lr_0 = 7.1992e-04
Loss = 4.5062e-02, PNorm = 148.6809, GNorm = 0.3303, lr_0 = 7.1927e-04
Loss = 4.2283e-02, PNorm = 148.7419, GNorm = 0.2276, lr_0 = 7.1861e-04
Loss = 3.6633e-02, PNorm = 148.8040, GNorm = 0.2740, lr_0 = 7.1796e-04
Loss = 3.7160e-02, PNorm = 148.8585, GNorm = 0.2970, lr_0 = 7.1731e-04
Loss = 3.9011e-02, PNorm = 148.9217, GNorm = 0.3095, lr_0 = 7.1666e-04
Loss = 4.8149e-02, PNorm = 148.9846, GNorm = 0.2819, lr_0 = 7.1601e-04
Loss = 3.5518e-02, PNorm = 149.0358, GNorm = 0.3022, lr_0 = 7.1536e-04
Loss = 3.7401e-02, PNorm = 149.0994, GNorm = 0.2106, lr_0 = 7.1471e-04
Loss = 3.6304e-02, PNorm = 149.1671, GNorm = 0.2407, lr_0 = 7.1406e-04
Loss = 4.1693e-02, PNorm = 149.2279, GNorm = 0.3614, lr_0 = 7.1341e-04
Loss = 3.7526e-02, PNorm = 149.2916, GNorm = 0.2747, lr_0 = 7.1276e-04
Loss = 3.4498e-02, PNorm = 149.3543, GNorm = 0.2045, lr_0 = 7.1211e-04
Validation rmse = 2.367663
Epoch 31
Loss = 4.4611e-02, PNorm = 149.4238, GNorm = 0.4160, lr_0 = 7.1140e-04
Loss = 3.4935e-02, PNorm = 149.4947, GNorm = 0.2625, lr_0 = 7.1076e-04
Loss = 5.3510e-02, PNorm = 149.5651, GNorm = 0.2739, lr_0 = 7.1011e-04
Loss = 3.5928e-02, PNorm = 149.6360, GNorm = 0.3726, lr_0 = 7.0947e-04
Loss = 3.2945e-02, PNorm = 149.6934, GNorm = 0.2093, lr_0 = 7.0882e-04
Loss = 3.8035e-02, PNorm = 149.7512, GNorm = 0.2988, lr_0 = 7.0818e-04
Loss = 3.4460e-02, PNorm = 149.8145, GNorm = 0.1845, lr_0 = 7.0753e-04
Loss = 3.5349e-02, PNorm = 149.8676, GNorm = 0.2633, lr_0 = 7.0689e-04
Loss = 3.3022e-02, PNorm = 149.9242, GNorm = 0.3288, lr_0 = 7.0625e-04
Loss = 3.5585e-02, PNorm = 149.9826, GNorm = 0.3386, lr_0 = 7.0561e-04
Loss = 3.5929e-02, PNorm = 150.0346, GNorm = 0.5662, lr_0 = 7.0497e-04
Loss = 3.4665e-02, PNorm = 150.0902, GNorm = 0.2695, lr_0 = 7.0433e-04
Loss = 3.9159e-02, PNorm = 150.1399, GNorm = 0.3605, lr_0 = 7.0369e-04
Validation rmse = 2.237117
Epoch 32
Loss = 3.5108e-02, PNorm = 150.1969, GNorm = 0.3419, lr_0 = 7.0298e-04
Loss = 5.6576e-02, PNorm = 150.2689, GNorm = 0.3842, lr_0 = 7.0235e-04
Loss = 3.2951e-02, PNorm = 150.3376, GNorm = 0.2737, lr_0 = 7.0171e-04
Loss = 3.7533e-02, PNorm = 150.3893, GNorm = 0.3439, lr_0 = 7.0107e-04
Loss = 3.4225e-02, PNorm = 150.4545, GNorm = 0.3027, lr_0 = 7.0043e-04
Command line
python C:\Users\Amy\anaconda\envs\deep4chem\Scripts\chemprop_train --data_path C:/Users/Amy/Desktop/Masters_Project/paper_methods/Deep4Chem_chemprop/Deep4Chem_chemprop/d4c_ext_coef_all_data.csv --dataset_type regression --num_folds 10 --epochs 10 --number_of_molecules 2 --split_type random --seed 0 --depth 5 --hidden_size 1900 --ffn_hidden_size 1900 --ffn_num_layers 3 --dropout 0.1 --aggregation mean --batch_size 50 --metric rmse --save_dir d4c_replication
Args
{'activation': 'ReLU',
 'adding_h': False,
 'aggregation': 'mean',
 'aggregation_norm': 100,
 'atom_descriptor_scaling': True,
 'atom_descriptors': None,
 'atom_descriptors_path': None,
 'atom_descriptors_size': 0,
 'atom_features_size': 0,
 'atom_messages': False,
 'batch_size': 50,
 'bias': False,
 'bias_solvent': False,
 'bond_feature_scaling': True,
 'bond_features_path': None,
 'bond_features_size': 0,
 'cache_cutoff': 10000,
 'checkpoint_dir': None,
 'checkpoint_frzn': None,
 'checkpoint_path': None,
 'checkpoint_paths': None,
 'class_balance': False,
 'config_path': None,
 'crossval_index_dir': None,
 'crossval_index_file': None,
 'crossval_index_sets': None,
 'cuda': False,
 'data_path': 'C:/Users/Amy/Desktop/Masters_Project/paper_methods/Deep4Chem_chemprop/Deep4Chem_chemprop/d4c_ext_coef_all_data.csv',
 'data_weights_path': None,
 'dataset_type': 'regression',
 'depth': 5,
 'depth_solvent': 3,
 'device': device(type='cpu'),
 'dropout': 0.1,
 'empty_cache': False,
 'ensemble_size': 1,
 'epochs': 10,
 'evidential_regularization': 0,
 'explicit_h': False,
 'extra_metrics': [],
 'features_generator': None,
 'features_only': False,
 'features_path': None,
 'features_scaling': True,
 'features_size': None,
 'ffn_hidden_size': 1900,
 'ffn_num_layers': 3,
 'final_lr': 0.0001,
 'folds_file': None,
 'freeze_first_only': False,
 'frzn_ffn_layers': 0,
 'gpu': None,
 'grad_clip': None,
 'hidden_size': 1900,
 'hidden_size_solvent': 300,
 'ignore_columns': None,
 'init_lr': 0.0001,
 'log_frequency': 10,
 'loss_function': 'mse',
 'max_data_size': None,
 'max_lr': 0.001,
 'metric': 'rmse',
 'metrics': ['rmse'],
 'minimize_score': True,
 'mpn_shared': False,
 'multiclass_num_classes': 3,
 'no_atom_descriptor_scaling': False,
 'no_bond_features_scaling': False,
 'no_cache_mol': False,
 'no_cuda': False,
 'no_features_scaling': False,
 'num_folds': 10,
 'num_lrs': 1,
 'num_tasks': 2,
 'num_workers': 8,
 'number_of_molecules': 2,
 'overwrite_default_atom_features': False,
 'overwrite_default_bond_features': False,
 'phase_features_path': None,
 'pytorch_seed': 0,
 'quiet': False,
 'reaction': False,
 'reaction_mode': 'reac_diff',
 'reaction_solvent': False,
 'resume_experiment': False,
 'save_dir': 'd4c_replication',
 'save_preds': False,
 'save_smiles_splits': False,
 'seed': 0,
 'separate_test_atom_descriptors_path': None,
 'separate_test_bond_features_path': None,
 'separate_test_features_path': None,
 'separate_test_path': None,
 'separate_test_phase_features_path': None,
 'separate_val_atom_descriptors_path': None,
 'separate_val_bond_features_path': None,
 'separate_val_features_path': None,
 'separate_val_path': None,
 'separate_val_phase_features_path': None,
 'show_individual_scores': False,
 'smiles_columns': ['﻿Chromophore', 'Solvent'],
 'spectra_activation': 'exp',
 'spectra_phase_mask_path': None,
 'spectra_target_floor': 1e-08,
 'split_key_molecule': 0,
 'split_sizes': [0.8, 0.1, 0.1],
 'split_type': 'random',
 'target_columns': None,
 'target_weights': None,
 'task_names': ['Absorption max (nm)', 'log(e/mol-1 dm3 cm-1)'],
 'test': False,
 'test_fold_index': None,
 'train_data_size': None,
 'undirected': False,
 'use_input_features': False,
 'val_fold_index': None,
 'warmup_epochs': 2.0}
Setting molecule featurization parameters to default.
Loading data
Warning: 14 SMILES are invalid.
Number of tasks = 2
Fold 0
Splitting data with seed 0
Total size = 8,018 | train size = 6,414 | val size = 802 | test size = 802
Fitting scaler
Building model 0
MoleculeModel(
  (encoder): MPN(
    (encoder): ModuleList(
      (0): MPNEncoder(
        (dropout_layer): Dropout(p=0.1, inplace=False)
        (act_func): ReLU()
        (W_i): Linear(in_features=147, out_features=1900, bias=False)
        (W_h): Linear(in_features=1900, out_features=1900, bias=False)
        (W_o): Linear(in_features=2033, out_features=1900, bias=True)
      )
      (1): MPNEncoder(
        (dropout_layer): Dropout(p=0.1, inplace=False)
        (act_func): ReLU()
        (W_i): Linear(in_features=147, out_features=1900, bias=False)
        (W_h): Linear(in_features=1900, out_features=1900, bias=False)
        (W_o): Linear(in_features=2033, out_features=1900, bias=True)
      )
    )
  )
  (ffn): Sequential(
    (0): Dropout(p=0.1, inplace=False)
    (1): Linear(in_features=3800, out_features=1900, bias=True)
    (2): ReLU()
    (3): Dropout(p=0.1, inplace=False)
    (4): Linear(in_features=1900, out_features=1900, bias=True)
    (5): ReLU()
    (6): Dropout(p=0.1, inplace=False)
    (7): Linear(in_features=1900, out_features=2, bias=True)
  )
)
Number of parameters = 26,349,202
Epoch 0
Loss = 1.1839e+00, PNorm = 112.7662, GNorm = 1.5435, lr_0 = 1.3867e-04
Loss = 1.0179e+00, PNorm = 112.7858, GNorm = 2.3179, lr_0 = 1.7383e-04
Loss = 7.8051e-01, PNorm = 112.8078, GNorm = 3.0562, lr_0 = 2.0898e-04
Loss = 8.7007e-01, PNorm = 112.8310, GNorm = 1.8405, lr_0 = 2.4414e-04
Loss = 8.9104e-01, PNorm = 112.8571, GNorm = 1.2429, lr_0 = 2.7930e-04
Loss = 8.1057e-01, PNorm = 112.8930, GNorm = 4.5367, lr_0 = 3.1445e-04
Loss = 6.9227e-01, PNorm = 112.9308, GNorm = 1.7447, lr_0 = 3.4961e-04
Loss = 7.6686e-01, PNorm = 112.9807, GNorm = 2.8977, lr_0 = 3.8477e-04
Loss = 7.2346e-01, PNorm = 113.0308, GNorm = 3.5203, lr_0 = 4.1992e-04
Loss = 8.3576e-01, PNorm = 113.0910, GNorm = 1.6057, lr_0 = 4.5508e-04
Loss = 9.1039e-01, PNorm = 113.1935, GNorm = 3.8176, lr_0 = 4.9023e-04
Loss = 6.8212e-01, PNorm = 113.2886, GNorm = 3.1564, lr_0 = 5.2539e-04
Validation rmse = 6.488853
Epoch 1
Loss = 6.4974e-01, PNorm = 113.4006, GNorm = 0.6185, lr_0 = 5.6406e-04
Loss = 5.9657e-01, PNorm = 113.4975, GNorm = 1.4768, lr_0 = 5.9922e-04
Loss = 6.5015e-01, PNorm = 113.6024, GNorm = 1.4991, lr_0 = 6.3438e-04
Loss = 6.3190e-01, PNorm = 113.7220, GNorm = 4.0127, lr_0 = 6.6953e-04
Loss = 5.8862e-01, PNorm = 113.8646, GNorm = 1.3778, lr_0 = 7.0469e-04
Loss = 5.5779e-01, PNorm = 114.0210, GNorm = 2.7196, lr_0 = 7.3984e-04
Loss = 6.0903e-01, PNorm = 114.2060, GNorm = 4.7169, lr_0 = 7.7500e-04
Loss = 4.6905e-01, PNorm = 114.3620, GNorm = 0.8248, lr_0 = 8.1016e-04
Loss = 4.8929e-01, PNorm = 114.5310, GNorm = 1.3120, lr_0 = 8.4531e-04
Loss = 7.0006e-01, PNorm = 114.7024, GNorm = 1.0949, lr_0 = 8.8047e-04
Loss = 6.0494e-01, PNorm = 114.9070, GNorm = 3.5060, lr_0 = 9.1562e-04
Loss = 5.3505e-01, PNorm = 115.1202, GNorm = 2.3723, lr_0 = 9.5078e-04
Loss = 5.1622e-01, PNorm = 115.3359, GNorm = 2.9319, lr_0 = 9.8594e-04
Validation rmse = 5.557473
Epoch 2
Loss = 4.3839e-01, PNorm = 115.5652, GNorm = 2.6959, lr_0 = 9.8438e-04
Loss = 4.2440e-01, PNorm = 115.7816, GNorm = 0.7313, lr_0 = 9.6249e-04
Loss = 3.7249e-01, PNorm = 115.9687, GNorm = 0.8676, lr_0 = 9.4109e-04
Loss = 4.0354e-01, PNorm = 116.1328, GNorm = 1.1646, lr_0 = 9.2017e-04
Loss = 5.4024e-01, PNorm = 116.2962, GNorm = 1.1436, lr_0 = 8.9971e-04
Loss = 3.7219e-01, PNorm = 116.4530, GNorm = 3.0332, lr_0 = 8.7970e-04
Loss = 4.0770e-01, PNorm = 116.6045, GNorm = 2.3094, lr_0 = 8.6014e-04
Loss = 4.2372e-01, PNorm = 116.7520, GNorm = 2.2678, lr_0 = 8.4102e-04
Loss = 3.7988e-01, PNorm = 116.8887, GNorm = 2.0548, lr_0 = 8.2232e-04
Loss = 3.6388e-01, PNorm = 117.0116, GNorm = 0.8023, lr_0 = 8.0403e-04
Loss = 3.8079e-01, PNorm = 117.1498, GNorm = 1.2620, lr_0 = 7.8615e-04
Loss = 3.5226e-01, PNorm = 117.2911, GNorm = 1.0014, lr_0 = 7.6867e-04
Loss = 3.7501e-01, PNorm = 117.4032, GNorm = 1.0257, lr_0 = 7.5158e-04
Validation rmse = 4.357454
Epoch 3
Loss = 3.4129e-01, PNorm = 117.5401, GNorm = 1.5121, lr_0 = 7.3322e-04
Loss = 3.1564e-01, PNorm = 117.6458, GNorm = 1.0351, lr_0 = 7.1692e-04
Loss = 3.3587e-01, PNorm = 117.7324, GNorm = 1.5069, lr_0 = 7.0098e-04
Loss = 3.1579e-01, PNorm = 117.8239, GNorm = 2.5673, lr_0 = 6.8539e-04
Loss = 2.8863e-01, PNorm = 117.9179, GNorm = 2.3006, lr_0 = 6.7015e-04
Loss = 3.0897e-01, PNorm = 118.0097, GNorm = 0.8277, lr_0 = 6.5525e-04
Loss = 2.6154e-01, PNorm = 118.0883, GNorm = 1.3799, lr_0 = 6.4068e-04
Loss = 2.9398e-01, PNorm = 118.1512, GNorm = 1.1136, lr_0 = 6.2643e-04
Loss = 2.7279e-01, PNorm = 118.2188, GNorm = 2.7384, lr_0 = 6.1250e-04
Loss = 2.4864e-01, PNorm = 118.2966, GNorm = 1.4438, lr_0 = 5.9889e-04
Loss = 2.7376e-01, PNorm = 118.3715, GNorm = 0.7845, lr_0 = 5.8557e-04
Loss = 2.6323e-01, PNorm = 118.4333, GNorm = 0.9092, lr_0 = 5.7255e-04
Loss = 2.2705e-01, PNorm = 118.4882, GNorm = 1.9733, lr_0 = 5.5982e-04
Validation rmse = 3.906432
Epoch 4
Loss = 2.7868e-01, PNorm = 118.5555, GNorm = 1.9078, lr_0 = 5.4737e-04
Loss = 2.2380e-01, PNorm = 118.6285, GNorm = 0.5401, lr_0 = 5.3520e-04
Loss = 2.1767e-01, PNorm = 118.6899, GNorm = 1.0498, lr_0 = 5.2330e-04
Loss = 2.3426e-01, PNorm = 118.7365, GNorm = 1.9043, lr_0 = 5.1166e-04
Loss = 2.3650e-01, PNorm = 118.7907, GNorm = 1.3157, lr_0 = 5.0029e-04
Loss = 2.5065e-01, PNorm = 118.8562, GNorm = 2.4045, lr_0 = 4.8916e-04
Loss = 2.2288e-01, PNorm = 118.9075, GNorm = 1.1257, lr_0 = 4.7829e-04
Loss = 2.1394e-01, PNorm = 118.9559, GNorm = 1.9335, lr_0 = 4.6765e-04
Loss = 2.1058e-01, PNorm = 118.9971, GNorm = 1.0771, lr_0 = 4.5725e-04
Loss = 2.1441e-01, PNorm = 119.0476, GNorm = 0.6748, lr_0 = 4.4709e-04
Loss = 2.1545e-01, PNorm = 119.0881, GNorm = 0.8960, lr_0 = 4.3714e-04
Loss = 2.2271e-01, PNorm = 119.1331, GNorm = 2.0004, lr_0 = 4.2742e-04
Loss = 2.1190e-01, PNorm = 119.1743, GNorm = 1.3773, lr_0 = 4.1792e-04
Validation rmse = 3.783183
Epoch 5
Loss = 2.0147e-01, PNorm = 119.2218, GNorm = 1.7856, lr_0 = 4.0771e-04
Loss = 1.9167e-01, PNorm = 119.2667, GNorm = 0.8520, lr_0 = 3.9864e-04
Loss = 2.0821e-01, PNorm = 119.3023, GNorm = 0.9292, lr_0 = 3.8978e-04
Loss = 1.6860e-01, PNorm = 119.3324, GNorm = 0.6147, lr_0 = 3.8111e-04
Loss = 1.7502e-01, PNorm = 119.3584, GNorm = 1.2811, lr_0 = 3.7264e-04
Loss = 1.6414e-01, PNorm = 119.3907, GNorm = 0.6755, lr_0 = 3.6435e-04
Loss = 1.7134e-01, PNorm = 119.4246, GNorm = 0.5194, lr_0 = 3.5625e-04
Loss = 1.7427e-01, PNorm = 119.4518, GNorm = 1.5977, lr_0 = 3.4833e-04
Loss = 1.5582e-01, PNorm = 119.4825, GNorm = 0.5480, lr_0 = 3.4059e-04
Loss = 1.4586e-01, PNorm = 119.5120, GNorm = 0.8761, lr_0 = 3.3301e-04
Loss = 1.5647e-01, PNorm = 119.5337, GNorm = 0.8184, lr_0 = 3.2561e-04
Loss = 1.8628e-01, PNorm = 119.5633, GNorm = 0.8571, lr_0 = 3.1837e-04
Validation rmse = 3.319339
Epoch 6
Loss = 1.7421e-01, PNorm = 119.6017, GNorm = 0.9535, lr_0 = 3.1059e-04
Loss = 1.5776e-01, PNorm = 119.6374, GNorm = 1.4662, lr_0 = 3.0368e-04
Loss = 1.5733e-01, PNorm = 119.6669, GNorm = 1.6731, lr_0 = 2.9693e-04
Loss = 1.5562e-01, PNorm = 119.6958, GNorm = 0.6376, lr_0 = 2.9033e-04
Loss = 1.6874e-01, PNorm = 119.7285, GNorm = 1.1414, lr_0 = 2.8387e-04
Loss = 1.3658e-01, PNorm = 119.7530, GNorm = 0.8783, lr_0 = 2.7756e-04
Loss = 1.3209e-01, PNorm = 119.7760, GNorm = 0.9588, lr_0 = 2.7139e-04
Loss = 1.3023e-01, PNorm = 119.7938, GNorm = 0.4870, lr_0 = 2.6536e-04
Loss = 1.7774e-01, PNorm = 119.8153, GNorm = 0.9974, lr_0 = 2.5946e-04
Loss = 1.5305e-01, PNorm = 119.8332, GNorm = 0.8795, lr_0 = 2.5369e-04
Loss = 1.4151e-01, PNorm = 119.8527, GNorm = 0.8815, lr_0 = 2.4805e-04
Loss = 1.3127e-01, PNorm = 119.8722, GNorm = 0.8382, lr_0 = 2.4253e-04
Loss = 1.4883e-01, PNorm = 119.8947, GNorm = 0.8333, lr_0 = 2.3714e-04
Validation rmse = 3.209489
Epoch 7
Loss = 1.0901e-01, PNorm = 119.9199, GNorm = 0.5786, lr_0 = 2.3134e-04
Loss = 1.3160e-01, PNorm = 119.9402, GNorm = 1.0812, lr_0 = 2.2620e-04
Loss = 1.2320e-01, PNorm = 119.9613, GNorm = 0.9445, lr_0 = 2.2117e-04
Loss = 1.2274e-01, PNorm = 119.9777, GNorm = 1.2311, lr_0 = 2.1625e-04
Loss = 1.3298e-01, PNorm = 119.9950, GNorm = 0.8692, lr_0 = 2.1144e-04
Loss = 9.8602e-02, PNorm = 120.0089, GNorm = 0.6185, lr_0 = 2.0674e-04
Loss = 1.4294e-01, PNorm = 120.0223, GNorm = 1.5344, lr_0 = 2.0215e-04
Loss = 1.2857e-01, PNorm = 120.0392, GNorm = 0.4725, lr_0 = 1.9765e-04
Loss = 1.2490e-01, PNorm = 120.0505, GNorm = 0.5450, lr_0 = 1.9326e-04
Loss = 1.0799e-01, PNorm = 120.0647, GNorm = 0.5249, lr_0 = 1.8896e-04
Loss = 1.7321e-01, PNorm = 120.0829, GNorm = 0.8964, lr_0 = 1.8476e-04
Loss = 1.2608e-01, PNorm = 120.0954, GNorm = 0.9104, lr_0 = 1.8065e-04
Loss = 1.3287e-01, PNorm = 120.1107, GNorm = 0.6363, lr_0 = 1.7663e-04
Validation rmse = 3.110351
Epoch 8
Loss = 1.1267e-01, PNorm = 120.1247, GNorm = 0.6771, lr_0 = 1.7270e-04
Loss = 1.1369e-01, PNorm = 120.1396, GNorm = 0.6643, lr_0 = 1.6886e-04
Loss = 1.0936e-01, PNorm = 120.1513, GNorm = 0.4236, lr_0 = 1.6511e-04
Loss = 1.2055e-01, PNorm = 120.1595, GNorm = 0.7253, lr_0 = 1.6144e-04
Loss = 1.0729e-01, PNorm = 120.1707, GNorm = 1.0601, lr_0 = 1.5785e-04
Loss = 1.1122e-01, PNorm = 120.1828, GNorm = 0.7810, lr_0 = 1.5434e-04
Loss = 1.2843e-01, PNorm = 120.1965, GNorm = 0.7289, lr_0 = 1.5091e-04
Loss = 1.4561e-01, PNorm = 120.2061, GNorm = 0.8677, lr_0 = 1.4755e-04
Loss = 1.0178e-01, PNorm = 120.2143, GNorm = 0.5777, lr_0 = 1.4427e-04
Loss = 1.1493e-01, PNorm = 120.2252, GNorm = 0.6519, lr_0 = 1.4106e-04
Loss = 1.0648e-01, PNorm = 120.2365, GNorm = 0.6132, lr_0 = 1.3793e-04
Loss = 9.3326e-02, PNorm = 120.2446, GNorm = 1.0816, lr_0 = 1.3486e-04
Loss = 1.0943e-01, PNorm = 120.2534, GNorm = 0.7724, lr_0 = 1.3186e-04
Validation rmse = 2.790551
Epoch 9
Loss = 9.3703e-02, PNorm = 120.2597, GNorm = 0.6448, lr_0 = 1.2864e-04
Loss = 1.1616e-01, PNorm = 120.2687, GNorm = 1.0144, lr_0 = 1.2578e-04
Loss = 1.0055e-01, PNorm = 120.2782, GNorm = 0.6753, lr_0 = 1.2298e-04
Loss = 1.3350e-01, PNorm = 120.2890, GNorm = 1.2641, lr_0 = 1.2025e-04
Loss = 1.0649e-01, PNorm = 120.2975, GNorm = 0.7276, lr_0 = 1.1757e-04
Loss = 9.3227e-02, PNorm = 120.3068, GNorm = 0.5179, lr_0 = 1.1496e-04
Loss = 8.7099e-02, PNorm = 120.3142, GNorm = 0.7055, lr_0 = 1.1240e-04
Loss = 1.0455e-01, PNorm = 120.3184, GNorm = 0.6489, lr_0 = 1.0990e-04
Loss = 9.4763e-02, PNorm = 120.3234, GNorm = 0.5471, lr_0 = 1.0746e-04
Loss = 1.0109e-01, PNorm = 120.3289, GNorm = 1.2449, lr_0 = 1.0507e-04
Loss = 1.0784e-01, PNorm = 120.3376, GNorm = 0.6998, lr_0 = 1.0274e-04
Loss = 1.1171e-01, PNorm = 120.3462, GNorm = 0.6864, lr_0 = 1.0045e-04
Loss = 7.9548e-02, PNorm = 120.3529, GNorm = 0.7279, lr_0 = 1.0000e-04
Validation rmse = 2.842905
Model 0 best validation rmse = 2.790551 on epoch 8
Loading pretrained parameter "encoder.encoder.0.cached_zero_vector".
Loading pretrained parameter "encoder.encoder.0.W_i.weight".
Loading pretrained parameter "encoder.encoder.0.W_h.weight".
Loading pretrained parameter "encoder.encoder.0.W_o.weight".
Loading pretrained parameter "encoder.encoder.0.W_o.bias".
Loading pretrained parameter "encoder.encoder.1.cached_zero_vector".
Loading pretrained parameter "encoder.encoder.1.W_i.weight".
Loading pretrained parameter "encoder.encoder.1.W_h.weight".
Loading pretrained parameter "encoder.encoder.1.W_o.weight".
Loading pretrained parameter "encoder.encoder.1.W_o.bias".
Loading pretrained parameter "ffn.1.weight".
Loading pretrained parameter "ffn.1.bias".
Loading pretrained parameter "ffn.4.weight".
Loading pretrained parameter "ffn.4.bias".
Loading pretrained parameter "ffn.7.weight".
Loading pretrained parameter "ffn.7.bias".
Model 0 test rmse = 13.444534
Ensemble test rmse = 2.572627
Fold 1
Splitting data with seed 1
Total size = 8,018 | train size = 6,414 | val size = 802 | test size = 802
Fitting scaler
Building model 0
MoleculeModel(
  (encoder): MPN(
    (encoder): ModuleList(
      (0): MPNEncoder(
        (dropout_layer): Dropout(p=0.1, inplace=False)
        (act_func): ReLU()
        (W_i): Linear(in_features=147, out_features=1900, bias=False)
        (W_h): Linear(in_features=1900, out_features=1900, bias=False)
        (W_o): Linear(in_features=2033, out_features=1900, bias=True)
      )
      (1): MPNEncoder(
        (dropout_layer): Dropout(p=0.1, inplace=False)
        (act_func): ReLU()
        (W_i): Linear(in_features=147, out_features=1900, bias=False)
        (W_h): Linear(in_features=1900, out_features=1900, bias=False)
        (W_o): Linear(in_features=2033, out_features=1900, bias=True)
      )
    )
  )
  (ffn): Sequential(
    (0): Dropout(p=0.1, inplace=False)
    (1): Linear(in_features=3800, out_features=1900, bias=True)
    (2): ReLU()
    (3): Dropout(p=0.1, inplace=False)
    (4): Linear(in_features=1900, out_features=1900, bias=True)
    (5): ReLU()
    (6): Dropout(p=0.1, inplace=False)
    (7): Linear(in_features=1900, out_features=2, bias=True)
  )
)
Number of parameters = 26,349,202
Epoch 0
Loss = 1.0515e+00, PNorm = 112.7667, GNorm = 2.0883, lr_0 = 1.3867e-04
Loss = 1.0666e+00, PNorm = 112.7864, GNorm = 1.6455, lr_0 = 1.7383e-04
Loss = 7.9682e-01, PNorm = 112.8097, GNorm = 3.2883, lr_0 = 2.0898e-04
Loss = 7.1115e-01, PNorm = 112.8344, GNorm = 2.7774, lr_0 = 2.4414e-04
Loss = 9.2554e-01, PNorm = 112.8633, GNorm = 2.6959, lr_0 = 2.7930e-04
Loss = 8.2710e-01, PNorm = 112.8994, GNorm = 2.9395, lr_0 = 3.1445e-04
Loss = 7.9627e-01, PNorm = 112.9458, GNorm = 2.5029, lr_0 = 3.4961e-04
Loss = 6.4770e-01, PNorm = 112.9953, GNorm = 4.0599, lr_0 = 3.8477e-04
Loss = 7.7377e-01, PNorm = 113.0580, GNorm = 1.5396, lr_0 = 4.1992e-04
Loss = 7.0849e-01, PNorm = 113.1261, GNorm = 2.3142, lr_0 = 4.5508e-04
Loss = 6.4084e-01, PNorm = 113.1941, GNorm = 0.9415, lr_0 = 4.9023e-04
Loss = 6.4832e-01, PNorm = 113.2781, GNorm = 1.3797, lr_0 = 5.2539e-04
Validation rmse = 6.029033
Epoch 1
Loss = 5.6059e-01, PNorm = 113.4017, GNorm = 2.0240, lr_0 = 5.6406e-04
Loss = 7.1377e-01, PNorm = 113.5173, GNorm = 2.1262, lr_0 = 5.9922e-04
Loss = 6.8977e-01, PNorm = 113.6671, GNorm = 0.6712, lr_0 = 6.3438e-04
Loss = 6.0449e-01, PNorm = 113.8438, GNorm = 1.1423, lr_0 = 6.6953e-04
Loss = 6.7807e-01, PNorm = 114.0285, GNorm = 6.0578, lr_0 = 7.0469e-04
Loss = 6.8122e-01, PNorm = 114.2199, GNorm = 3.4952, lr_0 = 7.3984e-04
Loss = 5.8624e-01, PNorm = 114.3772, GNorm = 3.1999, lr_0 = 7.7500e-04
Loss = 5.8754e-01, PNorm = 114.5427, GNorm = 3.9446, lr_0 = 8.1016e-04
Loss = 5.7022e-01, PNorm = 114.6985, GNorm = 3.1379, lr_0 = 8.4531e-04
Loss = 6.1851e-01, PNorm = 114.9089, GNorm = 1.4571, lr_0 = 8.8047e-04
Loss = 5.2572e-01, PNorm = 115.1068, GNorm = 1.7504, lr_0 = 9.1562e-04
Loss = 5.2426e-01, PNorm = 115.2995, GNorm = 0.8814, lr_0 = 9.5078e-04
Loss = 5.6388e-01, PNorm = 115.4950, GNorm = 1.7625, lr_0 = 9.8594e-04
Validation rmse = 5.559708
Epoch 2
Loss = 5.3953e-01, PNorm = 115.7264, GNorm = 0.9505, lr_0 = 9.8438e-04
Loss = 5.2763e-01, PNorm = 115.9103, GNorm = 0.6736, lr_0 = 9.6249e-04
Loss = 4.4468e-01, PNorm = 116.0687, GNorm = 0.4105, lr_0 = 9.4109e-04
Loss = 4.1035e-01, PNorm = 116.2047, GNorm = 0.8282, lr_0 = 9.2017e-04
Loss = 4.0783e-01, PNorm = 116.3527, GNorm = 5.0401, lr_0 = 8.9971e-04
Loss = 3.6644e-01, PNorm = 116.5159, GNorm = 1.0392, lr_0 = 8.7970e-04
Loss = 3.6192e-01, PNorm = 116.6770, GNorm = 2.4435, lr_0 = 8.6014e-04
Loss = 4.8916e-01, PNorm = 116.8343, GNorm = 1.3783, lr_0 = 8.4102e-04
Loss = 4.7353e-01, PNorm = 117.0211, GNorm = 2.8167, lr_0 = 8.2232e-04
Loss = 4.3573e-01, PNorm = 117.1936, GNorm = 1.9115, lr_0 = 8.0403e-04
Loss = 4.9744e-01, PNorm = 117.3953, GNorm = 1.1882, lr_0 = 7.8615e-04
Loss = 4.0357e-01, PNorm = 117.5963, GNorm = 3.3258, lr_0 = 7.6867e-04
Loss = 3.7752e-01, PNorm = 117.7420, GNorm = 1.5631, lr_0 = 7.5158e-04
Validation rmse = 4.456444
Epoch 3
Loss = 4.2369e-01, PNorm = 117.8963, GNorm = 2.9942, lr_0 = 7.3322e-04
Loss = 3.0990e-01, PNorm = 118.0192, GNorm = 0.9624, lr_0 = 7.1692e-04
Loss = 3.0827e-01, PNorm = 118.1205, GNorm = 2.7728, lr_0 = 7.0098e-04
Loss = 3.4621e-01, PNorm = 118.2300, GNorm = 1.1370, lr_0 = 6.8539e-04
Loss = 3.1884e-01, PNorm = 118.3396, GNorm = 0.8745, lr_0 = 6.7015e-04
Loss = 2.3684e-01, PNorm = 118.4161, GNorm = 2.4147, lr_0 = 6.5525e-04
Loss = 3.7648e-01, PNorm = 118.5025, GNorm = 1.6703, lr_0 = 6.4068e-04
Loss = 3.2780e-01, PNorm = 118.5954, GNorm = 1.8572, lr_0 = 6.2643e-04
Loss = 3.5145e-01, PNorm = 118.6934, GNorm = 3.2964, lr_0 = 6.1250e-04
Loss = 2.7666e-01, PNorm = 118.7674, GNorm = 0.8259, lr_0 = 5.9889e-04
Loss = 2.6796e-01, PNorm = 118.8364, GNorm = 1.5375, lr_0 = 5.8557e-04
Loss = 2.8351e-01, PNorm = 118.8964, GNorm = 1.6561, lr_0 = 5.7255e-04
Loss = 2.8790e-01, PNorm = 118.9636, GNorm = 0.9855, lr_0 = 5.5982e-04
Validation rmse = 4.163607
Epoch 4
Loss = 2.5527e-01, PNorm = 119.0407, GNorm = 3.1758, lr_0 = 5.4737e-04
Loss = 2.4496e-01, PNorm = 119.1198, GNorm = 1.3782, lr_0 = 5.3520e-04
Loss = 2.6204e-01, PNorm = 119.2021, GNorm = 1.3875, lr_0 = 5.2330e-04
Loss = 2.2675e-01, PNorm = 119.2860, GNorm = 2.5240, lr_0 = 5.1166e-04
Loss = 2.3205e-01, PNorm = 119.3513, GNorm = 0.8254, lr_0 = 5.0029e-04
Loss = 2.4228e-01, PNorm = 119.3979, GNorm = 0.8789, lr_0 = 4.8916e-04
Loss = 1.9626e-01, PNorm = 119.4365, GNorm = 0.9967, lr_0 = 4.7829e-04
Loss = 2.1307e-01, PNorm = 119.4801, GNorm = 1.5917, lr_0 = 4.6765e-04
Loss = 2.2331e-01, PNorm = 119.5228, GNorm = 1.1496, lr_0 = 4.5725e-04
Loss = 2.0306e-01, PNorm = 119.5644, GNorm = 1.2002, lr_0 = 4.4709e-04
Loss = 2.2706e-01, PNorm = 119.6191, GNorm = 1.0126, lr_0 = 4.3714e-04
Loss = 2.3529e-01, PNorm = 119.6610, GNorm = 1.4142, lr_0 = 4.2742e-04
Loss = 1.9680e-01, PNorm = 119.7042, GNorm = 1.6265, lr_0 = 4.1792e-04
Validation rmse = 3.394587
Epoch 5
Loss = 2.3316e-01, PNorm = 119.7678, GNorm = 1.9362, lr_0 = 4.0771e-04
Loss = 1.8341e-01, PNorm = 119.8192, GNorm = 0.8497, lr_0 = 3.9864e-04
Loss = 1.5521e-01, PNorm = 119.8621, GNorm = 0.7926, lr_0 = 3.8978e-04
Loss = 2.1153e-01, PNorm = 119.8925, GNorm = 1.1057, lr_0 = 3.8111e-04
Loss = 1.8554e-01, PNorm = 119.9190, GNorm = 0.6745, lr_0 = 3.7264e-04
Loss = 1.7516e-01, PNorm = 119.9481, GNorm = 1.4651, lr_0 = 3.6435e-04
Loss = 1.8782e-01, PNorm = 119.9856, GNorm = 0.9172, lr_0 = 3.5625e-04
Loss = 1.5529e-01, PNorm = 120.0249, GNorm = 0.9287, lr_0 = 3.4833e-04
Loss = 1.8084e-01, PNorm = 120.0541, GNorm = 1.1168, lr_0 = 3.4059e-04
Loss = 1.5593e-01, PNorm = 120.0866, GNorm = 0.6582, lr_0 = 3.3301e-04
Loss = 1.4928e-01, PNorm = 120.1114, GNorm = 0.7017, lr_0 = 3.2561e-04
Loss = 1.9745e-01, PNorm = 120.1349, GNorm = 1.0371, lr_0 = 3.1837e-04
Validation rmse = 3.143936
Epoch 6
Loss = 1.9674e-01, PNorm = 120.1691, GNorm = 0.9819, lr_0 = 3.1059e-04
Loss = 1.5032e-01, PNorm = 120.2041, GNorm = 0.7191, lr_0 = 3.0368e-04
Loss = 1.7171e-01, PNorm = 120.2369, GNorm = 1.6953, lr_0 = 2.9693e-04
Loss = 1.5169e-01, PNorm = 120.2620, GNorm = 1.2538, lr_0 = 2.9033e-04
Loss = 1.6992e-01, PNorm = 120.2915, GNorm = 0.7456, lr_0 = 2.8387e-04
Loss = 1.3730e-01, PNorm = 120.3163, GNorm = 0.7757, lr_0 = 2.7756e-04
Loss = 1.3177e-01, PNorm = 120.3438, GNorm = 0.5774, lr_0 = 2.7139e-04
Loss = 1.4575e-01, PNorm = 120.3670, GNorm = 0.9998, lr_0 = 2.6536e-04
Loss = 1.4124e-01, PNorm = 120.3869, GNorm = 0.5873, lr_0 = 2.5946e-04
Loss = 1.6130e-01, PNorm = 120.4063, GNorm = 1.4963, lr_0 = 2.5369e-04
Loss = 1.5403e-01, PNorm = 120.4259, GNorm = 0.5667, lr_0 = 2.4805e-04
Loss = 1.4130e-01, PNorm = 120.4477, GNorm = 1.2968, lr_0 = 2.4253e-04
Loss = 1.4351e-01, PNorm = 120.4680, GNorm = 1.2548, lr_0 = 2.3714e-04
Validation rmse = 2.883685
Epoch 7
Loss = 1.2749e-01, PNorm = 120.4911, GNorm = 0.5105, lr_0 = 2.3134e-04
Loss = 1.2636e-01, PNorm = 120.5076, GNorm = 0.9389, lr_0 = 2.2620e-04
Loss = 1.4597e-01, PNorm = 120.5250, GNorm = 0.5687, lr_0 = 2.2117e-04
Loss = 1.2541e-01, PNorm = 120.5410, GNorm = 0.6379, lr_0 = 2.1625e-04
Loss = 1.1708e-01, PNorm = 120.5581, GNorm = 0.7086, lr_0 = 2.1144e-04
Loss = 1.3899e-01, PNorm = 120.5792, GNorm = 0.6893, lr_0 = 2.0674e-04
Loss = 1.3822e-01, PNorm = 120.5952, GNorm = 0.6611, lr_0 = 2.0215e-04
Loss = 1.4011e-01, PNorm = 120.6100, GNorm = 0.7228, lr_0 = 1.9765e-04
Loss = 1.4044e-01, PNorm = 120.6233, GNorm = 2.0677, lr_0 = 1.9326e-04
Loss = 1.4600e-01, PNorm = 120.6361, GNorm = 0.5989, lr_0 = 1.8896e-04
Loss = 1.2017e-01, PNorm = 120.6524, GNorm = 0.7978, lr_0 = 1.8476e-04
Loss = 1.0898e-01, PNorm = 120.6656, GNorm = 0.8881, lr_0 = 1.8065e-04
Loss = 1.2851e-01, PNorm = 120.6772, GNorm = 0.9118, lr_0 = 1.7663e-04
Validation rmse = 2.746059
Epoch 8
Loss = 1.1486e-01, PNorm = 120.6916, GNorm = 1.0917, lr_0 = 1.7270e-04
Loss = 1.1972e-01, PNorm = 120.7080, GNorm = 0.7444, lr_0 = 1.6886e-04
Loss = 1.1554e-01, PNorm = 120.7213, GNorm = 0.6784, lr_0 = 1.6511e-04
Loss = 1.1025e-01, PNorm = 120.7365, GNorm = 0.9619, lr_0 = 1.6144e-04
Loss = 1.0244e-01, PNorm = 120.7507, GNorm = 1.2496, lr_0 = 1.5785e-04
Loss = 1.2331e-01, PNorm = 120.7606, GNorm = 1.0600, lr_0 = 1.5434e-04
Loss = 1.1718e-01, PNorm = 120.7694, GNorm = 0.7585, lr_0 = 1.5091e-04
Loss = 1.3955e-01, PNorm = 120.7768, GNorm = 0.6814, lr_0 = 1.4755e-04
Loss = 1.5854e-01, PNorm = 120.7897, GNorm = 0.7867, lr_0 = 1.4427e-04
Loss = 1.1173e-01, PNorm = 120.8035, GNorm = 0.9842, lr_0 = 1.4106e-04
Loss = 1.3186e-01, PNorm = 120.8153, GNorm = 0.5868, lr_0 = 1.3793e-04
Loss = 1.1695e-01, PNorm = 120.8242, GNorm = 0.7397, lr_0 = 1.3486e-04
Loss = 1.1038e-01, PNorm = 120.8331, GNorm = 0.5351, lr_0 = 1.3186e-04
Validation rmse = 2.654241
Epoch 9
Loss = 1.1934e-01, PNorm = 120.8412, GNorm = 0.8292, lr_0 = 1.2864e-04
Loss = 1.0260e-01, PNorm = 120.8486, GNorm = 0.6841, lr_0 = 1.2578e-04
Loss = 1.0538e-01, PNorm = 120.8571, GNorm = 0.9294, lr_0 = 1.2298e-04
Loss = 1.0576e-01, PNorm = 120.8663, GNorm = 0.7842, lr_0 = 1.2025e-04
Loss = 1.3043e-01, PNorm = 120.8722, GNorm = 1.0985, lr_0 = 1.1757e-04
Loss = 1.1244e-01, PNorm = 120.8820, GNorm = 0.5493, lr_0 = 1.1496e-04
Loss = 1.0356e-01, PNorm = 120.8926, GNorm = 0.8630, lr_0 = 1.1240e-04
Loss = 1.0673e-01, PNorm = 120.9007, GNorm = 0.8656, lr_0 = 1.0990e-04
Loss = 9.3433e-02, PNorm = 120.9082, GNorm = 0.5617, lr_0 = 1.0746e-04
Loss = 1.1768e-01, PNorm = 120.9168, GNorm = 0.7650, lr_0 = 1.0507e-04
Loss = 9.6119e-02, PNorm = 120.9235, GNorm = 0.9535, lr_0 = 1.0274e-04
Loss = 1.1840e-01, PNorm = 120.9276, GNorm = 0.6793, lr_0 = 1.0045e-04
Loss = 1.0370e-01, PNorm = 120.9334, GNorm = 0.9987, lr_0 = 1.0000e-04
Validation rmse = 2.587596
Model 0 best validation rmse = 2.587596 on epoch 9
Loading pretrained parameter "encoder.encoder.0.cached_zero_vector".
Loading pretrained parameter "encoder.encoder.0.W_i.weight".
Loading pretrained parameter "encoder.encoder.0.W_h.weight".
Loading pretrained parameter "encoder.encoder.0.W_o.weight".
Loading pretrained parameter "encoder.encoder.0.W_o.bias".
Loading pretrained parameter "encoder.encoder.1.cached_zero_vector".
Loading pretrained parameter "encoder.encoder.1.W_i.weight".
Loading pretrained parameter "encoder.encoder.1.W_h.weight".
Loading pretrained parameter "encoder.encoder.1.W_o.weight".
Loading pretrained parameter "encoder.encoder.1.W_o.bias".
Loading pretrained parameter "ffn.1.weight".
Loading pretrained parameter "ffn.1.bias".
Loading pretrained parameter "ffn.4.weight".
Loading pretrained parameter "ffn.4.bias".
Loading pretrained parameter "ffn.7.weight".
Loading pretrained parameter "ffn.7.bias".
Model 0 test rmse = 13.944992
Ensemble test rmse = 2.756129
Fold 2
Splitting data with seed 2
Total size = 8,018 | train size = 6,414 | val size = 802 | test size = 802
Fitting scaler
Building model 0
MoleculeModel(
  (encoder): MPN(
    (encoder): ModuleList(
      (0): MPNEncoder(
        (dropout_layer): Dropout(p=0.1, inplace=False)
        (act_func): ReLU()
        (W_i): Linear(in_features=147, out_features=1900, bias=False)
        (W_h): Linear(in_features=1900, out_features=1900, bias=False)
        (W_o): Linear(in_features=2033, out_features=1900, bias=True)
      )
      (1): MPNEncoder(
        (dropout_layer): Dropout(p=0.1, inplace=False)
        (act_func): ReLU()
        (W_i): Linear(in_features=147, out_features=1900, bias=False)
        (W_h): Linear(in_features=1900, out_features=1900, bias=False)
        (W_o): Linear(in_features=2033, out_features=1900, bias=True)
      )
    )
  )
  (ffn): Sequential(
    (0): Dropout(p=0.1, inplace=False)
    (1): Linear(in_features=3800, out_features=1900, bias=True)
    (2): ReLU()
    (3): Dropout(p=0.1, inplace=False)
    (4): Linear(in_features=1900, out_features=1900, bias=True)
    (5): ReLU()
    (6): Dropout(p=0.1, inplace=False)
    (7): Linear(in_features=1900, out_features=2, bias=True)
  )
)
Number of parameters = 26,349,202
Epoch 0
Loss = 1.1694e+00, PNorm = 112.7669, GNorm = 1.8551, lr_0 = 1.3867e-04
Loss = 9.9472e-01, PNorm = 112.7879, GNorm = 1.7318, lr_0 = 1.7383e-04
Loss = 8.6400e-01, PNorm = 112.8110, GNorm = 3.6094, lr_0 = 2.0898e-04
Loss = 8.2297e-01, PNorm = 112.8343, GNorm = 2.4739, lr_0 = 2.4414e-04
Loss = 8.0749e-01, PNorm = 112.8625, GNorm = 6.7809, lr_0 = 2.7930e-04
Loss = 7.6607e-01, PNorm = 112.8948, GNorm = 5.9812, lr_0 = 3.1445e-04
Loss = 7.9857e-01, PNorm = 112.9326, GNorm = 1.5527, lr_0 = 3.4961e-04
Loss = 8.2123e-01, PNorm = 112.9802, GNorm = 2.8942, lr_0 = 3.8477e-04
Loss = 7.6437e-01, PNorm = 113.0381, GNorm = 3.7116, lr_0 = 4.1992e-04
Loss = 7.1658e-01, PNorm = 113.0939, GNorm = 1.6611, lr_0 = 4.5508e-04
Loss = 6.1006e-01, PNorm = 113.1490, GNorm = 1.4282, lr_0 = 4.9023e-04
Loss = 6.9787e-01, PNorm = 113.2078, GNorm = 5.3273, lr_0 = 5.2539e-04
Validation rmse = 5.633087
Epoch 1
Loss = 6.1818e-01, PNorm = 113.2900, GNorm = 6.7103, lr_0 = 5.6406e-04
Loss = 6.7850e-01, PNorm = 113.3818, GNorm = 2.3079, lr_0 = 5.9922e-04
Loss = 7.3121e-01, PNorm = 113.4988, GNorm = 1.2735, lr_0 = 6.3438e-04
Loss = 6.3792e-01, PNorm = 113.6243, GNorm = 3.8711, lr_0 = 6.6953e-04
Loss = 7.4516e-01, PNorm = 113.7484, GNorm = 8.4530, lr_0 = 7.0469e-04
Loss = 7.6817e-01, PNorm = 113.9307, GNorm = 3.2518, lr_0 = 7.3984e-04
Loss = 6.7088e-01, PNorm = 114.1247, GNorm = 1.3196, lr_0 = 7.7500e-04
Loss = 4.9269e-01, PNorm = 114.3019, GNorm = 2.2648, lr_0 = 8.1016e-04
Loss = 7.2742e-01, PNorm = 114.4750, GNorm = 1.1592, lr_0 = 8.4531e-04
Loss = 7.5340e-01, PNorm = 114.6861, GNorm = 0.9616, lr_0 = 8.8047e-04
Loss = 7.1905e-01, PNorm = 114.9005, GNorm = 5.6210, lr_0 = 9.1562e-04
Loss = 6.1573e-01, PNorm = 115.0914, GNorm = 2.5370, lr_0 = 9.5078e-04
Loss = 5.9630e-01, PNorm = 115.2533, GNorm = 2.7686, lr_0 = 9.8594e-04
Validation rmse = 6.038881
Epoch 2
Loss = 6.1413e-01, PNorm = 115.4326, GNorm = 1.5227, lr_0 = 9.8438e-04
Loss = 5.9495e-01, PNorm = 115.6098, GNorm = 0.9959, lr_0 = 9.6249e-04
Loss = 5.8714e-01, PNorm = 115.8018, GNorm = 1.6527, lr_0 = 9.4109e-04
Loss = 4.7820e-01, PNorm = 115.9745, GNorm = 1.9900, lr_0 = 9.2017e-04
Loss = 4.5142e-01, PNorm = 116.1387, GNorm = 1.6663, lr_0 = 8.9971e-04
Loss = 3.9207e-01, PNorm = 116.2969, GNorm = 1.8619, lr_0 = 8.7970e-04
Loss = 4.5886e-01, PNorm = 116.4048, GNorm = 0.8402, lr_0 = 8.6014e-04
Loss = 3.5507e-01, PNorm = 116.5071, GNorm = 1.0973, lr_0 = 8.4102e-04
Loss = 6.1087e-01, PNorm = 116.5993, GNorm = 1.0559, lr_0 = 8.2232e-04
Loss = 7.4658e-01, PNorm = 116.7853, GNorm = 1.5311, lr_0 = 8.0403e-04
Loss = 5.1731e-01, PNorm = 116.9826, GNorm = 2.4140, lr_0 = 7.8615e-04
Loss = 5.2697e-01, PNorm = 117.1576, GNorm = 1.6555, lr_0 = 7.6867e-04
Loss = 4.9889e-01, PNorm = 117.3166, GNorm = 4.9019, lr_0 = 7.5158e-04
Validation rmse = 5.000953
Epoch 3
Loss = 4.3130e-01, PNorm = 117.4811, GNorm = 0.7681, lr_0 = 7.3322e-04
Loss = 4.1649e-01, PNorm = 117.5907, GNorm = 1.8518, lr_0 = 7.1692e-04
Loss = 3.9403e-01, PNorm = 117.7038, GNorm = 0.9283, lr_0 = 7.0098e-04
Loss = 3.5965e-01, PNorm = 117.8080, GNorm = 1.3179, lr_0 = 6.8539e-04
Loss = 3.3596e-01, PNorm = 117.8953, GNorm = 0.8811, lr_0 = 6.7015e-04
Loss = 3.3725e-01, PNorm = 117.9900, GNorm = 2.6660, lr_0 = 6.5525e-04
Loss = 3.0289e-01, PNorm = 118.0755, GNorm = 0.8996, lr_0 = 6.4068e-04
Loss = 2.8920e-01, PNorm = 118.1517, GNorm = 0.9107, lr_0 = 6.2643e-04
Loss = 7.7894e-01, PNorm = 118.2574, GNorm = 1.2659, lr_0 = 6.1250e-04
Loss = 5.8158e-01, PNorm = 118.4340, GNorm = 2.5511, lr_0 = 5.9889e-04
Loss = 4.9008e-01, PNorm = 118.6046, GNorm = 1.2158, lr_0 = 5.8557e-04
Loss = 4.0057e-01, PNorm = 118.7311, GNorm = 0.8897, lr_0 = 5.7255e-04
Loss = 3.6528e-01, PNorm = 118.8220, GNorm = 1.0236, lr_0 = 5.5982e-04
Validation rmse = 4.573480
Epoch 4
Loss = 3.1255e-01, PNorm = 118.9112, GNorm = 0.6062, lr_0 = 5.4737e-04
Loss = 3.6950e-01, PNorm = 118.9836, GNorm = 2.1168, lr_0 = 5.3520e-04
Loss = 2.9781e-01, PNorm = 119.0555, GNorm = 2.5146, lr_0 = 5.2330e-04
Loss = 3.2880e-01, PNorm = 119.1253, GNorm = 1.8973, lr_0 = 5.1166e-04
Loss = 3.3616e-01, PNorm = 119.1828, GNorm = 1.2822, lr_0 = 5.0029e-04
Loss = 2.9691e-01, PNorm = 119.2423, GNorm = 0.8031, lr_0 = 4.8916e-04
Loss = 2.6699e-01, PNorm = 119.3012, GNorm = 1.0093, lr_0 = 4.7829e-04
Loss = 3.0274e-01, PNorm = 119.3584, GNorm = 0.8733, lr_0 = 4.6765e-04
Loss = 2.5850e-01, PNorm = 119.4090, GNorm = 1.2113, lr_0 = 4.5725e-04
Loss = 2.4402e-01, PNorm = 119.4561, GNorm = 0.6775, lr_0 = 4.4709e-04
Loss = 2.4732e-01, PNorm = 119.4978, GNorm = 1.0027, lr_0 = 4.3714e-04
Loss = 2.6512e-01, PNorm = 119.5414, GNorm = 1.5603, lr_0 = 4.2742e-04
Loss = 2.8289e-01, PNorm = 119.5781, GNorm = 0.6284, lr_0 = 4.1792e-04
Validation rmse = 3.769498
Epoch 5
Loss = 2.3857e-01, PNorm = 119.6357, GNorm = 1.3908, lr_0 = 4.0771e-04
Loss = 2.2982e-01, PNorm = 119.6782, GNorm = 1.3353, lr_0 = 3.9864e-04
Loss = 1.9190e-01, PNorm = 119.7184, GNorm = 0.9539, lr_0 = 3.8978e-04
Loss = 2.2500e-01, PNorm = 119.7548, GNorm = 0.9233, lr_0 = 3.8111e-04
Loss = 2.3004e-01, PNorm = 119.7886, GNorm = 0.7595, lr_0 = 3.7264e-04
Loss = 2.4415e-01, PNorm = 119.8242, GNorm = 0.8889, lr_0 = 3.6435e-04
Loss = 2.2312e-01, PNorm = 119.8619, GNorm = 0.6744, lr_0 = 3.5625e-04
Loss = 2.2879e-01, PNorm = 119.8949, GNorm = 0.6908, lr_0 = 3.4833e-04
Loss = 2.3102e-01, PNorm = 119.9298, GNorm = 0.8666, lr_0 = 3.4059e-04
Loss = 2.0759e-01, PNorm = 119.9623, GNorm = 0.6414, lr_0 = 3.3301e-04
Loss = 2.1772e-01, PNorm = 119.9908, GNorm = 0.7122, lr_0 = 3.2561e-04
Loss = 2.1998e-01, PNorm = 120.0163, GNorm = 0.7153, lr_0 = 3.1837e-04
Validation rmse = 3.450151
Epoch 6
Loss = 1.7901e-01, PNorm = 120.0492, GNorm = 0.9923, lr_0 = 3.1059e-04
Loss = 1.9436e-01, PNorm = 120.0826, GNorm = 1.0044, lr_0 = 3.0368e-04
Loss = 2.0603e-01, PNorm = 120.1054, GNorm = 0.9982, lr_0 = 2.9693e-04
Loss = 2.1251e-01, PNorm = 120.1269, GNorm = 0.8516, lr_0 = 2.9033e-04
Loss = 1.6991e-01, PNorm = 120.1556, GNorm = 1.0145, lr_0 = 2.8387e-04
Loss = 1.8948e-01, PNorm = 120.1822, GNorm = 0.9273, lr_0 = 2.7756e-04
Loss = 2.1759e-01, PNorm = 120.2086, GNorm = 2.0393, lr_0 = 2.7139e-04
Loss = 1.9318e-01, PNorm = 120.2321, GNorm = 0.5614, lr_0 = 2.6536e-04
Loss = 1.5919e-01, PNorm = 120.2504, GNorm = 0.9249, lr_0 = 2.5946e-04
Loss = 1.6174e-01, PNorm = 120.2711, GNorm = 0.8971, lr_0 = 2.5369e-04
Loss = 1.7478e-01, PNorm = 120.2888, GNorm = 0.7637, lr_0 = 2.4805e-04
Loss = 1.6516e-01, PNorm = 120.3046, GNorm = 0.7029, lr_0 = 2.4253e-04
Loss = 1.7242e-01, PNorm = 120.3254, GNorm = 0.6513, lr_0 = 2.3714e-04
Validation rmse = 3.109247
Epoch 7
Loss = 1.7007e-01, PNorm = 120.3488, GNorm = 1.7353, lr_0 = 2.3134e-04
Loss = 1.4917e-01, PNorm = 120.3653, GNorm = 1.2199, lr_0 = 2.2620e-04
Loss = 1.8712e-01, PNorm = 120.3859, GNorm = 0.8998, lr_0 = 2.2117e-04
Loss = 1.8458e-01, PNorm = 120.4053, GNorm = 0.6556, lr_0 = 2.1625e-04
Loss = 1.7082e-01, PNorm = 120.4215, GNorm = 0.7774, lr_0 = 2.1144e-04
Loss = 1.5411e-01, PNorm = 120.4366, GNorm = 0.8075, lr_0 = 2.0674e-04
Loss = 1.6753e-01, PNorm = 120.4481, GNorm = 1.3341, lr_0 = 2.0215e-04
Loss = 1.8009e-01, PNorm = 120.4644, GNorm = 0.5416, lr_0 = 1.9765e-04
Loss = 1.4982e-01, PNorm = 120.4814, GNorm = 0.8811, lr_0 = 1.9326e-04
Loss = 1.4364e-01, PNorm = 120.4969, GNorm = 0.6982, lr_0 = 1.8896e-04
Loss = 1.6108e-01, PNorm = 120.5122, GNorm = 0.7806, lr_0 = 1.8476e-04
Loss = 1.5041e-01, PNorm = 120.5304, GNorm = 0.9439, lr_0 = 1.8065e-04
Loss = 1.4900e-01, PNorm = 120.5474, GNorm = 0.5890, lr_0 = 1.7663e-04
Validation rmse = 2.809055
Epoch 8
Loss = 1.5337e-01, PNorm = 120.5585, GNorm = 0.6541, lr_0 = 1.7270e-04
Loss = 1.3174e-01, PNorm = 120.5722, GNorm = 1.0457, lr_0 = 1.6886e-04
Loss = 1.6122e-01, PNorm = 120.5826, GNorm = 0.7426, lr_0 = 1.6511e-04
Loss = 1.6005e-01, PNorm = 120.5933, GNorm = 1.2603, lr_0 = 1.6144e-04
Loss = 1.3446e-01, PNorm = 120.6024, GNorm = 0.5986, lr_0 = 1.5785e-04
Loss = 1.6770e-01, PNorm = 120.6154, GNorm = 1.2007, lr_0 = 1.5434e-04
Loss = 1.4605e-01, PNorm = 120.6271, GNorm = 0.9399, lr_0 = 1.5091e-04
Loss = 1.5653e-01, PNorm = 120.6363, GNorm = 1.0268, lr_0 = 1.4755e-04
Loss = 1.2160e-01, PNorm = 120.6458, GNorm = 0.9163, lr_0 = 1.4427e-04
Loss = 1.2578e-01, PNorm = 120.6585, GNorm = 1.3278, lr_0 = 1.4106e-04
Loss = 1.3615e-01, PNorm = 120.6681, GNorm = 0.5645, lr_0 = 1.3793e-04
Loss = 1.3203e-01, PNorm = 120.6773, GNorm = 1.3060, lr_0 = 1.3486e-04
Loss = 1.2173e-01, PNorm = 120.6867, GNorm = 0.7465, lr_0 = 1.3186e-04
Validation rmse = 2.711871
Epoch 9
Loss = 1.0950e-01, PNorm = 120.6964, GNorm = 0.6817, lr_0 = 1.2864e-04
Loss = 1.2738e-01, PNorm = 120.7050, GNorm = 0.7113, lr_0 = 1.2578e-04
Loss = 1.3435e-01, PNorm = 120.7135, GNorm = 0.4232, lr_0 = 1.2298e-04
Loss = 1.4589e-01, PNorm = 120.7235, GNorm = 0.6378, lr_0 = 1.2025e-04
Loss = 1.2022e-01, PNorm = 120.7310, GNorm = 0.7618, lr_0 = 1.1757e-04
Loss = 1.3495e-01, PNorm = 120.7374, GNorm = 2.2804, lr_0 = 1.1496e-04
Loss = 1.2301e-01, PNorm = 120.7442, GNorm = 0.7513, lr_0 = 1.1240e-04
Loss = 1.1306e-01, PNorm = 120.7503, GNorm = 0.7440, lr_0 = 1.0990e-04
Loss = 1.3775e-01, PNorm = 120.7571, GNorm = 0.8478, lr_0 = 1.0746e-04
Loss = 1.2986e-01, PNorm = 120.7649, GNorm = 0.8905, lr_0 = 1.0507e-04
Loss = 1.1471e-01, PNorm = 120.7717, GNorm = 0.6928, lr_0 = 1.0274e-04
Loss = 1.1098e-01, PNorm = 120.7785, GNorm = 0.8151, lr_0 = 1.0045e-04
Loss = 1.5168e-01, PNorm = 120.7833, GNorm = 2.6657, lr_0 = 1.0000e-04
Validation rmse = 2.604089
Model 0 best validation rmse = 2.604089 on epoch 9
Loading pretrained parameter "encoder.encoder.0.cached_zero_vector".
Loading pretrained parameter "encoder.encoder.0.W_i.weight".
Loading pretrained parameter "encoder.encoder.0.W_h.weight".
Loading pretrained parameter "encoder.encoder.0.W_o.weight".
Loading pretrained parameter "encoder.encoder.0.W_o.bias".
Loading pretrained parameter "encoder.encoder.1.cached_zero_vector".
Loading pretrained parameter "encoder.encoder.1.W_i.weight".
Loading pretrained parameter "encoder.encoder.1.W_h.weight".
Loading pretrained parameter "encoder.encoder.1.W_o.weight".
Loading pretrained parameter "encoder.encoder.1.W_o.bias".
Loading pretrained parameter "ffn.1.weight".
Loading pretrained parameter "ffn.1.bias".
Loading pretrained parameter "ffn.4.weight".
Loading pretrained parameter "ffn.4.bias".
Loading pretrained parameter "ffn.7.weight".
Loading pretrained parameter "ffn.7.bias".
Model 0 test rmse = 13.951785
Ensemble test rmse = 2.798855
Fold 3
Splitting data with seed 3
Total size = 8,018 | train size = 6,414 | val size = 802 | test size = 802
Fitting scaler
Building model 0
MoleculeModel(
  (encoder): MPN(
    (encoder): ModuleList(
      (0): MPNEncoder(
        (dropout_layer): Dropout(p=0.1, inplace=False)
        (act_func): ReLU()
        (W_i): Linear(in_features=147, out_features=1900, bias=False)
        (W_h): Linear(in_features=1900, out_features=1900, bias=False)
        (W_o): Linear(in_features=2033, out_features=1900, bias=True)
      )
      (1): MPNEncoder(
        (dropout_layer): Dropout(p=0.1, inplace=False)
        (act_func): ReLU()
        (W_i): Linear(in_features=147, out_features=1900, bias=False)
        (W_h): Linear(in_features=1900, out_features=1900, bias=False)
        (W_o): Linear(in_features=2033, out_features=1900, bias=True)
      )
    )
  )
  (ffn): Sequential(
    (0): Dropout(p=0.1, inplace=False)
    (1): Linear(in_features=3800, out_features=1900, bias=True)
    (2): ReLU()
    (3): Dropout(p=0.1, inplace=False)
    (4): Linear(in_features=1900, out_features=1900, bias=True)
    (5): ReLU()
    (6): Dropout(p=0.1, inplace=False)
    (7): Linear(in_features=1900, out_features=2, bias=True)
  )
)
Number of parameters = 26,349,202
Epoch 0
Loss = 1.0915e+00, PNorm = 112.7663, GNorm = 2.7651, lr_0 = 1.3867e-04
Loss = 1.0623e+00, PNorm = 112.7848, GNorm = 3.6963, lr_0 = 1.7383e-04
Loss = 9.8525e-01, PNorm = 112.8072, GNorm = 1.0838, lr_0 = 2.0898e-04
Loss = 1.0559e+00, PNorm = 112.8317, GNorm = 1.4759, lr_0 = 2.4414e-04
Loss = 8.8617e-01, PNorm = 112.8609, GNorm = 0.9200, lr_0 = 2.7930e-04
Loss = 6.7541e-01, PNorm = 112.8967, GNorm = 2.9417, lr_0 = 3.1445e-04
Loss = 6.2253e-01, PNorm = 112.9311, GNorm = 1.4822, lr_0 = 3.4961e-04
Loss = 7.2682e-01, PNorm = 112.9786, GNorm = 3.8315, lr_0 = 3.8477e-04
Loss = 6.8489e-01, PNorm = 113.0358, GNorm = 6.9611, lr_0 = 4.1992e-04
Loss = 7.0900e-01, PNorm = 113.0960, GNorm = 1.0635, lr_0 = 4.5508e-04
Loss = 7.2003e-01, PNorm = 113.1681, GNorm = 1.7266, lr_0 = 4.9023e-04
Loss = 7.0344e-01, PNorm = 113.2504, GNorm = 1.5911, lr_0 = 5.2539e-04
Validation rmse = 5.927852
Epoch 1
Loss = 5.6460e-01, PNorm = 113.3532, GNorm = 2.5467, lr_0 = 5.6406e-04
Loss = 6.1045e-01, PNorm = 113.4714, GNorm = 2.0703, lr_0 = 5.9922e-04
Loss = 5.3429e-01, PNorm = 113.6115, GNorm = 1.3957, lr_0 = 6.3438e-04
Loss = 6.7096e-01, PNorm = 113.7572, GNorm = 1.7988, lr_0 = 6.6953e-04
Loss = 5.6109e-01, PNorm = 113.9336, GNorm = 1.9143, lr_0 = 7.0469e-04
Loss = 6.0466e-01, PNorm = 114.0983, GNorm = 1.6206, lr_0 = 7.3984e-04
Loss = 5.7457e-01, PNorm = 114.2656, GNorm = 1.9398, lr_0 = 7.7500e-04
Loss = 5.3126e-01, PNorm = 114.4225, GNorm = 1.8400, lr_0 = 8.1016e-04
Loss = 5.8950e-01, PNorm = 114.5842, GNorm = 1.3958, lr_0 = 8.4531e-04
Loss = 5.9240e-01, PNorm = 114.7971, GNorm = 0.8076, lr_0 = 8.8047e-04
Loss = 5.3559e-01, PNorm = 114.9999, GNorm = 0.8891, lr_0 = 9.1562e-04
Loss = 4.5984e-01, PNorm = 115.1874, GNorm = 0.8577, lr_0 = 9.5078e-04
Loss = 5.3001e-01, PNorm = 115.3769, GNorm = 1.0955, lr_0 = 9.8594e-04
Validation rmse = 5.435653
Epoch 2
Loss = 4.6502e-01, PNorm = 115.5805, GNorm = 2.4836, lr_0 = 9.8438e-04
Loss = 5.0310e-01, PNorm = 115.7422, GNorm = 0.8282, lr_0 = 9.6249e-04
Loss = 5.6647e-01, PNorm = 115.9143, GNorm = 2.0978, lr_0 = 9.4109e-04
Loss = 5.7485e-01, PNorm = 116.1147, GNorm = 0.7340, lr_0 = 9.2017e-04
Loss = 5.1848e-01, PNorm = 116.3408, GNorm = 1.7740, lr_0 = 8.9971e-04
Loss = 3.8133e-01, PNorm = 116.5012, GNorm = 1.4506, lr_0 = 8.7970e-04
Loss = 5.2976e-01, PNorm = 116.6593, GNorm = 4.5313, lr_0 = 8.6014e-04
Loss = 3.9778e-01, PNorm = 116.7676, GNorm = 1.0310, lr_0 = 8.4102e-04
Loss = 3.9892e-01, PNorm = 116.8826, GNorm = 1.7544, lr_0 = 8.2232e-04
Loss = 3.2037e-01, PNorm = 116.9825, GNorm = 1.0923, lr_0 = 8.0403e-04
Loss = 4.0264e-01, PNorm = 117.0714, GNorm = 2.7519, lr_0 = 7.8615e-04
Loss = 2.9431e-01, PNorm = 117.1842, GNorm = 0.7621, lr_0 = 7.6867e-04
Loss = 3.4072e-01, PNorm = 117.2704, GNorm = 0.7283, lr_0 = 7.5158e-04
Validation rmse = 4.542606
Epoch 3
Loss = 2.7105e-01, PNorm = 117.3764, GNorm = 1.2208, lr_0 = 7.3322e-04
Loss = 3.1683e-01, PNorm = 117.4591, GNorm = 0.8007, lr_0 = 7.1692e-04
Loss = 3.4015e-01, PNorm = 117.5710, GNorm = 1.6825, lr_0 = 7.0098e-04
Loss = 3.3077e-01, PNorm = 117.6815, GNorm = 1.7707, lr_0 = 6.8539e-04
Loss = 3.1550e-01, PNorm = 117.7730, GNorm = 1.1292, lr_0 = 6.7015e-04
Loss = 3.6334e-01, PNorm = 117.8711, GNorm = 2.4220, lr_0 = 6.5525e-04
Loss = 2.5026e-01, PNorm = 117.9592, GNorm = 0.6246, lr_0 = 6.4068e-04
Loss = 2.7776e-01, PNorm = 118.0277, GNorm = 0.8622, lr_0 = 6.2643e-04
Loss = 3.5330e-01, PNorm = 118.0972, GNorm = 1.0655, lr_0 = 6.1250e-04
Loss = 2.6657e-01, PNorm = 118.1825, GNorm = 1.7236, lr_0 = 5.9889e-04
Loss = 2.6557e-01, PNorm = 118.2503, GNorm = 0.8794, lr_0 = 5.8557e-04
Loss = 2.9861e-01, PNorm = 118.3370, GNorm = 1.9717, lr_0 = 5.7255e-04
Loss = 2.8942e-01, PNorm = 118.4002, GNorm = 1.5797, lr_0 = 5.5982e-04
Validation rmse = 4.118661
Epoch 4
Loss = 3.1430e-01, PNorm = 118.4809, GNorm = 3.0005, lr_0 = 5.4737e-04
Loss = 2.9751e-01, PNorm = 118.5511, GNorm = 0.8735, lr_0 = 5.3520e-04
Loss = 2.4017e-01, PNorm = 118.6294, GNorm = 1.3696, lr_0 = 5.2330e-04
Loss = 2.0951e-01, PNorm = 118.6857, GNorm = 0.9953, lr_0 = 5.1166e-04
Loss = 2.2147e-01, PNorm = 118.7334, GNorm = 0.6364, lr_0 = 5.0029e-04
Loss = 2.3907e-01, PNorm = 118.7752, GNorm = 1.2830, lr_0 = 4.8916e-04
Loss = 2.1861e-01, PNorm = 118.8183, GNorm = 0.5599, lr_0 = 4.7829e-04
Loss = 2.0720e-01, PNorm = 118.8691, GNorm = 1.0233, lr_0 = 4.6765e-04
Loss = 2.4293e-01, PNorm = 118.9140, GNorm = 1.0981, lr_0 = 4.5725e-04
Loss = 2.4500e-01, PNorm = 118.9608, GNorm = 1.7938, lr_0 = 4.4709e-04
Loss = 2.1049e-01, PNorm = 119.0061, GNorm = 0.9937, lr_0 = 4.3714e-04
Loss = 2.1537e-01, PNorm = 119.0493, GNorm = 0.5397, lr_0 = 4.2742e-04
Loss = 2.1880e-01, PNorm = 119.0902, GNorm = 0.8315, lr_0 = 4.1792e-04
Validation rmse = 3.465333
Epoch 5
Loss = 1.9582e-01, PNorm = 119.1273, GNorm = 0.6503, lr_0 = 4.0771e-04
Loss = 1.8280e-01, PNorm = 119.1661, GNorm = 1.1555, lr_0 = 3.9864e-04
Loss = 1.9130e-01, PNorm = 119.2039, GNorm = 1.2151, lr_0 = 3.8978e-04
Loss = 1.7582e-01, PNorm = 119.2397, GNorm = 0.9220, lr_0 = 3.8111e-04
Loss = 1.7952e-01, PNorm = 119.2723, GNorm = 1.1572, lr_0 = 3.7264e-04
Loss = 1.7778e-01, PNorm = 119.3077, GNorm = 0.7868, lr_0 = 3.6435e-04
Loss = 2.2680e-01, PNorm = 119.3452, GNorm = 0.9894, lr_0 = 3.5625e-04
Loss = 1.7821e-01, PNorm = 119.3739, GNorm = 0.5492, lr_0 = 3.4833e-04
Loss = 2.3706e-01, PNorm = 119.4019, GNorm = 0.8863, lr_0 = 3.4059e-04
Loss = 1.8626e-01, PNorm = 119.4344, GNorm = 0.8125, lr_0 = 3.3301e-04
Loss = 1.8480e-01, PNorm = 119.4654, GNorm = 1.7231, lr_0 = 3.2561e-04
Loss = 1.6671e-01, PNorm = 119.4955, GNorm = 1.7444, lr_0 = 3.1837e-04
Validation rmse = 3.235090
Epoch 6
Loss = 1.5897e-01, PNorm = 119.5226, GNorm = 1.0702, lr_0 = 3.1059e-04
Loss = 1.6635e-01, PNorm = 119.5489, GNorm = 0.7082, lr_0 = 3.0368e-04
Loss = 1.4764e-01, PNorm = 119.5752, GNorm = 0.4427, lr_0 = 2.9693e-04
Loss = 1.4539e-01, PNorm = 119.5986, GNorm = 1.1250, lr_0 = 2.9033e-04
Loss = 1.4412e-01, PNorm = 119.6237, GNorm = 0.7065, lr_0 = 2.8387e-04
Loss = 1.6119e-01, PNorm = 119.6504, GNorm = 0.8498, lr_0 = 2.7756e-04
Loss = 1.4186e-01, PNorm = 119.6694, GNorm = 0.5083, lr_0 = 2.7139e-04
Loss = 1.7228e-01, PNorm = 119.6899, GNorm = 0.7184, lr_0 = 2.6536e-04
Loss = 1.5433e-01, PNorm = 119.7159, GNorm = 0.6937, lr_0 = 2.5946e-04
Loss = 1.3190e-01, PNorm = 119.7324, GNorm = 0.5196, lr_0 = 2.5369e-04
Loss = 1.6142e-01, PNorm = 119.7508, GNorm = 0.8444, lr_0 = 2.4805e-04
Loss = 1.5411e-01, PNorm = 119.7681, GNorm = 1.0278, lr_0 = 2.4253e-04
Loss = 1.8553e-01, PNorm = 119.7876, GNorm = 1.7123, lr_0 = 2.3714e-04
Validation rmse = 3.182402
Epoch 7
Loss = 1.6850e-01, PNorm = 119.8143, GNorm = 0.9941, lr_0 = 2.3134e-04
Loss = 1.3584e-01, PNorm = 119.8405, GNorm = 1.9938, lr_0 = 2.2620e-04
Loss = 1.6998e-01, PNorm = 119.8630, GNorm = 1.0808, lr_0 = 2.2117e-04
Loss = 1.6825e-01, PNorm = 119.8819, GNorm = 0.9277, lr_0 = 2.1625e-04
Loss = 1.3988e-01, PNorm = 119.9023, GNorm = 0.6293, lr_0 = 2.1144e-04
Loss = 1.2881e-01, PNorm = 119.9197, GNorm = 1.1126, lr_0 = 2.0674e-04
Loss = 1.3415e-01, PNorm = 119.9374, GNorm = 0.8039, lr_0 = 2.0215e-04
Loss = 1.4684e-01, PNorm = 119.9561, GNorm = 0.8961, lr_0 = 1.9765e-04
Loss = 1.4155e-01, PNorm = 119.9732, GNorm = 1.6082, lr_0 = 1.9326e-04
Loss = 1.5448e-01, PNorm = 119.9867, GNorm = 1.5262, lr_0 = 1.8896e-04
Loss = 1.5339e-01, PNorm = 120.0000, GNorm = 0.7920, lr_0 = 1.8476e-04
Loss = 1.2672e-01, PNorm = 120.0137, GNorm = 0.9057, lr_0 = 1.8065e-04
Loss = 1.4448e-01, PNorm = 120.0296, GNorm = 0.7938, lr_0 = 1.7663e-04
Validation rmse = 2.839215
Epoch 8
Loss = 1.2063e-01, PNorm = 120.0422, GNorm = 0.7159, lr_0 = 1.7270e-04
Loss = 1.3195e-01, PNorm = 120.0552, GNorm = 0.6938, lr_0 = 1.6886e-04
Loss = 1.1554e-01, PNorm = 120.0652, GNorm = 0.4724, lr_0 = 1.6511e-04
Loss = 1.0844e-01, PNorm = 120.0765, GNorm = 0.6022, lr_0 = 1.6144e-04
Loss = 1.1732e-01, PNorm = 120.0869, GNorm = 0.5798, lr_0 = 1.5785e-04
Loss = 1.0265e-01, PNorm = 120.0978, GNorm = 0.5380, lr_0 = 1.5434e-04
Loss = 1.2213e-01, PNorm = 120.1077, GNorm = 0.9484, lr_0 = 1.5091e-04
Loss = 1.1561e-01, PNorm = 120.1155, GNorm = 0.9236, lr_0 = 1.4755e-04
Loss = 1.5009e-01, PNorm = 120.1257, GNorm = 0.6054, lr_0 = 1.4427e-04
Loss = 1.1506e-01, PNorm = 120.1346, GNorm = 1.3263, lr_0 = 1.4106e-04
Loss = 1.2197e-01, PNorm = 120.1461, GNorm = 1.4842, lr_0 = 1.3793e-04
Loss = 1.3027e-01, PNorm = 120.1544, GNorm = 0.5871, lr_0 = 1.3486e-04
Loss = 1.2587e-01, PNorm = 120.1633, GNorm = 0.6991, lr_0 = 1.3186e-04
Validation rmse = 2.700679
Epoch 9
Loss = 1.0400e-01, PNorm = 120.1735, GNorm = 0.7032, lr_0 = 1.2864e-04
Loss = 1.0084e-01, PNorm = 120.1816, GNorm = 0.5700, lr_0 = 1.2578e-04
Loss = 1.1253e-01, PNorm = 120.1886, GNorm = 0.4963, lr_0 = 1.2298e-04
Loss = 1.1541e-01, PNorm = 120.1953, GNorm = 0.7723, lr_0 = 1.2025e-04
Loss = 1.0648e-01, PNorm = 120.2039, GNorm = 0.8336, lr_0 = 1.1757e-04
Loss = 1.0437e-01, PNorm = 120.2120, GNorm = 0.5467, lr_0 = 1.1496e-04
Loss = 1.0470e-01, PNorm = 120.2196, GNorm = 0.6949, lr_0 = 1.1240e-04
Loss = 1.3077e-01, PNorm = 120.2275, GNorm = 0.9507, lr_0 = 1.0990e-04
Loss = 1.2271e-01, PNorm = 120.2362, GNorm = 0.8094, lr_0 = 1.0746e-04
Loss = 1.0226e-01, PNorm = 120.2430, GNorm = 0.8837, lr_0 = 1.0507e-04
Loss = 1.0849e-01, PNorm = 120.2484, GNorm = 0.6340, lr_0 = 1.0274e-04
Loss = 9.6307e-02, PNorm = 120.2521, GNorm = 0.5996, lr_0 = 1.0045e-04
Loss = 1.0474e-01, PNorm = 120.2589, GNorm = 0.3906, lr_0 = 1.0000e-04
Validation rmse = 2.622260
Model 0 best validation rmse = 2.622260 on epoch 9
Loading pretrained parameter "encoder.encoder.0.cached_zero_vector".
Loading pretrained parameter "encoder.encoder.0.W_i.weight".
Loading pretrained parameter "encoder.encoder.0.W_h.weight".
Loading pretrained parameter "encoder.encoder.0.W_o.weight".
Loading pretrained parameter "encoder.encoder.0.W_o.bias".
Loading pretrained parameter "encoder.encoder.1.cached_zero_vector".
Loading pretrained parameter "encoder.encoder.1.W_i.weight".
Loading pretrained parameter "encoder.encoder.1.W_h.weight".
Loading pretrained parameter "encoder.encoder.1.W_o.weight".
Loading pretrained parameter "encoder.encoder.1.W_o.bias".
Loading pretrained parameter "ffn.1.weight".
Loading pretrained parameter "ffn.1.bias".
Loading pretrained parameter "ffn.4.weight".
Loading pretrained parameter "ffn.4.bias".
Loading pretrained parameter "ffn.7.weight".
Loading pretrained parameter "ffn.7.bias".
Model 0 test rmse = 12.833321
Ensemble test rmse = 2.699394
Fold 4
Splitting data with seed 4
Total size = 8,018 | train size = 6,414 | val size = 802 | test size = 802
Fitting scaler
Building model 0
MoleculeModel(
  (encoder): MPN(
    (encoder): ModuleList(
      (0): MPNEncoder(
        (dropout_layer): Dropout(p=0.1, inplace=False)
        (act_func): ReLU()
        (W_i): Linear(in_features=147, out_features=1900, bias=False)
        (W_h): Linear(in_features=1900, out_features=1900, bias=False)
        (W_o): Linear(in_features=2033, out_features=1900, bias=True)
      )
      (1): MPNEncoder(
        (dropout_layer): Dropout(p=0.1, inplace=False)
        (act_func): ReLU()
        (W_i): Linear(in_features=147, out_features=1900, bias=False)
        (W_h): Linear(in_features=1900, out_features=1900, bias=False)
        (W_o): Linear(in_features=2033, out_features=1900, bias=True)
      )
    )
  )
  (ffn): Sequential(
    (0): Dropout(p=0.1, inplace=False)
    (1): Linear(in_features=3800, out_features=1900, bias=True)
    (2): ReLU()
    (3): Dropout(p=0.1, inplace=False)
    (4): Linear(in_features=1900, out_features=1900, bias=True)
    (5): ReLU()
    (6): Dropout(p=0.1, inplace=False)
    (7): Linear(in_features=1900, out_features=2, bias=True)
  )
)
Number of parameters = 26,349,202
Epoch 0
Loss = 1.1024e+00, PNorm = 112.7663, GNorm = 3.4671, lr_0 = 1.3867e-04
Loss = 9.0395e-01, PNorm = 112.7871, GNorm = 2.9396, lr_0 = 1.7383e-04
Loss = 7.7198e-01, PNorm = 112.8096, GNorm = 3.2159, lr_0 = 2.0898e-04
Loss = 7.5987e-01, PNorm = 112.8317, GNorm = 2.0697, lr_0 = 2.4414e-04
Loss = 7.5684e-01, PNorm = 112.8586, GNorm = 3.7699, lr_0 = 2.7930e-04
Loss = 8.2922e-01, PNorm = 112.8890, GNorm = 2.8185, lr_0 = 3.1445e-04
Loss = 8.2471e-01, PNorm = 112.9294, GNorm = 6.0953, lr_0 = 3.4961e-04
Loss = 7.8165e-01, PNorm = 112.9811, GNorm = 2.5325, lr_0 = 3.8477e-04
Loss = 6.9616e-01, PNorm = 113.0274, GNorm = 3.3379, lr_0 = 4.1992e-04
Loss = 5.8657e-01, PNorm = 113.0836, GNorm = 2.0241, lr_0 = 4.5508e-04
Loss = 7.6246e-01, PNorm = 113.1459, GNorm = 7.9165, lr_0 = 4.9023e-04
Loss = 8.4028e-01, PNorm = 113.2392, GNorm = 1.9723, lr_0 = 5.2539e-04
Validation rmse = 6.634099
Epoch 1
Loss = 8.3667e-01, PNorm = 113.3526, GNorm = 1.2683, lr_0 = 5.6406e-04
Loss = 7.8624e-01, PNorm = 113.4660, GNorm = 0.7522, lr_0 = 5.9922e-04
Loss = 6.5839e-01, PNorm = 113.5870, GNorm = 2.2564, lr_0 = 6.3438e-04
Loss = 5.9950e-01, PNorm = 113.7111, GNorm = 1.1059, lr_0 = 6.6953e-04
Loss = 6.3604e-01, PNorm = 113.8363, GNorm = 1.2619, lr_0 = 7.0469e-04
Loss = 5.7677e-01, PNorm = 113.9557, GNorm = 2.9794, lr_0 = 7.3984e-04
Loss = 5.6901e-01, PNorm = 114.0782, GNorm = 1.2934, lr_0 = 7.7500e-04
Loss = 6.3059e-01, PNorm = 114.2148, GNorm = 2.9173, lr_0 = 8.1016e-04
Loss = 6.9038e-01, PNorm = 114.3913, GNorm = 7.6840, lr_0 = 8.4531e-04
Loss = 6.7079e-01, PNorm = 114.5952, GNorm = 3.1924, lr_0 = 8.8047e-04
Loss = 6.7853e-01, PNorm = 114.8216, GNorm = 3.1004, lr_0 = 9.1562e-04
Loss = 5.9132e-01, PNorm = 115.0208, GNorm = 3.8877, lr_0 = 9.5078e-04
Loss = 5.2514e-01, PNorm = 115.2088, GNorm = 0.7782, lr_0 = 9.8594e-04
Validation rmse = 5.200455
Epoch 2
Loss = 4.1017e-01, PNorm = 115.3971, GNorm = 0.8966, lr_0 = 9.8438e-04
Loss = 4.5864e-01, PNorm = 115.5382, GNorm = 1.3745, lr_0 = 9.6249e-04
Loss = 4.8591e-01, PNorm = 115.6976, GNorm = 1.5428, lr_0 = 9.4109e-04
Loss = 4.8745e-01, PNorm = 115.8658, GNorm = 1.5819, lr_0 = 9.2017e-04
Loss = 4.4777e-01, PNorm = 116.0143, GNorm = 1.0218, lr_0 = 8.9971e-04
Loss = 4.7267e-01, PNorm = 116.1438, GNorm = 1.7425, lr_0 = 8.7970e-04
Loss = 4.5889e-01, PNorm = 116.2678, GNorm = 0.5477, lr_0 = 8.6014e-04
Loss = 4.5853e-01, PNorm = 116.4011, GNorm = 2.7191, lr_0 = 8.4102e-04
Loss = 4.0737e-01, PNorm = 116.5459, GNorm = 0.8241, lr_0 = 8.2232e-04
Loss = 4.3493e-01, PNorm = 116.6659, GNorm = 0.9786, lr_0 = 8.0403e-04
Loss = 4.0598e-01, PNorm = 116.7869, GNorm = 1.2714, lr_0 = 7.8615e-04
Loss = 3.5213e-01, PNorm = 116.8876, GNorm = 1.6040, lr_0 = 7.6867e-04
Loss = 3.7016e-01, PNorm = 116.9746, GNorm = 1.7860, lr_0 = 7.5158e-04
Validation rmse = 4.985523
Epoch 3
Loss = 3.9888e-01, PNorm = 117.0718, GNorm = 1.3217, lr_0 = 7.3322e-04
Loss = 3.3667e-01, PNorm = 117.1741, GNorm = 1.7147, lr_0 = 7.1692e-04
Loss = 3.6506e-01, PNorm = 117.2439, GNorm = 1.3886, lr_0 = 7.0098e-04
Loss = 3.6366e-01, PNorm = 117.3348, GNorm = 2.4944, lr_0 = 6.8539e-04
Loss = 3.3929e-01, PNorm = 117.4149, GNorm = 1.1735, lr_0 = 6.7015e-04
Loss = 3.6167e-01, PNorm = 117.4917, GNorm = 1.6480, lr_0 = 6.5525e-04
Loss = 2.9943e-01, PNorm = 117.5616, GNorm = 0.7787, lr_0 = 6.4068e-04
Loss = 2.3369e-01, PNorm = 117.6315, GNorm = 1.4770, lr_0 = 6.2643e-04
Loss = 3.3000e-01, PNorm = 117.7043, GNorm = 1.7054, lr_0 = 6.1250e-04
Loss = 2.7699e-01, PNorm = 117.7717, GNorm = 0.8292, lr_0 = 5.9889e-04
Loss = 2.7875e-01, PNorm = 117.8496, GNorm = 1.4141, lr_0 = 5.8557e-04
Loss = 2.6663e-01, PNorm = 117.9113, GNorm = 1.0108, lr_0 = 5.7255e-04
Loss = 2.5427e-01, PNorm = 117.9714, GNorm = 0.6416, lr_0 = 5.5982e-04
Validation rmse = 4.091367
Epoch 4
Loss = 2.4552e-01, PNorm = 118.0271, GNorm = 1.6161, lr_0 = 5.4737e-04
Loss = 2.8699e-01, PNorm = 118.0889, GNorm = 1.4068, lr_0 = 5.3520e-04
Loss = 2.8926e-01, PNorm = 118.1598, GNorm = 1.8675, lr_0 = 5.2330e-04
Loss = 2.8642e-01, PNorm = 118.2287, GNorm = 1.1120, lr_0 = 5.1166e-04
Loss = 2.7963e-01, PNorm = 118.2911, GNorm = 2.3141, lr_0 = 5.0029e-04
Loss = 2.3597e-01, PNorm = 118.3468, GNorm = 0.6029, lr_0 = 4.8916e-04
Loss = 2.5189e-01, PNorm = 118.3915, GNorm = 1.8546, lr_0 = 4.7829e-04
Loss = 2.3447e-01, PNorm = 118.4258, GNorm = 0.8156, lr_0 = 4.6765e-04
Loss = 2.1700e-01, PNorm = 118.4709, GNorm = 0.9414, lr_0 = 4.5725e-04
Loss = 2.4191e-01, PNorm = 118.5168, GNorm = 0.9955, lr_0 = 4.4709e-04
Loss = 2.2482e-01, PNorm = 118.5528, GNorm = 0.6643, lr_0 = 4.3714e-04
Loss = 2.2807e-01, PNorm = 118.5954, GNorm = 1.3348, lr_0 = 4.2742e-04
Loss = 2.3358e-01, PNorm = 118.6382, GNorm = 1.1986, lr_0 = 4.1792e-04
Validation rmse = 3.268615
Epoch 5
Loss = 1.8006e-01, PNorm = 118.6875, GNorm = 1.2781, lr_0 = 4.0771e-04
Loss = 2.0766e-01, PNorm = 118.7240, GNorm = 0.8520, lr_0 = 3.9864e-04
Loss = 2.2935e-01, PNorm = 118.7717, GNorm = 1.6948, lr_0 = 3.8978e-04
Loss = 2.1665e-01, PNorm = 118.8114, GNorm = 0.9578, lr_0 = 3.8111e-04
Loss = 2.0688e-01, PNorm = 118.8505, GNorm = 1.0361, lr_0 = 3.7264e-04
Loss = 1.5762e-01, PNorm = 118.8903, GNorm = 0.7488, lr_0 = 3.6435e-04
Loss = 1.6891e-01, PNorm = 118.9266, GNorm = 0.9353, lr_0 = 3.5625e-04
Loss = 1.6836e-01, PNorm = 118.9433, GNorm = 1.3231, lr_0 = 3.4833e-04
Loss = 1.7367e-01, PNorm = 118.9693, GNorm = 1.8629, lr_0 = 3.4059e-04
Loss = 1.8449e-01, PNorm = 118.9990, GNorm = 0.8720, lr_0 = 3.3301e-04
Loss = 1.9642e-01, PNorm = 119.0229, GNorm = 1.1736, lr_0 = 3.2561e-04
Loss = 2.1650e-01, PNorm = 119.0535, GNorm = 1.0312, lr_0 = 3.1837e-04
Validation rmse = 3.244093
Epoch 6
Loss = 1.4174e-01, PNorm = 119.0906, GNorm = 0.7798, lr_0 = 3.1059e-04
Loss = 1.5748e-01, PNorm = 119.1261, GNorm = 1.1017, lr_0 = 3.0368e-04
Loss = 1.5930e-01, PNorm = 119.1446, GNorm = 0.5152, lr_0 = 2.9693e-04
Loss = 1.6519e-01, PNorm = 119.1700, GNorm = 1.3290, lr_0 = 2.9033e-04
Loss = 1.4709e-01, PNorm = 119.1972, GNorm = 1.2190, lr_0 = 2.8387e-04
Loss = 1.7283e-01, PNorm = 119.2206, GNorm = 2.2408, lr_0 = 2.7756e-04
Loss = 1.6827e-01, PNorm = 119.2479, GNorm = 1.0252, lr_0 = 2.7139e-04
Loss = 1.7179e-01, PNorm = 119.2765, GNorm = 1.1305, lr_0 = 2.6536e-04
Loss = 1.9474e-01, PNorm = 119.2984, GNorm = 1.0499, lr_0 = 2.5946e-04
Loss = 1.6056e-01, PNorm = 119.3210, GNorm = 1.2180, lr_0 = 2.5369e-04
Loss = 1.4962e-01, PNorm = 119.3458, GNorm = 1.8781, lr_0 = 2.4805e-04
Loss = 1.3354e-01, PNorm = 119.3660, GNorm = 1.4436, lr_0 = 2.4253e-04
Loss = 1.6570e-01, PNorm = 119.3856, GNorm = 1.4744, lr_0 = 2.3714e-04
Validation rmse = 3.225460
Epoch 7
Loss = 1.3407e-01, PNorm = 119.4066, GNorm = 1.1007, lr_0 = 2.3134e-04
Loss = 1.6032e-01, PNorm = 119.4308, GNorm = 1.9703, lr_0 = 2.2620e-04
Loss = 1.2831e-01, PNorm = 119.4507, GNorm = 1.5093, lr_0 = 2.2117e-04
Loss = 1.5205e-01, PNorm = 119.4681, GNorm = 1.0561, lr_0 = 2.1625e-04
Loss = 1.4168e-01, PNorm = 119.4875, GNorm = 1.0749, lr_0 = 2.1144e-04
Loss = 1.4411e-01, PNorm = 119.5042, GNorm = 0.6311, lr_0 = 2.0674e-04
Loss = 1.4685e-01, PNorm = 119.5215, GNorm = 2.1009, lr_0 = 2.0215e-04
Loss = 1.3930e-01, PNorm = 119.5432, GNorm = 1.0404, lr_0 = 1.9765e-04
Loss = 1.3714e-01, PNorm = 119.5621, GNorm = 1.0625, lr_0 = 1.9326e-04
Loss = 1.7206e-01, PNorm = 119.5762, GNorm = 0.8030, lr_0 = 1.8896e-04
Loss = 1.3547e-01, PNorm = 119.5891, GNorm = 0.9808, lr_0 = 1.8476e-04
Loss = 1.1650e-01, PNorm = 119.6010, GNorm = 0.7104, lr_0 = 1.8065e-04
Loss = 1.2900e-01, PNorm = 119.6114, GNorm = 1.1325, lr_0 = 1.7663e-04
Validation rmse = 2.700085
Epoch 8
Loss = 1.3351e-01, PNorm = 119.6238, GNorm = 0.7814, lr_0 = 1.7270e-04
Loss = 1.0895e-01, PNorm = 119.6370, GNorm = 0.9010, lr_0 = 1.6886e-04
Loss = 1.0776e-01, PNorm = 119.6498, GNorm = 0.7448, lr_0 = 1.6511e-04
Loss = 1.0754e-01, PNorm = 119.6591, GNorm = 0.8758, lr_0 = 1.6144e-04
Loss = 1.1832e-01, PNorm = 119.6692, GNorm = 2.0854, lr_0 = 1.5785e-04
Loss = 1.1057e-01, PNorm = 119.6808, GNorm = 0.8531, lr_0 = 1.5434e-04
Loss = 1.3065e-01, PNorm = 119.6924, GNorm = 2.2778, lr_0 = 1.5091e-04
Loss = 1.3285e-01, PNorm = 119.7044, GNorm = 1.1702, lr_0 = 1.4755e-04
Loss = 1.4301e-01, PNorm = 119.7143, GNorm = 1.3046, lr_0 = 1.4427e-04
Loss = 1.1808e-01, PNorm = 119.7281, GNorm = 0.6318, lr_0 = 1.4106e-04
Loss = 1.6771e-01, PNorm = 119.7383, GNorm = 0.6346, lr_0 = 1.3793e-04
Loss = 9.6129e-02, PNorm = 119.7465, GNorm = 0.9696, lr_0 = 1.3486e-04
Loss = 1.2548e-01, PNorm = 119.7554, GNorm = 0.9073, lr_0 = 1.3186e-04
Validation rmse = 2.576782
Epoch 9
Loss = 1.0343e-01, PNorm = 119.7673, GNorm = 1.2354, lr_0 = 1.2864e-04
Loss = 1.0415e-01, PNorm = 119.7763, GNorm = 1.4071, lr_0 = 1.2578e-04
Loss = 1.1493e-01, PNorm = 119.7851, GNorm = 0.5641, lr_0 = 1.2298e-04
Loss = 1.1777e-01, PNorm = 119.7935, GNorm = 1.1095, lr_0 = 1.2025e-04
Loss = 1.0765e-01, PNorm = 119.8002, GNorm = 0.8911, lr_0 = 1.1757e-04
Loss = 1.4790e-01, PNorm = 119.8095, GNorm = 0.6665, lr_0 = 1.1496e-04
Loss = 1.2266e-01, PNorm = 119.8183, GNorm = 1.5545, lr_0 = 1.1240e-04
Loss = 1.0890e-01, PNorm = 119.8256, GNorm = 0.5571, lr_0 = 1.0990e-04
Loss = 9.4127e-02, PNorm = 119.8311, GNorm = 0.8103, lr_0 = 1.0746e-04
Loss = 1.1224e-01, PNorm = 119.8363, GNorm = 0.6000, lr_0 = 1.0507e-04
Loss = 9.9578e-02, PNorm = 119.8417, GNorm = 0.8363, lr_0 = 1.0274e-04
Loss = 1.1516e-01, PNorm = 119.8479, GNorm = 1.0980, lr_0 = 1.0045e-04
Loss = 1.1417e-01, PNorm = 119.8562, GNorm = 0.8675, lr_0 = 1.0000e-04
Validation rmse = 2.501785
Model 0 best validation rmse = 2.501785 on epoch 9
Loading pretrained parameter "encoder.encoder.0.cached_zero_vector".
Loading pretrained parameter "encoder.encoder.0.W_i.weight".
Loading pretrained parameter "encoder.encoder.0.W_h.weight".
Loading pretrained parameter "encoder.encoder.0.W_o.weight".
Loading pretrained parameter "encoder.encoder.0.W_o.bias".
Loading pretrained parameter "encoder.encoder.1.cached_zero_vector".
Loading pretrained parameter "encoder.encoder.1.W_i.weight".
Loading pretrained parameter "encoder.encoder.1.W_h.weight".
Loading pretrained parameter "encoder.encoder.1.W_o.weight".
Loading pretrained parameter "encoder.encoder.1.W_o.bias".
Loading pretrained parameter "ffn.1.weight".
Loading pretrained parameter "ffn.1.bias".
Loading pretrained parameter "ffn.4.weight".
Loading pretrained parameter "ffn.4.bias".
Loading pretrained parameter "ffn.7.weight".
Loading pretrained parameter "ffn.7.bias".
Model 0 test rmse = 14.907762
Ensemble test rmse = 2.780285
Fold 5
Splitting data with seed 5
Total size = 8,018 | train size = 6,414 | val size = 802 | test size = 802
Fitting scaler
Building model 0
MoleculeModel(
  (encoder): MPN(
    (encoder): ModuleList(
      (0): MPNEncoder(
        (dropout_layer): Dropout(p=0.1, inplace=False)
        (act_func): ReLU()
        (W_i): Linear(in_features=147, out_features=1900, bias=False)
        (W_h): Linear(in_features=1900, out_features=1900, bias=False)
        (W_o): Linear(in_features=2033, out_features=1900, bias=True)
      )
      (1): MPNEncoder(
        (dropout_layer): Dropout(p=0.1, inplace=False)
        (act_func): ReLU()
        (W_i): Linear(in_features=147, out_features=1900, bias=False)
        (W_h): Linear(in_features=1900, out_features=1900, bias=False)
        (W_o): Linear(in_features=2033, out_features=1900, bias=True)
      )
    )
  )
  (ffn): Sequential(
    (0): Dropout(p=0.1, inplace=False)
    (1): Linear(in_features=3800, out_features=1900, bias=True)
    (2): ReLU()
    (3): Dropout(p=0.1, inplace=False)
    (4): Linear(in_features=1900, out_features=1900, bias=True)
    (5): ReLU()
    (6): Dropout(p=0.1, inplace=False)
    (7): Linear(in_features=1900, out_features=2, bias=True)
  )
)
Number of parameters = 26,349,202
Epoch 0
Loss = 1.0718e+00, PNorm = 112.7670, GNorm = 4.1347, lr_0 = 1.3867e-04
Loss = 9.7982e-01, PNorm = 112.7880, GNorm = 4.9062, lr_0 = 1.7383e-04
Loss = 7.7829e-01, PNorm = 112.8100, GNorm = 2.1228, lr_0 = 2.0898e-04
Loss = 7.2315e-01, PNorm = 112.8357, GNorm = 0.8847, lr_0 = 2.4414e-04
Loss = 9.2237e-01, PNorm = 112.8598, GNorm = 4.4948, lr_0 = 2.7930e-04
Loss = 7.9512e-01, PNorm = 112.8905, GNorm = 1.1348, lr_0 = 3.1445e-04
Loss = 8.3743e-01, PNorm = 112.9274, GNorm = 5.9304, lr_0 = 3.4961e-04
Loss = 5.6376e-01, PNorm = 112.9731, GNorm = 1.1497, lr_0 = 3.8477e-04
Loss = 7.3920e-01, PNorm = 113.0199, GNorm = 3.6612, lr_0 = 4.1992e-04
Loss = 7.0872e-01, PNorm = 113.0855, GNorm = 2.0463, lr_0 = 4.5508e-04
Loss = 6.6356e-01, PNorm = 113.1620, GNorm = 1.3184, lr_0 = 4.9023e-04
Loss = 7.1353e-01, PNorm = 113.2424, GNorm = 2.1946, lr_0 = 5.2539e-04
Validation rmse = 6.055729
Epoch 1
Loss = 4.5750e-01, PNorm = 113.3436, GNorm = 2.8191, lr_0 = 5.6406e-04
Loss = 6.9702e-01, PNorm = 113.4437, GNorm = 1.6448, lr_0 = 5.9922e-04
Loss = 6.4213e-01, PNorm = 113.5550, GNorm = 2.0509, lr_0 = 6.3438e-04
Loss = 6.1959e-01, PNorm = 113.6918, GNorm = 2.6051, lr_0 = 6.6953e-04
Loss = 6.1999e-01, PNorm = 113.8529, GNorm = 2.4139, lr_0 = 7.0469e-04
Loss = 5.6315e-01, PNorm = 114.0206, GNorm = 1.2754, lr_0 = 7.3984e-04
Loss = 4.7136e-01, PNorm = 114.1879, GNorm = 2.6520, lr_0 = 7.7500e-04
Loss = 4.7986e-01, PNorm = 114.3563, GNorm = 3.0935, lr_0 = 8.1016e-04
Loss = 5.6140e-01, PNorm = 114.5187, GNorm = 3.7799, lr_0 = 8.4531e-04
Loss = 5.7889e-01, PNorm = 114.7192, GNorm = 2.4451, lr_0 = 8.8047e-04
Loss = 5.6733e-01, PNorm = 114.9219, GNorm = 0.8602, lr_0 = 9.1562e-04
Loss = 4.7458e-01, PNorm = 115.1515, GNorm = 1.8752, lr_0 = 9.5078e-04
Loss = 4.1419e-01, PNorm = 115.3385, GNorm = 1.5129, lr_0 = 9.8594e-04
Validation rmse = 7.729698
Epoch 2
Loss = 8.7712e-01, PNorm = 115.5577, GNorm = 1.8599, lr_0 = 9.8438e-04
Loss = 8.7789e-01, PNorm = 115.8898, GNorm = 0.8550, lr_0 = 9.6249e-04
Loss = 7.9515e-01, PNorm = 116.2469, GNorm = 0.9351, lr_0 = 9.4109e-04
Loss = 5.9948e-01, PNorm = 116.5917, GNorm = 1.8349, lr_0 = 9.2017e-04
Loss = 5.3436e-01, PNorm = 116.8804, GNorm = 4.8704, lr_0 = 8.9971e-04
Loss = 5.0974e-01, PNorm = 117.1055, GNorm = 0.9675, lr_0 = 8.7970e-04
Loss = 4.2438e-01, PNorm = 117.2971, GNorm = 0.6975, lr_0 = 8.6014e-04
Loss = 5.1605e-01, PNorm = 117.4444, GNorm = 5.1676, lr_0 = 8.4102e-04
Loss = 4.2132e-01, PNorm = 117.5755, GNorm = 1.9600, lr_0 = 8.2232e-04
Loss = 4.7771e-01, PNorm = 117.7128, GNorm = 1.0084, lr_0 = 8.0403e-04
Loss = 3.8469e-01, PNorm = 117.8462, GNorm = 1.5012, lr_0 = 7.8615e-04
Loss = 4.2534e-01, PNorm = 117.9502, GNorm = 0.9281, lr_0 = 7.6867e-04
Loss = 3.5734e-01, PNorm = 118.0602, GNorm = 3.1617, lr_0 = 7.5158e-04
Validation rmse = 4.485334
Epoch 3
Loss = 4.1836e-01, PNorm = 118.1849, GNorm = 4.7403, lr_0 = 7.3322e-04
Loss = 3.5272e-01, PNorm = 118.2994, GNorm = 9.4620, lr_0 = 7.1692e-04
Loss = 3.5656e-01, PNorm = 118.4092, GNorm = 0.9212, lr_0 = 7.0098e-04
Loss = 3.3004e-01, PNorm = 118.5239, GNorm = 2.0842, lr_0 = 6.8539e-04
Loss = 3.5166e-01, PNorm = 118.6346, GNorm = 2.9107, lr_0 = 6.7015e-04
Loss = 3.7021e-01, PNorm = 118.7463, GNorm = 0.9868, lr_0 = 6.5525e-04
Loss = 3.2999e-01, PNorm = 118.8423, GNorm = 0.9881, lr_0 = 6.4068e-04
Loss = 2.9967e-01, PNorm = 118.9262, GNorm = 1.8076, lr_0 = 6.2643e-04
Loss = 3.1534e-01, PNorm = 118.9924, GNorm = 0.9325, lr_0 = 6.1250e-04
Loss = 3.2405e-01, PNorm = 119.0926, GNorm = 0.9385, lr_0 = 5.9889e-04
Loss = 2.6340e-01, PNorm = 119.1912, GNorm = 0.7436, lr_0 = 5.8557e-04
Loss = 2.7698e-01, PNorm = 119.2616, GNorm = 0.7518, lr_0 = 5.7255e-04
Loss = 2.6256e-01, PNorm = 119.3340, GNorm = 1.4720, lr_0 = 5.5982e-04
Validation rmse = 3.828932
Epoch 4
Loss = 2.3417e-01, PNorm = 119.4055, GNorm = 0.7479, lr_0 = 5.4737e-04
Loss = 2.1128e-01, PNorm = 119.4670, GNorm = 0.5802, lr_0 = 5.3520e-04
Loss = 2.3085e-01, PNorm = 119.5231, GNorm = 0.5200, lr_0 = 5.2330e-04
Loss = 2.4580e-01, PNorm = 119.5789, GNorm = 0.9603, lr_0 = 5.1166e-04
Loss = 2.3150e-01, PNorm = 119.6360, GNorm = 1.3149, lr_0 = 5.0029e-04
Loss = 2.6263e-01, PNorm = 119.6922, GNorm = 1.3116, lr_0 = 4.8916e-04
Loss = 2.4372e-01, PNorm = 119.7489, GNorm = 0.8144, lr_0 = 4.7829e-04
Loss = 2.3944e-01, PNorm = 119.8026, GNorm = 1.4413, lr_0 = 4.6765e-04
Loss = 2.1730e-01, PNorm = 119.8550, GNorm = 5.0894, lr_0 = 4.5725e-04
Loss = 2.3232e-01, PNorm = 119.9001, GNorm = 0.9004, lr_0 = 4.4709e-04
Loss = 2.5509e-01, PNorm = 119.9532, GNorm = 1.1689, lr_0 = 4.3714e-04
Loss = 2.0926e-01, PNorm = 120.0062, GNorm = 0.6929, lr_0 = 4.2742e-04
Loss = 2.0178e-01, PNorm = 120.0640, GNorm = 2.2274, lr_0 = 4.1792e-04
Validation rmse = 3.539288
Epoch 5
Loss = 2.0824e-01, PNorm = 120.1133, GNorm = 0.6896, lr_0 = 4.0771e-04
Loss = 1.8691e-01, PNorm = 120.1524, GNorm = 0.7704, lr_0 = 3.9864e-04
Loss = 1.8560e-01, PNorm = 120.1899, GNorm = 1.0740, lr_0 = 3.8978e-04
Loss = 1.8986e-01, PNorm = 120.2224, GNorm = 0.9434, lr_0 = 3.8111e-04
Loss = 1.8461e-01, PNorm = 120.2549, GNorm = 0.5303, lr_0 = 3.7264e-04
Loss = 2.1691e-01, PNorm = 120.3000, GNorm = 2.2630, lr_0 = 3.6435e-04
Loss = 1.9831e-01, PNorm = 120.3405, GNorm = 0.6247, lr_0 = 3.5625e-04
Loss = 1.8781e-01, PNorm = 120.3811, GNorm = 0.9716, lr_0 = 3.4833e-04
Loss = 1.8374e-01, PNorm = 120.4053, GNorm = 0.5756, lr_0 = 3.4059e-04
Loss = 1.7725e-01, PNorm = 120.4338, GNorm = 1.3874, lr_0 = 3.3301e-04
Loss = 1.7381e-01, PNorm = 120.4687, GNorm = 1.6851, lr_0 = 3.2561e-04
Loss = 1.8882e-01, PNorm = 120.5014, GNorm = 1.1490, lr_0 = 3.1837e-04
Validation rmse = 3.179886
Epoch 6
Loss = 1.2846e-01, PNorm = 120.5280, GNorm = 1.1807, lr_0 = 3.1059e-04
Loss = 1.5462e-01, PNorm = 120.5534, GNorm = 0.6987, lr_0 = 3.0368e-04
Loss = 1.4249e-01, PNorm = 120.5784, GNorm = 0.7998, lr_0 = 2.9693e-04
Loss = 2.0247e-01, PNorm = 120.6035, GNorm = 0.8185, lr_0 = 2.9033e-04
Loss = 1.7141e-01, PNorm = 120.6323, GNorm = 1.2506, lr_0 = 2.8387e-04
Loss = 1.6606e-01, PNorm = 120.6600, GNorm = 0.8423, lr_0 = 2.7756e-04
Loss = 1.2881e-01, PNorm = 120.6840, GNorm = 0.6382, lr_0 = 2.7139e-04
Loss = 1.5006e-01, PNorm = 120.7077, GNorm = 1.2315, lr_0 = 2.6536e-04
Loss = 1.5341e-01, PNorm = 120.7293, GNorm = 0.8156, lr_0 = 2.5946e-04
Loss = 1.4104e-01, PNorm = 120.7491, GNorm = 0.9536, lr_0 = 2.5369e-04
Loss = 1.4865e-01, PNorm = 120.7684, GNorm = 0.7699, lr_0 = 2.4805e-04
Loss = 1.2572e-01, PNorm = 120.7886, GNorm = 1.7463, lr_0 = 2.4253e-04
Loss = 1.6136e-01, PNorm = 120.8073, GNorm = 2.0935, lr_0 = 2.3714e-04
Validation rmse = 2.995997
Epoch 7
Loss = 1.1305e-01, PNorm = 120.8230, GNorm = 0.9075, lr_0 = 2.3134e-04
Loss = 1.1078e-01, PNorm = 120.8404, GNorm = 1.0934, lr_0 = 2.2620e-04
Loss = 1.2344e-01, PNorm = 120.8535, GNorm = 0.6091, lr_0 = 2.2117e-04
Loss = 1.5004e-01, PNorm = 120.8724, GNorm = 0.8887, lr_0 = 2.1625e-04
Loss = 1.3885e-01, PNorm = 120.8906, GNorm = 0.7512, lr_0 = 2.1144e-04
Loss = 1.4573e-01, PNorm = 120.9084, GNorm = 1.3921, lr_0 = 2.0674e-04
Loss = 1.4899e-01, PNorm = 120.9287, GNorm = 0.5435, lr_0 = 2.0215e-04
Loss = 1.1338e-01, PNorm = 120.9494, GNorm = 0.9953, lr_0 = 1.9765e-04
Loss = 1.6146e-01, PNorm = 120.9629, GNorm = 0.7334, lr_0 = 1.9326e-04
Loss = 1.2389e-01, PNorm = 120.9776, GNorm = 0.5025, lr_0 = 1.8896e-04
Loss = 1.3154e-01, PNorm = 120.9939, GNorm = 0.6063, lr_0 = 1.8476e-04
Loss = 1.2488e-01, PNorm = 121.0078, GNorm = 0.6229, lr_0 = 1.8065e-04
Loss = 1.2152e-01, PNorm = 121.0186, GNorm = 0.7774, lr_0 = 1.7663e-04
Validation rmse = 2.822026
Epoch 8
Loss = 9.3774e-02, PNorm = 121.0264, GNorm = 0.4828, lr_0 = 1.7270e-04
Loss = 1.0401e-01, PNorm = 121.0382, GNorm = 0.5390, lr_0 = 1.6886e-04
Loss = 1.4873e-01, PNorm = 121.0505, GNorm = 0.4763, lr_0 = 1.6511e-04
Loss = 1.1155e-01, PNorm = 121.0618, GNorm = 0.7240, lr_0 = 1.6144e-04
Loss = 1.5046e-01, PNorm = 121.0752, GNorm = 0.4994, lr_0 = 1.5785e-04
Loss = 1.1859e-01, PNorm = 121.0857, GNorm = 0.8337, lr_0 = 1.5434e-04
Loss = 1.3804e-01, PNorm = 121.0985, GNorm = 0.8233, lr_0 = 1.5091e-04
Loss = 1.4318e-01, PNorm = 121.1105, GNorm = 1.0673, lr_0 = 1.4755e-04
Loss = 1.0502e-01, PNorm = 121.1188, GNorm = 0.8616, lr_0 = 1.4427e-04
Loss = 9.9824e-02, PNorm = 121.1256, GNorm = 0.4990, lr_0 = 1.4106e-04
Loss = 1.0787e-01, PNorm = 121.1351, GNorm = 0.5750, lr_0 = 1.3793e-04
Loss = 9.5028e-02, PNorm = 121.1435, GNorm = 0.4949, lr_0 = 1.3486e-04
Loss = 1.0043e-01, PNorm = 121.1516, GNorm = 0.8788, lr_0 = 1.3186e-04
Validation rmse = 2.658023
Epoch 9
Loss = 9.4448e-02, PNorm = 121.1595, GNorm = 0.5628, lr_0 = 1.2864e-04
Loss = 1.4082e-01, PNorm = 121.1686, GNorm = 0.8810, lr_0 = 1.2578e-04
Loss = 1.1067e-01, PNorm = 121.1776, GNorm = 0.4828, lr_0 = 1.2298e-04
Loss = 1.1835e-01, PNorm = 121.1860, GNorm = 2.1474, lr_0 = 1.2025e-04
Loss = 1.0349e-01, PNorm = 121.1947, GNorm = 0.7309, lr_0 = 1.1757e-04
Loss = 1.0111e-01, PNorm = 121.2047, GNorm = 0.8332, lr_0 = 1.1496e-04
Loss = 1.1700e-01, PNorm = 121.2144, GNorm = 0.6044, lr_0 = 1.1240e-04
Loss = 1.1059e-01, PNorm = 121.2201, GNorm = 0.5354, lr_0 = 1.0990e-04
Loss = 1.0229e-01, PNorm = 121.2270, GNorm = 1.2610, lr_0 = 1.0746e-04
Loss = 1.1341e-01, PNorm = 121.2335, GNorm = 0.5332, lr_0 = 1.0507e-04
Loss = 1.1399e-01, PNorm = 121.2404, GNorm = 0.4093, lr_0 = 1.0274e-04
Loss = 9.9804e-02, PNorm = 121.2467, GNorm = 1.1705, lr_0 = 1.0045e-04
Loss = 9.2966e-02, PNorm = 121.2529, GNorm = 0.9799, lr_0 = 1.0000e-04
Validation rmse = 2.561400
Model 0 best validation rmse = 2.561400 on epoch 9
Loading pretrained parameter "encoder.encoder.0.cached_zero_vector".
Loading pretrained parameter "encoder.encoder.0.W_i.weight".
Loading pretrained parameter "encoder.encoder.0.W_h.weight".
Loading pretrained parameter "encoder.encoder.0.W_o.weight".
Loading pretrained parameter "encoder.encoder.0.W_o.bias".
Loading pretrained parameter "encoder.encoder.1.cached_zero_vector".
Loading pretrained parameter "encoder.encoder.1.W_i.weight".
Loading pretrained parameter "encoder.encoder.1.W_h.weight".
Loading pretrained parameter "encoder.encoder.1.W_o.weight".
Loading pretrained parameter "encoder.encoder.1.W_o.bias".
Loading pretrained parameter "ffn.1.weight".
Loading pretrained parameter "ffn.1.bias".
Loading pretrained parameter "ffn.4.weight".
Loading pretrained parameter "ffn.4.bias".
Loading pretrained parameter "ffn.7.weight".
Loading pretrained parameter "ffn.7.bias".
Model 0 test rmse = 13.478657
Ensemble test rmse = 2.670326
Fold 6
Splitting data with seed 6
Total size = 8,018 | train size = 6,414 | val size = 802 | test size = 802
Fitting scaler
Building model 0
MoleculeModel(
  (encoder): MPN(
    (encoder): ModuleList(
      (0): MPNEncoder(
        (dropout_layer): Dropout(p=0.1, inplace=False)
        (act_func): ReLU()
        (W_i): Linear(in_features=147, out_features=1900, bias=False)
        (W_h): Linear(in_features=1900, out_features=1900, bias=False)
        (W_o): Linear(in_features=2033, out_features=1900, bias=True)
      )
      (1): MPNEncoder(
        (dropout_layer): Dropout(p=0.1, inplace=False)
        (act_func): ReLU()
        (W_i): Linear(in_features=147, out_features=1900, bias=False)
        (W_h): Linear(in_features=1900, out_features=1900, bias=False)
        (W_o): Linear(in_features=2033, out_features=1900, bias=True)
      )
    )
  )
  (ffn): Sequential(
    (0): Dropout(p=0.1, inplace=False)
    (1): Linear(in_features=3800, out_features=1900, bias=True)
    (2): ReLU()
    (3): Dropout(p=0.1, inplace=False)
    (4): Linear(in_features=1900, out_features=1900, bias=True)
    (5): ReLU()
    (6): Dropout(p=0.1, inplace=False)
    (7): Linear(in_features=1900, out_features=2, bias=True)
  )
)
Number of parameters = 26,349,202
Epoch 0
Loss = 1.0465e+00, PNorm = 112.7668, GNorm = 3.1519, lr_0 = 1.3867e-04
Loss = 9.0865e-01, PNorm = 112.7871, GNorm = 7.3581, lr_0 = 1.7383e-04
Loss = 8.8308e-01, PNorm = 112.8061, GNorm = 1.5677, lr_0 = 2.0898e-04
Loss = 7.7609e-01, PNorm = 112.8301, GNorm = 0.8898, lr_0 = 2.4414e-04
Loss = 7.9825e-01, PNorm = 112.8571, GNorm = 2.4069, lr_0 = 2.7930e-04
Loss = 6.3637e-01, PNorm = 112.8923, GNorm = 2.0362, lr_0 = 3.1445e-04
Loss = 7.5764e-01, PNorm = 112.9318, GNorm = 1.6456, lr_0 = 3.4961e-04
Loss = 6.5209e-01, PNorm = 112.9763, GNorm = 2.3679, lr_0 = 3.8477e-04
Loss = 6.4323e-01, PNorm = 113.0274, GNorm = 1.8791, lr_0 = 4.1992e-04
Loss = 8.1199e-01, PNorm = 113.0764, GNorm = 2.0244, lr_0 = 4.5508e-04
Loss = 8.0951e-01, PNorm = 113.1453, GNorm = 1.6624, lr_0 = 4.9023e-04
Loss = 7.2370e-01, PNorm = 113.2250, GNorm = 2.6111, lr_0 = 5.2539e-04
Validation rmse = 6.578770
Epoch 1
Loss = 6.8682e-01, PNorm = 113.3199, GNorm = 13.0137, lr_0 = 5.6406e-04
Loss = 7.5083e-01, PNorm = 113.4293, GNorm = 0.9523, lr_0 = 5.9922e-04
Loss = 7.4665e-01, PNorm = 113.5767, GNorm = 1.7433, lr_0 = 6.3438e-04
Loss = 5.8113e-01, PNorm = 113.7008, GNorm = 2.5545, lr_0 = 6.6953e-04
Loss = 6.5218e-01, PNorm = 113.8158, GNorm = 2.5215, lr_0 = 7.0469e-04
Loss = 7.0823e-01, PNorm = 113.9469, GNorm = 6.0572, lr_0 = 7.3984e-04
Loss = 6.5071e-01, PNorm = 114.1130, GNorm = 0.8611, lr_0 = 7.7500e-04
Loss = 5.2680e-01, PNorm = 114.3186, GNorm = 3.0668, lr_0 = 8.1016e-04
Loss = 5.4299e-01, PNorm = 114.5399, GNorm = 1.8281, lr_0 = 8.4531e-04
Loss = 5.6218e-01, PNorm = 114.7291, GNorm = 0.6377, lr_0 = 8.8047e-04
Loss = 7.1264e-01, PNorm = 114.9357, GNorm = 2.6478, lr_0 = 9.1562e-04
Loss = 6.1283e-01, PNorm = 115.1439, GNorm = 2.4373, lr_0 = 9.5078e-04
Loss = 4.8712e-01, PNorm = 115.3381, GNorm = 1.3914, lr_0 = 9.8594e-04
Validation rmse = 5.752665
Epoch 2
Loss = 6.6217e-01, PNorm = 115.5284, GNorm = 0.9970, lr_0 = 9.8438e-04
Loss = 5.1338e-01, PNorm = 115.7084, GNorm = 1.0921, lr_0 = 9.6249e-04
Loss = 4.5757e-01, PNorm = 115.8678, GNorm = 1.3550, lr_0 = 9.4109e-04
Loss = 4.4800e-01, PNorm = 116.0511, GNorm = 2.6216, lr_0 = 9.2017e-04
Loss = 4.5012e-01, PNorm = 116.2210, GNorm = 1.8445, lr_0 = 8.9971e-04
Loss = 3.9417e-01, PNorm = 116.3524, GNorm = 1.6127, lr_0 = 8.7970e-04
Loss = 3.6498e-01, PNorm = 116.4659, GNorm = 0.7063, lr_0 = 8.6014e-04
Loss = 4.8737e-01, PNorm = 116.5823, GNorm = 0.6272, lr_0 = 8.4102e-04
Loss = 5.3031e-01, PNorm = 116.7424, GNorm = 2.5215, lr_0 = 8.2232e-04
Loss = 4.5091e-01, PNorm = 116.8907, GNorm = 3.2076, lr_0 = 8.0403e-04
Loss = 4.7669e-01, PNorm = 117.0348, GNorm = 1.6599, lr_0 = 7.8615e-04
Loss = 4.2594e-01, PNorm = 117.1448, GNorm = 1.0737, lr_0 = 7.6867e-04
Loss = 3.7655e-01, PNorm = 117.2707, GNorm = 1.9499, lr_0 = 7.5158e-04
Validation rmse = 4.438848
Epoch 3
Loss = 2.9577e-01, PNorm = 117.3742, GNorm = 0.7362, lr_0 = 7.3322e-04
Loss = 3.1899e-01, PNorm = 117.4589, GNorm = 1.3168, lr_0 = 7.1692e-04
Loss = 3.2171e-01, PNorm = 117.5591, GNorm = 0.7771, lr_0 = 7.0098e-04
Loss = 3.1490e-01, PNorm = 117.6372, GNorm = 1.3803, lr_0 = 6.8539e-04
Loss = 2.9115e-01, PNorm = 117.7071, GNorm = 0.8009, lr_0 = 6.7015e-04
Loss = 3.6090e-01, PNorm = 117.7876, GNorm = 1.1799, lr_0 = 6.5525e-04
Loss = 3.9171e-01, PNorm = 117.8710, GNorm = 1.1780, lr_0 = 6.4068e-04
Loss = 3.4627e-01, PNorm = 117.9767, GNorm = 1.7601, lr_0 = 6.2643e-04
Loss = 3.3787e-01, PNorm = 118.0631, GNorm = 1.0487, lr_0 = 6.1250e-04
Loss = 3.1782e-01, PNorm = 118.1555, GNorm = 0.7860, lr_0 = 5.9889e-04
Loss = 2.7712e-01, PNorm = 118.2351, GNorm = 1.8892, lr_0 = 5.8557e-04
Loss = 3.5511e-01, PNorm = 118.3118, GNorm = 1.1154, lr_0 = 5.7255e-04
Loss = 2.7523e-01, PNorm = 118.3783, GNorm = 1.5839, lr_0 = 5.5982e-04
Validation rmse = 3.927041
Epoch 4
Loss = 2.6164e-01, PNorm = 118.4497, GNorm = 1.7344, lr_0 = 5.4737e-04
Loss = 2.0951e-01, PNorm = 118.5125, GNorm = 0.5850, lr_0 = 5.3520e-04
Loss = 2.3935e-01, PNorm = 118.5715, GNorm = 0.6135, lr_0 = 5.2330e-04
Loss = 2.3140e-01, PNorm = 118.6200, GNorm = 0.7035, lr_0 = 5.1166e-04
Loss = 2.7060e-01, PNorm = 118.6712, GNorm = 1.2051, lr_0 = 5.0029e-04
Loss = 2.6510e-01, PNorm = 118.7382, GNorm = 2.5109, lr_0 = 4.8916e-04
Loss = 2.8721e-01, PNorm = 118.8016, GNorm = 0.6523, lr_0 = 4.7829e-04
Loss = 2.4716e-01, PNorm = 118.8446, GNorm = 0.8333, lr_0 = 4.6765e-04
Loss = 2.4264e-01, PNorm = 118.8898, GNorm = 0.9038, lr_0 = 4.5725e-04
Loss = 2.0523e-01, PNorm = 118.9325, GNorm = 0.8614, lr_0 = 4.4709e-04
Loss = 2.3930e-01, PNorm = 118.9732, GNorm = 0.9926, lr_0 = 4.3714e-04
Loss = 2.4512e-01, PNorm = 119.0105, GNorm = 1.6297, lr_0 = 4.2742e-04
Loss = 2.1827e-01, PNorm = 119.0523, GNorm = 0.7313, lr_0 = 4.1792e-04
Validation rmse = 3.513164
Epoch 5
Loss = 1.8245e-01, PNorm = 119.0885, GNorm = 0.7619, lr_0 = 4.0771e-04
Loss = 2.0868e-01, PNorm = 119.1154, GNorm = 0.5351, lr_0 = 3.9864e-04
Loss = 2.2831e-01, PNorm = 119.1572, GNorm = 1.0055, lr_0 = 3.8978e-04
Loss = 2.1351e-01, PNorm = 119.2017, GNorm = 0.8745, lr_0 = 3.8111e-04
Loss = 2.2638e-01, PNorm = 119.2440, GNorm = 1.1776, lr_0 = 3.7264e-04
Loss = 1.9173e-01, PNorm = 119.2845, GNorm = 0.5845, lr_0 = 3.6435e-04
Loss = 1.9352e-01, PNorm = 119.3246, GNorm = 1.1113, lr_0 = 3.5625e-04
Loss = 1.6780e-01, PNorm = 119.3489, GNorm = 0.7494, lr_0 = 3.4833e-04
Loss = 2.0193e-01, PNorm = 119.3806, GNorm = 0.7452, lr_0 = 3.4059e-04
Loss = 1.8893e-01, PNorm = 119.4122, GNorm = 1.0274, lr_0 = 3.3301e-04
Loss = 1.9017e-01, PNorm = 119.4336, GNorm = 0.8906, lr_0 = 3.2561e-04
Loss = 1.8225e-01, PNorm = 119.4579, GNorm = 1.4743, lr_0 = 3.1837e-04
Validation rmse = 3.184721
Epoch 6
Loss = 8.3715e-02, PNorm = 119.4809, GNorm = 0.5073, lr_0 = 3.1059e-04
Loss = 1.8212e-01, PNorm = 119.5060, GNorm = 0.7242, lr_0 = 3.0368e-04
Loss = 1.5842e-01, PNorm = 119.5309, GNorm = 0.5463, lr_0 = 2.9693e-04
Loss = 1.3630e-01, PNorm = 119.5546, GNorm = 1.2565, lr_0 = 2.9033e-04
Loss = 1.4781e-01, PNorm = 119.5753, GNorm = 1.2884, lr_0 = 2.8387e-04
Loss = 1.2817e-01, PNorm = 119.5913, GNorm = 0.5303, lr_0 = 2.7756e-04
Loss = 1.5845e-01, PNorm = 119.6102, GNorm = 0.6508, lr_0 = 2.7139e-04
Loss = 1.6571e-01, PNorm = 119.6294, GNorm = 0.7489, lr_0 = 2.6536e-04
Loss = 1.7159e-01, PNorm = 119.6586, GNorm = 0.6537, lr_0 = 2.5946e-04
Loss = 1.8443e-01, PNorm = 119.6770, GNorm = 0.8530, lr_0 = 2.5369e-04
Loss = 1.7323e-01, PNorm = 119.6975, GNorm = 1.0815, lr_0 = 2.4805e-04
Loss = 1.6109e-01, PNorm = 119.7155, GNorm = 1.1591, lr_0 = 2.4253e-04
Loss = 1.8008e-01, PNorm = 119.7357, GNorm = 0.9641, lr_0 = 2.3714e-04
Validation rmse = 2.997203
Epoch 7
Loss = 1.3954e-01, PNorm = 119.7595, GNorm = 0.6460, lr_0 = 2.3134e-04
Loss = 1.4062e-01, PNorm = 119.7799, GNorm = 0.8631, lr_0 = 2.2620e-04
Loss = 1.4943e-01, PNorm = 119.7952, GNorm = 1.1223, lr_0 = 2.2117e-04
Loss = 1.4951e-01, PNorm = 119.8123, GNorm = 0.8281, lr_0 = 2.1625e-04
Loss = 1.3303e-01, PNorm = 119.8280, GNorm = 0.7463, lr_0 = 2.1144e-04
Loss = 1.4199e-01, PNorm = 119.8420, GNorm = 1.3215, lr_0 = 2.0674e-04
Loss = 1.3122e-01, PNorm = 119.8581, GNorm = 0.6872, lr_0 = 2.0215e-04
Loss = 1.4831e-01, PNorm = 119.8751, GNorm = 1.3307, lr_0 = 1.9765e-04
Loss = 1.5012e-01, PNorm = 119.8936, GNorm = 0.6286, lr_0 = 1.9326e-04
Loss = 1.6056e-01, PNorm = 119.9094, GNorm = 1.0472, lr_0 = 1.8896e-04
Loss = 1.3137e-01, PNorm = 119.9219, GNorm = 0.8807, lr_0 = 1.8476e-04
Loss = 1.2842e-01, PNorm = 119.9320, GNorm = 0.5728, lr_0 = 1.8065e-04
Loss = 1.3066e-01, PNorm = 119.9447, GNorm = 0.8666, lr_0 = 1.7663e-04
Validation rmse = 2.872517
Epoch 8
Loss = 1.3467e-01, PNorm = 119.9603, GNorm = 0.8405, lr_0 = 1.7270e-04
Loss = 1.2955e-01, PNorm = 119.9741, GNorm = 0.9187, lr_0 = 1.6886e-04
Loss = 1.2732e-01, PNorm = 119.9855, GNorm = 0.5972, lr_0 = 1.6511e-04
Loss = 1.3150e-01, PNorm = 119.9956, GNorm = 0.4514, lr_0 = 1.6144e-04
Loss = 1.2474e-01, PNorm = 120.0082, GNorm = 0.6425, lr_0 = 1.5785e-04
Loss = 1.1902e-01, PNorm = 120.0187, GNorm = 1.0470, lr_0 = 1.5434e-04
Loss = 1.1886e-01, PNorm = 120.0297, GNorm = 0.4074, lr_0 = 1.5091e-04
Loss = 1.2024e-01, PNorm = 120.0404, GNorm = 0.7062, lr_0 = 1.4755e-04
Loss = 1.2236e-01, PNorm = 120.0497, GNorm = 0.4597, lr_0 = 1.4427e-04
Loss = 1.2118e-01, PNorm = 120.0562, GNorm = 0.5172, lr_0 = 1.4106e-04
Loss = 1.1973e-01, PNorm = 120.0631, GNorm = 0.7331, lr_0 = 1.3793e-04
Loss = 1.3449e-01, PNorm = 120.0726, GNorm = 1.0044, lr_0 = 1.3486e-04
Loss = 1.3711e-01, PNorm = 120.0839, GNorm = 0.7977, lr_0 = 1.3186e-04
Validation rmse = 2.774677
Epoch 9
Loss = 1.1886e-01, PNorm = 120.0949, GNorm = 0.8177, lr_0 = 1.2864e-04
Loss = 1.1230e-01, PNorm = 120.1060, GNorm = 1.3724, lr_0 = 1.2578e-04
Loss = 1.2036e-01, PNorm = 120.1147, GNorm = 1.3279, lr_0 = 1.2298e-04
Loss = 1.2060e-01, PNorm = 120.1240, GNorm = 0.8643, lr_0 = 1.2025e-04
Loss = 1.2785e-01, PNorm = 120.1321, GNorm = 0.5475, lr_0 = 1.1757e-04
Loss = 1.0153e-01, PNorm = 120.1417, GNorm = 0.9536, lr_0 = 1.1496e-04
Loss = 1.0338e-01, PNorm = 120.1481, GNorm = 0.8152, lr_0 = 1.1240e-04
Loss = 9.8253e-02, PNorm = 120.1535, GNorm = 0.4193, lr_0 = 1.0990e-04
Loss = 1.1490e-01, PNorm = 120.1602, GNorm = 0.8022, lr_0 = 1.0746e-04
Loss = 1.1904e-01, PNorm = 120.1658, GNorm = 0.6367, lr_0 = 1.0507e-04
Loss = 1.1823e-01, PNorm = 120.1717, GNorm = 0.9756, lr_0 = 1.0274e-04
Loss = 1.0776e-01, PNorm = 120.1772, GNorm = 0.4357, lr_0 = 1.0045e-04
Loss = 9.4735e-02, PNorm = 120.1829, GNorm = 0.8567, lr_0 = 1.0000e-04
Validation rmse = 2.638714
Model 0 best validation rmse = 2.638714 on epoch 9
Loading pretrained parameter "encoder.encoder.0.cached_zero_vector".
Loading pretrained parameter "encoder.encoder.0.W_i.weight".
Loading pretrained parameter "encoder.encoder.0.W_h.weight".
Loading pretrained parameter "encoder.encoder.0.W_o.weight".
Loading pretrained parameter "encoder.encoder.0.W_o.bias".
Loading pretrained parameter "encoder.encoder.1.cached_zero_vector".
Loading pretrained parameter "encoder.encoder.1.W_i.weight".
Loading pretrained parameter "encoder.encoder.1.W_h.weight".
Loading pretrained parameter "encoder.encoder.1.W_o.weight".
Loading pretrained parameter "encoder.encoder.1.W_o.bias".
Loading pretrained parameter "ffn.1.weight".
Loading pretrained parameter "ffn.1.bias".
Loading pretrained parameter "ffn.4.weight".
Loading pretrained parameter "ffn.4.bias".
Loading pretrained parameter "ffn.7.weight".
Loading pretrained parameter "ffn.7.bias".
Model 0 test rmse = 14.255954
Ensemble test rmse = 2.882225
Fold 7
Splitting data with seed 7
Total size = 8,018 | train size = 6,414 | val size = 802 | test size = 802
Fitting scaler
Building model 0
MoleculeModel(
  (encoder): MPN(
    (encoder): ModuleList(
      (0): MPNEncoder(
        (dropout_layer): Dropout(p=0.1, inplace=False)
        (act_func): ReLU()
        (W_i): Linear(in_features=147, out_features=1900, bias=False)
        (W_h): Linear(in_features=1900, out_features=1900, bias=False)
        (W_o): Linear(in_features=2033, out_features=1900, bias=True)
      )
      (1): MPNEncoder(
        (dropout_layer): Dropout(p=0.1, inplace=False)
        (act_func): ReLU()
        (W_i): Linear(in_features=147, out_features=1900, bias=False)
        (W_h): Linear(in_features=1900, out_features=1900, bias=False)
        (W_o): Linear(in_features=2033, out_features=1900, bias=True)
      )
    )
  )
  (ffn): Sequential(
    (0): Dropout(p=0.1, inplace=False)
    (1): Linear(in_features=3800, out_features=1900, bias=True)
    (2): ReLU()
    (3): Dropout(p=0.1, inplace=False)
    (4): Linear(in_features=1900, out_features=1900, bias=True)
    (5): ReLU()
    (6): Dropout(p=0.1, inplace=False)
    (7): Linear(in_features=1900, out_features=2, bias=True)
  )
)
Number of parameters = 26,349,202
Epoch 0
Loss = 1.1692e+00, PNorm = 112.7663, GNorm = 2.0917, lr_0 = 1.3867e-04
Loss = 9.7296e-01, PNorm = 112.7858, GNorm = 3.2037, lr_0 = 1.7383e-04
Loss = 9.5326e-01, PNorm = 112.8088, GNorm = 10.3259, lr_0 = 2.0898e-04
Loss = 9.5890e-01, PNorm = 112.8279, GNorm = 1.1297, lr_0 = 2.4414e-04
Loss = 8.7144e-01, PNorm = 112.8552, GNorm = 1.2160, lr_0 = 2.7930e-04
Loss = 6.8276e-01, PNorm = 112.8869, GNorm = 2.0560, lr_0 = 3.1445e-04
Loss = 8.3124e-01, PNorm = 112.9212, GNorm = 1.2736, lr_0 = 3.4961e-04
Loss = 7.0157e-01, PNorm = 112.9618, GNorm = 1.3083, lr_0 = 3.8477e-04
Loss = 7.9692e-01, PNorm = 113.0067, GNorm = 5.4684, lr_0 = 4.1992e-04
Loss = 7.3428e-01, PNorm = 113.0629, GNorm = 5.9574, lr_0 = 4.5508e-04
Loss = 7.1244e-01, PNorm = 113.1284, GNorm = 1.5074, lr_0 = 4.9023e-04
Loss = 5.9038e-01, PNorm = 113.2006, GNorm = 3.1083, lr_0 = 5.2539e-04
Validation rmse = 5.780247
Epoch 1
Loss = 5.6446e-01, PNorm = 113.2934, GNorm = 4.7172, lr_0 = 5.6406e-04
Loss = 6.4666e-01, PNorm = 113.3958, GNorm = 11.5205, lr_0 = 5.9922e-04
Loss = 7.2586e-01, PNorm = 113.5171, GNorm = 2.0301, lr_0 = 6.3438e-04
Loss = 6.4763e-01, PNorm = 113.6540, GNorm = 2.0637, lr_0 = 6.6953e-04
Loss = 6.1316e-01, PNorm = 113.8121, GNorm = 2.8260, lr_0 = 7.0469e-04
Loss = 5.7306e-01, PNorm = 113.9491, GNorm = 2.3292, lr_0 = 7.3984e-04
Loss = 5.5704e-01, PNorm = 114.1107, GNorm = 4.7025, lr_0 = 7.7500e-04
Loss = 5.5575e-01, PNorm = 114.2596, GNorm = 1.5831, lr_0 = 8.1016e-04
Loss = 5.4795e-01, PNorm = 114.4163, GNorm = 1.1346, lr_0 = 8.4531e-04
Loss = 4.4475e-01, PNorm = 114.5818, GNorm = 1.5210, lr_0 = 8.8047e-04
Loss = 4.3696e-01, PNorm = 114.7499, GNorm = 1.1747, lr_0 = 9.1562e-04
Loss = 4.2378e-01, PNorm = 114.9131, GNorm = 3.4713, lr_0 = 9.5078e-04
Loss = 5.5456e-01, PNorm = 115.1050, GNorm = 2.4647, lr_0 = 9.8594e-04
Validation rmse = 5.071333
Epoch 2
Loss = 4.5740e-01, PNorm = 115.3314, GNorm = 1.2275, lr_0 = 9.8438e-04
Loss = 5.1427e-01, PNorm = 115.5429, GNorm = 1.0007, lr_0 = 9.6249e-04
Loss = 4.7482e-01, PNorm = 115.7642, GNorm = 1.0989, lr_0 = 9.4109e-04
Loss = 4.8609e-01, PNorm = 115.9492, GNorm = 1.3586, lr_0 = 9.2017e-04
Loss = 5.6040e-01, PNorm = 116.1320, GNorm = 1.7808, lr_0 = 8.9971e-04
Loss = 5.0317e-01, PNorm = 116.3152, GNorm = 3.0599, lr_0 = 8.7970e-04
Loss = 4.8400e-01, PNorm = 116.4908, GNorm = 1.4524, lr_0 = 8.6014e-04
Loss = 4.1188e-01, PNorm = 116.6326, GNorm = 0.8708, lr_0 = 8.4102e-04
Loss = 4.3680e-01, PNorm = 116.7609, GNorm = 1.4049, lr_0 = 8.2232e-04
Loss = 4.2743e-01, PNorm = 116.8787, GNorm = 1.3282, lr_0 = 8.0403e-04
Loss = 3.8527e-01, PNorm = 117.0081, GNorm = 1.3806, lr_0 = 7.8615e-04
Loss = 3.4357e-01, PNorm = 117.1040, GNorm = 1.7552, lr_0 = 7.6867e-04
Loss = 3.5242e-01, PNorm = 117.2039, GNorm = 0.7092, lr_0 = 7.5158e-04
Validation rmse = 4.966872
Epoch 3
Loss = 4.3105e-01, PNorm = 117.2919, GNorm = 1.2146, lr_0 = 7.3322e-04
Loss = 3.8630e-01, PNorm = 117.3979, GNorm = 2.2963, lr_0 = 7.1692e-04
Loss = 3.9059e-01, PNorm = 117.4942, GNorm = 0.9981, lr_0 = 7.0098e-04
Loss = 4.2776e-01, PNorm = 117.6237, GNorm = 0.9580, lr_0 = 6.8539e-04
Loss = 2.6973e-01, PNorm = 117.7381, GNorm = 1.5938, lr_0 = 6.7015e-04
Loss = 3.4176e-01, PNorm = 117.8380, GNorm = 1.8497, lr_0 = 6.5525e-04
Loss = 3.2764e-01, PNorm = 117.9324, GNorm = 2.0323, lr_0 = 6.4068e-04
Loss = 2.6879e-01, PNorm = 118.0199, GNorm = 1.3338, lr_0 = 6.2643e-04
Loss = 3.0075e-01, PNorm = 118.0939, GNorm = 1.8279, lr_0 = 6.1250e-04
Loss = 2.5321e-01, PNorm = 118.1579, GNorm = 2.4407, lr_0 = 5.9889e-04
Loss = 2.4285e-01, PNorm = 118.2265, GNorm = 0.9002, lr_0 = 5.8557e-04
Loss = 2.2570e-01, PNorm = 118.2798, GNorm = 1.0585, lr_0 = 5.7255e-04
Loss = 2.6923e-01, PNorm = 118.3438, GNorm = 1.4790, lr_0 = 5.5982e-04
Validation rmse = 3.876435
Epoch 4
Loss = 2.5533e-01, PNorm = 118.4088, GNorm = 1.1432, lr_0 = 5.4737e-04
Loss = 2.3867e-01, PNorm = 118.4770, GNorm = 0.9258, lr_0 = 5.3520e-04
Loss = 2.1219e-01, PNorm = 118.5303, GNorm = 0.8076, lr_0 = 5.2330e-04
Loss = 2.3103e-01, PNorm = 118.5789, GNorm = 0.8667, lr_0 = 5.1166e-04
Loss = 2.7270e-01, PNorm = 118.6285, GNorm = 1.3425, lr_0 = 5.0029e-04
Loss = 2.7093e-01, PNorm = 118.6998, GNorm = 0.9346, lr_0 = 4.8916e-04
Loss = 2.2836e-01, PNorm = 118.7667, GNorm = 0.6521, lr_0 = 4.7829e-04
Loss = 2.4897e-01, PNorm = 118.8267, GNorm = 1.0852, lr_0 = 4.6765e-04
Loss = 2.4904e-01, PNorm = 118.8831, GNorm = 1.5758, lr_0 = 4.5725e-04
Loss = 2.1312e-01, PNorm = 118.9310, GNorm = 0.4597, lr_0 = 4.4709e-04
Loss = 1.8426e-01, PNorm = 118.9716, GNorm = 0.9787, lr_0 = 4.3714e-04
Loss = 2.1085e-01, PNorm = 119.0073, GNorm = 0.8838, lr_0 = 4.2742e-04
Loss = 2.4720e-01, PNorm = 119.0526, GNorm = 0.8407, lr_0 = 4.1792e-04
Validation rmse = 3.400714
Epoch 5
Loss = 1.9246e-01, PNorm = 119.0951, GNorm = 1.6017, lr_0 = 4.0771e-04
Loss = 1.7345e-01, PNorm = 119.1394, GNorm = 0.9523, lr_0 = 3.9864e-04
Loss = 1.7596e-01, PNorm = 119.1704, GNorm = 0.7338, lr_0 = 3.8978e-04
Loss = 2.1012e-01, PNorm = 119.2034, GNorm = 1.3188, lr_0 = 3.8111e-04
Loss = 1.8749e-01, PNorm = 119.2394, GNorm = 1.3363, lr_0 = 3.7264e-04
Loss = 1.9837e-01, PNorm = 119.2697, GNorm = 0.8964, lr_0 = 3.6435e-04
Loss = 1.5163e-01, PNorm = 119.2994, GNorm = 0.9118, lr_0 = 3.5625e-04
Loss = 2.0216e-01, PNorm = 119.3301, GNorm = 1.9921, lr_0 = 3.4833e-04
Loss = 1.6060e-01, PNorm = 119.3567, GNorm = 1.0037, lr_0 = 3.4059e-04
Loss = 1.7747e-01, PNorm = 119.3870, GNorm = 0.6553, lr_0 = 3.3301e-04
Loss = 1.8519e-01, PNorm = 119.4147, GNorm = 0.7263, lr_0 = 3.2561e-04
Loss = 1.6162e-01, PNorm = 119.4407, GNorm = 0.8259, lr_0 = 3.1837e-04
Validation rmse = 3.231730
Epoch 6
Loss = 1.7850e-01, PNorm = 119.4749, GNorm = 1.1543, lr_0 = 3.1059e-04
Loss = 1.5867e-01, PNorm = 119.5035, GNorm = 0.5452, lr_0 = 3.0368e-04
Loss = 1.9631e-01, PNorm = 119.5288, GNorm = 0.6731, lr_0 = 2.9693e-04
Loss = 1.4799e-01, PNorm = 119.5503, GNorm = 0.9908, lr_0 = 2.9033e-04
Loss = 1.4256e-01, PNorm = 119.5725, GNorm = 1.0330, lr_0 = 2.8387e-04
Loss = 1.6834e-01, PNorm = 119.5947, GNorm = 1.1995, lr_0 = 2.7756e-04
Loss = 1.6478e-01, PNorm = 119.6186, GNorm = 1.1741, lr_0 = 2.7139e-04
Loss = 1.5432e-01, PNorm = 119.6397, GNorm = 1.0782, lr_0 = 2.6536e-04
Loss = 1.5357e-01, PNorm = 119.6620, GNorm = 0.6608, lr_0 = 2.5946e-04
Loss = 1.3330e-01, PNorm = 119.6801, GNorm = 1.6974, lr_0 = 2.5369e-04
Loss = 1.4530e-01, PNorm = 119.6999, GNorm = 1.1944, lr_0 = 2.4805e-04
Loss = 1.5204e-01, PNorm = 119.7139, GNorm = 0.9557, lr_0 = 2.4253e-04
Loss = 1.4830e-01, PNorm = 119.7340, GNorm = 1.2229, lr_0 = 2.3714e-04
Validation rmse = 2.880151
Epoch 7
Loss = 1.3086e-01, PNorm = 119.7495, GNorm = 0.4682, lr_0 = 2.3134e-04
Loss = 1.3979e-01, PNorm = 119.7674, GNorm = 0.6558, lr_0 = 2.2620e-04
Loss = 1.3911e-01, PNorm = 119.7838, GNorm = 1.2042, lr_0 = 2.2117e-04
Loss = 1.3417e-01, PNorm = 119.7999, GNorm = 1.6486, lr_0 = 2.1625e-04
Loss = 1.5318e-01, PNorm = 119.8158, GNorm = 1.0265, lr_0 = 2.1144e-04
Loss = 1.2714e-01, PNorm = 119.8320, GNorm = 0.8627, lr_0 = 2.0674e-04
Loss = 1.1546e-01, PNorm = 119.8444, GNorm = 0.5837, lr_0 = 2.0215e-04
Loss = 1.1529e-01, PNorm = 119.8559, GNorm = 0.7667, lr_0 = 1.9765e-04
Loss = 1.6423e-01, PNorm = 119.8709, GNorm = 0.8523, lr_0 = 1.9326e-04
Loss = 1.2173e-01, PNorm = 119.8849, GNorm = 0.5070, lr_0 = 1.8896e-04
Loss = 1.3927e-01, PNorm = 119.8986, GNorm = 0.8081, lr_0 = 1.8476e-04
Loss = 1.2303e-01, PNorm = 119.9116, GNorm = 0.5511, lr_0 = 1.8065e-04
Loss = 1.2574e-01, PNorm = 119.9214, GNorm = 1.4412, lr_0 = 1.7663e-04
Validation rmse = 2.795213
Epoch 8
Loss = 1.0450e-01, PNorm = 119.9316, GNorm = 0.6233, lr_0 = 1.7270e-04
Loss = 1.1318e-01, PNorm = 119.9442, GNorm = 0.9431, lr_0 = 1.6886e-04
Loss = 1.0599e-01, PNorm = 119.9538, GNorm = 1.0525, lr_0 = 1.6511e-04
Loss = 1.1783e-01, PNorm = 119.9630, GNorm = 0.6422, lr_0 = 1.6144e-04
Loss = 1.2159e-01, PNorm = 119.9747, GNorm = 1.6318, lr_0 = 1.5785e-04
Loss = 1.2021e-01, PNorm = 119.9858, GNorm = 0.4982, lr_0 = 1.5434e-04
Loss = 1.1306e-01, PNorm = 119.9977, GNorm = 0.5483, lr_0 = 1.5091e-04
Loss = 1.2166e-01, PNorm = 120.0080, GNorm = 0.8170, lr_0 = 1.4755e-04
Loss = 1.1086e-01, PNorm = 120.0159, GNorm = 0.9771, lr_0 = 1.4427e-04
Loss = 1.2530e-01, PNorm = 120.0256, GNorm = 0.8614, lr_0 = 1.4106e-04
Loss = 1.0213e-01, PNorm = 120.0329, GNorm = 0.9183, lr_0 = 1.3793e-04
Loss = 1.2927e-01, PNorm = 120.0392, GNorm = 0.7001, lr_0 = 1.3486e-04
Loss = 1.0573e-01, PNorm = 120.0469, GNorm = 0.5420, lr_0 = 1.3186e-04
Validation rmse = 2.726714
Epoch 9
Loss = 1.0504e-01, PNorm = 120.0544, GNorm = 0.8176, lr_0 = 1.2864e-04
Loss = 9.5119e-02, PNorm = 120.0611, GNorm = 0.7155, lr_0 = 1.2578e-04
Loss = 9.4572e-02, PNorm = 120.0692, GNorm = 0.6292, lr_0 = 1.2298e-04
Loss = 1.2207e-01, PNorm = 120.0763, GNorm = 0.5085, lr_0 = 1.2025e-04
Loss = 1.0162e-01, PNorm = 120.0847, GNorm = 0.6909, lr_0 = 1.1757e-04
Loss = 1.0304e-01, PNorm = 120.0909, GNorm = 0.6332, lr_0 = 1.1496e-04
Loss = 1.2155e-01, PNorm = 120.0978, GNorm = 1.1132, lr_0 = 1.1240e-04
Loss = 1.3451e-01, PNorm = 120.1060, GNorm = 0.9464, lr_0 = 1.0990e-04
Loss = 1.0495e-01, PNorm = 120.1137, GNorm = 0.7586, lr_0 = 1.0746e-04
Loss = 1.1558e-01, PNorm = 120.1207, GNorm = 0.8189, lr_0 = 1.0507e-04
Loss = 1.1476e-01, PNorm = 120.1284, GNorm = 0.8783, lr_0 = 1.0274e-04
Loss = 1.0330e-01, PNorm = 120.1363, GNorm = 1.1410, lr_0 = 1.0045e-04
Loss = 1.0438e-01, PNorm = 120.1439, GNorm = 0.9645, lr_0 = 1.0000e-04
Validation rmse = 2.618023
Model 0 best validation rmse = 2.618023 on epoch 9
Loading pretrained parameter "encoder.encoder.0.cached_zero_vector".
Loading pretrained parameter "encoder.encoder.0.W_i.weight".
Loading pretrained parameter "encoder.encoder.0.W_h.weight".
Loading pretrained parameter "encoder.encoder.0.W_o.weight".
Loading pretrained parameter "encoder.encoder.0.W_o.bias".
Loading pretrained parameter "encoder.encoder.1.cached_zero_vector".
Loading pretrained parameter "encoder.encoder.1.W_i.weight".
Loading pretrained parameter "encoder.encoder.1.W_h.weight".
Loading pretrained parameter "encoder.encoder.1.W_o.weight".
Loading pretrained parameter "encoder.encoder.1.W_o.bias".
Loading pretrained parameter "ffn.1.weight".
Loading pretrained parameter "ffn.1.bias".
Loading pretrained parameter "ffn.4.weight".
Loading pretrained parameter "ffn.4.bias".
Loading pretrained parameter "ffn.7.weight".
Loading pretrained parameter "ffn.7.bias".
Model 0 test rmse = 14.335893
Ensemble test rmse = 2.672944
Fold 8
Splitting data with seed 8
Total size = 8,018 | train size = 6,414 | val size = 802 | test size = 802
Fitting scaler
Building model 0
MoleculeModel(
  (encoder): MPN(
    (encoder): ModuleList(
      (0): MPNEncoder(
        (dropout_layer): Dropout(p=0.1, inplace=False)
        (act_func): ReLU()
        (W_i): Linear(in_features=147, out_features=1900, bias=False)
        (W_h): Linear(in_features=1900, out_features=1900, bias=False)
        (W_o): Linear(in_features=2033, out_features=1900, bias=True)
      )
      (1): MPNEncoder(
        (dropout_layer): Dropout(p=0.1, inplace=False)
        (act_func): ReLU()
        (W_i): Linear(in_features=147, out_features=1900, bias=False)
        (W_h): Linear(in_features=1900, out_features=1900, bias=False)
        (W_o): Linear(in_features=2033, out_features=1900, bias=True)
      )
    )
  )
  (ffn): Sequential(
    (0): Dropout(p=0.1, inplace=False)
    (1): Linear(in_features=3800, out_features=1900, bias=True)
    (2): ReLU()
    (3): Dropout(p=0.1, inplace=False)
    (4): Linear(in_features=1900, out_features=1900, bias=True)
    (5): ReLU()
    (6): Dropout(p=0.1, inplace=False)
    (7): Linear(in_features=1900, out_features=2, bias=True)
  )
)
Number of parameters = 26,349,202
Epoch 0
Loss = 1.0013e+00, PNorm = 112.7662, GNorm = 2.5005, lr_0 = 1.3867e-04
Loss = 9.9152e-01, PNorm = 112.7875, GNorm = 5.2897, lr_0 = 1.7383e-04
Loss = 8.1574e-01, PNorm = 112.8049, GNorm = 2.5108, lr_0 = 2.0898e-04
Loss = 7.1484e-01, PNorm = 112.8284, GNorm = 1.2175, lr_0 = 2.4414e-04
Loss = 7.0169e-01, PNorm = 112.8554, GNorm = 4.6478, lr_0 = 2.7930e-04
Loss = 7.9650e-01, PNorm = 112.8899, GNorm = 4.9958, lr_0 = 3.1445e-04
Loss = 8.0434e-01, PNorm = 112.9322, GNorm = 2.8076, lr_0 = 3.4961e-04
Loss = 6.9148e-01, PNorm = 112.9836, GNorm = 4.5745, lr_0 = 3.8477e-04
Loss = 7.9436e-01, PNorm = 113.0378, GNorm = 2.5370, lr_0 = 4.1992e-04
Loss = 6.4074e-01, PNorm = 113.0978, GNorm = 2.6496, lr_0 = 4.5508e-04
Loss = 6.0023e-01, PNorm = 113.1585, GNorm = 2.0810, lr_0 = 4.9023e-04
Loss = 6.1711e-01, PNorm = 113.2317, GNorm = 5.1343, lr_0 = 5.2539e-04
Validation rmse = 8.574985
Epoch 1
Loss = 1.4113e+00, PNorm = 113.3187, GNorm = 4.6378, lr_0 = 5.6406e-04
Loss = 9.3778e-01, PNorm = 113.4961, GNorm = 1.0642, lr_0 = 5.9922e-04
Loss = 9.7930e-01, PNorm = 113.7047, GNorm = 0.8809, lr_0 = 6.3438e-04
Loss = 9.9049e-01, PNorm = 113.9156, GNorm = 2.2365, lr_0 = 6.6953e-04
Loss = 7.0394e-01, PNorm = 114.1003, GNorm = 3.1964, lr_0 = 7.0469e-04
Loss = 7.0358e-01, PNorm = 114.2640, GNorm = 1.7653, lr_0 = 7.3984e-04
Loss = 6.7602e-01, PNorm = 114.4326, GNorm = 0.9220, lr_0 = 7.7500e-04
Loss = 6.5157e-01, PNorm = 114.5890, GNorm = 1.2398, lr_0 = 8.1016e-04
Loss = 5.8890e-01, PNorm = 114.7346, GNorm = 3.6032, lr_0 = 8.4531e-04
Loss = 5.5643e-01, PNorm = 114.8480, GNorm = 2.8076, lr_0 = 8.8047e-04
Loss = 6.8687e-01, PNorm = 114.9806, GNorm = 2.5340, lr_0 = 9.1562e-04
Loss = 6.4207e-01, PNorm = 115.1309, GNorm = 1.0593, lr_0 = 9.5078e-04
Loss = 4.6694e-01, PNorm = 115.2766, GNorm = 1.8172, lr_0 = 9.8594e-04
Validation rmse = 7.604721
Epoch 2
Loss = 1.0418e+00, PNorm = 115.4788, GNorm = 0.4974, lr_0 = 9.8438e-04
Loss = 8.8525e-01, PNorm = 115.7738, GNorm = 0.9145, lr_0 = 9.6249e-04
Loss = 7.5669e-01, PNorm = 116.0770, GNorm = 0.8683, lr_0 = 9.4109e-04
Loss = 6.6925e-01, PNorm = 116.3426, GNorm = 2.6916, lr_0 = 9.2017e-04
Loss = 5.8648e-01, PNorm = 116.5631, GNorm = 1.8007, lr_0 = 8.9971e-04
Loss = 5.5646e-01, PNorm = 116.7591, GNorm = 3.0352, lr_0 = 8.7970e-04
Loss = 5.3334e-01, PNorm = 116.8899, GNorm = 0.6125, lr_0 = 8.6014e-04
Loss = 5.1920e-01, PNorm = 117.0306, GNorm = 0.6538, lr_0 = 8.4102e-04
Loss = 5.3420e-01, PNorm = 117.1398, GNorm = 1.6494, lr_0 = 8.2232e-04
Loss = 7.6824e-01, PNorm = 117.2660, GNorm = 1.8932, lr_0 = 8.0403e-04
Loss = 6.4304e-01, PNorm = 117.4640, GNorm = 1.0026, lr_0 = 7.8615e-04
Loss = 5.6363e-01, PNorm = 117.6267, GNorm = 1.1369, lr_0 = 7.6867e-04
Loss = 5.1754e-01, PNorm = 117.7722, GNorm = 1.0086, lr_0 = 7.5158e-04
Validation rmse = 5.755391
Epoch 3
Loss = 5.4901e-01, PNorm = 117.8948, GNorm = 0.8616, lr_0 = 7.3322e-04
Loss = 4.3495e-01, PNorm = 118.0019, GNorm = 1.2121, lr_0 = 7.1692e-04
Loss = 4.4846e-01, PNorm = 118.0912, GNorm = 2.6697, lr_0 = 7.0098e-04
Loss = 4.2872e-01, PNorm = 118.1684, GNorm = 2.1859, lr_0 = 6.8539e-04
Loss = 4.7120e-01, PNorm = 118.2558, GNorm = 0.7739, lr_0 = 6.7015e-04
Loss = 3.7974e-01, PNorm = 118.3631, GNorm = 1.8188, lr_0 = 6.5525e-04
Loss = 4.1855e-01, PNorm = 118.4495, GNorm = 1.5400, lr_0 = 6.4068e-04
Loss = 4.5135e-01, PNorm = 118.5503, GNorm = 2.9293, lr_0 = 6.2643e-04
Loss = 4.3112e-01, PNorm = 118.6370, GNorm = 1.2739, lr_0 = 6.1250e-04
Loss = 4.0675e-01, PNorm = 118.7334, GNorm = 1.5177, lr_0 = 5.9889e-04
Loss = 3.6928e-01, PNorm = 118.8190, GNorm = 0.9532, lr_0 = 5.8557e-04
Loss = 3.5493e-01, PNorm = 118.8857, GNorm = 1.1089, lr_0 = 5.7255e-04
Loss = 3.5595e-01, PNorm = 118.9432, GNorm = 1.2647, lr_0 = 5.5982e-04
Validation rmse = 4.707603
Epoch 4
Loss = 4.2183e-01, PNorm = 119.0074, GNorm = 0.7520, lr_0 = 5.4737e-04
Loss = 3.6060e-01, PNorm = 119.0769, GNorm = 0.8138, lr_0 = 5.3520e-04
Loss = 3.4390e-01, PNorm = 119.1526, GNorm = 1.1628, lr_0 = 5.2330e-04
Loss = 3.0660e-01, PNorm = 119.2072, GNorm = 1.4501, lr_0 = 5.1166e-04
Loss = 3.2810e-01, PNorm = 119.2688, GNorm = 1.3995, lr_0 = 5.0029e-04
Loss = 3.1630e-01, PNorm = 119.3305, GNorm = 1.3754, lr_0 = 4.8916e-04
Loss = 3.2118e-01, PNorm = 119.3872, GNorm = 1.4368, lr_0 = 4.7829e-04
Loss = 3.4359e-01, PNorm = 119.4418, GNorm = 2.3373, lr_0 = 4.6765e-04
Loss = 3.2708e-01, PNorm = 119.5071, GNorm = 2.0566, lr_0 = 4.5725e-04
Loss = 3.1458e-01, PNorm = 119.5663, GNorm = 3.8565, lr_0 = 4.4709e-04
Loss = 2.6445e-01, PNorm = 119.6035, GNorm = 0.8140, lr_0 = 4.3714e-04
Loss = 2.8820e-01, PNorm = 119.6541, GNorm = 0.9939, lr_0 = 4.2742e-04
Loss = 2.6122e-01, PNorm = 119.7071, GNorm = 0.9799, lr_0 = 4.1792e-04
Validation rmse = 4.102113
Epoch 5
Loss = 2.4377e-01, PNorm = 119.7729, GNorm = 2.9521, lr_0 = 4.0771e-04
Loss = 2.5773e-01, PNorm = 119.8346, GNorm = 2.4066, lr_0 = 3.9864e-04
Loss = 2.7304e-01, PNorm = 119.8836, GNorm = 2.8063, lr_0 = 3.8978e-04
Loss = 2.6286e-01, PNorm = 119.9339, GNorm = 0.6969, lr_0 = 3.8111e-04
Loss = 2.5482e-01, PNorm = 119.9794, GNorm = 1.1186, lr_0 = 3.7264e-04
Loss = 2.0436e-01, PNorm = 120.0178, GNorm = 0.8110, lr_0 = 3.6435e-04
Loss = 2.2391e-01, PNorm = 120.0520, GNorm = 3.8134, lr_0 = 3.5625e-04
Loss = 2.6614e-01, PNorm = 120.0929, GNorm = 1.0469, lr_0 = 3.4833e-04
Loss = 2.5117e-01, PNorm = 120.1439, GNorm = 1.2124, lr_0 = 3.4059e-04
Loss = 2.1262e-01, PNorm = 120.1859, GNorm = 1.3905, lr_0 = 3.3301e-04
Loss = 2.1763e-01, PNorm = 120.2272, GNorm = 1.1865, lr_0 = 3.2561e-04
Loss = 1.9959e-01, PNorm = 120.2629, GNorm = 1.1793, lr_0 = 3.1837e-04
Validation rmse = 3.782271
Epoch 6
Loss = 1.8426e-01, PNorm = 120.3083, GNorm = 2.8128, lr_0 = 3.1059e-04
Loss = 2.0006e-01, PNorm = 120.3428, GNorm = 0.8456, lr_0 = 3.0368e-04
Loss = 1.9258e-01, PNorm = 120.3740, GNorm = 0.8402, lr_0 = 2.9693e-04
Loss = 2.2417e-01, PNorm = 120.4135, GNorm = 1.5391, lr_0 = 2.9033e-04
Loss = 1.8353e-01, PNorm = 120.4528, GNorm = 1.1165, lr_0 = 2.8387e-04
Loss = 2.1048e-01, PNorm = 120.4880, GNorm = 1.1856, lr_0 = 2.7756e-04
Loss = 1.8027e-01, PNorm = 120.5240, GNorm = 1.2884, lr_0 = 2.7139e-04
Loss = 1.9751e-01, PNorm = 120.5503, GNorm = 0.8305, lr_0 = 2.6536e-04
Loss = 2.2370e-01, PNorm = 120.5801, GNorm = 3.0966, lr_0 = 2.5946e-04
Loss = 1.9790e-01, PNorm = 120.6134, GNorm = 1.1570, lr_0 = 2.5369e-04
Loss = 1.8341e-01, PNorm = 120.6430, GNorm = 1.2397, lr_0 = 2.4805e-04
Loss = 1.7968e-01, PNorm = 120.6651, GNorm = 1.2159, lr_0 = 2.4253e-04
Loss = 1.9849e-01, PNorm = 120.6866, GNorm = 0.8860, lr_0 = 2.3714e-04
Validation rmse = 3.423314
Epoch 7
Loss = 1.7617e-01, PNorm = 120.7131, GNorm = 0.6805, lr_0 = 2.3134e-04
Loss = 1.7940e-01, PNorm = 120.7365, GNorm = 0.8329, lr_0 = 2.2620e-04
Loss = 1.9692e-01, PNorm = 120.7576, GNorm = 1.0988, lr_0 = 2.2117e-04
Loss = 1.7737e-01, PNorm = 120.7781, GNorm = 1.8057, lr_0 = 2.1625e-04
Loss = 1.8476e-01, PNorm = 120.7939, GNorm = 1.3965, lr_0 = 2.1144e-04
Loss = 1.9966e-01, PNorm = 120.8240, GNorm = 0.9463, lr_0 = 2.0674e-04
Loss = 1.6907e-01, PNorm = 120.8514, GNorm = 1.4905, lr_0 = 2.0215e-04
Loss = 1.4748e-01, PNorm = 120.8719, GNorm = 2.3899, lr_0 = 1.9765e-04
Loss = 1.2766e-01, PNorm = 120.8874, GNorm = 0.7773, lr_0 = 1.9326e-04
Loss = 1.5737e-01, PNorm = 120.9054, GNorm = 0.7411, lr_0 = 1.8896e-04
Loss = 1.5191e-01, PNorm = 120.9203, GNorm = 0.5372, lr_0 = 1.8476e-04
Loss = 1.5135e-01, PNorm = 120.9335, GNorm = 0.9744, lr_0 = 1.8065e-04
Loss = 1.9720e-01, PNorm = 120.9495, GNorm = 1.6316, lr_0 = 1.7663e-04
Validation rmse = 3.126895
Epoch 8
Loss = 1.6786e-01, PNorm = 120.9649, GNorm = 1.4949, lr_0 = 1.7270e-04
Loss = 1.3481e-01, PNorm = 120.9773, GNorm = 0.8585, lr_0 = 1.6886e-04
Loss = 1.5950e-01, PNorm = 120.9909, GNorm = 0.8284, lr_0 = 1.6511e-04
Loss = 1.5531e-01, PNorm = 121.0051, GNorm = 0.7869, lr_0 = 1.6144e-04
Loss = 1.2105e-01, PNorm = 121.0171, GNorm = 0.7957, lr_0 = 1.5785e-04
Loss = 1.5227e-01, PNorm = 121.0283, GNorm = 0.5640, lr_0 = 1.5434e-04
Loss = 1.4389e-01, PNorm = 121.0411, GNorm = 0.6821, lr_0 = 1.5091e-04
Loss = 1.3303e-01, PNorm = 121.0521, GNorm = 0.6923, lr_0 = 1.4755e-04
Loss = 2.0074e-01, PNorm = 121.0616, GNorm = 2.1431, lr_0 = 1.4427e-04
Loss = 1.5610e-01, PNorm = 121.0736, GNorm = 0.9026, lr_0 = 1.4106e-04
Loss = 1.7049e-01, PNorm = 121.0874, GNorm = 0.9142, lr_0 = 1.3793e-04
Loss = 1.5752e-01, PNorm = 121.1021, GNorm = 0.8690, lr_0 = 1.3486e-04
Loss = 1.6060e-01, PNorm = 121.1143, GNorm = 1.1273, lr_0 = 1.3186e-04
Validation rmse = 3.127644
Epoch 9
Loss = 1.4373e-01, PNorm = 121.1282, GNorm = 1.1858, lr_0 = 1.2864e-04
Loss = 1.6190e-01, PNorm = 121.1416, GNorm = 0.8026, lr_0 = 1.2578e-04
Loss = 1.4596e-01, PNorm = 121.1517, GNorm = 0.9124, lr_0 = 1.2298e-04
Loss = 1.3122e-01, PNorm = 121.1616, GNorm = 0.5702, lr_0 = 1.2025e-04
Loss = 1.2480e-01, PNorm = 121.1702, GNorm = 0.7494, lr_0 = 1.1757e-04
Loss = 1.3493e-01, PNorm = 121.1788, GNorm = 2.1432, lr_0 = 1.1496e-04
Loss = 1.5024e-01, PNorm = 121.1861, GNorm = 1.5266, lr_0 = 1.1240e-04
Loss = 1.4871e-01, PNorm = 121.1944, GNorm = 0.9975, lr_0 = 1.0990e-04
Loss = 1.3179e-01, PNorm = 121.2029, GNorm = 0.9645, lr_0 = 1.0746e-04
Loss = 1.3866e-01, PNorm = 121.2113, GNorm = 1.1333, lr_0 = 1.0507e-04
Loss = 1.4677e-01, PNorm = 121.2203, GNorm = 1.4290, lr_0 = 1.0274e-04
Loss = 1.0809e-01, PNorm = 121.2265, GNorm = 0.6557, lr_0 = 1.0045e-04
Loss = 1.1452e-01, PNorm = 121.2318, GNorm = 0.5418, lr_0 = 1.0000e-04
Validation rmse = 2.920112
Model 0 best validation rmse = 2.920112 on epoch 9
Loading pretrained parameter "encoder.encoder.0.cached_zero_vector".
Loading pretrained parameter "encoder.encoder.0.W_i.weight".
Loading pretrained parameter "encoder.encoder.0.W_h.weight".
Loading pretrained parameter "encoder.encoder.0.W_o.weight".
Loading pretrained parameter "encoder.encoder.0.W_o.bias".
Loading pretrained parameter "encoder.encoder.1.cached_zero_vector".
Loading pretrained parameter "encoder.encoder.1.W_i.weight".
Loading pretrained parameter "encoder.encoder.1.W_h.weight".
Loading pretrained parameter "encoder.encoder.1.W_o.weight".
Loading pretrained parameter "encoder.encoder.1.W_o.bias".
Loading pretrained parameter "ffn.1.weight".
Loading pretrained parameter "ffn.1.bias".
Loading pretrained parameter "ffn.4.weight".
Loading pretrained parameter "ffn.4.bias".
Loading pretrained parameter "ffn.7.weight".
Loading pretrained parameter "ffn.7.bias".
Model 0 test rmse = 15.780416
Ensemble test rmse = 2.769861
Fold 9
Splitting data with seed 9
Total size = 8,018 | train size = 6,414 | val size = 802 | test size = 802
Fitting scaler
Building model 0
MoleculeModel(
  (encoder): MPN(
    (encoder): ModuleList(
      (0): MPNEncoder(
        (dropout_layer): Dropout(p=0.1, inplace=False)
        (act_func): ReLU()
        (W_i): Linear(in_features=147, out_features=1900, bias=False)
        (W_h): Linear(in_features=1900, out_features=1900, bias=False)
        (W_o): Linear(in_features=2033, out_features=1900, bias=True)
      )
      (1): MPNEncoder(
        (dropout_layer): Dropout(p=0.1, inplace=False)
        (act_func): ReLU()
        (W_i): Linear(in_features=147, out_features=1900, bias=False)
        (W_h): Linear(in_features=1900, out_features=1900, bias=False)
        (W_o): Linear(in_features=2033, out_features=1900, bias=True)
      )
    )
  )
  (ffn): Sequential(
    (0): Dropout(p=0.1, inplace=False)
    (1): Linear(in_features=3800, out_features=1900, bias=True)
    (2): ReLU()
    (3): Dropout(p=0.1, inplace=False)
    (4): Linear(in_features=1900, out_features=1900, bias=True)
    (5): ReLU()
    (6): Dropout(p=0.1, inplace=False)
    (7): Linear(in_features=1900, out_features=2, bias=True)
  )
)
Number of parameters = 26,349,202
Epoch 0
Loss = 1.0431e+00, PNorm = 112.7670, GNorm = 2.6564, lr_0 = 1.3867e-04
Loss = 9.1320e-01, PNorm = 112.7868, GNorm = 3.1118, lr_0 = 1.7383e-04
Loss = 1.0615e+00, PNorm = 112.8089, GNorm = 3.5223, lr_0 = 2.0898e-04
Loss = 8.5644e-01, PNorm = 112.8348, GNorm = 2.0897, lr_0 = 2.4414e-04
Loss = 8.4457e-01, PNorm = 112.8622, GNorm = 3.1086, lr_0 = 2.7930e-04
Loss = 7.5280e-01, PNorm = 112.8947, GNorm = 5.2491, lr_0 = 3.1445e-04
Loss = 7.6620e-01, PNorm = 112.9353, GNorm = 5.8229, lr_0 = 3.4961e-04
Loss = 8.3146e-01, PNorm = 112.9834, GNorm = 1.3922, lr_0 = 3.8477e-04
Loss = 7.1744e-01, PNorm = 113.0396, GNorm = 1.4753, lr_0 = 4.1992e-04
Loss = 6.7911e-01, PNorm = 113.0953, GNorm = 3.3379, lr_0 = 4.5508e-04
Loss = 6.4235e-01, PNorm = 113.1557, GNorm = 1.5296, lr_0 = 4.9023e-04
Loss = 6.0955e-01, PNorm = 113.2310, GNorm = 3.8300, lr_0 = 5.2539e-04
Validation rmse = 6.165802
Epoch 1
Loss = 4.8936e-01, PNorm = 113.3269, GNorm = 1.0025, lr_0 = 5.6406e-04
Loss = 6.8587e-01, PNorm = 113.4285, GNorm = 3.0928, lr_0 = 5.9922e-04
Loss = 6.6658e-01, PNorm = 113.5461, GNorm = 0.7218, lr_0 = 6.3438e-04
Loss = 6.2433e-01, PNorm = 113.6775, GNorm = 1.8273, lr_0 = 6.6953e-04
Loss = 6.2042e-01, PNorm = 113.8273, GNorm = 1.4275, lr_0 = 7.0469e-04
Loss = 5.8571e-01, PNorm = 114.0145, GNorm = 2.1118, lr_0 = 7.3984e-04
Loss = 7.1623e-01, PNorm = 114.2237, GNorm = 2.0102, lr_0 = 7.7500e-04
Loss = 7.0314e-01, PNorm = 114.4380, GNorm = 3.3233, lr_0 = 8.1016e-04
Loss = 5.6927e-01, PNorm = 114.6177, GNorm = 1.5323, lr_0 = 8.4531e-04
Loss = 4.8370e-01, PNorm = 114.8077, GNorm = 0.8526, lr_0 = 8.8047e-04
Loss = 5.9402e-01, PNorm = 115.0042, GNorm = 2.7384, lr_0 = 9.1562e-04
Loss = 5.4312e-01, PNorm = 115.2168, GNorm = 2.1154, lr_0 = 9.5078e-04
Loss = 5.8036e-01, PNorm = 115.3981, GNorm = 3.4363, lr_0 = 9.8594e-04
Validation rmse = 6.065197
Epoch 2
Loss = 6.6109e-01, PNorm = 115.5696, GNorm = 0.8468, lr_0 = 9.8438e-04
Loss = 4.8434e-01, PNorm = 115.7398, GNorm = 0.8966, lr_0 = 9.6249e-04
Loss = 4.2744e-01, PNorm = 115.8912, GNorm = 1.1931, lr_0 = 9.4109e-04
Loss = 5.6429e-01, PNorm = 116.0426, GNorm = 1.5656, lr_0 = 9.2017e-04
Loss = 5.7749e-01, PNorm = 116.2310, GNorm = 1.9856, lr_0 = 8.9971e-04
Loss = 4.6250e-01, PNorm = 116.3877, GNorm = 1.9105, lr_0 = 8.7970e-04
Loss = 3.7957e-01, PNorm = 116.5266, GNorm = 1.0267, lr_0 = 8.6014e-04
Loss = 4.5823e-01, PNorm = 116.6672, GNorm = 0.5717, lr_0 = 8.4102e-04
Loss = 4.6428e-01, PNorm = 116.7904, GNorm = 1.6406, lr_0 = 8.2232e-04
Loss = 3.8678e-01, PNorm = 116.9311, GNorm = 1.0943, lr_0 = 8.0403e-04
Loss = 3.5899e-01, PNorm = 117.0486, GNorm = 0.6033, lr_0 = 7.8615e-04
Loss = 3.8030e-01, PNorm = 117.1666, GNorm = 0.9306, lr_0 = 7.6867e-04
Loss = 3.5930e-01, PNorm = 117.2709, GNorm = 1.1020, lr_0 = 7.5158e-04
Validation rmse = 4.496146
Epoch 3
Loss = 2.9166e-01, PNorm = 117.3905, GNorm = 0.8464, lr_0 = 7.3322e-04
Loss = 4.1795e-01, PNorm = 117.5035, GNorm = 1.2333, lr_0 = 7.1692e-04
Loss = 3.3648e-01, PNorm = 117.6242, GNorm = 0.7631, lr_0 = 7.0098e-04
Loss = 2.9305e-01, PNorm = 117.7370, GNorm = 2.3179, lr_0 = 6.8539e-04
Loss = 3.7934e-01, PNorm = 117.8331, GNorm = 1.0084, lr_0 = 6.7015e-04
Loss = 3.0659e-01, PNorm = 117.9429, GNorm = 1.0035, lr_0 = 6.5525e-04
Loss = 3.1395e-01, PNorm = 118.0366, GNorm = 1.1399, lr_0 = 6.4068e-04
Loss = 2.8937e-01, PNorm = 118.1415, GNorm = 0.5762, lr_0 = 6.2643e-04
Loss = 2.8856e-01, PNorm = 118.2228, GNorm = 1.1979, lr_0 = 6.1250e-04
Loss = 2.4397e-01, PNorm = 118.2901, GNorm = 1.0593, lr_0 = 5.9889e-04
Loss = 2.0850e-01, PNorm = 118.3571, GNorm = 1.0758, lr_0 = 5.8557e-04
Loss = 2.5079e-01, PNorm = 118.4118, GNorm = 1.3552, lr_0 = 5.7255e-04
Loss = 2.8274e-01, PNorm = 118.4713, GNorm = 1.0566, lr_0 = 5.5982e-04
Validation rmse = 4.352780
Epoch 4
Loss = 2.2349e-01, PNorm = 118.5310, GNorm = 0.5308, lr_0 = 5.4737e-04
Loss = 2.9555e-01, PNorm = 118.6029, GNorm = 1.0549, lr_0 = 5.3520e-04
Loss = 2.3372e-01, PNorm = 118.6658, GNorm = 1.1728, lr_0 = 5.2330e-04
Loss = 2.5290e-01, PNorm = 118.7228, GNorm = 0.8324, lr_0 = 5.1166e-04
Loss = 2.1434e-01, PNorm = 118.7757, GNorm = 2.2937, lr_0 = 5.0029e-04
Loss = 2.4433e-01, PNorm = 118.8209, GNorm = 0.5159, lr_0 = 4.8916e-04
Loss = 2.0200e-01, PNorm = 118.8629, GNorm = 1.0262, lr_0 = 4.7829e-04
Loss = 2.2743e-01, PNorm = 118.9063, GNorm = 0.9455, lr_0 = 4.6765e-04
Loss = 2.3106e-01, PNorm = 118.9542, GNorm = 1.0469, lr_0 = 4.5725e-04
Loss = 1.9659e-01, PNorm = 119.0000, GNorm = 1.1513, lr_0 = 4.4709e-04
Loss = 2.5104e-01, PNorm = 119.0510, GNorm = 0.8733, lr_0 = 4.3714e-04
Loss = 2.2663e-01, PNorm = 119.0875, GNorm = 0.9726, lr_0 = 4.2742e-04
Loss = 2.5419e-01, PNorm = 119.1420, GNorm = 1.6477, lr_0 = 4.1792e-04
Validation rmse = 3.654457
Epoch 5
Loss = 2.1277e-01, PNorm = 119.2084, GNorm = 1.8158, lr_0 = 4.0771e-04
Loss = 2.0380e-01, PNorm = 119.2618, GNorm = 0.8809, lr_0 = 3.9864e-04
Loss = 2.0091e-01, PNorm = 119.3051, GNorm = 0.9134, lr_0 = 3.8978e-04
Loss = 2.1106e-01, PNorm = 119.3436, GNorm = 0.5896, lr_0 = 3.8111e-04
Loss = 1.7897e-01, PNorm = 119.3739, GNorm = 0.8804, lr_0 = 3.7264e-04
Loss = 1.6790e-01, PNorm = 119.4040, GNorm = 0.5903, lr_0 = 3.6435e-04
Loss = 1.9704e-01, PNorm = 119.4336, GNorm = 0.6554, lr_0 = 3.5625e-04
Loss = 1.8143e-01, PNorm = 119.4666, GNorm = 0.5133, lr_0 = 3.4833e-04
Loss = 1.9696e-01, PNorm = 119.4984, GNorm = 1.0661, lr_0 = 3.4059e-04
Loss = 1.6432e-01, PNorm = 119.5259, GNorm = 0.7110, lr_0 = 3.3301e-04
Loss = 1.5264e-01, PNorm = 119.5493, GNorm = 0.7873, lr_0 = 3.2561e-04
Loss = 1.7294e-01, PNorm = 119.5745, GNorm = 0.9627, lr_0 = 3.1837e-04
Validation rmse = 3.283003
Epoch 6
Loss = 1.4848e-01, PNorm = 119.6059, GNorm = 0.9483, lr_0 = 3.1059e-04
Loss = 1.8257e-01, PNorm = 119.6309, GNorm = 0.6603, lr_0 = 3.0368e-04
Loss = 1.6306e-01, PNorm = 119.6549, GNorm = 1.5020, lr_0 = 2.9693e-04
Loss = 1.4462e-01, PNorm = 119.6796, GNorm = 0.5641, lr_0 = 2.9033e-04
Loss = 1.9108e-01, PNorm = 119.7027, GNorm = 1.0997, lr_0 = 2.8387e-04
Loss = 1.3833e-01, PNorm = 119.7283, GNorm = 0.6746, lr_0 = 2.7756e-04
Loss = 1.2857e-01, PNorm = 119.7483, GNorm = 1.1691, lr_0 = 2.7139e-04
Loss = 1.5268e-01, PNorm = 119.7717, GNorm = 0.4705, lr_0 = 2.6536e-04
Loss = 1.7019e-01, PNorm = 119.7909, GNorm = 1.2562, lr_0 = 2.5946e-04
Loss = 1.3424e-01, PNorm = 119.8074, GNorm = 0.8575, lr_0 = 2.5369e-04
Loss = 1.5067e-01, PNorm = 119.8237, GNorm = 1.3794, lr_0 = 2.4805e-04
Loss = 1.5331e-01, PNorm = 119.8409, GNorm = 0.8030, lr_0 = 2.4253e-04
Loss = 1.5870e-01, PNorm = 119.8574, GNorm = 1.7200, lr_0 = 2.3714e-04
Validation rmse = 3.013379
Epoch 7
Loss = 1.3868e-01, PNorm = 119.8823, GNorm = 2.2401, lr_0 = 2.3134e-04
Loss = 1.5634e-01, PNorm = 119.9047, GNorm = 1.5890, lr_0 = 2.2620e-04
Loss = 1.7370e-01, PNorm = 119.9284, GNorm = 1.0560, lr_0 = 2.2117e-04
Loss = 1.5008e-01, PNorm = 119.9445, GNorm = 0.7139, lr_0 = 2.1625e-04
Loss = 1.3180e-01, PNorm = 119.9609, GNorm = 0.6363, lr_0 = 2.1144e-04
Loss = 1.1377e-01, PNorm = 119.9755, GNorm = 0.6346, lr_0 = 2.0674e-04
Loss = 1.1713e-01, PNorm = 119.9881, GNorm = 0.7975, lr_0 = 2.0215e-04
Loss = 1.2540e-01, PNorm = 119.9998, GNorm = 0.5191, lr_0 = 1.9765e-04
Loss = 1.3165e-01, PNorm = 120.0155, GNorm = 1.0563, lr_0 = 1.9326e-04
Loss = 1.5101e-01, PNorm = 120.0288, GNorm = 0.8380, lr_0 = 1.8896e-04
Loss = 1.1229e-01, PNorm = 120.0404, GNorm = 0.6621, lr_0 = 1.8476e-04
Loss = 1.1397e-01, PNorm = 120.0527, GNorm = 0.7705, lr_0 = 1.8065e-04
Loss = 1.6555e-01, PNorm = 120.0641, GNorm = 0.8932, lr_0 = 1.7663e-04
Validation rmse = 2.835004
Epoch 8
Loss = 1.2810e-01, PNorm = 120.0750, GNorm = 0.5978, lr_0 = 1.7270e-04
Loss = 1.1691e-01, PNorm = 120.0881, GNorm = 0.9583, lr_0 = 1.6886e-04
Loss = 1.2045e-01, PNorm = 120.1013, GNorm = 0.7144, lr_0 = 1.6511e-04
Loss = 1.1134e-01, PNorm = 120.1135, GNorm = 0.6439, lr_0 = 1.6144e-04
Loss = 1.4731e-01, PNorm = 120.1247, GNorm = 0.6146, lr_0 = 1.5785e-04
Loss = 1.1265e-01, PNorm = 120.1338, GNorm = 1.0168, lr_0 = 1.5434e-04
Loss = 1.3367e-01, PNorm = 120.1424, GNorm = 0.5412, lr_0 = 1.5091e-04
Loss = 1.4653e-01, PNorm = 120.1527, GNorm = 0.9924, lr_0 = 1.4755e-04
Loss = 1.2100e-01, PNorm = 120.1631, GNorm = 0.6490, lr_0 = 1.4427e-04
Loss = 1.1786e-01, PNorm = 120.1727, GNorm = 0.8081, lr_0 = 1.4106e-04
Loss = 1.1109e-01, PNorm = 120.1816, GNorm = 0.8812, lr_0 = 1.3793e-04
Loss = 1.0945e-01, PNorm = 120.1895, GNorm = 0.9383, lr_0 = 1.3486e-04
Loss = 1.0478e-01, PNorm = 120.1981, GNorm = 0.5615, lr_0 = 1.3186e-04
Validation rmse = 2.764132
Epoch 9
Loss = 1.0816e-01, PNorm = 120.2051, GNorm = 0.5252, lr_0 = 1.2864e-04
Loss = 1.0656e-01, PNorm = 120.2131, GNorm = 0.8218, lr_0 = 1.2578e-04
Loss = 1.0130e-01, PNorm = 120.2214, GNorm = 0.5391, lr_0 = 1.2298e-04
Loss = 1.1928e-01, PNorm = 120.2300, GNorm = 1.0367, lr_0 = 1.2025e-04
Loss = 1.2312e-01, PNorm = 120.2383, GNorm = 0.6648, lr_0 = 1.1757e-04
Loss = 9.9667e-02, PNorm = 120.2441, GNorm = 0.5117, lr_0 = 1.1496e-04
Loss = 1.2122e-01, PNorm = 120.2506, GNorm = 1.2526, lr_0 = 1.1240e-04
Loss = 1.0834e-01, PNorm = 120.2596, GNorm = 0.5801, lr_0 = 1.0990e-04
Loss = 1.0263e-01, PNorm = 120.2675, GNorm = 0.8601, lr_0 = 1.0746e-04
Loss = 1.0837e-01, PNorm = 120.2741, GNorm = 0.4508, lr_0 = 1.0507e-04
Loss = 1.1912e-01, PNorm = 120.2813, GNorm = 0.8139, lr_0 = 1.0274e-04
Loss = 1.1487e-01, PNorm = 120.2883, GNorm = 0.7011, lr_0 = 1.0045e-04
Loss = 9.4937e-02, PNorm = 120.2930, GNorm = 0.5366, lr_0 = 1.0000e-04
Validation rmse = 2.655704
Model 0 best validation rmse = 2.655704 on epoch 9
Loading pretrained parameter "encoder.encoder.0.cached_zero_vector".
Loading pretrained parameter "encoder.encoder.0.W_i.weight".
Loading pretrained parameter "encoder.encoder.0.W_h.weight".
Loading pretrained parameter "encoder.encoder.0.W_o.weight".
Loading pretrained parameter "encoder.encoder.0.W_o.bias".
Loading pretrained parameter "encoder.encoder.1.cached_zero_vector".
Loading pretrained parameter "encoder.encoder.1.W_i.weight".
Loading pretrained parameter "encoder.encoder.1.W_h.weight".
Loading pretrained parameter "encoder.encoder.1.W_o.weight".
Loading pretrained parameter "encoder.encoder.1.W_o.bias".
Loading pretrained parameter "ffn.1.weight".
Loading pretrained parameter "ffn.1.bias".
Loading pretrained parameter "ffn.4.weight".
Loading pretrained parameter "ffn.4.bias".
Loading pretrained parameter "ffn.7.weight".
Loading pretrained parameter "ffn.7.bias".
Model 0 test rmse = 12.527278
Ensemble test rmse = 2.548809
10-fold cross validation
	Seed 0 ==> test rmse = 2.572627
	Seed 1 ==> test rmse = 2.756129
	Seed 2 ==> test rmse = 2.798855
	Seed 3 ==> test rmse = 2.699394
	Seed 4 ==> test rmse = 2.780285
	Seed 5 ==> test rmse = 2.670326
	Seed 6 ==> test rmse = 2.882225
	Seed 7 ==> test rmse = 2.672944
	Seed 8 ==> test rmse = 2.769861
	Seed 9 ==> test rmse = 2.548809
Overall test rmse = 2.715145 +/- 0.097906
Elapsed time = 2 days, 2:47:30
